location,location_normalized,username,date,rating,text,text_en,business_response,source,filename
Khabar Lyubavich Or Avner,Or Avner Khabad,Нахэм Вагнэр,2022-07-02,5,"Очень хорошее место, рекомендую.",,,2GIS,2gis-khabar-2.html
Tsentral'naya Permskaya Sinagoga,Tsentral'naya Permskaya Sinagoga,Михаил Мясников,2022-11-02,3,"И храм, и бизнес

В 1870-е годы на улице Екатерининской, 116 уже находился деревянный молельный дом еврейской общины. В 1912 году Городской Управой был рассмотрен и одобрен проект на постройку, взамен деревянного, каменного здания синагоги. Один из вариантов проекта составлен чертежно-строительным бюро В.Е. Гладких, другой проект, соответствующий построенному зданию, не подписан. Здание синагоги двухэтажное, вытянуто вглубь участка. Главный фасад состоит из двух частей: основной, имеющей в свою очередь трехчастное деление – центр со щипцом и два фланкирующих ризалита, и пониженного объема с лестничной клеткой, расположенного в восточной части фасада. Купола, когда-то венчавшие ризалиты, утрачены. При внешней простоте, здание производит впечатление строгой торжественности. В ноябре 1929 года синагога была закрыта, а здание передано Пермскому Театру Рабочей Молодёжи. Позже здесь размещались различные организации, такие как Энергосбыт, Пермский научный центр УрО АН СССР и др. В 1993 г. здание возвращено верующим. Правда, часть помещений сдается в аренду коммерческим организациям.
Передний фасад синагоги неплохо отремонтирован, всё прилично, но со двора здание выглядит удручающе. Если не знать, что это религиозное сооружение, можно подумать, что это какой-то полузаброшенный склад.
Нехорошо это, не по-божески...",,,Google Maps,google-synagogue.html
Tsentral'naya Permskaya Sinagoga,Tsentral'naya Permskaya Sinagoga,Ульяна Заря,2019-11-03,5,"I visited the synagogue by chance. The staff were very friendly and offered matzah. They gave me a short tour. There was no pomp, just simple and welcoming.",,,Google Maps,google-synagogue.html
Tsentral'naya Permskaya Sinagoga,Tsentral'naya Permskaya Sinagoga,Вероника Субботина,2019-11-03,5,"I was with a tour guide. They told me a lot about the Jewish faith, its history, their customs and holidays, about fasts, now they live in 5780, they have a different calendar of life, and the book of the Jews is called Tori and it is read from back to front.",,,Google Maps,google-synagogue.html
Tsentral'naya Permskaya Sinagoga,Tsentral'naya Permskaya Sinagoga,Владимир Бабенко,2021-11-02,5,There is a great crayfish factory nearby. I haven't been to the synagogue.,,,Google Maps,google-synagogue.html
Tsentral'naya Permskaya Sinagoga,Tsentral'naya Permskaya Sinagoga,Леонид Клейнер,2020-11-02,5,A holy place! People are always separated from God only by a covered head.,,,Google Maps,google-synagogue.html
Tsentral'naya Permskaya Sinagoga,Tsentral'naya Permskaya Sinagoga,Евгений Шутов,2017-11-03,5,An ascetically beautiful old building.,,,Google Maps,google-synagogue.html
Tsentral'naya Permskaya Sinagoga,Tsentral'naya Permskaya Sinagoga,Roma Ian M. Seltser-Selskii,2020-11-02,5,Friendly,,,Google Maps,google-synagogue.html
Tsentral'naya Permskaya Sinagoga,Tsentral'naya Permskaya Sinagoga,Alex Tretyakov,2017-11-03,5,Top-notch Synagogue!!! I recommend it to everyone!!!,,,Google Maps,google-synagogue.html
Tsentral'naya Permskaya Sinagoga,Tsentral'naya Permskaya Sinagoga,Юрий Семенов,2021-11-02,3,🤐 …,,,Google Maps,google-synagogue.html
ProBeauty,ProBeauty,Тая Шитоева,2022-12-25,5,"Замечательное место. Ухожу довольной, спасибо Татьяне за её труд. Рекомендую",,,2GIS,2gis-probeauty.html
Иудейское религиозное общество,Tsentral'naya Permskaya Sinagoga,Mikhail Myasnikov,2022-10-15,3,"И храм, и бизнес

В 1870-е годы на улице Екатерининской, 116 уже находился деревянный молельный дом еврейской общины. В 1912 году Городской Управой был рассмотрен и одобрен проект на постройку, взамен деревянного, каменного здания синагоги. Один из вариантов проекта составлен чертежно-строительным бюро В.Е. Гладких, другой проект, соответствующий построенному зданию, не подписан. Здание синагоги двухэтажное, вытянуто вглубь участка. Главный фасад состоит из двух частей: основной, имеющей в свою очередь трехчастное деление – центр со щипцом и два фланкирующих ризалита, и пониженного объема с лестничной клеткой, расположенного в восточной части фасада. Купола, когда-то венчавшие ризалиты, утрачены. При внешней простоте, здание производит впечатление строгой торжественности. В ноябре 1929 года синагога была закрыта, а здание передано Пермскому Театру Рабочей Молодёжи. Позже здесь размещались различные организации, такие как Энергосбыт, Пермский научный центр УрО АН СССР и др. В 1993 г. здание возвращено верующим. Правда, часть помещений сдается в аренду коммерческим организациям.
Передний фасад синагоги неплохо отремонтирован, всё прилично, но со двора здание выглядит удручающе. Если не знать, что это религиозное сооружение, можно подумать, что это какой-то полузаброшенный склад.
Нехорошо это, не по-божески...",,,2GIS,2gis-synagogue-2.html
"Khabar Lyubavich Or Avner, Yevreyskiy Obshchinnyy Tsentr",Or Avner Khabad,Levi Deutch,2020-11-02,5,Хорошие люди с доброй душой,,,Google Maps,google-khabar.html
"Khabar Lyubavich Or Avner, Yevreyskiy Obshchinnyy Tsentr",Or Avner Khabad,Никита Колесников,2021-11-02,5,best place.,,,Google Maps,google-khabar.html
"Khabar Lyubavich Or Avner, Yevreyskiy Obshchinnyy Tsentr",Or Avner Khabad,Zalman Deutch,2020-11-02,5,Помогают,,,Google Maps,google-khabar.html
Twins,Twins,Светлана Бельмас,2025-02-15,5,"Очень вежливый персонал, высокое качество, всё четко по расписанию, удобные коеслла, место в центре города. Рекомендую.",,,2GIS,2gis-twins.html
Twins,Twins,Анастасия Салтыкова,2024-04-27,5,"Очень хороший салон. Чудесные администраторы, мастера все профессионалы своего дела. Комфортные кресла, лежать очень удобно. Советую всем !!",,,2GIS,2gis-twins.html
Twins,Twins,Яна Семенцова,2024-04-23,5,"Все очень понравилось, персонал 5/5, ресницы получились очень аккуратными, я в восторге! Вернусь еще!",,,2GIS,2gis-twins.html
Twins,Twins,Роман Брагин,2023-08-09,5,"Сходил на брови , все устроило впринципе, приняли с приветливо , даже тапки купили и конфетами накормили",,,2GIS,2gis-twins.html
Twins,Twins,Мария Юсуфкулова,2023-07-31,5,"Не первый год наращиваю ресницы,качество и скорость на высоте!!! Посоветовала многим друзьям и клиентам",,,2GIS,2gis-twins.html
Twins,Twins,Ольга Козырева,2022-09-11,5,"Отличные специалисты!!!
Ресницы держатся 1,5 месяца и это не предел!!!👍",,,2GIS,2gis-twins.html
Twins,Twins,Anna Klabukova,2022-04-23,5,"Качественно, отличный подход к клиенту, приятные мастера, реснички держатся долго!",,,2GIS,2gis-twins.html
Twins,Twins,Яна Северухина,2021-12-27,5,"Хороший салон. Уютная и комфортная атмосфера, компетентные мастера. Рекомендую!",,,2GIS,2gis-twins.html
Twins,Twins,Алёна Накоскина,2021-12-21,5,"Все нравится,: работа мастера(делают то, что просишь, ручки у мастера нежные), уютно, чисто, клиентоориентированность полная. Хожу с удовольствием.",,,2GIS,2gis-twins.html
Twins,Twins,Нелли Черепанова,2021-12-04,5,"Наращивала ресницы у Анастасии, сделала отлично! Салон приятный, вежливый администратор!",,,2GIS,2gis-twins.html
Twins,Twins,Юлия Семенова,2021-07-10,5,Классно и быстро нарастили реснички по доступной цене=),,,2GIS,2gis-twins.html
Twins,Twins,Юля Патракова,2021-06-18,5,"Доброго дня !)
Благодарю салон Twins и мастера Эльвиру за качественно проделанную работу !))",,,2GIS,2gis-twins.html
Twins,Twins,Елена Микрюкова,2021-06-16,5,Отличный салон и самый лучший мастер по ресничкам Эля❤️ только к ней и только сюда❤️,,,2GIS,2gis-twins.html
Twins,Twins,Ольга Черепанова,2021-06-13,5,"Спасибо большое, получилось очень красиво! Все супер! Рекомендую всем.",,,2GIS,2gis-twins.html
Twins,Twins,Светлана Успенская,2021-05-21,5,Отличный подход к клиенту. Профессионализм на высоте!,,,2GIS,2gis-twins.html
Twins,Twins,Ольга Годзула,2020-09-15,5,"Добрый день!
Реснички делаю только здесь!
Работают профессионалы. Отзывчивые и понимающие. Всем советую!!!",,,2GIS,2gis-twins.html
Twins,Twins,Оксана Заитова,2020-08-02,5,Девочки настоящие профессионалы. Я пользуюсь их услугами много лет. Очень комфортный салон и всегда тёплый приём.,,,2GIS,2gis-twins.html
Twins,Twins,Татьяна Борцова,2020-07-26,5,"Отличный салон, всё очень понравилось!!! Очень уютно и душевно) Приятный отдых с пользой для себя.",,,2GIS,2gis-twins.html
Twins,Twins,Надежда Машкова,2020-07-24,5,Всё очень понравилось. Девочки все очень приветливые. Мне очень понравилось их шикарное кресло. Приду обязательно попробовать их услугу в 6 рук.,,,2GIS,2gis-twins.html
Twins,Twins,Лана Лана,2020-03-05,5,Делаю свои прекрасные реснички только здесь!!! Отличное качество!,,,2GIS,2gis-twins.html
PokeRamen,PokeRamen,Anil Kocak,2025-08-03,5,"The most delicious Ramen i have ever tried. Every single ingredient; duck, pickles, mushrooms, eggs also the broth were very tasty.",,,Google Maps,google-poke.html
PokeRamen,PokeRamen,Лиза,a month ago,5,"A wide selection of dishes. The portions are always large.

The dishes include a lot of fish. The waiters are polite, as is the entire staff. I recommend it! I think everyone will love it!",,,Google Maps,google-poke.html
PokeRamen,PokeRamen,Светлана Мерзлякова,2025-08-03,2,"I love kimchi, I order here together with sushi, they promised delivery in an hour or less, in the end I waited more than an hour and a half. I understand, if the order was made on Friday or on the weekend, it would still be understandable, but on weekdays it’s somehow too much. If there are any delays, you can call and warn.",,,Google Maps,google-poke.html
PokeRamen,PokeRamen,Оля Школина,2022-11-02,5,"Very tasty. Excellent poke with tuna and salmon (I liked it even better with it). All the ingredients are fresh, the avocado was a little hard, but everything else was 5. Delicious fruit tea, very nice surroundings to match the atmosphere …",,,Google Maps,google-poke.html
PokeRamen,PokeRamen,Михаил Мясников,2025-08-03,4,"Asia in the Perm courtyard.
I'll tell you honestly - I've passed by a hundred times, and a hundred times I didn't bother to turn my head into the courtyard of house 33 on Kuibyshev. And it …",,,Google Maps,google-poke.html
PokeRamen,PokeRamen,Artemida Poll,a year ago,5,"We were lucky, we got inside very quickly. The food is very tasty and the portion is so big you can eat it. Very atmospheric place, we will definitely come back!",,,Google Maps,google-poke.html
PokeRamen,PokeRamen,Кирилл Мясников,2024-12-06,5,"I picked it up from Solovyov, atmospheric place, cool friendly staff, left charged with positive, the soup did not disappoint, hot and filling, just right in such weather!))",,,Google Maps,google-poke.html
PokeRamen,PokeRamen,Ольга,2025-04-05,5,"We absolutely love going there!
The food is excellent – ​​beautifully presented and sooooo delicious! Yeah, you often have to wait, but that doesn't spoil the experience at all! It's a small …",,,Google Maps,google-poke.html
PokeRamen,PokeRamen,Халил Сангинов,a month ago,5,A wonderful and secluded place in the city center. I tried the creamy ramen and blue cheese mussels. I was pleasantly surprised by the taste. The waiters were polite and helpful. I recommend it to everyone.,,,Google Maps,google-poke.html
PokeRamen,PokeRamen,рена камалтдинова,a month ago,5,"My favorite Asian cuisine in Perm ❤️ The portions are large, the selection is interesting, you can bring your cats and dogs, they even give you treats 😁 The staff is polite and very attentive! …",,,Google Maps,google-poke.html
PokeRamen,PokeRamen,Света Шелест,2022-11-02,5,"The most delicious tom yum in town is made here! Delicious, fast, high-quality, and inexpensive! The staff and service are top-notch! I definitely recommend it 🤘 …",,,Google Maps,google-poke.html
PokeRamen,PokeRamen,Катерина Кравцова,2022-11-02,5,"I love this place so much. They have probably the best tom yum in town. With a huge amount of seafood and a nice spicy (but not too spicy) taste. And my five-year-old daughter is a fan of their shrimp and mango poke. The menu also has pho bo and ramen variations, mochi and wonderful dim sums.",,,Google Maps,google-poke.html
PokeRamen,PokeRamen,Светлана Петрова,2025-04-05,3,"The quality of the food has definitely deteriorated, unfortunately((( When Pokeraman first opened, it was the most delicious and rich Tom Yam in the city, I only ordered food there. Over time and with the promotion of the place, the food …",,,Google Maps,google-poke.html
PokeRamen,PokeRamen,Данил Мерзляков,a year ago,5,"I was there recently after cosmetic repairs. Pleasant atmosphere, polite staff, delicious food - that's definitely about this establishment! I recommend it to both Perm residents and guests of the regional capital!",,,Google Maps,google-poke.html
PokeRamen,PokeRamen,Helen Fadeeva,2025-06-04,5,"Such a cool place, but how is it open until 9:30 PM on Friday and Saturday weekends?????
That's crazy....😭😭😭🥵 …",,,Google Maps,google-poke.html
PokeRamen,PokeRamen,Poul Menschenin,2025-04-05,1,"It gets worse with each visit. The soup was cold, but when we reheated it, it was simply awful. The wonton was completely burnt and dry. The waitress didn't offer a replacement or even a dessert as an apology. It's a shame they treated a guest like that.",,,Google Maps,google-poke.html
PokeRamen,PokeRamen,Юлия Валиева,a year ago,1,"We often order delivery and come to eat ourselves. Today we ordered delivery at 11:00, the food they sent was not the freshest😩 it feels like the evening leftovers (fruit drink has a stale smell, the fish is weathered, the mussels have sauce that is impossible to eat ((I am very disappointed in you. …",,,Google Maps,google-poke.html
PokeRamen,PokeRamen,Виктор Липатов,2022-11-02,5,"Great place, the most delicious tom yum in the city) The best seats are on the chairs along the kitchen) I recommend visiting!",,,Google Maps,google-poke.html
PokeRamen,PokeRamen,Наталья Дулепинских,2025-07-04,5,"We liked everything very much, delicious food, polite staff, we will come again 😉 👍👍👍👍 …",,,Google Maps,google-poke.html
PokeRamen,PokeRamen,Евгений Селянин,2025-07-04,1,"Having paid for the order online, I had to wait 35 minutes, and when I got home I realized that the order had not been fully assembled.",,,Google Maps,google-poke.html
PokeRamen,PokeRamen,Денис Симанов,2023-11-02,1,"I was very disappointed with my last visit! Four of us and our 8-month-old baby decided to stop in for a bite to eat! We were prepared for the wait, no problem—the weather was nice—and waited 40 minutes! After ordering, we waited a loooong …",,,Google Maps,google-poke.html
PokeRamen,PokeRamen,Алексей Осетров,a year ago,1,"Dismissive attitude towards customers. They seated us (my pregnant wife, my 2-year-old son, and me) on two high chairs. But they refused to move us to a table that became available three minutes after we supposedly sat down. ""Well, you guys …",,,Google Maps,google-poke.html
PokeRamen,PokeRamen,Александра,a year ago,5,"We ordered delivery, our favorite curry ramen. The place has very tasty dishes, but the delivery was a letdown. The soup did not have the declared mushrooms, there were no mushrooms at all. Of the seafood, one shrimp, divided in half, two …",,,Google Maps,google-poke.html
PokeRamen,PokeRamen,Ольга Коротаева,a year ago,1,"Unfortunately, the quality of the food has deteriorated greatly. I ordered poke and tom yum for delivery. The tom yum was very salty, it was impossible to eat. The poke had a huge amount of ginger (I don't know why it was there at all) and …",,,Google Maps,google-poke.html
PokeRamen,PokeRamen,Julia Turbina,2023-11-02,1,"I don't know what's so popular about this place, it's way overrated for me. The first time I ate Tom Yum was on the advice of friends, other places had much tastier food and better service. I gave it a second chance and came for lunch. I …",,,Google Maps,google-poke.html
PokeRamen,PokeRamen,Виктория Ткачева,2023-11-02,1,"We came from Rostov-on-Don, Perm residents recommended this place. They warned us that there was a line. We came and stood in line. It was pouring rain outside, naturally guests do not come out, even if they have finished eating. We waited …",,,Google Maps,google-poke.html
PokeRamen,PokeRamen,Анна Дедкова,2023-11-02,5,"I really liked the food. The seafood ramen was delicious. We took it with us just in case we couldn't eat it all at once and sat outside. No one kicked us out, we were welcomed very warmly, all the waiters were kind and helpful, thank you very much! We got only pleasant emotions.",,,Google Maps,google-poke.html
PokeRamen,PokeRamen,Артём Ерёмин,2023-11-02,1,"Didn't live up to expectations. Incorrectly warned about the wait time instead of 20 minutes, waited almost 40 minutes, careless attitude and incorrect behavior from the administrator. The manager did not notice the negative in the …",,,Google Maps,google-poke.html
PokeRamen,PokeRamen,Рьюга Хидеки,a year ago,1,"If you remember this place as one of the most delicious Asian eateries in Perm, forget it. I ordered two poke bowls (which we used to love), duck dim sum, and mochi. The only thing you can tell from the delicious mochi is that this is the …",,,Google Maps,google-poke.html
PokeRamen,PokeRamen,стас михайлов,2025-01-05,1,"Hello, it’s definitely not for everybody, you sit like in a tin can, there’s very little space, the food is okay, half of it you can eat, but the second half of the menu is not edible, the prices are out of this world, maybe someone likes it that way too, I just wrote that I don’t like it that much.",,,Google Maps,google-poke.html
PokeRamen,PokeRamen,"Анна Филатьева .Толмачёва, Кондратова.",2022-11-02,5,"Very tasty
Large portions
Pleasant staff",,,Google Maps,google-poke.html
PokeRamen,PokeRamen,Аполлинария Белкина,2022-11-02,5,"Cool bistro with its own atmosphere. Real cats who love their business. If you like Asian cuisine - this is the place for you. I really like the interior style, especially in the new place. All the little things are taken into account - …",,,Google Maps,google-poke.html
PokeRamen,PokeRamen,Алексей Бондаренко,a year ago,5,"Beautiful place, beautiful delicious food, friendly staff, I really liked everything!",,,Google Maps,google-poke.html
PokeRamen,PokeRamen,Victoria Lisitsyna,2025-02-04,5,"Atmospheric establishment with very tasty food. The establishment is small, so there are not always free seats. I will definitely come back here again",,,Google Maps,google-poke.html
PokeRamen,PokeRamen,Анна Найдёнова,2022-11-02,5,"The interior is wow, the staff is wow, the food is wow. In general, everything is super. The only thing I didn't like was the white sauce in the poke. It seemed to me that it covered the taste of the rice, and the other sauce, and the …",,,Google Maps,google-poke.html
PokeRamen,PokeRamen,Marina Soloveva,2023-11-02,5,"This is simply the best Asian restaurant in the world! Have you ever moaned while eating rolls? I did!!! It's so delicious that words can't describe it... If you don't believe it, just try it and you'll be shocked, really!",,,Google Maps,google-poke.html
PokeRamen,PokeRamen,Михаил Витвицкий,2022-11-02,5,"One of the best places in the city! Service 5+, food 5+, cleanliness 5+! Prices are reasonable (nothing out of the ordinary, 700-900 rubles per person). Guys, owners, if you are reading this review - Thank you very much, I hope the quality will be at the same level for many years!",,,Google Maps,google-poke.html
PokeRamen,PokeRamen,Maksim Nechaev,a year ago,5,"The atmosphere at this place is fantastic. The waiters are bold and talkative. It's nice when staff aren't afraid to recommend something. And the food, of course, is beyond reproach.",,,Google Maps,google-poke.html
PokeRamen,PokeRamen,Григорий Фотин,a year ago,5,"Very tasty, spicy. I recommend it to everyone!",,,Google Maps,google-poke.html
PokeRamen,PokeRamen,Кира,2023-11-02,5,"Great place, beautiful and beautiful)",,,Google Maps,google-poke.html
PokeRamen,PokeRamen,Саша Пономарева,a year ago,1,"Terrible quality of noodles and rolls, previously a favorite delivery, I don't know what happened, maybe the cooks or the person who buys the products changed, vegetables with a moldy taste, fish in Philadelphia without taste and strange consistency (at a considerable price)",,,Google Maps,google-poke.html
PokeRamen,PokeRamen,_ rezzzy _,2024-12-06,5,We ordered Tom Yum noodles and curry ramen for delivery. Everything was delicious!,,,Google Maps,google-poke.html
PokeRamen,PokeRamen,Bark at nothing,2022-11-02,5,"Favorite place in Perm. Of all the Asian cuisine cafes I've been to, this was the most delicious. Beautiful design, nice waitresses. And there's a swing in the yard, you can swing)",,,Google Maps,google-poke.html
PokeRamen,PokeRamen,Uridhd Ehjeudud,2025-08-03,5,It was very tasty 😋 …,,,Google Maps,google-poke.html
PokeRamen,PokeRamen,Павел Костарев,2022-11-02,5,"Everything is very tasty, there is little space, it is not comfortable to sit. With such a check, I would like more space. But the delicious food compensated for everything, so 5 points and respect 👍👍👍 …",,,Google Maps,google-poke.html
PokeRamen,PokeRamen,Андрей Токарев,a year ago,5,"The best Tom Yum in the city!
Favorite establishment in Perm, excellent service, stylish interior, attentive and friendly staff!
Definitely recommend",,,Google Maps,google-poke.html
PokeRamen,PokeRamen,Александр Казанцев,2021-11-02,5,What do you mean 4.8 rating?!?!? This place deserves a rating of 10000000!!!! Insanely delicious! The atmosphere is always top notch. I want to come back again and again!!! 🔥🔥🔥 …,,,Google Maps,google-poke.html
PokeRamen,PokeRamen,ANDREY KIRILYUK,2023-11-02,4,"Everything is delicious, the atmosphere is wonderful, the only downside is the wait, we waited 40 minutes for a free table outside",,,Google Maps,google-poke.html
PokeRamen,PokeRamen,Имя Фамилия,a year ago,5,"A wonderful, atmospheric place. Large portions, nice service. I will come back about a hundred thousand times ❤️",,,Google Maps,google-poke.html
PokeRamen,PokeRamen,Dead Gateway,2021-11-02,5,Nice place with delicious food. Polite waiters and good music. Inexpensive and filling. I'll be back more often.,,,Google Maps,google-poke.html
PokeRamen,PokeRamen,Кок_65,2025-08-03,5,They cook quickly and deliciously.,,,Google Maps,google-poke.html
PokeRamen,PokeRamen,Anton Lyzin,2024-12-06,5,"I ordered it for delivery, it was delivered on time, very tasty and filling.",,,Google Maps,google-poke.html
PokeRamen,PokeRamen,Ксения Дробинина,a year ago,5,"I was with friends in this place the other day, good atmosphere and very tasty food... We'll come again)",,,Google Maps,google-poke.html
PokeRamen,PokeRamen,Chest767,2023-11-02,2,"Very long wait in line, waiters are important, orders are not taken quickly, the establishment has deteriorated, they only promote delivery and atmosphere",,,Google Maps,google-poke.html
PokeRamen,PokeRamen,Вадик Валик,2024-12-06,5,"Thank you very much, everything arrived quickly. I really like your lunches.",,,Google Maps,google-poke.html
PokeRamen,PokeRamen,Татьяна Зверева,2022-11-02,5,"Very tasty, the staff is super. The place is of course small! When fully seated it is not comfortable!",,,Google Maps,google-poke.html
PokeRamen,PokeRamen,Александр Нода,2022-11-02,5,"Tasty food, takeaway. Tom yum is very spicy, poke is very filling. Eel is especially good. Recommended",,,Google Maps,google-poke.html
PokeRamen,PokeRamen,Abstract Memories,2024-12-06,5,Cool and delicious 😋 we really liked it …,,,Google Maps,google-poke.html
PokeRamen,PokeRamen,Vladislava Pavlyuchenko,a year ago,5,My favorite place to order rolls. Always fresh fish.,,,Google Maps,google-poke.html
PokeRamen,PokeRamen,Дмитрий Кубариков,2022-11-02,5,"A wonderful place with incredibly delicious cuisine and pleasant, friendly staff! I highly recommend it to lovers of Asian cuisine!))",,,Google Maps,google-poke.html
PokeRamen,PokeRamen,Natalia Kotelnikova,2021-11-02,5,"A place with great taste. The Tom Yum Ramen and Kuksi are divine, and the portions are generous. I highly recommend it :)",,,Google Maps,google-poke.html
PokeRamen,PokeRamen,Денис Попов,2022-11-02,5,"Very tasty, the spicy pork soup is just right, but the portions are huge, I am physically unable to eat that much 👍 …",,,Google Maps,google-poke.html
PokeRamen,PokeRamen,Дмитрий Молокотин,2021-11-02,5,"Great place!🥢🦐
The most delicious tom yum in the city.
Personally verified😉 …",,,Google Maps,google-poke.html
PokeRamen,PokeRamen,Григорий Ефременко,a year ago,5,"Great place, reasonable prices and very tasty food!",,,Google Maps,google-poke.html
PokeRamen,PokeRamen,Ксения Рубцова,2023-11-02,5,"Incredibly delicious food, especially if you like Asian cuisine, the downside is that there is not enough space",,,Google Maps,google-poke.html
PokeRamen,PokeRamen,Алексей Артамонов,2022-11-02,5,"A wonderful place, filling, delicious, wonderful!
The business lunches are simply amazing.",,,Google Maps,google-poke.html
PokeRamen,PokeRamen,лариса крышталь,2022-11-02,5,"Well, it's sooooo delicious!!! Friendly staff, super chefs and everything is really delicious!!! I recommend!!!👏👏👏👏👏👏👏👏❤👍 …",,,Google Maps,google-poke.html
PokeRamen,PokeRamen,Максим Мельников,2021-11-02,5,"Excellent cuisine, excellent service, a pleasant cozy place, everything seems to be sincere there.",,,Google Maps,google-poke.html
PokeRamen,PokeRamen,Елена Степанова,2021-11-02,5,Please become more visible! Because in my opinion this place has the best pho in town :),,,Google Maps,google-poke.html
PokeRamen,PokeRamen,Yana Krivtsova (Yana),2022-11-02,5,"The best Tom Yum in town 👌

We updated the menu, come and try it 🤌 …",,,Google Maps,google-poke.html
PokeRamen,PokeRamen,Степан Жуков,2022-11-02,5,"The best ramen on the planet, I need to take a girl on a date)",,,Google Maps,google-poke.html
PokeRamen,PokeRamen,Михаил Миронов,2024-12-06,5,A wonderful authentic place with delicious food,,,Google Maps,google-poke.html
PokeRamen,PokeRamen,Кирилл Мерзляков,2022-11-02,5,"Interesting place, they bring the order quickly, it's delicious)",,,Google Maps,google-poke.html
PokeRamen,PokeRamen,Владислав Крылов,2023-11-02,3,Tom Yan without ginger and lemongrass is not very good..,,,Google Maps,google-poke.html
PokeRamen,PokeRamen,Sergey Anufriev,2022-11-02,5,"Excellent cuisine, great staff and cool chefs",,,Google Maps,google-poke.html
PokeRamen,PokeRamen,Lyudmila Slutskikh,2022-11-02,5,"Tasty food, large portions. Prepared quite quickly.",,,Google Maps,google-poke.html
PokeRamen,PokeRamen,Sheldan,a year ago,5,The best thing that can happen to you is lunch/dinner at PokerMan),,,Google Maps,google-poke.html
PokeRamen,PokeRamen,Александр Макаров,2022-11-02,5,"This is a very tasty place, you have to go and try everything!)",,,Google Maps,google-poke.html
PokeRamen,PokeRamen,Анатолий Баранов,2022-11-02,5,"Delicious! Large portions.
Hospitable!",,,Google Maps,google-poke.html
PokeRamen,PokeRamen,Natalya Rudakova,2022-11-02,5,Very tasty and heartwarming. Thank you.,,,Google Maps,google-poke.html
PokeRamen,PokeRamen,Svetlov Perm,2022-11-02,5,"The portions are huge, everything is very tasty.",,,Google Maps,google-poke.html
PokeRamen,PokeRamen,Ирина Худорожкова,a year ago,5,The best tom yam in Perm,,,Google Maps,google-poke.html
PokeRamen,PokeRamen,Nick Alenin,2022-11-02,5,Great place. Unbelievably delicious.,,,Google Maps,google-poke.html
PokeRamen,PokeRamen,Мария Попова,2022-11-02,5,Simply fire. Definitely recommend! Gun! Bomb! Fire!,,,Google Maps,google-poke.html
PokeRamen,PokeRamen,Alexey Kiselev,2022-11-02,5,Excellent tom yum and poke!,,,Google Maps,google-poke.html
PokeRamen,PokeRamen,TOPCHIK_METRO,a year ago,5,Very tasty food,,,Google Maps,google-poke.html
PokeRamen,PokeRamen,Валерий Сухин,2022-11-02,5,Everything is fire.,,,Google Maps,google-poke.html
PokeRamen,PokeRamen,Дмитрий Красильников,2022-11-02,5,If Poke or ramen then here,,,Google Maps,google-poke.html
PokeRamen,PokeRamen,Алексей Исаков,2022-11-02,5,"Delicious, plentiful, interesting",,,Google Maps,google-poke.html
PokeRamen,PokeRamen,Julia G,a year ago,1,Disgustingly tasteless food!!!!,,,Google Maps,google-poke.html
PokeRamen,PokeRamen,Юлия Полякова,2022-11-02,5,The best ramen in Perm!,,,Google Maps,google-poke.html
PokeRamen,PokeRamen,zab4ik #35,2022-11-02,5,Taste buds are delighted!,,,Google Maps,google-poke.html
PokeRamen,PokeRamen,Анна Гурко,2022-11-02,5,Tasty and filling,,,Google Maps,google-poke.html
PokeRamen,PokeRamen,Егор,a year ago,5,Good place,,,Google Maps,google-poke.html
PokeRamen,PokeRamen,Lev Yakushev,2022-11-02,5,Perfect,,,Google Maps,google-poke.html
PokeRamen,PokeRamen,Denis Pestrjakovs,2022-11-02,5,Large portions👍 …,,,Google Maps,google-poke.html
"Ryumochnaya ""Paradnaya""",Ryumochnaya Paradnaya,Алина аа,2025-10-18,5,"A true discovery and a favorite spot!

This place has an amazing ability to lift your spirits. You want to come back …",,,Google Maps,google-ryumochnaya.html
"Ryumochnaya ""Paradnaya""",Ryumochnaya Paradnaya,Catherine Keller,2025-10-11,1,"Yesterday, the three of us came to the bar. I've been there BEFORE. My friends haven't. I brought them, primarily, for the atmosphere and photos. A young man met us and asked for our passports. We were all adults, but one of us was 19. The …",,,Google Maps,google-ryumochnaya.html
"Ryumochnaya ""Paradnaya""",Ryumochnaya Paradnaya,Milana Devi,a year ago,5,"came here after a terrible experience at the boards. really liked it, the bartenders are sweet, we told them what flavor we wanted and they mixed us delicious cocktails, everyone is very friendly, the places outside are heated, we asked the …",,,Google Maps,google-ryumochnaya.html
"Ryumochnaya ""Paradnaya""",Ryumochnaya Paradnaya,Alexej Junusov,2025-05-05,5,"The most sincere and atmospheric place, when I came to drink rum with them, they told me about 5 types, their history of origin, what country they are from and how long they infused, I tried absolutely everything …",,,Google Maps,google-ryumochnaya.html
"Ryumochnaya ""Paradnaya""",Ryumochnaya Paradnaya,Artur Avetisyan,2023-11-02,3,"It may be fashionable, stylish, alcoholic,... But for a very long time.... (((. The bartender is handsome, he fixed everything that was possible, and that which was also impossible... Respect to him... It’s only because of him that you can visit this establishment!... And I’ll probably come again))...",,,Google Maps,google-ryumochnaya.html
"Ryumochnaya ""Paradnaya""",Ryumochnaya Paradnaya,Alena Polygalova,a year ago,1,The rude attitude of the staff is not pleasing. Kindergarten. I will not return again,,,Google Maps,google-ryumochnaya.html
"Ryumochnaya ""Paradnaya""",Ryumochnaya Paradnaya,Виктория Тарасенко,2022-11-02,5,"Very beautiful, cozy, stylish, modern",,,Google Maps,google-ryumochnaya.html
"Ryumochnaya ""Paradnaya""",Ryumochnaya Paradnaya,Даниил Пермь,2023-11-02,5,"Cool, stylish, alcoholic",,,Google Maps,google-ryumochnaya.html
"25 Октября, 43 · улица Краснова, 8",Or Avner Khabad,Polina IV,2024-08-02,1,"Посмотрела фильм Хабад - обыкновенный фашизм. Если эти сверх люди думаю о других, что их души из рвоты и 💩 пусть катятся на свою великую землю. Пермяки, вы почему молчите?!!!! Давно пора обыск провести в этой помойке, закрыть и запретить это по всей России.",,,2GIS,2gis-khabar.html
"25 Октября, 43 · улица Краснова, 8",Or Avner Khabad,IL NUR,2024-08-01,1,! ?!?!?!?!?!?!!!,,,2GIS,2gis-khabar.html
"25 Октября, 43 · улица Краснова, 8",Or Avner Khabad,An Bor,2023-05-06,1,Секта сект,,,2GIS,2gis-khabar.html
CDEK,CDEK,Алексей Третьяков,2021-11-02,1,"A damaged shipment was delivered, and even though it was insured for full value, they refused to cover the damage, citing the fact that it wasn't wrapped in bubble wrap. They don't care that the bubble wrap wouldn't have protected the …",,,Google Maps,google-cdek.html
CDEK,CDEK,vadim4831,2023-11-02,1,"Today I went to pick up my parcel at the Perm pickup point, Yekaterininskaya 116, and found a HERD! This has never happened before; everything is always fast and efficient. I pay 400 rubles for delivery instead of 300 precisely so there …",,,Google Maps,google-cdek.html
CDEK,CDEK,Елена Галинова,a year ago,5,"The best point, polite girls and fast service. Thank you",,,Google Maps,google-cdek.html
CDEK,CDEK,ЛСР Пермь,a year ago,5,"Вежливый персонал, быстрое обслуживание",,,Google Maps,google-cdek.html
Vrmuse,CDEK,Максим Карташёв,2024-10-09,5,Помогли починить очки. Посоветовали хорошее крепление. Дали другие хорошие советы. Взяли недорого. Хороший сервис. Мастер Коля. Все хорошо. Спасибо!,,,2GIS,2gis-vrmuse.html
Pokeramen,PokeRamen,Людмила А,2025-10-31,5,"Отличное место, люблю сюда ходить и заказывать здесь еду. Если том ям то только здесь, самый вкусный в городе.",,,2GIS,2gis-poke.html
Pokeramen,PokeRamen,Гость от «нетмонет»,2025-10-27,5,"Все очень вкусно, хороший, милый и очень горячий официант 🥵.",,,2GIS,2gis-poke.html
Pokeramen,PokeRamen,Гость от «нетмонет»,2025-10-26,5,Скорость обслуживания .,,,2GIS,2gis-poke.html
Pokeramen,PokeRamen,Гость от «нетмонет»,2025-10-25,5,Большое спасибо за обслуживание и вкусный обед!,,,2GIS,2gis-poke.html
Pokeramen,PokeRamen,Гость от «нетмонет»,2025-10-25,5,Вы просто солнышко ☀️ .,,,2GIS,2gis-poke.html
Pokeramen,PokeRamen,Гость от «нетмонет»,2025-10-24,5,Спасибо Адилю ❤️.,,,2GIS,2gis-poke.html
Pokeramen,PokeRamen,Гость от «нетмонет»,2025-10-24,5,"Затрудняюсь ответить, т.к. была впервые))) Но всё очень хорошо. Спасибо)))",,,2GIS,2gis-poke.html
Pokeramen,PokeRamen,Гость от «нетмонет»,2025-10-22,5,"Отзывчивость, официант всегда приходил в самый нужный момент .",,,2GIS,2gis-poke.html
Pokeramen,PokeRamen,Гость от «нетмонет»,2025-10-22,5,Спасибо за хороший сервис и вкусную еду. 😋,,,2GIS,2gis-poke.html
Pokeramen,PokeRamen,Гость от «нетмонет»,2025-10-21,5,"Все очень вкусно, обслуживание быстрое и комфортное, девочки умнички",,,2GIS,2gis-poke.html
Pokeramen,PokeRamen,Гость от «нетмонет»,2025-10-21,5,"Все очень вкусно,обслуживание на высоте .",,,2GIS,2gis-poke.html
Pokeramen,PokeRamen,Гость от «нетмонет»,2025-10-20,5,"Приятное общение, быстрое обслуживание!",,,2GIS,2gis-poke.html
Pokeramen,PokeRamen,Гость от «нетмонет»,2025-10-17,5,Обаяние и желание помочь.,,,2GIS,2gis-poke.html
Pokeramen,PokeRamen,Гость от «нетмонет»,2025-10-17,5,"Скорость подачи блюд, внимательность персонала.",,,2GIS,2gis-poke.html
Pokeramen,PokeRamen,Анастасия Златина,2025-10-17,5,Ну это место должен знать каждый 🫶🏻,,,2GIS,2gis-poke.html
Pokeramen,PokeRamen,Гость от «нетмонет»,2025-10-17,5,Рекомендации егора супер!,,,2GIS,2gis-poke.html
Pokeramen,PokeRamen,Гость от «нетмонет»,2025-10-17,5,Все ребята работают дружно!,,,2GIS,2gis-poke.html
Pokeramen,PokeRamen,Гость от «нетмонет»,2025-10-16,5,Милый мальчик! Всё хорошо.,,,2GIS,2gis-poke.html
Pokeramen,PokeRamen,Гость от «нетмонет»,2025-10-14,5,Как всегда всё и все отлично!,,,2GIS,2gis-poke.html
Pokeramen,PokeRamen,Гость от «нетмонет»,2025-10-14,5,"Быстрая работа, клиентоооринтированность и в целом очень приятная девушка. Ей определенно нужна премия, как и всему чудесному персоналу!!!",,,2GIS,2gis-poke.html
Pokeramen,PokeRamen,Ангелина Махотина,2025-10-13,5,"Это просто шикарно😍 Интерьер, еда, персонал🥰",,,2GIS,2gis-poke.html
Pokeramen,PokeRamen,Гость от «нетмонет»,2025-10-13,5,"Приятный персонал , вкусная еда",,,2GIS,2gis-poke.html
Pokeramen,PokeRamen,Гость от «нетмонет»,2025-10-13,5,Атмосфера. Вкусная еда. Приятное обслуживание.,,,2GIS,2gis-poke.html
Pokeramen,PokeRamen,Гость от «нетмонет»,2025-10-13,5,мамаа роди меня червем.,,,2GIS,2gis-poke.html
Pokeramen,PokeRamen,Гость от «нетмонет»,2025-10-12,5,Катя мать лучше всех :),,,2GIS,2gis-poke.html
Pokeramen,PokeRamen,Гость от «нетмонет»,2025-10-12,5,"Спасибо за обслуживание, вы очень милая",,,2GIS,2gis-poke.html
Pokeramen,PokeRamen,Гость от «нетмонет»,2025-10-12,5,Было вкусно.,,,2GIS,2gis-poke.html
Pokeramen,PokeRamen,Гость от «нетмонет»,2025-10-11,5,"вы очень милая и приятная,очень вкусно вкусно,спасибо❤️❤️❤️ и еще очень красивая,макияж бомба❤️❤️🫶🏻",,,2GIS,2gis-poke.html
Pokeramen,PokeRamen,Гость от «нетмонет»,2025-10-11,3,"Принесли десерт раньше основного блюда.
Забыли принести воды и кружку ребенку.
Хотелось бы в детском меню заменять пюре на картошку фри",,,2GIS,2gis-poke.html
Pokeramen,PokeRamen,Гость от «нетмонет»,2025-10-11,5,Абсолютно все .,,,2GIS,2gis-poke.html
Pokeramen,PokeRamen,Гость от «нетмонет»,2025-10-11,5,Спасибо.,,,2GIS,2gis-poke.html
Pokeramen,PokeRamen,Гость от «нетмонет»,2025-10-10,5,Надежда.,,,2GIS,2gis-poke.html
Pokeramen,PokeRamen,Гость от «нетмонет»,2025-10-10,5,Рамен с кинзой = Армен .,,,2GIS,2gis-poke.html
Pokeramen,PokeRamen,Гость от «нетмонет»,2025-10-09,5,Обстановка.,,,2GIS,2gis-poke.html
Pokeramen,PokeRamen,Гость от «нетмонет»,2025-10-06,5,Огурцы мои огурцы 🥒.,,,2GIS,2gis-poke.html
Pokeramen,PokeRamen,Гость от «нетмонет»,2025-10-04,5,очень вкусно ваще эщкере официант красава .,,,2GIS,2gis-poke.html
Pokeramen,PokeRamen,Гость от «нетмонет»,2025-10-04,5,Очень хорошее обслуживание),,,2GIS,2gis-poke.html
Pokeramen,PokeRamen,Гость от «нетмонет»,2025-10-04,5,"Атмосфера, приятно было посидеть, будем приходить ещё",,,2GIS,2gis-poke.html
Pokeramen,PokeRamen,Гость от «нетмонет»,2025-10-04,5,Комфортное обслуживание.,,,2GIS,2gis-poke.html
Pokeramen,PokeRamen,Гость от «нетмонет»,2025-10-03,5,"Вежливость, качество сервиса, скорость обслуживания",,,2GIS,2gis-poke.html
Pokeramen,PokeRamen,Гость от «нетмонет»,2025-10-03,5,Егор Милаш в обслуживании.,,,2GIS,2gis-poke.html
Pokeramen,PokeRamen,Гость от «нетмонет»,2025-10-03,5,Скорость подачи блюд.,,,2GIS,2gis-poke.html
Pokeramen,PokeRamen,Гость от «нетмонет»,2025-10-03,5,Вкусные моти и ланч! Приятный молодой человек .,,,2GIS,2gis-poke.html
Pokeramen,PokeRamen,Гость от «нетмонет»,2025-10-02,5,Всё очень вкусно. И подача быстрая .,,,2GIS,2gis-poke.html
Pokeramen,PokeRamen,Гость от «нетмонет»,2025-10-01,5,Спасибо за внимание и заботу о младшем госте ❤.,,,2GIS,2gis-poke.html
Pokeramen,PokeRamen,Гость от «нетмонет»,2025-09-30,5,на светлое будущее в море море 🌊 .,,,2GIS,2gis-poke.html
Pokeramen,PokeRamen,Гость от «нетмонет»,2025-09-30,5,"Милый голос, приятное обслуживание.",,,2GIS,2gis-poke.html
Pokeramen,PokeRamen,Гость от «нетмонет»,2025-09-29,5,Вкус блюд невероятный!,,,2GIS,2gis-poke.html
Pokeramen,PokeRamen,Гость от «нетмонет»,2025-09-28,5,"Моти лучшие, что я пробовала .",,,2GIS,2gis-poke.html
Pokeramen,PokeRamen,Эдуардо,2025-09-27,5,Раньше был вкусный том ям. Приветливое обслуживание. Внесены корректировки. Не посещаю больше.,,,2GIS,2gis-poke.html
Pokeramen,PokeRamen,Гость от «нетмонет»,2025-09-26,5,Ананасы кимчи.,,,2GIS,2gis-poke.html
Pokeramen,PokeRamen,Гость от «нетмонет»,2025-09-25,5,"Всё кайф. Хотелось бы новые вкусы моти, лимонный или апельсиновый, кислый короче говоря",,,2GIS,2gis-poke.html
Pokeramen,PokeRamen,Гость от «нетмонет»,2025-09-25,5,"Ничего не удивило, это и радует",,,2GIS,2gis-poke.html
Pokeramen,PokeRamen,Гость от «нетмонет»,2025-09-25,5,Очень милая девушка☺️.,,,2GIS,2gis-poke.html
Pokeramen,PokeRamen,Гость от «нетмонет»,2025-09-25,5,Восхитительная и чуткая официантка 🥹 .,,,2GIS,2gis-poke.html
Pokeramen,PokeRamen,Гость от «нетмонет»,2025-09-25,5,Атмосфера. Скорость подачи блюд.,,,2GIS,2gis-poke.html
Pokeramen,PokeRamen,Гость от «нетмонет»,2025-09-22,5,"секси бой, хочу от него детей.",,,2GIS,2gis-poke.html
Pokeramen,PokeRamen,Гость от «нетмонет»,2025-09-21,5,Мухи упавшие в том ям 😂.,,,2GIS,2gis-poke.html
Pokeramen,PokeRamen,Гость от «нетмонет»,2025-09-20,5,Все потрясающе.,,,2GIS,2gis-poke.html
Pokeramen,PokeRamen,Гость от «нетмонет»,2025-09-20,5,Надя умничка. Спасибо!,,,2GIS,2gis-poke.html
Pokeramen,PokeRamen,Гость от «нетмонет»,2025-09-18,5,Самый классный официант💔.,,,2GIS,2gis-poke.html
Pokeramen,PokeRamen,Гость от «нетмонет»,2025-09-18,5,Очень вкусно! Спасибо за ваш труд!,,,2GIS,2gis-poke.html
Pokeramen,PokeRamen,Гость от «нетмонет»,2025-09-18,5,утя до жути зая люблю тебя я катя самбука.,,,2GIS,2gis-poke.html
Pokeramen,PokeRamen,Гость от «нетмонет»,2025-09-18,5,Радушный прием),,,2GIS,2gis-poke.html
Pokeramen,PokeRamen,Гость от «нетмонет»,2025-09-18,5,Стиль общения. Такой прикольный.,,,2GIS,2gis-poke.html
Pokeramen,PokeRamen,Гость от «нетмонет»,2025-09-17,5,"Всё супер, как всегда!",,,2GIS,2gis-poke.html
Pokeramen,PokeRamen,Гость от «нетмонет»,2025-09-17,5,Капибара над кухней.,,,2GIS,2gis-poke.html
Pokeramen,PokeRamen,Гость от «нетмонет»,2025-09-17,5,Наличие свободных мест.,,,2GIS,2gis-poke.html
Pokeramen,PokeRamen,Гость от «нетмонет»,2025-09-17,5,"Топ атмосфера, скорость обслуживания!",,,2GIS,2gis-poke.html
Pokeramen,PokeRamen,Гость от «нетмонет»,2025-09-16,5,Алина ваще супер пупер.,,,2GIS,2gis-poke.html
Pokeramen,PokeRamen,Гость от «нетмонет»,2025-09-16,5,все вау.,,,2GIS,2gis-poke.html
Pokeramen,PokeRamen,Ольга,2025-09-16,5,"Очень вкусно, народ активно посещает это место. Советую, стоит своих денег. Подача очень приличная, посуда тоже впечатлила. Пять твёрдая!",,,2GIS,2gis-poke.html
Pokeramen,PokeRamen,Гость от «нетмонет»,2025-09-14,5,Сергей классный.,,,2GIS,2gis-poke.html
Pokeramen,PokeRamen,Гость от «нетмонет»,2025-09-14,5,вежливо и быстро.,,,2GIS,2gis-poke.html
Pokeramen,PokeRamen,Гость от «нетмонет»,2025-09-14,5,Вежливый персонал .,,,2GIS,2gis-poke.html
Pokeramen,PokeRamen,Гость от «нетмонет»,2025-09-13,5,"Быстро и качественно работает, приятная девушка)",,,2GIS,2gis-poke.html
Pokeramen,PokeRamen,Гость от «нетмонет»,2025-09-12,5,Всё было чудесно!,,,2GIS,2gis-poke.html
Pokeramen,PokeRamen,Гость от «нетмонет»,2025-09-10,5,Спасибо большое за вашу внимательность.,,,2GIS,2gis-poke.html
Pokeramen,PokeRamen,Гость от «нетмонет»,2025-09-08,5,Приятная и доброжелательная официантка.,,,2GIS,2gis-poke.html
Pokeramen,PokeRamen,Гость от «нетмонет»,2025-09-07,5,Вкуснооооо ! 😋👍,,,2GIS,2gis-poke.html
Pokeramen,PokeRamen,Гость от «нетмонет»,2025-09-07,5,"Внимательность, мы привереды, Сергей всё учёл.",,,2GIS,2gis-poke.html
Pokeramen,PokeRamen,Гость от «нетмонет»,2025-09-07,5,"Мы приехали с ХМАО ради вашей вкусной еды , спасибо большое , желаем вам расти и оставаться такими прекрасными .",,,2GIS,2gis-poke.html
Pokeramen,PokeRamen,Гость от «нетмонет»,2025-09-06,5,"лучший официант, руки его целовала!!",,,2GIS,2gis-poke.html
Pokeramen,PokeRamen,Гость от «нетмонет»,2025-09-06,5,Обслуживание и вкусная еда .,,,2GIS,2gis-poke.html
Pokeramen,PokeRamen,Гость от «нетмонет»,2025-09-06,5,Все меню .,,,2GIS,2gis-poke.html
Pokeramen,PokeRamen,Максим Варичев,2025-09-06,5,Правильное место! Вкуснейший рамен!,,,2GIS,2gis-poke.html
Pokeramen,PokeRamen,Гость от «нетмонет»,2025-09-06,5,Моти просто бомба.,,,2GIS,2gis-poke.html
Pokeramen,PokeRamen,Гость от «нетмонет»,2025-09-05,5,"Очень вежливый официант, спасибо ❣️",,,2GIS,2gis-poke.html
Pokeramen,PokeRamen,Гость от «нетмонет»,2025-09-05,5,"Дружелюбная, общительная и помогла упаковать то, что не доели, спасибо!",,,2GIS,2gis-poke.html
Pokeramen,PokeRamen,Гость от «нетмонет»,2025-09-05,5,"девушка супер милая, помогла с выбором блюд, супер атмосфера, особенно понравились десерты",,,2GIS,2gis-poke.html
Pokeramen,PokeRamen,Евгений Юрьев,2025-09-05,5,"Вкусная еда, и как будто переносишься в Китай",,,2GIS,2gis-poke.html
Pokeramen,PokeRamen,Гость от «нетмонет»,2025-09-03,5,Всё бомба.,,,2GIS,2gis-poke.html
Pokeramen,PokeRamen,Гость от «нетмонет»,2025-09-02,5,Крутой официант Сергей 🫰🏻😃😨😨😨❤️.,,,2GIS,2gis-poke.html
Pokeramen,PokeRamen,Гость от «нетмонет»,2025-09-02,5,"Внимательность, внешность",,,2GIS,2gis-poke.html
Pokeramen,PokeRamen,Гость от «нетмонет»,2025-09-02,5,Теплота.,,,2GIS,2gis-poke.html
Pokeramen,PokeRamen,Гость от «нетмонет»,2025-09-01,5,ты крутой 😋.,,,2GIS,2gis-poke.html
Pokeramen,PokeRamen,Гость от «нетмонет»,2025-09-01,5,WW 10 of 10.,,,2GIS,2gis-poke.html
Pokeramen,PokeRamen,Гость от «нетмонет»,2025-09-01,5,Сергей- супер!!! Спасибо!,,,2GIS,2gis-poke.html
Pokeramen,PokeRamen,Гость от «нетмонет»,2025-09-01,5,"Сергей супер, молодец !",,,2GIS,2gis-poke.html
Pokeramen,PokeRamen,Гость от «нетмонет»,2025-08-31,5,"Я в Перми полтора часа и лучше этого места думаю уже не найду, Спасибули )",,,2GIS,2gis-poke.html
Pokeramen,PokeRamen,Гость от «нетмонет»,2025-08-31,5,Всё вкусно. Спасибо большое .,,,2GIS,2gis-poke.html
Pokeramen,PokeRamen,Гость от «нетмонет»,2025-08-31,5,"очень приятный официант, захотелось вернуться .",,,2GIS,2gis-poke.html
Pokeramen,PokeRamen,Гость от «нетмонет»,2025-08-30,5,ты супер.,,,2GIS,2gis-poke.html
Pokeramen,PokeRamen,Гость от «нетмонет»,2025-08-29,5,Все крутяк.,,,2GIS,2gis-poke.html
Pokeramen,PokeRamen,Гость от «нетмонет»,2025-08-28,5,вообще все супер пупер.,,,2GIS,2gis-poke.html
Pokeramen,PokeRamen,Гость от «нетмонет»,2025-08-28,5,спасибо!,,,2GIS,2gis-poke.html
Pokeramen,PokeRamen,Гость от «нетмонет»,2025-08-28,5,очень милая девушка и прекрасное заведение. спасибо большое за хорошо и вкусно проведённое время😍😘❤️.,,,2GIS,2gis-poke.html
Pokeramen,PokeRamen,Гость от «нетмонет»,2025-08-28,5,"прекрасная атмосфера, прекрасный персонал, отличная еда и вкус. Всё прекрасно, рям мечта😍",,,2GIS,2gis-poke.html
Pokeramen,PokeRamen,Гость от «нетмонет»,2025-08-27,5,"Сергей, один из лучших официантов, который встречался мне в жизни, отзывчивый, добрый и очень вежливый. Выдайте ему премию за наилучшую работу :)",,,2GIS,2gis-poke.html
Pokeramen,PokeRamen,Гость от «нетмонет»,2025-08-27,5,Супер милый персонал. Вкусная еда. Отдельная благодарность Сергею за отличную атмосферу и обслуживание.,,,2GIS,2gis-poke.html
Pokeramen,PokeRamen,Гость от «нетмонет»,2025-08-27,5,Очень доброе и вежливое общение Сергея .,,,2GIS,2gis-poke.html
Pokeramen,PokeRamen,Гость от «нетмонет»,2025-08-27,5,официант секси🫰🏻.,,,2GIS,2gis-poke.html
Pokeramen,PokeRamen,Гость от «нетмонет»,2025-08-27,5,"Очень вежливый молодой человек, быстро и качественно выполняет свою работу, комфортно было общаться с ним, спасибо ему большое!",,,2GIS,2gis-poke.html
Pokeramen,PokeRamen,Евгений Пятов,2025-08-26,5,Супер место!,,,2GIS,2gis-poke.html
Pokeramen,PokeRamen,Гость от «нетмонет»,2025-08-26,5,Скорость выдачи заказа.,,,2GIS,2gis-poke.html
Pokeramen,PokeRamen,Гость от «нетмонет»,2025-08-25,5,Забота официантов.,,,2GIS,2gis-poke.html
Pokeramen,PokeRamen,Гость от «нетмонет»,2025-08-25,5,Отличный официант!!!!!!!!!!!,,,2GIS,2gis-poke.html
Pokeramen,PokeRamen,Гость от «нетмонет»,2025-08-25,5,"Довольно вежливый персонал, заинтересованный в помощи выбора блюд, отзывчивость. Короче нормальный мэн",,,2GIS,2gis-poke.html
Pokeramen,PokeRamen,Гость от «нетмонет»,2025-08-25,5,"Очень вежливый, приятный человек
«Мотьки» офигительные",,,2GIS,2gis-poke.html
Pokeramen,PokeRamen,Гость от «нетмонет»,2025-08-24,5,"Надя принесла нам тряпку, когда мы пролили суп. Спасибо ей большое!!!",,,2GIS,2gis-poke.html
Pokeramen,PokeRamen,Гость от «нетмонет»,2025-08-24,5,Интерьер классный. Хихи-хаха. Когда в кино?,,,2GIS,2gis-poke.html
Pokeramen,PokeRamen,Гость от «нетмонет»,2025-08-23,5,Очень вкусно.,,,2GIS,2gis-poke.html
Pokeramen,PokeRamen,Гость от «нетмонет»,2025-08-23,5,"Официанта еще не добавили, это за счет ее",,,2GIS,2gis-poke.html
Pokeramen,PokeRamen,Гость от «нетмонет»,2025-08-23,5,"Учтивый, быстрый, позитивный и старательный.",,,2GIS,2gis-poke.html
Pokeramen,PokeRamen,Гость от «нетмонет»,2025-08-23,5,Полный slaaaay.,,,2GIS,2gis-poke.html
Pokeramen,PokeRamen,Гость от «нетмонет»,2025-08-23,5,"лучший официант в мире!! люблю его!!!! вежливый, все сделал быстро по фэншую!!! я падаю в ноги",,,2GIS,2gis-poke.html
Pokeramen,PokeRamen,Гость от «нетмонет»,2025-08-22,5,"Замечательное обслуживание, вежливый официант,вкусная и сытная еда ,приятная атмосфера",,,2GIS,2gis-poke.html
Pokeramen,PokeRamen,Гость от «нетмонет»,2025-08-22,5,Нам все очень понравилось. Спасибо,,,2GIS,2gis-poke.html
Pokeramen,PokeRamen,Гость от «нетмонет»,2025-08-22,5,очень крутой мальчик.,,,2GIS,2gis-poke.html
Pokeramen,PokeRamen,Гость от «нетмонет»,2025-08-21,5,Интересные факты .,,,2GIS,2gis-poke.html
Pokeramen,PokeRamen,Гость от «нетмонет»,2025-08-21,5,"Меня сводила жена, мне было все хорошо 😃😃.",,,2GIS,2gis-poke.html
Pokeramen,PokeRamen,Гость от «нетмонет»,2025-08-20,5,"Вежливость, скорость",,,2GIS,2gis-poke.html
Pokeramen,PokeRamen,Гость от «нетмонет»,2025-08-20,5,забавная девчушка),,,2GIS,2gis-poke.html
Pokeramen,PokeRamen,Гость от «нетмонет»,2025-08-19,5,Чизкейк именинница подарили)))),,,2GIS,2gis-poke.html
Pokeramen,PokeRamen,Гость от «нетмонет»,2025-08-19,5,Все очень вкусно. Обслуживание супер. Есения молодец.,,,2GIS,2gis-poke.html
Pokeramen,PokeRamen,Гость от «нетмонет»,2025-08-19,5,Вкусный том-ям,,,2GIS,2gis-poke.html
Pokeramen,PokeRamen,Гость от «нетмонет»,2025-08-19,5,Очень приятное обслуживание.,,,2GIS,2gis-poke.html
Pokeramen,PokeRamen,Гость от «нетмонет»,2025-08-18,5,Фисташковый моти),,,2GIS,2gis-poke.html
Pokeramen,PokeRamen,Гость от «нетмонет»,2025-08-18,5,Очень приятная Карина!,,,2GIS,2gis-poke.html
Pokeramen,PokeRamen,Гость от «нетмонет»,2025-08-17,5,"Ничего не удивило, все как всегда приятно .",,,2GIS,2gis-poke.html
Pokeramen,PokeRamen,Гость от «нетмонет»,2025-08-17,5,Чуткость и вежливость.,,,2GIS,2gis-poke.html
Pokeramen,PokeRamen,Гость от «нетмонет»,2025-08-15,5,"официанты прекрасные, очень позитивные",,,2GIS,2gis-poke.html
Pokeramen,PokeRamen,Гость от «нетмонет»,2025-08-15,5,"Он похож на Дмитрия Матвеева из битвы сильнейших. Позовите Олега Швепса, пожалуйста.",,,2GIS,2gis-poke.html
Pokeramen,PokeRamen,Гость от «нетмонет»,2025-08-15,5,"Острота супа, качество обслуживания, вежливость официанта, все понравилось обязательно приду ещё.",,,2GIS,2gis-poke.html
Pokeramen,PokeRamen,Гость от «нетмонет»,2025-08-15,5,"Очень вежливый персонал,все было вкусно",,,2GIS,2gis-poke.html
Pokeramen,PokeRamen,Гость от «нетмонет»,2025-08-15,5,Ким Чи супер и рамен.,,,2GIS,2gis-poke.html
Pokeramen,PokeRamen,Гость от «нетмонет»,2025-08-14,5,Все было супер и вкусно .,,,2GIS,2gis-poke.html
Pokeramen,PokeRamen,Гость от «нетмонет»,2025-08-14,5,Спасибо за работу и заботу!,,,2GIS,2gis-poke.html
Pokeramen,PokeRamen,Гость от «нетмонет»,2025-08-14,5,"Всё как обычно вкусно! Обожаю вас, котятки! 😻",,,2GIS,2gis-poke.html
Pokeramen,PokeRamen,Городской житель,2025-08-13,5,Это просто бомба ❤️💣❤️,,,2GIS,2gis-poke.html
Pokeramen,PokeRamen,Гость от «нетмонет»,2025-08-13,5,Серёжа на высоте как всегда:),,,2GIS,2gis-poke.html
Pokeramen,PokeRamen,Гость от «нетмонет»,2025-08-12,5,"девушка очень милая, обслуживание быстрое
еда супер вкусная 🫂.",,,2GIS,2gis-poke.html
Pokeramen,PokeRamen,Гость от «нетмонет»,2025-08-12,5,Красивая девушка.,,,2GIS,2gis-poke.html
Pokeramen,PokeRamen,Гость от «нетмонет»,2025-08-12,5,Умница .,,,2GIS,2gis-poke.html
Pokeramen,PokeRamen,Гость от «нетмонет»,2025-08-12,5,"Все вкусно, как всегда.",,,2GIS,2gis-poke.html
Pokeramen,PokeRamen,Гость от «нетмонет»,2025-08-12,5,Очень милая 🥰.,,,2GIS,2gis-poke.html
Pokeramen,PokeRamen,Гость от «нетмонет»,2025-08-11,5,Все было прекрасно! Спасибо!,,,2GIS,2gis-poke.html
Pokeramen,PokeRamen,Гость от «нетмонет»,2025-08-10,5,"очень понравилась официант алина, прекрасная девушка!!",,,2GIS,2gis-poke.html
Pokeramen,PokeRamen,Гость от «нетмонет»,2025-08-10,5,Очень вежливый и милый официант <3 😊.,,,2GIS,2gis-poke.html
Pokeramen,PokeRamen,Гость от «нетмонет»,2025-08-10,5,Абсолют синема.,,,2GIS,2gis-poke.html
Pokeramen,PokeRamen,Гость от «нетмонет»,2025-08-10,5,Все на высоте!,,,2GIS,2gis-poke.html
Pokeramen,PokeRamen,Гость от «нетмонет»,2025-08-09,5,Милая девушка. Мы приходили с собакой - сделала небольшой подарок.,,,2GIS,2gis-poke.html
Pokeramen,PokeRamen,Гость от «нетмонет»,2025-08-09,5,"Быстрое и вежливое обслуживание, несмотря на погодные условия .",,,2GIS,2gis-poke.html
Pokeramen,PokeRamen,Гость от «нетмонет»,2025-08-09,5,"Очень вкусно, все соусы, начинки, шоколады готовят сами! Отличный сервис и обстановка!",,,2GIS,2gis-poke.html
Pokeramen,PokeRamen,Гость от «нетмонет»,2025-08-09,5,"Супер официант, вкусная еда",,,2GIS,2gis-poke.html
Pokeramen,PokeRamen,Гость от «нетмонет»,2025-08-08,5,атмосфера.,,,2GIS,2gis-poke.html
Pokeramen,PokeRamen,Гость от «нетмонет»,2025-08-07,5,Очень приветливый и дружелюбный молодой человек:),,,2GIS,2gis-poke.html
Pokeramen,PokeRamen,Гость от «нетмонет»,2025-08-06,5,"Красота этой молодой и активной девушки невероятна. Энергия, эмоции, приятный ласковый тон общения. Что мне добавили в еду? 10/10",,,2GIS,2gis-poke.html
Pokeramen,PokeRamen,Гость от «нетмонет»,2025-08-06,5,Заботливое отношение .,,,2GIS,2gis-poke.html
Pokeramen,PokeRamen,Гость от «нетмонет»,2025-08-06,5,Атмосфер и дружелюбность.,,,2GIS,2gis-poke.html
Pokeramen,PokeRamen,Гость от «нетмонет»,2025-08-06,5,*Дарье.,,,2GIS,2gis-poke.html
Pokeramen,PokeRamen,Гость от «нетмонет»,2025-08-05,5,"очень вкусная лапша и моти, девушка карина очень милая ❤️‍🩹.",,,2GIS,2gis-poke.html
Pokeramen,PokeRamen,Гость от «нетмонет»,2025-08-05,5,"Милейшая девушка, вкусная еда, интересная подача блюд",,,2GIS,2gis-poke.html
Pokeramen,PokeRamen,Гость от «нетмонет»,2025-08-04,3,Чего такой кислый),,,2GIS,2gis-poke.html
Pokeramen,PokeRamen,Гость от «нетмонет»,2025-08-03,5,Для Надюшечки все что угодно.,,,2GIS,2gis-poke.html
Pokeramen,PokeRamen,Гость от «нетмонет»,2025-08-03,5,вы очень милая!! (неудивительно для фанатки наны хихихи),,,2GIS,2gis-poke.html
Pokeramen,PokeRamen,Гость от «нетмонет»,2025-08-03,5,Софе от Карина на баклажаны с томатами на ужин❤️.,,,2GIS,2gis-poke.html
Pokeramen,PokeRamen,Гость от «нетмонет»,2025-08-02,5,"Спасибо Вам большое, приходим уже второй раз, и каждый заказываем большую порцию!! Не можем остановиться)) и очень красивый интерьер💜💚",,,2GIS,2gis-poke.html
Pokeramen,PokeRamen,Гость от «нетмонет»,2025-08-02,5,"Вкусно, вкусно, вкусно....",,,2GIS,2gis-poke.html
Pokeramen,PokeRamen,Гость от «нетмонет»,2025-08-01,5,Очень вкусно 🤤 .,,,2GIS,2gis-poke.html
Pokeramen,PokeRamen,Ирина Борисова,2025-08-01,5,Интересное местечко с приятным обслуживанием и отличной кухней!,,,2GIS,2gis-poke.html
Pokeramen,PokeRamen,Гость от «нетмонет»,2025-07-31,5,очень добрая и милая девушка 🫶🏻.,,,2GIS,2gis-poke.html
Pokeramen,PokeRamen,Гость от «нетмонет»,2025-07-31,5,Вежливость.,,,2GIS,2gis-poke.html
Pokeramen,PokeRamen,Гость от «нетмонет»,2025-07-31,5,"Екатерина хорошо нас встретила и проводила.
Респект Катя ☺",,,2GIS,2gis-poke.html
Pokeramen,PokeRamen,Гость от «нетмонет»,2025-07-31,5,"Обслужила быстро и вежливо, сложила с собой еду",,,2GIS,2gis-poke.html
Pokeramen,PokeRamen,Гость от «нетмонет»,2025-07-31,5,"Дала пледы на железные сидения, вкусняшки собакам и воду, обслужила вежливо и быстро",,,2GIS,2gis-poke.html
Pokeramen,PokeRamen,Evgeniy Solodjuk,2025-07-30,5,Очень вкусно. Очень атмосферно.,,,2GIS,2gis-poke.html
Pokeramen,PokeRamen,Никита Зубов,2025-07-30,5,"Уютное место с вкусными разнообразными блюдами, порции большие и сытные.",,,2GIS,2gis-poke.html
Pokeramen,PokeRamen,Гость от «нетмонет»,2025-07-30,5,"Отличное заведение, все было вкусно. Отдача блюд быстрая ,все супер)",,,2GIS,2gis-poke.html
Pokeramen,PokeRamen,Гость от «нетмонет»,2025-07-29,5,"Карина, спасибо вам огромное, вы очень милая, я надеюсь, что вам осталось немного накопить на отпуск и вы сможете отдохнуть ♥️.",,,2GIS,2gis-poke.html
Pokeramen,PokeRamen,Гость от «нетмонет»,2025-07-29,5,"Вкусная еда, быстрая подача блюд, позитивные и вежливые официанты.
Спасибо!!",,,2GIS,2gis-poke.html
Pokeramen,PokeRamen,Гость от «нетмонет»,2025-07-29,5,"Очень внимательная, отзывчивая, улыбчивая
Очень грамотное обслуживание.",,,2GIS,2gis-poke.html
Pokeramen,PokeRamen,Гость от «нетмонет»,2025-07-29,5,обстановка и обслуживание .,,,2GIS,2gis-poke.html
Pokeramen,PokeRamen,Гость от «нетмонет»,2025-07-29,5,Вежливость .,,,2GIS,2gis-poke.html
Pokeramen,PokeRamen,Гость от «нетмонет»,2025-07-29,5,"Очень приятное обслуживание, внимательные официанты и вкусная еда, советую! всем добра!)",,,2GIS,2gis-poke.html
Pokeramen,PokeRamen,Гость от «нетмонет»,2025-07-29,5,"очень добрый молодой человек, приятен в общении",,,2GIS,2gis-poke.html
Pokeramen,PokeRamen,Гость от «нетмонет»,2025-07-28,5,"Очень приятно было поужинать, всё очень вкусно! Спасибо, Соня за хорошее обслуживание. Удачи в работе :)",,,2GIS,2gis-poke.html
Pokeramen,PokeRamen,Гость от «нетмонет»,2025-07-28,5,спасибо за суперское обслуживание!! <3,,,2GIS,2gis-poke.html
Pokeramen,PokeRamen,Татьяна К,2025-07-28,5,"Приезжая в Пермь, обязательно посещаем это заведение, всегда останемся довольны качеством и сервисом 👍🏼Очень вкусная азиатка 🍲🍜🧡",,,2GIS,2gis-poke.html
Pokeramen,PokeRamen,Гость от «нетмонет»,2025-07-28,5,"Всё очень вкусно, вежливый персонал.",,,2GIS,2gis-poke.html
Pokeramen,PokeRamen,Гость от «нетмонет»,2025-07-28,5,Сочная девочка .,,,2GIS,2gis-poke.html
Pokeramen,PokeRamen,Гость от «нетмонет»,2025-07-27,5,"полтишок на ход ноги, извини червонцы дома осталисб.",,,2GIS,2gis-poke.html
Pokeramen,PokeRamen,Гость от «нетмонет»,2025-07-26,5,Вкус блюд.,,,2GIS,2gis-poke.html
Pokeramen,PokeRamen,Гость от «нетмонет»,2025-07-26,5,Всё круто! Вы лучшие в этом городе .,,,2GIS,2gis-poke.html
Pokeramen,PokeRamen,Гость от «нетмонет»,2025-07-26,5,"все супер пупер, хороший администратор.",,,2GIS,2gis-poke.html
Pokeramen,PokeRamen,Гость от «нетмонет»,2025-07-26,5,"приятное обслуживание официанта Сергея, хороший подход с выбором блюд, молодой человек подсказал, что выбрать",,,2GIS,2gis-poke.html
Pokeramen,PokeRamen,Гость от «нетмонет»,2025-07-25,5,С кайфом вообще.,,,2GIS,2gis-poke.html
Pokeramen,PokeRamen,Гость от «нетмонет»,2025-07-25,5,"Лапша том ям с морепродуктами как всегда на высоте, моти в том числе
Спасибо большое за сервис ❤️.",,,2GIS,2gis-poke.html
Pokeramen,PokeRamen,Гость от «нетмонет»,2025-07-24,5,Хотим сказать большое спасибо Вике за прекрасное и заботливое обслуживание!,,,2GIS,2gis-poke.html
Pokeramen,PokeRamen,Карина Гольдберг,2025-07-24,5,"Очень вкусно, летний филиал особенно радует!",,,2GIS,2gis-poke.html
Pokeramen,PokeRamen,Гость от «нетмонет»,2025-07-23,5,"Катя, Моти и Том ям .",,,2GIS,2gis-poke.html
Pokeramen,PokeRamen,Гость от «нетмонет»,2025-07-23,5,"Спасибо за карту калорий! И отдельное спасибо за то, что в ней расписаны ланчи!!",,,2GIS,2gis-poke.html
Pokeramen,PokeRamen,Гость от «нетмонет»,2025-07-22,5,"Вкусная еда, приветливый персонал, приятная атмосфера",,,2GIS,2gis-poke.html
Pokeramen,PokeRamen,Гость от «нетмонет»,2025-07-22,5,Понакотики топ.,,,2GIS,2gis-poke.html
Pokeramen,PokeRamen,Алексей Кирьянов,2025-07-21,5,Все круто вкусно,,,2GIS,2gis-poke.html
Pokeramen,PokeRamen,Гость от «нетмонет»,2025-07-21,5,Большое спасибо за обслуживание),,,2GIS,2gis-poke.html
Pokeramen,PokeRamen,Гость от «нетмонет»,2025-07-21,5,Настойчивость в защите прав потребителя.,,,2GIS,2gis-poke.html
Pokeramen,PokeRamen,Гость от «нетмонет»,2025-07-20,5,Веселая и общительная официантка.,,,2GIS,2gis-poke.html
Pokeramen,PokeRamen,Гость от «нетмонет»,2025-07-20,5,"Подача блюд, отмосфера и приятный персонал .",,,2GIS,2gis-poke.html
Pokeramen,PokeRamen,Гость от «нетмонет»,2025-07-20,5,Молодец.,,,2GIS,2gis-poke.html
Pokeramen,PokeRamen,Гость от «нетмонет»,2025-07-20,5,Сергей прикольный чел.,,,2GIS,2gis-poke.html
Pokeramen,PokeRamen,Гость от «нетмонет»,2025-07-19,5,Спасибо за вежливость даже к совсем невежливым соседям по столику🙏🏻сил Вам.,,,2GIS,2gis-poke.html
Pokeramen,PokeRamen,Гость от «нетмонет»,2025-07-19,5,"🌸🍥🫖🍵
спасибо! было вкусно",,,2GIS,2gis-poke.html
Pokeramen,PokeRamen,Илья Торков,2025-07-18,2,"Красиво, быстро, но совсем не вкусно.",,,2GIS,2gis-poke.html
Pokeramen,PokeRamen,Гость от «нетмонет»,2025-07-18,5,Друг не умер от самого острого рамена.,,,2GIS,2gis-poke.html
Pokeramen,PokeRamen,Данил Седов,2025-07-18,5,"Очень качественное по еде и атмосфере заведение, оценка 6 из 5",,,2GIS,2gis-poke.html
Pokeramen,PokeRamen,Гость от «нетмонет»,2025-07-16,5,Знает наши предпочтения. Любимый официант ),,,2GIS,2gis-poke.html
Pokeramen,PokeRamen,Стефан,2025-07-16,5,Очень фокусное готовят ходили 7 очень понравилось,,,2GIS,2gis-poke.html
Pokeramen,PokeRamen,Гость от «нетмонет»,2025-07-16,5,Вкууууусно.,,,2GIS,2gis-poke.html
Pokeramen,PokeRamen,Ксения Никонова,2025-07-14,5,"Мое любимое место в Перми! Огромные порции,всегда вкусно и не жалеют продуктов. Лучше места нет! Спасибо ❤️❤️❤️.",,,2GIS,2gis-poke.html
Pokeramen,PokeRamen,Гость от «нетмонет»,2025-07-14,5,"Очень вежливая и приятная девушка. Вкусно покушали, спасибо!",,,2GIS,2gis-poke.html
Pokeramen,PokeRamen,Дина Сергеева,2025-07-14,1,Ужасный персонал и хамское обслуживание!,,,2GIS,2gis-poke.html
Pokeramen,PokeRamen,Гость от «нетмонет»,2025-07-13,5,Качество обслуживание .,,,2GIS,2gis-poke.html
Pokeramen,PokeRamen,Гость от «нетмонет»,2025-07-13,5,"Милая, очаровательная девушка.",,,2GIS,2gis-poke.html
Pokeramen,PokeRamen,Гость от «нетмонет»,2025-07-13,3,"Очень грязный туалет, а еда как всегда на высоте .",,,2GIS,2gis-poke.html
Pokeramen,PokeRamen,Гость от «нетмонет»,2025-07-13,5,"Вкусная еда, большие порции)",,,2GIS,2gis-poke.html
Pokeramen,PokeRamen,Гость от «нетмонет»,2025-07-13,5,"Спасибо огромное, вы очень приятный человек) И еда и атмосфера, благодаря вам, на высшем уровне)))",,,2GIS,2gis-poke.html
Pokeramen,PokeRamen,Гость от «нетмонет»,2025-07-13,5,"Спасибо за то, что запомнили мой заказ.",,,2GIS,2gis-poke.html
Pokeramen,PokeRamen,Наталья Панина,2025-07-13,5,Неожиданно понравилась азиатская кухня)) Зашли по просьбе дочери. Цыплёночек цитрусовый теперь моя 🫶,,,2GIS,2gis-poke.html
Pokeramen,PokeRamen,Гость от «нетмонет»,2025-07-12,5,Спасибо .,,,2GIS,2gis-poke.html
Pokeramen,PokeRamen,Гость от «нетмонет»,2025-07-12,5,Алина топ),,,2GIS,2gis-poke.html
Pokeramen,PokeRamen,Гость от «нетмонет»,2025-07-12,5,Топ офик.,,,2GIS,2gis-poke.html
Pokeramen,PokeRamen,Гость от «нетмонет»,2025-07-12,5,"Очень вкусно, спасибо большое!",,,2GIS,2gis-poke.html
Pokeramen,PokeRamen,Гость от «нетмонет»,2025-07-12,5,"Красивая атмосфера, дружелюбные сотрудники .",,,2GIS,2gis-poke.html
Pokeramen,PokeRamen,Гость от «нетмонет»,2025-07-12,5,Ну вообще официант милашка!!,,,2GIS,2gis-poke.html
Pokeramen,PokeRamen,Гость от «нетмонет»,2025-07-12,5,Скибиди.,,,2GIS,2gis-poke.html
Pokeramen,PokeRamen,Гость от «нетмонет»,2025-07-11,5,"Все отлично,молодец",,,2GIS,2gis-poke.html
Pokeramen,PokeRamen,Andrey Aleshin,2025-07-11,5,"был впервые, к сожалению: место и атмосфера великоепны, еда восхитительна.
Теперь я не случайный прохожий, зайду обязательно вновь",,,2GIS,2gis-poke.html
Pokeramen,PokeRamen,Гость от «нетмонет»,2025-07-11,5,"Оч вкусно, всегда к вам ходим .",,,2GIS,2gis-poke.html
Pokeramen,PokeRamen,Гость от «нетмонет»,2025-07-11,5,"Благодарю за прекрасный обед, приятную атмосферу. Всех благ",,,2GIS,2gis-poke.html
Pokeramen,PokeRamen,Гость от «нетмонет»,2025-07-09,5,"Вы очень милая,спасибо за обслуживание)))",,,2GIS,2gis-poke.html
Pokeramen,PokeRamen,Гость от «нетмонет»,2025-07-09,5,Суп погорячее бы))) а так все вкусно.,,,2GIS,2gis-poke.html
Pokeramen,PokeRamen,Гость от «нетмонет»,2025-07-08,5,"Помог выбрать блюдо, которое на все 100% соответствовало вкусовым предпочтениям (ориентировался на блюдо, о котором впервые слышал))",,,2GIS,2gis-poke.html
Pokeramen,PokeRamen,Гость от «нетмонет»,2025-07-08,5,Бесстрашность Сергея в ливень .,,,2GIS,2gis-poke.html
Pokeramen,PokeRamen,Гость от «нетмонет»,2025-07-08,5,"Восхитительно-обворожительный, очень любезный и улыбчивый официант! Сытная и вкусная еда! Порадовали вкусным десертом на день рождения!)",,,2GIS,2gis-poke.html
Pokeramen,PokeRamen,Гость от «нетмонет»,2025-07-07,5,Официант вообще солнышко ❤️.,,,2GIS,2gis-poke.html
Pokeramen,PokeRamen,Гость от «нетмонет»,2025-07-06,5,"Софа крутая и смешная, в плане здорово а не в плане клоун, круто",,,2GIS,2gis-poke.html
Pokeramen,PokeRamen,Гость от «нетмонет»,2025-07-06,5,"Очень все вкусно , моти как всегда бесподобны .",,,2GIS,2gis-poke.html
Pokeramen,PokeRamen,Гость от «нетмонет»,2025-07-06,5,"приветливость, открытость",,,2GIS,2gis-poke.html
Pokeramen,PokeRamen,Гость от «нетмонет»,2025-07-05,5,Очень вкусная еда и доброелательный персонал.,,,2GIS,2gis-poke.html
Pokeramen,PokeRamen,Гость от «нетмонет»,2025-07-05,5,Хороший сотрудник .,,,2GIS,2gis-poke.html
Pokeramen,PokeRamen,Гость от «нетмонет»,2025-07-04,5,Ахценная!),,,2GIS,2gis-poke.html
Pokeramen,PokeRamen,Гость от «нетмонет»,2025-07-04,5,«Окак»,,,2GIS,2gis-poke.html
Pokeramen,PokeRamen,Гость от «нетмонет»,2025-07-03,5,Сбалансированные вкусы.,,,2GIS,2gis-poke.html
Pokeramen,PokeRamen,Гость от «нетмонет»,2025-07-03,5,панакотик.,,,2GIS,2gis-poke.html
Pokeramen,PokeRamen,Гость от «нетмонет»,2025-07-03,5,Том ям !,,,2GIS,2gis-poke.html
Pokeramen,PokeRamen,Гость от «нетмонет»,2025-07-02,5,"хорошая официантка, очень милая девушка, быстро и хорошо работает, помогла в некоторых вопросах
успехов виктории!!",,,2GIS,2gis-poke.html
Pokeramen,PokeRamen,Гость от «нетмонет»,2025-07-02,5,"алина просто душка, сервис на высшем уровне!!!!",,,2GIS,2gis-poke.html
Pokeramen,PokeRamen,Гость от «нетмонет»,2025-07-01,5,Очень вкусно .,,,2GIS,2gis-poke.html
Pokeramen,PokeRamen,Денис Тляшев,2025-06-30,5,"Очень атмосферное и крутое место🤩
Прикольные и вежливые сотрудники, всем любителям азиатской кухни советую посетить этот филиал 🔥",,,2GIS,2gis-poke.html
Pokeramen,PokeRamen,Гость от «нетмонет»,2025-06-30,5,"милый, добрый, хороший официант. я бы даже сказала - ЛУЧШИЙ❤️🔥",,,2GIS,2gis-poke.html
Pokeramen,PokeRamen,Гость от «нетмонет»,2025-06-30,5,"Спасибо, все прекрасно.",,,2GIS,2gis-poke.html
Pokeramen,PokeRamen,Гость от «нетмонет»,2025-06-30,5,"очень вкусно, спасибо!",,,2GIS,2gis-poke.html
Pokeramen,PokeRamen,Гость от «нетмонет»,2025-06-29,5,Спасибо большое .,,,2GIS,2gis-poke.html
Pokeramen,PokeRamen,Гость от «нетмонет»,2025-06-28,5,Рамен острый не очень острый .,,,2GIS,2gis-poke.html
Pokeramen,PokeRamen,Гость от «нетмонет»,2025-06-28,5,Виктория очень милая девушка! Чуток уверенности и все будет еще лучше! Кухня тоже вкусно,,,2GIS,2gis-poke.html
Pokeramen,PokeRamen,Гость от «нетмонет»,2025-06-28,5,Кабаски в сырном рамене не вкусные. Но вы молодец,,,2GIS,2gis-poke.html
Pokeramen,PokeRamen,Гость от «нетмонет»,2025-06-28,5,"очень милая, красивая, дружелюбная!!! сервис топ",,,2GIS,2gis-poke.html
Pokeramen,PokeRamen,Гость от «нетмонет»,2025-06-27,5,То самое.,,,2GIS,2gis-poke.html
Pokeramen,PokeRamen,Гость от «нетмонет»,2025-06-27,5,Атмосфера .,,,2GIS,2gis-poke.html
Pokeramen,PokeRamen,Гость от «нетмонет»,2025-06-27,5,"Отлишный сервис, еда вкусняшная.",,,2GIS,2gis-poke.html
Pokeramen,PokeRamen,Гость от «нетмонет»,2025-06-27,5,Весёлая и приятная девчонка .,,,2GIS,2gis-poke.html
Pokeramen,PokeRamen,Гость от «нетмонет»,2025-06-27,5,))))))))))))))))))))))),,,2GIS,2gis-poke.html
Pokeramen,PokeRamen,Гость от «нетмонет»,2025-06-26,5,"Милая девушка
Красивая улыбка ☺️.",,,2GIS,2gis-poke.html
Pokeramen,PokeRamen,Гость от «нетмонет»,2025-06-26,5,Атмосферно.,,,2GIS,2gis-poke.html
Pokeramen,PokeRamen,Гость от «нетмонет»,2025-06-26,5,"Очень красивая девушка. Милая, приветливая",,,2GIS,2gis-poke.html
Pokeramen,PokeRamen,Гость от «нетмонет»,2025-06-23,5,Милая девушка ) приятная в общении .,,,2GIS,2gis-poke.html
Pokeramen,PokeRamen,Гость от «нетмонет»,2025-06-23,5,"Вкусная еда, отличный сервис.",,,2GIS,2gis-poke.html
Pokeramen,PokeRamen,Гость от «нетмонет»,2025-06-23,5,милашка.,,,2GIS,2gis-poke.html
Pokeramen,PokeRamen,Гость от «нетмонет»,2025-06-21,5,"не так давно появился четвероногий друг, спасибо что вы дог френдли 🐶❤️",,,2GIS,2gis-poke.html
Pokeramen,PokeRamen,Гость от «нетмонет»,2025-06-21,5,"Очень крутой молодой человек! Общительный, нежный, милый, красивый, классный, просто чудо🥰",,,2GIS,2gis-poke.html
Pokeramen,PokeRamen,Гость от «нетмонет»,2025-06-21,5,Что кажды раз вы умудряетесь похитить наши скрдечки🫶🏼🫶🏼🫶🏼 .,,,2GIS,2gis-poke.html
Pokeramen,PokeRamen,Гость от «нетмонет»,2025-06-21,5,"Быстро, вежливо и очень вкусно .",,,2GIS,2gis-poke.html
Pokeramen,PokeRamen,Гость от «нетмонет»,2025-06-20,5,Что мы сразу попали.,,,2GIS,2gis-poke.html
Pokeramen,PokeRamen,Гость от «нетмонет»,2025-06-19,5,Супер)!,,,2GIS,2gis-poke.html
Pokeramen,PokeRamen,Ксения Угрюмова,2025-06-19,3,"Люблю конечно поке, но говорить про ожидание в 20 минут уже после оплаты, это конечно общее впечатление портит.",,,2GIS,2gis-poke.html
Pokeramen,PokeRamen,Гость от «нетмонет»,2025-06-17,5,"Взял пельмешки, думал, что порции будут покрупнее.",,,2GIS,2gis-poke.html
Pokeramen,PokeRamen,Гость от «нетмонет»,2025-06-17,5,Софе за красивые глазки .,,,2GIS,2gis-poke.html
Pokeramen,PokeRamen,Гость от «нетмонет»,2025-06-17,5,Очень приятная девушка! Спасибо большое за приятный вечер❤️🫶🏻.,,,2GIS,2gis-poke.html
Pokeramen,PokeRamen,Гость от «нетмонет»,2025-06-17,5,"улыбчивость, доброжелательность, скорость
несмотря на большую загрузку Софа успевала везде и со всеми.",,,2GIS,2gis-poke.html
Pokeramen,PokeRamen,Гость от «нетмонет»,2025-06-17,5,Вы вообще крутая .,,,2GIS,2gis-poke.html
Pokeramen,PokeRamen,Николай Недвижимость,2025-06-17,5,Вкусно красиво внутри и с наружи,,,2GIS,2gis-poke.html
Pokeramen,PokeRamen,Евгения Киселёва,2025-06-16,1,"Том Ям с волосами - это нечто.
Даже извиниться не смогли за испорченный обед.",,,2GIS,2gis-poke.html
Pokeramen,PokeRamen,Гость от «нетмонет»,2025-06-15,5,Сама Алиса .,,,2GIS,2gis-poke.html
Pokeramen,PokeRamen,Гость от «нетмонет»,2025-06-15,5,Алиса молодец.,,,2GIS,2gis-poke.html
Pokeramen,PokeRamen,Гость от «нетмонет»,2025-06-15,5,Нам Соня добыла стол на 7 человек.,,,2GIS,2gis-poke.html
Pokeramen,PokeRamen,Гость от «нетмонет»,2025-06-15,5,"Приятная, милая, отзывчивая девушка! Спасибо!",,,2GIS,2gis-poke.html
Pokeramen,PokeRamen,Гость от «нетмонет»,2025-06-14,5,"Отношение ,прям очень заботливо .",,,2GIS,2gis-poke.html
Pokeramen,PokeRamen,Гость от «нетмонет»,2025-06-14,5,Очень вкусно и приятная атмосфера .,,,2GIS,2gis-poke.html
Pokeramen,PokeRamen,Гость от «нетмонет»,2025-06-14,4,"Быть увереннее и красиво рассказывать о блюдах, а не просто: да это вкусно, многие берут …",,,2GIS,2gis-poke.html
Pokeramen,PokeRamen,Гость от «нетмонет»,2025-06-14,5,"Кухня сытная, сочная и вкусная .",,,2GIS,2gis-poke.html
Pokeramen,PokeRamen,Гость от «нетмонет»,2025-06-13,5,Милый официант),,,2GIS,2gis-poke.html
Pokeramen,PokeRamen,Гость от «нетмонет»,2025-06-13,5,Оригинально скорректированное меню.,,,2GIS,2gis-poke.html
Pokeramen,PokeRamen,Гость от «нетмонет»,2025-06-13,5,"Том кха с мориками - самое вкусное, что я ела в этом году!!!",,,2GIS,2gis-poke.html
Pokeramen,PokeRamen,Гость от «нетмонет»,2025-06-13,5,Доброжелательная и милая.,,,2GIS,2gis-poke.html
Pokeramen,PokeRamen,Гость от «нетмонет»,2025-06-13,5,"Отличное обслуживание, уютно и вкусно! 😍",,,2GIS,2gis-poke.html
Pokeramen,PokeRamen,Гость от «нетмонет»,2025-06-13,5,"Сергей лучший офик, внимательный, вежливый, аккуратный, супер сервис!",,,2GIS,2gis-poke.html
Pokeramen,PokeRamen,Гость от «нетмонет»,2025-06-13,5,Милашка .,,,2GIS,2gis-poke.html
Pokeramen,PokeRamen,Екатерина Сиверина,2025-06-13,5,Замечательное место!,,,2GIS,2gis-poke.html
Pokeramen,PokeRamen,Гость от «нетмонет»,2025-06-11,5,"Всё очень понравилось. Алиса, спасибо 💜",,,2GIS,2gis-poke.html
Pokeramen,PokeRamen,Гость от «нетмонет»,2025-06-10,5,"Спасибо большое! Очень хорошее обслуживание) все, как всегда, вкусно🤙",,,2GIS,2gis-poke.html
Pokeramen,PokeRamen,Гость от «нетмонет»,2025-06-10,5,"очень милая девушка, спасибо за хорошее обслуживание и вкусную еду!🥺❤️‍🔥",,,2GIS,2gis-poke.html
Pokeramen,PokeRamen,Гость от «нетмонет»,2025-06-09,4,"В этот раз было сильно солено, но вы всё равно лапочки)",,,2GIS,2gis-poke.html
Pokeramen,PokeRamen,Гость от «нетмонет»,2025-06-09,5,"Вы такая замечательная!🩷💔
Сделали нам теплую и уютную атмосферу✨.",,,2GIS,2gis-poke.html
Pokeramen,PokeRamen,Гость от «нетмонет»,2025-06-09,5,Что нас вспомнили :-),,,2GIS,2gis-poke.html
Pokeramen,PokeRamen,Гость от «нетмонет»,2025-06-09,5,Спасибо большое за вежливость и внимательность! Прихожу не первый раз именно к этой замечательной леди. Хорошего вечера! Благодарю за вашу работу),,,2GIS,2gis-poke.html
Pokeramen,PokeRamen,Гость от «нетмонет»,2025-06-09,5,"Сережа-очень приятный сотрудник. Прихожу к вам, только потому, что он умеет создать определенный вайб, ради которого хочется к вам приходить!",,,2GIS,2gis-poke.html
Pokeramen,PokeRamen,Сергей Долгих,2025-06-09,1,"Утиный рамен… мясо норм, лапша абсолютно безвкусная, бульон холодный. Печалька",,,2GIS,2gis-poke.html
Pokeramen,PokeRamen,Гость от «нетмонет»,2025-06-08,5,Супер повора и отличные официанты. Спасибо вам за ваш труд.,,,2GIS,2gis-poke.html
Pokeramen,PokeRamen,Гость от «нетмонет»,2025-06-07,5,Для Кати.,,,2GIS,2gis-poke.html
Pokeramen,PokeRamen,Гость от «нетмонет»,2025-06-07,5,Певко.,,,2GIS,2gis-poke.html
Pokeramen,PokeRamen,Гость от «нетмонет»,2025-06-07,5,Очень вкусная еда.,,,2GIS,2gis-poke.html
Pokeramen,PokeRamen,Гость от «нетмонет»,2025-06-06,5,вкуснее куски-только Сережа.,,,2GIS,2gis-poke.html
Pokeramen,PokeRamen,Гость от «нетмонет»,2025-06-06,5,Лучшее заведение! Обожаю ПокеРамен! Пусть весь город его славит! Всем спасибо! Данил Мерзляков,,,2GIS,2gis-poke.html
Pokeramen,PokeRamen,Гость от «нетмонет»,2025-06-05,5,"Для Кристины: приятная милая девушка, которая с заботой и улыбкой дополнила вкусный обед.",,,2GIS,2gis-poke.html
Pokeramen,PokeRamen,Гость от «нетмонет»,2025-06-04,4,Выносить напитки сразу.,,,2GIS,2gis-poke.html
Pokeramen,PokeRamen,Гость от «нетмонет»,2025-06-04,5,плотность рамена.,,,2GIS,2gis-poke.html
Pokeramen,PokeRamen,Гость от «нетмонет»,2025-06-03,5,Лучшие стрелки Перми.,,,2GIS,2gis-poke.html
Pokeramen,PokeRamen,Гость от «нетмонет»,2025-06-02,5,"абслуживать хорошо, вкусно кушать",,,2GIS,2gis-poke.html
Pokeramen,PokeRamen,Гость от «нетмонет»,2025-06-01,5,"Отличное обслуживание, профессионал!",,,2GIS,2gis-poke.html
Pokeramen,PokeRamen,Гость от «нетмонет»,2025-06-01,5,Утка по-сычуаньски и моти с взрывной карамелью — топ),,,2GIS,2gis-poke.html
Pokeramen,PokeRamen,Елена Власова,2025-06-01,5,"Вкусно, большие порции, атмосферно",,,2GIS,2gis-poke.html
Pokeramen,PokeRamen,Гость от «нетмонет»,2025-05-31,5,"Вежливый официант, все как всегда вкусно, быстро и качественно, самая вкусная азиатка в Перми",,,2GIS,2gis-poke.html
Pokeramen,PokeRamen,Гость от «нетмонет»,2025-05-31,5,"Офигенная еда, локация. Одно из лучших заведений вашего города. Спасибо огромное Наде за заботу и улыбку🫶🏻",,,2GIS,2gis-poke.html
Pokeramen,PokeRamen,Гость от «нетмонет»,2025-05-31,5,Лимонад .,,,2GIS,2gis-poke.html
Pokeramen,PokeRamen,Гость от «нетмонет»,2025-05-30,5,Приятный вежливый официант. Помог разобраться с блюдами),,,2GIS,2gis-poke.html
Pokeramen,PokeRamen,Гость от «нетмонет»,2025-05-29,5,"Приятный молодой человек, мило общается с посетителям. Вежливый, внимательный. Успехов вам и процветания в вашей работе!",,,2GIS,2gis-poke.html
Pokeramen,PokeRamen,Гость от «нетмонет»,2025-05-29,5,"Милый, добрый молодой человек.Очень вежливый, обходительный,",,,2GIS,2gis-poke.html
Pokeramen,PokeRamen,Гость от «нетмонет»,2025-05-29,5,все хорошо:),,,2GIS,2gis-poke.html
Pokeramen,PokeRamen,Гость от «нетмонет»,2025-05-28,5,(∩´∀`∩)💕(∩´∀`∩)💕(∩´∀`∩)💕,,,2GIS,2gis-poke.html
Pokeramen,PokeRamen,Гость от «нетмонет»,2025-05-28,5,"Все, космос, богиня, еда, восторг! Время",,,2GIS,2gis-poke.html
Pokeramen,PokeRamen,Гость от «нетмонет»,2025-05-27,5,"Прекрасная официантка, которая отлично обслужила.",,,2GIS,2gis-poke.html
Pokeramen,PokeRamen,Гость от «нетмонет»,2025-05-27,5,"Вкусно, быстро, приятная атмосфера китайской улочки, где можно просто насладиться едой",,,2GIS,2gis-poke.html
Pokeramen,PokeRamen,Гость от «нетмонет»,2025-05-27,5,"Вы лучшая♥️
Сыновья оценили .",,,2GIS,2gis-poke.html
Pokeramen,PokeRamen,Гость от «нетмонет»,2025-05-25,5,угарный чел .,,,2GIS,2gis-poke.html
Pokeramen,PokeRamen,Гость от «нетмонет»,2025-05-24,5,Острый рамен хорош.,,,2GIS,2gis-poke.html
Pokeramen,PokeRamen,Анжела Аптукова,2025-05-23,5,"Обожаю это место , очень вкусно все ))) дают вкусняшку животному )",,,2GIS,2gis-poke.html
Pokeramen,PokeRamen,Гость от «нетмонет»,2025-05-23,5,Тонны воды .,,,2GIS,2gis-poke.html
Pokeramen,PokeRamen,Александр Васнецов,2025-05-22,5,"Отличный Том ям, приветливый персонал, отличный интерьер!!!!!",,,2GIS,2gis-poke.html
Pokeramen,PokeRamen,Гость от «нетмонет»,2025-05-22,5,Приятный человек .,,,2GIS,2gis-poke.html
Pokeramen,PokeRamen,Гость от «нетмонет»,2025-05-20,5,"Лучший том ям, я скучала, я поц столом ом",,,2GIS,2gis-poke.html
Pokeramen,PokeRamen,Гость от «нетмонет»,2025-05-20,5,"Как всегда, очень вкусно!",,,2GIS,2gis-poke.html
Pokeramen,PokeRamen,Гость от «нетмонет»,2025-05-20,5,Скорость и не навязчивость.,,,2GIS,2gis-poke.html
Pokeramen,PokeRamen,Гость от «нетмонет»,2025-05-19,5,"всё супер, том кха офигенный. сергей милашка))",,,2GIS,2gis-poke.html
Pokeramen,PokeRamen,Гость от «нетмонет»,2025-05-19,5,очень милый официант .,,,2GIS,2gis-poke.html
Pokeramen,PokeRamen,Гость от «нетмонет»,2025-05-18,5,Убрала волос со спины моей девушки.,,,2GIS,2gis-poke.html
Pokeramen,PokeRamen,Александр Овчинников,2025-05-17,5,"Восторг одним словом! Обязательно придем ещё, пока не перепробуем всё меню!",,,2GIS,2gis-poke.html
Pokeramen,PokeRamen,Гость от «нетмонет»,2025-05-17,5,"Качественно обслужили, очень вкусная еда",,,2GIS,2gis-poke.html
Pokeramen,PokeRamen,Гость от «нетмонет»,2025-05-16,5,Всё было очень замечательно!)))),,,2GIS,2gis-poke.html
Pokeramen,PokeRamen,Светлана Абрамец,2025-05-16,5,Ребята! Спасибо! Отвал башки!!! 😎,,,2GIS,2gis-poke.html
Pokeramen,PokeRamen,Гость от «нетмонет»,2025-05-16,5,приятный официант .,,,2GIS,2gis-poke.html
Pokeramen,PokeRamen,Гость от «нетмонет»,2025-05-15,5,Замечательный антураж и приветливые сотрудники.,,,2GIS,2gis-poke.html
Pokeramen,PokeRamen,Гость от «нетмонет»,2025-05-14,5,От двух маленьких блондинок с котиками.,,,2GIS,2gis-poke.html
Pokeramen,PokeRamen,Гость от «нетмонет»,2025-05-13,5,Все как всегда прекрасно и вкусно.,,,2GIS,2gis-poke.html
Pokeramen,PokeRamen,Гость от «нетмонет»,2025-05-12,5,Спасибо за настроение на 12 из 10!:),,,2GIS,2gis-poke.html
Pokeramen,PokeRamen,Гость от «нетмонет»,2025-05-12,5,Сергей замечательный официант .,,,2GIS,2gis-poke.html
Pokeramen,PokeRamen,Igor Kosykh,2025-05-12,5,Очень вкусное место,,,2GIS,2gis-poke.html
Pokeramen,PokeRamen,Гость от «нетмонет»,2025-05-12,5,Подрывающий официант .,,,2GIS,2gis-poke.html
Pokeramen,PokeRamen,Василий Нестеренко,2025-05-12,5,"Лучшая азия в городе. Рамены топ. А еще тут есть оранж курица, маст-хэв. Рекомендую к посещению",,,2GIS,2gis-poke.html
Pokeramen,PokeRamen,Гость от «нетмонет»,2025-05-11,5,Мяу :>,,,2GIS,2gis-poke.html
Pokeramen,PokeRamen,Гость от «нетмонет»,2025-05-11,5,Лапша бомба.,,,2GIS,2gis-poke.html
Pokeramen,PokeRamen,Гость от «нетмонет»,2025-05-11,5,было очень вкусно и очень приятная атмосфера!!!,,,2GIS,2gis-poke.html
Pokeramen,PokeRamen,Гость от «нетмонет»,2025-05-11,5,"Прекрасное обслуживание, все было очень хорошо!",,,2GIS,2gis-poke.html
Pokeramen,PokeRamen,Гость от «нетмонет»,2025-05-10,5,Качество супа и сервиса.,,,2GIS,2gis-poke.html
Pokeramen,PokeRamen,Гость от «нетмонет»,2025-05-08,5,"Как всегда все вкусно, официант супер",,,2GIS,2gis-poke.html
Pokeramen,PokeRamen,Ната Петрова,2025-05-08,4,вкусно и отлично),,,2GIS,2gis-poke.html
Pokeramen,PokeRamen,Гость от «нетмонет»,2025-05-07,5,"Вежливость, профессионализм .",,,2GIS,2gis-poke.html
Pokeramen,PokeRamen,Гость от «нетмонет»,2025-05-07,5,"Очень приятное обслуживание, в стиле заведения. Очень понравилась работа официанта Сергея. Все четко, быстро",,,2GIS,2gis-poke.html
Pokeramen,PokeRamen,Гость от «нетмонет»,2025-05-06,5,"Общение с посетителями превосходное, внешний вид превосходный, обслужил превосходно, просто превосходно. Одни плюсы, минусы отсутствуют.",,,2GIS,2gis-poke.html
Pokeramen,PokeRamen,Гость от «нетмонет»,2025-05-06,5,Сергей хорошшш.,,,2GIS,2gis-poke.html
Pokeramen,PokeRamen,Гость от «нетмонет»,2025-05-05,5,Пожалуй лучшее место на планете с самой вкусной едой))) и заботливым персоналом!,,,2GIS,2gis-poke.html
Pokeramen,PokeRamen,Гость от «нетмонет»,2025-05-05,5,Отличный сервис.,,,2GIS,2gis-poke.html
Pokeramen,PokeRamen,Гость от «нетмонет»,2025-05-04,5,С Днем Рождения!!!,,,2GIS,2gis-poke.html
Pokeramen,PokeRamen,Гость от «нетмонет»,2025-05-03,5,Хороший!,,,2GIS,2gis-poke.html
Pokeramen,PokeRamen,Гость от «нетмонет»,2025-05-03,5,"Как всегда, все вкусно❤️.",,,2GIS,2gis-poke.html
Pokeramen,PokeRamen,Гость от «нетмонет»,2025-05-03,5,Приятное обслуживание.,,,2GIS,2gis-poke.html
Pokeramen,PokeRamen,Гость от «нетмонет»,2025-05-02,5,"Быстро, дружелюбно, приятно - спасибо большое ❤️",,,2GIS,2gis-poke.html
Pokeramen,PokeRamen,Гость от «нетмонет»,2025-05-02,5,"Очень приятный парень! Спрашивает,все ли понравилось и желает хорошего дня! Очень наблюдательный,что очень важно в работе официантом!!!🗣🗣🗣",,,2GIS,2gis-poke.html
Pokeramen,PokeRamen,Гость от «нетмонет»,2025-05-02,5,"Все отлично, вкуснооооо!!!",,,2GIS,2gis-poke.html
Pokeramen,PokeRamen,Гость от «нетмонет»,2025-04-30,5,Очень милая и приятная официантка.,,,2GIS,2gis-poke.html
Pokeramen,PokeRamen,Гость от «нетмонет»,2025-04-30,5,"Думал что остро, а оказалось просто вкусно!",,,2GIS,2gis-poke.html
Pokeramen,PokeRamen,Гость от «нетмонет»,2025-04-29,5,"Скорость обслуживания, приятный персонал, вкусная еда 🙌❤️‍🩹",,,2GIS,2gis-poke.html
Pokeramen,PokeRamen,Гость от «нетмонет»,2025-04-26,5,"Обстановка, обслуживание и кухня.",,,2GIS,2gis-poke.html
Pokeramen,PokeRamen,Гость от «нетмонет»,2025-04-26,5,В этот раз очень быстро обслуживали.,,,2GIS,2gis-poke.html
Pokeramen,PokeRamen,Гость от «нетмонет»,2025-04-25,5,"Сергей очень добрый и приятный парень, удачи ему!🙏❤️",,,2GIS,2gis-poke.html
Pokeramen,PokeRamen,Гость от «нетмонет»,2025-04-25,5,"Все добрые - ну, это не удивило, это то есть просто здорово и приятно... Ну вы поняли, спасибо!",,,2GIS,2gis-poke.html
Pokeramen,PokeRamen,Гость от «нетмонет»,2025-04-25,5,очень причтныц молодой человек. веселый легкий доброжелательный улыбчивый да и просто самый лучший в мире я его обожаю клянусь .,,,2GIS,2gis-poke.html
Pokeramen,PokeRamen,Гость от «нетмонет»,2025-04-25,5,"обслуживание на уровне, забавный, смешно потравил шутку про камни .",,,2GIS,2gis-poke.html
Pokeramen,PokeRamen,Гость от «нетмонет»,2025-04-25,5,Том ям 🔥.,,,2GIS,2gis-poke.html
Pokeramen,PokeRamen,Гость от «нетмонет»,2025-04-25,5,Приятная и добрая девушка.,,,2GIS,2gis-poke.html
Pokeramen,PokeRamen,Ольга,2025-04-24,5,Как всегда мега вкусно!!! Бизнес ланчи Топ! Моти тает во рту) обслуживание и персонал в сердечко ❤️,,,2GIS,2gis-poke.html
Pokeramen,PokeRamen,Городской житель,2025-04-24,3,"Был в первый раз,в принципе все хорошо но прям очень душно и жарко",,,2GIS,2gis-poke.html
Pokeramen,PokeRamen,Гость от «нетмонет»,2025-04-22,5,Лучше всех!,,,2GIS,2gis-poke.html
Pokeramen,PokeRamen,Дмитрий Логунов,2025-04-22,5,Круто как всегда,,,2GIS,2gis-poke.html
Pokeramen,PokeRamen,Гость от «нетмонет»,2025-04-21,5,общительная и приятная девушка!,,,2GIS,2gis-poke.html
Pokeramen,PokeRamen,Гость от «нетмонет»,2025-04-21,5,"на кондициях 💅🏼
.",,,2GIS,2gis-poke.html
Pokeramen,PokeRamen,Ольга Вострикова,2025-04-19,5,"Кофе вопщем очень вкусное😋 я советую его. Советую попробовать понокотик,утка,лимонад (фруктовый) ставлю 5 звёзд",,,2GIS,2gis-poke.html
Pokeramen,PokeRamen,Гость от «нетмонет»,2025-04-18,5,"Вкусная еда, приятные работники.",,,2GIS,2gis-poke.html
Pokeramen,PokeRamen,Гость от «нетмонет»,2025-04-18,5,Всегда приятно удивляет стафф и все вкусно - это уже база,,,2GIS,2gis-poke.html
Pokeramen,PokeRamen,Гость от «нетмонет»,2025-04-18,5,Милашка.,,,2GIS,2gis-poke.html
Pokeramen,PokeRamen,Гость от «нетмонет»,2025-04-17,5,Даже в такое тяжелое время остаетесь на уровне! Браво,,,2GIS,2gis-poke.html
Pokeramen,PokeRamen,Гость от «нетмонет»,2025-04-16,5,Отдыхай чуть больше.,,,2GIS,2gis-poke.html
Pokeramen,PokeRamen,Гость от «нетмонет»,2025-04-16,5,"Обслуживание, обстановка, вкусное меню, атмосфера",,,2GIS,2gis-poke.html
Pokeramen,PokeRamen,Гость от «нетмонет»,2025-04-15,5,Атмосфера кайф.,,,2GIS,2gis-poke.html
Pokeramen,PokeRamen,Гость от «нетмонет»,2025-04-13,5,"Замечательный, дружелюбный персонал, быстрое обслуживание",,,2GIS,2gis-poke.html
Pokeramen,PokeRamen,Гость от «нетмонет»,2025-04-13,5,За свечку и за мотти❤️‍🔥❤️‍🔥❤️‍🔥.,,,2GIS,2gis-poke.html
Pokeramen,PokeRamen,Гость от «нетмонет»,2025-04-12,5,Все очень хорошо .,,,2GIS,2gis-poke.html
Pokeramen,PokeRamen,Гость от «нетмонет»,2025-04-12,5,Очень милая и доброжелательная .,,,2GIS,2gis-poke.html
Pokeramen,PokeRamen,Гость от «нетмонет»,2025-04-12,5,"Все как всегда восхитительно. Сергей сладкий пирожочек, спасибо за обслуживание",,,2GIS,2gis-poke.html
Pokeramen,PokeRamen,Гость от «нетмонет»,2025-04-12,5,"Каждый раз удивляет такое прекрасное и дружелюбное обслуживание!!! Как всегда все на высоте :) Спасибо, что вы есть ❤❤❤",,,2GIS,2gis-poke.html
Pokeramen,PokeRamen,Гость от «нетмонет»,2025-04-12,5,Серëжа супер! :D,,,2GIS,2gis-poke.html
Pokeramen,PokeRamen,Гость от «нетмонет»,2025-04-10,5,Удон был острый.,,,2GIS,2gis-poke.html
Pokeramen,PokeRamen,Гость от «нетмонет»,2025-04-08,5,"Спасибо,было очень вкусно.Обслуживание как всегда на высоте❤️.",,,2GIS,2gis-poke.html
Pokeramen,PokeRamen,Гость от «нетмонет»,2025-04-06,5,Все отлично ☀️.,,,2GIS,2gis-poke.html
Pokeramen,PokeRamen,Гость от «нетмонет»,2025-04-05,5,чмоки чмоки💋.,,,2GIS,2gis-poke.html
Pokeramen,PokeRamen,Гость от «нетмонет»,2025-04-04,5,Всё к л а с с н о.,,,2GIS,2gis-poke.html
Pokeramen,PokeRamen,Гость от «нетмонет»,2025-04-04,5,Лучшая❤️❤️❤️.,,,2GIS,2gis-poke.html
Pokeramen,PokeRamen,Гость от «нетмонет»,2025-04-04,5,"спасибо, безумно приятный и вежливый официант, вы буквально сделали мой день!!",,,2GIS,2gis-poke.html
Pokeramen,PokeRamen,Надежда Аблаева,2025-04-03,5,"Все очень вкусно!Порции большие.
Спасибо за подарок для нашего коти.
Обязательно закажу ещё!",,,2GIS,2gis-poke.html
Pokeramen,PokeRamen,Гость от «нетмонет»,2025-04-03,5,"Руслана, топ!",,,2GIS,2gis-poke.html
Pokeramen,PokeRamen,Гость от «нетмонет»,2025-04-02,5,Копите),,,2GIS,2gis-poke.html
Pokeramen,PokeRamen,Гость от «нетмонет»,2025-04-01,5,"Уже очередной раз при посещении обмлуживает Руслана, все шикарно!",,,2GIS,2gis-poke.html
Pokeramen,PokeRamen,Гость от «нетмонет»,2025-03-31,5,Вы очень классный!!,,,2GIS,2gis-poke.html
Pokeramen,PokeRamen,Гость от «нетмонет»,2025-03-31,5,Котик не вкусный(,,,2GIS,2gis-poke.html
Pokeramen,PokeRamen,Гость от «нетмонет»,2025-03-31,5,Милейшая девушка официант 🥺💞.,,,2GIS,2gis-poke.html
Pokeramen,PokeRamen,Гость от «нетмонет»,2025-03-30,5,"Сергей просто душка!
Дайте ему скорее премию, а лучше две 🌚",,,2GIS,2gis-poke.html
Pokeramen,PokeRamen,Гость от «нетмонет»,2025-03-30,5,Обожаем Вашу кухню и персонал который обслуживает .,,,2GIS,2gis-poke.html
Pokeramen,PokeRamen,Гость от «нетмонет»,2025-03-29,4,"Мария ОЧЕНЬ вежливая! Спасибо, всё было вкусно!!!",,,2GIS,2gis-poke.html
Pokeramen,PokeRamen,Гость от «нетмонет»,2025-03-29,5,"Вкусно, душевно. Спасибо",,,2GIS,2gis-poke.html
Pokeramen,PokeRamen,Гость от «нетмонет»,2025-03-29,4,Лапша том ям была суховата.,,,2GIS,2gis-poke.html
Pokeramen,PokeRamen,Гость от «нетмонет»,2025-03-29,5,Все супер! Желаем процветания!,,,2GIS,2gis-poke.html
Pokeramen,PokeRamen,Гость от «нетмонет»,2025-03-28,5,"Спасибо большое за приятный ланч, и за приятный сервис. Привет из СПб",,,2GIS,2gis-poke.html
Pokeramen,PokeRamen,Гость от «нетмонет»,2025-03-27,4,Класс.,,,2GIS,2gis-poke.html
Pokeramen,PokeRamen,Гость от «нетмонет»,2025-03-26,5,"Дважды в год езжу к вам из екб, вы просто офигенные <3",,,2GIS,2gis-poke.html
Pokeramen,PokeRamen,Гость от «нетмонет»,2025-03-23,5,За красивые глазки😜.,,,2GIS,2gis-poke.html
Pokeramen,PokeRamen,Гость от «нетмонет»,2025-03-23,5,Всё очень понравилось .,,,2GIS,2gis-poke.html
Pokeramen,PokeRamen,Гость от «нетмонет»,2025-03-22,4,"Приятное и быстрое обслуживание, еда вообще бомба!!",,,2GIS,2gis-poke.html
Pokeramen,PokeRamen,Гость от «нетмонет»,2025-03-22,5,"Всё очень понравилось,еда вкусная,сытная, обслуживание хорошее 🤗 Огромное спасибо Команде 👏👏👏.",,,2GIS,2gis-poke.html
Pokeramen,PokeRamen,Гость от «нетмонет»,2025-03-20,5,Вы мой любимый официант.,,,2GIS,2gis-poke.html
Pokeramen,PokeRamen,Сергей Беляев,2025-03-20,5,Как всегда вкусная еда и приятное обслуживание 🙌🏼,,,2GIS,2gis-poke.html
Pokeramen,PokeRamen,Валерия Осиевская,2025-03-18,5,"Отличное место. Несмотря на свою маленькость бистро очень уютное, комфортное обслуживание. Есть натуральные лакомства для ваших питомцев",,,2GIS,2gis-poke.html
Pokeramen,PokeRamen,Гость от «нетмонет»,2025-03-18,5,"вы милашкаааr, спасибо, всё было очень вкусно! 🦭",,,2GIS,2gis-poke.html
Pokeramen,PokeRamen,Гость от «нетмонет»,2025-03-18,5,"Милая приятная девушка, всё было вкусно",,,2GIS,2gis-poke.html
Pokeramen,PokeRamen,Гость от «нетмонет»,2025-03-18,5,Чудесный официант 🌸.,,,2GIS,2gis-poke.html
Pokeramen,PokeRamen,Гость от «нетмонет»,2025-03-17,5,Все вкусно!,,,2GIS,2gis-poke.html
Pokeramen,PokeRamen,Гость от «нетмонет»,2025-03-16,5,Приятное место с вкусной едой!,,,2GIS,2gis-poke.html
Pokeramen,PokeRamen,Никита Терентьев,2025-03-16,5,"Вкусноооооо! Но, есть один маленький нюанс до которого я докопался. Микрозелень заветренная(уставшая). И смотрится это не очень.",,,2GIS,2gis-poke.html
Pokeramen,PokeRamen,Гость от «нетмонет»,2025-03-15,5,я ваша фанатка.,,,2GIS,2gis-poke.html
Pokeramen,PokeRamen,Гость от «нетмонет»,2025-03-15,5,Спасибочки .,,,2GIS,2gis-poke.html
Pokeramen,PokeRamen,Гость от «нетмонет»,2025-03-15,5,Хороший официант.,,,2GIS,2gis-poke.html
Pokeramen,PokeRamen,Гость от «нетмонет»,2025-03-14,5,спасибо большое! вкусно как всегда!,,,2GIS,2gis-poke.html
Pokeramen,PokeRamen,Гость от «нетмонет»,2025-03-12,5,Всё было вкусно и сытно.,,,2GIS,2gis-poke.html
Pokeramen,PokeRamen,Гость от «нетмонет»,2025-03-12,5,"Всё идеально, как всегда🔥.",,,2GIS,2gis-poke.html
Pokeramen,PokeRamen,Вероника Смирнова,2025-03-12,5,"♥️♥️♥️♥️♥️♥️просто в самое сердечко, и атмосфера, и красиво, и вкусно",,,2GIS,2gis-poke.html
Pokeramen,PokeRamen,Гость от «нетмонет»,2025-03-11,4,"Классный оболочек, бро👀",,,2GIS,2gis-poke.html
Pokeramen,PokeRamen,Гость от «нетмонет»,2025-03-11,4,Приятное и быстрое обслуживание.,,,2GIS,2gis-poke.html
Pokeramen,PokeRamen,Гость от «нетмонет»,2025-03-11,4,"Сергей, самый милый официант, которого я встречала за долгое время
Такая булка, спасибо",,,2GIS,2gis-poke.html
Pokeramen,PokeRamen,Гость от «нетмонет»,2025-03-10,5,"Увеличить зал и стульчики пониже, а так все замечательно",,,2GIS,2gis-poke.html
Pokeramen,PokeRamen,Гость от «нетмонет»,2025-03-08,2,"Пожалуйста, научите своих сотрудников вежливости .",,,2GIS,2gis-poke.html
Pokeramen,PokeRamen,Кирилл Е.,2025-03-08,3,"Все вкусно. Рис лучший в городе. Но, кто то из посетителей уронил с вешалки мой бежевый пуховик. Под вешалкой лужа.",,,2GIS,2gis-poke.html
Pokeramen,PokeRamen,Гость от «нетмонет»,2025-03-07,5,Официант-зайчик 🐰,,,2GIS,2gis-poke.html
Pokeramen,PokeRamen,Гость от «нетмонет»,2025-03-06,5,"Лучший официант Сергей! Спасибо, очень внимательный! 🥰",,,2GIS,2gis-poke.html
Pokeramen,PokeRamen,Гость от «нетмонет»,2025-03-06,5,Все уже идеально!,,,2GIS,2gis-poke.html
Pokeramen,PokeRamen,Гость от «нетмонет»,2025-03-05,4,"Предлагаю внести шум китайской улицы и разговоры на китайском в фоновый шум, для более крутой передачи тематики заведения",,,2GIS,2gis-poke.html
Pokeramen,PokeRamen,Мария Сидорова,2025-03-05,5,"Очень вкусно, внутри интерьер красивый, персонал вежливый. Особенно вкусные моти, много начинки☺️",,,2GIS,2gis-poke.html
Pokeramen,PokeRamen,Гость от «нетмонет»,2025-03-04,5,"Все очень понравилось, спасибо 💓",,,2GIS,2gis-poke.html
Pokeramen,PokeRamen,Гость от «нетмонет»,2025-03-04,5,"Всё отлично, спасибо !",,,2GIS,2gis-poke.html
Pokeramen,PokeRamen,Anna Bezmarernikh,2025-03-02,5,Самый вкусный чесночный рис с овощами :),,,2GIS,2gis-poke.html
Pokeramen,PokeRamen,Гость от «нетмонет»,2025-03-01,5,Отличное обслуживание!,,,2GIS,2gis-poke.html
Pokeramen,PokeRamen,Гость от «нетмонет»,2025-03-01,5,Просто лучшие ребятки .,,,2GIS,2gis-poke.html
Pokeramen,PokeRamen,Гость от «нетмонет»,2025-03-01,5,Спасибо!,,,2GIS,2gis-poke.html
Pokeramen,PokeRamen,Anton Samoilov,2025-03-01,5,ФоБо - огонь! 👍👍👍,,,2GIS,2gis-poke.html
Pokeramen,PokeRamen,Гость от «нетмонет»,2025-02-28,5,"Чуть чуть близко сидят гости, которых сажают напротив))",,,2GIS,2gis-poke.html
Pokeramen,PokeRamen,Гость от «нетмонет»,2025-02-26,5,Прекрасное обслуживание .,,,2GIS,2gis-poke.html
Pokeramen,PokeRamen,Гость от «нетмонет»,2025-02-26,4,Ну цены чето жесть подняли)),,,2GIS,2gis-poke.html
Pokeramen,PokeRamen,Гость от «нетмонет»,2025-02-25,4,"Спасибо, всё было очень вкусно 😋 .",,,2GIS,2gis-poke.html
Pokeramen,PokeRamen,Гость от «нетмонет»,2025-02-24,5,"вы очень милый,спасибо",,,2GIS,2gis-poke.html
Pokeramen,PokeRamen,Гость от «нетмонет»,2025-02-23,4,Все супер!!!,,,2GIS,2gis-poke.html
Pokeramen,PokeRamen,Гость от «нетмонет»,2025-02-22,5,"Побольше посадочных мест, а так все гуд❤️",,,2GIS,2gis-poke.html
Pokeramen,PokeRamen,Гость от «нетмонет»,2025-02-22,4,Спасибо 😀.,,,2GIS,2gis-poke.html
Pokeramen,PokeRamen,Гость от «нетмонет»,2025-02-22,4,Всё вкусненько ❤️.,,,2GIS,2gis-poke.html
Pokeramen,PokeRamen,Гость от «нетмонет»,2025-02-21,5,"Очень понравилось место и официант Сергей. Внимательный и веселый молодой человек, поднял настроение на оставшийся день. Удачи тебе, Сергей!",,,2GIS,2gis-poke.html
Pokeramen,PokeRamen,Гость от «нетмонет»,2025-02-20,5,"Хорошая девушка, отличное заведение. Спасибо 😉",,,2GIS,2gis-poke.html
Pokeramen,PokeRamen,Гость от «нетмонет»,2025-02-17,5,Ты милашк🫂.,,,2GIS,2gis-poke.html
Pokeramen,PokeRamen,Гость от «нетмонет»,2025-02-17,5,Вы самые лучшие. Лав 🫶🏻,,,2GIS,2gis-poke.html
Pokeramen,PokeRamen,Гость от «нетмонет»,2025-02-17,5,Как говорит Артем Карисалов - во рту все поженилось! Спасибо за этот восторг от вкусовых сосочков!,,,2GIS,2gis-poke.html
Pokeramen,PokeRamen,Гость от «нетмонет»,2025-02-16,4,Капец как сложно залезть на высокие и жесткие стулья.,,,2GIS,2gis-poke.html
Pokeramen,PokeRamen,Гость от «нетмонет»,2025-02-14,4,Спасибо вам .,,,2GIS,2gis-poke.html
Pokeramen,PokeRamen,Гость от «нетмонет»,2025-02-14,4,"Спасибо большое за крутой сервис и стабильно вкусный том ям🥰
Печеньки топ.",,,2GIS,2gis-poke.html
Pokeramen,PokeRamen,Гость от «нетмонет»,2025-02-14,5,"Очень сильно понравилось!
Спасибо большое, было очень вкусно🥰",,,2GIS,2gis-poke.html
Парадная,Ryumochnaya Paradnaya,Светлана Лукьянова(Малышкина),сегодня,5,"Могу порекомендовать, всё хорошо",,,2GIS,2gis-ryumochnaya.html
Парадная,Ryumochnaya Paradnaya,Анастасия Шипчина,2025-10-31,5,"Замечательные сотрудники, атмосфера, напитки, советую к посещению 🫶🏻",,,2GIS,2gis-ryumochnaya.html
Парадная,Ryumochnaya Paradnaya,Гость от «нетмонет»,2025-10-21,5,Всë супер. Очень вкусно!,,,2GIS,2gis-ryumochnaya.html
Парадная,Ryumochnaya Paradnaya,Гость от «нетмонет»,2025-10-16,5,"Всегда лучшие, спасибо!",,,2GIS,2gis-ryumochnaya.html
Парадная,Ryumochnaya Paradnaya,имя фамилия,2025-10-10,1,Очень грубые официанты. Обсосанные туалеты на которые вонючие без сидушек. Коктейли есть и вкуснее. Громкая музыка не пообщаться,,,2GIS,2gis-ryumochnaya.html
Парадная,Ryumochnaya Paradnaya,Гость от «нетмонет»,2025-10-04,5,"Вежливость сотрудников, приятное общение, хорошее музыкальное сопровождение",,,2GIS,2gis-ryumochnaya.html
Парадная,Ryumochnaya Paradnaya,Kseniya Starkova,2025-10-03,5,"Атмосферное заведение, вкусные наливки и приветливый персонал.",,,2GIS,2gis-ryumochnaya.html
Парадная,Ryumochnaya Paradnaya,Гость от «нетмонет»,2025-09-25,5,Дружелюбный персонал.,,,2GIS,2gis-ryumochnaya.html
Парадная,Ryumochnaya Paradnaya,Гость от «нетмонет»,2025-09-21,5,Бармен Антон.,,,2GIS,2gis-ryumochnaya.html
Парадная,Ryumochnaya Paradnaya,Гость от «нетмонет»,2025-09-14,5,"Коктейли вкусные, тартар на хлебе это такое себе, камамбер был ок",,,2GIS,2gis-ryumochnaya.html
Парадная,Ryumochnaya Paradnaya,Гость от «нетмонет»,2025-09-11,5,Александра суперски обслужила :),,,2GIS,2gis-ryumochnaya.html
Парадная,Ryumochnaya Paradnaya,Гость от «нетмонет»,2025-08-27,5,"Красивые официантки, качественное обслуживание и вкусная еда .",,,2GIS,2gis-ryumochnaya.html
Парадная,Ryumochnaya Paradnaya,Дарья Дмитриева,2025-08-22,5,Официант Арина на летнике - супер ! Лучшая в этом баре и нашей жизни ❤️,,,2GIS,2gis-ryumochnaya.html
Парадная,Ryumochnaya Paradnaya,Гость от «нетмонет»,2025-08-19,5,"Официантка супер! Напитки огонь, все понравилось как всегда",,,2GIS,2gis-ryumochnaya.html
Парадная,Ryumochnaya Paradnaya,Гость от «нетмонет»,2025-08-16,5,Внимательное обслуживание .,,,2GIS,2gis-ryumochnaya.html
Парадная,Ryumochnaya Paradnaya,Нина Андреева,2025-08-06,5,"Были с компанией, все понравилось, круто отдохнули🔥",,,2GIS,2gis-ryumochnaya.html
Парадная,Ryumochnaya Paradnaya,Светлана Абрамец,2025-07-23,5,"Прекрасное место сбежать от уличной суеты, попробовать нечто неожиданное, ощутить атмосферу артхауса! Можно приходить с любимым питомцем. Рекомендую.",,,2GIS,2gis-ryumochnaya.html
Парадная,Ryumochnaya Paradnaya,Ксения М,2025-07-17,5,"Приятная атмосфера, вежливый персонал
Настойки🔥",,,2GIS,2gis-ryumochnaya.html
Парадная,Ryumochnaya Paradnaya,Елена Верзун,2025-07-12,5,Вкусные настойки и внимательный персонал,,,2GIS,2gis-ryumochnaya.html
Парадная,Ryumochnaya Paradnaya,Елена,2025-07-03,5,"Красиво, коктейли, настойки, брускетты вкусные.",,,2GIS,2gis-ryumochnaya.html
Парадная,Ryumochnaya Paradnaya,Гость от «нетмонет»,2025-06-21,5,"Лучшее заведение Перми, спасибо за вашу работу от любителей томатки с кордиалом и сырных настоек .",,,2GIS,2gis-ryumochnaya.html
Парадная,Ryumochnaya Paradnaya,Гость от «нетмонет»,2025-06-13,5,"Нам очень понравилось, обязательно вернёмся 💘💕💖.",,,2GIS,2gis-ryumochnaya.html
Парадная,Ryumochnaya Paradnaya,Anna Bo,2025-06-07,5,"Отличное место, обязательно вернемся сюда снова",,,2GIS,2gis-ryumochnaya.html
Парадная,Ryumochnaya Paradnaya,Таня Каменских,2025-05-09,4,Тесновато,,,2GIS,2gis-ryumochnaya.html
Парадная,Ryumochnaya Paradnaya,Варвара Дроздова,2025-05-07,5,"Ребята молодцы, крутой сервис, крутые настойки. Одно из первых мест, которое нам предложили посетить в городе, и мы не пожалели 😍",,,2GIS,2gis-ryumochnaya.html
Парадная,Ryumochnaya Paradnaya,Виктория Я,2025-05-02,5,"Уютное место с потрясающим интерьером и большим разнообразием вкусных напитков
Вас всегда радушно встретят, всем рекомендую!",,,2GIS,2gis-ryumochnaya.html
Парадная,Ryumochnaya Paradnaya,Виктория Косякова,2025-05-01,5,"Одни, из самых вкусных настоек и коктейлей. Атмосфера в заведении супер. Обслуживание на высоте. Персонал дружелюбный, и всегда поможет.",,,2GIS,2gis-ryumochnaya.html
Парадная,Ryumochnaya Paradnaya,Максим Пегушин,2025-05-01,5,"Очень хорошее место , много незамужних молодых девушек)",,,2GIS,2gis-ryumochnaya.html
Парадная,Ryumochnaya Paradnaya,Максим Плюснин,2025-04-30,5,"Любимое заведение, очень часто посещаем заведение с друзьями и пьём лучшие настойки в городе! Отзывчивый персонал",,,2GIS,2gis-ryumochnaya.html
Парадная,Ryumochnaya Paradnaya,Дарья Онорина,2025-04-30,5,"Частый гость этого места. Приятная обстановка, обслуживание на высоте, коктейли - тоже;) Самое то для хорошего времяпрепровождения в пятничный вечер",,,2GIS,2gis-ryumochnaya.html
Парадная,Ryumochnaya Paradnaya,Артём Перетягин,2025-04-30,5,"Лучшее место в городе, самый прекрасный добрый и улыбчивый персонал )",,,2GIS,2gis-ryumochnaya.html
Парадная,Ryumochnaya Paradnaya,Надежда Гридюхина,2025-04-30,5,"Классное заведение, приятный персонал, вкусные настойки и коктейли, огромный выбор настоек, так же вкусная кухня",,,2GIS,2gis-ryumochnaya.html
Парадная,Ryumochnaya Paradnaya,Софья ‘,2025-04-30,5,"отличное место!
бармены просто боги, официанты лучшие!!!",,,2GIS,2gis-ryumochnaya.html
Парадная,Ryumochnaya Paradnaya,Городской житель,2025-04-25,5,Очень вкусное место!!!,,,2GIS,2gis-ryumochnaya.html
Парадная,Ryumochnaya Paradnaya,Alexandra Kremer,2025-04-21,5,"Отлично место, с вкусными настойками!
Приветливый персонал. Атмосфера топ",,,2GIS,2gis-ryumochnaya.html
Парадная,Ryumochnaya Paradnaya,Apple User,2025-04-21,5,"Супер классное место, одно из лучших в Перми
Супер большой выбор настоек и алкоголя",,,2GIS,2gis-ryumochnaya.html
Парадная,Ryumochnaya Paradnaya,Во Ва,2025-04-21,5,"Очень классное , атмосферное место , провести досуг с друзьями , покайфовать",,,2GIS,2gis-ryumochnaya.html
Парадная,Ryumochnaya Paradnaya,Алексей Стариков,2025-04-19,5,"Классное место. Даже если ты один, тут можно хорошо посидеть выпить, морально отдохнуть.",,,2GIS,2gis-ryumochnaya.html
Парадная,Ryumochnaya Paradnaya,Городской житель,2025-04-17,5,Наипрекраснейший бар из всех баров!,,,2GIS,2gis-ryumochnaya.html
Парадная,Ryumochnaya Paradnaya,Степан Якубович,2025-04-12,5,"Замечательное заведение! очень часто тут бываю, хочу уже прописаться здесь, музыка отличная, персонал очень хороший и общительный!❤️",,,2GIS,2gis-ryumochnaya.html
Парадная,Ryumochnaya Paradnaya,Анастасия Мягкова,2025-04-10,5,"Если вы сомневайтесь посетить данное заведение, то у меня к вам много вопросов.…
Это просто лучшее заведение в Перми, да и вообще в мире
Самый лучший и приветливый персонал, суперская кухня, сервис просто на высоте!
Вам грустно? - в Парадную!
Вам весело? - в Парадную!
Вам скучно? - в Парадную!
Вам некуда идти? - как это? в Парадную!
Вкусно накормят, вкусно напоят(главное уйти на своих ногах, но от сюда это сделать сложно , ты просто не можешь остановиться пить это наипрекрайснишее настойки..…)",,,2GIS,2gis-ryumochnaya.html
Парадная,Ryumochnaya Paradnaya,Анастасия Андриенко,2025-04-05,5,"Атмосферное место, настойки вкусные",,,2GIS,2gis-ryumochnaya.html
Парадная,Ryumochnaya Paradnaya,Анастасия Старкова,2025-04-03,5,офигенно тут,,,2GIS,2gis-ryumochnaya.html
Парадная,Ryumochnaya Paradnaya,Александра Сажина,2025-04-03,5,Крутое заведение обожаю его супер крутое,,,2GIS,2gis-ryumochnaya.html
Парадная,Ryumochnaya Paradnaya,Евгений Ильин,2025-04-03,5,"Прекрасное место, всем советую",,,2GIS,2gis-ryumochnaya.html
Парадная,Ryumochnaya Paradnaya,Яков Гольдберг,2025-04-03,5,Отличное место!!! каждый раз в Перми-сразу туда! персонал-огонь. Спасибо вам большое !,,,2GIS,2gis-ryumochnaya.html
Парадная,Ryumochnaya Paradnaya,Иван Сергеев,2025-04-03,5,"В заведении чисто и комфортно, уютная атмосфера, вежливый персонал, вкусные напитки и десерты",,,2GIS,2gis-ryumochnaya.html
Парадная,Ryumochnaya Paradnaya,Константин Глазов,2025-04-03,5,"Отличное место! Бармен Антон просто лучший!!!
Настойки великолепные, закуски не отстают от их уровня.
Всем советую хоть раз тут побывать!",,,2GIS,2gis-ryumochnaya.html
Парадная,Ryumochnaya Paradnaya,Андрей Панкратов,2025-04-03,5,"Атмосфера хорошая
Бармен крут",,,2GIS,2gis-ryumochnaya.html
Парадная,Ryumochnaya Paradnaya,Данил Казанцев,2025-04-03,5,"Вкусные настойки , приятный персонал",,,2GIS,2gis-ryumochnaya.html
Парадная,Ryumochnaya Paradnaya,Denis Ketov_sky,2025-03-03,5,"Красиво, антуражно, на разок можно сходить",,,2GIS,2gis-ryumochnaya.html
Парадная,Ryumochnaya Paradnaya,Елизавета Едранова,2025-02-22,5,"Любимое место в городе!
Самые вкусные настойки и самый отзывчивый персонал❤️",,,2GIS,2gis-ryumochnaya.html
Парадная,Ryumochnaya Paradnaya,Дарья Соколова,2025-02-22,5,"Лучшее заведение Перми! Очень вкусные настойки и бутерброды! Всегда позитивная атмосфера, веселые бармены и кайфовая музыка!",,,2GIS,2gis-ryumochnaya.html
Парадная,Ryumochnaya Paradnaya,Никита Спехов,2025-02-22,5,"Все отлично , все вкусно",,,2GIS,2gis-ryumochnaya.html
Парадная,Ryumochnaya Paradnaya,Никита Баталов,2025-02-21,1,Новая политика… вход только с 21 года. В -30 просто выгнали на улицу. 20лет - входа нет. Имейте в виду. Клиентоориентированность на нуле,,,2GIS,2gis-ryumochnaya.html
Парадная,Ryumochnaya Paradnaya,Анна Куликова,2025-02-21,5,"Красивое, интересное заведение . Очень вкусные, разнообразные настойки . Особенно понравилась облепиховая .",,,2GIS,2gis-ryumochnaya.html
Парадная,Ryumochnaya Paradnaya,Ольга Смирнова,2025-02-20,5,"Отлично место для отдыха! Ходим регулярно. Нравится атмосфера, настойки, закуски. Официанты- классные ребята!
Желаем процветания! Ураа!",,,2GIS,2gis-ryumochnaya.html
Парадная,Ryumochnaya Paradnaya,Максим Суранов,2025-02-19,5,"Лучшее место, настойки вкусные, еда вкусная, персонал вкусный 😋",,,2GIS,2gis-ryumochnaya.html
Парадная,Ryumochnaya Paradnaya,Гость от «нетмонет»,2025-02-18,5,"Ваще классно
Мальчишки довольны
Пиво дрим Тим кайф люблю пить его
Девчонки офики крутые!",,,2GIS,2gis-ryumochnaya.html
Парадная,Ryumochnaya Paradnaya,Гость от «нетмонет»,2025-02-14,5,Ну они!!!!,,,2GIS,2gis-ryumochnaya.html
Парадная,Ryumochnaya Paradnaya,Александра Обухова,2025-02-03,5,"Одно из любимых заведений 😍
Очень классная атмосфера и вкусные настойки",,,2GIS,2gis-ryumochnaya.html
Парадная,Ryumochnaya Paradnaya,Санечка Заякина,2025-02-02,5,"Ходила уже миллион раз, только дошли руки написать отзыв. Ребята🔥 настойки, закуски, да вообще все круто",,,2GIS,2gis-ryumochnaya.html
Парадная,Ryumochnaya Paradnaya,Елена Вербовская,2025-01-23,5,"Воу, это же просто ох*енно, откуда вы только взялись, шизоиды. Я теперь ваш фанат.",,,2GIS,2gis-ryumochnaya.html
Парадная,Ryumochnaya Paradnaya,Алиса Щербатюк,2025-01-10,5,"Все красиво, атмосфера, но очень мало место и не очень дёшево, вкусные наливки настойки,но интересное место",,,2GIS,2gis-ryumochnaya.html
Парадная,Ryumochnaya Paradnaya,Глеб Павлецов,2025-01-09,5,Приятное заведение и хорошие напитки,,,2GIS,2gis-ryumochnaya.html
Парадная,Ryumochnaya Paradnaya,Марина Сахапова-Панарина,2025-01-04,5,"Крутое заведение!!! Атмосфера, Официанты С Большой буквы! И наливают воду!!! Это круто!!! Классное заведение!!!",,,2GIS,2gis-ryumochnaya.html
Парадная,Ryumochnaya Paradnaya,Ирина Тиунова,2025-01-04,5,"Шикарное место. Эстетика, отдых, уют, атмосфера. Бармен Егор - изюминка места, профессионал своего дела! Прекрасно с мужем провели время.",,,2GIS,2gis-ryumochnaya.html
Парадная,Ryumochnaya Paradnaya,SpeedFunny Kosovskikh,2024-12-21,5,"Отличные настойки, вкусные бутеры с паштетом, красивые бармены, рекомендую, вернусь ещё!",,,2GIS,2gis-ryumochnaya.html
Парадная,Ryumochnaya Paradnaya,Нелли Шафигуллина,2024-12-18,4,"Самые лучшие бармены! Вайб, музыка. Алексей, лучший Бармен🤍",,,2GIS,2gis-ryumochnaya.html
Парадная,Ryumochnaya Paradnaya,Елена Л,2024-12-17,5,"Очень приятное место, настойки вкусные, бармен Андрей и менеджер Матвей огонь! Чисто и приятно!!!",,,2GIS,2gis-ryumochnaya.html
Парадная,Ryumochnaya Paradnaya,Гость от «нетмонет»,2024-12-08,2,Спасибо!,,,2GIS,2gis-ryumochnaya.html
Парадная,Ryumochnaya Paradnaya,Ваник Сарибекян,2024-11-29,5,Банановая настойка топ!!,,,2GIS,2gis-ryumochnaya.html
Парадная,Ryumochnaya Paradnaya,Гость от «нетмонет»,2024-11-26,5,"Лера лучшая!! от сережки и алисы, сори деняк нет ахаэа",,,2GIS,2gis-ryumochnaya.html
Парадная,Ryumochnaya Paradnaya,Никита Первяков,2024-11-05,5,"Настойки супер, обслуживание норм, атмосфера огонь, кстати костюм у официантки был жёлтого цвета😁😁😁",,,2GIS,2gis-ryumochnaya.html
Парадная,Ryumochnaya Paradnaya,Гость от «нетмонет»,2024-10-10,5,"Отличное обслуживание, Андрей топ официант, респект заведению и мы счастливы!!!",,,2GIS,2gis-ryumochnaya.html
Парадная,Ryumochnaya Paradnaya,Elena Palmer,2024-09-13,5,Атмосферное место. Вкусные шоты. Приятное обслуживание.,,,2GIS,2gis-ryumochnaya.html
Парадная,Ryumochnaya Paradnaya,Сергей Третьяков,2024-08-28,5,Офигенная команда. Всё вкусно. Отличная рюмка в самом центре города,,,2GIS,2gis-ryumochnaya.html
Парадная,Ryumochnaya Paradnaya,Юлия Макарова,2024-08-16,5,"Вкусно ! Пьяно сыто , кайф вообщем",,,2GIS,2gis-ryumochnaya.html
Парадная,Ryumochnaya Paradnaya,Екатерина Швецова,2024-07-30,5,"Персонал заслуживает отдельной похвалы, ради такого обслуживания хочется возвращаться вновь) Еда напитки всё прекрасно, спасибо.",,,2GIS,2gis-ryumochnaya.html
Парадная,Ryumochnaya Paradnaya,Гость от «нетмонет»,2024-07-17,5,Шикарное место. Пермь вся тут.,,,2GIS,2gis-ryumochnaya.html
Парадная,Ryumochnaya Paradnaya,Городская легенда,2024-07-14,5,"Отличное место, поболтать и расслабиться, вкусная закуска 👍🏻",,,2GIS,2gis-ryumochnaya.html
Парадная,Ryumochnaya Paradnaya,Анастасия Гилева,2024-07-10,5,"Прекрасное место, крутой персонал !",,,2GIS,2gis-ryumochnaya.html
Парадная,Ryumochnaya Paradnaya,Nadine T,2024-07-02,5,"Были в том году, с подругами. Всё понравилось!",,,2GIS,2gis-ryumochnaya.html
Парадная,Ryumochnaya Paradnaya,Леонид Тернавский,2024-06-24,5,Отличное место!,,,2GIS,2gis-ryumochnaya.html
Парадная,Ryumochnaya Paradnaya,Дмитрий Шулятьев,2024-06-23,5,"Уютное местечко, много разновидностей настоек.",,,2GIS,2gis-ryumochnaya.html
Парадная,Ryumochnaya Paradnaya,Ginger Honey,2024-06-21,5,"Отличная атмосфера, вкусные и необычные настойки. Бармены красавчики и юмористы. Открыла для себя это заведение и буду постоянным гостем )",,,2GIS,2gis-ryumochnaya.html
Парадная,Ryumochnaya Paradnaya,Дмитрий Чернов,2024-06-15,5,"Супер настойки, обслуживание на высоте, заходите кайфанете)",,,2GIS,2gis-ryumochnaya.html
Парадная,Ryumochnaya Paradnaya,Anna Anna,2024-06-15,5,Классное атмосферное место с очень хорошим обслуживанием и вкусными напитками. Обязательно к посещению,,,2GIS,2gis-ryumochnaya.html
Парадная,Ryumochnaya Paradnaya,Стёпа Хошхоев,2024-05-23,5,"Отличное место, хорошие шоты) отдельное спасибо Андрею",,,2GIS,2gis-ryumochnaya.html
Парадная,Ryumochnaya Paradnaya,Анна А,2024-05-22,5,"Крутое заведение! Очень большой выбор настоек, необычно и вкусно 🥃",,,2GIS,2gis-ryumochnaya.html
Парадная,Ryumochnaya Paradnaya,Елена Вавилина,2024-05-22,5,Классное место! Атмосферно и весело!,,,2GIS,2gis-ryumochnaya.html
Парадная,Ryumochnaya Paradnaya,Илья Кикирев,2024-05-18,5,Очень приятное место советую сюда прийти всём😊😊☺☺😊😊☺☺😃😃😃😃,,,2GIS,2gis-ryumochnaya.html
Парадная,Ryumochnaya Paradnaya,Elizaveta Grekhova,2024-05-05,5,Классные настойки! Персонал отлично знает свое дело!,,,2GIS,2gis-ryumochnaya.html
Парадная,Ryumochnaya Paradnaya,Александр,2024-04-25,5,"Отличное атмосферное место, и настойки вкусные. Настойка которая мне нравиться почему-то считают ругательством ))))",,,2GIS,2gis-ryumochnaya.html
Парадная,Ryumochnaya Paradnaya,Гость от «нетмонет»,2024-04-22,5,"Все супер, спасибо за вечер!))",,,2GIS,2gis-ryumochnaya.html
Парадная,Ryumochnaya Paradnaya,Елизавета Шафранова,2024-04-13,5,"Андрей, Антон и Егор восхитительные бармены
!!!!!!",,,2GIS,2gis-ryumochnaya.html
Парадная,Ryumochnaya Paradnaya,Лана Яткина,2024-04-13,5,"Лучшее место, лучшие бармены,!!!!!!! Невероятно провели время!!!! Андрей, Антон, Егор просто невероятные бармены!!!!!!!!❤️❤️❤️",,,2GIS,2gis-ryumochnaya.html
Парадная,Ryumochnaya Paradnaya,Вероника Земцова,2024-04-11,5,Отдельное уважение за прокладки в туалетк,,,2GIS,2gis-ryumochnaya.html
Парадная,Ryumochnaya Paradnaya,Элин Элин,2024-04-09,5,"Мне понравилось, классное место, бармены красавчики",,,2GIS,2gis-ryumochnaya.html
Парадная,Ryumochnaya Paradnaya,Милена Владимировна,2024-04-04,5,"Лучшие 🌸приятная атмосфера, приятные люди 🌷",,,2GIS,2gis-ryumochnaya.html
Парадная,Ryumochnaya Paradnaya,Гость от «нетмонет»,2024-03-31,5,жесткие комфорты. векового процветания и благополучия всем и каждому в парадной команде. фрикинг респектабл.,,,2GIS,2gis-ryumochnaya.html
Парадная,Ryumochnaya Paradnaya,Алексей Плотников,2024-03-24,5,"Лучшее заведение города! Настойки отличного качества, никогда с них не болел. Персонал всегда приветлив, бармены вообще самые лучшие!",,,2GIS,2gis-ryumochnaya.html
Парадная,Ryumochnaya Paradnaya,Гость от «нетмонет»,2024-03-08,5,"Ребята, я вас люблю ❤️🥵
Настик Ланчи.",,,2GIS,2gis-ryumochnaya.html
Парадная,Ryumochnaya Paradnaya,Иванна Иванкова,2024-03-07,5,"Отличное место, вкусные настойки, атмосферно",,,2GIS,2gis-ryumochnaya.html
Парадная,Ryumochnaya Paradnaya,Юлия Петерсон,2024-03-02,5,"Шикарно
Впрочем как и всегда✨
Красиво и вкусно)",,,2GIS,2gis-ryumochnaya.html
Парадная,Ryumochnaya Paradnaya,Tyler Ross,2024-02-25,5,"Лучшее место, уже два года не выхожу",,,2GIS,2gis-ryumochnaya.html
Парадная,Ryumochnaya Paradnaya,Надежда Старикова,2024-02-24,5,"Отличные настойки, кухня тоже порадовала) И спасибо официантам и в целом персоналу! Приеду ещё раз и буду рекомендовать друзьям!)",,,2GIS,2gis-ryumochnaya.html
Парадная,Ryumochnaya Paradnaya,Vladimir Ivanov,2024-02-23,5,"Интересно. Движ. Есть риск, что все места будут заняты.",,,2GIS,2gis-ryumochnaya.html
Парадная,Ryumochnaya Paradnaya,Влад Е,2024-02-22,5,"Лучший бар в городе, 2 года отдыхаю только здесь. Атмосфера, персонал, выпивка все на высшем уровне!",,,2GIS,2gis-ryumochnaya.html
Парадная,Ryumochnaya Paradnaya,Аня Елькина,2024-02-22,5,"Замечательное место для встречи с друзьями, весёлые и общительные бармены. Отдельно хочу выделить интерьер, приятно там находится",,,2GIS,2gis-ryumochnaya.html
Парадная,Ryumochnaya Paradnaya,Александр Шилов,2024-02-20,5,"шалом, приятели
место — кайфовое! бармены ещё лучше!
Сливочный банан в сердечке 🤍",,,2GIS,2gis-ryumochnaya.html
Парадная,Ryumochnaya Paradnaya,Надя Филиппова,2024-02-19,5,"Прекрасное место, персонал уже стал как семья, есть настойки на любой вкус, всем советую!❤️",,,2GIS,2gis-ryumochnaya.html
Парадная,Ryumochnaya Paradnaya,Даша Трутнева,2024-02-19,5,"Отличное место, самые вкусные настойки в городе
Советую приехать сюда хотя бы раз, останетесь здесь надолго))",,,2GIS,2gis-ryumochnaya.html
Парадная,Ryumochnaya Paradnaya,Вадим Вагнер,2024-02-19,5,Объективно лучшая рюмочная в городе. Либеральные цены на вкусные коктейли. Раз в неделю захожу посидеть и отдохнуть в приятной атмосфере,,,2GIS,2gis-ryumochnaya.html
Парадная,Ryumochnaya Paradnaya,Anst 777,2024-02-07,5,Хорошее и атмосферное заведение. Цены вполне демократичные.,,,2GIS,2gis-ryumochnaya.html
Парадная,Ryumochnaya Paradnaya,Гость от «нетмонет»,2024-01-28,5,"Было круто! Невероятные закуски и прекрасные настойки. Официанту с короткой стрижкой отдельный респект❤️
Пусть напишет мне в тг: Ravenclaw_31",,,2GIS,2gis-ryumochnaya.html
Парадная,Ryumochnaya Paradnaya,Полина Иванова,2024-01-09,4,"Хорошее заведение поболтать, выпить и отдохнуть)",,,2GIS,2gis-ryumochnaya.html
Парадная,Ryumochnaya Paradnaya,Гость от «нетмонет»,2024-01-06,5,"АХУ...ЕЛЬНО МЕСТО!!! Обязательно заходите сюда, если вы не были или впервые в Перми!",,,2GIS,2gis-ryumochnaya.html
Парадная,Ryumochnaya Paradnaya,Светлана Новопашина,2023-12-26,5,"Очень классное место, необычные настойки, вежливые официанты.",,,2GIS,2gis-ryumochnaya.html
Парадная,Ryumochnaya Paradnaya,Гость от «нетмонет»,2023-12-06,5,Спасибо ребятам!,,,2GIS,2gis-ryumochnaya.html
Парадная,Ryumochnaya Paradnaya,Гость от «нетмонет»,2023-12-06,5,"Лучшие в Перми. Музыка, кухня, напитки всё на высоте. Всем обязательно стоит зайти сюда",,,2GIS,2gis-ryumochnaya.html
Парадная,Ryumochnaya Paradnaya,Гость от «нетмонет»,2023-12-02,5,"Лучшей девушке, которая каким-то образом с длиннющими ногтями умудряется попадать по клавишам на телефоне. <3",,,2GIS,2gis-ryumochnaya.html
Парадная,Ryumochnaya Paradnaya,Гость от «нетмонет»,2023-11-24,5,"Бармены красавчики, спасибо за лимончелу❤️.",,,2GIS,2gis-ryumochnaya.html
Парадная,Ryumochnaya Paradnaya,Лера Демидова,2023-10-22,5,"Шикарное заведение, ценник еще лучше🔥
Очень уютно, приятный персонал, есть о чем пообщаться
Можно приходить одному, скучно не будет)",,,2GIS,2gis-ryumochnaya.html
Парадная,Ryumochnaya Paradnaya,Евгений Какойтович,2023-10-15,5,"Персонал уже стал как семья. Замечательные настойки, крутые тусовки",,,2GIS,2gis-ryumochnaya.html
Парадная,Ryumochnaya Paradnaya,Ирина Шихарева,2023-08-23,5,"Отличное место, прекрасный персонал, настойки вау, всем рекомендую)))",,,2GIS,2gis-ryumochnaya.html
Парадная,Ryumochnaya Paradnaya,Гость от «нетмонет»,2023-08-15,5,Лучшая девушка с прозрачными тоннелями.,,,2GIS,2gis-ryumochnaya.html
Парадная,Ryumochnaya Paradnaya,Гость от «нетмонет»,2023-08-11,4,Все супер!,,,2GIS,2gis-ryumochnaya.html
Парадная,Ryumochnaya Paradnaya,Михаил Т,2023-08-07,5,"Хорошее место, адекватные цены, приветливый и вежливый персонал. Приличный выбор напитков и закусок. Рекомендую попробовать настойки в честь 300-летия Перми",,,2GIS,2gis-ryumochnaya.html
Парадная,Ryumochnaya Paradnaya,Гость от «нетмонет»,2023-08-05,5,Официант Алексей лучший!,,,2GIS,2gis-ryumochnaya.html
Парадная,Ryumochnaya Paradnaya,Александр Прочаков,2023-08-03,5,"Самые вкусные в мире настойки, не знаю кто их делает, но он просто Бог!
Сервис великолепный, интерьер восхитительный!",,,2GIS,2gis-ryumochnaya.html
Парадная,Ryumochnaya Paradnaya,Андрей А.,2023-08-02,5,Классное место 👍🔥,,,2GIS,2gis-ryumochnaya.html
Парадная,Ryumochnaya Paradnaya,Патокина Ксения,2023-07-28,5,Шедеврально!,,,2GIS,2gis-ryumochnaya.html
Парадная,Ryumochnaya Paradnaya,Мария Ермольчева,2023-07-22,5,Это кайф :),,,2GIS,2gis-ryumochnaya.html
Парадная,Ryumochnaya Paradnaya,Юлия Чиганцева,2023-07-15,5,"Отличное место! Очень атмосферно! Необычно, оригинально, вкусно!",,,2GIS,2gis-ryumochnaya.html
Парадная,Ryumochnaya Paradnaya,Nikolay Mitrofanov,2023-06-30,5,"Очень атмосферное и стильное место! Очень вкусные настойки, коктейли и закуски! Второй раз в Перми и целенаправленно шли сюда!",,,2GIS,2gis-ryumochnaya.html
Парадная,Ryumochnaya Paradnaya,Максим Алыев,2023-06-19,5,"Все атас!! Ильюха красавчик, Устюгов вообще огонь!!! Девочки вообще умнички, бармены волшебники! Все молодцы, всех люблю",,,2GIS,2gis-ryumochnaya.html
Парадная,Ryumochnaya Paradnaya,Vadim Sichkarev,2023-06-17,5,"Отличное место, прекрасное обслуживание, рекомендую!",,,2GIS,2gis-ryumochnaya.html
Парадная,Ryumochnaya Paradnaya,Владислав Поздеев,2023-06-12,5,"Отличная рюмочная! Самое то отдохнуть и расслабиться вечерком!
Респект, так держать!",,,2GIS,2gis-ryumochnaya.html
Парадная,Ryumochnaya Paradnaya,Гость от «нетмонет»,2023-06-11,5,Ребята молодцы.,,,2GIS,2gis-ryumochnaya.html
Парадная,Ryumochnaya Paradnaya,Анастасия Васильева,2023-05-31,5,Очень классное место. Уютно. Вкусно.,,,2GIS,2gis-ryumochnaya.html
Парадная,Ryumochnaya Paradnaya,Гость от «нетмонет»,2023-05-27,5,"Всё классно, как и всегда. Бармену Ивану отдельный респект и уважение:)",,,2GIS,2gis-ryumochnaya.html
Парадная,Ryumochnaya Paradnaya,Илья Заковырин,2023-05-09,5,Лайк за все,,,2GIS,2gis-ryumochnaya.html
Парадная,Ryumochnaya Paradnaya,EKATERINA KATE,2023-05-04,5,Очень вкусные коктейли,,,2GIS,2gis-ryumochnaya.html
Парадная,Ryumochnaya Paradnaya,Гость от «нетмонет»,2023-04-29,5,от(наверное) хороших гостей для лучших сотрудников))))),,,2GIS,2gis-ryumochnaya.html
Парадная,Ryumochnaya Paradnaya,Пустой .,2023-04-29,5,Просто лучшая рюмочная!,,,2GIS,2gis-ryumochnaya.html
Парадная,Ryumochnaya Paradnaya,Александр Козырев,2023-04-17,5,Перед Том ямом несколько настоечек самое то ))),,,2GIS,2gis-ryumochnaya.html
Парадная,Ryumochnaya Paradnaya,Мария Швецова,2023-04-11,5,Шикарное место! Вкуснейшие настойки и обаятельные бармены!,,,2GIS,2gis-ryumochnaya.html
Парадная,Ryumochnaya Paradnaya,Зарина Самиева,2023-04-05,5,Отличное заведение. Приятный и вежливый персонал. Вкусная еда и напитки!,,,2GIS,2gis-ryumochnaya.html
Парадная,Ryumochnaya Paradnaya,Вежливый Человек,2023-03-31,5,Очень классное место. Офики топ. Напитки и закуски бомба.,,,2GIS,2gis-ryumochnaya.html
Парадная,Ryumochnaya Paradnaya,Tatyana Koroleva,2023-03-30,5,"Прекрасное обслуживание, официант всегда за нас переживал, спрашивал все ли хорошо. Заказывали настойки и закуски. Все было очень вкусно!",,,2GIS,2gis-ryumochnaya.html
Парадная,Ryumochnaya Paradnaya,Arina D,2023-03-24,5,"Место, которое просто попадает в самое сердечко! Начиная персоналом, а заканчивая интерьером и конечно же всем, что есть в меню🤍",,,2GIS,2gis-ryumochnaya.html
Парадная,Ryumochnaya Paradnaya,denis alexeev,2023-03-08,5,"Отличное место, всем рекомендую.",,,2GIS,2gis-ryumochnaya.html
Парадная,Ryumochnaya Paradnaya,Sem French,2023-02-13,5,"Прикольное, молодежное место. Но из еды только закуски",,,2GIS,2gis-ryumochnaya.html
Парадная,Ryumochnaya Paradnaya,Elena В,2023-02-02,5,"Очень понравилось, классная атмосфера; огромный выбор настоек; место в которое хочется вернуться 👍🏼",,,2GIS,2gis-ryumochnaya.html
Парадная,Ryumochnaya Paradnaya,Кирилл Лучников,2023-01-21,5,Иван лучший!!!!,,,2GIS,2gis-ryumochnaya.html
Парадная,Ryumochnaya Paradnaya,Aleksei B,2023-01-20,5,Отличное место. Прямо рекомендую зайти каждому. Огромный выбор чего бы дерябнуть :),,,2GIS,2gis-ryumochnaya.html
Парадная,Ryumochnaya Paradnaya,Виктория М.,2022-12-15,5,"Самый классный бармен Никита, самый лучший повар Мария❤️отличное заведение, всем рекомендую ❤️",,,2GIS,2gis-ryumochnaya.html
Парадная,Ryumochnaya Paradnaya,Андрей Бурдин,2022-11-18,5,"Очень классное место, бармен топ, дабряк, все круто!)",,,2GIS,2gis-ryumochnaya.html
Парадная,Ryumochnaya Paradnaya,Ольга Орлова,2022-11-09,5,Отличное заведение ! Вежливый и приветливый персонал! В первые здесь-зацепило! Александре большое спасибо!,,,2GIS,2gis-ryumochnaya.html
Парадная,Ryumochnaya Paradnaya,City spirit,2022-10-31,5,"Прекрасное место, шикарная музыка, вкусные напитки, а бутерброд с сыром и плесенью бомба
Бармены душечки💞💞💞",,,2GIS,2gis-ryumochnaya.html
Парадная,Ryumochnaya Paradnaya,Stepan D,2022-10-10,5,"Отличное место, отличный интерьер, отличные сотрудники, отличные настойки, отличные закуски.",,,2GIS,2gis-ryumochnaya.html
Парадная,Ryumochnaya Paradnaya,Женя Захаров,2022-09-17,5,"Саша молодец, лучшие настройки в городе, атмосфера улёт, так держать!)",,,2GIS,2gis-ryumochnaya.html
Парадная,Ryumochnaya Paradnaya,Мария Попова,2022-08-31,5,"Отличное место. Рекомендую. Настойки, обслуживание, ассортимент.
10 из 10.",,,2GIS,2gis-ryumochnaya.html
Парадная,Ryumochnaya Paradnaya,Максим Черпаков,2022-08-23,5,"Просто шикарное и атмосферное место , а про их фирменные настойки рассказывать не буду, зайдите и сами оцените , они реально высшие 😉👍",,,2GIS,2gis-ryumochnaya.html
Парадная,Ryumochnaya Paradnaya,Елизавета А,2022-08-20,5,"Ребята, это офигенное место))) Настойки просто огонь! Очень атмосферно! Любимый Питер ❤️❤️❤️",,,2GIS,2gis-ryumochnaya.html
Парадная,Ryumochnaya Paradnaya,An_ gil,2022-08-14,5,"По советам 2 гиса выбрали этот бар и не пожалели.
Все очень понравилось, обслуживание быстрое, девочки-официантки могут посоветовать)",,,2GIS,2gis-ryumochnaya.html
Парадная,Ryumochnaya Paradnaya,Дмитрий Лыков,2022-07-07,5,"Необычное заведение, понравился подход (внутрений дворик) к заведению; разнообразие настоек",,,2GIS,2gis-ryumochnaya.html
Парадная,Ryumochnaya Paradnaya,Марина Ерёмина,2022-07-01,5,Отличное место 10 из 5 настоек,,,2GIS,2gis-ryumochnaya.html
Парадная,Ryumochnaya Paradnaya,Иосиф Петросян,2022-06-28,5,"Экономия на билетах в Питер, если нужно окунуться в подобную атмосферу. Так держать, идея огонь и исполнение не хромает ни разу",,,2GIS,2gis-ryumochnaya.html
Парадная,Ryumochnaya Paradnaya,Максим Петров,2022-06-27,5,Отличное место! Рекомендую томатовку.Обслуживание на высоте. Очень приятная обстановка. Жаль не дают рецептов. В целом на 5 баллов с +,,,2GIS,2gis-ryumochnaya.html
Парадная,Ryumochnaya Paradnaya,Дмитрий Юров,2022-05-05,5,"Отличное место. Наливочки на любой вкус и очень вкусные закусочки. Обслуживание на высоте, всё расскажут, всё принесут. Пять баллов.",,,2GIS,2gis-ryumochnaya.html
Парадная,Ryumochnaya Paradnaya,Ирина А,2022-05-02,5,Атмосферное заведение с приветливым персоналом.,,,2GIS,2gis-ryumochnaya.html
Парадная,Ryumochnaya Paradnaya,Татьяна Феоктистова,2022-04-30,5,Классно вчера посидели👍🏻 Смородинка отлична😄 Саше респект!,,,2GIS,2gis-ryumochnaya.html
Парадная,Ryumochnaya Paradnaya,Anton Arestov,2022-04-18,5,"Место интересное, я посещал рюмочная и в Ростове и в Питере, эта самая интересная.",,,2GIS,2gis-ryumochnaya.html
Парадная,Ryumochnaya Paradnaya,Farshhhh HHiK,2022-03-15,5,"Лучшее место!
Всем советую",,,2GIS,2gis-ryumochnaya.html
Парадная,Ryumochnaya Paradnaya,Юлия Колосницына,2022-03-15,5,Очень атмосферное место,,,2GIS,2gis-ryumochnaya.html
Парадная,Ryumochnaya Paradnaya,Юлия Низамова,2022-03-15,5,Супер! Класс да,,,2GIS,2gis-ryumochnaya.html
Парадная,Ryumochnaya Paradnaya,Надежда Прозорова,2022-03-15,5,"Атмосферно, отменные напитки, вкуснейшие закусочки",,,2GIS,2gis-ryumochnaya.html
Парадная,Ryumochnaya Paradnaya,Максим Глянцев,2022-03-15,5,"Советую, напитки вкусные, еда тоже. Оформление зала потрясающее, мне очень понравилось.",,,2GIS,2gis-ryumochnaya.html
Парадная,Ryumochnaya Paradnaya,Татьяна Платонова,2022-03-15,5,"Отличное заведение! Бармены супер,готовят вкусные бутерброды с грибочками, креветочки отпад! Спасибо,ребята за хороший отдых!",,,2GIS,2gis-ryumochnaya.html
Парадная,Ryumochnaya Paradnaya,Глеб Ощепков,2022-01-12,5,"Отличное место!
Стоит зайти и выпить))",,,2GIS,2gis-ryumochnaya.html
CDEK,CDEK,Азат Валеев,2025-10-07,5,Быстро. Вежливо.,,,2GIS,2gis-cdek.html
CDEK,CDEK,Татьяна,2025-07-27,5,"Помогли упаковать оборудование, все подсказали. Специалист Ирина! Спасибо большое!",,,2GIS,2gis-cdek.html
CDEK,CDEK,Andrey Aleshin,2025-07-11,5,"чисто, оперативно и очень компетентно, спасибо за оформление отправки в самые кратчайшие сроки) только СДЭК)",,,2GIS,2gis-cdek.html
CDEK,CDEK,О К,2025-06-09,4,"Чуть задержали посылку. Зато выдали быстро, по коду. Спасибо",,,2GIS,2gis-cdek.html
CDEK,CDEK,Катя К,2025-04-13,5,"Быстро приняли посылку , все оформили и работают с утра",,,2GIS,2gis-cdek.html
CDEK,CDEK,Д З,2025-02-25,5,"Все хорошо, быстро, удобно.",,,2GIS,2gis-cdek.html
CDEK,CDEK,Альбина Фарахова,2024-12-24,5,"Хороший пункт выдачи ! Всегда лояльно , качественно !! Хорошее расположение пункта",,,2GIS,2gis-cdek.html
CDEK,CDEK,Surim -oFF,2024-12-13,5,"Доставили все пучком, 5 звездочек вам",,,2GIS,2gis-cdek.html
CDEK,CDEK,Наталья Б.,2024-12-08,5,"Очень хороший пункт на Екатерининской 116. Сотрудники все вежливые и компетентные. А ещё нравится, что работают с 9- 00",,,2GIS,2gis-cdek.html
CDEK,CDEK,Константин Вышинский,2024-08-11,5,"Любимый пункт выдачи, всегда приветливые, вежливые сотрудники",,,2GIS,2gis-cdek.html
CDEK,CDEK,Андрей,2024-08-06,5,"Самая прекрасная франчайзи управляет этим филиалом. Прекрасное обслуживание, все четко и быстро, работал с ними не один раз.",,,2GIS,2gis-cdek.html
CDEK,CDEK,Елена Новицкая,2024-08-06,5,"Отличный пункт, очень вежливый персонал, со всеми вопросами всегда помогают!",,,2GIS,2gis-cdek.html
CDEK,CDEK,Мария Мурель,2024-08-06,5,"Всегда все быстро, вежливый персонал",,,2GIS,2gis-cdek.html
CDEK,CDEK,Николай Данилов,2024-08-04,5,"Грамотная сотрудница, отзывчива, предлагала помощь.",,,2GIS,2gis-cdek.html
CDEK,CDEK,Таня Коскина,2024-08-02,5,"Добрый день! Отличная компания, приветливый персонал",,,2GIS,2gis-cdek.html
CDEK,CDEK,Ирина Пылаева,2024-07-18,5,Проконсультировали по отправке. Помогли все упаковать. Приветливый и доброжелательный персонал.,,,2GIS,2gis-cdek.html
CDEK,CDEK,Елена Исакова,2024-07-16,5,"Хороший пункт выдачи, сотрудники отзывчивые, всегда чисто",,,2GIS,2gis-cdek.html
CDEK,CDEK,Наталья Хребина,2024-07-15,5,"Доставка без повреждений, вовремя. В отделении чисто.",,,2GIS,2gis-cdek.html
CDEK,CDEK,Виктория Давыдова,2024-07-15,5,"Пушка👍🏼отличная работа,очень отзывчивые сотрудники 🌞",,,2GIS,2gis-cdek.html
CDEK,CDEK,Дима Хребин,2024-07-15,5,"Отличное отделение, никаких проблем. Отправку делаем часто",,,2GIS,2gis-cdek.html
CDEK,CDEK,Наталья Горланова,2024-07-13,5,"Очень отзывчивые менеджеры, доставка всегда в срок",,,2GIS,2gis-cdek.html
CDEK,CDEK,Роман Беляев,2024-07-12,5,Ответственные люди работают в данном филиала пункта выдачи. Всегда подскажут и помогут если есть вопросы,,,2GIS,2gis-cdek.html
CDEK,CDEK,Андрей Давыдов,2024-07-12,5,"Отзывчивый персонал, доставка точно в срок. Рекомендую!",,,2GIS,2gis-cdek.html
CDEK,CDEK,Andrey,2024-07-12,5,Сдэк наумбер уан,,,2GIS,2gis-cdek.html
CDEK,CDEK,City spirit,2024-07-12,5,"Отличный пункт, девчонки молодцы, все быстро, четко, оперативно! Приветливые и хорошо сориентировали, так держать 👍Успехов и процветания!",,,2GIS,2gis-cdek.html
CDEK,CDEK,Ирина Жилкина,2024-07-12,5,Лучший пунк выдачи в городе!,,,2GIS,2gis-cdek.html
CDEK,CDEK,Natalya Ovsova,2024-07-12,5,Лучший СДЭК!,,,2GIS,2gis-cdek.html
CDEK,CDEK,No Name,2024-07-12,5,"Вежливые сотрудники, хороший пункт, все понравилось, спасибо. Живу недалеко, поэтому забираю только здесь.",,,2GIS,2gis-cdek.html
CDEK,CDEK,Елена Филипова,2024-07-01,5,Удобный режим работы. Вежливые девушки,,,2GIS,2gis-cdek.html
CDEK,CDEK,Петр Корюкин,2024-04-29,5,"Все хорошо, приветливый персонал!",,,2GIS,2gis-cdek.html
CDEK,CDEK,Альфред Якупов,2024-04-01,5,"Хорошее обслуживание, вежливый менеджер",,,2GIS,2gis-cdek.html
CDEK,CDEK,vini Puh,2024-01-10,1,"Кошмар, трубку не берут, очереди большие",,,2GIS,2gis-cdek.html
CDEK,CDEK,Анна Дегтярёва,2023-10-06,5,"Замечательная девушка менеджер! Очень доброжелательно и спокойно общалась со мной, всё мне объяснила и была очень очень очень доброй и хорошей!",,,2GIS,2gis-cdek.html
CDEK,CDEK,Максим Александрович Егоров,2023-10-03,5,"Отличный пункт в центре города, оперативно принимают и выдают посылки!",,,2GIS,2gis-cdek.html
CDEK,CDEK,K K,2023-07-26,5,Приветливые сотрудницы,,,2GIS,2gis-cdek.html
CDEK,CDEK,Юля Пономарева,2023-03-17,5,"Отличное отделение сдэк, всегда вежливые приветливые девочки работают , помогут подскажут.Спасибо ❤️",,,2GIS,2gis-cdek.html
CDEK,CDEK,Екатерина Голдобина,2023-03-10,5,Быстро и качественно обслужила менеджер Анастасия. Всем осталась довольна. Рекомендую данный офис 👍👍👍,,,2GIS,2gis-cdek.html
CDEK,CDEK,Инна Марченко,2023-03-10,5,"Отличное обслуживание, приветливые сотрудники, все понравилось, буду пользоваться вашими услугами",,,2GIS,2gis-cdek.html
CDEK,CDEK,Жанна Русинова,2023-01-31,5,"Все очень быстро получила, все хорошо!",,,2GIS,2gis-cdek.html
CDEK,CDEK,Ольга К.,2022-11-24,5,"Быстрое обслуживание, не нужен паспорт. Посылки приходят целыми и доставка по адекватной цене.",,,2GIS,2gis-cdek.html
CDEK,CDEK,Константин Егоров,2022-11-03,5,Все супер!,,,2GIS,2gis-cdek.html
CDEK,CDEK,Валентина Катаева,2022-10-18,5,"Прибежала в 20:05,дверь закрыта.Опоздала.Девушка очень любезно вошла в мое положение,открыла дверь и отдала посылку.Спасибо большое ей за понимание !",,,2GIS,2gis-cdek.html
CDEK,CDEK,Мария Б.,2022-09-29,5,"Всегда оперативная доставка, сервис хороший",,,2GIS,2gis-cdek.html
CDEK,CDEK,Салават Т.,2022-08-31,5,"доставили быстро, без проблем!",,,2GIS,2gis-cdek.html
CDEK,CDEK,Анастасия Минц,2022-06-04,5,"Быстрая доставка по России, качественное обслуживание.",,,2GIS,2gis-cdek.html
CDEK,CDEK,Елена Кудряшова,2022-05-30,5,"Все хорошо: девушки вежливые, работают оперативно, при необходимости помогают с упаковкой, помещение чистое.",,,2GIS,2gis-cdek.html
CDEK,CDEK,Алексей Комаров,2022-04-15,5,"Персонал вежливый , помогли в оформлении и отправке посылки , все чисто и уютно …",,,2GIS,2gis-cdek.html
CDEK,CDEK,Александр Борисов,2022-03-23,5,Персонал вежливый. Спасибо за быстроту доставки. Пришло до клиента вовремя и в целости.,,,2GIS,2gis-cdek.html
CDEK,CDEK,Роман Ризнык,2021-11-17,5,"Работаем со Сдэк-Пермь, выручают наш завод в сложных ситуациях. Сотрудники всегда прорабатывают заявку на 100%. Спасибо за Вашу работу.",,,2GIS,2gis-cdek.html
CDEK,CDEK,Валерия Галиуллина,2021-11-16,5,"Спасибо за отзывчивость, за оперативность! Менеджер Ольга мне очень помогла с решением очень важной отправки! Спасибо ей за помощь!",,,2GIS,2gis-cdek.html
CDEK,CDEK,Андрей Павленко,2021-10-13,5,"Получал и отправлял заказ. Отличный коллегтив, все помогли рассказали. Очень понравилось. Спасибо за такой сервис.",,,2GIS,2gis-cdek.html
CDEK,CDEK,Albina Pusya,2021-10-09,5,"Сотрудники приветливые, внимательные. Мне всё понравилось.",,,2GIS,2gis-cdek.html
CDEK,CDEK,francis,2020-08-25,1,Самая ужасная служба !!!,,,2GIS,2gis-cdek.html
CDEK,CDEK,Олеся Гальчик,2020-08-19,5,Хорошее подразделение. Всегда обслуживаемся только в этом офисе,,,2GIS,2gis-cdek.html
CDEK,CDEK,Илья Разницын,2020-08-18,5,Здравствуйте! Хочу выразить благодарность Анастасии Павленко! Всегда вежливая и приветливая! Побольше бы таких сотрудников 😉,,,2GIS,2gis-cdek.html
CDEK,CDEK,Виктор Корытов,2020-05-27,1,С ноября прошлого года не могут решить вопрос. Предложили компенсацию за задержку и теперь пинают с одного офиса в другой. Научите персонал работать!,,,2GIS,2gis-cdek.html
CDEK,CDEK,Oleg Nikitin,2019-05-27,5,"Отправлял посылки несколько раз в офисе на Екатерининской. Сервисом доволен, спасибо сотрудникам за отличную работу!!!",,,2GIS,2gis-cdek.html
CDEK,CDEK,В поисках уникального),2018-01-11,2,"Заказывал в инет-магазине компьютерную периферию, выбрал службу доставки СДЭК. По самой доставке вопросов нет, но обслуживание в офисе на двоечку.",,,2GIS,2gis-cdek.html
Центральная Пермская синагога,Tsentral'naya Permskaya Sinagoga,Матвей Ширяев,2023-06-19,5,"Классное место,отмечали день рождения друга,получилось огненно!!",,,2GIS,2gis-synagogue.html
Центральная Пермская синагога,Tsentral'naya Permskaya Sinagoga,Родион Подъянов,2018-12-07,5,Аренда недвижимости хорошая компаниями нашли квартиру быстро уже живём,,,2GIS,2gis-synagogue.html
Центральная Пермская синагога,Tsentral'naya Permskaya Sinagoga,Антон Кругляшов,2018-11-28,5,"компания хорошая, специалисты работают замечательно, находят подход к каждому клиенту",,,2GIS,2gis-synagogue.html
Центральная Пермская синагога,Tsentral'naya Permskaya Sinagoga,Viktor Loschinkin,2018-11-20,5,Красивый исторический особняк. Рекомендую любителям старины для просмотра.,,,2GIS,2gis-synagogue.html
Tsentral'naya Permskaya Sinagoga,Tsentral'naya Permskaya Sinagoga,,,,"И храм, и бизнес

В 1870-е годы на улице Екатерининской, 116 уже находился деревянный молельный дом еврейской общины. В 1912 году Городской Управой был рассмотрен и одобрен проект на постройку, взамен деревянного, каменного здания синагоги. Один из вариантов проекта составлен чертежно-строительным бюро В.Е. Гладких, другой проект, соответствующий построенному зданию, не подписан. Здание синагоги двухэтажное, вытянуто вглубь участка. Главный фасад состоит из двух частей: основной, имеющей в свою очередь трехчастное деление – центр со щипцом и два фланкирующих ризалита, и пониженного объема с лестничной клеткой, расположенного в восточной части фасада. Купола, когда-то венчавшие ризалиты, утрачены. При внешней простоте, здание производит впечатление строгой торжественности. В ноябре 1929 года синагога была закрыта, а здание передано Пермскому Театру Рабочей Молодёжи. Позже здесь размещались различные организации, такие как Энергосбыт, Пермский научный центр УрО АН СССР и др. В 1993 г. здание возвращено верующим. Правда, часть помещений сдается в аренду коммерческим организациям.
Передний фасад синагоги неплохо отремонтирован, всё прилично, но со двора здание выглядит удручающе. Если не знать, что это религиозное сооружение, можно подумать, что это какой-то полузаброшенный склад.
Нехорошо это, не по-божески...","Both a temple and a business

In the 1870s, a wooden prayer house of the Jewish community was already located at 116 Yekaterininskaya Street. In 1912, the City Council reviewed and approved a project to build a synagogue to replace the wooden one, a stone building. One of the project versions was drawn up by the V.E. Gladkikh drawing and construction bureau; another project, corresponding to the constructed building, was not signed. The synagogue building is two-story, stretched deep into the site. The main facade consists of two parts: the main one, which in turn has a three-part division - a center with a gable and two flanking risalits, and a lowered volume with a staircase, located in the eastern part of the facade. The domes that once crowned the risalits have been lost. Despite its external simplicity, the building gives the impression of strict solemnity. In November 1929, the synagogue was closed, and the building was given to the Perm Theater of Working Youth. Later, various organizations were located here, such as Energosbyt, the Perm Scientific Center of the Ural Branch of the USSR Academy of Sciences, etc. In 1993, the building was returned to believers. True, some of the premises are rented out to commercial organizations.
The front facade of the synagogue is well repaired, everything is decent, but from the yard the building looks depressing. If you do not know that this is a religious building, you might think that this is some kind of half-abandoned warehouse.
This is not good, not godly...",,Google Maps (JSON),google-synagogue.txt
Tsentral'naya Permskaya Sinagoga,Tsentral'naya Permskaya Sinagoga,,,,"Побывала в Синагоге случайно, очень приветливые служители,  угостили Мацой. Провели небольшую экскурсию. Нет помпезности , все просто и доброжелательно","I visited the synagogue by chance. The staff were very friendly and offered matzah. They gave me a short tour. There was no pomp, just simple and welcoming.",,Google Maps (JSON),google-synagogue.txt
Tsentral'naya Permskaya Sinagoga,Tsentral'naya Permskaya Sinagoga,,,,"Я была с экскурсоводом.Много рассказали о еврейской вере,ее историю,их обычаях и  праздниках,о постах,сейчас они живут в 5780году,у них другой календарь жизни,а книга у евреев называется Тори и читается она сзади на перед.","I was with a tour guide. They told me a lot about the Jewish faith, its history, their customs and holidays, about fasts, now they live in 5780, they have a different calendar of life, and the book of the Jews is called Tori and it is read from back to front.",,Google Maps (JSON),google-synagogue.txt
Tsentral'naya Permskaya Sinagoga,Tsentral'naya Permskaya Sinagoga,,,,Рядом отличная раковарня. В синагоге не был.,There is a great crayfish factory nearby. I haven't been to the synagogue.,,Google Maps (JSON),google-synagogue.txt
Tsentral'naya Permskaya Sinagoga,Tsentral'naya Permskaya Sinagoga,,,,Святое место! Людей от бога всегда отделяет только покрытая голова.,A holy place! People are always separated from God only by a covered head.,,Google Maps (JSON),google-synagogue.txt
Tsentral'naya Permskaya Sinagoga,Tsentral'naya Permskaya Sinagoga,,,,Аскетично красивое старое здание.,An ascetically beautiful old building.,,Google Maps (JSON),google-synagogue.txt
Tsentral'naya Permskaya Sinagoga,Tsentral'naya Permskaya Sinagoga,,,,Приветливо,Friendly,,Google Maps (JSON),google-synagogue.txt
Tsentral'naya Permskaya Sinagoga,Tsentral'naya Permskaya Sinagoga,,,,Топавая Синагога!!!Всем советую!!!,Top-notch Synagogue!!! I recommend it to everyone!!!,,Google Maps (JSON),google-synagogue.txt
"Ryumochnaya ""Paradnaya""",Ryumochnaya Paradnaya,,,,Парадная - первая рюмочная Перми.,https://www.google.com/local/place/rap/merchantdescription,,Google Maps (JSON),google-ryumochnaya.txt
"Ryumochnaya ""Paradnaya""",Ryumochnaya Paradnaya,,,,"Настоящее открытие и любимый уголок!

Это место обладает удивительной способностью поднимать настроение. Сюда хочется возвращаться снова и снова, и во многом это заслуга команды. Очень душевные и внимательные люди, которые создают по-настоящему тёплую и дружескую обстановку.

Но главный хит — это, без сомнения, авторские настойки. Такого богатства вкусов и ароматов я не встречал больше ни в одном заведении. Каждая — это маленькое произведение искусства, которое хочется смаковать.

Здесь царит особая магия, после которой чувствуешь себя отдохнувшим и заряженным позитивом. Топовое место, чтобы провести вечер с прекрасными напитками и в отличной компании.","A true discovery and a favorite spot!

This place has an amazing ability to lift your spirits. You want to come back again and again, and this is largely thanks to the team. They are very warm and attentive people who create a truly warm and friendly atmosphere.

But the main highlight is, without a doubt, the signature liqueurs. I haven't encountered such a richness of flavors and aromas in any other establishment. Each one is a small work of art that you want to savor.

A special magic reigns here, leaving you feeling rested and energized. A top spot for an evening with excellent drinks and great company.",,Google Maps (JSON),google-ryumochnaya.txt
"Ryumochnaya ""Paradnaya""",Ryumochnaya Paradnaya,,,,"Вчера мы втроём приехали в бар. Я бывала у вас и ДО этого. Мои подружки - нет. Привезла их, в первую очередь, ради атмосферы и фоток. Нас встретил молодой человек, спросил паспорта. Все совершеннолетние, но одной из нас 19 полных лет. На это молодой человек ответил, что ЗАВЕДЕНИЕ 21+. Я на это я ответила, что: ""ей алкоголь куплю я потому что мне 33"". На это последовал отказ. Далее я сказала: ""окей, налейте ей просто воды, а мы выпьем по коктейлю"". В ответ услышали тоже самое, что ДО 21 года нельзя находиться в заведении потому что это ВНУТРЕННИЕ ПРАВИЛА заведения.  Внутренние правила - это прекрасно, но есть нюанс: внутренние правила касаются ТОЛЬКО сотрудников и НИКОГДА посетителей. В этой связи я задала вполне себе закономерный вопрос: в соответствии с каким законом нас отказываются обслуживать, если алкоголь в РФ отпускают с 18 лет? На что был приглашен ""ГЛАВНЫЙ БАРМЕН"", который ссылался на ""политику заведения"", на несуществующие законы, а потом он угрожал вызвать гбр. На что я ответила: ""вызывайте, я вызову полицию"".
Надумали нас гбр пугать. Во-первых, гбр - это НЕ полиция. Прав у них никаких нет против безоружных девушек, КОТОРЫЕ НЕ ПРОЯВЛЯЮТ АГРЕССИЮ. Во-вторых, гбр - это вам не цирковые обезьяны, которые будут бегать за вами, чтобы кого-то там пугать. В-третьих, я попросила ""главного бармена"" написать отказ в письменном виде. Он пошёл консультироваться с каким-то человеком, который сидел за барной стойкой. Из контекста я поняла, что это сотрудник заведения, но оказалось, что нет. В конечном итоге ""ГЛАВНЫЙ БАРМЕН"" притащил книжку с законами, усиленно ее листал, но так и не нашел нужную статью, поэтому ее на всякий случай выдумал. Подытожил тем, что: ""Я МОГУ ВАС ОТКАЗАТЬ В ОБСЛУЖИВАНИИ БЕЗ ОБЪЯСНЕНИЯ ПРИЧИН"". Не-а, не можете. Открывайте всей своей дружной компанией Закон о защите прав потребителей, а также Гражданский кодекс РФ и читайте. Ваше заведение, во-первых, общественное место. Отказывать кому-то в чем-то вы можете у себя дома.
Во-вторых, сам факт существования вашего заведения - это ПУБЛИЧНАЯ ОФЕРТА. Вы не можете отказаться тому, кто пришёл к вам за услугой и ГОТОВ ее оплатить. Единственный вариант отказаться - это в случае, если кто-то из нас создавал угрозу сотрудникам и(или) другим посетителям (никто ее не создавал). В связи со всем вышеизложенным, вы в лице ""ГЛАВНОГО БАРМЕНА"" не оставили мне никаких вариантов кроме как обратиться в прокуратуру и Роспотребнадзор для защиты наших законных прав и интересов, не нарушающих нормы действующего законодательства. П.с. я спросила у ""ГЛАВНОГО БАРМЕНА"" ведётся ли запись с камер, на что получила утвердительный ответ. В случае, если записи с камер ""исчезнут/сотрутся/попадут"", прошу уполномоченные органы считать порчу/попадание записи умышленным в целях сокрытия нарушения наших прав","Yesterday, the three of us came to the bar. I've been there BEFORE. My friends haven't. I brought them, primarily, for the atmosphere and photos. A young man met us and asked for our passports. We were all adults, but one of us was 19. The young man replied that the establishment was 21+. I replied, ""I'll buy her alcohol because I'm 33."" He refused. Then I said, ""Okay, just pour her water, and we'll have a cocktail."" The response was the same: you can't be under 21 in the establishment because those are the establishment's INTERNAL RULES. Internal rules are great, but there's a catch: internal rules apply ONLY to employees and NEVER to customers. This led me to ask a perfectly reasonable question: under what law are they refusing to serve us if the minimum age for alcohol in the Russian Federation is 18? To which I invited the ""Head Bartender,"" who cited ""house policy"" and non-existent laws, and then threatened to call the rapid response team. To which I replied, ""Call them, I'll call the police.""
They were trying to scare us with the rapid response team. Firstly, the rapid response team is NOT the police. They have no rights against unarmed girls WHO ARE NOT AGGRESSIONARY. Secondly, the rapid response team is not like circus monkeys who will run after you to intimidate someone. Thirdly, I asked the ""Head Bartender"" to write a refusal. He went to consult with someone sitting behind the bar. From the context, I assumed he was an employee, but it turned out he wasn't. Ultimately, the ""Head Bartender"" brought out a book of laws and leafed through it, but couldn't find the article he was looking for, so he made it up, just in case. I summed it up by saying, ""I CAN REFUSE SERVICE WITHOUT AN EXPLANATION."" Nope, you can't. Your whole group should open the Consumer Protection Act and the Russian Civil Code and read them. Your establishment, firstly, is a public place. You can refuse someone something in your own home.
Secondly, the very existence of your establishment is a PUBLIC OFFER. You can't refuse someone who has come to you for a service and is WILLING to pay for it. The only way to refuse is if one of us posed a threat to the staff and/or other customers (no one did). Given all of the above, you, as the ""HEAD BARTENDER,"" have left me no other option but to contact the prosecutor's office and Rospotrebnadzor to protect our legal rights and interests that do not violate current legislation. P.S. I asked the ""Head Bartender"" if the cameras were recording, and received an affirmative answer. If the camera footage ""disappears/is erased/is leaked,"" I request that the authorities consider the damage/infiltration of the footage to be intentional in order to conceal a violation of our rights.",,Google Maps (JSON),google-ryumochnaya.txt
"Ryumochnaya ""Paradnaya""",Ryumochnaya Paradnaya,,,,"пришли сюда после ужасного опыта в досках. очень понравилось, бармены душки, сказали им с каким вкусом хотим и нам намешали вкуснейшие коктейли, все очень приветливые, места на улице обогреваются, официантку спрашивали состав коктейля и она все знала, потом несколько раз спрашивала как у нас дела) туалеты чистые, там даже прокладки лежат, мелочь, а приятно. вернемся еще раз!!","came here after a terrible experience at the boards. really liked it, the bartenders are sweet, we told them what flavor we wanted and they mixed us delicious cocktails, everyone is very friendly, the places outside are heated, we asked the waitress what the cocktail was made of and she knew everything, then she asked us several times how we were doing) the toilets are clean, they even have sanitary pads, a small thing, but nice. we will come back again!!",,Google Maps (JSON),google-ryumochnaya.txt
"Ryumochnaya ""Paradnaya""",Ryumochnaya Paradnaya,,,,"Самое душевное и атмосферное место, когда пришёл к ним выпить ром мне рассказали про 5 видов, об их истории происхождения, с какой они страны и сколько настаивались, попробовал абсолютно всё
Еда на высоте, в основном это закуски конечно, но какие... У них есть камамбер это целый кусок сыра, который они поджаривают и подают с гренками, сыр на столько тянестся, что ни одна генеталия афроамериканца и рядом не стояла с такой длинной
Вот есть 4 стадии алкоголизма, но с этим заведенеием хочется поднять до 16
Тебя всегда тепло встретят и проводят, абсолютная территория безопасности
Моя оценка 13 из 10","The most sincere and atmospheric place, when I came to drink rum with them, they told me about 5 types, their history of origin, what country they are from and how long they infused, I tried absolutely everything
The food is top notch, mostly snacks of course, but what... They have Camembert, which is a whole piece of cheese, which they fry and serve with croutons, the cheese is so long that not a single African-American genetics has ever come close to being so long
There are 4 stages of alcoholism, but with this institution I want to raise it to 16
You will always be warmly greeted and seen off, an absolute safe area
My rating is 13 out of 10",,Google Maps (JSON),google-ryumochnaya.txt
"Ryumochnaya ""Paradnaya""",Ryumochnaya Paradnaya,,,,"Может быть и модно, стильно, алкогольно,... Но очень долго.... (((.      Бармен красавчик, исправил все что только можно, и что нельзя тоже... Респект ему... Только из за него можно посещать данное заведение!... И наверное зайду ещё))...","It may be fashionable, stylish, alcoholic,... But for a very long time.... (((. The bartender is handsome, he fixed everything that was possible, and that which was also impossible... Respect to him... It’s only because of him that you can visit this establishment!... And I’ll probably come again))...",,Google Maps (JSON),google-ryumochnaya.txt
"Ryumochnaya ""Paradnaya""",Ryumochnaya Paradnaya,,,,Грубое отношение персонала не радует. Детский сад. Больше не вернусь,The rude attitude of the staff is not pleasing. Kindergarten. I will not return again,,Google Maps (JSON),google-ryumochnaya.txt
"Ryumochnaya ""Paradnaya""",Ryumochnaya Paradnaya,,,,"Очень красиво, уютно, стильно, современно","Very beautiful, cozy, stylish, modern",,Google Maps (JSON),google-ryumochnaya.txt
"Ryumochnaya ""Paradnaya""",Ryumochnaya Paradnaya,,,,"Прикольно, стильно, алкогольно","Cool, stylish, alcoholic",,Google Maps (JSON),google-ryumochnaya.txt
CDEK,CDEK,,,,"Отправляйте и получайте посылки в CDEK. С нами удобно: есть онлайн-отслеживание, уведомления, вызов курьера, служба поддержки. Тарифы для любой ситуации: срочные, экономные, для тяжелого; по России или за рубеж. Доступны сервисы для совершения безопасных сделок на расстоянии, зарубежного шопинга, временного хранения личных вещей. Участникам программы лояльности открыт доступ к акциям, скидкам и персональным предложениям, что позволяет экономить на отправках.",https://www.google.com/local/place/rap/merchantdescription,,Google Maps (JSON),google-cdek.txt
CDEK,CDEK,,,,"Привезли повреждённый груз и хоть он был застрахован на полную стоимость, отказали в возмещении убытков ссылаясь на то, что он не был завёрнут в пупырчатую плёнку. А то, что пупырчатая плёнка ни как бы не спасла груз от повреждения их не волнует! Конкретика - они помяли железный ящик (газовый счётчик), который в принципе можно помять только ударив по нему кувалдой и пупырчатая плёнка в этом случае никак не защитит его!!!","A damaged shipment was delivered, and even though it was insured for full value, they refused to cover the damage, citing the fact that it wasn't wrapped in bubble wrap. They don't care that the bubble wrap wouldn't have protected the shipment from damage! Specifically, they dented an iron box (a gas meter), which can only be dented by hitting it with a sledgehammer, and bubble wrap wouldn't have protected it in that case!",,Google Maps (JSON),google-cdek.txt
CDEK,CDEK,,,,"Сегодня пришел забрать свою посылку в пункт выдачи г Пермь, Екатерининская 116 и обнаружил там СТАДО!   Никогда такого раньше не было, всегда все быстро и оперативно, я плачу за доставку 400 рублей вместо 300 именно для того чтобы СТАДА не было!  Если теперь сервис будет работать как Почта России, то какой смысл тогда переплачивать?  Буду пасти стадо на Почте России, там хотя бы дешевле.","Today I went to pick up my parcel at the Perm pickup point, Yekaterininskaya 116, and found a HERD! This has never happened before; everything is always fast and efficient. I pay 400 rubles for delivery instead of 300 precisely so there won't be a HERD! If the service now operates like Russian Post, what's the point of overpaying? I'll take the herd to Russian Post; at least it's cheaper there.",,Google Maps (JSON),google-cdek.txt
CDEK,CDEK,,,,"Самый лучший пункт, вежливые девченки и быстрота в обслуживании. Благодарим","The best point, polite girls and fast service. Thank you",,Google Maps (JSON),google-cdek.txt
CDEK,CDEK,,,,"Вежливый персонал, быстрое обслуживание","Polite staff, fast service",,Google Maps (JSON),google-cdek.txt
PokeRamen,PokeRamen,,,,"ПокеРамен - это народная азиатская кафеха в самом сердце Перми. Местный ЧайнаТаун с уютным двориком, подсвеченный неоном и китайскими фонариками.

Мы - про вкусную еду у в больших порциях по-братскому прайсу.
Мы - про атмосферу настоящего китайского муравейника, в котором кипит жизнь; тесно, шумно, пахнет едой и хочется рассматривать каждую деталь.
Мы - про человеческое общение и френдли сервис.
Но мы - не про забронированные столики, не про удобные диваны на весь вечер, не про расшаркивающихся официантов. Мы - не ресторан, а простые, как 2 юаня.

Всем кискам пис, любовь и сытые животики )))",https://www.google.com/local/place/rap/merchantdescription,,Google Maps (JSON),google-poke.txt
PokeRamen,PokeRamen,,,,"Большой выбор блюд.Всегда большие порции.

В блюдах много рыбы. Официанты вежливые как и весь персонал. Рекомендую! Думаю всем понравится!","A wide selection of dishes. The portions are always large.

The dishes include a lot of fish. The waiters are polite, as is the entire staff. I recommend it! I think everyone will love it!",,Google Maps (JSON),google-poke.txt
PokeRamen,PokeRamen,,,,"Люблю кимчи, заказываю сдесь вместе с сущами, обещали доставку час и меньше, в итоге ждала больше полутора часов. Понимаю, если бы заказ был сделан в пт или в выходные, еще можно понять, но в будни как то через чур. Если есть какие либо задержки можно же позвонить и предупредить.","I love kimchi, I order here together with sushi, they promised delivery in an hour or less, in the end I waited more than an hour and a half. I understand, if the order was made on Friday or on the weekend, it would still be understandable, but on weekdays it’s somehow too much. If there are any delays, you can call and warn.",,Google Maps (JSON),google-poke.txt
PokeRamen,PokeRamen,,,,"Очень вкусно. Отличные поке с тунцом и лососем( с ним даже больше понравился). Все компоненты свежие, авокадо был твердоват, но всё остальное на 5.Вкусный фруктовый чай, очень милое окружение под стать атмосфере кафе, такого типичного тайваньского кафе. Сервис тоже хороший. Были довольны. Хочется в следущий раз попробовать супы.","Very tasty. Excellent poke with tuna and salmon (I liked it even better with it). All the ingredients are fresh, the avocado was a little hard, but everything else was 5. Delicious fruit tea, very nice surroundings to match the atmosphere of the cafe, such a typical Taiwanese cafe. The service is also good. We were pleased. I would like to try the soups next time.",,Google Maps (JSON),google-poke.txt
PokeRamen,PokeRamen,,,,"Азия в пермском дворе.
Вот честно говорю вам — сто раз я проходил мимо, и сто раз не удосуживался повернуть голову во двор дома 33 по Куйбышева. А там, оказывается, целая малая Азия спряталась!
Зашли мы туда с другом. Как всегда, совершенно случайно. Очень оригинальное место! Выпили китайского чая прямо под навесом, немного пришли в себя от жары и поехали дальше по делам. Впечатление самое положительное. Народу полно — значит, заведение пользуется популярностью. И это радует.
Рекомендую всем!","Asia in the Perm courtyard.
I'll tell you honestly - I've passed by a hundred times, and a hundred times I didn't bother to turn my head into the courtyard of house 33 on Kuibyshev. And it turns out that there's a whole little Asia hidden there!
My friend and I went there. As always, completely by accident. A very original place! We drank Chinese tea right under the canopy, recovered from the heat a little, and went on about our business. The impression was very positive. There were a lot of people - that means the place is popular. And that's good.
I recommend it to everyone!",,Google Maps (JSON),google-poke.txt
PokeRamen,PokeRamen,,,,"Нам повезло, мы очень быстро попали внутрь. Еда очень вкусная и порция, которой можно объесться. Очень атмосферное место, обязательно вернёмся!","We were lucky, we got inside very quickly. The food is very tasty and the portion is so big you can eat it. Very atmospheric place, we will definitely come back!",,Google Maps (JSON),google-poke.txt
PokeRamen,PokeRamen,,,,"Забирал самовывоз с Соловьева, атмосферное место, прикольный приветливый персонал, ушел заряженый позитивом, супчик не подвел, горячий сытный в такую погоду самое оно.!))","I picked it up from Solovyov, atmospheric place, cool friendly staff, left charged with positive, the soup did not disappoint, hot and filling, just right in such weather!))",,Google Maps (JSON),google-poke.txt
PokeRamen,PokeRamen,,,,"Очень преочень любим бывать там!
Еда отличнейшая- красиво и ооооочень вкусно! Ну да, часто нужно подождать, но это вообще не омрачает посещение! Небольшое помещение, столиков немного, но там приятно и за стойкой сидеть ( правда правда!).
Обслуживание всегда на высоте. Приветливые, дружелюбные ребята. Серёжа- наша особая любовь! Милота милейшая!
Спасибо Вам за Вас!","We absolutely love going there!
The food is excellent – ​​beautifully presented and sooooo delicious! Yeah, you often have to wait, but that doesn't spoil the experience at all! It's a small place with only a few tables, but it's nice to sit at the counter (really!).
The service is always top-notch. The guys are welcoming and friendly. Seryozha is our special love! He's so sweet!
Thank you for being there!",,Google Maps (JSON),google-poke.txt
Khabar Lyubavich Or Avner,Or Avner Khabad,,,,Хорошие люди с доброй душой,Good people with a kind soul,,Google Maps (JSON),google-khabar.txt
Khabar Lyubavich Or Avner,Or Avner Khabad,,,,лучшее место.,best place.,,Google Maps (JSON),google-khabar.txt
Khabar Lyubavich Or Avner,Or Avner Khabad,,,,Помогают,They help,,Google Maps (JSON),google-khabar.txt
ПокеРамен,PokeRamen,Юлия Астафьева,2023-11-06,5,"Наше любимое заведение в Перми. Все очень вкусно, большие порции, цена приятная. Любимые блюда - пока с лососем, том ям с морепродуктами и десерт моти🫶🏻",,,Yandex Maps (JSON),yandex-poke-7.json
ПокеРамен,PokeRamen,Станислав К.,2025-08-02,5,"Шикарная атмосфера
Шикарная кухня
Шикарное место
Очень вкусно
Спасибо что вы есть
💪",,,Yandex Maps (JSON),yandex-poke-7.json
ПокеРамен,PokeRamen,Ольга Исакова,2023-06-27,3,"Много приятного слышали про это заведение, решили заглянуть. Очереди не было, места для нас нашли быстро. 

В самом помещении очень тесно — неприятно сидеть так близко к посторонним людям и слышать истории незнакомых, нечаянно задевать руками, ногами — понимаю, что это субъективно, но лично для меня минус. 

Официант не подходил к нам минут 15, хотя к соседям по столику их официанты подошли сразу же — тоже не критично, но не очень приятно, когда тебя игнорируют. 

Насчёт самих блюд: брали том-кха с курицей, сливочный суп с лососем, лимонады. К лимонадам замечаний нет, все вкусные. А супы расстроили, возможно из-за того, что к заведению много внимания и похвалы — мы  ожидали большего, но оказалось вполне посредственно. Том-кха — 4/5, но рис был сухим. Сливочный суп — 3/5, довольно жидкий, ингредиенты в супе не сочетаются между собой, возможно, дело вкуса, но в других заведениях города готовят интереснее.

В любом случае спасибо! 
Заметно, что руководство много вкладывается в развитие, но по вайбу и концепции кафешка может зайти не всем. ",,,Yandex Maps (JSON),yandex-poke-7.json
ПокеРамен,PokeRamen,Оксана Горинова,2025-02-07,5,"Очень вкусно. Атмосферное место. Внутри тесновато, конечно. Персонал внимательный",,,Yandex Maps (JSON),yandex-poke-7.json
ПокеРамен,PokeRamen,яна,2024-06-15,5,"Очень вкусно спасибо большое 💗💗
Официант Сережа внимательный гостям большое ему спасибо. Обслуживание на высшем уровне ",,,Yandex Maps (JSON),yandex-poke-7.json
ПокеРамен,PokeRamen,Елизавета Кузнецова,2024-10-18,5,"очень вайбовое место. отзывчивый персонал, готовят более чем вкусно. демократичные цены. спасибки)",,,Yandex Maps (JSON),yandex-poke-7.json
ПокеРамен,PokeRamen,Татьяна В.,2025-08-03,5,"Очень атмосферное кафе в японском стиле, всё очень вкусно. Есть летняя веранда ",,,Yandex Maps (JSON),yandex-poke-7.json
ПокеРамен,PokeRamen,Кирилл Васильев,2023-08-24,5,"Пришлось подождать 10 минут пока для нас освободится место. Нас вежливо проводили и дали меню.
Брал рамен с морепродуктами, чай пуэр и синий десерт.

Все порадовало вкусом и временем пока готовили.

Если выбираете место где вкусно и быстро покушать приходите.
",,,Yandex Maps (JSON),yandex-poke-7.json
ПокеРамен,PokeRamen,Арина Алимова,2023-10-30,5,"Любимая кафешка. Очень вкусно и дешево. Порции нереально большие, официанты вежливые(и очень красивые😉). Переехала в другой город и страдаю, потому что не могу найти ничего похожего по вкусу и цене. Когда приезжаю в Пермь сразу же бегу туда. Всех кого приглашала в это заведение становились постоянными клиентами.",,,Yandex Maps (JSON),yandex-poke-7.json
ПокеРамен,PokeRamen,Александра Никифорова,2025-04-21,5,"Любимое место в Перми с вкусным раменом и том ямом, антуражно, вкусно, красиво",,,Yandex Maps (JSON),yandex-poke-7.json
ПокеРамен,PokeRamen,sonya sonya,2025-02-12,5,"Место огонь! Все понравилось! Обслуживание, еда, атмосфера на пять из пяти. Советую хотя бы раз посетить это чудесное место! ",,,Yandex Maps (JSON),yandex-poke-7.json
ПокеРамен,PokeRamen,Ксения С.,2023-02-15,5,"❤️❤️❤️любовь второй год
Быстро отобедать классным ланчем,
Почирикать с подружкой под кастрюльку мидий с соусом блю чиз.
Поужинать во дворике : все можно тут.
Лучший том ям и моти  в городе💯
Персонал: котики❤️
Основатели: вдохновители и ролевые модели❤️‍🔥 Спасибо матери-кормилице за атмосфэээру",,,Yandex Maps (JSON),yandex-poke-7.json
ПокеРамен,PokeRamen,Алина Хамзина,2024-04-28,5,"ЛУЧШИЙ ТОМ ЯМ В ГОРОДЕ 
Это просто пушка! Доставка мега классная и качественная. Все так упаковано, что хочется стать ради этого блогером и сделать обзор или снять мукбанг. Это лучший том ям в городе! Спасибо большое за поднятное настроение. Идеальный баланс вкусов - обжигает, но нежность кокосового молока придает мягкость ",,"Хоспаде, как хорошо)  Запишем на аудио и будем слушать этот отзыв 24/7!!!",Yandex Maps (JSON),yandex-poke-7.json
ПокеРамен,PokeRamen,Николай Шарапов,2023-04-28,5,"Очень атмосферное место, со своей изюменкой. Как будто свой мини Чайна-таун, при том в самом центре города. Еда очень вкусная, порции большие. По количеству посетителей можно сделать вывод, что место очень популярное, но слаженная работа персонала нивелирует это. Короче, заведение супер, приду сюда обязательно, и не один раз! ",,,Yandex Maps (JSON),yandex-poke-7.json
ПокеРамен,PokeRamen,Андрей Кушников,2025-04-18,5,"Очень понравилось! Вкусно, недорого, дружелюбная атмесфера, быстро обслуживают. ",,,Yandex Maps (JSON),yandex-poke-7.json
ПокеРамен,PokeRamen,Маленький бизон,2024-05-18,5,"Оо...очень вкусно и большие порции!👍 Моти вообще на высоте, нежное и вкусное. Мы сначала немного смутились из-за большого количества народа в будний день, но теперь стало понятно из-за чего😃 Место нам девушка на входе нашла очень быстро. Выкатились довольные и объевшиеся😅 Брали суп, поке, моти и чай. Муж брал пиво. Всё понравилось,  всё на высоте! Спасибо!",,,Yandex Maps (JSON),yandex-poke-7.json
ПокеРамен,PokeRamen,Ксения Косиненко,2023-10-15,5,"Шикарнле место, кормят вкусно, официанты очень весёлые и приветливые, всегда помогут с выбором, подскажут что да как. Мест иногда не бывает, но за счёт пейджеров не стоишь как дурак по 15 минут в кафе, в ожидании своего места
Очень атмосферно и стоит там побывать как минимум только ради этого",,,Yandex Maps (JSON),yandex-poke-7.json
ПокеРамен,PokeRamen,Дарья Сердечная,2023-05-25,5,"Замечательное заведение, прекрасный персонал. Все очень вкусно и быстро. Заказали моти, они просто чудесные, нежно таят во рту и  одна порция моти достаточна хороша на одного человека, чтобы полакомиться с чаем😱🙂👍",,,Yandex Maps (JSON),yandex-poke-7.json
ПокеРамен,PokeRamen,Марина,2022-12-20,5,"К сожалению нет функции бронирования столиков и места не очень много. Но есть много плюсов:
1) Вкусная еда 
2) Атмосферный интерьер 
3) Есть доставка 
4) А так же для тех кто не спешит можно встать в электронную очередь. Народ обычно кушает быстро и места освобождаются. 
В целом еда понравилась и я не против бывать тут чаще. 
Спасибо сотрудникам кафе за хорошее настроение) 
",,,Yandex Maps (JSON),yandex-poke-7.json
ПокеРамен,PokeRamen,Софья Ф.,2023-12-15,5,"Самое крутое заведение в Перми с азиатской кухней. Вкусные и большие порции, с трудом можно съесть том ям😅
Не очень удобно из-за очередей на вход",,,Yandex Maps (JSON),yandex-poke-7.json
ПокеРамен,PokeRamen,Ульяна С.,2023-09-23,5,"Очень красивое место! Гостей всегда много, но приятный персонал сориентирует и найдёт для вас место. Невероятно вкусные блюда. Взяла сливочный рамён с ласосем и рисовый лагер и была в восторге) Спасибо!",,,Yandex Maps (JSON),yandex-poke-7.json
ПокеРамен,PokeRamen,Олег Блохин,2024-01-05,5,"Купили 5 томь янов и один без лука, посмотрели обзор, специально приехали заказали и не когда не пробывали)))) забрали на самовывоз, сильно удивлены от того как выглядит заведение, глаза прилипли от красоты))) вкус блюда на 10 из 10, острота на 3 балла из 10. Ребята советую заведение оно очень крутое)))",,,Yandex Maps (JSON),yandex-poke-7.json
ПокеРамен,PokeRamen,Анастасия Вакуленко,2022-12-29,5,"После посещения данного заведения уже не можешь смотреть на «чужие» Том Ямы. Вкусная кухня, великолепный персонал, очень атмосферное оформление зала.
Будем надеяться, что со временем будете расширяться. Вкусной еды должно быть много.",,,Yandex Maps (JSON),yandex-poke-7.json
ПокеРамен,PokeRamen,Илья Крючков,2023-07-24,5,"Безумно вкусно! И качественная музыка играет бэкграундом. Внимательный и приветливый персонал. Атмосфера уюта, и действительно, как будто ты попал в азиатский переулок, где жизнь кипит на все 100%. Лучше заказать столик заранее, людей много.",,,Yandex Maps (JSON),yandex-poke-7.json
ПокеРамен,PokeRamen,Александр,2024-03-23,4,"Еда вкусная, место атмосферная, порции большие, цены приятные. Постоянно толпа народа, сесть компанией очень трудно",,,Yandex Maps (JSON),yandex-poke-7.json
ПокеРамен,PokeRamen,Борис Бритва,2024-01-03,5,"Отличное место! Вкусно! Рекосенду! При посещении учитывайте, что заказать столик не получится, а вот постоять в очереди почти обязательно. Но это того стоит. Летом есть открытая часть типа патио.",,,Yandex Maps (JSON),yandex-poke-7.json
ПокеРамен,PokeRamen,DruidOST,2023-07-18,5,"Отлично поужинали с друзьями! Место очень атмосферное, порции огромные, готовят быстро и вкусно. Место, похоже, очень популярное часто очереди 15-20 минут. Персонал очень вежливый и приветливый.",,,Yandex Maps (JSON),yandex-poke-7.json
ПокеРамен,PokeRamen,Olga Timirkaeva,2025-08-30,5,"Очень вкусно, но пришлось немного ждать, желающих попасть туда было много",,,Yandex Maps (JSON),yandex-poke-7.json
ПокеРамен,PokeRamen,Григорий Коростелев,2024-07-12,5,"Были первый раз, брали супчики, все очень вкусное, персонал очень приятный и вежливый. Все понравилось, придем еще 😇",,,Yandex Maps (JSON),yandex-poke-7.json
ПокеРамен,PokeRamen,Туристка,2023-05-17,5,"Атмосферное место. Превосходно передаёт азиатскую атмосферу, начиная с площадки перед заведением и интерьером в зале. 😻
Еда тоже на высоте. Очень вкусно. Порции большие. Готовят быстро. Приятный персонал",,,Yandex Maps (JSON),yandex-poke-7.json
ПокеРамен,PokeRamen,Сергей,2023-12-21,4,"Отличная атмосфера и обслуживание. Поке был на высоте, а вот Том Ям у них средненький, так что первое впечатление на четвёрку ",,,Yandex Maps (JSON),yandex-poke-7.json
ПокеРамен,PokeRamen,Антон Шуткин,2023-06-02,4,"Атмосфера супер, еда вкусная , но обслуживание хромает, заказали темное пиво принесли светлое, за соседним столом парень нашел в рисе что то напоминающее клок волос, заказали американо, принесли что то очень светлое, как будто зерна в кофемашине закончились, на это замечание официантка сказала что не приделах кофе делает администратор, поставил бы меньше, но атмосфера и еда действительно хороши",,,Yandex Maps (JSON),yandex-poke-7.json
ПокеРамен,PokeRamen,Александр Курбатов,2023-03-16,5,"Невероятная атмосфера, очень отзывчивый и приятный персонал. Очень вкусно и неплохо по цене. Меню разнообразное, с упором на азиатскую кухню конечно. Рекомендую обязательно посетить, можно сделать неплохие вацбоаые кадры :)
Заказывал поке с креветками, мое уважение к повару)",,,Yandex Maps (JSON),yandex-poke-7.json
ПокеРамен,PokeRamen,Татьяна Есева,2023-03-30,5,"Классное место, все вкусно ( и мясо и десерты и морепродукты). Выглядит оригинально и интересно.
Даже к меню подошли с фантазией)
Так же знаю, что бывают тематические мероприятия - это супер, молодцы)",,,Yandex Maps (JSON),yandex-poke-7.json
ПокеРамен,PokeRamen,Настя Керова,2022-11-30,5,"О божечки, это любовь. Минус один-слишком большая порция Поке рамен, но он всё-таки влез😀Волшебная атмосфера, вкусная еда, оближешь пальчики и под хвостом-котэ😀люблю котов, нравится страничка и как ведут, сразу западают в душу... тут мужа ещё уговорила пойти и отведать вкуснятина,сказал -готов, так что будем ходить🤤 и ещё одно, очень нравиться,что открытая кухня за стойкой, нравиться смотреть, как готовится вкуснятина. Хотелось пожелать владельцам, команде и гостям расширения жилплощади, котикам мало места🤩",,,Yandex Maps (JSON),yandex-poke-7.json
ПокеРамен,PokeRamen,Булаев с.,2024-07-03,5,"Еда очень вкусная, а персонал странноватый - в положительном смысле, сочетается кухня персонал и обстановка поэтому 5 из 5
",,,Yandex Maps (JSON),yandex-poke-7.json
ПокеРамен,PokeRamen,Игорь Карсаков,2023-08-15,5,"Обязательное к посещению место для любителей азиатской кухни! Правильный том-ям, поке, да все что ни возьмёшь, вкусное и хорошо приготовлено. Но главный сюрприз - это десерты! умопомрачительно! и бонусом ко всему - названия. Как минимум первый раз вы не заметите, как ждали кухню - будете читать меню ;)",,,Yandex Maps (JSON),yandex-poke-7.json
ПокеРамен,PokeRamen,рашит Куштанов,2024-04-21,5,"Всё очень вкусно и необычно. Можно сходить в выходные дни с утра. Очередь продвигается быстро, 20-25 минут. Атмосфера в кафе уютная, место мало, но не тесно ",,,Yandex Maps (JSON),yandex-poke-7.json
ПокеРамен,PokeRamen,Валерия Гроссман,2023-12-21,5,"Отличное место, приятная атмосфера. Для любителей данного направления в кухне все очень понравится. Но людям с больным желудком не советую :)Гастрит помахал ручкой после посещения данного заведения. Но заведение чудесное!",,,Yandex Maps (JSON),yandex-poke-7.json
ПокеРамен,PokeRamen,Екатерина К.,2024-03-13,4,"Плюсы: вкусно, достойно
Минусы: доставка начинает прием заявок с 11-00. Время доставки - 1 ч 40 мин. Получается, что очень долго ждать свой обед. Было бы очень здорово начинать доставку раньше, чтобы не умирать голодной смертью к 12 часам",,,Yandex Maps (JSON),yandex-poke-7.json
ПокеРамен,PokeRamen,Леся,2023-09-26,2,"Пришли вдвоем
Заказали собу и лапшу том Ям, чай китайский, пельмешки и моти
Приносят две лапши том Ям спустя минут 15-20
Естественно я ожидаю другое
Уходят
Приносят другой чай ( травяной сбор). Уже забили на это, так как на улице холодно и хотелось согреться 
Через ещё 15 мин приносят мою собу
Моти все ещё нет
Сидим уже 50мин
Разочарование полное
Особенно, когда ждёшь сначала очередь на вход..потом около часа ещё там. + Все перепутали👍",,,Yandex Maps (JSON),yandex-poke-7.json
ПокеРамен,PokeRamen,Елена Л.,2024-07-06,3,"Ваш новый Том ям просто острое месиво. Абсолютно невкусный, хотя раньше я считала его лучшим в городе. Были очень разочарованы.",,,Yandex Maps (JSON),yandex-poke-7.json
ПокеРамен,PokeRamen,Юлия,2023-01-27,3,"Очень вкусно, но качество обслуживания оставляет желать лучшего.  
Несколько раз заказывали доставку, все было супер, и отвечали быстро и по готовности отписывались. Но в последний раз очень расстроились. 

Не доложили суп (3 из 5 порций), который привезли суп - весь разлился.

Всем приятного аппетита и комплимента от кафешки, если будут такие ситуации. 
В нашем случае ничего такого подобного не было и извинений тоже. 

",,,Yandex Maps (JSON),yandex-poke-7.json
ПокеРамен,PokeRamen,Ольга Тырцева,2023-06-18,5,"Большое спасибо за вкусную и качественную еду, быстрое обслуживание, колоритную атмосферу! Обязательно прийдем ещё) очень понравились китайские пельмени с уткой!!! Рекомендую это заведение! Спасибо Матери Кормилице!",,,Yandex Maps (JSON),yandex-poke-7.json
ПокеРамен,PokeRamen,Мария Зорина,2023-08-09,5,"Очень атмосферное место. Стараемся посетить каждый раз, когда приезжаем в Пермь 
Удивительные сочетания специй
Если остро, то так и есть 
Фразы на меню создают настроение 
Интерьер позволяет перенестись в совершенно иную страну 
Внимание к деталям очень радует и оставляет приятные впечатления",,,Yandex Maps (JSON),yandex-poke-7.json
ПокеРамен,PokeRamen,Расиля Булдакова,2024-07-16,5,"Очень атмосферно. Вкусно. Приятные официанты. Очереди, чтобы поесть ☺",,,Yandex Maps (JSON),yandex-poke-7.json
ПокеРамен,PokeRamen,Валерия Ермашова,2023-10-13,4,"В самом кафе все хорошо, если забыть что нельзя забронировать столик, 20 минут в дождь стоять не удобно кончено, вкусная еда вопросов нет. Заказала домой, доставка от 2х часов, это я понять могу вечер пятницы. Привезли суп- был разлит. Павлову -крем весь стек на контейнер, безе у Павловой ужасно твердое, вилкой ели расколотишь 
Доставка платная. Вряд ли буду заказывать доставку больше. ",,,Yandex Maps (JSON),yandex-poke-7.json
ПокеРамен,PokeRamen,Евгений Газя,2024-02-27,5,"Будьте осторожны со специями и острым перцем! Заведение превосходное, атмосфера приятная, обслуживание на высоте, порции безупречные! Остался доволен всем!",,,Yandex Maps (JSON),yandex-poke-7.json
ПокеРамен,PokeRamen,Мария,2025-08-10,2,"До вчерашнего дня несколько раз были в парке Горького и пользовались доставкой, вчера решили посетить веранду на Куйбышева, остались не довольны, рядом пела очень громко какая-то группа, понимаем, что не ваше заведение, но все-таки, можно было как-то договориь с руководском соседнего бара, а том что не всем нравится слушать музыку так громко. 
А также не подходил официант почти 20 минут, ходили рядом, смотрели, возможно оценивали, но так и не подошли. 
После Куйбышева уехали в парк Горького и прекрасно там провели время. 
",,,Yandex Maps (JSON),yandex-poke-7.json
ПокеРамен,PokeRamen,Дарья Аксаментова,2023-06-19,3,"Что касается еды, то правда, очень вкусная) Но что касается обслуживания, в моем случае это было ужасно. Приходила с семьей на ужин, понятное дело, людей много. Администратор спросила куда нас посадить, когда придет наша очередь, и мы ответили, что лучше в зале, тк на улице было холодно.
Когда пришла наша очередь, нас позвали и посадили на улице, то есть, я понимаю, что мнение гостей не особо учитывалось)))) 
Далее, когда принесли нам заказ, мы естественно начали есть, тут прибегает товарищ официант и забирает одно блюдо, и уносит его к тому, кому на самом деле оно должно было попасть. То есть другому гостю отнесли блюдо, которое уже попробовал другой человек. 
Это была странная ситуация, пересмотрите работу официантов пожалуйста. 
 И насчет подачи напитков, нам чай принесли в чайнике, который остыл спустя 2 минуты, мы даже попить не успели, на улице не -20 было, чтобы чай так быстро остыл.
Так что заключение такое, доставка у них классная)) а вот в само заведение идти не советую. ",,,Yandex Maps (JSON),yandex-poke-7.json
ПокеРамен,PokeRamen,Эд В.,2023-01-21,5,"Заведение чумачечее!!! Изначально когда данное заведение находилось на Комсомольском проспетекте они позиционировали себя как лучший Том Ям в городе.... и это факт лучший Том Ям в городе в Поке Рамен!!!! Котэны молодцы!!! Когда хочется Том Ям с женой идем не обсуждая только сюда!!! В целом кухня - бомба! Атмосфера - бомба! Настроение обслуживающего персонала - всегда позитив (видимо благодаря хозяйке, которая супермегамолодец). Единственный минус...мало места в заведении.
P.S. Поке Рамен спасибо всем за то, что вы делаете свое дело качественно и со своим специфическим форматом! К Вам хочется возвращаться вновь и вновь",,,Yandex Maps (JSON),yandex-poke-6.json
ПокеРамен,PokeRamen,Александра П.,2023-12-08,3,"Сама кухня, место, вайб и персонал максимально крутые, проработанные.  Стоит хотя бы раз забежать в это место, если живете/гостите в Перми.
Но есть одно большое НО - доставка. Ни один курьер еще ни разу не приехал в заявленное время, здесь мы даже не учитываем просьбу постараться по возможности чутка быстрее, чтобы уложиться в обеденное время. Идет именно превышение и опоздание относительно максимального времени ожидания, на 20 минут, 30 и тд..Доставка не на край города, а в центр. Как такое получается не совсем понятно, оправдываются пробками - смотришь по картам, а пробок-то и нет. Позвонить и предупредить о том, что курьер задержится? Тоже мимо! В результате сидишь голодный и нервный, потому что не успеваешь пообедать, хотя заказал все с первыми минутами открытия приема заказов. Печально, что с этим как будто бы и не работают совсем, потому что когда говоришь об этом кому-то, то отвечают, что это норма для их доставки. 
О самих курьерах - приезжают и либо ""морда кирпичом, иду напролом"", грубо говорят, либо удивленно хлопают глазками с фразой ""ой, я так сильно опоздал??"" (к сожалению, даже без извинений или благодарности за терпеливое ожидание)
Операторы же на телефоне доставки выступают в роли гонца с плохими, то есть по сути даже сделать ничего не могут с этими курьерами, вынуждены извиняться за чужие косяки, вызванивать курьеров. Вот их жаль. Очень надеюсь, что этот вопрос наконец-то решится, а пока три звезды. Поэтому если вы хотите попробовать их кухню, советую приходить в само место, тогда вы и вкусно поедите, и сбережете нервы.",,,Yandex Maps (JSON),yandex-poke-6.json
ПокеРамен,PokeRamen,Даша Худеньких,2025-05-28,5,"Нам с подругой очень понравилось! Очень атмосферное кафе, эстетично. Персонал вежливый, добрый, ну супер) ",,,Yandex Maps (JSON),yandex-poke-6.json
ПокеРамен,PokeRamen,Глеб Мерзляков,2023-12-06,5,"Прекраснейшее кафе в городе с прекраснейшей атмосферой, персонал лучший, приветливый,  всегда поможет если что то не понятно, еда вкусная что поке рамены что обычные почти вся еда кроме пельменей они такие себе а так хочется возвращаться туда не смотря на цены",,,Yandex Maps (JSON),yandex-poke-6.json
ПокеРамен,PokeRamen,Диана,2024-04-07,2,"Нужно расширять заведение, очень много желающих посидеть внутри, а такой возможности увы нет, всегда все занято
всегда беру поке с лососем, к нему вопросов нет. 
не положили приборы при заказе с собой, пришлось напомнить об этом 
в хорошую погоду можно выставлять летнюю веранду, чтобы люди ощутили всю атмосферу заведения, там же очень красиво, сейчас весна, есть теплые деньки ",,,Yandex Maps (JSON),yandex-poke-6.json
ПокеРамен,PokeRamen,ЕВГЕНИЯ МИХАЙЛОВА,2023-03-20,4,"Отличные ланчи, вкусный лосось в понзу, ролы не их конек, не советую. Порции большие, чек 700-1000 огромный минус это нехватка мест, приходится стоять ждать пока кто нибудь уйдёт. Атмосфера у них замечательная, персонал очень приветливый и веселый. Еще у них есть замечательна бургерная «место есть» советую к посещению.",,,Yandex Maps (JSON),yandex-poke-6.json
ПокеРамен,PokeRamen,НАГИТО МОЙ,2025-09-07,5,"очень вкусно и быстро готовят, полноценно можно покушать на тысячу рублей, всем советую",,,Yandex Maps (JSON),yandex-poke-6.json
ПокеРамен,PokeRamen,lizacotelnikova,2025-07-07,3,"Цены растут, а обслуживание нет!
Хотели расположиться на летнике, сказали, что на летник не сажают, т.к. прошел дождь (дождь прошел давно, было всё сухо), хотя люди на летнике спокойно сидели!

После того, как посадят, минут 7 приходится ждать меню, затем минуты через 2 подходит официант сделать заказ. Просишь подойти еще немного позже, и сидишь ждешь, когда про тебя вспомнят)) особенно на дальних стульях за баром, про эти места будто официанты вообще забывают, поставьте тогда кнопки для вызова, иначе никак не привлечь их внимание)",,,Yandex Maps (JSON),yandex-poke-6.json
ПокеРамен,PokeRamen,Юлия Мичкова,2025-08-23,5,"Очень вкусная азиатская кухня. Хороший выбор блюд. Очень вкусные супы и десерты (Моти, панакотики). Порции большие. Если хочется вкусно пообедать, это хороший выбор",,,Yandex Maps (JSON),yandex-poke-6.json
ПокеРамен,PokeRamen,Евгений Скорых,2025-04-05,5,"Хороший ресторан. Вкусная еда, быстрая подача, вежливые сотрудники. ",,,Yandex Maps (JSON),yandex-poke-6.json
ПокеРамен,PokeRamen,Дмитрий Дробыш,2024-05-12,5,"Отличное место, шикарная обстановка.  Очень широкий ассортимент меню. Приготовленно на высшем уровне.",,,Yandex Maps (JSON),yandex-poke-6.json
ПокеРамен,PokeRamen,Алексей Алейников,2023-11-11,3,"Кухня неплохая, но места мало. Плечики корявые - куртки от прохода официантов валятся. 

Из двух блюд, что взял на месте, в каждом был косяк: в супе курица жесткая как резина, жуёшь с трудом; в павловой начинка безе липкая как ириска, одни страдания есть такой десерт. Хотя с виду такой десерт выглядит очень мило (см. фото)",,,Yandex Maps (JSON),yandex-poke-6.json
ПокеРамен,PokeRamen,Ирина Б,2025-06-13,5,"Отличное место!
Супы тут фирменное блюдо, от них ожидаешь хорошее качество и получаешь хорошее качество

Отдельно отмечу вкусную утку по-сычуаньски и лимонного цыплёнка. И моти, которые тут готовят сами. Самый вкусный моти - с взрывной карамелью.",,,Yandex Maps (JSON),yandex-poke-6.json
ПокеРамен,PokeRamen,elafbykova,2023-11-16,5,"Самый вкусный том ям в городе. Обязательно стоит попробовать моти. Очень атмосферное место, большие очереди на посадку, но это того стоит 😍",,,Yandex Maps (JSON),yandex-poke-6.json
ПокеРамен,PokeRamen,Максим Ульянов,2024-03-24,5,"Персонал очень вежливый, заведение опрятное, красивое. Еда - просто 11/10!  Не смогу назвать подобное заведение в Перми на тему Азиатской еды, где был бы ""Ценник < Качество"". Готовят по времени от нагрузки, но в целом быстро.",,,Yandex Maps (JSON),yandex-poke-6.json
ПокеРамен,PokeRamen,Алина Н.,2024-06-23,1,"Прождали сначала 20 минут в очереди, но это ладно. Посадили, потом ждали официанта минут 10, и тут отключили свет никто ничего не говорит, персонал разбежался и только минут через 10 подошли и сказали что ничего не могут сделать. Спасибо большое за 40 минут потраченного времени в никуда  ",,,Yandex Maps (JSON),yandex-poke-6.json
ПокеРамен,PokeRamen,Жанна Ш.,2023-02-20,3,"Впервые посетила это заведение. Честно говоря, непонятно, почему такой восторг в отзывах. Да, находится в очень уютном переулке в центре города. По вечерам все красиво подсвечено. 
Внутри ужасно тесно. Неудобная вешалка для одежды мимо которой официанты проносят посетителям готовые блюда. Полное отсутствие элементарных санитарных норм. Дверь на улицу постоянно открывается. Поэтому даже при минус  5 внутри сидеть холодно.Правда заботливые официанты предлагают пледы.
Следующий пункт-еда. Понравился лимонад. Он был в бутылке. И моти, традиционный японский десерт. Остальное просто невкусно. От слова совсем. Если человек хоть раз бывал в Азии и ел там оригинальную еду, блюда в Поке рамен кажутся просто несьедобными. Какой-то слишком кислый том-ям. Морепродуктов в блюдах мало. 
И последний пункт-это стулья. Абсолютно неудобные барные стульчики. Просидеть на них больше 15 минут тяжело. Возможно, это задумка владельцев для ускорения потока посетителей. В азиатских кафе маленькие стульчики, но на них хотя бы можно нормально сидеть. 
Уровень цен абсолютно не соответствует формату этого заведения. В городе есть как минимум 3 ресторана азиатской кухни в такой ценовой категории, но качество еды  и обслуживания там выше на порядок: Тсуру, Пекин,Рис лапша.
Итог: своеобразная экзотика по не соотвествующим ценам.",,,Yandex Maps (JSON),yandex-poke-6.json
ПокеРамен,PokeRamen,Елизавета Ч.,2024-07-23,4,"Не знаю насчет еды, но обслуживание ужасное! Зашла в кафе, поздоровалась и ждала когда на меня обратят внимание… я не услышала ничего… хоть рядом стояли официанты…
Уверена, что еда вкусная, но обслуживание желает лучшего, поэтому минус одна звезда",,,Yandex Maps (JSON),yandex-poke-6.json
ПокеРамен,PokeRamen,Оксана Вертунова,2025-03-12,5,"Место, где всё продумано до мелочей! Вкусно очень! Тесновато, но на то оно и кафе быстрого питания, чтоб не рассаживались 😁 Любителям азиатской кухни рекомендую. ",,,Yandex Maps (JSON),yandex-poke-6.json
ПокеРамен,PokeRamen,Alex Niorthr,2024-12-12,5,"Отличная еда за свою цену. Единственный минус - огромные очереди. Персонал вежливый, антураж интересный, ",,,Yandex Maps (JSON),yandex-poke-6.json
ПокеРамен,PokeRamen,Денис,2024-03-11,5,"гениальное место. отличный выбор раменлв, фо, томямов. есть очень острые и совсем не острые позиции. очень френдли офики. почти всегда плотная посадка. для острых супов дают молоко))))",,,Yandex Maps (JSON),yandex-poke-6.json
ПокеРамен,PokeRamen,Александр Белых,2024-03-23,5,"Крутое заведение!  Очень качественный и сбалансированный по вкусу том ям, а также другие блюда включая десерты это просто 🔥. В следующий раз обязательно планирую посетить это чудесное заведение!",,,Yandex Maps (JSON),yandex-poke-6.json
ПокеРамен,PokeRamen,Анатолий Л.,2023-05-20,5,"Это нечто))) Три раза там был, один раз оттуда заказывал. Пока успел попробовать:
1) поке с лососем (это что-то невероятное) - 10 из 10;
2) хрустящие баклажаны с томатами (действительно хрустящие, всё, до последнего) - 10 из 10;
3) том ям с морепродуктами (сытно, много, в том числе и морепродуктов) - 10 из 10;
4) ананасы кимчи (немного острые, своеобразно) - 8 из 10;
5) сет много лосося (лосося много, от жаренных ролов с 3-мя видами рыбы ожидал много большего) - 7 из 10;
6) карри рамен с морепродуктами (очень много, вкусно, сытно) - 8 из 10.",,,Yandex Maps (JSON),yandex-poke-6.json
ПокеРамен,PokeRamen,Кирилл К.,2024-07-11,1,"Сразу скажу , что мой отзыв будет отрицательным , посетил в канун Нового года и остался не доволен , супом Том Ям , порция супа очень мала за такую стоимость , к тому же принесли теплым пока ел остыл до холодного , за это замечание только извинились и все на этом , не советует сам обхожу стороной .",,,Yandex Maps (JSON),yandex-poke-6.json
ПокеРамен,PokeRamen,Tvoya Alina,2023-08-27,5,"Очень классное место, особенно летом!😁 сотрудники очень оперативно нашли место, хотя была полная посадка. Девушка официант сориентировала по меню, что где добавляют и градус остроты. Ну и Моти покорили мое сердечко )) p.s. Пробовала потом Моти в других местах, могу сказать, что в Поке они самые вкусные и выгодные по цене. Рекомендую 🫶",,,Yandex Maps (JSON),yandex-poke-6.json
ПокеРамен,PokeRamen,Andreeva Ksenya,2023-11-28,5,самое любимое заведение пан-азиатской кухни! очень радует новый ремонт в заведении и дружный коллектив сотрудников. летом и зимой готовы ждать очередь ради поке),,,Yandex Maps (JSON),yandex-poke-6.json
ПокеРамен,PokeRamen,ДаNiK 27,2023-02-24,5,"Замечательное место в китайском стиле.
Вежливый и обходительный персонал(невероятно быстрая подача блюд), удобный location и что самое главное очень вкусная еда.(особенно запомнился Том Ям с обилием морепродуктов))",,,Yandex Maps (JSON),yandex-poke-6.json
ПокеРамен,PokeRamen,Настя Седова,2023-05-04,4,"Место атмосферное. Красиво все, глаз завораживает. Порции большие. Не представляю как можно одному человеку весь ланч съесть. Мне только 1 блюдо влезло. Цена/ качество соответствует. Персонал всегда поможет с выбором блюд, все объяснят в подробностях и подскажут, что выбрать. Жаль места мало. Не посидеть по 2 часа с подружкой. Чисто прийти поесть и уйти.",,,Yandex Maps (JSON),yandex-poke-6.json
ПокеРамен,PokeRamen,Максим П.,2023-03-13,5,"Если вы всё-таки выстояли в очереди сюда, то вашим вознаграждением станут огромнейшие порции наивкуснейших рамена, том-яма или поке. 
Отличная атмосфера и прикольные официанты, создающие ощущение, что тут все свои. 
А очереди... Ну это следствие популярности, причем вполне обоснованной
",,,Yandex Maps (JSON),yandex-poke-6.json
ПокеРамен,PokeRamen,Ирина Коробейникова,2024-07-17,5,"В этой сети кормят не плохо, есть очень интересные блюда. Приятно посидеть и пообщаться с друзьями. Обслуживание быстрое, сотрудники вежливые.",,,Yandex Maps (JSON),yandex-poke-6.json
ПокеРамен,PokeRamen,Сергей Н.,2025-09-15,4,"Минус одна звезда за то, что места мало и иной раз приходится ждать место на улице.  А по еде очень даже не плохо ",,,Yandex Maps (JSON),yandex-poke-6.json
ПокеРамен,PokeRamen,Наталья Гладких,2024-06-17,5,"Очень приятное заведение. Красивая атмосфера и вкусная еда. Можно покушать в самом кафе, есть также доставка. Рекомендую!",,,Yandex Maps (JSON),yandex-poke-6.json
ПокеРамен,PokeRamen,Мария Монахова,2023-07-04,5,"Атмосферное место с вкусной кухней и недорогими ценами. Время ожидания столика вечером около 15 минут, есть лавочки для ожидающих. В последнее посещение очень порадовало, что персонал относится с заботой не только к людям, но и к четвероногим посетителям. Официанты принесли миску с водой и угощения для собаки. Это одно из любимых мест в городе)",,,Yandex Maps (JSON),yandex-poke-6.json
ПокеРамен,PokeRamen,Ирина,2023-11-04,4,"Очень вкусно!
Но мало места)
Посадочные места - как повезет, есть комфортные а есть не очень.
Оригинальное оформление подняло настроение.
Рекомендую!",,,Yandex Maps (JSON),yandex-poke-6.json
ПокеРамен,PokeRamen,Густав,2024-02-13,5,"Стильно, модно, молодежно, очень вкусно! Постоянно куча народа. Быстро пришёл, поел, ушёл. Атмосферно. В будние дни есть комбо ланчи.",,,Yandex Maps (JSON),yandex-poke-6.json
ПокеРамен,PokeRamen,Виктория Кривошеина,2024-04-12,5,"Здесь можно найти все на свой вкус! Еда невероятно вкусная и сытная. 
Коллектив приятный, было особенно приятно общаться, а так же наблюдать за их взаимодействием. 
Домашняя атмосфера, советую заглянуть сюда всем, вы не пожалеете💋",,,Yandex Maps (JSON),yandex-poke-6.json
ПокеРамен,PokeRamen,Владислав,2024-06-21,5,"Моё уважение, вкус полный улёт, сервис топ, я в восторге. Лучшее заведение в своём роде. Хоть и был в Перми проездом, но теперь обязательно к посещению каждый раз, если буду мимо проезжать ",,,Yandex Maps (JSON),yandex-poke-6.json
ПокеРамен,PokeRamen,Дарья З.,2023-07-04,5,"Спустя 1 посещение и 3 доставки могу сказать, что место - топ! По еде нареканий не было вообще + вкусняшки для шабаки это прям супермило. Сегодня заказали доставку, менеджер сразу предупредила, что пробки, и доставка 1.40-1.50 (а я живу в отдаленном районе). Спустя час мне позвонили, сказали, что курьеры стоят в пробке. И знаете что сделали ребята? Они не извинились, что доставка задерживается, они отправили еду яндекс посылкой! Блин, клиентоориентированность просто пушка, лосось в роллах и соотношение начинка/рис - сказка, время ожидания - 2 бокала вина. Очень приятное заведение 👌",,,Yandex Maps (JSON),yandex-poke-6.json
ПокеРамен,PokeRamen,Diana Kharisova,2024-09-23,3,"Вкусно, но это все плюсы. Мест тёплых очень мало, пришлось ждать на улице. Заказ делают нереально долго, при этом могут вообще забыть про него. Мне подали не очень свежий поке, потом была встреча с туалетом ",,,Yandex Maps (JSON),yandex-poke-6.json
ПокеРамен,PokeRamen,Юлия Шестакова,2024-02-29,5,"Любимая паназиатская кафешка.
Плюсы - вкусно, колоритно, атмосферно, по цене тоже ок.
Минусы- фиг попадешь, только через очередь в минут 30. Обычно ничего страшного, но в минус 30 приходится стоять в без того маленьком тамбуре и мешаться официантам.🤪
Из пожеланий- верните резиночки и солонки ""котики"". Детям это заходило больше для игры, чем раскраски.",,,Yandex Maps (JSON),yandex-poke-6.json
ПокеРамен,PokeRamen,Наталия М.,2023-06-18,5,"маствизит место!!!!!!! очень советую к посещению, еда остренькая и соленая, но каждый сможет найти что-то для себя! обслуживание и сервис просто отличные, порции огромные, к каждой детали относятся с большим вниманием. 
меню разнообразное, но я больше всего люблю поке с креветками и рамен со свининой. мясо и морепродукты здесь одни из саааамых вкусных в перми",,,Yandex Maps (JSON),yandex-poke-6.json
ПокеРамен,PokeRamen,Илья Иванов,2023-07-23,5,"В тесноте, да не в обиде, так можно сказать про это место!
Антуражно, стильно, интересно, сытно и вкусно, но по китайски тесно :) 
Нам пришлось ждать своей очереди около получаса, ждали там-же, во дворике, укутавшись в мягкие пледы и изучая меню (довольно затейливое, кстати).
Вобщем если вы голодны и есть свободное время - рекомендую!",,,Yandex Maps (JSON),yandex-poke-6.json
ПокеРамен,PokeRamen,Дарья Сметанина,2023-12-22,5,"Были там 2 раза и за эти разы, это заведение стало действительно любимым. Вкусная еда, крутые официанты, уютная атмосфера. Очень крутые и полноценные ланчи, мне кажется одни из самых лучших в Перми в плане ланчей. 🙌❤️",,,Yandex Maps (JSON),yandex-poke-6.json
ПокеРамен,PokeRamen,Юлия Дьяконова,2024-12-15,3,"Всегда всё было хорошо,но сегодня при просьбе не добавлять кинзу,положили кинзу прямо в том ям. Деньги на ветер,том ям мы не поели.Будьте внимательны пожалуйста к просьбе клиента",,,Yandex Maps (JSON),yandex-poke-6.json
ПокеРамен,PokeRamen,Николай Бармин,2024-01-10,5,"Тут один из самых вкусных Том Ям в городе, своя стилистика заведения отправляет тебя в маленький Китай. Тут часто бывает так, что места просто нет, но это не плохо, ведь заведение очень популярно!)",,,Yandex Maps (JSON),yandex-poke-6.json
ПокеРамен,PokeRamen,Елена Б.,2024-06-14,5,"Стильный интерьер, вкусная еда, дружелюбная атмосфера. Рекомендую",,,Yandex Maps (JSON),yandex-poke-6.json
ПокеРамен,PokeRamen,Артём Селезнёв,2023-03-11,5,"Хорошее место со своей атмосферой, в подходящем стиле, отличный персонал и вкусная еда, цены приемлемые, а порции большие и очень сытные, как раз в духе японских обедов. Также персонал отзывчивый и приветливый, никто не обидит и внимательно, осторожно приносят твою еду.",,,Yandex Maps (JSON),yandex-poke-6.json
ПокеРамен,PokeRamen,Эльвира,2025-02-20,5,"Посещать не посещали, но доставку оформляем стабильно. Безумно вкусно, очень приятные и вежливые менеджеры на связи всегда учтут пожелания👍🏻 Ну и конечно собака, она тоже в восторге и с нетерпением ждет своего презента🥰",,,Yandex Maps (JSON),yandex-poke-6.json
ПокеРамен,PokeRamen,Надежда Пермякова,2023-08-10,5,"Для первого раза  всё  замечательно! Вкусно очень оказалось  всё, что заказали! Очень уютно (мы сидели внутри), несмотря на большое количество  посетителей. И даже девушка-официантка Юша не испортила общего впечатления, хотя обслуживала нас  так, будто мы в воскресенье  в 8 утра пришли прямо к ней  домой и сказали:""приготовь-ка суп том ям""😅
В общем, придём ещё!",,,Yandex Maps (JSON),yandex-poke-6.json
ПокеРамен,PokeRamen,Alexandr Reznov,2024-08-03,5,"Офигенное заведение, еда вкуснейшая, необычная стилистика, круто оыормденное меню, зачёт",,,Yandex Maps (JSON),yandex-poke-6.json
ПокеРамен,PokeRamen,Анастасия Павлюченко,2025-07-11,5,"Интересное, атмосферное местечко. Бизнес ланч очень понравился)))",,,Yandex Maps (JSON),yandex-poke-11.json
ПокеРамен,PokeRamen,Маша Колесова,2023-06-26,1,"были первый раз, место немного переоценено
начнём по порядку:
атмосфера безумно крутая, мне понравилось, даже рядом с рестораном уже веет, так сказать)
место хорошее, в центре города и легко найти.

по еде:
оочень много лука... с парнем потом шутили, что пришли лук поесть, немного перебивает вкус, спросили у официанта, сказала, что со всеми супами так (
ещё о том кха: курица была очень большими кусками.... прям большими, даже пришлось на 2-3 части ломать, чтобы в ложку влезла (

про официантов:
может это нам такая попалась или мы так ее восприняли, но девушка как то не по ""братишески"", как выразился парень, себя вела.
обращалась к нам как к старым друзьям и говорила не очень уместные фразочки ...

дополняю отзыв спустя полгода. пришла сегодня в 13:05, в 13:20 принесли меню, после и еду, поке задержали, в 13:40 сидела, ждала пока принесут счет и унесут посуду, так и не дождалась... в 13:55 попросила счет, слава богу, принесли. опоздала на межгородний автобус, спасибо ресторану за ""быструю работу"".
понимаю, если бы я была не одна или ресторан загружен, дак нет, зал полупустой. 
не было бы так обидно, если бы всех с такой скоростью обслуживали, но девушка рядом пришла, когда я ела поке, и ушла на 10 минут раньше... еда вкусная, но все это впечатление мажется ожиданием и персоналом",,,Yandex Maps (JSON),yandex-poke-11.json
ПокеРамен,PokeRamen,Полина Кукаркина,2022-11-05,2,"Заказали еду на дом. Привезли два холодных супа, недоготовленную холодную картошку фри. Ребят, не беритесь за доставку, если не можете привезти горячую еду. Да, у нас отдаленный район(Нагорный), но существуют термосумки! А здесь наш заказ привезли в полиэтиленовом пакете. Больше заказывать  не будем в данном заведении. ",,,Yandex Maps (JSON),yandex-poke-11.json
ПокеРамен,PokeRamen,💗,2023-07-13,5,"Местечко топ, очень вкусно👍🏻😍
внутри красиво и комфортно👍🏻
Илья Поварницин просто суперский официант, обслужил как надо, улыбчивый парень!) 
Только из-за него приду еще раз🙏🏻",,,Yandex Maps (JSON),yandex-poke-11.json
ПокеРамен,PokeRamen,Ирина Барская,2023-04-10,5,"Обожаю, очень вкусно, атмосферно и душевно. Ребята молодцы! 
Достаточно сложно сесть в часы пик, но ожидание стоит того :)) летом ситуация будет лучше с открытием летника ",,,Yandex Maps (JSON),yandex-poke-11.json
ПокеРамен,PokeRamen,Екатерина Е.,2023-04-17,5,"Спасибо официанту Никите за созданный вайб в наш вечер с подругой. Ты невероятный лапочка. Еда очень вкусная , обслуживание хорошее,никто не обидел 🥰",,,Yandex Maps (JSON),yandex-poke-11.json
ПокеРамен,PokeRamen,Anton Petrov,2022-07-21,3,"Для человека искушенного, пробовавшего настоящие корейские, китайские, вьетнамские, японские, тайваньские блюда в соответствующих странах, тут делать почти нечего. Для любителей «русского» рамен - вполне норм. Сама атмосфера вполне на уровне, с пивом были какие-то косяки, когда нам сказали, что нет Кирин, а в холодильнике за кассой я его увидел. Наврали☺️ Для своих берегут. ",,,Yandex Maps (JSON),yandex-poke-11.json
ПокеРамен,PokeRamen,Ekaterina Politova,2024-04-03,5,"Очень вкусная еда, большие порции, соотношение цена-качество на отлично! Очень приятное место)",,,Yandex Maps (JSON),yandex-poke-11.json
ПокеРамен,PokeRamen,Solo Party,2022-05-30,5,"Фантастическое место. В самой середине города притаился кусочек если не Токио, то какой-нибудь Осаки уж точно. Готовят явно со знанием дела, а не просто чтоб от остроты лицо плавилось, хотя при желании можно и это устроить. Всё очень хрустящее, пряное и сытное, да и цены для такой кухни весьма сдержанные. Рекомендую изо всех сил.",,,Yandex Maps (JSON),yandex-poke-11.json
ПокеРамен,PokeRamen,Евгения И,2022-08-08,5,"Место просто супер от интерьера в стиле китайской улочки до обслуживания!!! Отдельно отметить стоит все блюда!!! Большие порции, невероятно вкусные и сытные!!! По вашим предпочтениям предложат вам убрать кинзу или чеснок и тд!!! Брони нет, есть живая очередь. Было забавно ожидать ее на ящиках, необычно как минимум!!! Рекомендую",,,Yandex Maps (JSON),yandex-poke-11.json
ПокеРамен,PokeRamen,Михайлов И.С.,2022-11-11,5,Отличное место. Вкусно готовят. Цены нормальные. Отличный том ям. Ланч очень сытный и стоит недорого. Во всём соблюдается восточная атмосфера.,,,Yandex Maps (JSON),yandex-poke-11.json
ПокеРамен,PokeRamen,Людмила Праволеловп,2023-10-08,4,"Еда необычная, вкусная, официанты расторопные, приветливые. Посадка в порядке очереди не очень удобна!!! Столики не бронируют. ",,,Yandex Maps (JSON),yandex-poke-11.json
ПокеРамен,PokeRamen,Мария,2024-04-19,5,"Очень классное, атмосферное место!
Ребята готовят невероятный том ям 🔥🤤
Были там компанией друзей, все наелись и были очень довольны 😎 ",,,Yandex Maps (JSON),yandex-poke-11.json
ПокеРамен,PokeRamen,Марина,2023-02-10,1,"Атмосфера подходит далеко не всем: очень мало места, тесно, музыка громкая настолько, что спустя несколько минут начинает болеть голова, душно (скорее всего в помещении плохо работает вентиляция), все в ярком красном свете, бронирования столиков нет и места для ожидания своего столика тоже - зимой приходится мерзнуть на улице в ожидании. В туалете жара, вытяжка не работает, вешалка для одежды общая прямо у выхода (уноси кто хочет как говорится), одежда трется об чужую. Про официантов вообще отдельная история....Девушка за соседним столиком пожаловалась на волос в тарелке, суп унесли, через минуту к нашему столику поднеслась официантка (видимо администратор зала или старший официант)  начала расспрашивать нас что нам не понравилось в супе, на ответ ""это не наш"" ответила в грубой форме. Один раз сходить узнать как там - сойдет, но больше не пойду.",,,Yandex Maps (JSON),yandex-poke-11.json
ПокеРамен,PokeRamen,Vyacheslav,2023-09-19,5,"Одно из лучших мест в городе с азиатской кухней. Всё что есть в меню - очень вкусное.
ОСТРЫЙ РАМЕН И ПРАВДА ОСТРЫЙ

Хотелось бы расширение, а то очереди порой ждать очень долго (",,,Yandex Maps (JSON),yandex-poke-11.json
ПокеРамен,PokeRamen,Astermeria,2023-03-07,5,"Очень вкусно, но чтобы войти нужно будет подождать, благо есть пейджер, который пищит когда освобождаются места, из минусов не всё есть в наличии. Красивое место",,,Yandex Maps (JSON),yandex-poke-11.json
ПокеРамен,PokeRamen,анна м.,2022-06-07,2,"Еда действительно вкусная, атмосферно. Хочется приходить ещё раз. 
Делюсь одним неприятным случаем только лишь с желанием помочь стать лучше.
Официант подошёл к нам ровно два раза: принять заказ и принести еду. Тарелки стояли пустыми на столе минимум полчаса, а то и больше, пока мы окончательно не ушли. Для того, чтобы сделать дозаказ, пришлось самой подойти к официанту. Несколько раз прошёл мимо нашего столика, но так и не подошёл к нам, а все это время другие официанты играли в настольный теннис. К теннису претензий нет. 
",,,Yandex Maps (JSON),yandex-poke-11.json
ПокеРамен,PokeRamen,Артур Нурисламов,2023-01-13,5,"Рекомендую, не смотря на ожидание свободного места 😊
Блюда вкусные и питательные. 
В зале чистота, порядок. 
Интерьер интересный.",,,Yandex Maps (JSON),yandex-poke-11.json
ПокеРамен,PokeRamen,Василий Жиряев,2023-07-13,5,"Хороший подход к китайской, восточной кухне. Сам сделал бы вкуснее, но для народа отлично. И атмосферно. Зайду если окажусь когда ни будь опять в Перми.",,,Yandex Maps (JSON),yandex-poke-11.json
ПокеРамен,PokeRamen,Алексей Кузнецов,2023-10-01,5,"Хорошее заведение. Персонал вежливый и отзывчивый, еда зачётная. Местечко конечно больше для молодёжи, а так заскочить и перекусить в летнике, вариант очень даже не плох. ",,,Yandex Maps (JSON),yandex-poke-11.json
ПокеРамен,PokeRamen,Ксения Суслова,2023-09-15,5,"Очень вкусный том ям! Ещё нравятся ланчи. За 410 руб - суп, поке и морс. Обычно наедаемся супом, а поке берём с собой на полдник) ",,,Yandex Maps (JSON),yandex-poke-11.json
ПокеРамен,PokeRamen,Михаил Баранов,2022-11-07,5,"Отличное кафе. Очень вкусно. Особенно советую попробовать лимонады. Единственное что надо учесть, мест мало и они практически все занята. Взрослым кафе может не понравиться, но для молодежи отличное место( ну или для тех кто молод душой)",,,Yandex Maps (JSON),yandex-poke-11.json
ПокеРамен,PokeRamen,Стас Красильников,2023-04-12,5,"Вкусно, часто беру тут с похмелья том ям. Рамен тоже неплохой! Всегда очень много людей. Летом кайфовые фонарики на улице)",,,Yandex Maps (JSON),yandex-poke-11.json
ПокеРамен,PokeRamen,Марьям А.,2024-01-03,1,"Хотелось бы, чтобы появилась бронь столов, либо как-то увеличить зону ожидания. Зайти поесть нереально, а стоять ждать на улице пока освободится стол в минус 25 такое себе, если честно. Ожидание из 20 минут превратилось в 40 минутное… Зато людей, которые приходили после нас, пропускали вперед, чтобы они сели:) В общем, пришлось уйти, так и не поев.",,,Yandex Maps (JSON),yandex-poke-11.json
ПокеРамен,PokeRamen,Александра Яркова,2023-08-16,5,"Обалденная еда и атмосфера! Брали фо бо и рамен. Порции огромные. Но самое главное, здесь очень вкусно! Всем рекомендую ",,,Yandex Maps (JSON),yandex-poke-11.json
ПокеРамен,PokeRamen,Никита Бушуев,2024-01-25,4,"Еда очень вкусная из оригинальных продуктов, но музыка не очень. Бьет по ушам и не приятно находиться в помещении долго",,,Yandex Maps (JSON),yandex-poke-11.json
ПокеРамен,PokeRamen,oxpna,2023-04-08,5,"Самое лучшее место в Перми ,где можно покушать не европейскую еду ,Поке из угря ,просто бомба 
Если придти днем,возможно будет сразу сесть за столик ",,,Yandex Maps (JSON),yandex-poke-11.json
ПокеРамен,PokeRamen,Семен Черняев,2023-02-24,5,"Очень часто хожу в Поке Рамен. Официанты и повара очень хорошие, приятные люди. Всегда вежливые, учтивые. Еда очень вкусная, сытная. ",,,Yandex Maps (JSON),yandex-poke-11.json
ПокеРамен,PokeRamen,юлия чернушенко,2023-08-10,5,"Очень вкусный Том Ям, поке с лососем . Вернемся обязательно попробуем остальное, приятные девушки официантки",,,Yandex Maps (JSON),yandex-poke-11.json
ПокеРамен,PokeRamen,Денис Свирид,2023-05-29,1,"Очень советовали данное заведение, специально выделили время, чтобы посетить, в итоге ушли с плохим настроением оттуда, хотя еда достаточно вкусная. Почему так? Возможно мы не попали на хорошую смену, но персонал поступил некрасиво по отношению к гостям, хамство! Даже таким недружелюбием можно все испортить!
",,,Yandex Maps (JSON),yandex-poke-11.json
ПокеРамен,PokeRamen,Мария Рождественская,2023-09-20,5,"Очень вкусно, порции большие, действительно стоит своих денег.
Правда очереди бывают, но всё равно в итоге быстро приготовили. ",,,Yandex Maps (JSON),yandex-poke-11.json
ПокеРамен,PokeRamen,Наталья,2025-04-20,5,"Атмосферное место, быстрая подача , демократичные цены",,,Yandex Maps (JSON),yandex-poke-11.json
ПокеРамен,PokeRamen,Ekaterina Ogorodnikova,2023-11-05,4,"Вкусно. Верните вкусные моти: красные, жёлтые, чёрные. Могут мелкий заказ забыть принести, но включат в счёт - проверяйте. Воду сразу не попросили, потом не принесут.",,,Yandex Maps (JSON),yandex-poke-11.json
ПокеРамен,PokeRamen,Андрей Ахтырский,2023-09-22,5,"Одно из самых лучших и атмосферных мест в Перми, где можно попробовать азиатскую кухню. 
Что подтверждают постоянные очереди на вход.",,,Yandex Maps (JSON),yandex-poke-11.json
ПокеРамен,PokeRamen,Марина Каримова,2023-03-12,4,"Еда вкусная, обслуживание не плохое. Единственный минус для меня не очень уютно и посадка не удобная. Оформление на улице красивое.",,,Yandex Maps (JSON),yandex-poke-11.json
ПокеРамен,PokeRamen,Oksana Krapivina,2024-03-06,4,"Интересное, активное место.  Не успеешь сьесть, могут забрать тарелку, за этим стоит следить, чтоб не утащили). Со временем поменялся состав блюда, что огорчило(((",,,Yandex Maps (JSON),yandex-poke-11.json
ПокеРамен,PokeRamen,Davydov  Vladimir,2023-09-17,5,"За покехой и раменом только сюда👍 карри рис с курицей особый вид удовольствия 👍 маме - кормилице пасяб, ну уж очень вкусно у Вас кушацц",,,Yandex Maps (JSON),yandex-poke-11.json
ПокеРамен,PokeRamen,Elina,2022-08-06,5,"Брала салат с тунцом и том ям, была в полном восторге! Порции большие с довольно приемлемым ценником, очень дружелюбные сотрудники, всегда рады помочь в выборе) Также отмечу лимонады, мне понравился с имбирём, советую!",,,Yandex Maps (JSON),yandex-poke-11.json
ПокеРамен,PokeRamen,Дарья,2022-10-15,4,"Отличная раменная, вкусно и много. Приятная атмосфера, красивая обстановка, милые официанты. Единственный минус - это мало места, на улице летом не удобно сидеть. Часто приходили, все места были заняты. Хотелось бы расширения.",,,Yandex Maps (JSON),yandex-poke-11.json
ПокеРамен,PokeRamen,Юлия Ш.,2023-10-07,5,Отличное кафе с азиатской кухней! Все на высоте! Порции огромные! Всегда все очень вкусно! Самый вкусный поке в городе!,,,Yandex Maps (JSON),yandex-poke-11.json
ПокеРамен,PokeRamen,Марина С.,2023-11-14,5,"Безумно крутое, безумно атмосферное и безумно вкусное место! Однозначно лучшее из заведений азиатской кухни в городе. Интерьер зала, оформление дворика, освещение и музыка полностью погружают в атмосферу вечернего азиатского городка. Огромными порциями можно наесться на целый день! Так оно ещё и очень вкусные. ",,,Yandex Maps (JSON),yandex-poke-11.json
ПокеРамен,PokeRamen,Ярослав Захматов,2025-03-01,5,Большой ассортимент! Везде большие порции. В блюдах много рыбы. Официанты вежливые как и весь персонал. Рекомендую! Думаю всем понравится!,,,Yandex Maps (JSON),yandex-poke-11.json
ПокеРамен,PokeRamen,Оксана Носкова,2023-08-02,5,"Шикарное место. Очень вкусно. Если вам за экзотикой , то это здесь. Лимонады - отпад! Очень много блюд с морепродуктами. Официанты - просто зажигалки!",,,Yandex Maps (JSON),yandex-poke-11.json
ПокеРамен,PokeRamen,Знаток интырнета,2024-10-14,5,"Чудесное заведение, все невероятно вкусно, очень вежливый персонал. Однозначно рекомендую всем любителям азиатской кухни💞 Спасибо вам! Желаю процветания!",,,Yandex Maps (JSON),yandex-poke-11.json
ПокеРамен,PokeRamen,Алексей,2023-05-13,5,"Хорошие порции, быстрое обслуживание. Интересное решение с очередями на входе, с помощью брелоков.",,,Yandex Maps (JSON),yandex-poke-11.json
ПокеРамен,PokeRamen,Elli,2022-11-14,3,"Уже несколько раз прихожу туда, с разными друзьями и знакомыми, нахваливая тем, что у вас лучший том ям(убеждена в этом, так как заказывала пару раз доставку. Действительно лучший в Перми!)….. в итоге уже как два года нет мест. Может организуете сайт с бронированием столиков?",,,Yandex Maps (JSON),yandex-poke-11.json
ПокеРамен,PokeRamen,Игорь Епифанцев,2022-10-24,5,"Заведение со своим стилем. Дружеская атмосфера, приятные сотрудники и повара и официанты. Открытая кухня, вкусные блюда. 
Анна Павлова по вьетнамски, классный десерт.
Работают также на вынос. Вообщем рекомендую.",,,Yandex Maps (JSON),yandex-poke-11.json
ПокеРамен,PokeRamen,Фёдор Андреевич Юрганов,2024-04-11,5,"Уже довольно давно ходим с женой в это место, все очень вкусно и качественно.
Радует отношение официантов к работе и клиентам)",,,Yandex Maps (JSON),yandex-poke-11.json
ПокеРамен,PokeRamen,Valeriy Kolobov,2023-10-17,5,"Советую к посещению заведение. Единственный минус - это небольшое помещение и оно заполнено посетителями.
Том Ям один из лучших в городе, много разнообразных морепродуктов.",,,Yandex Maps (JSON),yandex-poke-11.json
ПокеРамен,PokeRamen,Анна Сергеевна Трифонова,2023-01-28,5,"Том ям не стльно острый, а в меру, это ценно для меня. И вкуснейшие мидии в соусе бою чиз!! Шикарная атмосфера, всё как надо)",,,Yandex Maps (JSON),yandex-poke-11.json
CDEK,CDEK,Сергей Романов,2024-08-17,2,"Отправил посылку с оплатой при получении. Не спрашивают каким способом отправить обычной или экспресс ( всегда по умолчанию обычной) Отправили зачем-то экспресс, размеры посылки указали не верные, вес вместо 120гр написали 850 по итогу вместо 580₽ обошлось 1100+
Служба поддержки отвратительно работает. На заданные вопросы просто игнорируют. ",,,Yandex Maps (JSON),yandex-cdek.json
CDEK,CDEK,Кристина Снигирёва,2025-01-20,1,"Сама компания работает хорошо, но персонал сильно подводит...на просьбы помочь, или повторить что то, все воспринимается в штыки и на повышенных тонах...отправляла этой компанией первый раз, и в следующий раз воспользуюсь или другим пунктом или другой организацией....при оформлении курьерской из другого города, в этот пункт, зачем то отправили в закамск, хотя курьерскую заказывала в этот пункт...странное отношение какое то. Не рекомендую",,,Yandex Maps (JSON),yandex-cdek.json
CDEK,CDEK,Территория чая и кофе Т.,2025-02-17,5,Отличный пункт выдачи! Девочки операторы всегда готовы помочь с любым вопросом! В пункте всегда чисто и уютно!,,,Yandex Maps (JSON),yandex-cdek.json
CDEK,CDEK,Анна Л.,2025-10-15,5,"Самый лучший пункт выдачи СДЭК в Перми! Грамотный и доброжелательный персонал. В пункте чисто и красиво.
Живые цветы создают уютную атмосферу",,,Yandex Maps (JSON),yandex-cdek.json
CDEK,CDEK,Евгений Ж.,2023-12-10,1,"Нарушение всех возможных сроков! Принимают отправления к международной пересылки от компании СДЭК-шоппинг, при этом не требуют полный пакет документов, в итоге посылку тормозит таможня. Жду её два месяца, никто отвечать не хочет. Перевозчик(СДЭК) валит всё на отправителя, а отправитель(СДЭК-шоппинг) ссылается на то, что в «договоре» нет никаких точных сроков)))",,,Yandex Maps (JSON),yandex-cdek.json
CDEK,CDEK,Татьяна Кусякова,2022-02-03,5," Отличная альтернатива Почте России. Доставка в обещанные сроки. Достаточный ассортимент упаковки.  Простая процедура получения рядом с домом за 2 минуты без очередей и заполнения всяких бумажек. . С Почтой России, где вечные очереди и заморочки, не сравнишь.  Персонала не хватает,  объединяют несколько услуг в одном окне... Тут и квартплата, и оплата наложенного платежа.  Вечные перепалки между клиентами. Работаю до 18-00. Почта до 20-00. На почте шансов что-то получить или отправить в рабочие дни- почти никаких.  В СДЭК  трачу минуты в удобное время.",,,Yandex Maps (JSON),yandex-cdek.json
CDEK,CDEK,Андрей Цветков,2025-06-30,5,"Единственный недостаток этого ПВЗ - расположен внутри синагоги. Поэтому не сразу понимаешь, куда тебе. А так - работают вежливо и аккуратно. Перегрузки по числу посетителей я ни одного раза из трёх визитов не заметил.",,"Добрый день!
Благодарим вас за высокую оценку нашей работы!
Мы стараемся сделать вход в офис максимально узнаваемым, чтобы клиентам было удобно нас найти. Устанавливаем бело-зелёные вывески с нашим логотипом на помещении и внутри, при входе в офис. 
Так же на нашем сайте (https://www.cdek.ru/ru/offices/view/prm140/) есть возможность построить маршрут до офиса или связаться с менеджерами, чтобы они помогли вам сориентироваться.
Надеемся на ваше понимание и ждём вас снова💚",Yandex Maps (JSON),yandex-cdek.json
CDEK,CDEK,BeKinD,2025-03-31,4,"Перед оформлением доставки было все рассчитано по дням, сколько будет идти чтоб все пришло во время. Пришло уведомление ,что придет до 29го. Все устраивает, но настал день когда до 29го не пришло, до 29го это значит максимум 28го. Очень расстроило.",,,Yandex Maps (JSON),yandex-cdek.json
CDEK,CDEK,Исломбек Д.,2023-02-24,1,"Пришел в это место ! Остался крайне не доволен работой сотрудников , хотел отправить посылку в два города , при отправке возникли трудности, поясню : я никогда раньше не направлял этой организацией посылки , на мою просьбу помочь выбрать подходящую коробку и  сложить аккуратно , специалист была крайне недовольно моей просьбой а так же параллельно  со мной она общалась с людьми которые находятся на складе .показалось что она не на работе а  у себя дома и я ее отвлек от беседы с подружками на кухне . Мне было не приятно такое отношение. Не советую вообще приходить в это отделение , если не хотите испортить себе настроение и понервничать лишний раз.",,,Yandex Maps (JSON),yandex-cdek.json
CDEK,CDEK,Alexandra E.,2025-02-18,5,Отличный пункт выдачи. Удобно расположен. Очень приветливый и приятный персонал.,,,Yandex Maps (JSON),yandex-cdek.json
CDEK,CDEK,Ice Bear,2022-11-07,5,"Вежливый персонал, всё объясняют, дают время на проверку груза, очередей практически нет. Местоположение очень удобное. Отличный пункт выдачи!",,,Yandex Maps (JSON),yandex-cdek.json
CDEK,CDEK,Елизавета Челпанова,2025-02-22,5,"Прекрасные сотрудники, атмосфера чудесная, все четко и бысто делают. ",,,Yandex Maps (JSON),yandex-cdek.json
CDEK,CDEK,Nikola Sha,2025-10-23,3,Нет терминала! В наши дни это уже не нормально и доставляет дискомфорт. ,,"Добрый день!

Обеспокоены тем, что вам отказали в оплате картой. Видим в системе, что терминал в офисе есть. 

Чтобы мы смогли все проверить и выяснить, почему вам предоставили неверную информацию, напишите, пожалуйста, нам на zakaz@cdek.ru или в личку VK (https://vk.me/cdek_express) дату и время визита. В теме письма укажите ""Яндекс"" и к письму/сообщению прикрепите скриншот отзыва.",Yandex Maps (JSON),yandex-cdek.json
CDEK,CDEK,Natalia,2023-01-06,2,"Пользовалась доставкой часто и вроде бы все было нормально. Один случай полностью перечеркнул доверие к данной службе доставки. Вскрыта коробка и украдена часть товара. Несмотря на то что раскрыла на месте, что акт составили, СДЕК полностью проигнорировал это, деньги мне не вернули . Теперь  всегда перед оплатой открываю и проверяю наличие товара",,,Yandex Maps (JSON),yandex-cdek.json
CDEK,CDEK,Иван Никитин,2023-09-16,1,Ужасно. Посылка 14 дней не дошла. Судя по треку ездит по разным городам. Не знаю когда доедет. Судя по отзывам ситуация массовая. Но  на их сайте нет данных. Никто не предупреждает при приеме посылок о том что могут быть задержки. ,,,Yandex Maps (JSON),yandex-cdek.json
CDEK,CDEK,Паша Пермяков,2021-12-27,1,"Убогая компания! Маленькая коробка шла из Казахстана до Перми с 21-24 декабря и в Перми пролежала с 24 до 27. В выходные никто не доставил. Звонит курьер и говорит что везет домой. А на секундочку рабочая неделя. Прошу доставить в другой район, говорит это не его район. Позорище. Если есть возможность отправляйте все почтой россии. И дешевле и надежней. СДЭК неоправданная цена доставки.",,,Yandex Maps (JSON),yandex-cdek.json
CDEK,CDEK,Анастасия,2025-03-24,5,"Самый лучший пункт выдачи, чисто, сотрудники доброжелательные ",,,Yandex Maps (JSON),yandex-cdek.json
CDEK,CDEK,Алексей Гилёв,2023-03-01,5,"Сервис очень сильно улучшился!!! Радует!!! Доставили быстрее чем выставленная дата, оперативно. Всё в целости, сохранности! Спасибо! ",,,Yandex Maps (JSON),yandex-cdek.json
CDEK,CDEK,Роман Ризнык,2024-05-04,5,"Выдали быстро, оперативно. Хрупкая посылка прибыла в сохранности.",,,Yandex Maps (JSON),yandex-cdek.json
CDEK,CDEK,OlaTsybina,2024-05-19,5,"Всё прекрасно, пользуюсь уже не первый год! 
Сервис, девочки-Вы огонь🔥🔥
",,,Yandex Maps (JSON),yandex-cdek.json
CDEK,CDEK,hermes-perm541548,2021-05-23,5,"Доставили быстро. Понравилось, что можно изменить место выдачи самосточтельно. Груз получила быстро. Очереди нет.",,,Yandex Maps (JSON),yandex-cdek.json
CDEK,CDEK,Ludwig,2021-04-22,5,СДЕКом пользуюсь с основания компании...много посылок отправлял много получал все в срок...трек номер всегда отслеживается...никогда ни чего не потеряли...отделения по всей стране и не только очень удобно...че за дурни отрицательные отзывы пишут мне не понятно...идите на Почту России...),,,Yandex Maps (JSON),yandex-cdek.json
CDEK,CDEK,kirill c.,2025-09-26,5,"Быстро, удобно, прекрасный персонал. Спасибо",,Здравствуйте! Мы стараемся. И вам спасибо за доверие ❤️,Yandex Maps (JSON),yandex-cdek.json
CDEK,CDEK,Дмитрий,2022-12-13,1,"Приятно почитать, как отлично работает эта компания,.....а вот я уже 14 дней безуспешно разыскиваю свое отправление, получив два десятка ответов в чате типа""....нам очень жаль, но мы решаем"" с сегодняшнего дня нам решили отвечать в стиле ""сидите и ждите"" и уже без всяких там пиитетов. И если попробуете на жтот отзыв хоть что-то вякнуть я выложу скрины вашего дебилизма и хамства вместо реальных мер по поиску отправления",,,Yandex Maps (JSON),yandex-cdek.json
CDEK,CDEK,Алексей,2021-04-03,5,"Одна из лучших компаний по доставке!!! Много раз пользовались, странные комментарии здесь, как будто не про эту компанию написано!",,,Yandex Maps (JSON),yandex-cdek.json
CDEK,CDEK,Тебенева Регина,2021-04-05,1,"
Первый и последний раз пользуюсь услугами данной компании.Сервис просто ужасный !!!!!Ждала неделю посылку большую  из Москвы ,позвонила попросила переместить в близлежащий к моему дому СДЭК ,т.к ее привезли в Грин-плаза ,менеджер составил в сб заявку на перемещение,сказал в пн она будет на Карпинского.В пн я прихожу на Карпинского с мужем ,и мне объясняют ,что ее нет ,и она лежит в Грин -пла




чанием-""я не знаю почему она там "".И эта организация работает 7 дней в неделю ,до Карпинского за три дня не могут привезти мою посылку ,за доставку которой я плачу ! Сотрудники вообще не  ориентированы на клиента !!!
Компания полное г!!!!!!!!!!!!!!!!!!!!!!!! 





















































",,,Yandex Maps (JSON),yandex-cdek.json
CDEK,CDEK,Анна Сёмушкина,2024-04-12,5,"Приветливые девушки. Чистый пункт выдачи. Подскажут, помогут, объяснят . ",,,Yandex Maps (JSON),yandex-cdek.json
CDEK,CDEK,Михаил З.,2023-10-22,1,"Работой компании остался недоволен, несмотря на наличие в стоимости заказа упаковки, умудрились помять стиральную машину. Уровень организации никакой.",,,Yandex Maps (JSON),yandex-cdek.json
CDEK,CDEK,Константин Марков,2022-08-16,4,"обслуживание быстрое, очереди большое ОСОБО не было, персонал профессиональный. расположение желает лучшего)",,,Yandex Maps (JSON),yandex-cdek.json
CDEK,CDEK,А,2022-03-08,1,"Сдэк оборзели. Так же как в свое время деловые линии. ОЧЕНЬ дорого. Хамство повсеместное. Задержки посылок. Посылка ""идет"" из Москвы в Пермь, а по факту уже неделю лежит в транзитном городе Москва. Где там граница с Украиной? Сайт лежит. Виртуальный помощник не работает. До операторов не дозвониться",,,Yandex Maps (JSON),yandex-cdek.json
CDEK,CDEK,Вячеслав Веревкин,2024-03-01,5,"Оформили быстро, помогли всё упаковать. Остался доволен",,,Yandex Maps (JSON),yandex-cdek.json
CDEK,CDEK,v v,2021-12-04,1,"Единственный плюс это близость к месту жительство, на этом все. Ни соблюдения сроков, ни вежливости, ни выполнения своих обязательств, ни компетентности, ничего этого нет. Даже режим работы не соответствует заявленному. Открываются и закрываются, как хотят. ",,,Yandex Maps (JSON),yandex-cdek.json
CDEK,CDEK,Анна,2024-12-13,5,Хороший пункт. Всегда быстро.,,,Yandex Maps (JSON),yandex-cdek.json
CDEK,CDEK,Cac Tus,2021-04-18,1,"Отвратительная контора с молотка. Проще съездить самой в другой город/страну. Сами меняют условия доставки, затягивают просто донельзя. Такое не в первый раз.",,,Yandex Maps (JSON),yandex-cdek.json
CDEK,CDEK,Софья,2020-10-09,5,"Самый удобный пункт выдачи. Доброжелательный персонал. Удобно, что есть упаковка и коробки, и мешки. ",,,Yandex Maps (JSON),yandex-cdek.json
CDEK,CDEK,Максим,2024-04-01,5,"Хорошее обслуживание, вежливый персонал
Люди, если у вас срываются сроки, почему в этом обвиняете офис?",,,Yandex Maps (JSON),yandex-cdek.json
CDEK,CDEK,Марина,2021-12-03,1,"Ужас! Оператору сказала доставку в четверг нужно, курьер приехал в среду. После неудачной доставки,  на след день решил вообще не приезжать. Как хотят так и ездят, я так поняла, что под курьера ещё подстроиться надо, под его маршрут и время. Очень удобно!!! ",,,Yandex Maps (JSON),yandex-cdek.json
CDEK,CDEK,,2021-12-06,5,"Понравилось обслуживание, есть примерочная, отзывчивый персонал , дали пакет, буду заказывать товары только в этот пункт!",,,Yandex Maps (JSON),yandex-cdek.json
CDEK,CDEK,Анастасия Брацун,2023-01-31,1,"Если вы в жестких временных рамках, то СДЭК вам не подходит, по несколько дней посылка валяется в сортировочном центре",,,Yandex Maps (JSON),yandex-cdek.json
CDEK,CDEK,Aleksey Zavyalov,2021-10-13,2,"Вроде работают, были косяки:путаница и медлительность в доставке. Потом на всех подряд валят: это поставщик, это Москва, это людей нет, это машина, короче как везде.",,,Yandex Maps (JSON),yandex-cdek.json
CDEK,CDEK,Мария Н.,2021-05-25,5,Пользовалась услугами этой компании 2 раза. Посылки доставлялись быстро и не поврежденными. Стоимость услуги приемлемая,,,Yandex Maps (JSON),yandex-cdek.json
CDEK,CDEK,Юлия Дерябина,2025-09-23,5,"Быстро, вежливо. Рекомендую!",,,Yandex Maps (JSON),yandex-cdek.json
CDEK,CDEK,Костя Сероев,2023-09-22,1,"Посылку не могут доставить уже 2 неделю, хотя было заявлено, что привезут за 5 дней.",,,Yandex Maps (JSON),yandex-cdek.json
CDEK,CDEK,Александр З,2025-09-12,5,Очень компетентная и приятная девушка сотрудник.),,,Yandex Maps (JSON),yandex-cdek.json
CDEK,CDEK,Валерия М.,2021-03-30,1,"Самая ужасная доставка!!! Пользовались 2 раза! Никогда больше не обратимся, компания отправитель выбрали СДЭК, чтобы дооправить корм для собак, в первый раз корма  были тоже разобраны, я писать ничего не стала, сегодня это выше всего, 3 мешка корма потаптаны ,грязные, пошорканы, мешок разорван, т.е такой продукт использовать нельзя, стоимость одного мешка около 4000 рублей, пищевой продукт , заплатили цену за доставку, как билет до Москвы... Работаем с ПЭК,. Мешки чистые, всегда , за 4 месяца работы не одного нарекания, написали претензию , если СДЭК не оплатит компенсация, сделаем анализы с порванного мешка о наличии бактерий и грязи и соответственно в суд и органы Роспотребнадзора , далее склад Докучаева, это треш, прогулка по лесу... Дорога яма на яме, подъезжать тоже не удобно...хотя есть филиал выдачи на дружбе , вообщем заоблачная доставка.... Удаленность.... Сервис 0, отношение к клиентам такое же, и вопрос к руководителю, вы дадите своему ребенку вскрытую банку с пюре???? При этом заплатив за это конский ценник????
Жду обратной связи, как клиента ЮЛ вы потеряли навсегда, кстате есть видео и фото, как вам передавался  на отправку корм и есть видео , того ,что мы получили....",,,Yandex Maps (JSON),yandex-cdek.json
CDEK,CDEK,Анисия,2024-04-12,5,"Отзывчивые менеджеры, удобно в центре города, благодарю ",,,Yandex Maps (JSON),yandex-cdek.json
CDEK,CDEK,Ольга Иващенко,2024-03-14,5,Всегда все быстро и четко. Пользуюсь часто,,,Yandex Maps (JSON),yandex-cdek.json
CDEK,CDEK,Ирина Лобанова,2021-04-29,5,"Девушки помогли с отправкой посылки, все рассказали и подсказали как лучше сделать",,,Yandex Maps (JSON),yandex-cdek.json
CDEK,CDEK,Сергей,2024-12-31,4,Вежливый персонал готовый помочь,,,Yandex Maps (JSON),yandex-cdek.json
CDEK,CDEK,WolfAstral,2021-07-05,5,"Хорошая компания, не разу не было проблем, быстрая доставка во время и посылка в порядке не побита, если есть возможность то только сдэк",,,Yandex Maps (JSON),yandex-cdek.json
Twins,Twins,Аня,2025-07-27,5,"Очень хороший салон. Очень удобно, что находится в центре города и недалеко от дома. Раньше ходила только на ресницы, но теперь появились услуги по маникюру. Делают всё качественно, персонал вежливый. Посоветовала подруге, ей тоже тут понравилось. Цены здесь заметно ниже, но качество работы на высоте",,,Yandex Maps (JSON),yandex-twins.json
Twins,Twins,Александра,2024-09-09,5,"Нашла салон без рекомендаций, только по отзывам на Яндексе – очень боялась идти, но в итоге не пожалела ни капли!!! Просто чудеснейшее место с очаровательными мастерами ♥️

Я пришла в Twins, чтобы впервые в жизни сделать оформление и ламинирование бровей в салоне, и по итогу была шокирована, как может преобразиться лицо с грамотно оформленными бровями! Я не знала чего я хочу, поэтому попросила мастера сделать так, как было бы лучше на её взгляд – и не пожалела (мастером было предложено несколько вариантов, которые бы мне подошли). На каждом этапе работы мастер подавала мне зеркало и уточняла всё ли в порядке, нет ли неприятных ощущений из-за составов, всё ли мне нравится по цвету, по форме бровей и т.д. В перерывах между обсуждением непосредственно работы над бровями было очень комфортно и ненавязчиво: чувствовалось, что можно и помолчать, и поболтать с мастером, если есть желание

В самой студии играет очень приятная и медитативная музыка без слов, для клиента отведено удобное мягкое кресло, которое регулируется по высоте, температура в помещении была идеальная, хотя на улице стоял довольно жаркий и душный день

В общем, от всей души рекомендую, а сама я сюда обязательно вернусь не только за ламинированием бровей, но и ресниц! 

p.s. я не фотографируюсь, поэтому фото до/после без претензий на качество",,"Александра, здравствуйте! Мы благодарим вас за такой развернутый отзыв. Нам очень приятно, что вы высоко оценили услуги салона. Будем рады видеть вас снова.",Yandex Maps (JSON),yandex-twins.json
Twins,Twins,анжела м.,2025-03-27,5,Хочу в данный салон более 8 лет ! Отличные мастера - специалисты ! Всегда качественно из хороших материалов выполняют наращивание ресниц ! Специалисты своего дела. Наращивание только в данном салоне! ,,"Анжела, благодарим вас за отзыв. Всегда рады видеть вас в нашем салоне. ",Yandex Maps (JSON),yandex-twins.json
Twins,Twins,Katerina Luchnikova,2024-04-25,5,"Пришла в TWINS по рекомендации подруги и не прогадала. Регулярно делаю наращивание уголков ресниц и оформление бровей. Самые удобные кресла на моем опыте! Приятная атмосфера, квалифицированные мастера, быстрота и отличный сервис! Отдельная благодарность Анастасии, мастер записала все мои схемы, так что мне не нужно о них помнить)
Спасибо вам за время глубокого сна, с вами можно ни о чем не волноваться",,"Екатерина.
Спасибо за вашу оценку",Yandex Maps (JSON),yandex-twins.json
Twins,Twins,Ирина Муравьева,2024-12-12,5,"Хорошая студия, после того как ко мне не пришел мастер на снятие ресниц и нужно было быстро их снять, выручили меня. Мастер просто милашка, спасибо большое и извиняюсь за свои слезящиеся глаза 🤞😅",,"Ирина, благодарим за отзыв. ",Yandex Maps (JSON),yandex-twins.json
Twins,Twins,Надежда Мифтахутдинова,2024-07-31,5,"Нашла этот салон в интернете, все колебалась стоит не стоит сходить туда, все таки решилась и не прогадала. Девочки мастера по наращиванию ресниц просто супер, все сделали как я хотела.Теперь буду ходить только туда. Рекомендую)))",,"Надежда, добрый день. Благодарим за ваш отзыв. будем ждать вас снова.",Yandex Maps (JSON),yandex-twins.json
Twins,Twins,Юлия,2025-04-28,1,"Сделала в этом салоне еще в ноябре 2024года лэд- наращивание ресниц, в итоге ожог обоих век 1 степени, лечение и восстановление проводилось за свой счет. От возмещения руководитель салона отказалась, так как не она мне делала наращивание. Ответственность Мария за своих мастеров не несет, якобы все мастера на аренде. А деньги за услуги ей на счет оплачиваются. Обслуживание ужасное: после жалобы извинения не услышала, все какие-то отговорки. Мастера не за что ответственности не несут, если вы останетесь без зрения - это ваши проблемы. У пеня все чеки сохранены, переписки тоже. Пишу заявление и жалобу в Роспотребнадзор. У меня остались следы после заживших ожогов, и сейчас это я буду восстанавливать за свой счет. Не рекомендую данный салон. 

Добавлю: после осмотра Окулиста был поставлен диагноз Ожог 1 степени обоих век, к сожалению не возможно подгрузить фото. 
Ответ руководителя меня поразил: я вам сама ничего не делала, все мастера на аренде. Хочу вас оградить от таких мастеров и руководителей. Заявление в Роспотребназор уже отправлено.",,,Yandex Maps (JSON),yandex-twins.json
Twins,Twins,Полина Бояршинова,2023-12-26,5,"Делала пару раз реснички, все круто. Уютные кресла вместо кушеток, приветливый персонал, есть онлайн запись. Часто встречаю акции. Благодарю за качественную работу ",,"Полина, благодарим вас за отзыв.",Yandex Maps (JSON),yandex-twins.json
Twins,Twins,Жанна Талдыкина,2025-01-12,5,"Весь персонал качественно делает  свою работу, всё очень комфортно, и красиво ... Спасибо за очень приятно проведения время, и качественную работу..",,"Жанна, благодарим вас за приятные слова и высокую оценку. Будем рады видеть вас снова в нашем салоне.",Yandex Maps (JSON),yandex-twins.json
Twins,Twins,Scotch,2025-05-01,5,"Делаю тут оформление бровей уже второй год, салон супер, обслуживание на высоте !!",,,Yandex Maps (JSON),yandex-twins.json
Twins,Twins,Nataliia Ivashchenko,2023-01-31,5,"Я верный клиент с 15-летним стажем. В силу разных обстоятельств был опыт с другими мастерами. Не смогла ""изменять"" - вернулась)). Тут  ресницы  держатся,  мастер слышит хотелки и делает идеально на 150%. 
И плюсом к этому мега-комфортные кресла, уместное общение и цены в рынке. 
Рекомендую очень!",,"Наталья, благодарим вас за отзыв. Всегда рады видеть вас в нашем салоне.",Yandex Maps (JSON),yandex-twins.json
Twins,Twins,Оксана ожегова,2023-04-23,5,"Оформляю брови, заботливый  и профессиональный персонал, работают на удовольствие клиента, всегда с пониманием подходят к подбору времени для записи, вежливость, уют в салоне. Рекомендую",,"Оксана, спасибо вам за отзыв.",Yandex Maps (JSON),yandex-twins.json
Twins,Twins,Надежда,2023-01-05,5,"Очень удобные кушетки - кресла) 
Очень доброжелательный администратор. 
Хорошо сделали реснички, вернусь еще. 
Есть система лояльности - это всегда большой плюс.",,"Надежда, спасибо вам за отзыв.
",Yandex Maps (JSON),yandex-twins.json
Twins,Twins,Ольга,2023-02-04,5,"Очень уютно. Мастера профессионалы своего дела. Уйдёте от них красивыми и с хорошим настроением. Это то место, где после его посещения не надо три часа реветь в ванной дома. Рекомендую.",,"Ольга, спасибо большое за отзыв.",Yandex Maps (JSON),yandex-twins.json
Twins,Twins,Анастасия,2022-07-06,5,"Лучший салон по наращиванию ресничек в городе, мастера работу выполняют быстро и качественно. Удобные кресла-облака, спина не даёт о себе знать! ",,"Анастасия, благодарим вас за отзыв. ",Yandex Maps (JSON),yandex-twins.json
Twins,Twins,Инкогнито 4707,2023-08-12,5," Отличный салон, все девочки мастера своего дела. Реснички супер красивые. Всем советую.
",,Здравствуйте! Благодарим вас за отзыв и за высокую оценку.,Yandex Maps (JSON),yandex-twins.json
Twins,Twins,Анна,2023-02-04,5,"Все отлично. Есть онлайн запись, перед посещение отправляют напоминание, мастера и администратор очень вежливые, работы качественные ( наращивание, ламенирование ресниц)  удобные кресла, спокойная обстановка. Можно выбрать мастера любой категории.",,"Анна, благодарим вас за оставленный отзыв. Будем и дальше радовать вас качеством работы и сервисом.",Yandex Maps (JSON),yandex-twins.json
Twins,Twins,юлия я.,2023-03-15,5,"Долго искала хорошего мастера, нашла! Рекомендую! Обстановка отличная, отдыхаешь душой и телом. Весь персонал на высшем уровне.",,"Юлия, спасибо за высокую оценку. Будем рады видеть вас в нашем салоне.",Yandex Maps (JSON),yandex-twins.json
Twins,Twins,Елизавета М.,2022-07-22,5,"В последнее время только и хожу в этот салон. Мастера очень опытные, всегда делают именно то, что я хочу! Ресницы держаться достаточно долго. Рекомендую!🥰",,"Елизавета, благодарим вас за отзыв. Нам очень приятно.",Yandex Maps (JSON),yandex-twins.json
Twins,Twins,Ольга Н.,2022-08-01,5,Наращиваю в этом салоне Ресницы уже не первый год. Все очень нравится. Единственный минус это проблемы с записью. Записаться очень сложно.,,"Ольга, благодарим вас за отзыв. У нас опытные мастера и вечернее время разбирают очень быстро. Наш штат мастеров постепенно увеличивается, благодаря своему мастеру преподавателю. Работаем над этим вопросом с записью.",Yandex Maps (JSON),yandex-twins.json
Twins,Twins,вася п.,2022-07-05,5,"Все замечательно!
Мастера работают отлично, а реснички просто супер!!!!
В салоне и кресла очень удобные. 
Получаю много комплиментов!!!",,Спасибо за такой отзыв,Yandex Maps (JSON),yandex-twins.json
Twins,Twins,Елена Горячих,2023-03-05,5,"Уютный салон, мастер высший класс, администратор очень вежливая, спасибо, рекомендую! ",,"Елена, благодарим за то, что рекомендуете нас своим знакомым.",Yandex Maps (JSON),yandex-twins.json
Twins,Twins,Татьяна Тарасова,2022-08-29,5,"Долго искала хорошего мастера, и наконец нашла)) мастер Марина просто чудо) реснички шикарные и держатся очень долго))) буду ходить только к ней 🙃🤗",,"Татьяна, благодарим за отзыв.
",Yandex Maps (JSON),yandex-twins.json
Twins,Twins,Екатерина П.,2023-06-02,5,Очень душевная атмосфера. Девочки все умницы. Марина просто профи.,,"Екатерина, добрый день! спасибо за отзыв. Стараемся поддерживать дружную и душевную атмосферу. Ждём в гости.",Yandex Maps (JSON),yandex-twins.json
Twins,Twins,Инкогнито 3557,2025-05-25,5,Самые лучшие ресницы в городе!,,,Yandex Maps (JSON),yandex-twins.json
Twins,Twins,Шешина Татьяна,2022-07-04,5,"Отличный салон.
Замечательные мастера 
В особенности Марина мастер по  наращиванию ресниц.",,Благодарим за ваш отзыв,Yandex Maps (JSON),yandex-twins.json
Twins,Twins,Anastasia,2025-05-27,5,хорошее обслуживание ,,,Yandex Maps (JSON),yandex-twins.json
Twins,Twins,Яна Лазарева,2022-08-27,5,"День добрый! Очень уютный салон, мастера на высшем уровне! Приветливый администтратор! Рекомендую всем!",,"Яна, спасибо вам за отзыв.",Yandex Maps (JSON),yandex-twins.json
Twins,Twins,Екатерина S.,2023-04-26,5,"Хорошие мастера
 Цены приемлемые
Нравится в общем 🙃",,Благодарим за отзыв.,Yandex Maps (JSON),yandex-twins.json
Twins,Twins,Алла Г.,2022-07-06,5,"Прекрасный салон, очень квалифицированные и доброжелательные мастера, отзывчивый администратор!!! Рекомендую всем!!! ",,"Алла, спасибо за отзыв. Наши мастера постоянно повышают квалификацию, проходят обучения. Спасибо, что обратили на это внимание.",Yandex Maps (JSON),yandex-twins.json
Twins,Twins,Алена Дробинина,2025-01-21,5,"Замечательный салон, уже два года не покупаю тушь💫",,,Yandex Maps (JSON),yandex-twins.json
Twins,Twins,Олеся Б.,2022-08-27,5,"Много лет пользуюсь услугами данного салона, благодарна за отзывчивость и отличное качество услуг.",,"Олеся, благодарим за отзыв.
",Yandex Maps (JSON),yandex-twins.json
Twins,Twins,Дарья Колоскова,2022-07-07,5,"Салон посещаю больше года, очень доволена! Информируют о записи, об акциях!",,"Дарья, добрый день! Благодарим вас за отзыв.",Yandex Maps (JSON),yandex-twins.json
Twins,Twins,Наталья Крутикова,2024-06-20,5,Отличный салон,,Спасибо за отзыв.,Yandex Maps (JSON),yandex-twins.json
Twins,Twins,Наталья Кузьмина,2023-09-06,5,"я на бровки теперь только сюда, единственное место, где мне сделали так, как я хочу, спасибо",,"Наталья, здравствуйте! Благодарим вас за столь высокую оценку о наших мастерах. Всегда вам рады. Ждём в гости.",Yandex Maps (JSON),yandex-twins.json
Twins,Twins,лариса пушкова,2022-12-12,5,Прекрасные девочки !!! Работу свою делают отлично!!!,,"Лариса, спасибо большое за отзыв.
",Yandex Maps (JSON),yandex-twins.json
Twins,Twins,Анечка С.,2023-08-18,5,Лучшие мастера и сервис!,,Благодарим вас за отзыв!,Yandex Maps (JSON),yandex-twins.json
ПокеРамен,PokeRamen,Иван Владимирович,2025-07-09,5,"Недавно открыла для себя удивительное место в центре Перми — кафе «ПокеРамен»! Это настоящая находка для любителей азиатской кухни.
Атмосфера и интерьер:
Уникальная атмосфера — словно попадаешь в настоящий китайский дворик
Яркий дизайн с национальными элементами
Уютное пространство как внутри, так и на летней веранде
Комфортная обстановка для отдыха
Кухня:
Разнообразное меню с регулярными новинками
Фирменные поке — просто восхитительные! Особенно впечатлил поке с лососем
Идеальное приготовление риса — рассыпчатый и свежий
Качественные ингредиенты — свежие рыба и овощи
Огромные порции — более чем щедрые
Легендарные моти — нежные десерты из рисовой муки, тающие во рту
Обслуживание:
Внимательный персонал
Оперативное обслуживание (учитывая популярность заведения)
Профессионализм официантов
Преимущества:
Выгодные цены — особенно в период ланча (суп + второе + напиток за 350 рублей)
Регулярное обновление меню
Удобное расположение в центре города
Чистота и порядок в заведении
Отдельно хочу отметить особое внимание к деталям — даже такие мелочи, как одноразовые резинки для волос на столах, говорят о заботе о гостях.
«ПокеРамен» — это место, куда хочется возвращаться снова и снова. Здесь можно как провести романтический ужин, так и встретиться с друзьями. Рекомендую всем любителям азиатской кухни!
Однозначно ставлю высшую оценку и буду рекомендовать это заведение друзьям и знакомым.",,,Yandex Maps (JSON),yandex-poke-1.json
ПокеРамен,PokeRamen,Гергенрейдер Вероника,2025-05-17,5,"Ходила вечером буднего дня, людей было много, но место нашлось, очень мягкие диван и стулья 
Еду принесли очень быстро, в чайник даже предложили долить воду. Порции достаточно крупные, это большой плюс. Всем рекомендую попробовать моти с клубникой и личи, просто влюбилась в этот яркий вкус! Остальные позиции, что мы пробовали тоже были очень вкусные, прижаться не к чему 
Очень дружелюбная атмосфера внутри, хороший сервис, обходительный и ненавязчивый (в хорошем смысле) официант и остальной персонал
В этот раз ела рамен, но хочется обязательно вернуться и попробовать поке",,,Yandex Maps (JSON),yandex-poke-1.json
ПокеРамен,PokeRamen,Елена Неклюдова,2025-07-08,5,"Очень понравилось кафе! Проходя мимо привлек невероятный запах еды,расположение в уютном дворике и яркое необычное оформление. Решили зайти и не пожалели. Были первый раз в заведении с азиатской кухней.  Интересный интерьер,мебель, кухня открыта. Милая официантка терпеливо и подробно рассказала нам по меню и ответила на мноночисленные вопросы) Еще мы переживали,что придется долго ждать, учитывая колличество посетителей,но еду приносили очень быстро! 
Блюда были красиво оформлены,вкусные,порции большие ! Мы получили огромное удовольствие. Моти с фисташками до сих пор не могу забыть🙂
Обязательно пойдем еще!!!",,,Yandex Maps (JSON),yandex-poke-1.json
ПокеРамен,PokeRamen,Дмитрий Максимов,2025-10-03,5,"Повезло попасть сюда и сразу найти место. Очень понравилось что с заказом здесь не торопят, сидели большой компанией и некоторые из нас сильно опаздывали, но официанты все равно держали для них места. Заказывал половинку том яма с курицей - вкус превосходный прекрасный баланс кислинки и остринки, рис очень вкусный, карри рамен - тоже порадовал, но не так как том ям) 
Атмосфера заведения 11/10 очень красиво и навевает азиатский вайбик. Официанты классные! Обязательно зайду еще и Вам советую! ",,,Yandex Maps (JSON),yandex-poke-1.json
ПокеРамен,PokeRamen,Алеся С.,2025-10-26,5,"Посетили это место по наводке Бельковича) и ни разу не пожалели! Прекрасная атмосфера как снаружи, так и внутри. Были в выходной день, когда загруженность кафе была максимальной, однако долго ждать не пришлось, официанты и повара работали очень оперативно! Заказали поке с лососем, рамен с уткой, рис с креветками и осьминогами, хрустящие баклажаны и огурцы по-сичуански, порции большие и очень сытные! Всем, кто как и мы оказались в этом городе по великой случайности, рекомендую данное место к посещению! ",,,Yandex Maps (JSON),yandex-poke-1.json
ПокеРамен,PokeRamen,Полиночка Белкина,2025-06-17,5,"Самое любимое заведение города! Том-ям рамен с курицей навсегда запал мне в душу, каждый раз ем и плачу от счастья😫 официанты все зайки, хорошие и красивые ребята, очень отзывчивые! Атмосфера и оформление на высшем уровне! Ничего красивее в жизни не видела и ничего вкуснее не ела, вы лучшие, спасибо, что вы есть💔💔 ради вас я готова приезжать в Пермь постоянно🙏🏻",,,Yandex Maps (JSON),yandex-poke-1.json
ПокеРамен,PokeRamen,Наталья П.,2025-07-14,5,"Дочка очень любит азиатскую кухню, я пришла только ради неё за компанию. Кстати, она очень скрупулёзно выбирала кафе и остановилась именно на ПокеРомен. Ну что сказать... Теперь цыплёнок цитрусовый по-китайски мой любимый 😁 Понравились и другие блюда, а также креативные футболки официантов и общее оформление кафе, территории и атмосфера. И замечу, что посетителей там хватает) Однозначно советую 👍 Если вы не большой любитель такой кухни, сходите ради интереса и возьмите на десерт Панакотика))",,,Yandex Maps (JSON),yandex-poke-1.json
ПокеРамен,PokeRamen,Самир,2025-06-16,5,"Проездом был в Перми, долго искал, где можно пообедать. Нашел на карте это заведение. Находится во дворе, что хорошо тем, что не слышен шум улицы. Довольно быстро принесли фо бо и поке с лососем. Все на высоте, мясо хорошего качества, не слайсы, а проваренные прямоугольные куски. Поке тоже был очень достойным. 5 баллов.",,,Yandex Maps (JSON),yandex-poke-1.json
ПокеРамен,PokeRamen,Александр Щеглов,2025-07-14,5,"Классный интерьер. Персонал дружелюбный, охотно советует и интересуется впечатлениями. Том Кха на  десятку: бульон, морепродукты, рис - всё без замечаний. Дим самы на 7/10. К качеству и количеству начинки вопросов нет, не зашло само сочетание креветки и лосося, оставил бы что-то одно. Это субъективно, надо пробовать остальное, благо место располагает к посещению.",,,Yandex Maps (JSON),yandex-poke-1.json
ПокеРамен,PokeRamen,Мария Селезенева,2025-08-30,5,"просто 🔥, а не заведение. очень советую посетить любителям азиатской кухни, очень вкусно и хорошие цены, в сравнии с размером порции и качеством. интерьер - это отдельная услада для глаз (прикреплю фотографии). очень вежливый и отзывчивый персонал, сразу по ним видно, что они любят свою работу",,,Yandex Maps (JSON),yandex-poke-1.json
ПокеРамен,PokeRamen,Анастасия Кравченко,2025-07-29,5,"Специально приехала из Питера, чтобы насладится этим прекрасным вкусом лапши том ям. Прекрасное заведение, всё очень вкусно. Единственное что не очень понравилось, это то что моти прилипало к рукам, но это не сильно повлияло на моё впечатление. Хочу выразить благодарность персоналу, работа на высоком уровне. Однозначно советую ",,,Yandex Maps (JSON),yandex-poke-1.json
ПокеРамен,PokeRamen,Владислава Павлова,2025-08-07,4,"Часто кушаем в данном заведении и всегда все было супер. Обслуживание и еда на уровне, цены хорошие. Но в последний раз нам не повезло с персоналом. Пришли с молодым человеком, долго ждали, когда же к нам кто то подойдет. Три девушки стояли натирали стаканы, но, впрочем, была полная посадка и это не сильно критично. Но, когда мне принесли блюдо, а моему партнеру нет, я была в шоке. На мой вопрос: « а, нельзя ли принести блюдо попозже» тк я не хочу, чтобы человек просто сидел и смотрел, как я ем, мне ответили мол «он тогда остынет». Я думаю официанты должны понимать такие мелочи, как принести блюдо всем в одно время. До этого такой проблемы не было.",,,Yandex Maps (JSON),yandex-poke-1.json
ПокеРамен,PokeRamen,Ярослав Чумаченко,2025-06-16,5,"Пожалуй лучшее заведение азиатской кухни, очень вкусное меню, порции просто огромные, подача просто на высшем уровне, очень колоритный интерьер, летняя веранда даёт возможность покинуть серые здания мегаполиса и окунутся с головой в стилистику азиатских улиц, множество мест для фотосессий.
В покерамен лучшие моти что я когда-либо пробовал.",,,Yandex Maps (JSON),yandex-poke-1.json
ПокеРамен,PokeRamen,Надежда Веретенникова,2024-06-10,5,"Покешная находится в центре города, вот только скрыта от глаз между двумя домами на Куйбышева и это дополнительная изюминка заведения. Ты даже не ожидаешь в какую атмосферу попадешь,  завернув внутрь...оказываешься на азиатской улочке))

Нас сразу встретили и спросили где нам нравится больше, на открытом воздухе или в помещении.  Поскольку тепло,  мы решили присесть на улице. 

Заказ приняли оперативно,  принесли через 15-20 минут при большой загрузке. Заказали Рамен Том Ям с морепродуктами и карри Рамен. 

Подача красивая, порция достаточная.  Бульоны были насыщенные,  ингредиенты свежие.  Если вам не хватает остроты,  то можете добавить соусы,  что стоят на столике.  

Все было вкусно. 

Средний чек на двоих около 1500-2000 руб.",,,Yandex Maps (JSON),yandex-poke-1.json
ПокеРамен,PokeRamen,Ульяна Моисеева,2025-07-28,5,"Хожу сюда далеко не первый раз, за это лето уже раз пять была, и планирую вернуться еще:) Ассортимент блюд замечательный, очень радует появление сезенных новинок. Все очень вкусно, с выбором прогадать невозможно, в меню все острота помечена. Интерьер создает чудесную атмосферу. Отдельное спасибо персоналу за приветливость и отличное обслуживание! ",,,Yandex Maps (JSON),yandex-poke-1.json
ПокеРамен,PokeRamen,Мария,2025-07-20,5,"Всегда уютная обстановка, всё очень вкусно и атмосферно. Рекомендую всем местным и туристам к посещению! На улице летник со столами и качелями, внутри и отдельные столики и стулья у барной стойки. Не взяли зарядку - не беда, найдут для вас и пауэрбанк и провод для зарядки. Сервис на высшем уровне",,,Yandex Maps (JSON),yandex-poke-1.json
ПокеРамен,PokeRamen,Михаил Мясников,2025-07-01,4,"Азия в пермском дворе.
Вот честно говорю вам — сто раз я проходил мимо, и сто раз не удосуживался повернуть голову во двор дома 33 по Куйбышева. А там, оказывается, целая малая Азия спряталась!
Зашли мы туда с другом. Как всегда, совершенно случайно. Очень оригинальное место! Выпили китайского чая прямо под навесом, немного пришли в себя от жары и поехали дальше по делам. Впечатление самое положительное. Народу полно — значит, заведение пользуется популярностью. И это радует.
Рекомендую всем!",,,Yandex Maps (JSON),yandex-poke-1.json
ПокеРамен,PokeRamen,Наталья Охорзина,2025-07-19,5,"Вкуснее моти вы не найдете! Обожаю земляничные)) атмосферно, вкусно, тесно и всегда полно желающих. Такое место, у которого есть свой дух, душевно. Чисто, только вот второй раз прилипаю к деревянному стулу - сделайте что нибудь, пожалуйста) ",,,Yandex Maps (JSON),yandex-poke-1.json
ПокеРамен,PokeRamen,EDURSEZ,2025-06-29,5,"Просто потрясающее заведение.

Нереальное оформление, милый персонал, юмор на каждом шагу, начиная с меню и заканчивая туалетом.

Еда просто восторг, особенно МОТИ. Господи, не десерт, а гастрономическое блаженство, всем советую попробовать (клубничное у меня в сердечке♥️)

В целом очень приятно там находиться, очень уютная атмосфера с хорошей азиатской кухней. Всем советую😍",,,Yandex Maps (JSON),yandex-poke-1.json
ПокеРамен,PokeRamen,Станислав Маковей,2025-08-27,5,"отличное заведение, очень вкусная еда, большие порции и разнообразное меню, внутри в заведении очень оригинальный и запоминающийся интерьер, во дворике тоже есть столики, за которые можно сесть и поесть, остались приятно удивлены",,,Yandex Maps (JSON),yandex-poke-1.json
ПокеРамен,PokeRamen,Кирилл Сарунов,2025-08-02,5,"Очень вкусно, спасибо! Восхитительное место, определённо лучшая азиатская кухня Перми. Относительно недорого, можно взять с собой. 

Плюс для туриста: в центре, красочно, атмосфера маленького уголка Азии. ",,,Yandex Maps (JSON),yandex-poke-1.json
ПокеРамен,PokeRamen,Елиза Вета,2025-01-19,5,"Покорил сердце своим разнообразием блюд и высоким качеством ингредиентов. Здесь я попробовала острый Том Ям, поке с лососем и креветками, рамен, роллы и суши, а также множество других морепродуктов и рыбы.
Обслуживание было на высшем уровне: приветливый персонал, быстрое и качественное приготовление блюд. Интерьер ресторана стильный и уютный, создаёт атмосферу комфорта. Осталась в восторге от посещения этого паназиатского ресторана и рекомендуем его всем ценителям вкусной и качественной еды🍱 ",,,Yandex Maps (JSON),yandex-poke-1.json
ПокеРамен,PokeRamen,никита,2025-07-04,1,"Посетили кафе с девушкой и, к сожалению, остались разочарованы организацией обслуживания. Хотели сесть на веранде там были свободные столы, все чисто и сухо, дождь прошёл больше 30 минут назад. Однако официанты сообщили, что веранда ещё ""не готова"" и попросили подождать 10 минут. Мы с пониманием отнеслись, взяли меню и стали выбирать блюда. Прошло даже больше 10 минут подходим снова, но нам всё ещё не разрешают сесть и простят ещё 10 минут подождать. При этом никто в этот момент веранду не обслуживал и подготовки как таковой не наблюдалось. Получается замкнутый круг: сесть нельзя, а без этого заказать еду тоже нельзя, потому что официант принимает заказ только за столиком. Я даже был готов сесть внутри у барной стойки, но, к сожалению, девушке в помещении становится душно и может резко ухудшиться самочувствие. Я это объяснил персоналу, но понимания не встретил.",,,Yandex Maps (JSON),yandex-poke-1.json
ПокеРамен,PokeRamen,Даниил Винокуров,2025-05-15,5,"Просто не передать словами. В сравнении с другими ресторанами, впервые попробовал тут и на мое удивление, тут оказалось вкуснее всех. Особенно понравился том ям рамен. Жду не дождусь, когда в следующий раз попробую ещё моти и другие рамены",,,Yandex Maps (JSON),yandex-poke-1.json
ПокеРамен,PokeRamen,Анастасия Алёшина,2025-09-28,3,"Еда вкусная, но очень мало места, очередь на входе, ждать холодно и долго 
Почему не сделать бронь, самим же будет легче планировать посадку 
Официантка постоянно забывала все - воду не принесла, пол заказа не записала- все напоминали , просьбу подлить в чайник кипятка - вообще проигнорировала 
Очень не приятно(",,,Yandex Maps (JSON),yandex-poke-1.json
ПокеРамен,PokeRamen,nastusers,2025-07-18,5,"Можно посидеть как и на улице, так и в зале в самом здании. Атмосфера шикарная) очень приятный персонал. Заказала рамен с сыром и беконом, для меня очень жирно. Панакотик суперский) ",,,Yandex Maps (JSON),yandex-poke-1.json
ПокеРамен,PokeRamen,Андрей Алешков,2025-02-03,5,"Посещали накануне с девушкой данный ресторанчик, очень приятная атмосфера,  том-ям ей очень понравился и мне тоже, тар-тар тоже шикарный, поварам наша благодарность, уютно, музыка на фоне играет приятная, очень дополняет атмосферу данного заведения, панакотик это вообще отдельный вид искусства, а ещё меню, оформление очень креативное, мы оба очень довольны тем что побывали тут, обязательно зайдëм ещё и всем советуем того же) ",,,Yandex Maps (JSON),yandex-poke-1.json
ПокеРамен,PokeRamen,Алексей Яшин,2025-10-27,5,Вкусно и точка. Моти нижнейщие. Опслуживание быстрое. Красивая обстоновка. Вообщем любителей японской и китайской кухни. Это завидение украшает Пермь. Пильмешки с ласосем.Пушка. Вкуснее не пробовал.Так держать.,,,Yandex Maps (JSON),yandex-poke-1.json
ПокеРамен,PokeRamen,Nata,2025-07-17,3,"Посетила по совету знакомых. Блюдо почти не съела - чесночный рис с морепродуктами был жирный (примерно см масла в тарелке), креветку (одну!) было невозможно переживать, пришлось выплевывать. В общем съела от блюда 5-10%. Дочь заказала моти - они просто расплываются, сверху оболочку (иначе и не сказать) невозможно прожевать, половину блюда выкинули. Больше не придем. К качеству обслуживания претензий нет. ",,,Yandex Maps (JSON),yandex-poke-1.json
ПокеРамен,PokeRamen,Мискузи,2024-07-03,5,"Очень хороший выбор для быстрого перекуса или для хорошего вечера
Из основных преимуществ:
Приятный персонал, быстрое обслуживание 
Порции блюд достойные, можно выбрать на свой вкус, добавить допы, а так же скорректировать остроту блюда

Из минусов, высокие стулья в зале, возможно просто не привычно

Если сесть на диваны или за барную стойку, то в разы удобнее
А сидя за баром, атмосфера Азии становится приятнее

Рекомендую к посещению, определенно стоит хотя бы раз побывать, если вы фанат азиатской кухни ",,,Yandex Maps (JSON),yandex-poke-1.json
ПокеРамен,PokeRamen,Мария Мальгина,2024-05-11,5,"Восторг! Всё очень вкусно, порции огромные и если написано что с лососе  то это с лососем а не с какими-то остатками от лосося, фо бо с говядиной с хорошими кусками говядины, моти очень вкусные! 

От души рекомендую и гостя Перми ( как мы) и тем кто там живёт🌸",,,Yandex Maps (JSON),yandex-poke-1.json
ПокеРамен,PokeRamen,Евгений Мальцев,2024-08-21,4,"Недавно посетил кафе ""Покерамен"" и хочу поделиться своими впечатлениями. Это место действительно заслуживает внимания. Сразу бросается в глаза уютная атмосфера, которая создает ощущение домашнего тепла. Персонал здесь очень доброжелательный, всегда готов помочь и предложить что-то из меню.
Само меню впечатляет своим разнообразием, и каждый найдет что-то по своему вкусу. Я заказал несколько блюд, и все они были просто вкусно приготовлены. Особенно стоит отметить большие порции, которые позволяют насладиться каждым блюдом без лишних ограничений.
Единственное, что немного омрачает общее впечатление, - это немного малое пространство внутри кафе. Однако это не мешает наслаждаться приятной атмосферой и вкусной едой.
В целом, ""Покерамен"" - отличное место для тех, кто ценит уют и вкусно приготовленную еду. Рекомендую всем, кто ищет приятный ужин в хорошей компании.",,,Yandex Maps (JSON),yandex-poke-1.json
ПокеРамен,PokeRamen,Павел Татьянников,2025-10-24,5,"Посетили с женой и её подругой сие прекрасное заведение. И были...в восторге, который длится уже протяжённое время. 
Просто чудесное место.
Понятное меню
Отзывчивые официанты 
Молниеносная скорость подачи...
И самое главное это еда...
Тут просто гастрономический экстаз.
Взрыв вкуса, огромные порции, куча соусов, и что самое главное, можно исключить из блюда добавки, такие как перец Чили или лук. Вышли максимально сытые и удовлетворенные жизнью 
Советую 10 из 10.",,,Yandex Maps (JSON),yandex-poke-1.json
ПокеРамен,PokeRamen,Дарья,2024-07-29,5,"Лучший том-ям в Перми. 

ОГРОМНАЯ порция + рис за 640 рублей – эта цена абсолютно оправдана. 
Очень много морепродуктов, а не только 3 креветки, как это часто бывает)

Приятный интерьер. Столики расположены очень близко друг к другу, но нам это не помешало. Всегда много людей, возможна очередь для посадки за стол. ",,,Yandex Maps (JSON),yandex-poke-1.json
ПокеРамен,PokeRamen,gooddima04,2024-07-09,5,"Очень интересное кафе расположенное в закутке здания. Уже на входе во двор, создаётся ощущение, что ты находишься где то в Азии. Могут получиться красивые фотографии. Сам зал довольно тесный, но атмосферный. Пробовал рамен с уткой, очень вкусно и необычно. Самый вкусный рамен, который пробовал в Перми. Блюда большие 800 гр. Стоимость 570 руб. Персонал приветливый, знает свое дело. ",,,Yandex Maps (JSON),yandex-poke-1.json
ПокеРамен,PokeRamen,Мария Комарова,2025-08-17,5,"Очень атмосферное место, вкусно, большие порции, быстро приносят, приветливые официанты. 

Особенно нравится, как оформили кафе, просто телепорт в Азию ❤️",,,Yandex Maps (JSON),yandex-poke-1.json
ПокеРамен,PokeRamen,Д. П.,2024-06-25,5,"Вкусно, сытно, порции большие.
Интерьер продуман до мелочей, все в одной стилистике стран Азии. Официанты приветливые и расторопные. Блюда были готовы буквально за 5-10 минут после заказа.
Единственный момент : те, кто чувствителен к остроте, уточняйте сразу по этому поводу у официантов.",,,Yandex Maps (JSON),yandex-poke-1.json
ПокеРамен,PokeRamen,Надежда Михайловна,2025-08-21,5,Приветливый персонал! Вкусная еда! Вкусняшки для коськи в доставке!) Атмосферное место! Жаль что мало мест и постоянные очереди! Доставка привозит ко времени!,,,Yandex Maps (JSON),yandex-poke-1.json
ПокеРамен,PokeRamen,Anna Kri,2024-12-06,5,"Мне очень понравилось это место (была тут пару раз), поэтому я попросила своего друга привезти мне карри рамен из Перми в Ижевск)

Несмотря на то что он остыл, он был ВКУСНЕЙШИЙ! Рамен преодолел 281 км и остался таким же вкусным и сытным. Как обычно много морепродуктов и плотный наваристый бульон, а лапша не успела размокнуть. Сам рамен приехал в плотно закрытом ведерке, так что ничего не пролилось.
Также мне привезли моти и они даже не пострадали в таком долгом путешествии (хотя официант предупреждал, что моти могут лопнуть). 

Короче, рамен 10/10, к доставке рекомендую))
",,,Yandex Maps (JSON),yandex-poke-1.json
ПокеРамен,PokeRamen,Елена З.,2025-07-02,5,"Обожаем это место всей семьёй. Меню разнообразное, порции огромные, очень вкусно готовят. Однозначно рекомендую посетить. Это кафе в лидерах по азиатской кухне",,,Yandex Maps (JSON),yandex-poke-1.json
ПокеРамен,PokeRamen,Анюта Козлова,2025-07-15,5,"Очень атмосферное и приятное место) Вежливый и участливый персонал) А самое главное это ооочень вкусная еда! Брала лапшу из спешл меню - это просто отвал всего) Спасибо за эмоции))) Потрясающе  вкусно) Теперь хочется и супик)
",,,Yandex Maps (JSON),yandex-poke-1.json
ПокеРамен,PokeRamen,Роман М.,2025-03-19,5,"Заведение находится во дворе, как будто в китайском. Есть бизнес ланч.

Сырный рамен, том ям очень хороши. Поке с тунцом вкусно, но попались куски тунца, которые трудно было жевать. Моти сделали прям при нас (первый раз такое видели).

Мест мало, брони нет, рекомендую к посещению ",,,Yandex Maps (JSON),yandex-poke-1.json
ПокеРамен,PokeRamen,София,2024-07-01,5,"Проооооооосто сумасшедшее(в хорошем смысле))место!! Боже, храни покерамен, ведь там идеально всё-атмосфера, обстановка, милые официанты, удобное расположение кафе. Но конечно, главное это еда, она тут божественна, порций большие и цены приемлемые, не дешево, но и не дорого. Хожу сюда не первый год и прийду ещё много много раз! Одно из лучших мест нашего города, всем советую!",,,Yandex Maps (JSON),yandex-poke-1.json
ПокеРамен,PokeRamen,Антон К.,2025-04-13,5,"Вкусно и сытно (два целых блюда съесть сложно, половинка супа - то что надо). Мало места, в час пик надо ждать очереди. Атмосфера соответствует типу заведения. Приятные официанты. Были два раза, оба остались довольны полностью.",,,Yandex Maps (JSON),yandex-poke-1.json
ПокеРамен,PokeRamen,Дед Пихто,2025-08-21,5,"Место очень атмосферное, аутентичное. Если любите азиатскую кухню и обстановку - точно надо сюда. Столики освобождаются очень быстро, подождите - не разочаруетесь!",,,Yandex Maps (JSON),yandex-poke-1.json
ПокеРамен,PokeRamen,Анна Храмцова,2025-08-04,5,"Атмосферно, чисто, уютно, а самое главное очень вкусно...мммм....
Готовят быстро, достаточно мест, порции большие, цены приемлемые. 
Рекомендую 👍",,,Yandex Maps (JSON),yandex-poke-1.json
ПокеРамен,PokeRamen,Виктория М.,2024-07-09,5,"Были 8.07.24. Все очень вкусно и быстро.
Атмосфера супер! Очень напоминает китайскую забегаловку по оформлению.
Продукты свежие, наполение как заявлено в меню. Порции бошьшие , собственно, вес указан в меню :)

Десерт Моти волшебный , нежнейший

Собственникам и команде спасибо за прекрасное и вкусное времяпрепровождение👍🏼🙏🏼успехов и процветания🏆💰",,,Yandex Maps (JSON),yandex-poke-1.json
ПокеРамен,PokeRamen,Софья Викторовна,2025-01-21,2,"Обычно заказываем бизнес ланчи в офис,сегодня решили с мужем покушать Азиатскую кухню дома,заказали том ям рамен,дим самы с Камчатским крабом и чиабатту.

Том ям: пустой бульон, нет навара, мало море продуктов, нарезаны разными кусками,одни маленькие, другие большие,ОЧЕНЬ РАЗОЧАРОВАЛИСЬ, цена при этом очень достойная,блюдо не дотягивает до нее.

Дим самы с крабом: тесто жесткое, в начинке к крабу добавлены ингредиенты,которые дают ему вкус полутушеной капусты, ощущение что кушаешь жесткий вареник с капустой,тоже разочарованы.

Чиабатта очень вкусная, спасибо!

При открытии заведения Том ям был безупречным, сейчас испортился,больше заказывать тут не будем(

* за быструю доставку
* за вкусную чиабатту",,,Yandex Maps (JSON),yandex-poke-1.json
ПокеРамен,PokeRamen,Лягушка Сонцевна,2024-08-27,5,"Помещение маленькое. Несколько столиков на улице. Приятное обслуживание. Вкусная еда. Большие порции по 500-600 грамм. Мы заказывали рамен сливочный и сырный а так же суп том ям с морепродуктами. Пробовали ассорти моти. Тесто на моти было толстовато, а в остальном нареканий нет. Рекомендую",,,Yandex Maps (JSON),yandex-poke-1.json
ПокеРамен,PokeRamen,Мария Г.,2024-05-26,5,"Одно из лучших заведений города! Безумно вкусная еда, качественные, свежие продукты. Огромные порции и изумительный персонал! Быстрая подача блюд и каждое блюдо, как произведение искусства! 
Я нигде не ела такой вкусный Моти! Обязательно попробуйте! ",,,Yandex Maps (JSON),yandex-poke-1.json
ПокеРамен,PokeRamen,Семён Тихонов,2021-10-12,5,"Прекрасное место с хорошим персоналом, великолепной кухней и чудесной атмосферой русифицированного китайского ресторанчика. Все довольно быстро, выбор напитков интересный. Любите азиатчину и острое, то обязательно к посещению. Отдельное внимание ведению инсты - там вообще шикарно все))) коты просящие рыбов и ланчи))",,,Yandex Maps (JSON),yandex-poke-10.json
ПокеРамен,PokeRamen,Никита Кашин,2022-12-22,4,"Очень вкусно. Бал снизил за ожидание очереди на улице, что зимой не очень комфортно (ради того чтобы попробовать покушать в этом месте пришлось ожидать очереди на улице 20 минут). Мало места внутри и тесно, но очень атмосферно",,,Yandex Maps (JSON),yandex-poke-10.json
ПокеРамен,PokeRamen,Александр Владимирович,2025-02-02,5,"Супер кафе, самый лучший поке рамен в городе и другие блюда ни сколько не уступают!",,,Yandex Maps (JSON),yandex-poke-10.json
ПокеРамен,PokeRamen,Анастасия,2023-05-05,2,"Сделали заказ на три человека. В итоге привезли две порции. Адрес на пакете совершенно другой. Наш заказ отдали другим людям. Пришлось ждать, когда привезут третью порцию. Ждали эту порцию 40 минут!!! 
Было сказано, что к заказу положат подарок для питомца, но никакого подарка на оказалось. В знак извинения за перепутанные заказы положили «подарок» в виде одного маленького чизкейка. 
Бизнес-ланч невкусный. Суп похож на ролтон и очень острый, чересчур. Соус к поке очень сильно жжет. 
К сожалению, ресторан не оправдал наши ожидания. ",,,Yandex Maps (JSON),yandex-poke-10.json
ПокеРамен,PokeRamen,Константин Александрович,2024-04-24,5,"Супы отличные, креветок не жалеют) место удачное...
Немного не хватает напитков т.к. не всем и не всегда нужен кофе)",,,Yandex Maps (JSON),yandex-poke-10.json
ПокеРамен,PokeRamen,Лариса Исаева,2022-11-22,5,"Стильная забегаловка. Еда, кто любит остренькое, - самое то! Немного пришлось подождать, пока освободится столик, но оно того стоит. Порции огромные, лучше брать одну порцию на двоих.",,,Yandex Maps (JSON),yandex-poke-10.json
ПокеРамен,PokeRamen,Артём Курбатов,2025-10-06,5,"Очень вкусно.
Почти всегда очередь, приходится ждать на улице 15-20 мин.
",,,Yandex Maps (JSON),yandex-poke-10.json
ПокеРамен,PokeRamen,Владимир Штанг,2023-04-06,5,"Очень  атмосферное место:
Лёгкая музыка + приятно приглушённый свет. И конечно очень вкусная кухня с красивой подачей. И как приятное дополнение вежливый персонал. Просто супер",,,Yandex Maps (JSON),yandex-poke-10.json
ПокеРамен,PokeRamen,Лена Ч,2024-06-02,5,"Очень вежливый персонал. Большая редкость! Готовят прилично! Относительно быстро! Цены приемлемы! Стиль атмосферный! Один минус - мест мало, а желающих много! ",,,Yandex Maps (JSON),yandex-poke-10.json
ПокеРамен,PokeRamen,Вероника Р.,2023-07-11,4,"Интересное место. Очень понравилось оформление интерьера и на улице как все сделано. Еда и напитки вкусные. Сняла звезду только за то, что грязновато в уборной. ",,,Yandex Maps (JSON),yandex-poke-10.json
ПокеРамен,PokeRamen,Владимир Соромотин,2022-01-30,5,"Лучшее паназиатское бистро в городе. Том Ям вкуснее, чем в Таиланде. Сырные палочки в панировке вкусные. Друзья хвалят мидии в разных соусах. Обслуживание быстрое, атмосфера доброжелательная. Все супер, неудивительно, что кафе переехало в более просторное здание.",,,Yandex Maps (JSON),yandex-poke-10.json
ПокеРамен,PokeRamen,Инкогнито 2950,2022-12-03,5,"Удивительное, неповторимое место, еда там невероятная, просто огонь, а атмосфера напоминает что-то своё, уютное и комфортное. Но не место для посиделок с детьми. Хотя карандаши и раскраски там дают!",,,Yandex Maps (JSON),yandex-poke-10.json
ПокеРамен,PokeRamen,Анна,2023-01-23,5,"Здесь самый лучший том-ям в городе, на мой взгляд! Очень вкусный, наваристый, огромная порция. И в целом вся еда очень достойная. Крутое место. Спасибо поварам и сотрудникам!",,,Yandex Maps (JSON),yandex-poke-10.json
ПокеРамен,PokeRamen,Пользователь,2024-09-20,5,"Вкусная еда, официанты хорошо выполняют свою работу. Необычный антураж.",,,Yandex Maps (JSON),yandex-poke-10.json
ПокеРамен,PokeRamen,Катерина Ишимова,2023-06-25,5,"- Вкусный Том ям с морепродуктами. Просто огромная порция 
- живая очередь - чтобы поесть в подворотне, надо постоять в очереди 😁
- тори Пайтан не острый, с насыщенным бульоном.",,,Yandex Maps (JSON),yandex-poke-10.json
ПокеРамен,PokeRamen,Дарья,2023-03-25,5,"Атмосферное и необычное место. Понравился интеръер и персонал. Заказывала ТОМ КХА с морепродуктами, было очень вкусно и порция огромная! Обязательно приду ещё! Моти тоже безумно понравился!",,,Yandex Maps (JSON),yandex-poke-10.json
ПокеРамен,PokeRamen,Соня Галичанина,2022-11-03,2,"На первый взгляд заведение впечатляет: оформление зала симпатичное. Но подводит обслуживание, официанты не записывают заказы в итоге забыли про мой рамен, пришлось ждать полчаса. Вкус так же подвёл, бульон оказался слишком соленым, грудинка жирной, в итоге после обеда появилась тяжесть в животе. Не советую.",,,Yandex Maps (JSON),yandex-poke-10.json
ПокеРамен,PokeRamen,Екатерина Калинина,2023-02-25,5,"В ""ПокеРамен"" вас точно не оставят голодным)
Большие порции за приемлемую цену, все блюда очень вкусные.
Особой рекомендации заслуживает десерт ""моти"" - нежность как она есть))",,,Yandex Maps (JSON),yandex-poke-10.json
ПокеРамен,PokeRamen,simanovdd,2023-09-18,1,"Очень разочаровало последнее посещение! Решили заехать перекусить в четвером и 8 месячный ребенок ! К ожиданию были готовы это без проблем погода хорошая подождал 40 минут! Сделав заказ прождали оооочень долго более 30минут! И какое же было разочарование попробовав все свои заказанные блюда они оказались заветреными и холодными! Сказав официану она просто взяла и разогрева их ( хотя мы все в них поковырялись и блюда были 2 одинаковых) это что то новенькое, ну и как ожидалось принесли ещё более мерзкие блюда(лапша том ям) они стали сухие и в то же время перевареные и прилипающие к зубам. Верхом наглости стало что в качестве изменений за холодное блюдо принесли один десерт(чизкейк) на 4х человек! Не позорились бы лучше, вообще не дали ничего или хотя бы девушка по одному! Это выглядело как плевок! Как постоянные клиенты с таким встретились в первые!все желание отпало когда либо посещать.",,,Yandex Maps (JSON),yandex-poke-10.json
ПокеРамен,PokeRamen,Мария,2023-07-15,5,"Любимое место в городе. Конечно предстоит постоять в очереди, но это того стоит. Всегда вкусно, душевно, очень хорошее обслуживание. Всё продумано до мелочей.",,,Yandex Maps (JSON),yandex-poke-10.json
ПокеРамен,PokeRamen,Никита Битнер,2025-04-14,5,"Лучший ресторан паназиатской кухни, просто великолепие, рекомендую особенно в похмелье😁",,,Yandex Maps (JSON),yandex-poke-10.json
ПокеРамен,PokeRamen,Кристина Долганова,2025-07-21,3,"Заказывали сырный рамен, оказался холодным, попросили подогреть, но нам отказали. Почему не предупредили сразу?",,,Yandex Maps (JSON),yandex-poke-10.json
ПокеРамен,PokeRamen,Артем М.,2024-06-20,5,Взяли правда острый рамен с свиным рулетом и он оказался правда острым.,,,Yandex Maps (JSON),yandex-poke-10.json
ПокеРамен,PokeRamen,Софья Камалетдинова,2021-10-10,5,"Самые вкусные азиатские блюда вы попробуете именно здесь. Побывала в этом месте впервые, но оно уже запало в душу. Брали поке, лимонад и сет тар-тар, все принесли очень быстро и на вкус это было прекрасно. Порции большие,  сытные, цены средние. Придем еще!",,,Yandex Maps (JSON),yandex-poke-10.json
ПокеРамен,PokeRamen,Алексей Березовский,2023-04-05,5,"Отличное место для того, что бы попробовать или насладиться азиатской кухней. Интересное меню, уютный зал, вежливый и внимательный персонал.",,,Yandex Maps (JSON),yandex-poke-10.json
ПокеРамен,PokeRamen,xwzcity,2025-10-16,5,"С ума сойти, сколько раз я ходила в этот ресторан! Вкус и цена просто огонь. Каждый раз, когда захожу, просто теку слюнками от вкуснятины и обалденного запаха. Не могу нарадоваться! 🫰🏻",,,Yandex Maps (JSON),yandex-poke-10.json
ПокеРамен,PokeRamen,Александр Коваленко,2025-03-29,5,"Вкусно, классно, атмосферно. Обсуждение на отлично, еда тоже, подача прикольная ",,,Yandex Maps (JSON),yandex-poke-10.json
ПокеРамен,PokeRamen,София Маначинская,2023-08-05,5,"Отличное место для ценителей азиатской кухни и не только.... Даже не ожидала, что в Перми существует такое колоритное место и очень вкусная кухня. Единственный минус - очередь, но это скорее плюс для самого ресторана.",,,Yandex Maps (JSON),yandex-poke-10.json
ПокеРамен,PokeRamen,Ирина,2023-04-18,5,"Вкусная еда, большие порции. Если нет свободного места, выдают пейджер и ожидание на улице в уютном дворике. Заказы приносят быстро.",,,Yandex Maps (JSON),yandex-poke-10.json
ПокеРамен,PokeRamen,Алена логинова,2023-07-30,5,"Очень вкусная кухня- просто кайф! Нравится что большой персонал , не приходится долго ожидать ни официантов ни блюд, плюс официанты хорошие , добрые ✌️ ",,,Yandex Maps (JSON),yandex-poke-10.json
ПокеРамен,PokeRamen,Михаил Ключ,2022-06-03,5,"Лучший том ям в городе!
Самые необычные и крутые официанты, крутой интерьер, огромные порции! Из необычных фишек - кухня частично расположена в зале, и можно видеть как готовят вашу еду)
Пять звёзд однозначно. Рекомендую попробовать десерт - моти.",,,Yandex Maps (JSON),yandex-poke-10.json
ПокеРамен,PokeRamen,Анна Поликарпова,2022-01-08,5,"Безумно вкусно и оочень много. Соотношение цена/качество не то что радует, хочется ещё и доплатить. Само заведение небольшое, но очень уютное, грамотно разделено пространство. Принесли не то блюдо, проблема была моментально решена, заменили и попросили прощения. В Перми подобных заведений такого уровня больше нет. Буду всем рекомендовать❤️ ",,,Yandex Maps (JSON),yandex-poke-10.json
ПокеРамен,PokeRamen,Александра Б.,2024-02-21,5,"Быстро, вкусно, есть бизнес-ланч. Не очень дёшево и часто очереди, но оно того стоит.",,,Yandex Maps (JSON),yandex-poke-10.json
ПокеРамен,PokeRamen,Модератор,2022-02-14,5,"Если хотите вкусно покушац, то вам сюда! Аппетитные супчики, вкуснешие поке и офигенные пельмешки дим самы с различными начинками. Также советую попробовать моти - эдакая помпушка с начинкой и тонким рисовым тестом.  Атмосфера няшная, персонал милый, том ям вкуснейший. Рекомендую",,,Yandex Maps (JSON),yandex-poke-10.json
ПокеРамен,PokeRamen,Евгений Немировский,2023-08-29,4,"Хорошие порции, кафе на уровне стрит фуд. В целом не плохо, а вот официанты не много тупят, так что их нужно подгонять. В целом рекомендую.",,,Yandex Maps (JSON),yandex-poke-10.json
ПокеРамен,PokeRamen,Андрей Некрасов,2023-01-07,5,"Том-ям вкуснейший прям ) больше ничего так не впечатлило как он. Персонал старательный, вежливый. Пиво не очень понравилось. Крепких напитков нет.",,,Yandex Maps (JSON),yandex-poke-10.json
ПокеРамен,PokeRamen,Muver,2023-04-11,5,"Зашли первый раз, порции очень большие и очень сытные, цена оправдана вкусовыми качествами и скоростью приготовления блюд.",,,Yandex Maps (JSON),yandex-poke-10.json
ПокеРамен,PokeRamen,Анита Плумит,2024-05-22,5,Очень понравилось обслуживание. Помогли с выбором. Вкусная кухня - прямо огонь ,,,Yandex Maps (JSON),yandex-poke-10.json
ПокеРамен,PokeRamen,Екатерина Ш.,2023-06-11,5,"Очень вкусно готовят, но почти всегда нужно ждать очереди. Возможно необходимо расширять заведение, но владельцам виднее. Порции большие, цены приемлемые",,,Yandex Maps (JSON),yandex-poke-10.json
ПокеРамен,PokeRamen,Савелий Лаптев,2022-09-11,5,"Лучшее место где можно попробовать азиатскую еду. Топовый том-ям. Вкусные мидии. Импортное пивко. Приятные лимонады. Время ожидания всегда по разному, персонал отзывчивый. Место очень популярное, иногда приходится постоять в очереди чтобы поужинать)",,,Yandex Maps (JSON),yandex-poke-10.json
ПокеРамен,PokeRamen,Ирина Бабурина,2023-04-28,5,"Очень вкусный том ям с морепродуктами, чесночная чиабатта, мы ели стоя на улице тк все было внутри занято, но в этом даже есть своя прелесть.",,,Yandex Maps (JSON),yandex-poke-10.json
ПокеРамен,PokeRamen,Елена Прекрасная,2021-09-29,5,"Ну ребята я вам скажу тут самый вкусный поке который я едал когда-либо. Место обязательное к посещению для любителей азиатского стритфуда и просто любителей очень вкусно поесть. Цены демократичные, продукты свежие, блюда - эстетическое и гастрономическое наслаждение. Просто магия вкусов. Рекомендую однозначно. 
P.S. Отзыв от души, не проплачен точно, тк была в Перми в командировке. ",,,Yandex Maps (JSON),yandex-poke-10.json
ПокеРамен,PokeRamen,Николай Попов,2023-03-23,5,"Очень понравилось заведение, все вкусно, цены приятные не кусаются, большие порции, рекомендую том ям и поке с лососем, рекомендую посетить",,,Yandex Maps (JSON),yandex-poke-10.json
ПокеРамен,PokeRamen,Александр Матушкин,2023-03-13,5,"+Интересное меню, доброжелательный персонал, оформление на уровне 
-Большой поток посетителей, мало свободных мест, отсутствует возможность бронирования стола",,,Yandex Maps (JSON),yandex-poke-10.json
ПокеРамен,PokeRamen,Марк Казаков,2024-02-08,3,"Не был, но видимо очень вкусно. К сожалению ввиду постоянных очередей и забитого помещения попробовать еду я так и не смог, брони тоже нет, попасть можно только по терпильному методу в очередях на улице или с огромным везением.",,,Yandex Maps (JSON),yandex-poke-10.json
ПокеРамен,PokeRamen,Любовь Агеева,2023-08-01,5,"Очень вкусное поке. 
Не очень вкусное сашими. 
Бывает нужно долго ждать место и подачу блюд, но оно того стоит.",,,Yandex Maps (JSON),yandex-poke-10.json
ПокеРамен,PokeRamen,Рома Г.,2023-06-16,5,"Часто едим здесь. Всё нравится: еда нереально вкусная, персонал очень вежливый. Бывает приходится постоять в очереди, но оно того стоит. ",,,Yandex Maps (JSON),yandex-poke-10.json
ПокеРамен,PokeRamen,Соня,2023-09-10,4,"Очень вкусно и приятная атмосфера, но бывает нужно подолгу ждать места в ресторане и сами блюда, но в остальном просто прекрасное место. Точно вернусь! ",,,Yandex Maps (JSON),yandex-poke-10.json
ПокеРамен,PokeRamen,Евгения Илларионова,2022-08-15,5,"Казалось бы, искушённого кафе и ресторанами пермяка уже не удивить, но вот появляется ПокеРамен и в выходные туда уже полный аншлаг😍 ребята, вы супер! Поке с лососем - щедро, сытно, красиво, сочно. Моти - тают во рту💔
Салат с баклажанами чуток пережарили… но я покорена) обслуживание супер, хочется вернуться как только, так сразу!",,,Yandex Maps (JSON),yandex-poke-10.json
ПокеРамен,PokeRamen,Дмитрий К.,2023-04-06,5,"Очень вкусный том Ям, приятные и приветливые официанты, вкусный лимонад, вменяемые цены за такое качество продуктов и обслуживания ",,,Yandex Maps (JSON),yandex-poke-10.json
Ор Авнер Хабад,Or Avner Khabad,Виктория Габдрахманова,2023-05-02,5,"Отличная школа! Квалифицированные педагоги, вкусное кошерное питание , замечательные руководители! ",,,Yandex Maps (JSON),yandex-khabar.json
Ор Авнер Хабад,Or Avner Khabad,Венера А.,2024-02-22,5,Хорошая школа. Коллектив очень дружный,,,Yandex Maps (JSON),yandex-khabar.json
Ор Авнер Хабад,Or Avner Khabad,Елена Гребнева,2021-10-06,5,"Хорошая школа, но учиться мне не нравится🤢",,,Yandex Maps (JSON),yandex-khabar.json
Ор Авнер Хабад,Or Avner Khabad,Станислав Тиунов,2021-08-04,1,"Не знаю как внутри, но с наружи вид ужасный ",,,Yandex Maps (JSON),yandex-khabar.json
Vrmuse,CDEK,Анна Соснович,2024-10-13,5,"Смотрела экспозиции по химии, виртуальную реконструкцию Егошихинского медиплавильного завода, проект «Пермь вокруг Пермяка». Данная компания делает очень качественные проекты, не забывает о деталях. Рекомендую с ними сотрудничать.",,"Спасибо, что оценили! Впереди много проектов следите за новостями!",Yandex Maps (JSON),yandex-vrmuse.json
Vrmuse,CDEK,Максим К.,2024-10-21,5,Хорошая конторка,,Спасибо за вашу оценку,Yandex Maps (JSON),yandex-vrmuse.json
ПокеРамен,PokeRamen,Александр Г.,2024-12-30,5,"Вкуснейшее место, честно, богато ингредиентам и порциям, баланса, уют и сервис с обслуживания.
Бизнес ланч 🤝 , как старт знакомства с основным меню.
Баклажаны норм
Поке сегодня не порадовали изобилием и подложка из риса тонкая
Том ям рамен, тар тар супер",,,Yandex Maps (JSON),yandex-poke-3.json
ПокеРамен,PokeRamen,роман к.,2024-05-03,2,"Забежал быстро перекусить, взял утиннюый рамен.
Плюсы - быстро, много начинки в рамене
Минусы - в заведение много народу тяжело сесть, рамен подали чуть теплый, лапша была разварена.
Итого - распиаренное заведение  не соответствует хорошим оценкам. Владельцам надо следить за качеством подаваемой еды",,,Yandex Maps (JSON),yandex-poke-3.json
ПокеРамен,PokeRamen,Ольга Шафеева,2025-04-03,5,"Кусочек Азии в сердце Перми. Уютное кафе. Блюда очень вкусные, порции большие. Обслуживание быстрое. Дочке понравился фирменный десерт в виде котика.",,,Yandex Maps (JSON),yandex-poke-3.json
ПокеРамен,PokeRamen,Полина Жукова,2025-09-11,5,"Прекрасные бизнес-ланчи: сытно, вкусно, быстро. Официант Сергей проявляет столь заботливое отношение, что уходить не хочется!",,,Yandex Maps (JSON),yandex-poke-3.json
ПокеРамен,PokeRamen,Artem Nechepurenko,2025-03-15,5,"Любовь с первого взгляда — чего только стоит сырный рамен или фо бо? Лучшие супы в городе и этим все сказано!
Единственный минус: часто «индексируются» цены на позиции. Хотелось бы большей стабильности :)",,,Yandex Maps (JSON),yandex-poke-3.json
ПокеРамен,PokeRamen,Юля П.,2025-08-02,5,"Вкусно готовят, быстрая подача блюд, официант хорошо знает меню и может подсказать по степени остроты! ",,,Yandex Maps (JSON),yandex-poke-3.json
ПокеРамен,PokeRamen,Дмитрий Старков,2025-06-24,1,"Сервис 0. На улице прекрасная погода, летник не работает, весь зал занят. Сказали, что можно поесть стоя, не смотря на стулья стоящие на улице. В итоге не предупредили и приготовили заказ в одноразовую посуду с собой, и даже не пригласили его забрать, хотя стояли на улице у окна",,,Yandex Maps (JSON),yandex-poke-3.json
ПокеРамен,PokeRamen,Влад Силин,2023-12-03,4,"Хорошее место. 
Плюсы: большие и сытные порции блюд за приемлемую цену, одной тарелкой Том-яма насытится практически каждый, по вкусу также претензий нет (единственное, был песок в мидиях, пришлось вдумчиво прожёвывать, дабы не повредить зубную недвижимость)
Минусы: не хватает места всем желающим (пришёл к моменту открытия, и уже есть 5-8 человек; затем , пока первые рассаживаются, на улице собирается очередь тех, кто ждёт освободившееся место.).
Персонал, оформление - без претензий. 
В целом, место стОит для посещения, но опять же, не всем по душе стоять в очереди и вкушать в тесноте",,,Yandex Maps (JSON),yandex-poke-3.json
ПокеРамен,PokeRamen,Евгения,2025-03-08,5,"Ела том-ям с морепродуктами, очень вкусно! Брала половинку, вполне достаточно чтобы поесть и не переесть. С супом подают стакан воды.
Придём ещё пробовать другие блюда.
Спасибо!",,,Yandex Maps (JSON),yandex-poke-3.json
ПокеРамен,PokeRamen,Ree Dolly,2024-05-09,5,Классное место! Очень вкусно. Атмосферный антураж внутри. Готовят быстро. Разнообразное меню. Готовы возвращаться при случае сюда!,,,Yandex Maps (JSON),yandex-poke-3.json
ПокеРамен,PokeRamen,Екатерина Симанова,2024-01-25,5,"Ценник высоковат, но блюда по вкусу огонь, большое меню, красивая подача и атмосфера, место популярное- полная посадка всегда( понравилось что дают пейджер, можно в прекрасно оформленном дворе подождать, когда освободится место) ребенку дали раскраску, даже домой забрал с собой) офики и повара Мега быстрые, туалет часто в очереди надо ждать, не очень уютно в узком коридорчике стоять, но интерьер заведения топ, сходите хотя бы раз",,,Yandex Maps (JSON),yandex-poke-3.json
ПокеРамен,PokeRamen,Илья Антошко,2024-02-10,5,"Был шокирован когда заглянул в этот переулок и увидел маленький кусочек китайского квартала.
Заведение очень цепляет своим антуражем и стилем.
Очень крутое меню, том ям, зеленый рис, пиво, лапша.
Все на 5+ 
Заведение делали знающие люди и это заметно, зал рассчитан именно на то количество людей, которое способна обслужить кухня и персонал.
Это однозначно одно из любимых мест в Перми )",,,Yandex Maps (JSON),yandex-poke-3.json
ПокеРамен,PokeRamen,Olga Samohvalova,2025-08-21,5,"Шикарное место, как будто попал в китайский квартал 🙂 еда вкусная, приносят быстро, атмосфера колоритная. ",,,Yandex Maps (JSON),yandex-poke-3.json
ПокеРамен,PokeRamen,Санечка Сухнева,2024-01-04,5,"Отличное заведение. Порции огромные, вкус бомбический, интерьер очень калоритный, милые официанты, быстрое обслуживание, а цены даже для Перми, прямо смешные👍
Мы остались в полном восторге и от еды и от напитков (пиво очень классное), теперь это наше любимое место, где можно вкусно и недорого поесть отличную азиатскую еду🔥",,,Yandex Maps (JSON),yandex-poke-3.json
ПокеРамен,PokeRamen,юлия шаврина,2024-01-04,5,"Это бомбически офигенное место, и судя по заполняемости об этом знает весь город. Цена+объем порций=мега круто!. Из любимчиков суп Том ям с морепродуктами, грибы по корейски, моти, и роллы (только самовывоз). Само место очень атмосферное, команда ребят работает очень офигенная. Часто посещаю само заведение, ну и про доставку не забываю, это очень удобно. Хочется сказать руководству спасибо, за саму идею, высокое качество меню, и за любофф к своим гостям❤",,,Yandex Maps (JSON),yandex-poke-3.json
ПокеРамен,PokeRamen,Eva,2024-08-02,5,"Одно из лучших заведений нашего города. Особенно рекомендую мидии в сливочном соусе и том-ям. Спасибо поварам. Хотелось от себя добавить : начисляйте баллы, бонусы (хоть что) своим постоянным клиентам.",,,Yandex Maps (JSON),yandex-poke-3.json
ПокеРамен,PokeRamen,Евгений Султанов,2024-05-24,1,"Место хорошее. Но вот том ям - это русская рулетка. Заказываю его там регулярно, и в ресторане, и в доставке, потому что люблю. Но там он каждый раз разный. Бульон то красный, то светлый. Мидии то есть, то нет. Сегодня вообще привезли том ям с рыбой типа минтая. Кому нравятся сюрпризы, это может подойти. Но тем, кто за 600 рэ хочет быть уверен, что его том ям будет такой же вкусный и просто такой же, как вчера или год назад, не рекомендую",,,Yandex Maps (JSON),yandex-poke-3.json
ПокеРамен,PokeRamen,Элина Хайитматова,2024-06-16,5,"Очень милое заведение. Заказали Том Ям с морепродуктами, остались довольны большим количеством креветок и кальмара. Бульон очень вкусный, будем приходить ещё.",,,Yandex Maps (JSON),yandex-poke-3.json
ПокеРамен,PokeRamen,Саша У.,2024-02-02,5,"С посадкой придется подождать, но ради такого вкусного места😋 оно того стоит. Моти с фисташковым кремом просто🤩 этот тающий, раскрывающийся, мягкий крем…😍Всегда беру том ям рамен и каждый раз он вкусный спустя полтора года. Обновление помещения как всегда по тематике и атмосферно. Официанты там каждый день красивые и отзывчивые😘 кусь",,,Yandex Maps (JSON),yandex-poke-3.json
ПокеРамен,PokeRamen,Evgeny Denisovich,2024-09-18,5,"Это просто ну очень вкусно. Хочется возвращаться снова и снова. 
Замечательная концепция заведения, от первых страниц меню в которые хочется вчитываться, до оформления.
Отдельное спасибо за мой любимый соус шрирача на столах.",,,Yandex Maps (JSON),yandex-poke-3.json
ПокеРамен,PokeRamen,Роман Петров,2024-11-07,5,"Очень классно посидели с подругой!!!Нам очень понравились моти,берите не пожалеете.Вкусный рамен, остренький.Красиво все оформленно.Вообщем круто схожу еще раз",,,Yandex Maps (JSON),yandex-poke-3.json
ПокеРамен,PokeRamen,Александр,2024-05-31,5,"Просто самый лучший ресторан паназиатской кухни. Неповторимая атмосфера и харизматичный, колоритный персонал. Топовая кухня по адекватным ценам",,,Yandex Maps (JSON),yandex-poke-3.json
ПокеРамен,PokeRamen,Денис Чепуров,2024-07-08,5,"Хорошее уютное кафе ,порции не смотря на цену довольно большие. Персонал уважительный  и знает практически о каждом блюде,обслуживает шустро и быстро",,,Yandex Maps (JSON),yandex-poke-3.json
ПокеРамен,PokeRamen,Drupa13,2025-02-14,3,"Заказывал 14.02 том ям с морепродуктами на самовывоз, супчик был водянистый, сливок было недостаточно, из 3х супов что заказал в одном не доложили ни морепродуктов, ни овощей.
Посещали ранее на Куйбышева и супы были гораздо вкуснее, за что и полюбились, сегодняшний наш заказ нас слегка расстроил.",,,Yandex Maps (JSON),yandex-poke-3.json
ПокеРамен,PokeRamen,Ирина Г.,2025-10-15,5,"Красивое место, вкусная еда. На вынос готовят быстро. Персонал вежливый ",,,Yandex Maps (JSON),yandex-poke-3.json
ПокеРамен,PokeRamen,Анастасия Б.,2025-02-16,5,"Лучший ресторан азиатской кухни. Блюда свежие, прекрасно сбалансированы по вкусу. Разнообразие меню позволяет подобрать блюда под настроение или под особенности питания. В доставке еде тоже всегда свежая и готовая к поглощению
Однозначно рекомендую 👍🏼",,,Yandex Maps (JSON),yandex-poke-3.json
ПокеРамен,PokeRamen,Кристина Тарасова,2024-04-26,5,"Самое лучшее место в Перми, меню большое, порции большие, цена адекватная,сколько раз были, всегда все вкусно.  Персонал вежливый, уютная атмосфера. Том ям с морепродуктами и поке с лососем отвал всего. 
Очень хочется, чтобы ваше заведение расширилось и было небольшое ожидание.💗",,Уже очень скоро откроем новую большую азиатку! Следите за новостями 😊,Yandex Maps (JSON),yandex-poke-3.json
ПокеРамен,PokeRamen,Влад Шпратов,2024-05-04,5,"Постоянные аншлаги могут сказать о многом) вкусно, быстро, много. Цена полностью оправдана. Интерьер симпатичный. Но бОльшую атмосферу создаёт постоянный гул он неубывающей посадки) аутентично. ",,,Yandex Maps (JSON),yandex-poke-3.json
ПокеРамен,PokeRamen,Катерина Гаврилец,2024-11-18,5,"Очень интересное азиатское кафе, оно определенно стоит того, чтобы посетить его! Кухня – 10/10, скорость обслуживания и приветливость персонала 10/10. Обязательно вернёмся снова",,,Yandex Maps (JSON),yandex-poke-3.json
ПокеРамен,PokeRamen,Алекc,2024-01-19,5,"Брал на вынос острый рамен и том ям.
Не обманули. ОСТРЫЙ рамен для сильных духом)
Вообще очень нравится и само заведение (интерьер, культура обслуживания, посетители), и кухня. Вкусно, быстро, по цене вполне доступно. Приятной неожиданностью был сюрприз от звелдения  для моего собакена. Собакен был счастлив)",,,Yandex Maps (JSON),yandex-poke-3.json
ПокеРамен,PokeRamen,Артем П.,2025-01-18,5,"Отличное место блюда очень вкусные цены приемлемые, обязательно вернусь сюда ещё раз, особенно рекомендую бизнес-ланчи за 600 рублей и суп и второе и компот и моти",,,Yandex Maps (JSON),yandex-poke-3.json
ПокеРамен,PokeRamen,Анна Соколова,2024-09-13,5,"Обожаю обожаю это заведение! Рекомендую для посещения всем и всегда. Это ооочень вкусно, атмосферно, красиво, быстро!!! Лучшего места азиатской кухни лично для меня нет.",,,Yandex Maps (JSON),yandex-poke-3.json
ПокеРамен,PokeRamen,Валерия Савицкая,2024-06-01,5,"Все очень вкусно, приятный персонал красивая и милая обстановка, советую попробовать том ям и это прекрасное блюдо ",,,Yandex Maps (JSON),yandex-poke-3.json
ПокеРамен,PokeRamen,Nakahara's orange,2024-07-27,5,"Потрясающее место, которое нравится всей моей семье и друзьям. Очень вкусная кухня и напитки. Персонал очень распологающий и идущий на встречу :) Одно из лучших мест в Перми с азиатской кухней",,,Yandex Maps (JSON),yandex-poke-3.json
ПокеРамен,PokeRamen,Ирина Кударь,2025-01-13,3,"Место супер, всё нравилось, НО чем дальше, тем выше ценник и порции меньше. 
Пришли спустя 2 месяца, а то и 3, порции удивили, но уже негативно, рыбы словно и нет... Отчаялись и отдали намного больше, чем раньше денег за это... 👎 поке совсем недавно был 550, а уже под 800.. Но рыбы всё меньше и в общем наполнение скуднее стало, ребят, вы ВПЕЧАТЛЯЛИ, но увы, не сейчас. ",,,Yandex Maps (JSON),yandex-poke-3.json
ПокеРамен,PokeRamen,Сергей Королев,2024-11-09,5,"Одно из лучших кафе азиатского направления . том ям , рамэн , том кха - супер . бизнес ланч вышка по качеству блюд , сотрудники на высоте",,,Yandex Maps (JSON),yandex-poke-3.json
ПокеРамен,PokeRamen,Соловьёва Дарья,2024-02-03,5,"Вкусно и прекрасно! Одно из любимых азиатских заведений. Часто присутствует небольшая очередь, зайдите и вам выдадут пейджер, когда будет свободно место. По меню определённо вкусно. Мое любимое этл поке с копченным тофу и том-ямчик с морепродуктами. Чай лимонник. Панакотики лучше брать молочный, он зайдет всем. А вот шоколадный на любителя. ",,,Yandex Maps (JSON),yandex-poke-3.json
ПокеРамен,PokeRamen,Александр,2024-06-06,5,"Супер атмосферное место! Очень  нравится тут обедать. Еда вкусная, выбор хороший. Ребята-работники молодцы) По ощущениям очень напоминает азиатские кафе! Обязательно вернёмся сюда ещё не один раз!",,,Yandex Maps (JSON),yandex-poke-3.json
ПокеРамен,PokeRamen,Иван Диев,2024-04-02,5,"Первая звезда за атмосферу, все очень красиво.
Вторая звезда за официантов,  расторопные и вежливые.
Третья звезда за меню, разнообразное и интересное.
Четвертая звезда за скорость подачи блюд и за саму подачу, блюдо готовят быстро и подают красиво.
Ну и пятая звезда за сам вкус блюд, очень вкусно

Ребятам успехов и хороших клиентов ",,,Yandex Maps (JSON),yandex-poke-3.json
ПокеРамен,PokeRamen,Matthew Glow,2025-09-12,5,"Являюсь гостем данного заведения уже более двух лет точно и с уверенностью могу сказать, что всё здесь в целом неплохо, если судить по критерию цена/качество. 

Для тех, кто ищет небольшое и уютное место для обеда, ПокеРамен однозначно рекомендую к рассмотрению. Сам в основном здесь ланчами и питался, поскольку быстро, удобно и сытно. На данный момент ланч немного подняли в цене, но 630 рублей он стоит. 

С доставкой не сталкивался, поэтому однозначного мнения сказать не могу, но знаю, что она есть, также есть возможность забрать самовывозом (здесь точно проблем нет).",,,Yandex Maps (JSON),yandex-poke-3.json
ПокеРамен,PokeRamen,Константин Ф.,2024-07-27,5,"Всё супер, что заказывали компанией, всем всё понравилось. Отличное обслуживание. Маленький минус, который прощается вкусной едой, возможно придётся подождать минут 15-20 пока освободится столик",,,Yandex Maps (JSON),yandex-poke-3.json
ПокеРамен,PokeRamen,Илья М.,2025-05-29,5,"Лучше чем у них том ям только в тайланде! Молодцы, так держать! Развивайтесь и дарите людям вкус паназиатской кухни!",,,Yandex Maps (JSON),yandex-poke-3.json
ПокеРамен,PokeRamen,Юлия П.,2024-08-03,5,"Классное место, кормят вкусно, порции огромные. Есть ланч. Из минусов только - мало посадочных мест, в популярные часы не найти свободных столов.",,,Yandex Maps (JSON),yandex-poke-3.json
ПокеРамен,PokeRamen,Максим Витальевич,2025-04-28,5,"Уютное заведение в паназиатском стиле с хорошим том-ямом. Цена может показаться высокой, но порции большие. Так что, не жадничайте. ",,,Yandex Maps (JSON),yandex-poke-3.json
ПокеРамен,PokeRamen,Yhlas Mametgulyyew,2024-08-02,5,"Сегодня 2 августа покупал том ям, было очень вкусно! Персонал вежливый и приятный. Повара- две девушки все очень быстро и вкусно приготовили.",,,Yandex Maps (JSON),yandex-poke-3.json
ПокеРамен,PokeRamen,Юлия,2024-05-28,5,"Хорошие порции, большая проходимость. Для себя выделила бы рис кимчи и Том Ям. Все свежее и вкусное. Пивко отменное",,,Yandex Maps (JSON),yandex-poke-3.json
ПокеРамен,PokeRamen,максим наливайко,2025-04-01,5,"Отличная кухня. Адекватные цены. Интересная и своеобразная атмосфера внутри. Очень хорошее обслуживание, официанты лучшие! Настоятельно рекомендую",,,Yandex Maps (JSON),yandex-poke-3.json
ПокеРамен,PokeRamen,Вера Чистоусова,2024-07-05,5,Очень вкусно и душевно. Персоналу отдельное спасибо за работу! Все на высшем уровне,,,Yandex Maps (JSON),yandex-poke-3.json
ПокеРамен,PokeRamen,Амалия Павлова,2025-09-01,5,"Обожаю поке-рамен
постоянно там ем,советую,но из-за их вкусности много очередей,но подождать можно. цены оправданы.",,,Yandex Maps (JSON),yandex-poke-3.json
ПокеРамен,PokeRamen,Яна Владимировна,2024-04-06,3,"Плюсы:
 Вежливый внимательный персонал.
Вкусная еда особенно десерт.
Минусы:
Маленький зал ты сидишь очень близко к другим людям что по правую руку что левую и от этого боишься кого-то задеть случайно.
Так как тесно в зале не можешь расслабиться. 
Очередь это просто кошмар. Время ожидания 30-40 минут на улице я в шоке. На улице холодно а перед тобой в очереди ещё три пары.
Один туалет на весь зал Карл! Пока ты занимаешься своими делами к тебе ломятся весьма настойчиво и не один раз.
В общем и целом пришли сюда с молодым человеком прождали 35 мину на улице после быстренько поели и ушли из-за того что некомфортно и после нас уже снова собиралась очередь.
",,,Yandex Maps (JSON),yandex-poke-3.json
ПокеРамен,PokeRamen,Алекс,2024-05-16,5,"Замечательное, вкусное и атмосферное место, все меню очень разнообразное и вкусное , фо бо вообще лучший из всего , что я пробовал , также хочется отметить поке с лососем. Обслуживание очень вежливое и внимательное, особенно хочется отметить Юшу",,,Yandex Maps (JSON),yandex-poke-2.json
ПокеРамен,PokeRamen,Ольга Куклина,2024-08-01,4,"Интересное кафе,всегда много народа, очередь идёт быстро,места в кафе мало,относится больше у молодёжному кафе,т.к высокие стулья,еда вкусная,порции большие,обслуживание быстрое,немного тесновато,но видимо такая задумка,ценник средний",,,Yandex Maps (JSON),yandex-poke-2.json
ПокеРамен,PokeRamen,Aigul Garipova,2025-10-14,5,"Невероятно вкусная кухня, мы были гостями города. Впечатлилась. Кушали и в кафе и на доставку. Скучаем! Ждем следующего приезда чтобы снова насладиться вкусной едой!",,,Yandex Maps (JSON),yandex-poke-2.json
ПокеРамен,PokeRamen,Анна Лазарева,2024-07-05,5,"Крутое заведение! Понравилось все: атмосфера, сервис, еда, стилистика. Заказали том ям с морепродуктами и лапшу с курицей. Все очень вкусно, сытно , порции как и положено большие. Том ям в меру острый, лапша тоже в меру острая. Придем сюда ещё! ❤",,,Yandex Maps (JSON),yandex-poke-2.json
ПокеРамен,PokeRamen,александра титова,2025-07-22,1,"Ходили постоянно, но в последнее время еда стала не вкусной, видимо поменяли концепцию блюд, вкус совсем не то, что раньше, особенно курица в поке, есть невозможно, не солено, ждали моти долго, в последний момент подошли сказали, что его нет, больше желания приходить нет, а было любимое место ",,,Yandex Maps (JSON),yandex-poke-2.json
ПокеРамен,PokeRamen,Анна Другова,2025-03-17,3,"Стоишь на улице в холод и ждешь очередь 20-25 мин. Замерзли и настроение упало😔. Само заведение маленькое.  В кухне ничего особенного. Вау не произошло. Порции большие. Чисто. Сидишь на возвышенности и ноги болтаются как у детей. Моти мне показалось жирноватые. Сколько ела до не было такого. Вообщем, на раз. Но, вкусы у всех разные. Мне есть с чем сравнить.",,,Yandex Maps (JSON),yandex-poke-2.json
ПокеРамен,PokeRamen,Ксения Ахметова,2024-05-04,5,"Очень вкусная еда, отличное обслуживание, но огромный минус - очень мало место. Там буквально 20-25 посадочных мест, а желающих в разы больше и все стоят ждут на улице. Из четырёх раз мы попали только один, потому что под вечер людей почти не было. Очень вкусный том ям, и паста том ям. А моти просто отвал всего! ",,,Yandex Maps (JSON),yandex-poke-2.json
ПокеРамен,PokeRamen,Бунина Е.И.,2025-09-28,2,"Решили с друзьями посетить данное место, 27.09.25, около восьми вечера, ТК было много рекомендаций, но столкнулись с ситуацией ""ожидание-реальность""
Первый вопрос к владельцам, а почему не сделать бронь? Я понимаю места мало, но тот факт что люди ждут на улице мне не понять, ладно сейчас ещё не сильно холодно, а зимой?  Пока мы ждали наблюдали картину маслом когда приходят, мёрзнут и не дождавшись покидали данное место, бронь бы решила данную проблему 
Далее о чудо, нас пустили, смутило обслуживание, мы нормально относимся к понятию ""ожидание готовности"" , ТК видим что у вас много народу, но почему персонал абсолютно равнодушно относится к своим клиентам?  К примеру нас обслуживала официантка Карина(надеюсь правильно запомнила), девушка была явно недовольна, обслуживая нас,  не правильно записала заказ, хотя вроде как нам повторила и озвучила, при этом забыла про десерт, напиток, ок, допустим,  всякое бывает, напомнив  ей об этом она принесла десерт уже с собой(хотя она уточнила, а  я озвучивала что здесь нам нужно), так же мы просили обновить чай, на что его просто унесли  и не вернули, как будто были рады только выпроводить да побыстрее
В целом заведение имеет потенциал, еда не плохая, очень даже, но при этом отношение к людям более чем отталкивающее, к сожалению возвращаться туда желания более нет ",,,Yandex Maps (JSON),yandex-poke-2.json
ПокеРамен,PokeRamen,Екатерина Зимняя,2024-09-30,3,"Стало невкусно и дорого. Том-Ям в начале и в конце пути ПокеРамена – это небо и земля. Сейчас готовят суп на какой-то супер-отвратной пасте. Роллы сильно подорожали, но при этом их качество ... Не сильно улучшилось :) Раньше любили здесь заказывать, сейчас, к сожалению, заведение закономерно скатывается, безуспешно пытаясь компенсировать это ""молодежным"" вайбом, рекламой и зазывающей инстой. Периодами раздражает панибратское общение офиков, которых я банально старше. Советую работать в первую очередь над качеством блюд. У конкурентов никогда не было лучше, но сейчас слишком много кафе, которые развиваются и стали лучше (бывает, что и дешевле) покешки. Жаль.

А ещё, похоже, каждый негативный отзыв здесь так задевает их эго, что они не за честные и справедливые отклики, а за то, чтобы грубить посетителям в комментах вместо решения проблемы и лояльного ответа. Ваша аудитория все видит. ""Молодцы"")",,,Yandex Maps (JSON),yandex-poke-2.json
ПокеРамен,PokeRamen,Света Огорельцева,2025-03-14,5,"Очень вкусно. Небольшое по вместительности заведение, тесная посадка, маленькие столики, но думаю, такая и была задумка.
Еда очень вкусная. Поэтому если вдруг захотелось прямо ПОЕСТЬ - то идем с друзьями туда. Иногда приходится подождать, пока освободится место... Но еда того стоит.
Находятся в центре.
Персонал забавный - все молодые, открытые, с юмором. ",,,Yandex Maps (JSON),yandex-poke-2.json
ПокеРамен,PokeRamen,Юлия Горбунова,2024-08-10,4,"Весьма интересное место, вроде приходишь покушать, поболтать о личном, а так получается, что за одним столом сидят напротив еще люди, в принципе для любителей свадебных столов пойдёт 😁 Все вместе сидят, весело едят) А если серьёзно, то для любителей покушать за отдельным столиком без посторонних взглядов не рекомендую. Теперь по кухне: весьма достойная, некоторые бизнес-ланчи прям огонь по соотношению цена-качества, также хотелось бы отметить вкусные моти, они реально прикольные. Ну и в принципе если хочешь познакомиться с кем-то, то место отличное , так как еда с незнакомыми людьми напротив отлично объединяет, правда контингент там весьма разный от студентов до теть и дядь на серьезных щах) В общем еда-норм на 4 с +,  попасть сложновато , но в принципе возможно. Рекомендую посетить для разнообразия",,,Yandex Maps (JSON),yandex-poke-2.json
ПокеРамен,PokeRamen,Наталья М.,2025-05-02,5,"Одно из любимых заведений в Перми. Впервые была в 2022 году, в этом году приехала и сразу пошла сюда. 
Отличная и вкусная еда, обслуживание и атмосфера. Для любителей азиаткой кухни — точно мастхев. Особенно попробуйте моти— они прекрасны❤️",,,Yandex Maps (JSON),yandex-poke-2.json
ПокеРамен,PokeRamen,Софа Чедилян,2025-06-05,2,"еда в целом хорошая, но что за рабочий персонал? где вы их берёте? почему одна толкает другую? а если что-то разольется или упадет? впечатление о месте испорчено. так же по отношению ко мне официант (Соня) неуважительно вела себя ко всем окружающим, что к персоналу, что к гостям. даже мне как гостью было это видно. ",,,Yandex Maps (JSON),yandex-poke-2.json
ПокеРамен,PokeRamen,Марина Каримова,2024-07-18,3,"Посещали это заведение много раз. Все всегда на высоте! БЫЛО! 

На прошлой неделе, после открытия новой точки, решили по привычке посетить старую. Сделали заказ, все хорошо. Но принесли то, что на 2 фото. Это Том Ям Рамен. Заказывали не раз и никогда ТАК он не выглядел. Ощущение, что уже кто-то поел его, да и цвет какой то странный. Блюдо не мешали, его правда принесли в таком виде. Ко вкусу претензий нет, но подача очень испортила аппетит. 

Вчера же посетили вторую точку и заказали это же блюдо, и подачу вы можете увидеть на 1 фото. 

Очень грустно, что первый «ребенок» остался на произвол 🙁",,,Yandex Maps (JSON),yandex-poke-2.json
ПокеРамен,PokeRamen,Раиса Шеина,2025-08-24,5,"Супер вкусный том ям, пожалуй, острота больше, чем на 2/10, но мне нравится поострее, поэтому всем осталась довольна) 
Очень милые и дружелюбные официанты ",,,Yandex Maps (JSON),yandex-poke-2.json
ПокеРамен,PokeRamen,Павел Подкорытов,2025-07-21,5,"Очень понравилось! Были в Перми, заехали в это кафе, заказали Том ям и Рамен с уткой. Вкусно пальчики оближешь. В самом кафе красиво и атмосферно.",,,Yandex Maps (JSON),yandex-poke-2.json
ПокеРамен,PokeRamen,Анна Лебедева,2024-12-04,5,"Потрясающее место. Футуристичный и яркий дизайн полностью передаёт азиатский колорит. Само заведение расположено в укромном месте у входа можно сделать красивые фото.
Еда вкусная, а порции рамена просто огромные",,,Yandex Maps (JSON),yandex-poke-2.json
ПокеРамен,PokeRamen,Анастасия,2024-07-24,5,"Уютное место с нереальным колоритом! 
Понравился рамен Том Ям и моти. Синяя с голубикой и взрывной карамелью - пушка-бомба 🧨!
Том ям с морепродуктами удивил отсутствием мидии и присутствием красной рыбы. ",,,Yandex Maps (JSON),yandex-poke-2.json
ПокеРамен,PokeRamen,Даниил Смагин,2024-12-02,2,"Мини-обзор на Поке Рамен

Все было вкусно, брал лапшу какую-то с овощами и курицей, она вообще норм 🙌

Еще пил лимонад с ананасом и кокосом и заказывал такого милого котика на десерт. Он похож на что-то желеобразное внутри, типа панна котты. Снаружи корочка красная. Принесли с ягодками свежими и соусом, он типа пюре из манго 🥭 

Единственное очень большое НО — я отравился и лег в больницу на следующий день 😢, поэтому 2 звезды",,,Yandex Maps (JSON),yandex-poke-2.json
ПокеРамен,PokeRamen,Глухов Андрей,2024-08-26,5,"Место популярное и постоянно забитое народом - поэтому о качестве и количестве еды подробно расписывать нет смысла. Отличная еда дико модного направления за приемлемые деньги и большими порциями.
Хотелось бы, однако, отметить практически уникальную для Перми вещь - официант поинтересовался, в каком порядке приносить блюда. За последние два года, кроме как в ПокеРамене мое мнение о последовательности подачи мне блюд заинтересовало официанта еще в одном месте. Все. Спасибо тебе, неизвестный официант из ПокеРамена, прям в момент вопроса захотелось заплакать от восторга и умиления.",,,Yandex Maps (JSON),yandex-poke-2.json
ПокеРамен,PokeRamen,Ольга Корякина,2025-07-31,5,"это место, ставшее классикой ) не знаю, с чем сравнить - просто говорю «да» 
+ обслуживание, интерьер, атмосфера, вкус блюд ",,,Yandex Maps (JSON),yandex-poke-2.json
ПокеРамен,PokeRamen,Екатерина,2025-08-26,5,"Тут самый вкусный том ям в Перми, где бы я не заказывала вкус совсем не такой. А еще у них вкусные бизнес ланчи и пирожное Моти нежное, тает во рту.",,,Yandex Maps (JSON),yandex-poke-2.json
ПокеРамен,PokeRamen,Анастасия К.,2025-02-03,5,"Поке с лососем и сырные палочки - ну, о-о-очень вкусные 💔 Доброжелательный персонал, знающий блюда и умеющий ладить с посетителями. 
p.s. - не знаю, кто работал над оформлением меню, но оно стоит отдельной звезды.",,,Yandex Maps (JSON),yandex-poke-2.json
ПокеРамен,PokeRamen,Дмитрий Наугольных,2024-05-08,5,"Это лучшие паназиатские супы, очень нравится том ям, вкуснее даже чем в местах где он стоит почти 1000 р, а море продуктов за эти деньги в разы меньше. Очень так же понравился сырный рамен. Из минусов, Вам пора расширяться, а то место не хватает, народ аж на улице стоит ждет особенно по выходным.",,,Yandex Maps (JSON),yandex-poke-2.json
ПокеРамен,PokeRamen,Даша Щербакова,2024-10-01,4,"Знакома с местом около 3-ех лет, приходила частенько за поке с лососем. Была любимая позиция в данном заведении

Когда была цена 550 рублей за поке, приходила постоянно. Когда цену подняли до 600 (причем за короткое время) тоже приходила, и в предпоследний раз когда получила  в тарелке лосось с кожей, подгнившее авокадо, впечатление испортилось. Вы большие молодцы, что получаете различные награды и премии, но вот от этого не меняется еда, меняется лишь ваша обложка. Популярное место, но сейчас, когда в Перми открывается и есть много мест с подобной кухней, я отдам предпочтение другим заведениям 

Этим отзывом хотела донести что дело не только в цене, дело в качестве продуктов, и было бы за такую цену неплохо увеличить граммовку блюда. Хотя бы. Успехов! ",,,Yandex Maps (JSON),yandex-poke-2.json
ПокеРамен,PokeRamen,Екатерина А.,2024-07-10,3,"Сегодня 10.07. Уже открылось Умамикатико и весь персонал и повара в Покерамен сменились. Тот том ям, за которым мы так любили приходить с момента открытия кафе на компросе, стал иметь другой вкус - менее насыщенный, наваристый и чуть кисловатый. Другие блюда, которыми мы ужинали тоже стали иметь другой вкус. Очень жаль! Конечно, теперь мы будем ходить в Умамикатико к полюбившимся поварам и персоналу, но как же грустно мне за это прекрасное место с прекрасным расположением. Вернусь ли я сюда? Не знаю. Но это было одно из лучших и вкуснейших мест в городе. ",,,Yandex Maps (JSON),yandex-poke-2.json
ПокеРамен,PokeRamen,nordfrontt,2025-08-09,1,"Пришли на один свободный столик с железными стульями, на улице 17 градусов, пасмурно, играют какие-то странные артисты на максимальной громкости, что не слышно своих мыслей, с ужасным басом до треска, и за 20 минут не подошел ни один официант. Заплатили за стоянку 200 р. просто так",,,Yandex Maps (JSON),yandex-poke-2.json
ПокеРамен,PokeRamen,Darya Dmitrievna,2025-08-01,5,"Безумно вкусно, хороший сервис, крутая атмосфера Азии! Всегда заходим, когда оказываемся в Перми. 
Летнее меню топ! Моти — полный восторг ",,,Yandex Maps (JSON),yandex-poke-2.json
ПокеРамен,PokeRamen,Людмила Хмарская,2024-07-22,5,"Круче и вкуснее том яма, чем здесь, нигде не ела! Честно! Правда в Таиланде не была, не могу сравнить. Но в Перми, Москве, Казани, Екатеринбурге и тд, точно вкуснее нет!
И обслуживание, и интерьер, и скорость готовки - всё великолепно! Очень рекомендую!",,,Yandex Maps (JSON),yandex-poke-2.json
ПокеРамен,PokeRamen,berenikagretskaya,2025-10-11,5,"Очень люблю! Очень вкусная кухня, чаще правда доставку заказываю, так как в кафе мало мест и нет возможности забронировать. Очень нравятся подарки домашним животным. Приятный бонус",,,Yandex Maps (JSON),yandex-poke-2.json
ПокеРамен,PokeRamen,Антон Клевер,2024-11-30,4,"Заведение не большое, учитывайте эту специфику. Внутрь за столик так ни разу и не попал - занято и на ожидание очередь. Для тех, кто зимой без авто, будет буквально прохладная история.
Проще сразу заказать с собой и через 20мин (быстрее чем очередь за столик) будет готово.
Вкусом и качеством блюд довольны, на твердую 4ку.
Впрочем, если как-нибудь нам повезет и у нас получится вкусить свежие блюда за столиком, мы почувствуем 5ку :)",,,Yandex Maps (JSON),yandex-poke-2.json
ПокеРамен,PokeRamen,Анастасия,2025-03-12,3,"Заказывала карри-рамен с морепродуктами, показалось, что рыба отдает кислым вкусом, а оказывается и правда несвежая была. Так же заказала поке с креветками и лососем терияки на самовывоз, девушка подтвердила мои опасения на счет несвежей рыбы (сказала неприятный запах у поке), еще и без соуса (в рисе) было блюдо, что-то разочаровали, сегодня",,,Yandex Maps (JSON),yandex-poke-2.json
ПокеРамен,PokeRamen,Марина Сальникова,2025-08-20,5,"Лучшее заведение, соотношение качества и цены идеальное, потрясающий интерьер и милый персонал. Каждый сезон посещаю это заведение, ни разу не разочаровалась ",,,Yandex Maps (JSON),yandex-poke-2.json
ПокеРамен,PokeRamen,Дмитрий Логинов,2025-07-25,5,"Острота правильно оценена в меню, все стандартные ходовые позиции вкусные точно, расположение радует, официантки милейшие)
Обязательно приду еще раз.",,,Yandex Maps (JSON),yandex-poke-2.json
ПокеРамен,PokeRamen,Олег,2025-08-06,5,"Отличное азиатское кафе. Кимчи супер, рис любой супер. Еще и баночкой или несколько баночек Eboshi залить и вообще кайф",,,Yandex Maps (JSON),yandex-poke-2.json
ПокеРамен,PokeRamen,Виталий Андрианов,2024-11-06,4,"Отличное место. Пробовал уже больше 8 позиций и не планирую останавливаться, в основном всё очень вкусно. Порции сытные. В заведении приятная атмосфера. На доставку тоже всё классно + приятные подарки для коськи :) 
Рекомендую.

UPD:
Слишком сильно повысили цены, -1 звезда.",,,Yandex Maps (JSON),yandex-poke-2.json
ПокеРамен,PokeRamen,Владимир Мельников,2025-06-19,1,"Был сегодня 19 июня на Куйбышева,33
Посещаю регулярно) но никак не могу понять почему все так криво получается в плане обслуживания))
Пример : пришел с девушкой и при заказе официантку сразу попросил , что был недавно - блюдо было подано теплым ) пояснил , что не придираюсь к продуктам , количеству морепродуктов в Том яме , но отчетливо попросил - блюдо должно быть ГОРЯЧИМ!- да, конечно , его готовят прямо сейчас!
Через 5-7 мин приносит ТЕПЛОЕ
ВЫЗЫВАЮ официантку - пытаюсь разобраться - я вроде отчетливо попросил ГОРЯЧЕЕ блюдо
Потом вызвал администратора трактора - пояснила , что официант новенькая , она не знала что горячим быть не может - свернуться сливки!
Странно, но полгода назад он всегда был горячий !
Давайте мы разогреем в микроволновке 
Но в микроволновке блюдо портиться , как блюдо?! Шеф повара в хорошем кафе - вообще их выбрасывает ( пример Костя Ивлев!) посмотрите передачи с его участием 
Администратор хорошо улыбалась - это так 
У них блюдо по госту 71градус! 
Видно отличить теплое от горячего можно только с профессиональным градусником !
Признание , что был казус -,так и произошло
На троение испорчено, дама не дожидаясь просто вышла из кафе !
Виноваты все кроме того кто должен обучать персонал…",,,Yandex Maps (JSON),yandex-poke-2.json
ПокеРамен,PokeRamen,Юлия,2024-04-07,4,"Первое впечатление: атмосферно оформлена внешняя часть и дворик.

Второе впечатление: ждать холодно на ветру во дворе. Хорошо только в теплое время года.

Выдают пиликающий номерок, когда запиликает-проходите. Не всегда быстро.


Внутри довольно маленькое помещение, но хороший азиатский стиль. Столики находятся совсем рядом, так же есть длинная барная стойка, за которой можно сидеть, кушать и наблюдать за приготовлением некоторых блюд.

Еда достойная, по вкусовым качествам: ""хотели сделать как надо по настоящему рецепту"", а не ""ой, так пойдет, главное дешевле и вроде похоже"".

Порции довольно большие. Брали острый рамен, моти, поке с угрём, ещё несколько блюд, не помню название, если честно, но всё было приготовлено отлично. Острый рамен прям Острый! Если вы думаете, что будет остренький, НЕТ! Он ОСТРЫЙ и вкусный.",,,Yandex Maps (JSON),yandex-poke-2.json
ПокеРамен,PokeRamen,Юлия Юлия,2025-09-09,1,"Разочарована качеством еды. Поке с креветками в частности, часть ингредиентов в котором была несвежая. Такая история была не только у меня. Тем удивительнее нескончаемая очередь.  ",,,Yandex Maps (JSON),yandex-poke-2.json
ПокеРамен,PokeRamen,Анастасия П.,2025-04-14,5,"Прекрасное место. Классная атмосфера, доброжелательный персонал, уютный дворик снаружи. Порции большие, быстро наедаешься, ну и конечно же все очень вкусно! Сердечно рекомендую)",,,Yandex Maps (JSON),yandex-poke-2.json
ПокеРамен,PokeRamen,Алексей Стариков,2025-07-20,5,"Ставлю 5 звёзд, с натяжкой. Постоянно ходим сюда, (раз в 1-2месяца). Я беру, либо том ям, либо фо бо,. Вкус стал меняться, в сторону пресности что ли. Раньше вкуснее было, с душой что ли. Думаю ребята меня поймут. А так внешне, хорошее место, с гостям можно показать.",,,Yandex Maps (JSON),yandex-poke-2.json
ПокеРамен,PokeRamen,Олег Каспийский,2025-06-27,5,"Самая вкусная паназиатская кухня в Перми, да и в целом по Уралу мало таких достойных вкусных мест, часто в разъездах пробую но все равно PokeRamen ван лав",,,Yandex Maps (JSON),yandex-poke-2.json
ПокеРамен,PokeRamen,Александр,2025-03-31,5,"Вкусная японская кухня, приятное обслуживание, цены конечно высокие, и бывает достаточно много народа, но заведение стоит того чтобы его посетить, кухня супер, особенно мне нравятся моти ",,,Yandex Maps (JSON),yandex-poke-2.json
ПокеРамен,PokeRamen,Анастасия Овченкова,2024-07-17,5,"Самое атмосферное место, кухня просто шикарная, большой ассортимент блюд 
Порции большие, наедаешься даже половиной 
А десерт чизкейк просто объеденье 
Обязательно посещу еще раз это место ",,,Yandex Maps (JSON),yandex-poke-2.json
ПокеРамен,PokeRamen,Дарья Служевская,2025-01-30,5,"Была не большая очередь,но быстро освободилось место ,также Спасибо за быстрое обслуживание,понравилось меню,наш выбор . Очень  не удобная  вешалка напольная, не рассчитана на большое количество гостей,а еще  очень холодно в помещении.",,,Yandex Maps (JSON),yandex-poke-2.json
ПокеРамен,PokeRamen,Макс Мелкозёров,2025-01-02,5,"Если бы можно было оставить 10 звезд, они бы и были. Спустя час поисков куда в гостях сходить, нашли данное святилище. Персонал общительный и радушный, блюда приносят как только доедаешь предыдущие. А за рецепт цыпленка по-китайски хотелось драться с поварами ",,,Yandex Maps (JSON),yandex-poke-2.json
ПокеРамен,PokeRamen,Анастасия Мещерякова,2025-06-17,5,"Было крайне вкусно и быстро
Классный персонал
Классная атмосфера 
Большое спасибо за приятную еду! ",,,Yandex Maps (JSON),yandex-poke-2.json
ПокеРамен,PokeRamen,HARD Bermuds,2024-11-26,5,"Отличное место, оооочень вкусные блюда, классная атмосфера и дизайн заведения. Настоятельно рекомендую к посещению если вы любитель восточной культуры и в целом хотите попробовать качественный рамен!!!",,,Yandex Maps (JSON),yandex-poke-2.json
ПокеРамен,PokeRamen,Анастасия Жданова,2025-03-26,1,"Моя дочь являлась постоянным посетителем, любила сырный рамен, но вчера как обычно заказав блюдо, немного поела, поняла, что что то не так , позвала официанта. Блюдо оказалось испорченным, дочь тошнило, на это ей предложили оплатить блюдо! И дали десерт, она отказалась, ссылаясь на тошноту, теперь она лечится от отравления, заплатив не малые деньги за испорченное здоровье, кто за это ответит?????",,,Yandex Maps (JSON),yandex-poke-2.json
ПокеРамен,PokeRamen,Светлана,2025-03-29,3,"Однозначно испортилось качество еды, к сожалению((( Когда только открылся Покерамен - был самый вкусный и насыщенный Том Ям в городе, заказывала только там еду. Спустя время и раскруткой заведения, существенно хуже стала еда. Меньше ингредиентов, в роллах рыбы мало, порции меньше стали, при этом ценник нормально так повысили. Есть объективно места вкуснее(((
Крайний раз заказала еду здесь 🤷‍♀️",,,Yandex Maps (JSON),yandex-poke-2.json
ПокеРамен,PokeRamen,Оксана Сноу,2023-02-09,5,"Всегда с удовольствием захожу сюда на обед. Разнообразные блюда, никогда не знаешь, чем удивят.
Обожаю десерты моти, подача и вкус на высоте!
Спасибо ПокеРамен!",,,Yandex Maps (JSON),yandex-poke-12.json
ПокеРамен,PokeRamen,Миша Белов,2023-04-18,4,"Тут достаточно вкусная Азиатская еда, но я не могу сказать, что цены доступные. Специализация места - доставка, о других клиентах особо и не подумали, разместив в заведении три небольших стола. Соответственно, в 3 из 10 заходов без брони вам не удастся посидеть! ",,,Yandex Maps (JSON),yandex-poke-12.json
ПокеРамен,PokeRamen,Кирилл,2024-03-02,1,Рамен дали в субботу 2 марта из вчерашних продуктов.Даже лапша и яйцо вчерашние.Просто холодные ингридиенты залили бульоном. не рамен.,,,Yandex Maps (JSON),yandex-poke-12.json
ПокеРамен,PokeRamen,fireblast1337,2023-04-29,5,"Безумно вкусно! Без вариантов одно из лучших паназиатских заведений в Перми, крайне рекомендуемо к посещению. 
Сложно рекомендовать какое-то блюдо, потому что вкусно абсолютно всё.",,,Yandex Maps (JSON),yandex-poke-12.json
ПокеРамен,PokeRamen,Анна Д.,2023-08-12,3,"С увеличением количества гостей качество блюд стало хуже, подали совершенно не солёные рамен, попросили поменять, туже самую тарелку подали, только как будто добавили специи от лапши быстрого приготовления.",,,Yandex Maps (JSON),yandex-poke-12.json
ПокеРамен,PokeRamen,Наталья Базарова,2024-12-20,5,Отлично. Очень вкусно 🤤 будите в Перми посетите обязательно. Заведение маленькое но очень понравилось. ,,,Yandex Maps (JSON),yandex-poke-12.json
ПокеРамен,PokeRamen,Shit_of_god,2023-03-25,5,"Эти ребята не нуждаются в одобрении или похвалах! Это топ из топов, постоянно кушаем здесь, персонал ангелы, еда просто космическая, пир на Олимпе рядом курит нервно)))",,,Yandex Maps (JSON),yandex-poke-12.json
ПокеРамен,PokeRamen,Наталья Черная,2023-05-10,4,"Понравился поке с лососем вкусный, а вот моти не понравилось, по размеру большой, но с вкусом прогадала, надо было сладкий взять, взяла соленый.",,,Yandex Maps (JSON),yandex-poke-12.json
ПокеРамен,PokeRamen,Марина Евгеньевна,2023-01-14,4,"
Место хорошее. И все блюда, что пробовала твердая 4,5-5 баллов. 
Но Том Ям - совсем не Том Ям.
Нет остроты, нет той изюминки. 
Просто наваристый хороший «морской» суп.",,,Yandex Maps (JSON),yandex-poke-12.json
ПокеРамен,PokeRamen,Костя Сивков,2023-04-28,1,"Ужасное обслуживание, зачем говорить что ждать очереди 25-30 минут,если по итогу ждать приходится час на улице? Вы цифру 25 из головы берете? Если у вас такой большой наплыв посетителей, почему не делать как кафе в Москве, которые предупреждают посетителей, что после того как им принесут еду, им дают только 25 минут, потому что поток людей очень большой. Если вы хотите стать топовым местом Перми, то относитесь уважительно к своим посетителям, а пока что 1 бал и не больше .",,,Yandex Maps (JSON),yandex-poke-12.json
ПокеРамен,PokeRamen,Данил Шатуленко,2025-09-26,5,"Кухня супер! Ребята, расширяйтесь, что бы можно было бронировать столы. ",,,Yandex Maps (JSON),yandex-poke-12.json
ПокеРамен,PokeRamen,Сергей Горбушин,2022-11-07,5,"Очень вкусно всё. Но я рекомендую Мидии в соусе блю чиз, том ям с морепродуктами, поке с лососем, ну и конечно фирменные моти)",,,Yandex Maps (JSON),yandex-poke-12.json
ПокеРамен,PokeRamen,Марина,2025-05-15,5,"Вкусно, поке, том ям и моти, только доставка не такая быстрая, как хотелось бы",,,Yandex Maps (JSON),yandex-poke-12.json
ПокеРамен,PokeRamen,Кирилл Ярыгин,2022-07-28,5,"Самый вкусный фо Бо и том ям в Перми . Быстрое обслуживание и приветливые официанты. Чтобы я изменил ? Так это Часы работы: с 12 открываются - по моему мнению поздновато , хотелось бы пораньше ",,,Yandex Maps (JSON),yandex-poke-12.json
ПокеРамен,PokeRamen,Адель Еникеев,2024-05-19,5,Очень вкусное и разнообразное меню. Излюбленное место всех любителей данной кухни,,,Yandex Maps (JSON),yandex-poke-12.json
ПокеРамен,PokeRamen,А чо,2024-06-06,1,"До сегодня, мне нравилось это место. Часто ходила, делала заказы. Но сегодня общение персонала отбило всякое желание приходить сюда. Сделала заказ, принесли, но не то блюдо, что я заказала. Мадам, старшая по залу, вместо того, чтоб извениться, и переделать, но или хотя бы разобраться, начала обвинять меня в том, что я не правильно сделала заказ и я сама виновата, в том, что принесли не то блюдо. Чувствую, такая старшая многому ""хорошему"" научит своих подчинённых. И да, ошибка официанта-практикант, это ошибка в первую очередь старшего, и обвинять молодёжь перед клиентом, вообще мерзость и пакость. ",,,Yandex Maps (JSON),yandex-poke-12.json
ПокеРамен,PokeRamen,Борис Дементьев,2025-10-25,5,"Быстро, вкусно. При отсутствии мест в зале выдают пейджер ожидания.",,,Yandex Maps (JSON),yandex-poke-12.json
ПокеРамен,PokeRamen,Екатерина Г.,2023-06-08,5,"ВкусноОооо! Лучший том-ям в Перми ✌🏼
Отмечу, что всегда приносят заказ быстро, вежливый, приветливый персонал. ",,,Yandex Maps (JSON),yandex-poke-12.json
ПокеРамен,PokeRamen,Владимир Филин,2025-04-16,5,"Очень вкусно, многолюдно, посадочных мест мало, готовят отлично! ",,,Yandex Maps (JSON),yandex-poke-12.json
ПокеРамен,PokeRamen,Алёна Карелина,2023-10-20,5,"Отличная кухня, покешки и моти просто божественны) Доброжелательный персонал. Буду возвращаться снова и снова🐱",,,Yandex Maps (JSON),yandex-poke-12.json
ПокеРамен,PokeRamen,Анна Л.,2023-06-02,5,"Это что-то невероятное! 😍 Обстановка, атмосфера, официанты, меню... Как не приду, всегда очередь, очень много желающих вкусно поесть. Атмосферное приятное заведение 😋",,,Yandex Maps (JSON),yandex-poke-12.json
ПокеРамен,PokeRamen,S S,2023-10-11,4,"Очень вкусный том ям,но места мало,полная загрузка в кафе.
Порадовал обширный выбор поке и супов,придем еще )",,,Yandex Maps (JSON),yandex-poke-12.json
ПокеРамен,PokeRamen,Алексей Кругляков,2025-07-21,2,Честно в Рамен важен бульон увы он водянистый ну и лапша переварена ,,,Yandex Maps (JSON),yandex-poke-12.json
ПокеРамен,PokeRamen,Станислава,2023-03-17,5,"Лучшие Поке и рамен в городе 🥰 
А Том Ям Рамен - просто пушка! Друзьям это заведение лучше не советовать, там и так всё время полный зал 😁",,,Yandex Maps (JSON),yandex-poke-12.json
ПокеРамен,PokeRamen,Татьяна Акимова,2023-02-08,4,"Креативно, вкусно для пробы новой кухни. Мест мало, приходиться ждать на улице, а у нас бывает холодно. Напоминает старую закусочную во времена СССР.",,,Yandex Maps (JSON),yandex-poke-12.json
ПокеРамен,PokeRamen,Анастасия Кандалина,2022-07-27,4,"Красивый интерьер , долгое ожидание места , суп принесли уже тёплым , не горячим. Фо бо достаточно вкусное 
Приятные официанты ",,,Yandex Maps (JSON),yandex-poke-12.json
ПокеРамен,PokeRamen,КОНСТАНТИН АЛЕКСЕЕВ,2024-03-05,5,"Атмосферное место , еда отличная , есть китайское пиво что для Перми большая редкость ! ",,,Yandex Maps (JSON),yandex-poke-12.json
ПокеРамен,PokeRamen,Артем Лядов,2023-07-21,5,"Очень экзотичная кухня, так сказать быстрое бистро, минусы только одни столы расположены  очень близко друг к другу и можно пообедать с незнакомцем или незнакомкой) хотя может и плюс)",,,Yandex Maps (JSON),yandex-poke-12.json
ПокеРамен,PokeRamen,Анна Крючкова,2021-10-31,5,"Очень круто, вкусно. Обстановка и интерьер хорошие, сотрудники тоже класс. 👍  заказывали поке, приготовили его быстро. И синий чай пушка.",,,Yandex Maps (JSON),yandex-poke-12.json
ПокеРамен,PokeRamen,di159,2022-07-30,5,"Обожаю это кафе. Всегда когда гуляю в этом районе, захожу поесть здесь. Интерьер уютный, персонал тоже вежливый. У любого блюда из меню, невероятный аромат и вкус. Если есть желание попробовать, сходите, не пожалеете. ",,,Yandex Maps (JSON),yandex-poke-12.json
ПокеРамен,PokeRamen,Михаил П.,2024-03-24,5,"Одно из любимых мест,где можно очень плотно поесть! Вкусовые качества и подача радуют! Скорость обслуживания высокая! Жалко,конечно,что заведение не расширяется. После 13.30 очень тяжело найти свободное место,поэтому лучше позвонить заранее и забронировать место",,,Yandex Maps (JSON),yandex-poke-12.json
ПокеРамен,PokeRamen,Инна,2024-04-22,5,"Пожалуй, тут самый вкусный Том ям из тех, что мне доводилось пробовать. Жаль только  свободные места в выходной здесь трудно найти",,,Yandex Maps (JSON),yandex-poke-12.json
ПокеРамен,PokeRamen,Вольфганг-Герман Удинов,2024-10-28,1,"Я все понимаю у вас там нет брони и прочее, но когда официантка мне говорит мы не можем вас пустить за столик для двоих так как туда очень сильно просились какие-то другие люди, и администратор мне сказала что вам нельзя туда так как туда попросились другие!! У вас там точно брони нет!!??
Администратора звали Марго, она максимально не доброжелательная, но мы туда поесть пришли, в итоге были вынуждены сидеть на проходной когда был свободен столик, но администратор Марго нарушает правило отсутствие брони!!!
К едем вопрос нет, а вот к вашему администратору вопросы есть и не один.
В связи с чем вынужден больше к вам не ходить, буду искать другое заведение азиатской кухни.
Спасибо Вам Марго за такой интересный опыт!!!",,,Yandex Maps (JSON),yandex-poke-12.json
ПокеРамен,PokeRamen,Анастасия Смирнова,2023-03-14,5,"Том ям наивкуснейший! И порция не маленькая)
Десерты воздушные и нежные со свежими фруктами внутри",,,Yandex Maps (JSON),yandex-poke-12.json
ПокеРамен,PokeRamen,Реклама PRO,2022-07-20,5,Формат чуфальни широкое меню вкусно но ряд блюд я бы не сказал что прям топ например том ям. А есть блюда на высоте например мидии в сырном соусе и моти. Из минусов цена чуть выше среднего и постоянно занято место приходится выжидать. ,,,Yandex Maps (JSON),yandex-poke-12.json
ПокеРамен,PokeRamen,Александр,2022-06-10,5,"Классное место чтоб поесть, особенно если рядом работаешь/живешь, готовят быстро и вкусно, не смотря на периоды высокой загрузки долго заказ ждать не придётся, тем более возможно заказать заранее и с собой, персонал всегда приятен и отзывчив ❤️",,,Yandex Maps (JSON),yandex-poke-12.json
ПокеРамен,PokeRamen,Степан П.,2024-03-04,3,Забежал в покешку покушать рамена. Суп вкусный но холодный градусов 60 .  04.03 19:50,,,Yandex Maps (JSON),yandex-poke-12.json
ПокеРамен,PokeRamen,Ольга Рачёва,2023-01-25,5,"Лучший том-ям здесь. И по объему, и по вкусу. Официанты заботливые котики. Хороший юмор и вкус у хозяев!",,,Yandex Maps (JSON),yandex-poke-12.json
ПокеРамен,PokeRamen,Васильев Дмитрий,2023-01-06,5,"Это просто уголок Азии в Перми, что то между Вьетнамом и Китаем порции огромные, персонал очень приветливо настроен, цены очень очень достойные. Советую ВСЕМ",,,Yandex Maps (JSON),yandex-poke-12.json
ПокеРамен,PokeRamen,Алексей,2021-10-22,5,"Очень вкусно, порции огромные.  Цены адекватные. Персонал любезный и вежливый.     Блюда приносят быстро. Интерьер приятный. Можно с домашними животными.",,,Yandex Maps (JSON),yandex-poke-12.json
ПокеРамен,PokeRamen,Татьяна,2024-02-12,5,"Просто божественное место, погружаешься в атмосферу полностью, еда, обслуживание все на высшем уровне💪💪💪",,,Yandex Maps (JSON),yandex-poke-12.json
ПокеРамен,PokeRamen,Лиза Ермилова,2021-10-12,5,"Самый вкусный том ям в городе🥰
Невероятно вкусная еда, крутая атмосфера
За музыку полнейший респект👌
Большие порции, приятный персонал
В общем, одно из самых любимых мест в городе",,,Yandex Maps (JSON),yandex-poke-12.json
ПокеРамен,PokeRamen,Ольга Гвылева,2024-05-12,5,"Больше пользуюсь доставкой
Довольно вкусно, супер вежливые сотрудники. 
Как зона роста, никогда нет свободных столиков.",,,Yandex Maps (JSON),yandex-poke-12.json
ПокеРамен,PokeRamen,Кирилл Танайцев,2024-04-02,5,"Отличная кухня. Лучше брать с собой. Чтоб посидеть в заведении лучше звонить заранее, если не хотите по 20 мин стоять у входа.",,,Yandex Maps (JSON),yandex-poke-12.json
ПокеРамен,PokeRamen,Юлия Филиппова,2023-10-16,5,"Для тех, кто любит азиатскую кухню, одно из лучших мест в городе, вкусные супчики, мидии, поке и моти",,,Yandex Maps (JSON),yandex-poke-12.json
ПокеРамен,PokeRamen,Алена,2023-11-16,5,"Шикарная еда!!!
Места мало, толкучка, суета, но подключайте воображение, это ж фастфуд, да ещё вы ж в Азии (стиль выдержан)",,,Yandex Maps (JSON),yandex-poke-12.json
ПокеРамен,PokeRamen,den4ik_marta,2023-01-02,5,"Всегда большие порции и вкусные блюда, прекрасное обслуживание, милые сотрудники, приятные бонусы ",,,Yandex Maps (JSON),yandex-poke-12.json
ПокеРамен,PokeRamen,Александра К.,2024-03-29,5,"Очень вкусно!
Заказывали на доставку, все качественно было упаковано, заказ был теплым
Спасибо большое!",,,Yandex Maps (JSON),yandex-poke-12.json
ПокеРамен,PokeRamen,Алексей Ш.,2024-03-27,2,"Первый вопрос официанта, когда заказываешь поке — ""вам на рисе или на зелени?""

Вопрос обескураживает, т.к. как поке может быть без риса? Говоришь ""рис"", а потом доходит что таким приемом тебя только что лишили зелени, которая ну по любому должна быть в поке. При этом риса жахнули в 3 раза больше.

Рыбы мало. Ингридиенты в поке лосьсь и тунец оказались абсолютно разные. В меню наверное написано, но написано мелко, не контрастно, на блестящей заламинированной странице без иллюстрации.

Место переоценено, не советую.",,,Yandex Maps (JSON),yandex-poke-12.json
ПокеРамен,PokeRamen,Андрей К,2022-01-08,5,"Топовое кафе .
Атмосфера динамика и жизнь.
Классный персонал.
Чистая открытая кухня.
Очень вкусные блюда.
Самый лучший том Ям я попробовал здесь",,,Yandex Maps (JSON),yandex-poke-12.json
ПокеРамен,PokeRamen,Екатерина Малыгина,2024-03-11,5,"Место очень атмосферное, сотрудники внимательные и заботливые, блюда приготовленные в этом заведении это просто сказка, Том-ям с морепродуктами потпясающий, не первый раз там были и очень хочется вернуться ❤️❤️❤️",,,Yandex Maps (JSON),yandex-poke-5.json
ПокеРамен,PokeRamen,Илья Уарабей,2025-09-13,2,"Что-то разочаровали нынче. На доставке. Рис пережаренный до горечи, том ям - один бульон без начинки. Вроде бы в прошлые разы всегда было хорошо. ",,,Yandex Maps (JSON),yandex-poke-5.json
ПокеРамен,PokeRamen,Den Pol,2024-02-27,5,"Моти тут готовят просто объедение! Том ям тоже понравился, порции довольно большие. Дети если поке с лососем, им понравилось. Правда маловато места, и  с учётом популярности заведения пришлось ожидать свободных мест 15 минут.",,,Yandex Maps (JSON),yandex-poke-5.json
ПокеРамен,PokeRamen,Максим П.,2025-06-02,5,"Не был никогда поклонником японской культуры и кухни, но не могу не отметить, что готовят здесь очень вкусно ",,,Yandex Maps (JSON),yandex-poke-5.json
ПокеРамен,PokeRamen,Александр Дружинин,2024-02-03,5,"Суперское заведение, очень уютная атмосфера, прекрасная кухня. Все потрясающе вкусно! Персонал вежливый и очень шустрый! Ценник адекватный и порции огромные!",,,Yandex Maps (JSON),yandex-poke-5.json
ПокеРамен,PokeRamen,Alena A.,2024-08-12,5,"Просто лучшие в своём деле! Меню, обслуживание, персонал - всё супер. Помещение бы чуть побольше - цены бы не было, но и так хорошо, камерно и уютно",,,Yandex Maps (JSON),yandex-poke-5.json
ПокеРамен,PokeRamen,Наталья Котова,2024-07-18,5,"Все очень вкусно, выбор большой и порции большие,,,, помещение бы  побольше, а то иногда погодные условия не позволяют ожидать на улице",,,Yandex Maps (JSON),yandex-poke-5.json
ПокеРамен,PokeRamen,Гена Лапшин,2025-03-28,5,"Переодически кушаю тут том ям , очень нравится.  Почему переодически? Гастрит говорит , что я делаю не то, но очень нравится и вкусно , в общем кушаю лечусь и снова кушаю ",,,Yandex Maps (JSON),yandex-poke-5.json
ПокеРамен,PokeRamen,Black Angus,2024-02-03,5,"Удачно заглянул на бранч в момент короткого путешествия. Маленький кусочек гостеприимной Азии в Перми. Приветливый персонал, вкусные рамен и фо. Теперь обязательное место к посещению будучи снова в Перми 🫶",,,Yandex Maps (JSON),yandex-poke-5.json
ПокеРамен,PokeRamen,Реутов Владимир,2024-01-10,5,"Это место в полной мере утолило все потребности моих вкусовых сосочков, открыло для меня новый вид лимонада и всю остроту том яма. Добрый персонал и сплоченный коллектив. За долгое ожидание предложили вкусный десерт",,,Yandex Maps (JSON),yandex-poke-5.json
ПокеРамен,PokeRamen,Sofia New Me,2024-05-22,5,"Самый вкусный том ям в городе 🙈 да простят меня остальные кафе, но для меня это действительно так. 
Единственный минус - оч частно нет мест ((( но это лишь показатель качества 🤌🏼

Когда вкусно - тогда вкусно. 

",,,Yandex Maps (JSON),yandex-poke-5.json
ПокеРамен,PokeRamen,Наталья Дроздик,2024-02-25,4,"Еда вкусная, порции большие, обслуживают при полной посадке быстро,официанты вежливые. Единственный минус-маленький рейл,на который вешают верхнюю одежду,в остальном все отлично) ",,,Yandex Maps (JSON),yandex-poke-5.json
ПокеРамен,PokeRamen,Андрей Т.,2024-05-26,5,"Прикольное место, своя атмосфера, очень дружелюбный персонал, огромные порции, вкусный том ям. ",,,Yandex Maps (JSON),yandex-poke-5.json
ПокеРамен,PokeRamen,Вей Усянь,2024-03-29,5,"Заведение самое прекрасное! Была там не раз, в основном с родителями. Сырные палочки и рамен рекомендую всем. Приняли заказ очень быстро и так же быстро приготовили. Персонал хороший, атмосфера приятная.",,,Yandex Maps (JSON),yandex-poke-5.json
ПокеРамен,PokeRamen,Evgenyi Shamilov,2025-01-11,1,"Сырный рамен больше похож на воду с кусочками дешёвой колбасы и бекона и ломтика плавленного сыра. Подали ниже комнатной температуры. Есть можно при условии что вам надоел Доширак, хотя он в разы вкуснее. Димсамы с уткой съедобные, хотя бы их я доел, повезло что их подали тёплыми. Из всего понравился только чай",,,Yandex Maps (JSON),yandex-poke-5.json
ПокеРамен,PokeRamen,Eugene Petrosyan,2025-04-13,5,"Боже, это фантастика! 😍 
Попадание 10 из 10. Я такого не ожидал, был там впервые, понравились все 4 блюда из заказанных, классный формат заведения. Когда в следующий раз посещу Пермь, обязательно зайду сюда😁
Рекомендую 🔥🔥🔥",,,Yandex Maps (JSON),yandex-poke-5.json
ПокеРамен,PokeRamen,наталья уланова,2023-12-23,5,"Люблю это заведение за вкусную еду, большие порции и позитивную атмосферу! У этого заведения всегда много гостей, всегда есть желающие насладится блюдами паназиатской кухни! Молодцы! Доставка тоже работает 😀Так держать )",,,Yandex Maps (JSON),yandex-poke-5.json
ПокеРамен,PokeRamen,Виктория Ш.,2024-03-22,4,"Заведение крутое, раньше очень любила том ям/том кха и в кафе, и в доставке. Нет, не так! Это был самый вкусный том ям!! Но последние два раза не понимаю, что произошло… Том кха был пересолен недели две назад. Сейчас я ем невкусный заветренный или недоваренный рис с том ям, в котором порезаны тоненько креветки и нет мидий (про мидии меня предупредили - персонал работает прекрасно), но все равно это уже не тот том ям…жаль",,,Yandex Maps (JSON),yandex-poke-5.json
ПокеРамен,PokeRamen,Алекс,2025-05-19,5,"приятная атмосфера, вежливые и улыбчивые сотрудники, вкусная еда, большие порции, обязательно вернемся ещё ",,,Yandex Maps (JSON),yandex-poke-5.json
ПокеРамен,PokeRamen,Василий,2025-03-19,5,"Отличная атмосфера, наивкуснейшая еда. Особенно атмосферно в летнее время, когда работает летник. Одно из лучших заведений азиатской кухни, которые я посещал!",,,Yandex Maps (JSON),yandex-poke-5.json
ПокеРамен,PokeRamen,Ксения,2023-11-19,5,"Красиво, вкусно,  Азиатская кухня в самое срдечко. Есть традиционно очень острые блюда, есть не острые, большое меню. Очень атмосферное место. Позиционируют себя как кафе-бистро, нет бронирования, персонал хорошие и внимательные) Всем советую!",,,Yandex Maps (JSON),yandex-poke-5.json
ПокеРамен,PokeRamen,Алексей Тюрин,2024-09-22,5,Место просто отвал бошки) и атмосфера и вкус блюд и скорость подачи и обслуживание все на высшем уровне!!! ,,,Yandex Maps (JSON),yandex-poke-5.json
ПокеРамен,PokeRamen,Илья Ф.,2024-04-19,5,"Лучшие в городе Азиатское кафе! Всегда все свежее, большой выбор блюд. Порции огромные. Отличный бизнесс ланч! Из минусов это суперпопулярное место, поэтому часто бывает очередь на вход. В летнее время, площадь увеличивается за счет летника.",,,Yandex Maps (JSON),yandex-poke-5.json
ПокеРамен,PokeRamen,татьяна б.,2025-04-19,5,"Это шедевр . рамен улет . пельмешки с крабом тоже . ели много где , но тут 10/10!!! Единственное рамен был тёплый , а не горячий ",,,Yandex Maps (JSON),yandex-poke-5.json
ПокеРамен,PokeRamen,Вера,2024-06-04,5,"Обожаю это кафе, очень все вкусно 😋, вежливый персонал, обслуживание на высоте, всегда всё подскажут и цены норм, рекомендую.",,,Yandex Maps (JSON),yandex-poke-5.json
ПокеРамен,PokeRamen,Ольга,2024-06-04,4,"Атмосферно, красиво, вкусно. Оценку снизила за изменения в рецепте любимого том яма... Убрали мидии, добавили белую рыбу (",,,Yandex Maps (JSON),yandex-poke-5.json
ПокеРамен,PokeRamen,Елена Ч.,2024-01-25,5,"Единственный минус - маленькое, тесное помещение и суета в кафе.
При этом красивое оформление и в кафе и во дворе.
Мне понравилась тем, что еда готовится быстро и при этом ооочень вкусная❤️
Рекомендую!",,,Yandex Maps (JSON),yandex-poke-5.json
ПокеРамен,PokeRamen,Марина Ермолаева,2023-03-07,5,"Просто любовь навсегда❤️🍜
Самые вкусные супчики и поке. 
Пиво и сырные палочки супер. 
Десерты тоже. 
Вкусняшки шабаке при доставке или благотворительность ❤️‍🔥
Не люблю острое, но ваше острое даже мне нравится. 

Часто очереди на столик есть, причем в любое время, это и понятно. 
Заказываем вкусное домой и жертвуем атмосферой, но зато вкусно едим 😁

Однозначно рекомендуем.",,,Yandex Maps (JSON),yandex-poke-5.json
ПокеРамен,PokeRamen,Илья Неприятель,2024-08-05,5,"Отличное место, всем советую ! Очень вкусная еда , выносят быстро и приветливый ресторан . Обязательно для посещения",,,Yandex Maps (JSON),yandex-poke-5.json
ПокеРамен,PokeRamen,Илья Шевченко,2024-12-17,5,"Попробовал кухню данного заведения, был просто в восторге от вкуса! Качество сервиса и внешнего вида заведения не может не радовать, буду приходить ещё, всё супер!",,,Yandex Maps (JSON),yandex-poke-5.json
ПокеРамен,PokeRamen,Владимир Татарович,2023-02-01,5,"Отличное место. Очень удобное расположение, несмотря на центр города, само кафе находится в чистом, ярко и приятно оформленном переулке. Открытая кухня. Отличный и вежливый персонал. Цены не бюджетные, но и не караул. Блюда приносят быстро. Всегда чувствуется внимание и забота со стороны работников. Могу смело рекомендовать к посещению без всяких НО. Спасибо.",,,Yandex Maps (JSON),yandex-poke-5.json
ПокеРамен,PokeRamen,Андрей Тарасов,2025-03-17,5,"Неплохое место, которое передаёт калорит азиатской кухни. Отличный приветливый персонал. В выходные очень много людей.",,,Yandex Maps (JSON),yandex-poke-5.json
ПокеРамен,PokeRamen,Александр М.,2024-08-18,5,"Все супер!!! Супы все очень вкусные, десерты тоже. Из вторых с рисом не очень зашел чесночный рис с морепродуктами, но это дело вкуса. Рекомендую!",,,Yandex Maps (JSON),yandex-poke-5.json
ПокеРамен,PokeRamen,Елизавета Блинова,2024-04-24,5,"Друзья дорогие хорошие. К качеству и вкусу блюд претензий нет, 10/10 как всегда. Но 24 апреля заказывала поке с лососем, авокадо было настолько твердое, что аж хрустело. На что мне ответили, что не сезон. Но в других заведениях или в магазинах (часто встречаемое авокадо Хасс) почему-то нет такой проблемы, можно же дозреть, искупать в кипятке в конце концов, чтобы не были дубовыми. Или не класть в блюдо совсем. Лучше никакого авокадо, чем жевать камень :(",,,Yandex Maps (JSON),yandex-poke-5.json
ПокеРамен,PokeRamen,Антон Тишков,2023-09-26,5,"Заходили несколько раз, рамен, том ям, пельмешки и вареники класс, очень понравились. Обстановка уютная, всë красиво и чисто, цены радуют. Персонал гостеприимный и вежливый, вкус всех блюд что я уже перечислил ранее заставляет приходить сюда снова. Отличное место, рекомендую заглянуть. ",,,Yandex Maps (JSON),yandex-poke-5.json
ПокеРамен,PokeRamen,Александра Бабушкина,2024-11-06,5,Вкусная еда большие порции. Если любите ащиацк еду Вам сюда. Мне очень понравился рамен сливочный с подавленным лососем.,,,Yandex Maps (JSON),yandex-poke-5.json
ПокеРамен,PokeRamen,Алёна Борозняк,2024-07-16,5,"Всё очень вкусно, все понравилось, наелись на год вперед. Хочется выделить официанта Сергея, всё показал, объяснил и вообще нам понравился. Обязательно заходите сюда☺",,,Yandex Maps (JSON),yandex-poke-5.json
ПокеРамен,PokeRamen,Татьяна С.,2023-11-23,5,"Влюбилась в это заведение с первого посещения! Вкусно, быстро, очень приятные официанты, обалденный интерьер, атмосфера как в настоящей китайской уличной кафешке",,,Yandex Maps (JSON),yandex-poke-5.json
ПокеРамен,PokeRamen,Карина,2024-04-07,3,"Поке очень вкусное, но катастрофически мало места(  
Плотный клиентопоток,но заведение буквально 2×2, почему нельзя арендовать более просторное помещение, где будут все помещаться,а не стоять на улице и ждать свой заказ и есть на улице🥲 при этом даже летнюю площадку не открывают😭 
",,,Yandex Maps (JSON),yandex-poke-5.json
ПокеРамен,PokeRamen,Victoria,2023-03-28,5,"Впервые побывали здесь в воскресенье вечером. Ждали столик минут 40, на улице, нам предложили горячий чай, и это бесплатно) поток желающих сюда попасть плотный)) и это понятно: атмосферное заведение! Ооочень вкусный том-ям и поке! Цены хорошие! Официанты вежливые и быстрые! Открытая кухня! Нахлынули воспоминания о Таиланде)) Хочется вернуться!",,,Yandex Maps (JSON),yandex-poke-5.json
ПокеРамен,PokeRamen,Леся,2024-09-26,5,"Идеальное место для встречи с друзьями. Отличное меню, быстрый сервис и приятная атмосфера.",,,Yandex Maps (JSON),yandex-poke-5.json
ПокеРамен,PokeRamen,Igor Smolin,2023-11-26,5,"Вкусная кухня и приветливый персонал. Большой выбор блюд на любой вкус. Есть система ланчей по будням, что очень радует. Интересное атмосферное оформление. 
Из минусов- мало места в самом кафе(",,,Yandex Maps (JSON),yandex-poke-5.json
ПокеРамен,PokeRamen,Ксения,2023-11-04,2,"Сегодня столкнулись с очень неприятной ситуацией. Пришли вчетвером, нам сообщили, что ожидание ~50 минут. Согласились ждать, на улице дубак, безумно замерзли. Пока стояли, раньше нас заходили люди, которые пришли намного позже, только потому, что их двое. За столики, которые рассчитаны на четверых, садят двоих. Одна пара за таким столиком сидела все время, что мы стояли на улице + все время, что мы провели в кафе, тупо попивая чай. Еще двое зашли без очереди, потому что уговорили администратора. В итоге мы простояли на улице 1,5!!!! часа, и смогли сесть только потому, что подошли к администратору и откровенно стали  возмущаться. Кажется, заведение беспокоится о деньгах, а не о посетителях, раз не могут нормально организовать очередь. 
И еще - обращение официанта «ребятки» к 50-летней женщине выбило из колеи. 
По еде: том ям  и моти традиционно вкусные, сырный рамен отдает дешевым американским плавленым сыром, напоминает дошик. 
Очень разочарованы. ",,,Yandex Maps (JSON),yandex-poke-5.json
ПокеРамен,PokeRamen,Анастасия,2023-06-15,4,"Большие порции, вкусно, но без супергастрономических изысков. Из минусов - ооочень маленькое помещение, всегда многолюдно. Мне не очень уютно сидеть плечом к плечу с незнакомыми людьми. И еще красное освещение, это понятно азиатский стиль, но при таком свете сложно разглядеть, что находится у тебя в тарелке... и цвет агрессивный.
Официанты шустрые, дружелюбные, интерьер с юмором, различные фразочки поднимают настроение. Но с толкучкой в кафе нужно что-то решать.",,,Yandex Maps (JSON),yandex-poke-5.json
ПокеРамен,PokeRamen,D Master,2024-08-25,5,"Супер заведение, теперь это моё любимое. Цены средние,  но оно того стоит. Порции большие. Очень вкусно,  рекомендую! ",,,Yandex Maps (JSON),yandex-poke-5.json
ПокеРамен,PokeRamen,Мария Закирова,2023-02-14,5,"Вкусно, интересный формат заведения, приближен к традициям национальной кухни, народу много, но почти всегда есть место, возможно, за барной стойкой, но вам его найдут) по еде! Вкусно, супчики неплохие, но мне порекомендовали там именно моти, они очень средненькие, на мой взгляд 🤷‍♀️ но по размеру больше, чем везде и цена приемлемая",,,Yandex Maps (JSON),yandex-poke-5.json
ПокеРамен,PokeRamen,Юлия С.,2025-01-16,5,Отличная кухня! И очень большой поток ее желающих. Готовят достаточно быстро. Разнообразное меню,,,Yandex Maps (JSON),yandex-poke-5.json
ПокеРамен,PokeRamen,Яков Никитин,2024-11-15,2,"Сервис в заведении не клиентоориентирован, были в заведении два раза, оба раза возникали недопонимания с персоналом, лапша для Раменов не очень подходит для них, слишком мягкой консистенции, но голубой Моти честно 10 из 10 ",,,Yandex Maps (JSON),yandex-poke-5.json
ПокеРамен,PokeRamen,Лилия А.,2023-11-08,5,"Очень вкусное заведение. Не нравится что мидии в блюдах прямо с раковинами подают в блюдах, но понимаю что это во благо аутентичности (однако раковины иногда отказываются и очень страшно сломать зуб). В остальном очень вкусно! Беру том ям даже зная, что на кону мои зубы :) ",,,Yandex Maps (JSON),yandex-poke-5.json
ПокеРамен,PokeRamen,Полина Е.,2024-05-03,5,"Прекрасное место с замечательным персоналом, очень вкусная еда и вежливые и приятные официантки
Буду ходить очень часто",,,Yandex Maps (JSON),yandex-poke-5.json
ПокеРамен,PokeRamen,Ирина Петру,2023-07-14,5,"Прекрасное место, интерьер и меню сделано с душой. Видно, что все работники любят это место и свою работу. Ооочень вкусно, особенно красное моти ❤️
Самая вкусная азиатская еда из когда-то пробованных",,,Yandex Maps (JSON),yandex-poke-9.json
ПокеРамен,PokeRamen,Александр,2025-05-06,4,"Сырный разочаровал, и по размеру порций раньше больше по ощущениям были...",,,Yandex Maps (JSON),yandex-poke-9.json
ПокеРамен,PokeRamen,юлия баранова,2023-02-06,5,"Очень хорошее атмосферное место!
 Просто сходите и убедитесь в этом сами!!!!
Вкусно, быстро, цены адекватные!
Десерты бомба! Том Ям наивкуснейший!",,,Yandex Maps (JSON),yandex-poke-9.json
ПокеРамен,PokeRamen,Гареев Константин,2023-05-30,5,"Самые вкусные моти тут. Часто хожу. Большие порции, вкусная еда. Не удивительно, что тут всегда полная посадка и нужно немного подождать свою очередь.",,,Yandex Maps (JSON),yandex-poke-9.json
ПокеРамен,PokeRamen,Татьяна Д.,2023-03-25,5,"Отличное место, вкусно покушать и провести время. Народу много, это говорит о том что вкусно и востребованность) я очень довольна отличным выбором , местом расположения и обслуживание 👍👍👍",,,Yandex Maps (JSON),yandex-poke-9.json
ПокеРамен,PokeRamen,Халил Сангинов,2025-02-25,5,"ПокеРамен, спасибо что ты есть)
Очень вкусно сытно атмосфера завораживает. Спасибо всем работникам за их труд!",,,Yandex Maps (JSON),yandex-poke-9.json
ПокеРамен,PokeRamen,Прохорко Ярослав,2024-03-11,5,"Невероятный ресторан, очень вкусная  еда, большие порции, средняя цена. Особенно понравились лимонады и моти!! ",,,Yandex Maps (JSON),yandex-poke-9.json
ПокеРамен,PokeRamen,Анастасия Кусакина,2024-04-13,5,"Одно из моих любимых заведений в Перми! Супер вкусно, адекватные цены, классное оформление зала, официанты просто душки))) Единственное НО - очень мало места( но звезду убирать не буду ",,,Yandex Maps (JSON),yandex-poke-9.json
ПокеРамен,PokeRamen,Kenan Rustamov,2024-04-03,5,"Из плюсов: атмосфера, оформление, персонал, качество еды. Из минусов: большие порции, прям еле осилил. Хотя наверное это для кого-то может и плюс) ",,,Yandex Maps (JSON),yandex-poke-9.json
ПокеРамен,PokeRamen,Владимир,2023-07-24,5,"Очень приятное и атмосферное заведение, всегда полная посадка, открытая кухня, вежливый персонал быстрая подача, вкусная еда и большие порции всё очень понравилось",,,Yandex Maps (JSON),yandex-poke-9.json
ПокеРамен,PokeRamen,Александр С.,2024-01-26,1,"Блюдо максимально не соответствует названию ""Рамен"" за 20-30 минут доставки лапша превратилась в разваренную макфу, а главный ингредиент рамена это ЛАПША,  странные сочетания острых огурцов ким чи и соленых помидоров в рамене ну омг кто это придумал.
Анлак 0/10 ",,,Yandex Maps (JSON),yandex-poke-9.json
ПокеРамен,PokeRamen,Дмитрий П,2023-10-28,5,"вкусно и хорошо, азиатская кухня - концепция  соблюдена и в оформлении, чисто, аккуратно, персонал внимательный, места только немного для такого ажиотажа",,,Yandex Maps (JSON),yandex-poke-9.json
ПокеРамен,PokeRamen,Даша Бывальцева,2023-07-25,4,"Очень люблю данное заведение. Поке на уровне, но зачастую вечером поесть нереально. Места все время заняты. Иногда блюда запаздывают, так как официанты теряются в количестве клиентов",,,Yandex Maps (JSON),yandex-poke-9.json
ПокеРамен,PokeRamen,Екатерина Мишталь,2022-06-26,5,"Не знаю, каким должен быть ""настоящий"" том ям, но для меня он тут самый вкусный из тех, что я пробовала. Достойная порция, где достаточно овощей и морепродуктов, по адекватной цене. 
Не все остальные супы нравятся также сильно, но у всех разные вкусы. 

Также очень нравится жареный рис и моти.
Покэ раньше нравились больше, в последнее время редко заходят)

Атмосфера достаточно приятная. Но из-за большой популярности, всегда очень многолюдно, поэтому не всем будет уютно, особенно за общим столом. ",,,Yandex Maps (JSON),yandex-poke-9.json
ПокеРамен,PokeRamen,Evg,2023-05-17,5,"Место пользуется большой популярносью, почти всегода приходится ждать, чтобы сечть за столик. Специфичная рассадка, всего 2 столика где можно сесть вчетвером, остальные столы общие. Блюда вкусные, все очень калоритно выглядить.",,,Yandex Maps (JSON),yandex-poke-9.json
ПокеРамен,PokeRamen,Злата Д.,2023-09-05,5,"Вообще вкусняшка, топт-топ!!!) 
Всё понравилось, хорошее обслуживание, достаточно быстро приготавливается, еда просто вкусняшка, атмосфера немаловажная вещь, свет довольно-таки приятный в помещении. Один словом хорошо",,,Yandex Maps (JSON),yandex-poke-9.json
ПокеРамен,PokeRamen,Наира Ш.,2024-07-15,5,"Ожидание того стоит, вкусно, адекватно по цене, приятный персонал

😊👍рекомендую
",,,Yandex Maps (JSON),yandex-poke-9.json
ПокеРамен,PokeRamen,Рудольф Ямалтдинов,2023-08-02,5,"Классное место. Уютно и аутентично. 
Позитивные профессиональные официанты. 
Понравилось что есть летник. 
Еда вкусная и быстро готовится.  Приду ещё раз.",,,Yandex Maps (JSON),yandex-poke-9.json
ПокеРамен,PokeRamen,Полина Лазеева,2022-07-02,5,"Очень классное место! Приятный персонал, обширное меню, притягательная атмосфера и интерьер, цены соответствует блюдам. Советую к посещению каждому любителю интересной кухни. На фото дневной ланч. По будням с 12 до 16 часов 390₽ за большую порцию поке и рамена. Время ожидания - 10 минут.",,,Yandex Maps (JSON),yandex-poke-9.json
ПокеРамен,PokeRamen,Татьяна Абдулова,2024-03-11,4,"У вас повар сменился? Вчера сделали заказ на дом. Том Ям уже не тот, что раньше. И к роллам привезли имбирь, что-то мы побоялись его есть. Он уже уставший и подсох",,,Yandex Maps (JSON),yandex-poke-9.json
ПокеРамен,PokeRamen,Ева Лисеенкова,2023-01-11,5,"Это просто космос!!! Самый вкусный Том Ям в Перми, вкуснейший Поке. Классное оформление. Все просто супер!!! Редко оставляю отзывы, но про это заведение просто грех не написать",,,Yandex Maps (JSON),yandex-poke-9.json
ПокеРамен,PokeRamen,мария Суровцева,2023-08-30,3,"Семьёй посетили данное заведение 6 августа. 
Не повезло видимо со сменой поваров, дочь заказала поке с камчатским крабом, что только нам там не попалось в одной порции: камень, шелуха, мотки чего то твердого. Официантку пригласили, показали, сказала работаю недавно не знаю что делать. Вывод однозначный больше не пойдём.",,,Yandex Maps (JSON),yandex-poke-9.json
ПокеРамен,PokeRamen,Агния,2023-07-15,2,"Красиво придумано, сделан интерьер, имеется фишка. Понравился десерт-котик с рыбами. 
Персонал клиентоориентированный, доброжелательный, веселый. По ценам не знаю, дорого или дешево для Перми. Для Москвы дешево
На этом для меня плюсы заканчиваются. 
Минусы (для зажравшегося)
-красные лампы + меню с красными буквами, совсем нечитаемо
-оооочень много людей, даже в будний день. Будут садить за узкий стол с людьми напротив. Удобно ли это? Нет. А еще я интроверт, мне вдвойне неудобнее. 
-том ям пробовала вкуснее, насыщеннее. Этот на 3 из 5 
-были завышенные ожидания из-за рассказов, советов, рекомендаций, поэтому расстроилась очень :(

Возможно, мне не повезло с поварами или я пришла поздно, когда все устали. Но что есть, то есть 

Upd: пришла на следующий день, чтобы дать «еще один шанс», сделать более объективную оценку. Взяла тот же десерт - котика. И комбо обед из супчика, поке. Десерт принесли… сильно отличающийся от вчерашнего. Безвкусный, плотный, твердый. В результате, поменяли на другого котика, при чем нормального, как я и запомнила на вкус. Но ощущения остались неприятные, что зависит от «везения» твой десерт. Обед посредственный. В общем, разочаровало меня это место  ",,,Yandex Maps (JSON),yandex-poke-9.json
ПокеРамен,PokeRamen,Милана М.,2023-08-08,3,"нас посадили за большой стол по разные стороны, чтоб разговаривать нужно орать, на просьбу пересадить за свободное место они отказались. Мне нельзя острое и я спросила заранее что острого есть в поке и попросила убрать, сказали только огурцы и принесли их отдельно, НО соус был тоже острый(спасибо, теперь у меня воспалился гастродуоденит:))заметила не сразу, но после даже не стала есть:) обманули) + поке был холодным 
",,,Yandex Maps (JSON),yandex-poke-9.json
ПокеРамен,PokeRamen,Лена,2025-09-01,5,"аутентичное место с вкусной кухней, обслуживание замечательное, отдельно хочется отметить официанта Ника, максимальный плюс вайбик! обязательно придем ещё! ",,,Yandex Maps (JSON),yandex-poke-9.json
ПокеРамен,PokeRamen,Руслан Горчаков,2023-06-11,5,"Очень атмосферное, вкусное и классное место, отдельное внимание к десертам, они очень креативные и невероятно вкусные. Если обратится к том яму, то он не особо острый, так что подойдёт почти что всем.",,,Yandex Maps (JSON),yandex-poke-9.json
ПокеРамен,PokeRamen,Светлана А.,2025-10-24,5,Очень вкусненько. Рекомендую. Сизеей просто фантастика. Таит во рту,,,Yandex Maps (JSON),yandex-poke-9.json
ПокеРамен,PokeRamen,Татьяна С.,2024-06-03,1,"Я не понимаю почему всем это заведение нравится, были 3 раза в нем каждый раз разочарование, последний раз ели поке , из двух видов не понравился ни один , Креветки безвкусные холодные 3шт разрезанные на пополам  для видимого объема  . Угорь в поке это спинка ( самая жирная невкусная и костлявая часть ) видимо другие хорошие части идут на другие блюда . Ожидание всегда +-20мин что бы зайти в перемещение. Цены я бы не сказала что маленькие , +100₽ к цене и можно поесть в ресторане не сидя за столом с другими людьми в маленьком помещении, и ожидая своей очереди. Обслуживание так же посредственное.",,,Yandex Maps (JSON),yandex-poke-9.json
ПокеРамен,PokeRamen,Юлия Дмитриевна,2023-09-08,1,"Взяла как всегда свой любимый тори пайтан рамен. Поменяли  лапшу на мелкую, домашнюю. На вкус это сильно повлияло, лапша пресная, переваренная, слипается вся лапша в воедино и неудобно есть. Бульон был тоже пресный, недосоленный. Также не было ростков сои. Раньше было лучше, с удовольствием ходила, а сейчас обычный свиной суп. Видимо буду брать другой супчик, надеюсь не разочаруюсь",,,Yandex Maps (JSON),yandex-poke-9.json
ПокеРамен,PokeRamen,Andrey By.,2023-07-06,5,"Очень рекомендую. Всё вкусно быстро и от души! Хоть с детьми иди, хоть с женой. Все останутся довольны. И по вкусу вкусно и по сути вкусно.",,,Yandex Maps (JSON),yandex-poke-9.json
ПокеРамен,PokeRamen,Alex Bond,2022-05-11,4,"Интерьер приятный. Уютно. Места внутри не много, но всем хватает.
Меню достаточное для выбора блюд. 
Но по качеству не знаю... 
Все в отзывах хвалят Том-Ям: он очень пресный (не острый как традиционный в Тайе) и креветки переваренные - от этого никакие по вкусу и резиновые. Ваш Том-Ям очень отдавал борщем (прошу прощение, но сравнение именно такое).
Рамен с морепродуктами больше похож на Молочный суп с макаронами (как в садике): креветки такие же безвкусные и резиновые. Сливок в Рамене очень много.
Вот что действительно было вкусно - это сырные палочки, но при этом соус к ним Вам принесут на выбор официанта, а не на Ваш. 
И Моти - десерт с клубникой-личи и второй с шоколадом. Вот этим действительно приятно удивили.
Оценка 4- или 3+ (надо подтянуть кухню).",,,Yandex Maps (JSON),yandex-poke-9.json
ПокеРамен,PokeRamen,Юрий В.,2024-02-14,2,"В заведении невозможно забронировать столик, вместо этого предлагают ждать освободившийся в живой очереди на морозе в -25 целый час. В который раз из-за этого не получается туда попасть.",,,Yandex Maps (JSON),yandex-poke-9.json
ПокеРамен,PokeRamen,Кристина Развозжаева,2022-06-14,5,"+здоровенные порции, неплохое наполнение;
+ланчи;
+быстрое обслуживание и подача-подходит для тех, кто хочет забежать, поесть и убежать;
+атмосфера азиатской забегаловки;
+поставили столики на улице. 
-ОЧЕНЬ сильно пахнешь едой после посещения;
-не подходит для посиделок, особенно во время ланча-полная посадка;
-креветки действительно резиновые, но я так понимаю, что это из-за того, что готовят сразу много и это стоит. 
В целом, именно такой формат ещë не видела в Перми, поэтому достаточно интересный опыт. ",,,Yandex Maps (JSON),yandex-poke-9.json
ПокеРамен,PokeRamen,Галина Гущина,2023-06-15,5,"Очень вкусная еда интересная, красивая подача блюд! Большие порции! Том-ям вообще просто обалденный! Очень внимательные и вежливые официанты!",,,Yandex Maps (JSON),yandex-poke-9.json
ПокеРамен,PokeRamen,Екатерина Л.,2023-09-10,5,Лучшее заведение из системы бысторго питания. Все блюда вкусные... мой ребёнок 9 лет прит всем разнообразии выбора всегда первым делом называет  Детям очень понравилось. Уютная атмосфера. Конечно такая еда зайдет не всем . Но нам понравилосьистемы быстрого питания. ,,,Yandex Maps (JSON),yandex-poke-9.json
ПокеРамен,PokeRamen,Юлия,2025-06-02,5,"Поке очень вкусный,санитария на высшем уровне ",,,Yandex Maps (JSON),yandex-poke-9.json
ПокеРамен,PokeRamen,katya,2022-08-05,5,"Здесь вкусно, да!
Том ям действительно неплохой, но, как мне кажется, ему не хватает пряности. То же самое с фо бо - суп ощущается больше как говяжий бульон. Поке нормик (памойму, раньше у поликека порции были больше). Лапша нормик, но для своей цены порции маловаты. В дим самах с лососем и ляляля кинза перебивает весь вкус. На красные моти готова тратить все свои копейки. Не знаю, что в них такого кладут, но они зашибись.
Обслуживание ок. Не ресторанное.
В целом, хорошая кафеха. Жаль, что стремительно дорожает.",,,Yandex Maps (JSON),yandex-poke-9.json
ПокеРамен,PokeRamen,Василий Трубачев,2023-06-08,5,Замечательное заведение. Вкуснейшие супы и поке. Так же моим тоже очень вкусные на десерт. Во время бизнес ланча так вообще очень приятный ценник. Всем советую к посещению :),,,Yandex Maps (JSON),yandex-poke-9.json
ПокеРамен,PokeRamen,Max V,2023-09-24,5,"Атмосфера - жесть! Очень колоритное место, в котором приятно, недорого и вкусно можно покушать. Улучшите время ожидания, чтобы люди не сидели, как мы час-полтора на лавках и я готов ходить к вам чаще. ",,,Yandex Maps (JSON),yandex-poke-9.json
ПокеРамен,PokeRamen,Александр Ф.,2023-11-24,5,"Вкусно, порция большая = полноценный ужин (или обед). Соотношение цена - качество отличное. Рекомендую место и это блюдо.",,,Yandex Maps (JSON),yandex-poke-9.json
ПокеРамен,PokeRamen,Екатерина Морозова,2024-11-26,5,"Это не просто хорошее место, это моя любовь. Очень вкусно. Единственное, не всегда есть возможность попасть, так как все столики заняты",,,Yandex Maps (JSON),yandex-poke-9.json
ПокеРамен,PokeRamen,Юлия С.,2024-10-28,5,"Люблю том ям, на мой взгляд он здесь самый вкусный в городе, но попасть иногда очень сложно, много людей.",,,Yandex Maps (JSON),yandex-poke-9.json
ПокеРамен,PokeRamen,Инкогнито 7950,2025-04-12,5,Классное заведение. Прикольный интерьер. Отличная кухня.,,,Yandex Maps (JSON),yandex-poke-9.json
ПокеРамен,PokeRamen,Serjey Snekov,2024-05-07,5,Сходил с девушкой в данное заведение . Классное уютное место антураж и кухня на 5+,,,Yandex Maps (JSON),yandex-poke-9.json
ПокеРамен,PokeRamen,Жмых Пожилой,2022-11-09,5,"Цены конечно кусаются, но оно того стоит. Персонал всегда на позитиве, помогут с выбором. Еда всегда на уровне. Очень радует возможность частично менять состав блюд.
За интерьер и атмосферу отдельные 10 из 5",,,Yandex Maps (JSON),yandex-poke-9.json
ПокеРамен,PokeRamen,Blinoff,2022-12-11,4,"Бомбические ВКУСЫ! Атмосфера и колорит Азии! Центр города! Шикарный бизнес ланч, в общем обязательно к посещению! Минус - стало нехватать мест, последний раз - декабрь 22 года, дали бирку-пейджер и предложили подождать на улице в -20 градусов!!!🤪",,,Yandex Maps (JSON),yandex-poke-9.json
ПокеРамен,PokeRamen,Евгений Фурин,2023-11-16,5,"Совсем не любитель такой кухни, но когда друзья уговорили сходить, совершенно не пожалел об этом. Все блюда очень вкусные.  Если уговорят еще раз, с удовольствием схожу еще.",,,Yandex Maps (JSON),yandex-poke-9.json
ПокеРамен,PokeRamen,Наталья,2025-10-04,4,"Вкусно как всегда, но пришлось ждать когда освободятся места",,,Yandex Maps (JSON),yandex-poke-9.json
ПокеРамен,PokeRamen,Соня Спектор,2024-03-29,5,"Плюсы: Вежливый и молодой персонал, в принципе всё быстро приносят. Поке с креветками и с риетом из лосося понравился , большая порция(не доела даже), креветки не резиновые,авокадо мягкое. Заказывала ещё чай и моти. Моти синий(голубика и взрывная карамель вроде) очень вкусный моти, стоит 160₽ вполне ок  за свою цену👏🏼целые ягодки голубики. 
Из минусов: приходится ждать во дворике на улице, мы ждали столик 25 минут примерно. В принципе когда ты с кем-то в компании можно прийти и подождать. Но если один, то как-то долго. Я прекрасно понимаю, что в заведении  ажиотаж и все хотят покушать, но надо с этим что-то делать)))",,,Yandex Maps (JSON),yandex-poke-9.json
ПокеРамен,PokeRamen,Любовь Тимофеева,2025-07-05,5,"супер вкусно, официанты замечательные а повара просто бомба",,,Yandex Maps (JSON),yandex-poke-9.json
ПокеРамен,PokeRamen,Диана Микова,2023-03-22,3,"Огромное количество людей, практически невозможно занять столик, прием пищи превращается в какое-то выживание среди кучи незнакомцев. Шумно, душно, тесно, неуютно.
Кухня прекрасна, оформление зала и территории рядом с рестораном - 10/10, однако общая атмосфера ""перенаселенности"" портит весь аппетит.",,,Yandex Maps (JSON),yandex-poke-8.json
ПокеРамен,PokeRamen,Ольга Носань,2025-03-04,2,"Траванулась пад таем
До этого был случай, что заказала мидии на дом и заболела из-за этого на 2 недели

Иногда везёт, иногда нет

Есть вопросы к ингредиентам и свежести ",,,Yandex Maps (JSON),yandex-poke-8.json
ПокеРамен,PokeRamen,Юрий Картунов,2023-08-07,5,"Уже не первый раз ужинаю в этом заведении. Мест всегда не хватает, что говорит о популярности заведения. За год чуть пересмотрели позиции в меню. И в целом стало отлично. 
К огурчикам- думал будут битые или хотя бы с чесноком- остринки им не зватает. А так- все супер. Том ям супер",,,Yandex Maps (JSON),yandex-poke-8.json
ПокеРамен,PokeRamen,Виктор Осетров,2024-04-05,1,"наплевательское отношение к клиентам, нас посадили (жена беременная, сын 2 года и я) на 2 высоких стула. а за стол отказали пересадить, который освободился после 3х минут, после того, как мы якобы сели. ..""ну вы же согласились на эти места, ребята, что вы хотите...."" в общим смысл таков: не хотите, уходите, у нас и без вас толпа стоит у входа. Похоже заведение умирает (судя по множеству отрицательных отзывов). Больше сюда не ногой. много кафе-альтернатив. Никому не рекомендую!",,,Yandex Maps (JSON),yandex-poke-8.json
ПокеРамен,PokeRamen,Антон,2025-04-10,2,"Пришли впервые и было крайне разочарованы, нас встретили, дали на выбор два места, одно за общим столом другое за малым столом, выбрали малый стол, потом нам сказали что за этот стол садятся гости, прикола я не понял. Мы ушли, спасибо за «отличный»",,,Yandex Maps (JSON),yandex-poke-8.json
ПокеРамен,PokeRamen,Марья Бакаева,2023-08-18,5,"Прекрасное место.Еда соответствует названию.Для любителей острого самое то.Объемы блюд очень большие,в тарелке остаётся еда даже у взрослых больших мужчин,так что голодными не останетесь 100%.Отношение персонала тоже прекрасное.Это место точно могу посоветовать для посещения.",,,Yandex Maps (JSON),yandex-poke-8.json
ПокеРамен,PokeRamen,Эдуард Курманаев,2023-06-10,4,"Оптимальное место для знакомства с паназиатской кухней. Есть летник, есть доставка, есть самовывоз, очень приветливые и позитивные ребята среди официантов, открытая кухня. Если вас тянет на Том Ям, но не можете улететь в Тайланд, приезжайте в ПокеРамен",,,Yandex Maps (JSON),yandex-poke-8.json
ПокеРамен,PokeRamen,Наталья Кандакова,2023-05-08,5,"Очень вкусно и сытно. Буквально одной порцией можно наесться, а так хочется много всего попробовать.

Прикольный интерьер, летом есть столики на улице.

Единственный минус - часто все места заняты, а заранее место забронировать нельзя ((",,,Yandex Maps (JSON),yandex-poke-8.json
ПокеРамен,PokeRamen,Дмитрий Бобров,2023-04-08,4,"Блюда понравились вкусно, необычно, своеобразно. Не понравилось лишь то что небольшое помещение и мало посадочных мест для посетителей, так же присутствует живая очередь людям что бы покушать приходится ожидать иногда и на улице, думаю это не совсем удобно. Вот если бы произошло расширение заведения то была бы прям пятёрка. ",,,Yandex Maps (JSON),yandex-poke-8.json
ПокеРамен,PokeRamen,Наталия Стретинских,2024-02-25,5,"Вкусная еда, быстрое обслуживание, креативное отношение к клиентам. Всегда улыбающиеся сотрудники и энергичная обстановка. Спасибо",,,Yandex Maps (JSON),yandex-poke-8.json
ПокеРамен,PokeRamen,Юлия Мантрова,2023-05-01,5,"Очень вкусно!!! Поке был просто божественный 🔥 и порции огромные, я еле доела))
За 450р можно взять один поке и быть сытым целый день)
Коллега мой брал том ям и тоже был в восторге
Еще лимонад естественного брожения прикольный, понравился)",,,Yandex Maps (JSON),yandex-poke-8.json
ПокеРамен,PokeRamen,Elena Sapozhnikova,2024-03-25,5,"Божечки кошечки ☺️ какое вкусное здесь поке!!! А том ям!?!? Проглотить язык и придёшь за добавкой! Если ни разу не пробовали поке с лососем - это однозначно самое лучшее место, где это стоит сделать!!!",,,Yandex Maps (JSON),yandex-poke-8.json
ПокеРамен,PokeRamen,Анастасия Сивцова,2023-05-15,5,"Очень крутое кафе, заказали сливочный рамен с лососем и лапшу собу с телятиной, вкус бесподобный, порции щедрые, нам с молодым человеком очень понравилось, пришлось подождать, но это того стоило",,,Yandex Maps (JSON),yandex-poke-8.json
ПокеРамен,PokeRamen,Евгений Томилин,2024-08-31,5,"Обслужили быстро, заказывал Том Ям, вкусно, но мне хватило остроты. Мне понравилось",,,Yandex Maps (JSON),yandex-poke-8.json
ПокеРамен,PokeRamen,Софья,2023-10-04,4,"Очередь есть всегда, но можно покачаться на качельке и посмотреть на мем котика. 
Поке: 10/10
Том ям с лапшой: 6/10, не остро и лапша твердовата 
Моти: 6/10, с грейпфрутом горько и просто неприятно, с клубникой средне, с личи и кокосовым кремом - невероятно вкусно! и еще кстати много теста 
фотка в разрыве прилагаю

И освещение для фоток не подходит",,,Yandex Maps (JSON),yandex-poke-8.json
ПокеРамен,PokeRamen,Vladislav Pekar,2024-01-28,5,"Любимое заведение в нашем городе , перепробовал уже все меню) к сожалению в последние разы том ям стал  хуже, грибы и поке тоже не порадовали, так как яйцо было далеко не пашот, но я надеюсь это было из за большой загруженности, и ребята уже исправились , в целом ставлю ему 10/10)",,,Yandex Maps (JSON),yandex-poke-8.json
ПокеРамен,PokeRamen,Антон Панкратовpank,2024-06-04,5,"Вкуснее чем сдесь том-ям не кто в Перми не готовит, вкусней только в Тайланде пробовал. Отличное, отмасферное кафе. Всем кто любит азиатскую кухню советую.",,,Yandex Maps (JSON),yandex-poke-8.json
ПокеРамен,PokeRamen,Наталья Привалова,2023-06-03,5,"Очень атмосферное местечко. Меню не большое, но достаточно разнообразное. Поке с крабом было на высоте. Обязательно вернусь попробовать что-нибудь ещё. Единственный минус - это ожидание посадочного места и ожидание приготовления блюда.",,,Yandex Maps (JSON),yandex-poke-8.json
ПокеРамен,PokeRamen,Alsou Val,2023-10-08,5,"Отличное уютное место, все очень вкусно, персонал приветливый, цены адекватные. Выгодный ланч. 
Разве что мало места, приходится ждать своей очереди, чтобы сесть. ",,,Yandex Maps (JSON),yandex-poke-8.json
ПокеРамен,PokeRamen,Ольга Макарова,2022-11-07,5,"Очень понравилось обслуживание. Официант была внимательна, вежлива и вообще оставила приятное впечатление. Брали Том Ям, вкусно, учли индивидуальные пожелания, приготовили быстро. Порции не маленькие. Атмосфера азиатского фастфуда)",,,Yandex Maps (JSON),yandex-poke-8.json
ПокеРамен,PokeRamen,Юлия Старикова,2025-06-10,5,"Не заходил сюда  больше года, но как всегда вкусно и атмосферно",,,Yandex Maps (JSON),yandex-poke-8.json
ПокеРамен,PokeRamen,Дмитрий Токарев,2025-03-21,5,"Все отлично,большие порций и очень вкусно
Главное туда попасть,а то народу там постоянно много ",,,Yandex Maps (JSON),yandex-poke-8.json
ПокеРамен,PokeRamen,Александр Занин,2023-12-10,5,"одно из лучших мест паназиатской кухни! том ям с морепродуктами, и поке с лососем, вкуснатищя!! и лапша с говядиной ваще зачет!!!",,,Yandex Maps (JSON),yandex-poke-8.json
ПокеРамен,PokeRamen,Анастасия Ардашева,2022-11-05,5,"Одно из лучших заведений Перми с паназиатской кухней! Вкусная еда, большое порции, дружелюбные официанты и повара, быстрое приготовление и все это за соответствующую цену! А ещё, здесь лучший моти😍",,,Yandex Maps (JSON),yandex-poke-8.json
ПокеРамен,PokeRamen,Julia Turbina,2023-11-01,1,"Не знаю чем популярно это место, для меня оно слишком переоценено.  Первый раз ела Том-Ям по совету знакомых, в других местах на много вкуснее и подача лучше. Дала второй шанс и пришла на ланч. Заказала  Фо Бо, кто был во Вьетнаме, тот знает как его подают и какой у него вкус. Чесночный рис с беконом - невозможно соленый. Маринованную капусту выдают как Кимчи, ощущение, что они даже никогда не пробовали традиционную капусту Кимчи. Возможно я отношусь очень предвзято из-за того,что прожила в Азии более 5 лет, и знаю их кухню от местной до той,что подают туристам. В этом же заведении кроме атмосферы и хорошего отношения персонала, я не увидела. Попсовое место для подростков,которые тащатся от аниме, дорам и BTS, и никогда не пробовали настоящую азиатскую еду.",,,Yandex Maps (JSON),yandex-poke-8.json
ПокеРамен,PokeRamen,Мария Дронова,2023-05-02,3,"Не поняла, в чем заключается весь хайп. Если кому-то прикольно ждать 20 минут, чтобы сесть или сидеть в помещении в тесноте - то отлично. Но в целом не могу сказать, что еда какая-то особенная. Пробовала Поке и Моти, средне. Не стоит это 20 минутного ожидания. Можно прийти, сфоткаться и пойти покушать в другое место. ",,,Yandex Maps (JSON),yandex-poke-8.json
ПокеРамен,PokeRamen,Serge Paschanin,2024-05-25,5,"Офигенно вкусно всё!  С семьёй были уже два раза, и придем ещё не раз. От моти все просто в диком восторге. Спасибо!",,,Yandex Maps (JSON),yandex-poke-8.json
ПокеРамен,PokeRamen,Дарья К.,2024-05-07,5,"Очень вкусно, но в связи с большим ажиотажем долго пришлось ждать очереди присесть и сделать заказ. Но, возможно, это такая фишка заведения",,,Yandex Maps (JSON),yandex-poke-8.json
ПокеРамен,PokeRamen,Ольга Рычкова,2023-08-08,5,"Вкусно, но не моя пища. Молодёжь пищит от вкусноты Поке и Том ям. Персонал очень доброжелательный. Время ожидания не долго. Очень понравился имбирный лимонад🍋💦, просто 💥",,,Yandex Maps (JSON),yandex-poke-8.json
ПокеРамен,PokeRamen,Дмитрий Дятленко,2023-01-04,5,"Наивкуснейшая азиатская еда на мой взгляд. Понравилось больше, чем в рислапше, от которой у меня каждый раз аллергическая реакция. Цены адекватные. Разнообразные варианты том ям и фо бо на любой вкус.
",,,Yandex Maps (JSON),yandex-poke-8.json
ПокеРамен,PokeRamen,Анатолий,2023-09-11,5,"Однозначно, одно из лучших мест азиатской кухни! Прикольная атмосфера, вкусная еда, что ни заказывал - всё понравилось. Услужливый персонал, за оформление отдельная звезда. Ребята, вам надо расширяться, со свободными местами - беда! Ну, тоже, кстати, показатель, что идёте в правильном направлении!",,,Yandex Maps (JSON),yandex-poke-8.json
ПокеРамен,PokeRamen,Ксюша Субботина-Килина,2024-05-03,4,"Первый раз было супер вкусно, второй растроились, в том ям небыло морепродуктов, один Кольмар и рыбы пару кусков",,,Yandex Maps (JSON),yandex-poke-8.json
ПокеРамен,PokeRamen,Николай Сидорок,2023-09-12,5,"Отличное место. За качество еды говорит постоянная очередь на посадку. Приезжая в командировку в Пермь, сразу еду сюда. Отличный том-ям, один из лучших что я пробовал по всей РФ. Порции огромные. Персонал вежливый.",,,Yandex Maps (JSON),yandex-poke-8.json
ПокеРамен,PokeRamen,SubRosa,2023-07-10,5,"Все очень понравилось! Классная атмосфера азиатского стрит фуда! Очень колоритно в нашем городе) Есть только пожелание к создателям - добавьте, пожалуйста, больше еды для вегетарианцев) 🎏🏮",,,Yandex Maps (JSON),yandex-poke-8.json
ПокеРамен,PokeRamen,Наталья Пономарева,2023-08-19,5,"Вкусно, большие порции, вежливый персонал. В летней части кафе предусмотрены пледы для гостей, если на улице прохладно. Место популярное, приходится ждать в очереди. Если время есть, то стоит того чтобы подождать.)",,,Yandex Maps (JSON),yandex-poke-8.json
ПокеРамен,PokeRamen,ekaterina poluyanova,2023-11-11,5,"Вкусное место, порции большие, морепродуктов мнооого, рецепты все с душой придуманы, идеально от и до , давайте расширяетесь))))",,,Yandex Maps (JSON),yandex-poke-8.json
ПокеРамен,PokeRamen,Альбина К,2023-11-08,5,"Это бомба кафе, много не заказывайте))) все иначе не съесть)), порции большие . На посиделки долгие кафе не расчитано- поел и вышел. Вкусно и не дорого",,,Yandex Maps (JSON),yandex-poke-8.json
ПокеРамен,PokeRamen,Galina Smirnova,2023-10-17,5,"Что можно сказать про жто заведение? Что ребята просто молодцы. Креатив+вкусная кухня + уютный дворик=никогда не попасть на обед. Но я прорываюсь иногда. Мне пока всё нравится, хотя пробовала процентов 30% меню, ещё бывают сезонные специалитеты. Тут уж надо успевать. Очень хочется надеяться, что ребят надолго хватит. А не как обычно у нас бывает. Кстати мне тут москвич один скидывал обзор другого москвича, в обзор ПокеРамен попал и гость остался доволен. Вобщем хватит хвалебных слов, а то совсем на обед не попасть будет..",,,Yandex Maps (JSON),yandex-poke-8.json
ПокеРамен,PokeRamen,Елизавета Н.,2024-06-28,1,"Очень любили это заведение, всегда было вкусно. Но сегодня видимо что-то пошло не так. Заказали том ям рамен и том ям с морепродуктами. Супы принесли холодные и бульон горчил. К нам долгое время никто не подходил, мы решили подойти сами и сказали об этом девушке, которая стоит за стойкой на летнике, она развела руками, (имея ввиду что я могу сделать) не предложила заменить блюдо и даже банально подогреть, приняла оплату и продолжила заниматься своими делами. Официантке явно не было дела до нас, воды попросили - не принесла, быстро отдала блюда и испарилась. Видимо кафе получило премию 59.ru  и расслабилось. ",,,Yandex Maps (JSON),yandex-poke-8.json
ПокеРамен,PokeRamen,Вита Белка,2023-04-08,4,"Клевая атмосферная кафешка для быстро/вкусно! Но есть одно но - если нет какого-либо ингредиента, то блюдо подают без него, хотя можно бы и предупредить заранее (фо бо был без ростков бобовых). На доставке пирожное Моти было со вкусом том ям 🤔 вероятно повар до моти собирал суп и не вымыл руки... Ребят, вы клевые, но поработайте над небольшими недочётами.",,,Yandex Maps (JSON),yandex-poke-8.json
ПокеРамен,PokeRamen,Ирина,2023-10-10,5,"Отличное заведение. Быстрое обслуживание. Вкусные ланчи. В первый раз было сложно найти 😊 Мало места в зале, приходится заказывать доставку, т. к. все очень вкусно и не хочется заказывать в другом кафе. Рекомендую!",,,Yandex Maps (JSON),yandex-poke-8.json
ПокеРамен,PokeRamen,Анна Новик,2023-08-31,5,"Самый вкусный суп том Ян, из всех, что я пробовала, в меру острый, быстрое обслуживание, интересный интерьер, обязательно приду еще",,,Yandex Maps (JSON),yandex-poke-8.json
ПокеРамен,PokeRamen,Алена,2025-05-15,5,"Классное место) Были первый раз, очень вкусно и обслуживание хорошее🤩",,,Yandex Maps (JSON),yandex-poke-8.json
ПокеРамен,PokeRamen,Анастасия П.,2024-05-10,4,"Вкусная еда, но достаточно мало места. Иногда приходится ждать. Советую данное место к посещению",,,Yandex Maps (JSON),yandex-poke-8.json
ПокеРамен,PokeRamen,Валерия А.,2024-03-31,4,"Раньше был вкусный том ям с морепродуктами. Сейчас ценник подняли, а из морепродуктов 2 кусочка кальмара, 3 кусочка рыбы и одна половина креветки. Обидно ",,,Yandex Maps (JSON),yandex-poke-8.json
ПокеРамен,PokeRamen,Арина Филянина,2023-05-06,5,"Безумно вкусная еда и классные сотрудники, всегда помогут и подскажут.
Единственный минус(для меня незначительный) долгое ожидание в очереди
Цены разумные, соответствуют качеству и размеру порций",,,Yandex Maps (JSON),yandex-poke-8.json
ПокеРамен,PokeRamen,Алёна О.,2023-10-03,5,"Определенно 5 из 5! Милое местечко, приятный персонал и очень вкусная еда. Карри рамен с морепродуктами просто огонь 🔥 как и мидии в соусе том ям) однако, в доставке еда кажется немного хуже, что огорчает(",,,Yandex Maps (JSON),yandex-poke-8.json
ПокеРамен,PokeRamen,Юлия Уланова,2025-01-26,5,Очень уютно и колоритно. Вкусно как в Азии . Очень любим это место. ,,,Yandex Maps (JSON),yandex-poke-8.json
ПокеРамен,PokeRamen,Анастасия Александровна,2023-07-23,5,"Очень вкусная еда, Поке просто бомба, и ролы изумительные. При заказе на доставку привозят все отлично упаковано, всем рекомендую. Даже вкусняшки для четвероногих кладут, мой кот оценил. Не снижайте планку 👍😉",,,Yandex Maps (JSON),yandex-poke-8.json
ПокеРамен,PokeRamen,𝒦𝒶𝓇𝒾𝓃𝒶🤍,2024-12-08,5,"Очень хорошее место
невероятно вкусная еду, приятная атмосфера и восхитительное обслуживание",,,Yandex Maps (JSON),yandex-poke-8.json
Cdex 2,CDEK,Ксения,2023-05-11,1,"Это ужас , весь день на смарку . Время доставки до 14:00 . Дозвонилась до оператора курьер привезёт в 19:00🤦‍♀️  ",,,Yandex Maps (JSON),yandex-cdex-2.json
Cdex 2,CDEK,игорь,2025-08-08,1,"наячили на 300 р при отправке, смотрите квитанцию не отходя от кассы",,"Здравствуйте!

Мы обеспокоены вашим отзывом и хотим подробнее разобраться в случившейся ситуации.

Пожалуйста, напишите нам на почту zakaz@cdek.ru трек-номер отправления, чтобы мы могли всё проверить. А также в теме письма укажите «Яндекс» и прикрепите скриншот вашего отзыва для идентификации. Мы всё детально изучим и, в случае выявления нарушений, примем меры.",Yandex Maps (JSON),yandex-cdex-2.json
Cdex 2,CDEK,Юлия Романова,2025-09-17,1,В 9:00 дверь закрыта!!!!!!,,"Здравствуйте, Юлия!

Сожалеем, что вам не удалось попасть в наш офис в удобное время и хотим разобраться, почему так произошло.

Напишите нам, пожалуйста, на почту zakaz@cdek.ru дату вашего визита. А также прикрепите скриншот вашего отзыва. В теме письма укажите ""Яндекс"". Мы выясним, почему офис была закрыт в рабочие часы, всё проработаем и предоставим вам обратную связь.

Нам важно, чтобы вы получали только качественное обслуживание и в удобное для вас время.",Yandex Maps (JSON),yandex-cdex-2.json
Cdex 2,CDEK,Елена К.,2021-07-08,5,"Быстро доставили. Всё было герметично упаковано. Спасибо за хороший сервис.
",,,Yandex Maps (JSON),yandex-cdex-2.json
Cdex 2,CDEK,Yakov Dragunov,2024-07-08,5,быстро,,,Yandex Maps (JSON),yandex-cdex-2.json
Cdex 2,CDEK,Александр Макаров,2025-03-14,1,"Сидит недовольный жизнью человек, который ни как не помогает, на все вопросы и доводы один ответ, звоните менеджеру!",,,Yandex Maps (JSON),yandex-cdex-2.json
Cdex 2,CDEK,Татьяна М.,2025-04-24,5,Надежда большая молодец!,,,Yandex Maps (JSON),yandex-cdex-2.json
Cdex 2,CDEK,Dmitriy N.,2023-05-22,1,"Очень медленно работают, всегда очереди",,,Yandex Maps (JSON),yandex-cdex-2.json
Cdex 2,CDEK,Лиля  П.,2022-01-17,1,"Перепутали адрес доставки. По накладной г Пермь отправили в Тольятти . Дорогой товар, подвела людей. Вопрос ещё не решили. ",,,Yandex Maps (JSON),yandex-cdex-2.json
Cdex 2,CDEK,Людмила Петрова,2021-06-30,5,"В шаговой доступности, отличный сервис, быстрая доставка. Очень удобно.",,,Yandex Maps (JSON),yandex-cdex-2.json
Cdex 2,CDEK,Chertovglaz,2023-02-19,5,"В принципе хорошее место, имеются примерочные все хорошо. Только будьте готовы двери там тяжёлые.))
",,,Yandex Maps (JSON),yandex-cdex-2.json
Cdex 2,CDEK,Александр А.,2021-07-13,1,"Второй раз получаю посылку в СДЕКе в данном офисе, и четко на следующий день звонок от ""службы безопасности сбербанка россии"", знают мои фио. Делайте выводы сами.",,,Yandex Maps (JSON),yandex-cdex-2.json
Cdex 2,CDEK,Евгений Саранин,2020-08-06,1,"Груз теряют , искать не хотят , на вопросы не отвечают . Полный бардак . Служба поддержки не работает совсем",,,Yandex Maps (JSON),yandex-cdex-2.json
Cdex 2,CDEK,Тарас,2024-01-07,5,"Хорошее обслуживание, быстро",,,Yandex Maps (JSON),yandex-cdex-2.json
Cdex 2,CDEK,Наталья,2022-12-27,1,"Одна из самых убогих служб доставки
Вызвали курьера- он не приехал
Звоним на горячую линию- срывается
Пишем в чат- нет ответа
ЧТОБ ВЫ ОБАНКРОТИЛИСЬ И ЗАКРЫЛИСЬ!!!",,,Yandex Maps (JSON),yandex-cdex-2.json
Cdex 2,CDEK,Ирина Барская,2023-04-10,1,"я не понимаю, что за люди работают в вашем отделении. Просто слов нет от отношения ",,,Yandex Maps (JSON),yandex-cdex-2.json
Cdex 2,CDEK,Артемий Краевский,2024-01-25,1,Космические цены. Берегов не видят.,,,Yandex Maps (JSON),yandex-cdex-2.json
Cdex 2,CDEK,оля нечаева,2019-04-30,5,"Максимально быстрое обслуживание, приветливый персонал! 
Что не мало важно, выдали пакет 😍",,,Yandex Maps (JSON),yandex-cdex-2.json
Cdex 2,CDEK,Ольга Пегушина,2020-05-19,5,"Быстрая доставка, вежливый персонал,прекрасная компания!!!",,,Yandex Maps (JSON),yandex-cdex-2.json
Cdex 2,CDEK,Сергей Тузов,2022-01-23,5,"Быстро, удобно. Вежливый и общительный персонал",,,Yandex Maps (JSON),yandex-cdex-2.json
Cdex 2,CDEK,Дмитрий К,2021-01-20,1,"Непонятная сеть, зачастую товар пропадает",,,Yandex Maps (JSON),yandex-cdex-2.json
Cdex 2,CDEK,Соболев,2020-04-09,5,"Удобно ,быстро ,очереди почти нет",,,Yandex Maps (JSON),yandex-cdex-2.json
Cdex 2,CDEK,7ova,2023-09-21,5,Доброжелательный персонал.,,,Yandex Maps (JSON),yandex-cdex-2.json
Cdex 2,CDEK,Наталья Федорёнок(Маeр),2021-06-17,5,Отличный офис и быстрая доставка,,,Yandex Maps (JSON),yandex-cdex-2.json
Cdex 2,CDEK,Михаил Шантрипов,2019-08-30,4,"Быстро, удобно. Из минусов - отсутствие парковки.",,,Yandex Maps (JSON),yandex-cdex-2.json
Cdex 2,CDEK,corp-energiiasilam20785,2022-03-14,1,Самая убогая компания по грузоперевозкам ! воспользуйтесь альтернативным вариантом не тратьте время и нервы и деньги.,,,Yandex Maps (JSON),yandex-cdex-2.json
Cdex 2,CDEK,Юрий Шнуров,2021-08-05,1,Хуже доставка только на гужевой повозке с ослом в упряжке!!! ,,,Yandex Maps (JSON),yandex-cdex-2.json
Cdex 2,CDEK,Vadim G.,2021-04-01,5,"Все отлично, хороший персонал ",,,Yandex Maps (JSON),yandex-cdex-2.json
Cdex 2,CDEK,Александр Краснощеков,2022-07-14,5,Быстро удобно,,,Yandex Maps (JSON),yandex-cdex-2.json
Cdex 2,CDEK,Сергей,2019-06-20,5,Быстрая доставка товаров,,,Yandex Maps (JSON),yandex-cdex-2.json
Cdex 2,CDEK,kt[f,2020-09-07,5,Всё очень хорошо,,,Yandex Maps (JSON),yandex-cdex-2.json
Cdex 2,CDEK,Alex N.,2020-04-15,5,Удобный СДЭК в центре,,,Yandex Maps (JSON),yandex-cdex-2.json
Cdex 2,CDEK,николай садовый,2019-11-10,5,"СДЭК это СДЭК)) 
Ничего лишнего",,,Yandex Maps (JSON),yandex-cdex-2.json
Cdex 2,CDEK,Любовь Каримуллина,2021-02-10,5,Молодцы,,,Yandex Maps (JSON),yandex-cdex-2.json
Cdex 2,CDEK,Ревизор,2021-06-27,1,"Ужасно, не попасть, даже как в здание попасть не понятно",,,Yandex Maps (JSON),yandex-cdex-2.json
Cdex 2,CDEK,А. З.,2019-08-16,5,"Одно время было совсем плохо. Сейчас исправились. Надеюсь, надолго:-)",,,Yandex Maps (JSON),yandex-cdex-2.json
Cdex 2,CDEK,Elena Buldakova,2022-06-19,5,Все понравилось.,,,Yandex Maps (JSON),yandex-cdex-2.json
Cdex 2,CDEK,Наталья Шемелина,2022-05-18,1,Хамство курьеров! ,,,Yandex Maps (JSON),yandex-cdex-2.json
Cdex 2,CDEK,Анастасия Павленко,2023-04-20,5,Все отлично,,,Yandex Maps (JSON),yandex-cdex-2.json
ПокеРамен,PokeRamen,сага,2025-05-02,5,"ОЧЕНЬ ХОРОШЕЕ МЕСТО! приезжали в пермь на два дня, и по приезду сразу же отправились сюда. еда великолепна, заведение очень красиво оформлено, а что особенно хочется отметить, так это персонал, я никогда не встречала настолько дружелюбных и милых людей! ",,,Yandex Maps (JSON),yandex-poke-4.json
ПокеРамен,PokeRamen,Даниил Г.,2025-01-06,5,"О боже, одно из самых лучший мест где я был, ВСЕ на высоте: персонал, еда, интерьер, удобные места. Как только зашел, провели до места, бесплатная вода, персонал всегда рядом, боже ну сказка, а не место!",,,Yandex Maps (JSON),yandex-poke-4.json
ПокеРамен,PokeRamen,Ксения Катаева,2025-02-07,5,"вкусненько, с подругой забегаем.
персонал вежливый, всегда все подскажут и посоветуют.
блюда вкусные, можно выбрать разный размер рорции ",,,Yandex Maps (JSON),yandex-poke-4.json
ПокеРамен,PokeRamen,Ильхам Галаев,2024-01-22,5,"Бомбезное место, находится в укромном месте подальше от любознательных глаз и это правильно, иначе толпы людей стояли бы на километры в очереди ко входу. Оригинальная атмосфера, доброжелательные сотрудники, нестандартное меню и приятный аппетит. Всё очень вкусно, сытно и доступно! Лучший ресторан азиатской кухни в городе! Если ещё не были, то обязательно к посещению! Бон апетит🥡",,,Yandex Maps (JSON),yandex-poke-4.json
ПокеРамен,PokeRamen,Александр Жданов,2024-07-09,5,"Место огонь, том ям мое почтение, и поке с лососем тоже берем. Буду в Перми, обязательно зайду еще для теста других блюд. Цены разумные.",,,Yandex Maps (JSON),yandex-poke-4.json
ПокеРамен,PokeRamen,Анастасия Рожкова,2024-03-17,5,"Очень атмосферное место, жаль, что посадочных мест мало. Фо Бо лучший в городе, моти просто огромные по сравнению с другими местами. Все очень вкусно, подача быстрая и красивая . Советую всем, после показа фоток все сразу спрашивают где это место. ",,,Yandex Maps (JSON),yandex-poke-4.json
ПокеРамен,PokeRamen,Владимир Лебедев,2024-05-08,5,"Зашёл туда случайно, в первый раз - надо было переждать дождь, согреться и перекусить. Ничего не понял в меню, слишком всё экзотично и незнакомо. Последовал рекомендациям официанта и был приятно удивлен вкусом блюд и качеством обслуживания. Но, по-моему, за мной следят, расплачивался не я, следов не оставлял, а отзыв мне почти сразу написать предложили.",,,Yandex Maps (JSON),yandex-poke-4.json
ПокеРамен,PokeRamen,Инкогнито 6089,2024-08-30,4,"Не впечатлило кафе. Была в первый раз, заказала рис с креветками и осьминогами. По блюду: очень много соевого соуса, очень соленое блюдо, на дне так вообще один новый соус, из-за этого не понятен вкус самого блюда. По креветкам вопросов нет, но осьминоги резиновые, прожевать не получилось вообще. Специально сюда больше не пойду.",,,Yandex Maps (JSON),yandex-poke-4.json
ПокеРамен,PokeRamen,Галина Неволина,2025-03-28,5,"Очень классное место! Приехать с Тюмени и найти в Перми такое потрясающее место🤩 хорошо все! От вкусной еды, до очень хорошего обслуживания🤩 процветания вам❤️",,,Yandex Maps (JSON),yandex-poke-4.json
ПокеРамен,PokeRamen,zuravlevaliza2,2024-02-14,5,"Очень вкусно и сытно. Можно быстро наесться  из минусов можно добавить,что очереди на улице,но это не так страшно,но зимой холодно 
Внутри сервис и атмосфера 10/10
Хожу туда с молодым человеком 4-5раз и вообще ставлю лайк
Для уютного вечера самое то. Внутри тесно немного,но это вайба дрставляет
",,,Yandex Maps (JSON),yandex-poke-4.json
ПокеРамен,PokeRamen,Александр Климов,2024-06-22,5,Красивое атмосферное место. Но помимо классного антуража здесь потрясающая кухня. И для детей есть детское меню. ,,,Yandex Maps (JSON),yandex-poke-4.json
ПокеРамен,PokeRamen,Антон Васенин,2024-01-12,5,"Отлиное место! В этом заведении я познакомился с ТомЯм, попробовал это блюдо и был покарен)) Еще когда поке рамен были маленькими, дух вкусностей и приятнойтатмосферы царил в воздухе! Каждый раз когда прихожу, то не могу отказаться от ТомЯма, а второе блюдо уже не влазит, с большой внутренней работой над собой, раз в пол года пробую другое блюдо!))
Сегодня попробовал осьминогов и был приятно удивлён, они там целые и вкусные.
Свой вайб по столикам, просто смиритесь! ПокеРамен офигительная кухня, свет от настоящего неона (ддя ценителей) наполняет пространство теплотой и загадочностью, я рекламщик и мое наблюдение, в тех заведениях где настоящий газосвет, очень приятно и вкусно))",,,Yandex Maps (JSON),yandex-poke-4.json
ПокеРамен,PokeRamen,Архипова Алёна,2025-01-27,5,"Том ям с морепродуктами - топчик!  Обожаю его.  Обслуживание хорошее, по меню без претензий, есть все что нужно. Пробовала несколько разных блюд - все ок.",,,Yandex Maps (JSON),yandex-poke-4.json
ПокеРамен,PokeRamen,Сергей Волков,2024-06-09,5,"Великолепное место, потрясает своей архитектурой и атмосферой, причем и кухня на высшем уровне, жалко что место не много в Нутри, но и это смогли обыграть, крутое место все. Советую",,,Yandex Maps (JSON),yandex-poke-4.json
ПокеРамен,PokeRamen,Люция Назарова,2025-04-24,5,"Блюда красиво и аппетитно выглядят👍, вкус тоже зачётный) В выходные бывают очереди, поэтому лучше приходить в будни🤷 По цене....ну, не на каждый день)",,,Yandex Maps (JSON),yandex-poke-4.json
ПокеРамен,PokeRamen,Инкогнито 7487,2024-08-20,5,"Это было очень вкусно,и лучшее место для проведения вечера. Брала себе острый рамен и лишила девственности своего рта у вас 🤩🫶
А официанты вообще милашки!!!🥺",,,Yandex Maps (JSON),yandex-poke-4.json
ПокеРамен,PokeRamen,Илья Айрих,2025-05-07,5,"Покушали с девушкой в красивой, атмосферной обстановке, том ям хотелось бы пожирнее, но он все равно неплохой)",,,Yandex Maps (JSON),yandex-poke-4.json
ПокеРамен,PokeRamen,Светлана К.,2025-03-17,5,"Очень вкусная еда, прекрасное обслуживание 😍быстро готовят, как внутри кафе, так и с собой. Рис и моти просто блаженство",,,Yandex Maps (JSON),yandex-poke-4.json
ПокеРамен,PokeRamen,Alena Cherepanova,2025-09-21,5,"Очень сытные бизнес ланчи и внутри очень атмосферно. Внутри места немного, но можно занять место на улице",,,Yandex Maps (JSON),yandex-poke-4.json
ПокеРамен,PokeRamen,Антон Лапин,2025-09-11,5,"Интересно, вкусно, не дешево, народу много, но места есть. Том ям отличный. С удовольствием зайду еще как-нибудь вечерком.",,,Yandex Maps (JSON),yandex-poke-4.json
ПокеРамен,PokeRamen,Елена,2024-06-30,2,"Кухня ооочень специфическая. На любителя. Грязный дворик. На удивление популярное заведение, т.к. ожидание столика около часа и есть постоянные посетители. Персонал приветливый, вежливый.",,,Yandex Maps (JSON),yandex-poke-4.json
ПокеРамен,PokeRamen,Иван З.,2024-05-11,1,"Оценить еду и заведение в целом не получилось, так как посадили, потом оказалось что очередь на улице. Администратор не разрешил корректо ситуацию. Настроение испорченно, желание обедать в данном заведении не осталось. Места очень мало. В лапшичной на компросе организация работы с клиентами немного лучше. ",,,Yandex Maps (JSON),yandex-poke-4.json
ПокеРамен,PokeRamen,Сергей,2025-01-29,4,"Неплохое место, даже хорошее, отличная кухня, прекрасное обслуживание, но очень неудобные и высокие сиденья и немного тесновато.",,,Yandex Maps (JSON),yandex-poke-4.json
ПокеРамен,PokeRamen,sawreatat,2024-01-17,5,"Очень вкусные десерты, советую чизкейк и моти, из еды мидии в соусе блю чиз, поке вкусное, но я не любитель, том ям и лапша на высшем уровне, рамен не моё блюдо поэтому точно оценить не могу, жаль только что  приходится ждать что бы занять место, поэтому жду расширения заведения",,,Yandex Maps (JSON),yandex-poke-4.json
ПокеРамен,PokeRamen,Виктор Бураков,2024-11-04,5,"Абсолютно топовое заведение, хорошие порции, более чем адекватный ценник. Атмосфера китайского стрит фуда. ",,,Yandex Maps (JSON),yandex-poke-4.json
ПокеРамен,PokeRamen,Ласковый Ратти,2025-07-29,5,"Очень атмасферно
Блюда готовят качественно
Единственное что мидии непонравились.
Персанал очень отзывчивый и внимательный
",,,Yandex Maps (JSON),yandex-poke-4.json
ПокеРамен,PokeRamen,Ланочка,2023-06-27,5,"Китайский дворик в Перми -  место, которое буду рекомендовать всем любителям азиатской кухни!

Во-первых, это нетипичное для города пространство. Из похожего только Старокирпичный переулок, но там свой, совершенно другой, вайб. Мне сразу вспомнились наши прогулки по Питеру, охватила лёгкость, непринуждённость; ощущение летних каникул закралось где-то внутри, будто я всё ещё школьница.

Во-вторых, в PokeRamen очень вкусно! Невероятно вкусно! Потрясающе вкусно! Том Ям с морепродуктами, Поке с лососем, Дим Самы с креветкой, салат с баклажанами и черри, десерт Моти - это то, что ела сама и осталась в полном восторге. Порции большие, некоторые из супов по 750 грамм и одного блюда вполне хватает, чтобы пуговица на джинсах перестала застёгиваться. Японское пиво тоже неплохое и освежающий лимонад классный.

Обслуживание достаточно вежливое и внимательное. Если совсем полная посадка и внутри и снаружи, то да, возможны недочёты и косяки, но видно, что ребята стараются. Некоторые администраторы и официанты знают английский язык и легко могут объясниться с иностранцами без помощи переводчика. Рядом с нами сидели лица азиатской наружности, не разговаривающие на русском (не берусь судить, кто именно) и, судя по их пустым тарелкам, они были довольны. Внутри заведения места очень мало, ни о какой приватности и речи быть не может, однако можно спокойно общаться, не кричать и как-то не ощущается тот факт, что тебя практически задевает посторонний, сидящий рядом.

Из минусов - скорее всего не получится прийти, сразу сесть за столик и заказать блюда. Очередь большая, люди ждут от 15 до 40 минут, чтобы освободились места. ",,,Yandex Maps (JSON),yandex-poke-4.json
ПокеРамен,PokeRamen,Никита Крымкин,2023-11-06,5,"Итак! Вы захотели сходить в интересное, необычное место, где можно вкусно поесть! Невзначай Ваш выбор пал на pokeramen. Вы приходите сюда и видите очередь таких же счастливчиков, как и вы! Вам говорят, что нужно подождать, дают что-то вроде пейджера и предлагают скоротать время на  качельках. Для Вас предусмотрели специальные сидушки, чтобы не замёрзнуть. Если вы пришли не одни, то время быстро пролетает за разговором и релаксом на качелях. Наконец, звонит датчик и Вас приглашают внутрь. Если Вы хотели стрит, то здесь он точно есть! Играли ли вы cyberpunk? Если да, то поймете, что я имею ввиду. Итак пришло время заказать еду, которую вы выбрали ещё на качелях. Вы готовы проглотить слона, т. к. очаровывающий запах доносился ещё на улице. И Вам буквально его приносят. Причём за каких-то 5-10 минут! Сможете его проглотить? Посмотрим!",,,Yandex Maps (JSON),yandex-poke-4.json
ПокеРамен,PokeRamen,Людмила Фистина,2024-04-08,5,"Очень понравилась еда! Удивлялись,  что народ ждёт на улице,  чтобы зайти. Но подождав 30 мин с ребенком, не пожалели. Брали пельмени с крабом, лапшу с курицей, панакоту в форме зайца и моти разные. Все очень понравилось. Вам надо расширяться!!!! Мы уже вас разрекламировали всем))",,,Yandex Maps (JSON),yandex-poke-4.json
ПокеРамен,PokeRamen,Анастасия Руслановна,2024-02-07,5,"Всё обалденно вкусно, особенно моти! Цены демократичные. Интерьер тематический, недавно обновили. Даже одна позиция будет сытной (для среднестатистического посетителя). Персонал вежливый, позитивный. Меню обновляется регулярно - нескучно зайти вновь",,,Yandex Maps (JSON),yandex-poke-4.json
ПокеРамен,PokeRamen,Екатерина Шильникова,2023-04-08,5,"Обалденное место!!! Была там два раза, сам ресторанчик стилизирован в красных тонах и внутри царит приятный полумрак. Очереди большие, но ожидание свободного места не больше получаса. Забронировать столик заранее тоже нельзя(проходимость просто огромная, бедные официанты) зато можно взять с собой или заказать доставку. Всё аккуратно запакуют. Ожидание блюда тоже недолгое от 15 до 20 минут. 
Немного о еде. Божественна. Порции огромные. В первый раз взяла суп и лапшу, еле осилила. Во второй раз была уже умнее и заказала другую лапшу и десерт. Хватило уже на все. Если еда вдруг оказалась для вас острой, вам могут предложить стакан молока(это редко где встретишь) 
Изначально интерес был из-за десерта в виде котика...и он правда есть! Не всегда, но есть и я была очень рада. Мотти мягкие и тягучие как и должны быть. 
Всё очень понравилось, рассказала всем друзьям, собираюсь еще сходить, когда будет время.",,,Yandex Maps (JSON),yandex-poke-4.json
ПокеРамен,PokeRamen,Cheslavvv42001,2024-11-02,3,"Спорные впечатления
Прихожу туда второй раз, и снова что-то не так, в этот раз принесли еле-еле тепленький размен. В первый раз вкус у сливочного Рамена с лососем был странный, буд-то лосось не очень. Очень спорно. Третий раз туда приду, сделаю окончательный вывод.",,,Yandex Maps (JSON),yandex-poke-4.json
ПокеРамен,PokeRamen,Сергей Гусаров,2025-04-20,5,"Вкусно очень, сытно, по деньгам вполне приемлемо!
Вернусь к вам еще!🔥",,,Yandex Maps (JSON),yandex-poke-4.json
ПокеРамен,PokeRamen,Кристина Г.,2025-02-08,5,"Ооооооочень вкусно ооооочень красиво, всегда туда ходим с друзьями за поке и раменом, а также вкусный моти❤️ летом особоая атмосфера",,,Yandex Maps (JSON),yandex-poke-4.json
ПокеРамен,PokeRamen,Egor Turgenev,2023-01-28,5,"Любимая азиатская кафеха. Все блюда очень вкусные будь то основное меню или спешалы (перепробовал почти все). Порции большие. Одним блюдом можно вполне наесться. Не очень большой выбор напитков, зато годный. Очень нравится персонал. И офики, и повара просто душки. Всегда очень вежливые и аккуратные. Особенно нравится, что каждый раз уточняют по ингредиентам блюда чтобы избежать неприятных моментов. Удобное расположение, летом работает прекрасный летник. Заведение очень атмосферное, крутой интерьер. Всегда чисто, даже в час пик зимой не сказал бы что грязно. Из несущественных минусов могу сказать только о вентиляции. Каждый раз возвращаясь домой после ПР от тебя пахнет Том ямом, но раньше было намного хуже, поэтому респект, что работают над этой проблемой. ",,,Yandex Maps (JSON),yandex-poke-4.json
ПокеРамен,PokeRamen,Ден из Перми,2025-09-22,5,Дааааа. Отличное место. По понятным причинам мало посадочных мест и невозможна бронь. Но на этом недостатки заканчиваются. Даже собаке вкусняшку дают,,,Yandex Maps (JSON),yandex-poke-4.json
ПокеРамен,PokeRamen,Лев Ш.,2023-06-14,5,"Чудесное место, которое мы нашли случайно и вернулись снова.
Приятная атмосфера начинается со двора, где все стилистически грамотно выверено с преобладающими красными оттенками. Внутри дружелюбный персонал, готовый рассказать все о еде и сориентировать в меню. А также вкуснейшая еда, безусловно адаптированная, но между тем крайне специалитетная. 

Одни из лучших моти, особенно синяя с шипучкой. А вот голову кота не советуем, интересно и инстаграмно, но пресновато.",,,Yandex Maps (JSON),yandex-poke-4.json
ПокеРамен,PokeRamen,София Перемыкина,2024-06-06,5,"БЕЗУМНО ВКУСНО! ОЧЕНЬ СОВЕТУЮ! Потрясающие десерты, разнообразное меню, чисто, красиво и очень приятная атмосфера. Единственный минус мало места т.к очень популярный ресторан)",,,Yandex Maps (JSON),yandex-poke-4.json
ПокеРамен,PokeRamen,Аня Л.,2023-01-13,5,"Пять с плюсом.
Первое - шикарная атмосфера. Идешь по обычному вроде городу, бросаешь взгляд в неприметный вроде проулок - а на тебя выпрыгивает кусочек уличного Китая. И внешний декор, и внутренний, и запахи, и музыка (похвально негромкая, не лупит по ушам) - все работает на образ и работает отлично. 
Второе - отличная еда. Порции большие, одной чашкой супа можно наесться до отвала. Вкусы насыщенные, яркие, если переусердствовать с чили - даже чересчур яркие)) От большинства кафешек китайской кухни отличается по вкусу в лучшую сторону. Отдельно хочется отметить количество наполнителя в блюде. Если лапша с креветками, то это не ресторанные две креветочки на миску - креветками будет усеяно все блюдо. Серьезно, на продуктах ребята не экономят.
Третье - дружелюбный персонал. Команда дружная, сработанная, профессиональная, на образ места работает от души, в большом потоке клиентов не теряется.
Из деталей - не очень много мест, народ стоит ждет, пока освободится. Можно, если берешь на вынос, сделать заказ у стойки кассы, пойти погулять и вернуться через оговоренное время (у нас было 20 минут за две порции супа и димсамы), заказ выдадут тоже на стойке.
Общий вывод - однозначно то место, в которое хочется возвращаться.",,,Yandex Maps (JSON),yandex-poke-4.json
ПокеРамен,PokeRamen,Максим Аушев,2024-07-01,5,"Отличный ресторанчик! Народу было много, но девушки быстро и профессионально со всем справлялись! Кухня на 10 из 10! Только положительные эмоции!",,,Yandex Maps (JSON),yandex-poke-4.json
ПокеРамен,PokeRamen,Кристина К,2023-05-02,5,"Я была гостем города неделю. В один из последних дней удалось попасть в очень горячо рекомендуемый ПокеРамен. При такой рекламе часто ресторан разочаровывает, так что мы пришли с достаточно скептическим настроением. И никогда еще так я не ошибалась)) Это было чудесно! Атмосфера корейской забегаловки, но при этом все чисто-аккуратно, хороший сервис. Хорошо организованная очередь на столики. И он - моя любовь - самое популярное блюдо ТомЯмРамен! В общем, мы пожалели только о том, что уезжаем из Перми, а к нам в город доставки нет! Безумно вкусно (и рамен, и поке, и закуски). Хотя, скажу честно, попробовать все было сложно - порции огромные. Отдельно рекомендую желтые моти - вкуснее не пробовала.",,,Yandex Maps (JSON),yandex-poke-4.json
ПокеРамен,PokeRamen,Дарья П.,2025-04-05,1,"заказала доставку, роллы с с лососем ужасно просто, вкуса ноль, такое ощущение что лосось не свежий и пытаются его спрятать 
чесночный рис с курице, не чесночный от слова совсем, курица пережаренная, с черной коркой ",,,Yandex Maps (JSON),yandex-poke-4.json
ПокеРамен,PokeRamen,Юрий Епихов,2025-07-19,5,"Заведение отличное , очень нравится том ян с морепродуктами и мидии блю чиз",,,Yandex Maps (JSON),yandex-poke-4.json
ПокеРамен,PokeRamen,Анна Королёва,2024-09-30,3,"Систематически посещали раньше это заведение, теперь, пожалуй, воздержимся 
1. Первое и главное - ко вкусу претензий нет никогда. Ради него можно до поры до времени терпеть определенный дискомфорт, связанный с сервисом
2. Не хочется приезжать по вечерам и в выходные, потому что понимаешь, что будешь ждать на улице столик
3. Самое отталкивающее для меня - персонал. Скорее всего, обслуживание рассчитано на школьников, которые кайфуют от Азии (благо для кафе - их много) и общение на равных с персоналом им ок. Когда тебе за 20, а тебе то «тыкают», то «ребятами» называют, то хамят на стойке - это уже ощущается как треш. На роль хостес как будто устраивают конкурс на самую хамоватую особу из всего персонала (уже не первый год подряд, но в этот раз хочется поделиться). 
В субботу 28.09 пришли где-то около 17 часов, получили пейджер и, услышав, что ожидание столика 30 минут, пошли посидеть в машину (не май месяц). Поскольку парковки у заведения нет, муниципальная вечно забита, ушли на свое парковочное место в 5 минутах и поставили таймер на 15 минут, чтобы прийти пораньше. Прошло 13, пейджер пищит. Приходим, а хостес на входе на абсолютно серьезном выражении лица без тени намека на шутку говорит «ну и где вы были так долго?». Вайб наезда сразу, потому что никаким приветствием или дополнительным разъяснением эта фраза не сопровождалась. Не поверю, что такая ситуация происходит впервые и девушка растерялась, так как очереди на посадку постоянно. Нам ок, что не всегда можно сказать, через сколько освободится стол - можно просто было пододвинуть нас в очереди и вежливо выдать другой пейджер (что она и сделала, после того, как мы немного отстояли личные границы). Отчитывать клиента  как-будто странновато при любом раскладе

Претензия и лично к хостес, и к руководству, которое не хочет решать проблему живой очереди на улице в городе на Урале и излишней фамильярности обслуживающего персонала с гостями, прикрываясь странным tone-of-voice 

4. Немного на душном, но, может, пригодится: открытая кухня - ок. Верхняя одежда клиентов в 2 метрах от этой кухни - не ок. Хозяева с собаками возле открытой кухни тоже не ок, но где им еще быть, если это пространство в 2 метрах от стойки кухни -  вход в заведение, он же раздевалка, он же стойка хостес и выдачи заказов))))))",,,Yandex Maps (JSON),yandex-poke-4.json
ПокеРамен,PokeRamen,Павел К.,2024-07-27,5,"Приятное заведение, приятный персонал, вкусный рамен, огромные порции и быстро готовят.",,,Yandex Maps (JSON),yandex-poke-4.json
ПокеРамен,PokeRamen,Валерия Лецких,2023-12-09,5,"Частенько здесь едим, очень вкусно всё, особенно сиреневая мотя, охеренский том кха, очень много там разных морепродуктов!) Лимонад ананас-кокос классный, даже заказали себе ящик такого, вкусный чизкейк 2.0. очень хорошее обслуживание, к доставке можно выбрать дополнительно лакомство для животного, у нас для кошки)",,,Yandex Maps (JSON),yandex-poke-4.json
ПокеРамен,PokeRamen,софья истомина,2024-12-24,5,"еда очень вкусная , большой ассортимент блюд. Порции блюд достойные, можно выбрать на свой вкус.Добавить дополнительно , а так же  остроту блюда корректировать .
Хороший сервис ",,,Yandex Maps (JSON),yandex-poke-4.json
ПокеРамен,PokeRamen,татьяна,2025-07-11,5,"Обожаю это место!!Сейчас еще открылся летник в парке города,меню очень разнообразное и вкусное ",,,Yandex Maps (JSON),yandex-poke-4.json
ПокеРамен,PokeRamen,Ирина Смирнова,2024-03-24,5,"1000000/10 , просто бомба 🔥 не знаю ни одного места, что было бы сравнимо с ПокеРаменом! Я серьёзно ☝️ ни в Питере, ни в Москве, нет вкуснее чем у вас 😍 
Разнообразное меню, порции большие , что можно поужинать и только потом, на следующий день, только уже пообедать , очень сытные и с кучей ингредиентов 👌 А ваши официанты 🥺 просто все солнышкилапушкикотики✨ вы огонь 🔥",,,Yandex Maps (JSON),yandex-poke-4.json
ПокеРамен,PokeRamen,Михаил Ерёмин,2024-08-26,5,"Вкусная еда за свою цену, придти сюда вечером и атмосферно посидеть вряд ли получиться, тк поситителей очень много, но зайти, сделать заказ и поехать домой - идеальный вариант.",,,Yandex Maps (JSON),yandex-poke-4.json
Центральная Пермская синагога,Tsentral'naya Permskaya Sinagoga,Ольга К.,2025-08-28,5,"Внутри синагоги уютно, хоть здание и требует ремонта, но помощи от властей лишний раз ждать не приходится. Работает дружный и отзывчивый коллектив, могут о многом рассказать, если нужно помочь добрым словом и делом.  Можно приобрести кошерные продукты если есть в наличии. Хочется пожелать удачи и  процветания.",,,Yandex Maps (JSON),yandex-synagogue.json
Центральная Пермская синагога,Tsentral'naya Permskaya Sinagoga,Permyachok,2024-08-17,3,"Есть и храм, есть и множество фирмочек арендующих помещения.  Такому назначению и содержанию внешний вид и чистота (её отсутствие) при входе не соответствуют: фасад обшарпанный, вход и крыльцо - разрушенные как из конца 90-х; в ближайшем проулке слева - помойка из множества не своевременно вывозимых площадок ТБО, гремящей вентиляции осыпающейся штукатурки стен (отсюда и сильный запах свалки и грызуны). Перед входом повреждённый тротуар в выбоинах, с битым бордюром и кучи пыли (в дождь превращающиеся в грязь).",,,Yandex Maps (JSON),yandex-synagogue.json
Центральная Пермская синагога,Tsentral'naya Permskaya Sinagoga,Антон Ш,2024-07-20,5,"Был в пермской синагоге. Внутри очень уютно и красиво. А снаружи не сразу поймёшь что это синагога. Только религиозные атрибуты выдают, что это религиозное заведение. Рекомендую к посещению!",,,Yandex Maps (JSON),yandex-synagogue.json
Центральная Пермская синагога,Tsentral'naya Permskaya Sinagoga,Алёнка,2025-04-15,5,"Хаг Песах самеах! Частенько бываю в Перми, заходила на праздничной неделе в Пермскую центральную синагогу,  была здесь впервые. Чувствуется, что место историческое. Встретил и помог сориентироваться очень приятный мужчина с добрыми глазами. Большое спасибо, процветания! ",,,Yandex Maps (JSON),yandex-synagogue.json
Центральная Пермская синагога,Tsentral'naya Permskaya Sinagoga,Пигилева Елена Павловна,2024-10-19,4,"Очень скромно, была как то раз в синагоге, когда была служба, по работе, тихонько посидела на столах чёрный хлеб, пригласили на кухню рыбкой жареной накормили вообще впечатление воробушек стая, просили найти строителей вентиляцию сделать, но  со мной строители никогда не работали отказывались все так что сразу сказала что у меня нет таких кого бы порекомендовала, очень скромно, но приятные люди всегда честно сразу скажут условия и либо да и рады либо вот такие условия это не реально поймите мы так работаем без вщякого выноса мозга принятого сейчас в банках и обмана все бесплатно вернём даром, мне кажется что это достойно и самое важное чётко условия поговаривают и работают даже если стоимость твоя завышена но их устраивает, бизнес есть бизнес, в отличии от типа халвы даром все потом все в полной жжж.. ",,,Yandex Maps (JSON),yandex-synagogue.json
Центральная Пермская синагога,Tsentral'naya Permskaya Sinagoga,Михаил Мясников,2022-01-23,3,"И храм, и бизнес

В 1870-е годы на улице Екатерининской, 116 уже находился деревянный молельный дом еврейской общины. В 1912 году Городской Управой был рассмотрен и одобрен проект на постройку, взамен деревянного, каменного здания синагоги. Один из вариантов проекта составлен чертежно-строительным бюро В.Е. Гладких, другой проект, соответствующий построенному зданию, не подписан. Здание синагоги двухэтажное, вытянуто вглубь участка. Главный фасад состоит из двух частей: основной, имеющей в свою очередь трехчастное деление – центр со щипцом и два фланкирующих ризалита, и пониженного объема с лестничной клеткой, расположенного в восточной части фасада. Купола, когда-то венчавшие ризалиты, утрачены. При внешней простоте, здание производит впечатление строгой торжественности. В ноябре 1929 года синагога была закрыта, а здание передано Пермскому Театру Рабочей Молодёжи. Позже здесь размещались различные организации, такие как Энергосбыт, Пермский научный центр УрО АН СССР и др. В 1993 г. здание возвращено верующим. Правда, часть помещений сдается в аренду коммерческим организациям.
Передний фасад синагоги неплохо отремонтирован, всё прилично, но со двора здание выглядит удручающе. Если не знать, что это религиозное сооружение, можно подумать, что это какой-то полузаброшенный склад.
Нехорошо это, не по-божески...",,,Yandex Maps (JSON),yandex-synagogue.json
Центральная Пермская синагога,Tsentral'naya Permskaya Sinagoga,PyckuuHuk,2024-07-15,5,Красивое помещение,,,Yandex Maps (JSON),yandex-synagogue.json
Центральная Пермская синагога,Tsentral'naya Permskaya Sinagoga,Дарья Ф.,2024-07-30,5,доброе местоь,,,Yandex Maps (JSON),yandex-synagogue.json
Центральная Пермская синагога,Tsentral'naya Permskaya Sinagoga,Оксана Харченко,2024-10-02,5,Красиво.,,,Yandex Maps (JSON),yandex-synagogue.json
Центральная Пермская синагога,Tsentral'naya Permskaya Sinagoga,Андрей Яковченко,2023-11-18,5,молиться классно ,,,Yandex Maps (JSON),yandex-synagogue.json
Центральная Пермская синагога,Tsentral'naya Permskaya Sinagoga,no n.,2020-07-17,5,"Синагога  
Шикарная. И отличная",,,Yandex Maps (JSON),yandex-synagogue.json
