image_url,annotation_text_description,annotation_user_intent,annotation_has_synagogue
"https://sun9-38.userapi.com/s/v1/ig1/_2oHPyjLXx4Ck6KcyAWVUf7YOipzbMIccy9R9Zw5zV2za4Ng3lfnarvUX6cZ3AXlq9lHJLZ0.jpg?quality=96&as=32x43,48x64,72x96,108x144,160x213,240x320,360x480,480x640,540x720,640x853,720x960,1000x1333&from=bu&cs=1000x0",Уличный рекламный стенд на тротуаре возле угла здания; видны фасад и окно.,показать рекламный стенд на улице,False
"https://sun9-66.userapi.com/s/v1/ig2/Ae9PKQwjXN-Ugy5nNfCnJpT7Y2E4UUkyNPhrDCaHmQhXJE4R49PZulmzFXG_wf-K2beDtOClEN4ClPtVgTPBSPT6.jpg?quality=96&as=32x43,48x64,72x96,108x144,160x214,240x320,360x481,480x641,540x721,640x855,720x961,1080x1442,1280x1709,1342x1792&from=bu&cs=1342x0",Женщина в голубом платье в горошек позирует на улице на фоне современной стеклянной стены и растений,показать наряд/платье на улице,False
"https://sun9-6.userapi.com/s/v1/ig2/oq-goTVEt8aRBE2toGyg9TGvDUOdIBDBV2GmGZXTWez11D3g9_mEw940Ly719wO0qZHVhpj5VjtlEpKVFE2ztwar.jpg?quality=95&as=32x43,48x64,72x96,108x144,160x213,240x320,360x480,480x640,540x720,640x853,720x960,1080x1440,1200x1600&from=bu&cs=1200x0","Женщина сидит за стеклянным столиком на улице, вокруг ротанговые кресла; на фоне витрина магазина и фасад здания.","портрет человека на улице, сидящего за столиком",False
"https://sun9-85.userapi.com/s/v1/if2/PO0NlqqjlyEdmyQJzxAjmN5PGsgCTBxFvLx52hOPz1rMSOpNZIVHlkL3A_1rWhrmc1cPM6v94i6nedUo59AeENiV.jpg?quality=96&as=32x24,48x36,72x54,108x81,160x120,240x180,360x270,480x360,540x405,640x480,720x540,1080x810,1280x960,1440x1080,1920x1440&from=bu&cs=1920x0","Уличное зимнее фото: справа мужчина в синей куртке с капюшоном, слева ярко-оранжевый костюм зверька с большими глазами, на снегу; на заднем плане дорога, здания и прохожие.",задокументировать уличную сцену с костюмированным персонажем,False
"https://sun9-79.userapi.com/s/v1/ig2/9zcTzVGq-QhOAU5W92imIDImLmoESTxXooxxaoeKFAmwpUCgKZsAhXnQgwUYyfPhlhxkPubhP6mDQgJg1Arbrbti.jpg?quality=95&as=32x43,48x64,72x96,108x144,160x213,240x320,360x480,480x640,540x720,640x853,720x960,1080x1440,1280x1707,1398x1864&from=bu&cs=1398x0","Женщина позирует на улице перед светлой стеной: ярко-желтый топ, черная юбка-миди с разрезом и пояс, поверх — черное пальто; солнцезащитные очки, в руках пластиковый стакан.",показать стиль одежды и образ на улице,False
"https://sun9-79.userapi.com/s/v1/ig2/vYxFvM5sJoe_Xd2Nq-ApRYMGCL1eof7uTINtkGHt4owW4WmnhQdZhXF-S86pyL5zPkXBFRh1P-U6hAPYe3ztBMjQ.jpg?quality=96&as=32x43,48x64,72x96,108x144,160x213,240x320,360x480,480x640,540x720,640x853,720x960,1080x1440,1280x1707,1440x1920,1620x2160&from=bu&cs=1620x0","Женщина в бежевом пальто, белом свитере и голубых широких брюках стоит на открытой парковочной площадке под балками, держит белую сумку.",показать одежду,False
"https://sun9-51.userapi.com/s/v1/ig2/HouSP07-Nxli4Vr7PQJVQ3hM5jMXNDs0YiOE_-vntxcbOxO0d7vKS7Vp5rEiP_ActhauX9DiiGuKg_EUD6cke64L.jpg?quality=96&as=32x54,48x81,72x121,108x182,160x269,240x404,360x606,480x807,540x908,640x1077,720x1211,1080x1817,1280x2153,1284x2160&from=bu&cs=1284x0",Женщина в длинном сером пальто и солнцезащитных очках стоит на открытой парковке под эстакадой.,показать одежду,False
"https://sun9-81.userapi.com/s/v1/ig1/r8VtLqTNxntEXQV90Wr80rHd-vrYcfrMJMSiOz8s6C6G-DWS2JWtqRdkfqtvhQnPjFgKEYX6.jpg?quality=96&as=32x57,48x85,72x128,108x192,160x284,240x426,360x639,480x851,540x958,640x1135,720x1277,920x1632&from=bu&cs=920x0",Бабушка в розовой куртке держит младенца на улице; позади — автомобиль и здание с вывеской,показать семейную сцену,False
"https://sun9-78.userapi.com/s/v1/ig2/9ysFiNCdx_s4VU8a1kTo6gmrF5bHSEUBVBLWT1ou2BeprfaGtf2Abpp_HQg-IxWRu9-2kIg9Y9nDArlsDtROBsHR.jpg?quality=96&as=32x43,48x64,72x96,108x144,160x214,240x320,360x481,480x641,540x721,640x855,720x961,1080x1442,1280x1709,1342x1792&from=bu&cs=1342x0","Женщина в клетчатом плаще стоит на городском тротуаре возле витрины магазина у кирпичной стены, кадр полный рост.",показать одежду,False
"https://sun9-11.userapi.com/s/v1/if1/MV2HGB6EX3ETNHYcbz1CdGo5nS1TKsTqoW3SWrjpFkAwXN2WUWKceJs55-6klWnpUw5Ij8Du.jpg?quality=96&as=32x24,48x36,72x54,108x81,160x120,240x180,360x270,480x359,540x404,640x479,720x539,960x719&from=bu&cs=960x0","Грузовик с краном на улице возле входа в здание, группа людей стоит рядом; справа припарковано авто.",задокументировать городскую сцену,False
"https://sun9-23.userapi.com/s/v1/ig2/Ex-Yz596PUGY_YxEx_7c4CYmtlX5jtj_LniQGmPdb8p4-f_I3SZIHtB0KJOwZhtMsifWstw9S53oZkZiQPv_izXp.jpg?quality=96&as=32x32,48x48,72x72,108x108,160x160,240x240,360x360,480x480,540x540,640x640,720x720,1080x1080,1280x1280,1440x1440,2160x2160&from=bu&cs=2160x0",Фасад магазина с красной вывеской и гирляндой из красно-белых шариков над входной дверью,показать товар,False
"https://sun9-60.userapi.com/s/v1/ig1/J7qBTZTZkEM91QV4yxJOpEeI1oxPwxbeUCfIxatfNqAmeSGsCwVQpbILzLREYJepoME0RRv_.jpg?quality=96&as=32x43,48x64,72x96,108x144,160x213,240x320,360x480,480x640,540x720,640x853,720x960,1008x1344&from=bu&cs=1008x0","Уличная витрина магазина со стеклом: вывеска Петропавловский, мультяшный логотип кофе на окне, белый фасад.",показать витрину магазина,False
"https://sun9-53.userapi.com/s/v1/if2/AJZntAY7zGUDNuPV8y2gfVTgMuK8Qp10d9TKuKgWDQFkBsdSUx7s0muXEaOMkqzUW3_gBD7chljWwyOOoC0TFMw8.jpg?quality=95&as=32x27,48x40,72x61,108x91,160x135,240x202,360x303,480x404,540x454,640x538,720x606,749x630&from=bu&cs=749x0","Зимнее двухэтажное здание на улице, снег на земле и на деревьях вокруг, без людей.",показать фасад здания,False
"https://sun9-7.userapi.com/s/v1/ig2/5Pt87uZKATDjXa-tpvUDSPyI-2UOyQ6wVCHOVSxOCHjwk40h7QRyvGlyDYHAa1fnCdbGNaaAJbyuCiQ-YX-yEfSg.jpg?quality=95&as=32x43,48x64,72x96,108x144,160x213,240x320,360x480,480x640,540x721,640x854,720x961,1080x1441,1280x1708,1388x1852&from=bu&cs=1388x0",Человек в голубом костюме с цветочным принтом стоит на тротуаре города; на заднем плане видны автомобили и фасад городского здания.,показать одежду,False
"https://sun9-35.userapi.com/s/v1/ig2/n8btrc7PJ_9UfwmN13vhtL3x148TO0MqkLrjdsDJVX0p9dtCMuEUQcEgtTqAJxp3ydpEUD8STe76Arhawe_xX73p.jpg?quality=96&as=32x40,48x60,72x90,108x136,160x201,240x301,360x452,480x602,540x678,640x803,720x904,1080x1355,1280x1606,1294x1624&from=bu&cs=1294x0",Модель в бежевом жакете позирует на улице перед светло-голубой стеной и колонной,показать жакет,False
"https://sun9-59.userapi.com/s/v1/ig2/-NfU1kYUmCvMJNdilczY8UCVGfT2PnltuOnmWGc_7CXtJLdm6csfEXl27d1wXo8UBsBZKzht4adV345J2pRYMDf2.jpg?quality=95&as=32x43,48x64,72x96,108x144,160x213,240x320,360x480,480x640,540x721,640x854,720x961,1080x1441,1280x1708,1388x1852&from=bu&cs=1388x0","Человек в платье в горошек с белым поясом стоит на улице; разворачивает подол платья, на фоне — торговая улица с витринами и вывесками.",показать одежду,False
"https://sun9-82.userapi.com/s/v1/ig2/EDVoWV3ZVLDSynH19umXXrEUOi3lfZ-beNjymWaWKREvykaAPOAXdiwK-QUr7hzIzYZJqluokIcaZvrb9s47-MIz.jpg?quality=95&as=32x43,48x64,72x96,108x144,160x213,240x320,360x480,480x640,540x720,640x853,720x960,1080x1440,1280x1707,1440x1920,1920x2560&from=bu&cs=1920x0",Женщина в повседневной одежде позирует на улице; фон — проезжающие автомобили и здания.,показать стиль повседневной одежды на улице,False
"https://sun9-74.userapi.com/s/v1/ig2/7bLDUrx1VYyADdw4svtemdW0xNBr1J3Yp4y-ZGuqvwbpPqa6jhN8JmMCH3j3JaMpa1g9G5TGV8XPBVf2tkOS23Zd.jpg?quality=95&as=32x43,48x64,72x96,108x144,160x213,240x320,360x480,480x640,540x720,640x853,720x960,1080x1440,1280x1707,1440x1920,1920x2560&from=bu&cs=1920x0","Улица рынка в городе: лавки и столики под зонтиками вдоль тротуара, красные фонари над головами; люди сидят и прогуливаются.",показать уличный рынок,False
"https://sun9-38.userapi.com/s/v1/if2/WNlbeF5BG8NNG_whK3Urr7mzvuW973hM3LuigoIjbN1th4kY5p_s3Y2qHAFiOgBAbHiLwDuSFS1MIxg7nJsjhjDe.jpg?quality=95&as=32x24,48x36,72x54,108x81,160x120,240x180,360x270,480x360,540x405,640x480,720x540,1080x810,1280x960,1440x1080,2560x1920&from=bu&cs=2560x0","Узкая городская улица между кирпичными зданиями; над ней висят красные подвесные фонари; слева и справа красная мебель (скамейки и столики); мокрая поверхность улицы, витрины магазинов слева/справа.",показать городскую улицу с декоративной подсветкой,False
"https://sun9-21.userapi.com/s/v1/if1/KmT81Gj6NflwbFzmUtl5hExiUrOHURYLnK3ONaXWGSpKkNFeCqP5k0eLyg99UnjVURSzeL1E.jpg?quality=96&as=32x24,48x36,72x54,108x81,160x120,240x180,360x270,480x360,540x405,640x480,720x540,1080x810,1280x960,1440x1080,2560x1920&from=bu&cs=2560x0","Два человека на улице держат большой плакат с надписью Three Days Grace, на фоне городского здания и афиш. Снег на земле.",показать баннер с рекламой концерта,False
"https://sun9-59.userapi.com/s/v1/ig2/WYB-ZZr89yYSUSHTHyziD1Ag1wxPiUqWoiA7Gkg6mTUsYMdwkPzI--58f7aP1OzBbSEDWo-bewm4QgMjo8ULGb-Q.jpg?quality=96&as=32x43,48x64,72x96,108x144,160x214,240x320,360x481,480x641,540x721,640x855,720x961,1080x1442,1280x1709,1342x1792&from=bu&cs=1342x0","Две женщины позируют на улице на фоне жилых домов. Слева в черной глянцевой куртке и розовых лосинах, справа — в белом пуховом пальто и черных брюках. Обе смотрят в сторону камеры; на левой ноге у одной видна татуировка. Городской сценический кадр с уличным фоном.",показать одежду,False
"https://sun9-65.userapi.com/s/v1/ig2/YCnByX8ZCreLBcraA00f-RMjZYSj5PKwIrPzNMuDRavPVF_Lj6Tnzg--41zLEl_aPqhw7kuARetGz4fH9JRM-l5N.jpg?quality=95&as=32x43,48x64,72x96,108x144,160x213,240x320,360x480,480x640,540x720,640x853,720x960,1080x1440,1280x1707,1440x1920,1920x2560&from=bu&cs=1920x0",Женщина в длинном бежевом пуховике стоит на заснеженном тротуаре перед стеклянными окнами здания.,показать одежду,False
"https://sun9-78.userapi.com/s/v1/ig1/6VD-agvIsIbjKdU-0R6ptjAaV4FB7sVVGTr7ngZC9nFNgAf5BaTcUWlyuIzOm8vWIURACl3k.jpg?quality=96&as=32x43,48x64,72x96,108x144,160x213,240x320,360x480,480x640,540x720,640x853,720x960,768x1024&from=bu&cs=768x0","Высокое здание с куполообразной верхушкой на городской улице, рядом стоят автомобили и пешеходы; на фоне небо ясно-голубое.",показать здание,False
"https://sun9-52.userapi.com/s/v1/ig2/K0ZlTSuCJndX6MCMApNgfAXQwXFDT_GQY4JRM0ixXBuqDaDF5z4s2xNvkrCGEveOvuaoMlApGOeLuvwxlnIrn8sA.jpg?quality=96&as=32x43,48x64,72x96,108x144,160x214,240x320,360x481,480x641,540x721,640x855,720x961,1080x1442,1280x1709,1342x1792&from=bu&cs=1342x0",Женщина в клетчатом пальто позирует на улице перед фасадом здания,показать одежду,False
"https://sun9-37.userapi.com/s/v1/ig2/Q8WUJ9NQSEbWW9iPuvTBdTUbxlhg7ZaTQRkrcdhn2w-TS9LCg-cXsQNtpDnndh1oFbBaTFaFShCURdYyRTmuxj-o.jpg?quality=95&as=32x43,48x64,72x96,108x144,160x213,240x320,360x480,480x640,540x720,640x853,720x960,1080x1440,1280x1707,1440x1920,1920x2560&from=bu&cs=1920x0","Женщина в цветочном платье позирует на улице на ступенях, фоне стеклянного здания; солнечный день.",показать платье,False
"https://sun9-14.userapi.com/s/v1/if2/sz4lP8g9oXGtkX8fLbyw-JzjwnY1ZkUaDzrfPNYB3Y4ygYwHRSj4YZBPNdQEdIkfVXMM_iqJK5v7NmY5s9QRKGE3.jpg?quality=96&as=32x24,48x36,72x54,108x81,160x120,240x180,360x270,480x360,540x405,640x480,720x540,1080x810,1280x960&from=bu&cs=1280x0",Витрина магазина с рекламой Burberry и надписью 'ТЦ Алмаз 3 этаж' на стекле,показать витрину магазина с рекламой,False
"https://sun9-7.userapi.com/s/v1/ig2/WB7OhtBoadfL7b-mYxmGHbEukKXZABrxjO5bVZ5DSPM7ZH28Fc3536lS2jTk2QGuAEC8PiDEqWkfLVdh_DpSqG8H.jpg?quality=96&as=32x43,48x64,72x96,108x144,160x214,240x320,360x481,480x641,540x721,640x855,720x961,1080x1442,1280x1709,1342x1792&from=bu&cs=1342x0",Женщина в клетчатом длинном пальто стоит возле белой кирпичной стены; видно её отражение в стеклянной двери слева.,показать пальто и стиль,False
"https://sun9-77.userapi.com/s/v1/if2/2W0nZz8xVp2Tsl3fCIXVdqUyk-qPknFq6DF3wiJXfJ43rtj3HXGkISix9eriwSilPAQmGwxsQPoiIx0YwKwccLpW.jpg?quality=95&as=32x20,48x30,72x45,108x67,160x100,240x150,360x225,480x299,540x337,640x399,720x449,970x605&from=bu&cs=970x0",Фасад здания с колоннами на городской улице; перед ним дорога с автомобилями и деревья по краям.,показать здание в городской среде,False
"https://sun9-53.userapi.com/s/v1/ig2/V1BW7KHMCRkHigWY59BE-jE6gg3wtSiLun9TdHtFQpDHBaCaVszI_8whiJP0DWYiwqyGKAsKd1jXiV9aP_pFpDrw.jpg?quality=96&as=32x43,48x64,72x96,108x144,160x213,240x320,360x480,480x640,540x720,640x853,720x960,780x1040&from=bu&cs=780x0",Женщина пожилого возраста в бирюзовой куртке стоит на тротуаре на фоне городских зданий и ясного неба,показать человека на городской улице,False
"https://sun9-35.userapi.com/s/v1/ig2/ic_QNFcYufIsd1HZnJZprRxYxxV6uHHWN8yFVZHLEndlY5lobFVs4ZTpBCdd7eF-Bj1p6Af5fq9d_AoR-qfL_mhs.jpg?quality=95&as=32x71,48x107,72x160,108x240,160x356,240x533,360x800,480x1067,540x1200,640x1422,720x1600,1080x2400,1152x2560&from=bu&cs=1152x0","Ночная улица; неоновые розово-неоновые вывески Chinatown вдоль фасада кирпичного здания, над входами висят гирлянды фонариков",показать ночной уличный квартал с неоновыми вывесками Chinatown вдоль фасада,False
"https://sun9-45.userapi.com/s/v1/ig2/cAppu2MGkdJIZzIHRo8UpynkiYi_-Tt48wHVhjUmsiMBzXtQCjlIiV4exMRMV-xiK0EsWfN6-2RFyeo0MAyTpx50.jpg?quality=95&as=32x43,48x64,72x96,108x144,160x213,240x320,360x480,480x640,540x720,640x853,720x960,1080x1440,1280x1707,1440x1920,1920x2560&from=bu&cs=1920x0",Женщина в розовом платье с пышными рукавами и широким поясом с золотистой пряжкой позирует перед белой рольставней; акцент — платье и силуэт.,показать платье,False
"https://sun9-38.userapi.com/s/v1/if1/lWGgkTQVgDYfhLReaJ138H1Ln65NeFZ5YALnJFCGkO7aDrWYrGo_FBI6rhkbEvB7VS_yfzM-.jpg?quality=96&as=32x21,48x31,72x47,108x70,160x104,240x156,360x234,480x312,540x351,640x416,690x449&from=bu&cs=690x0","Старая улица: слева крупное двухэтажное кирпичное здание с башнеобразной частью на углу, впереди припаркован автомобиль; по обеим сторонам улица с деревьями без листвы; вдали проходят люди.",задокументировать городскую сцену,False
"https://sun9-39.userapi.com/s/v1/ig2/ITNZHO9cr9UEXB6CLZOYhC4Zv9FoAEdMqqSXlokddDpHJQjrwDsZBIZdtgd4PqnFKjler42y0n9AVCuzgB5Q0aC4.jpg?quality=96&as=32x43,48x64,72x96,108x144,160x214,240x320,360x481,480x641,540x721,640x855,720x961,1080x1442,1280x1709,1342x1792&from=bu&cs=1342x0","Женщина в бежевом жакете и белой водолазке позирует на улице перед стеклянной дверью, в черных брюках и бежевых туфлях; солнечный свет.",показать одежду,False
"https://sun9-29.userapi.com/s/v1/ig2/_LdygZBGNFl5X8Kp4NzpkjQ8MFoqprjy5HtGTUdfgslAHOK63g1aJIVlNa8JArM7u1hB5Gg9lpolpttbx4eW02vb.jpg?quality=95&as=32x43,48x64,72x96,108x144,160x213,240x320,360x480,480x640,540x720,640x853,720x960,1080x1440,1280x1707,1440x1920,1920x2560&from=bu&cs=1920x0","Человек в бордово-белую полосатую длинную кофту и кожаные черные брюки на улице, частичный кадр",показать одежду,False
"https://sun9-56.userapi.com/s/v1/ig2/KsUmZl856o_ogGv_Zk76W5pUOAkjp_JvyENdgVie7x58FxbAek-J2yf7-RGKC8wpcNt3TfVbJ4FlxcrXFpzkPq1q.jpg?quality=95&as=32x43,48x64,72x96,108x144,160x213,240x320,360x480,480x640,540x720,640x853,720x960,1080x1440,1280x1707,1440x1920,1920x2560&from=bu&cs=1920x0",Женщина в полосатом свитере и кожаных брюках стоит на тротуаре перед стеклянным зданием,показать одежду,False
"https://sun9-43.userapi.com/s/v1/if1/ZRk7UJU4oLwk8afBpQZPlRAZO8CnAL_xkpabsmjE60iH9j-tTZKr2Vscp2CcrZIiZNKaLl7D.jpg?quality=96&as=32x24,48x36,72x54,108x81,160x120,240x180,360x270,480x360,540x405,640x480,720x540,1080x810,1280x960,1440x1080,1536x1152&from=bu&cs=1536x0","Вид на городской горизонт с высоты: в кадре крыши зданий, улицы и небо; на переднем плане лежит коробка с надписью на русском.",задокументировать городской пейзаж,False
"https://sun9-42.userapi.com/s/v1/ig2/nl1q5OApRGT63JVbd3C-HxevW7h4-8rH6WmSStKiu02eyC9oET2vh6E33PCfUxQbgcibWQaD7qozegBGJpyB07A6.jpg?quality=95&as=32x43,48x64,72x96,108x144,160x214,240x321,360x481,480x642,540x722,640x855,720x962,1080x1444,1197x1600&from=bu&cs=1197x0",Женщина в розовом костюме с шляпой позирует на улице перед кирпичной стеной; на фоне видна неоновая вывеска и красные контейнеры.,показать одежду,False
"https://sun9-64.userapi.com/s/v1/if1/3s_8NMLN_6OA73V_nA7vg9_2c_epaUvr9FjgZUEm3tRWdihG78L-kH9qZoH_Izxz9iEq3LFc.jpg?quality=96&as=32x24,48x36,72x54,108x81,160x120,240x180,360x270,480x360,540x405,640x480,720x540,960x720&from=bu&cs=960x0","Три человека на балконе с видом на городской пейзаж, делают селфи и улыбаются; на заднем плане крыши и здания.",сделать селфи,False
"https://sun9-62.userapi.com/s/v1/if2/z-MLGGGYcI_cKpAut89sLUEi4QzCP53IFvXje1am5rnFuZd7hIJ0Cm8ue4PyCfw2KXpmcrqwCIazYkIrcnLe1bWy.jpg?quality=96&as=32x24,48x36,72x54,108x81,160x120,240x180,360x270,480x360,540x405,640x480,720x540,960x720&from=bu&cs=960x0",Группа людей на улице держит голубые воздушные шары на празднике; на фоне красно-белого здания,показать группу людей на празднике,False
"https://sun9-75.userapi.com/s/v1/ig2/RChErmsprQ8j-O1iCA3urnaFDpNedvXt4l0J7UJ5o2IfqxhtjT9ORIHxpech0WRxCdo5K3gH576VUGCzvNS3PIwf.jpg?quality=95&as=32x69,48x104,72x156,108x234,160x347,240x521,360x781,480x1041,540x1172,640x1388,720x1562,1080x2343,1180x2560&from=bu&cs=1180x0","Высокое современное здание с голубыми окнами на фоне неба, по бокам другие городские дома, в нижнем плане деревья и вывеска",показать здание и городскую улицу,False
"https://sun9-42.userapi.com/s/v1/if2/RMsQmkTiLEBUmByRaYVUU9MQ99BQ_Su6lzUZ6TpM3v29f97qdNX1H2S_o8JSvwM7_yMInRjlSDuhPNSSZUQeT8C1.jpg?quality=96&as=32x24,48x36,72x54,108x81,160x120,240x180,360x270,480x360,540x405,640x480,720x540,960x720&from=bu&cs=960x0","Женщина сидит в автомобиле, видны окно и отражение здания на стекле.",портрет человека в автомобиле,False
"https://sun9-61.userapi.com/s/v1/if1/kU4-nU3PmmwipoKS1k0r41d5ArbTjP80QaWZJUJ0dtm57RBzWdUMyi6eqGGBE4rYt1eDGz_t.jpg?quality=96&as=32x24,48x36,72x54,108x81,160x120,240x180,360x270,480x360,540x405,640x480,720x540,1000x750&from=bu&cs=1000x0","Черный седан на городской улице с двумя людьми по обе стороны от автомобиля у открытых дверей, позируют на фоне многоэтажных зданий, парковки и тротуара",показать автомобиль,False
"https://sun9-61.userapi.com/s/v1/ig2/SmRC-3eipM3gPfWho5pGOvJuEEZwiGk1CuWrapyj8B24XUI_yp1r8DXPxoU9Z5NmfPxXjx3aW-cUXwMptmT1SuMd.jpg?quality=95&as=32x57,48x85,72x128,108x192,160x284,240x427,360x640,480x853,540x960,640x1138,720x1280,900x1600&from=bu&cs=900x0","Человек в черной куртке и шапке сидит на красной металлической лестнице, рядом кирпичная стена; на фоне висят гирлянды огней.",показать портрет человека на лестнице в городской обстановке,False
"https://sun9-78.userapi.com/s/v1/if1/yRqqu3nj9R3FMRMpUv1DUzjYRL33fh5XSq76CHfVZZNnJ36XY_OpfrYImb5q3HA3ggxdXw.jpg?quality=96&as=32x24,48x36,72x54,108x81,160x120,240x180,360x270,480x360,540x405,640x480,720x540,1080x810,1280x960&from=bu&cs=1280x0","Синий автомобиль на улице, видна боковая часть и окно.",показать автомобиль на городской улице,False
"https://sun9-65.userapi.com/s/v1/ig1/ubJMvQo642OQOBIA_-164qORHBwzQQ4GvAzGIr-KAcsjmYADc7Zv5Ydb6B3WkgDJPmw6Sdmz.jpg?quality=96&as=32x43,48x64,72x96,108x144,160x213,240x320,360x480,480x640,540x720,640x853,720x960,768x1024&from=bu&cs=768x0","Высокое многоквартирное здание с башенкой на крыше на городской улице; вокруг рядом здания, автомобили и пешеходы",задокументировать городскую сцену,False
"https://sun9-35.userapi.com/s/v1/ig2/98zNOWdezWdts5LVVY3a9ArYEzLowXslMwD5kcnxj385CNb_UcDp_YU7Csv1DaJoTvU0l-ntGjcgxBNZYarlQ9iV.jpg?quality=95&as=32x43,48x64,72x96,108x144,160x213,240x320,360x480,480x640,540x720,640x853,720x960,1080x1440,1280x1707,1440x1920,1920x2560&from=bu&cs=1920x0","Черная компактная сумка/рюкзак в руке человека на улице, фон — тротуар и стена здания",показать сумку,False
"https://sun9-33.userapi.com/s/v1/ig2/Ysm2XVaqjZtRxWDPinz_N-6uQkaYyf-_7Q4DTwfYW1FZzWPicS6v8ygv5xx_-mn3VJjKj3pVSnPS9Z_x7SmS5FEW.jpg?quality=95&as=32x61,48x91,72x137,108x205,160x304,240x456,360x684,480x912,540x1026,640x1216,720x1368,842x1600&from=bu&cs=842x0","Женщина в розовом костюме с широкими рукавами и шляпой позирует на улице; на заднем плане вывески и красные китайские фонари, кирпичная стена и тротуар.",показать костюм/косплей на фоне городской улицы,False
"https://sun9-40.userapi.com/s/v1/if1/Aw-1ZKRhasCSzTYvLWhKdO9dCedU2pts5L8qMrdADlPzmQziIFjl7JU_pxmXqMMS7PKdqAuu.jpg?quality=96&as=32x24,48x36,72x54,108x81,160x120,240x180,360x270,480x360,540x405,640x480,720x540,960x720&from=bu&cs=960x0","Белый седан припаркован на снегу ночью, слева кадра дорога, фон — городские огни и здания.",показать автомобиль на ночной городской улице,False
"https://sun9-59.userapi.com/s/v1/if1/H_fnwXUjNfG2pycm_XNbNvxT_9FudYINdGcfwywZrrnzFtQTqTGDZIM0Fqiul_Cc5S6wwQ.jpg?quality=96&as=32x24,48x36,72x54,108x81,160x119,240x179,360x269,480x358,540x403,640x478,720x538,1080x807,1280x956&from=bu&cs=1280x0","Большой рекламный баннер на фасаде красного здания у дороги; у тротуара стоят люди, по улице движутся автомобили.",зафиксировать рекламу на фасаде здания,False
"https://sun9-43.userapi.com/s/v1/ig2/Fy7TvOYjU6u9emdVV0thn4HVpvlUGDyTRSasi6zsQLn4zgWwUmoKhI6JBKjwjLZHZBzUBfX8EkmBADEgqAJHA4yB.jpg?quality=95&as=32x43,48x64,72x96,108x144,160x213,240x320,360x480,480x640,540x720,640x853,720x960,1080x1440,1280x1707,1440x1920,1920x2560&from=bu&cs=1920x0","Две женщины позируют у белого здания на улице: слева в белом спортивном костюме, справа в ярко‑розовом комбинезоне; они стоят у стены с окном на тротуаре.",позируют для группового портрета,False
"https://sun9-5.userapi.com/s/v1/ig2/4QUV6lRgUFF4Sqq0Hza8bbuq7Ak2wReJkvVGy5MCI10Wo78tLrkdahxo0i6FLbQGmnQi64epr-a-3Aa-LVuNXBgV.jpg?quality=95&as=32x43,48x64,72x96,108x144,160x213,240x320,360x480,480x640,540x720,640x853,720x960,1080x1440,1280x1707,1440x1920,1920x2560&from=bu&cs=1920x0","Женщина в бежевом плаще позирует на городской улице; на заднем плане тротуар, дорога и фасады зданий",показать одежду,False
"https://sun9-9.userapi.com/s/v1/ig2/gqzwL5jtXcvmZ4vy2o3dMqIjF9Y3Rzc9rqaqCNVKDjvhvqdjSBwUfp1ViUMr0gV2xnGef_P_61Yp9bvx_hzV_1_W.jpg?quality=95&as=32x43,48x64,72x96,108x144,160x213,240x320,360x480,480x640,540x720,640x853,720x960,1080x1440,1280x1707,1440x1920,1920x2560&from=bu&cs=1920x0","Женщина в черном пуховике с капюшоном стоит на заснеженной улице; рядом кирпичные стены, здания на заднем плане, над головой навес с гирляндами.",показать портрет человека на улице,False
"https://sun9-37.userapi.com/s/v1/ig2/RDFyqjUbuU6ipo7hwBvGRHj7BxAr11VKsB64Y2Qibq8dK6HXhfxN0IspKZIqUISzdZ5cExIkyGDHt35WlmFb4Tym.jpg?quality=96&as=32x43,48x64,72x96,108x144,160x214,240x320,360x481,480x641,540x721,640x855,720x961,1080x1442,1280x1709,1342x1792&from=bu&cs=1342x0","Женщина в клетчатом пальто и белом свитере стоит на улице у стены здания, позирует перед камерой.",показать одежду,False
"https://sun9-76.userapi.com/s/v1/ig1/DK6MM3TFWMpnrQoaKyXNKkvfRx6exM0xHSL5tuPyYqeoZOGUwQB_KeMr3LA6LNAMT7DBHtUl.jpg?quality=96&as=32x43,48x64,72x96,108x144,160x213,240x320,360x480,480x640,540x720,640x853,720x960,1080x1440,1224x1632&from=bu&cs=1224x0","Девушка в черной шапке и длинной куртке стоит у перил на балконе многоквартирного дома, держа сумку, на фоне городских зданий",показать портрет человека на фоне города,False
"https://sun9-33.userapi.com/s/v1/ig1/DWHitGRdKK9o6vfFEywLM5msE8W2apY9ZrV9mr3xyGK9eFhYxodFN8oKirf18syy538LbxbO.jpg?quality=96&as=32x32,48x48,72x72,108x108,160x160,240x240,360x360,480x480,540x540,640x640,720x720,960x960&from=bu&cs=960x0",Женщина и молодой мальчик улыбаются друг другу на газоне; на заднем плане видна стена здания с окном.,запечатлеть общение взрослого и ребенка на прогулке,False
"https://sun9-35.userapi.com/s/v1/ig2/DnHPPJNAaHRYZzD19DVmKJxZs6OAuJujMt-SZpmQlYcfPU_rqAUbOy26axnaV_0zG20SIzbpf0aBY2qKXZz3-fJA.jpg?quality=95&as=32x43,48x64,72x96,108x144,160x214,240x321,360x481,480x642,540x722,640x855,720x962,1080x1444,1197x1600&from=bu&cs=1197x0","Девушка в розовом плаще и шляпе стоит у кирпичной стены на улице; на окне подоконник с вазой ярко-розовых цветов, ветви украшены огнями/гирляндами. У неё длинная коса, в руках перчатки.",показать одежду,False
"https://sun9-11.userapi.com/s/v1/if2/vVj5obVFowFLSAflc_OeelpqEZkc_ZmUo6aHNdUU_VGTxpom8qZD8vY6lI_MZowPI8sQyH93M2fjgJznIqWmyCfz.jpg?quality=95&as=32x24,48x36,72x54,108x81,160x120,240x180,360x270,480x360,540x405,640x480,720x540,1080x810,1280x960&from=bu&cs=1280x0","Жёлтое деревянное здание на улице в снегу, перед ним припаркованы автомобили; вокруг многоэтажные дома",показать фасад здания,False
"https://sun9-86.userapi.com/s/v1/if1/pWTN5jxDwQv4n_IE_46stRx3V9vIhzIlaoV6yyynqPmRyNFyw_klELukBr_QvoHBcBthZPEN.jpg?quality=96&as=32x24,48x36,72x54,108x81,160x120,240x180,360x270,480x360,540x405,640x480,720x540,1000x750&from=bu&cs=1000x0","Чёрный автомобиль Mercedes с открытыми дверями, по обе стороны стоят мужчина и женщина, на городском фоне, рядом парковка и здания.",показать автомобиль,False
"https://sun9-46.userapi.com/s/v1/ig2/X_i1EMnIN_MqGOzeKUuZc5_BCOSKCo7T2OQ0qzKAOQRxoeEzGF1xFTrGL0ClpR_Dr-tj96WJmoZLhQ6wBeePRdBO.jpg?quality=96&as=32x43,48x64,72x96,108x144,160x213,240x320,360x480,480x640,540x720,640x853,720x960,780x1040&from=bu&cs=780x0","Человек в черном пуховике с меховым капюшоном стоит на открытом балконе, вдоль которого проходят перила; на заднем плане видны городские здания и улица.",портрет человека в зимней одежде на фоне города,False
"https://sun9-18.userapi.com/s/v1/if1/wp5UDsT0VkxyJC2Ss0G7PPxbYFiqr9b_5wRiyKNiJ7OA3PaQi7YzILcCWV_0fcPHftB3JR_O.jpg?quality=96&as=32x24,48x36,72x54,108x81,160x120,240x180,360x270,480x360,540x405,640x480,720x540,960x720&from=bu&cs=960x0","Группа людей на улице держит голубые шарики на фоне городского района; люди в тёплых куртках, яркие головные уборы; видно тротуар и многоэтажные здания",показать группу людей на городском мероприятии,False
"https://sun9-82.userapi.com/s/v1/ig2/mHFHkY2xEBpWouv4PPpVP6ol3mQs5IJgq_eugUt24TA43v0TTsMVDrYkHKc5WVFNDAFDov9aIvXdF14QdRNW35qd.jpg?quality=95&as=32x43,48x64,72x96,108x144,160x213,240x320,360x479,480x639,540x719,640x852,720x959,1080x1438,1280x1705,1440x1918,1922x2560&from=bu&cs=1922x0","На улице стоит человек в черном худи и светлых кроссовках, смотрит вниз на телефон; позади красная крупная архитектурная конструкция, светофор и тротуар; со стороны дороги припаркованные автомобили и здания.",портрет человека на улице,False
"https://sun9-8.userapi.com/s/v1/ig2/BElxW4LNTtG4mDe5J5v6lXeu7YLUnj3O-KXabP4QCsnZpIJThpVUNbmo4OSjryAMJDcvRIMoZ8VcQBhwQYhER5eI.jpg?quality=96&as=32x43,48x64,72x96,108x144,160x213,240x320,360x480,480x640,540x720,640x853,720x960,1080x1440,1280x1707,1440x1920,1620x2160&from=bu&cs=1620x0","Женщина в длинном клетчатом пальто с очками стоит в парковочном гараже, над ней потолок и колонны; на ней голубые широкие джинсы и белые кроссовки, она смотрит в сторону.",показать одежду,False
"https://sun9-49.userapi.com/s/v1/ig2/YJ29iuOXp5mWEZa-hkE0-zz4TdBQugw_k6B61wQZHEtKtR-CwROwQ79MKBUUAuhnC605iDyVx2V8YTwZ-bKIiMNh.jpg?quality=95&as=32x43,48x64,72x96,108x145,160x214,240x321,360x482,480x643,540x723,640x857,720x964,1080x1446,1195x1600&from=bu&cs=1195x0",Две женщины в зимних шапках и куртках позируют на улице вечером; фон украшают яркие фонари и вывески магазина.,сделать селфи,False
"https://sun9-61.userapi.com/s/v1/ig2/XRF5Eq-kWpuEjAKEg37WlwOrzl1TPIm2IxNOLJ18LcW8quc1vYmvqYYe1oJyUbeEOlQTURxvPs9B7qN1DSpBE5lK.jpg?quality=95&as=32x72,48x108,72x162,108x243,160x361,240x541,360x811,480x1082,540x1217,640x1442,710x1600&from=bu&cs=710x0",Женщина в розовом военном костюме позирует на улице перед кирпичной стеной; над ней висят красные фонари и вывески.,показать костюм в городском контексте,False
"https://sun9-3.userapi.com/s/v1/ig2/fW4ULapW_BGPZUfn21DiXMHz56t9uXC5LZ2dI735di2NW0rOCoH4neIX7py6iT6zKCArCjw3an6Gl0oU6j03x6V4.jpg?quality=95&as=32x43,48x64,72x96,108x144,160x213,240x320,360x480,480x640,540x720,640x853,720x960,1080x1440,1200x1600&from=bu&cs=1200x0","Две женщины сидят за столиком уличного кафе; на столе две миски с едой, кирпичная стена позади; кадр в формате группового портрета.",показать людей за столом в кафе,False
"https://sun9-2.userapi.com/s/v1/ig2/XRXXeLj80HXHg7JUlZBidkS2dlliUq-YsEr1uYsKh9OOAthhd9MvgEtnLE1tkRlTdccbmwVtGPq6fPFjlO_j5Kc0.jpg?quality=95&as=32x43,48x64,72x96,108x144,160x213,240x320,360x480,480x640,540x720,640x853,720x960,1080x1440,1280x1707,1440x1920,1920x2560&from=bu&cs=1920x0","Женщина в коричневом платье позирует на улице у каменной стены, держит руку на поясе; на фоне — плиточный фасад и зелень.",показать одежду,False
"https://sun9-15.userapi.com/s/v1/if2/hFDo42nxwxqjuqvxNVMCBYUMdKs4ZROmU4up-E6FWNXQWVpzyCYP5F8BMJjwW7YtYYNiJECK6Atevi3trrGaT3nX.jpg?quality=96&as=32x24,48x36,72x54,108x81,160x120,240x180,360x270,480x360,540x405,640x480,720x540,854x640&from=bu&cs=854x0","Автобус на снеговой улице, вокруг собираются люди; позади видны стеклянные высотки/здания.",показать автобус на городской улице,False
"https://sun9-58.userapi.com/s/v1/ig2/4dCDw0rINUcQ40ELBvDg5FmXMxJzT73AzCrfL8y0jFf0RMcGuvlYXxOjUGQFfuOII96bQpJ_9ccG_Zr-NWoCgYd5.jpg?quality=95&as=32x43,48x64,72x96,108x144,160x213,240x320,360x480,480x640,540x720,640x853,720x960,1080x1440,1200x1600&from=bu&cs=1200x0","ночная дворика между кирпичными домами, гирлянды и висящие флажки, красная качельная скамья под навесом",показать декоративную уличную сцену,False
"https://sun9-17.userapi.com/s/v1/ig2/lB2PX4B0x_6AENcRnqUzqU3_OJV0G9J6iHCPsZVYsRLhtE7YFznCtHw5r7WNOsXcvvGXQfQd-M-pPeEI4_g9NXEG.jpg?quality=95&as=32x43,48x64,72x96,108x144,160x213,240x320,360x480,480x640,540x720,640x853,720x960,1080x1440,1280x1707,1440x1920,1536x2048&from=bu&cs=1536x0",Мужчина в светло-серой куртке позирует перед красной деревянной конструкцией на улице; на фоне снег и кирпичная стена.,портрет человека,False
"https://sun9-11.userapi.com/s/v1/if1/sX46rzwbSFKXK9RDb2xAkBQZY7gOWjTqsftD25ihEsZnexV9KfNvGt87jjEp49PCCVy8n-zm.jpg?quality=96&as=32x24,48x36,72x54,108x81,160x120,240x180,360x270,480x360,540x405,640x480,720x540,1000x750&from=bu&cs=1000x0","Черный автомобиль Mercedes на улице, слева и справа стоят люди у открытых дверей автомобиля; на заднем плане городские здания, деревья и парковочные места",показать автомобиль,False
"https://sun9-43.userapi.com/s/v1/ig2/43JCIZsbe5akiy8mc6Ujg_B-lADZrOOSLNNGjrXix5WxpPEUH-ycW2pnJef2lrFKzL3EwVF7s7BF1Fsdw-WCKgcY.jpg?quality=96&as=32x32,48x48,72x73,108x109,160x162,240x242,360x363,480x485,540x545,640x646,720x727,1080x1091,1280x1292,1438x1452&from=bu&cs=1438x0",Мужчина в очках слева на переднем плане на улице; позирует для фото. За ним черный автомобиль и стеклянное здание на фоне.,показать портрет человека на улице,False
"https://sun9-67.userapi.com/s/v1/ig2/QwuM-QOjGDNLjWyxdyy_p2dK8lr-mrn7_SItoo-3XqEG1xB9u-b2S5mai_mxt7JF5ay8DT7S-orMvTLkSvET1Sj4.jpg?quality=95&as=32x43,48x64,72x96,108x144,160x214,240x321,360x481,480x642,540x722,640x855,720x962,1080x1444,1197x1600&from=bu&cs=1197x0",Женщина в розовом костюме и козырьке позирует перед кирпичной стеной с неоновыми вывесками,показать одежду,False
"https://sun9-56.userapi.com/s/v1/ig2/TfnXqhSnDpBYmoJvzfb-vJF6eVv0rxwbX2E-yCrQ-UfJaSqiAUJE77b6ZtGzCUxmQ79k-02suXv1EZp6JKJgebR-.jpg?quality=95&as=32x43,48x64,72x96,108x144,160x214,240x320,360x480,480x641,540x721,640x854,720x961,1080x1441,1280x1708,1440x1922,1918x2560&from=bu&cs=1918x0","Красные уличные фонари над красными скамейками; снег на лавках и на земле, кирпичная стена здания с окнами на фоне.",показать декоративные уличные фонари и урбанистическую мебель на улице зимой,False
"https://sun9-58.userapi.com/s/v1/ig2/jjYws8PE3daN1gQRE_oYPMp0NDWk2oWkUvM1SVDwcMzKJrsAFYiwFRfzcJAa6RvxVlBGrcrIBz0IfqriZMEHI86i.jpg?quality=96&as=32x43,48x64,72x96,108x144,160x214,240x320,360x481,480x641,540x721,640x855,720x961,1080x1442,1280x1709,1342x1792&from=bu&cs=1342x0",Женщина в клетчатом пальто позирует на улице у входа в здание; кирпичная стена и дверь на заднем плане,показать пальто,False
"https://sun9-43.userapi.com/s/v1/ig2/U-uu3VXbZ-CcKU0DfIAb1yTyRqt7RTMU2z4xYbj2NOyKZEF696U-XBm4_GFOjQb2a9IcmsBktq2UpzobOPm3tlJW.jpg?quality=95&as=32x43,48x64,72x96,108x144,160x214,240x320,360x480,480x641,540x721,640x854,720x961,1080x1441,1280x1708,1440x1922,1918x2560&from=bu&cs=1918x0","Уличный переулок с кирпичными домами, висят красные фонари и гирлянды, на мокрой от снега мостовой стоит женщина в темном пальто, слева и справа — red-цветные лавки.",сделать уличный портрет,False
"https://sun9-8.userapi.com/s/v1/ig1/goFN7DDoqMqKU_LqxueridRC-tbsKXooWol9lrmo2O2BZBaOWz_FsfZzYjyOLOKMoDCe-g.jpg?quality=96&as=32x43,48x64,72x96,108x144,160x213,240x320,360x480,480x640&from=bu&cs=480x0","Две женщины улыбаются и делают селфи на улице, на заднем плане видны городские здания.",сделать селфи на улице,False
"https://sun9-49.userapi.com/s/v1/ig2/pRkgF50R0fgVfepo0J3X62r0YgclpftxHqz8X96OjCWbn12VXQfwYlz6dKuSB5F8zaTMuS-bqTr0a8lfBfnx1ncq.jpg?quality=95&as=32x66,48x99,72x149,108x223,160x330,240x495,360x743,480x991,540x1115,640x1321,720x1486,775x1600&from=bu&cs=775x0","Человек в розовом костюме с длинной накидкой держит ветку с цветами на улице; позирует перед кирпичной стеной, над головой висят красные фонари, на заднем плане видны вывески и знак 24ч.",показать костюм,False
"https://sun9-88.userapi.com/s/v1/ig2/-Ji1VuJtnC8t1Vqn_Z4mHl06erurc6hPanvdSyOcFWXB8skEgabTUfvKTb_p8ykanVZkhwY4EuanorCpzNoTEeLB.jpg?quality=95&as=32x57,48x85,72x128,108x192,160x284,240x427,360x640,480x853,540x960,640x1138,720x1280,900x1600&from=bu&cs=900x0","Человек в тёплой куртке и шапке позирует на улице возле стога сена и тыкв, на фоне кирпичной стены, часть снежной кромки на земле.",показать портрет человека на фоне тыквенного декора,False
"https://sun9-45.userapi.com/s/v1/ig2/HJSVUPazSUYBy5HMGjvAtEf0D2NF-BxANCWf7IF8tTPmcVCmDUicBvSlEBDdLxL_yaBa1ftiUBdrPbdjpdEpR39v.jpg?quality=95&as=32x43,48x64,72x96,108x144,160x214,240x321,360x481,480x642,540x722,640x855,720x962,1080x1444,1197x1600&from=bu&cs=1197x0","Женщина в розовом костюме и шляпе позирует на открытой городской площадке; спереди висят ярко-розовые цветы на ветке, на фоне видны кирпичные стены, гирлянды и ограждение.",позирование для портретной съемки,False
"https://sun9-51.userapi.com/s/v1/ig2/v3rE54h49kwF-2F2uaj_xvD71phxbDYYowrshOYSqv-ofyGsvUfTgGZ32GRuBqPkU8CLiXHA5Ke_fvFhgzz2qTE-.jpg?quality=95&as=32x43,48x64,72x96,108x144,160x213,240x320,360x480,480x640,540x720,640x853,720x960,1080x1440,1280x1707,1440x1920,1920x2560&from=bu&cs=1920x0","Женщина в ярко-розовом спортивном костюме позирует у светло-серой стены здания на улице, солнце, она в очках.",показать одежду,False
"https://sun9-69.userapi.com/s/v1/ig1/VZko8uI8XDWwvRCiBKhG1u3a9OhVDNOGe-Jm3cuvO-3-TKXUwGjQZVPwEmWJoRZR7IUd6xcC.jpg?quality=96&as=32x57,48x85,72x128,108x192,160x284,240x427,360x640,480x853,540x960,640x1138,720x1280&from=bu&cs=720x0",Женщина в длинном светло-сером меховом пальто позирует у витрины магазина на улице; на витрине видна надпись 'New collection Winter 2019-2020'.,показать меховую шубу,False
"https://sun9-83.userapi.com/s/v1/ig2/xktzd9UbhJBE1O3UCiW7nfUVki_fs-l3wmZAWD_tkO2EcO1ZvYgsaWuCW4dekOnLNgtVr5IO1Sl5odwdcmn_Fg9h.jpg?quality=95&as=32x43,48x64,72x96,108x144,160x214,240x321,360x481,480x642,540x722,640x855,720x962,1080x1444,1197x1600&from=bu&cs=1197x0","Женщина в розовом пальто и шляпе стоит рядом с кирпичной стеной, левая рука в перчатке касается стены; на подоконнике — вазон с сухоцветами, рядом окно в старом здании.",показать портрет на фоне городской стены,False
"https://sun9-37.userapi.com/s/v1/ig2/zJgAhyB0to2oWrEQydssndsPSH3f6uWiD7phCkoeR-gkyYAcuXTfoRRy6VVfvdvNsAuy0b9G4UfKjY5EoRRuqkHo.jpg?quality=96&as=32x43,48x64,72x96,108x144,160x214,240x320,360x481,480x641,540x721,640x855,720x961,1080x1442,1280x1709,1342x1792&from=bu&cs=1342x0",Две женщины в худи позируют на улице перед стеной с облупившейся краской.,показать одежду,False
"https://sun9-54.userapi.com/s/v1/ig1/YcgtzOUMrxLzdPDzvlChmDJjVJPRW6fZV_hHPaLlZ4RRqWsU0eMRq4KNUvEHoudIRyPLSUjg.jpg?quality=96&as=32x32,48x48,72x72,108x108,160x160,240x240,360x360,480x480,540x540,640x640,720x720,960x960&from=bu&cs=960x0","Улица города в сумерках, по обе стороны стоят многоэтажные здания; на переднем плане виден красный светофор, прохожие и автомобили на улице, над дорогой провода.",показать городскую сцену,False
"https://sun9-68.userapi.com/s/v1/ig2/aGd7Ux81-AA9CjDiotO5nQ9ovhJv8AYUNDnLc8REnP5q7jtJywNNdKLKjWtRkvNWBVxyX9nSUhKSrRs47Jafsd-9.jpg?quality=96&as=32x40,48x60,72x90,108x135,160x200,240x301,360x451,480x601,540x677,640x802,720x902,1080x1353,1280x1604,1296x1624&from=bu&cs=1296x0","Модель стоит на улице возле светло-голубой стены, в бежево-клетчатом жакете поверх черного топа и светло-бежевых шорт, руки в карманах",показать одежду,False
"https://sun9-64.userapi.com/s/v1/ig2/42iARCo1LCVj7wfrgHw1mvx6t4WaWGblR6DDeggN6Iz0LPyUlLrlPmZLEn41JLbFem1irIstd-l9unOqzoyqkjgE.jpg?quality=95&as=32x39,48x59,72x88,108x132,160x196,240x294,360x440,480x587,540x660,640x783,720x881,1080x1321,1280x1566,1440x1761,2093x2560&from=bu&cs=2093x0",Женщина в синем платье с зелёным поясом позирует на улице возле цветника и фасада здания с стеклянными окнами,показать платье/наряд,False
"https://sun9-33.userapi.com/s/v1/ig2/YPCmK0w78qVzQQntUXJgTK21OnDqTXemdsOSM-73D_RkoRR9O-midrwHMAWqblAtwMKp6wvb47yLn3n2bIzVAV8W.jpg?quality=95&as=32x43,48x64,72x96,108x144,160x214,240x320,360x481,480x641,540x721,640x855,720x961,1080x1442,1280x1709,1342x1792&from=bu&cs=1342x0",Женщина в черном укороченном топе и широких брюках позирует у белой стены; на ней солнечные очки. Слева видна зелень.,показать одежду,False
"https://sun9-53.userapi.com/s/v1/ig2/Ca1TGnpnY2MukAwIAfGGNbQYIrcSonTg7DdyyILXupiOASVtuOA4d1UjFmbuHS8Y1hcXMkKm9npJ2xXzy44ph1k9.jpg?quality=95&as=32x43,48x64,72x96,108x144,160x213,240x320,360x480,480x640,540x720,640x853,720x960,1080x1440,1280x1707,1440x1920,1920x2560&from=bu&cs=1920x0","Близкий кадр: светлая пуховая куртка с карманами и пушистыми манжетами, рука в кармане; фон городской улицы/витрины.",показать одежду,False
"https://sun9-49.userapi.com/s/v1/ig2/okL3CiA7V5Q9-G4NiCDRz_PHEBDujAHPedMwKfTOt-oNdUi_qE-8sdHXZKwUTBf-fMUfrKkXtwdpgFCGbK82lbRw.jpg?quality=95&as=32x43,48x64,72x96,108x144,160x213,240x320,360x480,480x640,540x720,640x853,720x960,1080x1440,1280x1707,1440x1920,1920x2560&from=bu&cs=1920x0","Женщина в зимнем бежево-голубом куртке с меховым воротником стоит на снегу на городской улице. На заднем плане видны здания, автомобили и снежная дорожка.",показать одежду,False
"https://sun9-69.userapi.com/s/v1/if2/wSMqfG4Y0NzyhkATZN4F4K9vrvyjdIsjza_qEtGl0sefEauoLrpDo20D1HeZylicKB6jdvFg3LN7iazAlhQ-EDN5.jpg?quality=96&as=32x24,48x36,72x54,108x81,160x120,240x180,360x270,480x360,540x405,640x480,720x540,1080x810,1280x960&from=bu&cs=1280x0","Городской пейзаж сверху: множество многоэтажек с снежными крышами, улицы и переулки между домами, горизонт вдалеке",показать городской пейзаж сверху зимой,False
"https://sun9-8.userapi.com/s/v1/ig2/zOBjYCe4WTXOW-fzD2VSfFqw_drvrdVQ7BgpUd3y8GknvtXBvbUHM5Yjg0hvVgdMOWWj-aEz_1_9pmOh8A840W3P.jpg?quality=96&as=32x43,48x64,72x97,108x145,160x215,240x322,360x483,480x644,540x724,640x858,716x960&from=bu&cs=716x0",Мужчина стоит на тротуаре перед большим красным зданием с большими стеклянными окнами.,сделать портрет на улице,False
"https://sun9-19.userapi.com/s/v1/ig2/-n2h7MwuVuNihyV5QzZccs0Ag1Cmk2PrVwLCT8l9qL8FFpj7czdhkx_o9geYnDCAKIvnx1usGLHAAMIiQD7Dxk2N.jpg?quality=95&as=32x43,48x64,72x96,108x144,160x213,240x320,360x480,480x640,540x720,640x853,720x960,1080x1440,1266x1688&from=bu&cs=1266x0",Мужчина в синем костюме стоит на тротуаре у городской улицы с электросамокатом.,портрет на улице,False
"https://sun9-58.userapi.com/s/v1/ig1/ICEHfVK5A4avvsAG6mmoY96vWtMq2zzEuAwO1QI5gkbxsVuBrXAUbI1XUH8m9dkt-dz4BKZn.jpg?quality=96&as=32x43,48x64,72x96,108x144,160x213,240x320,360x480,480x640,540x720,640x853,720x960,1080x1440,1280x1707,1344x1792&from=bu&cs=1344x0",Синий автомобиль крупным планом на городской улице; на заднем плане высотное здание и голубое небо,показать автомобиль,False
"https://sun9-88.userapi.com/s/v1/ig2/Kgr8dGk3eqxXJxl3gfnZFYOQEPpwtH8aXVKP-39EpPglhFGDSedyrV8g1TWHca1cdsGfaXBpNYeDlcMIO2ZJ8EWm.jpg?quality=95&as=32x43,48x64,72x96,108x144,160x213,240x320,360x480,480x640,540x720,640x853,720x960,1080x1440,1280x1707,1440x1920,1920x2560&from=bu&cs=1920x0","Человек в чёрном длинном пуховике с капюшоном стоит спиной к камере на городской улице перед витриной магазина; на улице видны красные гирлянды, вывески на китайском языке, кондиционер и контейнеры-ящики вдоль стены.",показать человека в зимнем пальто на улице,False
"https://sun9-82.userapi.com/s/v1/ig2/0TIKqB8XRZvPYjXFh9puYMp-S2uPCjPxGQDDZcKlx_sfDiRfhHdw0LkMS_1iwIq_C8GYjVauroEPR6SU97S4bnQ1.jpg?quality=95&as=32x43,48x64,72x96,108x144,160x213,240x320,360x480,480x640,540x720,640x853,720x960,1080x1440,1266x1688&from=bu&cs=1266x0","Человек слева в кадре, сидит за красным столиком на улице; на столе бутылка соуса и стеклянный стакан; фон — уличная площадь кафе с вывесками и красными фонариками, здания на заднем плане.",задокументировать городскую сцену,False
"https://sun9-48.userapi.com/s/v1/ig2/_F8BrhucnDxamVBN_usbUByQ4fwxUaEUZVKIggiMeNYqwW1n6bGBS6N5-jnHTjHab9lHGJsdxeNpWIr3u6rJvC4o.jpg?quality=95&as=32x43,48x64,72x96,108x144,160x213,240x320,360x480,480x640,540x720,640x853,720x960,1080x1440,1280x1707,1440x1920,1920x2560&from=bu&cs=1920x0","Молодая женщина в белом пальто стоит на улице возле фасада здания, держит белую сумку. На фоне снег и стеклянные окна.",показать пальто и сумку на улице,False
"https://sun9-27.userapi.com/s/v1/if2/4C3XhPkJh62V69haKNOi5w2r4FEHnXPsUzNcnlh41HqB4tE80Y8TmxWiXJ_RUcJwKTVpL96avt47no9zySDcVnzL.jpg?quality=96&as=32x24,48x36,72x54,108x81,160x120,240x180,360x270,480x360,540x405,640x480,720x540,1080x810,1280x960,1440x1080,1837x1378&from=bu&cs=1837x0","Черный пикап RAM на городской зимней улице; снежная дорога, фон — здания, включены фары.",показать автомобиль в городской обстановке,False
"https://sun9-39.userapi.com/s/v1/ig2/S1INRRtpLdV6cEs6aU1Oz1-HISaF5FJ0bpqluJXROHACFZ5UrGB4HBZHSVa_f1PEXTpGhBiqIZLEDpZd_BKKzJ1C.jpg?quality=95&as=32x43,48x64,72x96,108x144,160x213,240x320,360x480,480x640,540x720,640x853,720x960,1080x1440,1266x1688&from=bu&cs=1266x0",Человек стоит посреди узкой городской улицы под яркими красными фонарями; слева и справа — здания и вывески.,портрет на улице,False
"https://sun9-61.userapi.com/s/v1/ig2/xitffPchuDu9MhLaDBB3teli2OKzvniymNDSSBZJ2s3p5E5EcURpd8mH-NDZSpPomSnCNjICwHKhSTMDkDckzJtc.jpg?quality=96&as=32x43,48x64,72x96,108x145,160x214,240x321,360x482,480x643,540x723,640x857,720x964,1080x1446,1280x1714,1434x1920&from=bu&cs=1434x0","Две девушки на улице в вечернем неоновом свете: одна подносит руку к губам другой, они стоят близко и смотрят друг на друга",показать взаимодействие между двумя людьми,False
"https://sun9-4.userapi.com/s/v1/ig1/ckqSe9mc6LR0OpNpJEw2yWDP6zTzIJbKMU_ksQhW6KavglntfAzETpuy9rVN_NuoyFD9N6Oo.jpg?quality=96&as=32x32,48x48,72x72,108x108,160x160,240x240,360x360,480x480,540x540,640x640,720x720,999x999&from=bu&cs=999x0","Заснеженный горный пейзаж с деревянным домом на склоне, окружённый снегом деревьями и забором; вдали видны горы.",показать зимний пейзаж с домиком,False
"https://sun9-43.userapi.com/s/v1/if1/Vp4wWkSnyr9aydfmLQriXv8He2Snq94gXnOilF2g7e5peMgWEwnu5njkOBZ08ruC5Q710C6z.jpg?quality=96&as=32x24,48x36,72x54,108x81,160x120,240x180,360x270,480x360,540x405,640x480,720x540,960x720&from=bu&cs=960x0","Пятеро мужчин в спортивной одежде стоят рядом на улице, позируют для фото. На фоне — городские здания, автобусная остановка и деревья.",показать группу людей в спортивной одежде на улице,False
"https://sun9-59.userapi.com/s/v1/ig2/4OIPRaoU0zJ8xx7jqqSIlSU02F8nLkkEEsw8we6Y054v3BC_mHPndUXFFYBdkIUh6KKC45H04f3wRxyjtk9M49cz.jpg?quality=96&as=32x43,48x64,72x96,108x144,160x214,240x320,360x481,480x641,540x721,640x855,720x961,1080x1442,1280x1709,1342x1792&from=bu&cs=1342x0",Женщина в сером свитере и кожаных брюках позирует на улице возле ограды на фоне осенних деревьев,показать одежду,False
"https://sun9-74.userapi.com/s/v1/ig2/oV7GFyimlBPJtfqkb3NUBnhUl7Ebk8BVHbrXzqcicK1tv2wQS8RHu0Wg2czDAH9Jm0AMvZZ3FpLc2-I7PbUvLUT4.jpg?quality=95&as=32x43,48x64,72x96,108x144,160x213,240x320,360x480,480x640,540x720,640x853,720x960,1080x1440,1280x1707,1440x1920,1920x2560&from=bu&cs=1920x0",Мужчина в синей куртке и шапке делает селфи на улице ночью; на фоне проезжей части с движущимися автомобилями и уличного освещения.,сделать селфи,False
"https://sun9-78.userapi.com/s/v1/ig2/bSPZpftAiouGpgzxeYCYCQsyL6Op4vnLfL5gK3Jd9QkP_l6rJUOlths4mxMPJNUQm-uWz9nG2be7COZU5wEKKjjD.jpg?quality=95&as=32x43,48x64,72x96,108x144,160x213,240x320,360x480,480x640,540x720,640x853,720x960,1080x1440,1280x1707,1440x1920,1920x2560&from=bu&cs=1920x0","Человек в черном костюме стоит на ярко-красной стене с плакатами слева; на улице, рядом с красной скамейкой/подиумом и тротуарной плиткой.",показать одежду,False
"https://sun9-68.userapi.com/s/v1/ig2/BTr_4vK4sixJpk_V0aDtLxDtWHtkakM0hDQZnck2au5D4WL7EGoT78QsD7GJe_U0b48KmneXJQoC9tbVu3ab-W8L.jpg?quality=96&as=32x43,48x64,72x96,108x144,160x214,240x320,360x481,480x641,540x721,640x855,720x961,1080x1442,1280x1709,1342x1792&from=bu&cs=1342x0",Женщина в белой водолазке и темных брюках позирует на улице перед плиточной стеной здания.,показать одежду,False
"https://sun9-49.userapi.com/s/v1/if1/YsWNLfiINwiGiBcelkIVl2MTfaiR9zwoNvF-0i0qt1l1V2B5doeouswQHuTRGTmGF80etFfl.jpg?quality=96&as=32x19,48x29,72x43,108x65,160x96,240x144,360x215,480x287,540x323,640x383,690x413&from=bu&cs=690x0","Улица с рядами старых одно- и двухэтажных зданий; по центру кадра движутся автомобили, по краям видны деревья и фонари.",задокументировать городскую сцену,False
"https://sun9-74.userapi.com/s/v1/ig2/JJyy5uxqvbCpUJ139AfQ_T4Xndpjmv6hogzvvQvgmXhFqwMsNC9t63tEyt1p585DieVSouczYiy8iBMaesaHRJdN.jpg?quality=96&as=32x43,48x64,72x96,108x144,160x214,240x320,360x481,480x641,540x721,640x855,720x961,1080x1442,1280x1709,1342x1792&from=bu&cs=1342x0","Женщина в тёмно-зелёном длинном пальто позирует на улице возле белой стены с решёткой, на фоне зелень и тротуар. Она смотрит в сторону, держит ремень пальто.",показать одежду,False
"https://sun9-56.userapi.com/s/v1/ig2/CQZp15wpLLaCBEDAgbBLJa0lByGjRpTbyjH218BdivsxwZY3l7EESNXQ1MPIWT9I0Qv1VREfJBsSNwgNSLsiFZVA.jpg?quality=96&as=32x43,48x64,72x96,108x144,160x213,240x320,360x480,480x640,540x720,640x853,720x960&from=bu&cs=720x0","Жёлтый кабриолет на городской улице; впереди тротуар, дороги и фасады зданий, номерной знак автомобиля виден",показать автомобиль на городской улице,False
"https://sun9-35.userapi.com/s/v1/ig2/BzmQA-M_h91zcGB6CM0gOJSB4N1PYmjf0_gVfUN9ia77rctEvbE2KH5rsFuOQKLYVGpp0bkpSTvEeJ_3RFoGeLFM.jpg?quality=96&as=32x43,48x64,72x96,108x144,160x214,240x320,360x481,480x641,540x721,640x855,720x961,1080x1442,1280x1709,1342x1792&from=bu&cs=1342x0","Женщина позирует на улице: сидит на бетонной балюстраде/перилах, левая рука свободно висит, правая слегка опирается. Фон — городской пейзаж с зеленью и красными элементами здания.",показать портрет и стиль одежды,False
"https://sun9-80.userapi.com/s/v1/ig2/qRItAz9jtj-70iAJ_GRjmjTZQrry2kM3XgmIxxC-Ileh2edhkBzixN5N-Albf8QMlPzs3clDEMyGrG42zsy-6L31.jpg?quality=95&as=32x43,48x64,72x96,108x144,160x213,240x320,360x480,480x640,540x720,640x853,720x960,1080x1440,1280x1707,1440x1920,1920x2560&from=bu&cs=1920x0","Женщина сидит на красной уличной качели у кирпичной стены, на тротуаре.",сделать портрет на улице,False
"https://sun9-13.userapi.com/s/v1/if1/1lErPZYqC2452IhHti4KHbdd2eRK9QgT5JGOyW3JdBgkBF3l2kqrTtyA5zCspNoRuvEgu602.jpg?quality=96&as=32x20,48x30,72x45,108x67,160x100,240x150,360x225,480x300,540x337,640x400,690x431&from=bu&cs=690x0","Улица города с рядом зданий вдоль проезжей части; на перекрестке идут пешеходы, движется транспорт",задокументировать городскую сцену,False
"https://sun9-35.userapi.com/s/v1/ig1/Ca-K1tuzFJW7V4fkd-QihjNH_7-J776b6lTPPXQY6diTKYvuM1hjs9ijSb6MYimmP2ARrekl.jpg?quality=96&as=32x43,48x64,72x96,108x144,160x213,240x320,360x480,480x640,540x720,640x853,720x960,1000x1333&from=bu&cs=1000x0","Человек в камуфляжной куртке сидит на офисном кресле в открытом грузовом прицепе, внутри которого лежат и стоят стулья, шкаф, стол, растения и другие предметы мебели.","показать сцену с человеком и грузовиком, набитым мебелью",False
"https://sun9-62.userapi.com/s/v1/if2/o9526_XmSuynBWye4Mk_g6fjbIslqYu0gaMkJ36169QPoqWYEf-H41DQlX_yuF0r3myuJeTNzZLQqU8NZj_hF7qx.jpg?quality=96&as=32x24,48x36,72x54,108x81,160x120,240x180,360x270,480x360,540x405,640x480,720x540,1080x810,1280x960,1440x1080,2560x1920&from=bu&cs=2560x0","Серый автомобиль проезжает через лужу на мокрой улице; мощные брызги воды разлетаются вокруг. На заднем плане виден крупный серый фасад здания с красной вставкой, деревья.",зафиксировать момент проезда через лужу,False
"https://sun9-45.userapi.com/s/v1/ig2/wI-5LQljLsfUjfZ5iyrlX2IWRYs74kUL69NavDMoH-DhRqgrcsOwRBlFVTIQ44d5WkZt2MNEmhHba9Z-QP0oLRQM.jpg?quality=96&as=32x43,48x64,72x96,108x144,160x214,240x320,360x481,480x641,540x721,640x855,720x961,1080x1442,1280x1709,1342x1792&from=bu&cs=1342x0","Женщина в джинсовой куртке поверх мятной кофты и бежевой длинной плиссированной юбки позирует на улице, на фоне зелёной стены и кустов.",показать одежду,False
"https://sun9-68.userapi.com/s/v1/ig2/o6ndvF7SXvNEzF_9bbolcWEa6HIfmZeq1PQ4_HODkh2k26ZWFrPAI2xvS5aTpeS4m5QB__Yak8Bq5ijEdb8BNl64.jpg?quality=95&as=32x43,48x64,72x96,108x144,160x213,240x320,360x480,480x640,540x720,640x853,720x960,1080x1440,1280x1707,1440x1920,1920x2560&from=bu&cs=1920x0","Серый вязаный свитер на кирпичной стене, крупный план ткани",показать одежду,False
"https://sun9-62.userapi.com/s/v1/ig2/6AftXknwq-KKHENcFlDEf8i16zb3yKd_BshI5bLc5WTCToKsS95Iddg_xPKZbwY4iTNDoHbOjih6tDJr7POjFHGT.jpg?quality=95&as=32x57,48x85,72x128,108x192,160x284,240x427,360x640,480x853,540x960,640x1138,720x1280,900x1600&from=bu&cs=900x0","Женщина в черной куртке и шапке стоит у кирпичной стены возле магазина; на стене кондиционер, слева витрина, рядом красные пластиковые ящики.",портрет на улице,False
"https://sun9-75.userapi.com/s/v1/ig2/q1mQ11pauLLuY9jKaIsVefH63xz5AfChemlYoo6XFTSvgh58FFm1_hBZ1gdeE1oKhg_TEWJFgzO5NsNHQ6EalVnO.jpg?quality=96&as=32x39,48x59,72x88,108x133,160x197,240x295,360x442,480x590,540x663,640x786,720x884,1080x1327,1280x1572,1322x1624&from=bu&cs=1322x0","Женщина позирует на улице у светло-голубой стены: она в бежево-клетчатом пиджаке и светлых шортах под черный топ, руки играют с волосами.",показать одежду,False
"https://sun9-31.userapi.com/s/v1/ig2/Ckv1HvPqJv7hLsZulDce1lhpO8L0_01P_IfglV_TKeCAvQ__WTa7bS6Q0da1UpIFxt38F4CzY7zISZ643pRwJg1K.jpg?quality=96&as=32x51,48x76,72x114,108x172,160x254,240x381,360x572,480x762,540x858,640x1016,720x1144,1080x1715,1280x2033,1360x2160&from=bu&cs=1360x0",Женщина в длинном сером пальто и солнцезащитных очках позирует на открытой парковке под эстакадой; на заднем плане видны колонны и кирпичная стена.,показать одежду,False
"https://sun9-27.userapi.com/s/v1/ig1/8rhLXTt4WFq6nyDSLRIpTKV1nlhvQDI-BOxscF08Kc6DxJrh9fhQhm7QDDc_jqrbetTkKA.jpg?quality=96&as=32x43,48x64,72x96,108x144,160x213,240x320,360x480,480x640,540x720,640x854,720x960,1080x1441,1280x1707,1339x1786&from=bu&cs=1339x0","Женщина в вечернем бордовом платье без рукавов позирует на крыше/террасе, на фоне неба и городских зданий",показать одежду,False
"https://sun9-87.userapi.com/s/v1/if2/YcVuDRX_bIh7mswdZ607gSpfiBj5M59wUtIqdXnGmfNG7DiJCEZdgf68-ezwvzCYbdEl7CXenqCKQVctsJYLWYkv.jpg?quality=95&as=32x24,48x36,72x54,108x81,160x120,240x180,360x270,480x360,540x405,640x480,720x540,1080x810,1280x960&from=bu&cs=1280x0","Белый фасад здания с колоннами по центру кадра, на переднем плане машины, снег и парковка на улице",показать здание,False
"https://sun9-55.userapi.com/s/v1/ig1/KNgx7loUBJaYaXEzdcURvtQNOGkcaQlJTwQwy1ik1E_Cjwgr9E3gNERenCdHXxYIQNVMdw.jpg?quality=96&as=32x43,48x64,72x96,108x144,160x213,240x320,360x480,480x640,540x721,640x854&from=bu&cs=640x0","Две женщины на улице возле стены с граффити и мусорных баков: одна сидит у бордюра возле большой металлической двери, другая подходит ближе и делает снимок.",задокументировать городскую сцену,False
"https://sun9-16.userapi.com/s/v1/ig1/Fhd0nd_HCWhGdLTvbzx5-7TBJDp676yH0RUybUhHQPFzgD4Ghp2eSA0aKrHi4dEYllyVHS_0.jpg?quality=96&as=32x43,48x64,72x96,108x144,160x213,240x320,360x480,480x640,540x720,640x853,720x960&from=bu&cs=720x0",Женщина в тёмном пальто держит белую цилиндрическую коробку с букетом роз и мелких цветов на парковке перед стеклянным зданием,показать женщину с букетом,False
"https://sun9-78.userapi.com/s/v1/ig2/CjV88_MKEkee574bqgg_z67OuXrG4u1_dmboiMMwxaCluo7xxLZPUipm4Z46mP5UvztquQl_UZnYZ9lWJe7JA8z-.jpg?quality=95&as=32x43,48x64,72x96,108x144,160x213,240x320,360x480,480x640,540x720,640x853,720x960,1080x1440,1280x1707,1440x1920,1920x2560&from=bu&cs=1920x0","Полная фигура женщины в белой куртке на улице, держит белую сумку, позирует на заснеженном фоне возле современных зданий",показать одежду,False
"https://sun9-2.userapi.com/s/v1/ig1/jv0dzW0-qU9CplXcNO_5h_bkQmGYKR8P103M8ImqwlUsQw3aw2o31xkmPe5yw6AG8TQG9g.jpg?quality=96&as=32x57,48x85,72x128,108x192,160x284,240x427,360x640,480x853,540x960,640x1138,720x1280,1080x1920,1215x2160&from=bu&cs=1215x0",Высокое здание с башенно-куполообразной вершиной на городской улице; перед ним тротуар и прохожие; на первом плане витрины и вывески магазинов.,задокументировать городскую сцену,False
"https://sun9-3.userapi.com/s/v1/ig2/abJHbHqZ1mQnmj0sZgqVLE24MUU6GRJpBXABTW5dJecdZplQBU_7Iq2bjkmOQMoeNKVwzFRFkIa1QwqUH1zstBTV.jpg?quality=95&as=32x43,48x64,72x96,108x144,160x214,240x320,360x480,480x641,540x721,640x854,720x961,1080x1441,1280x1708,1440x1922,1918x2560&from=bu&cs=1918x0",Уличная аллея между кирпичными домами: на мокрой после снега кирпичной мостовой стоят красные столы и скамейки. Над прогулочной зоной висят гирлянды с красными фонариками. Впереди идёт женщина в чёрном пальто; вокруг — здания и снежная подложка.,задокументировать городскую сцену,False
"https://sun9-49.userapi.com/s/v1/ig2/P-csisQR775ZPKydL5erfgQwAr2Wajnfk9rxvLXQKmvDNYymRHOryil4OCnhQfdJF_OGYK1Jclb07b_6De7h1ioS.jpg?quality=96&as=32x43,48x64,72x96,108x144,160x213,240x320,360x480,450x600&from=bu&cs=450x0","Мужчина в темной куртке стоит на ночной городской улице, фон — здания и вывески, уличное освещение.",показать человека на городской улице ночью,False
"https://sun9-35.userapi.com/s/v1/ig2/q_FDxTsharifzn-VS1aRvMP4J_r3B98yKJLY1tAF-o72gVUGBPdFWGPqbdjjrNTSv5lZvdzu_S9oumMjB0aaTek_.jpg?quality=96&as=32x43,48x64,72x96,108x144,160x213,240x320,360x480,480x640,540x720,640x853,720x960,1080x1440,1280x1707,1440x1920,1620x2160&from=bu&cs=1620x0",Женщина в длинном бежевом пальто позирует на парковке под эстакадой,показать одежду,False
"https://sun9-75.userapi.com/s/v1/ig2/uEuCQ8umRkRyuxSj2FUXSsuCCPojpZ9U_wlm8m3fMvBXkuFYatKUws2Iqm6diamaIeLdZN41sWE7AOVVCEW-5fwi.jpg?quality=95&as=32x43,48x64,72x96,108x144,160x214,240x320,360x480,480x641,540x721,640x854,720x961,1080x1441,1280x1708,1440x1922,1918x2560&from=bu&cs=1918x0","Человек в черном пальто стоит во дворе/улице с красными скамейками и гирляндами над головой, на мокрой мостовой с небольшим снегом; вокруг кирпичные стены зданий.",задокументировать городскую сцену,False
"https://sun9-63.userapi.com/s/v1/ig2/-vcmsTFMEutguG4WTQK4nWYlv1XyjfNs6u6el4gtporKe8-7RiHWECVIk7d91xzUhbLQP-6xoRHv9jtVJ7DwG49G.jpg?quality=95&as=32x43,48x64,72x96,108x144,160x214,240x320,360x480,480x641,540x721,640x854,720x961,1080x1441,1280x1708,1440x1922,1918x2560&from=bu&cs=1918x0","Улица-аллея с красными фонариками, лавками по бокам, мокрым каменным тротуаром с лужами и снегом; на дальнем плане стена с ярким муралом.",задокументировать городскую сцену,False
"https://sun9-78.userapi.com/s/v1/ig2/zoFVj79BipVvIapNp5fsIy6qz34PGkQQlscbuSCIIQr94-UGIRFmbqGvsCPLbbp5UgZ6c7mK8rqVVJZIjtHt6ibu.jpg?quality=95&as=32x57,48x85,72x128,108x192,160x284,240x427,360x640,480x853,540x960,640x1138,720x1280,1080x1920,1280x2276,1440x2560&from=bu&cs=1440x0",Человек на переднем плане делает селфи; на фоне видны городские здания и небо,сделать селфи,False
"https://sun9-62.userapi.com/s/v1/ig2/xrnxlxTaVHtiAo9Im2oDWPxtqW06OfPqWJchd343-K-cdzDjEh4FYwHIzPeVH87sdU-POQMkM6OgDtLOSYMxnFwR.jpg?quality=95&as=32x43,48x64,72x96,108x144,160x213,240x320,360x480,480x640,540x720,640x853,720x960,1080x1440,1280x1707,1440x1920,1920x2560&from=bu&cs=1920x0","Человек стоит спиной к камере на улице; надет бордово-белая полосатая футболка и кожаные брюки, фон — городская улица с витринами и зданиями.",показать одежду,False
"https://sun9-60.userapi.com/s/v1/ig2/HKyE_moUg4vTap0c1sQ-2htEspXJc6y1fDuiF_mfK91NXF14pppxGXC-6gRk3zSVBE-WvmoGfDC8N789VzMEGQBQ.jpg?quality=95&as=32x43,48x64,72x96,108x144,160x214,240x320,360x481,480x641,540x721,640x855,720x961,1080x1442,1280x1709,1342x1792&from=bu&cs=1342x0",Полная фигура женщины в чёрном спортивном костюме (длинный топ и шорты с белой окантовкой) в солнечном свете позирует возле белой стены и пальмового растения.,показать одежду,False
"https://sun9-53.userapi.com/s/v1/ig2/5SeWTRKreMbI1kpNGqm7GGhg5C5i8Ya1a9Q0xnQfYl7CMe_GKOUrOfVQE2aY5PV39WL4r_yYs51a51syF-gW0BHf.jpg?quality=95&as=32x43,48x64,72x96,108x144,160x213,240x320,360x480,480x640,540x720,640x853,720x960,1080x1440,1280x1707,1440x1920,1920x2560&from=bu&cs=1920x0","Улица/переулок ночью, украшенный красными фонарями, на мостовой лежит снег; по бокам кирпичные здания и вывески",задокументировать городскую сцену,False
"https://sun9-21.userapi.com/s/v1/if2/m4XBKKbVIvv3yissJF0YI70Oyuo39In38exzS3CdD6Fi8EUHcU9Zr0GwM7_KIjPAHqxpFGOKFYfLeyn5eq4DM4XE.jpg?quality=95&as=32x21,48x31,72x47,108x71,160x105,240x157,360x236,480x315,540x354,640x419,720x472,972x637&from=bu&cs=972x0","Улица с зданием на переднем плане слева; несколько автомобилей припаркованы вдоль дороги, голые деревья и мокрая поверхность улицы",показать городскую архитектуру,False
"https://sun9-79.userapi.com/s/v1/ig2/yBKJWLUd4pg9X37CkmTAXx3YpDQZeTuAY3r_2pMTaLZMiRqQSdm1cL48YBvpwn8ORtNWVKoXjbjosJO7KJ4QE1nY.jpg?quality=95&as=32x43,48x64,72x96,108x144,160x214,240x321,360x481,480x642,540x722,640x855,720x962,1080x1444,1197x1600&from=bu&cs=1197x0","Женщина в розовом пальто и шляпе стоит у кирпичной стены возле окна, на подоконнике цветы. На переднем плане — фактура кирпича и окно.",показать одежду,False
"https://sun9-21.userapi.com/s/v1/if1/Q42a6W6l6xey7Vh2iqVWYYVSPTegnnyIQUMBpZ07vd_IyDRgzr-8bP4zCy9eua8xdrWejE8S.jpg?quality=96&as=32x24,48x36,72x54,108x81,160x120,240x180,360x271,480x361,540x406,640x481,720x541,1080x812,1280x962,1333x1002&from=bu&cs=1333x0","Полуокруглая красная вывеска с жёлтым текстом, размещённая на кирпичной стене возле окна. Вывеска рекламирует колбасу.",показать вывеску с рекламой колбас,False
"https://sun9-29.userapi.com/s/v1/ig2/bvj_HwNweOd9Xm2xbdEcWM50wna0AYGwlvxbVZIdqmMmB_yhUFc8VZoVDr_YFs7BeC8HZG4H3zjwA7MSM2xNGAvU.jpg?quality=95&as=32x43,48x64,72x96,108x144,160x213,240x320,360x480,480x640,540x720,640x853,720x960,1080x1440,1280x1707,1440x1920,1920x2560&from=bu&cs=1920x0",Двое людей в куртках стоят у кирпичной стены под красной неоновой вывеской с символами; ночь.,задокументировать городскую сцену,False
"https://sun9-55.userapi.com/s/v1/ig2/LupAtlNh-Hpvpb7huimSlF0jWpjJ-PW19KaQ09-fn_dbBWSnZEu-CK8C2gzarFTYKdOyZKkojlVv-XltRZ38ZfAi.jpg?quality=96&as=32x36,48x54,72x81,108x121,160x179,240x269,360x404,480x538,540x606,640x718,720x808,1080x1211,1280x1436,1440x1615,1448x1624&from=bu&cs=1448x0",Девушка позирует у светлой стены в жакете и коричневых шортах,показать жакет,False
"https://sun9-14.userapi.com/s/v1/ig2/Zjkv91gFYBiIWB-hxU8az6Vf53Vt0_PxcdFKb7hR_tLkuAt-M9lN6HvROiSD3T6fLbbvMlcelCFA9uKCS8tzOXC5.jpg?quality=95&as=32x43,48x64,72x96,108x144,160x213,240x320,360x480,480x640,540x720,640x853,720x960,1080x1440,1280x1707,1440x1920,1920x2560&from=bu&cs=1920x0",Синяя блузка на вешалке висит перед белыми горизонтальными жалюзи/ставнями; на ткани заметны декоративные линии и небольшие узоры,показать одежду,False
"https://sun9-62.userapi.com/s/v1/ig2/b4k8mkVMe4D-BtSkHOjxyOyxAnSK5ySFbbN_mlOKHiX1H4Tm3K8AkTg-u0cw6cQSbrvoFxVYJd8O-48OdpHAF1K2.jpg?quality=95&as=32x57,48x85,72x128,108x192,160x284,240x426,360x639,480x852,540x959,640x1136,720x1278,1080x1917,1280x2272,1440x2556,1442x2560&from=bu&cs=1442x0","Женщина в светлом пуховом пальто и шарфе стоит на пешеходной улице, украшенной красными фонариками. По обе стороны — кирпичные здания, слева стоят красные столики и стулья, над улицей висят провода. Небо голубое, день.",показать одежду,False
"https://sun9-47.userapi.com/s/v1/ig2/nw_28nsI8_9rg4qtLa2mkJjO4uy4vjsFjK1Ctj_nJ0uUh75wX_wLKpOrsnFHOcwnRX2VAxfRuA8C68MWIOn30MoK.jpg?quality=96&as=32x43,48x64,72x96,108x144,160x213,240x320,360x480,480x640,540x721,640x854,720x961,1080x1441,1280x1708,1388x1852&from=bu&cs=1388x0",Женщина в длинном сером клетчатом пальто стоит у каменной стены у входа в стеклянную дверь здания,показать одежду,False
"https://sun9-64.userapi.com/s/v1/if2/a3M9T1CsiJmuS1Zp9rEZNQ4tZE646aSW2KDQyJt3sIfrlmiE_Qa_h3tUbw23UFMsrlpsegRStaSikiYz6MJRbfd1.jpg?quality=96&as=32x18,48x27,72x40,108x61,160x90,240x135,360x202,480x270,540x303,640x359,720x404,1080x607,1280x719&from=bu&cs=1280x0","Люди стоят перед окном уличного киоска, продающего напитки; видны вывески и витрина киоска",показать уличный киоск и людей в очереди,False
"https://sun9-79.userapi.com/s/v1/ig2/yJ3LLDo12-H-NP4gai-3cRVfeHza7W1GB5W6p9UZ8K3-h4WCsnmTAHkP5Cg7jbabnAGdTqI74v5YARo_91C8FAO0.jpg?quality=95&as=32x43,48x64,72x96,108x144,160x213,240x320,360x480,480x640,540x720,640x853,720x960,1080x1440,1280x1707,1440x1920,1920x2560&from=bu&cs=1920x0",Женщина в длинной черной зимней куртке с меховой капюшоном стоит на улице перед витриной магазина с красными декоративными элементами.,показать одежду,False
"https://sun9-86.userapi.com/s/v1/ig2/7QL63BG23RiiM0UHpXlsNyU_IfSwiHqKrg38wtCt_C1nT5mgryggExM8GJFMQJY0ffU4yP0-tJ1jF8K2-2gyIOe1.jpg?quality=96&as=32x43,48x64,72x96,108x144,160x213,240x320,360x480,480x640,540x721,640x854,720x961,1080x1441,1280x1708,1388x1852&from=bu&cs=1388x0","Женщина в длинном клетчатом пальто стоит на улице возле серой каменной стены; на земле снег, она в черных сапогах и смотрит прямо в камеру.",показать одежду,False
"https://sun9-79.userapi.com/s/v1/if1/tNIoAJUfiPQMcidBPU0fK3Z3CvCBqsG3zEHzo9CuM1zlov8YArgGSg82Y2wgVHTBMhCJBf9Z.jpg?quality=96&as=32x24,48x36,72x54,108x81,160x120,240x180,360x270,480x360,540x405,640x480,720x540,1080x810,1280x960,1440x1080,2560x1920&from=bu&cs=2560x0","Черный автомобиль на городской улице, видны тротуар и фасад здания; на заднем плане — вывески.",показать автомобиль,False
"https://sun9-83.userapi.com/s/v1/ig1/Kt8GxeCoS-g0yYYje-7uEgy7JlubbyJv2axGuBiD4zZuM-QkrE3y5whyQV0yHs8sRTmqoRRu.jpg?quality=96&as=32x40,48x60,72x90,108x135,160x200,240x300,360x450,480x599,540x674,640x799,720x899,960x1199&from=bu&cs=960x0","Портрет женщины на улице в снегу, крупным планом лица, надет шарф с цветочным принтом; на заднем плане виднеется кирпичное здание.",сделать селфи,False
"https://sun9-29.userapi.com/s/v1/ig2/SErhVGlJ_RrYyFv5PFggOBH3OSTCui9HEUle7JHMX5WTJms2NueDqpoHIgRAtvv51zakwhcCzO5rXcV7JT254yVW.jpg?quality=96&as=32x32,48x48,72x72,108x108,160x160,240x239,360x359,480x479,540x538,640x638,719x717&from=bu&cs=719x0","Человек в голубой клетчатой рубашке лежит на скамейке на улице, рядом тротуарные плиты; на фоне видны здания и автомобили.",показать человека на улице в лежачем положении,False
"https://sun9-73.userapi.com/s/v1/ig2/zlGjfERWx5gNOqqBlcFWQ2YkFS_1fNodKpL4PLWkg2zqAUGrEYKbeIrC0MboTFXjX8QD9qby-VJu1LqPD8USxxRm.jpg?quality=96&as=32x43,48x64,72x96,108x144,160x214,240x320,360x481,480x641,540x721,640x855,720x961,1080x1442,1280x1709,1342x1792&from=bu&cs=1342x0",Две женщины в спортивных худи и штанах позируют на улице на фоне обшарпанной кирпичной стены с облупившейся штукатуркой.,сделать групповое фото друзей,False
"https://sun9-39.userapi.com/s/v1/ig2/xQpebluCbQf9FtJu4vP94hU4HtGeYd4I-ku14QdL0QeWAsuC3eAwoJJe0kcz0VhboOCsG_x5gwJk9XnX1Hma-tGe.jpg?quality=95&as=32x69,48x104,72x156,108x234,160x347,240x521,360x782,480x1042,540x1173,640x1390,720x1563,1080x2345,1179x2560&from=bu&cs=1179x0","Фасад делового центра с вывеской 'ДЕЛОВОЙ ЦЕНТР ПАРТНЕР', стеклянные витрины и окна, перед входом скамья с цветами; на скамье сидит ребёнок",задокументировать городскую сцену,False
"https://sun9-75.userapi.com/s/v1/ig2/8XzBD1fUD3959-z_ub5kugWFWD-6WVgXoggs_83JAJHKWQLdK9f3lO_A3O_Xc3Kam3xatPx9RHiGqI4YdMp83IBk.jpg?quality=95&as=32x43,48x64,72x96,108x144,160x214,240x320,360x480,480x641,540x721,640x854,720x961,1080x1441,1280x1708,1440x1922,1918x2560&from=bu&cs=1918x0","Один человек в черном пальто идёт по узкой мокрой кирпичной улице, сверху висят красные фонари и гирлянды; слева красные скамейки, по сторонам здания, снег на краях тротуара.",задокументировать городскую сцену,False
"https://sun9-52.userapi.com/s/v1/ig2/sGw3bjP9mtSJZiTDlu13w4DAikJCYI5MdebTir88tjI0tfGaJEV5s6WNFzMDaD9A2IBDQeplwk_nOQHZLBzTkMPn.jpg?quality=95&as=32x43,48x64,72x96,108x144,160x213,240x320,360x480,480x640,540x720,640x853,720x960,1080x1440,1280x1707,1440x1920,1920x2560&from=bu&cs=1920x0","Женщина в черной пуховике с меховым капюшоном стоит на улице возле витрины магазина; вокруг висят красные декоративные ленты, на фоне кирпичной стены и вывесок.",показать зимнюю одежду,False
"https://sun9-75.userapi.com/s/v1/if1/aAmVoGRaqa7K1tNdHxJSvIWOcGGxuL3ftoYitbSZ4zHBprMTP-37VhA_oRC0iP8BCoyY9BHf.jpg?quality=96&as=32x24,48x36,72x54,108x81,160x120,240x180,360x270,480x360,540x405,640x480,720x540,1000x750&from=bu&cs=1000x0","Черный автомобиль на улице. Два человека стоят по обе стороны от передних дверей с открытыми дверями; на фоне — многоэтажные здания, деревья и парковочная зона.",показать автомобиль на улице,False
"https://sun9-55.userapi.com/s/v1/ig2/64mcgS8rD09yOFe9WiQ_xPEgSvvgm00K3Qdilujkg5m7uOD1-tXAMQ5UUL-APhdXf4RUfX2Dr7MjQdhcEM6bfGjI.jpg?quality=96&as=32x43,48x64,72x96,108x144,160x214,240x320,360x481,480x641,540x721,640x855,720x961,1080x1442,1280x1709,1342x1792&from=bu&cs=1342x0","Женщина в бежевом жакете-пиджаке позирует на улице перед стеной, солнечный свет.",показать одежду,False
"https://sun9-28.userapi.com/s/v1/ig1/pu-ucimkP1hkdsYcvV2Kthu1K65EjFZG_Qj--ifXmYy-rHtx2t0F9avIe7jUVFS3xFJRsv-q.jpg?quality=96&as=32x35,48x53,72x79,108x119,160x176,240x264,360x396,480x528,540x594,640x705,720x793,872x960&from=bu&cs=872x0","Рекламный плакат в витрине магазина с текстом о подарочных сертификатах на 1000, 2000, 3000 и 5000 руб.",показать рекламное предложение подарочных сертификатов,False
"https://sun9-19.userapi.com/s/v1/if1/_jr0sQPTu89WcyNKtb4DbLJ8JV_2OPBhzEzUL-FsbVv2Y-J3YrrhrHvxEGQPsgQeI3qK8w-h.jpg?quality=96&as=32x20,48x30,72x44,108x67,160x99,240x148,360x222,480x296,540x333,640x395,690x426&from=bu&cs=690x0","Крупное классическое здание с колоннами по фасаду на улице, перед ним деревья, ряд автомобилей на улице",показать фасад здания,False
"https://sun9-75.userapi.com/s/v1/ig1/-Wt5LRraX9ZjAFvWjf2djjAf9SXDaYd3TZsHidCq09HpDyCvhbs3y_uHJ5t0sQPXE7SAJvBQ.jpg?quality=96&as=32x43,48x64,72x96,108x144,160x213,240x320,360x480,480x640,540x720,640x853,720x960&from=bu&cs=720x0",Портрет женщины пожилого возраста в белой шапке и шарфе на заснеженной городской улице; на фоне — здания и прохожие,портрет женщины на улице,False
"https://sun9-33.userapi.com/s/v1/ig2/ThjnurO5f4jK2swo39ZrtZGfwU3nm2lw8PGOeOs-IQVgiOluVCQatTWb72iQNSYkbIltDRCRJS1TBkFx2C0qT3Oh.jpg?quality=96&as=32x43,48x64,72x96,108x144,160x213,240x320,360x480,480x640,540x720,640x853,720x960,774x1032&from=bu&cs=774x0","Женщина на улице держит плакат, рядом автомобили; на заднем плане видны городские здания.",позирование человека с плакатом на городской улице,False
"https://sun9-47.userapi.com/s/v1/if2/Nf4IbQVnF8rKgEvEPZTOVTJmj2XdbPsez59ehSJboU-Qjxm9-Y6ckArWFLO-iPCyLiFO5lfwYvBKd2LTi36SQPyI.jpg?quality=96&as=32x18,48x27,72x40,108x61,160x90,240x135,360x202,480x270,540x303,640x359,720x404,1080x607,1280x719&from=bu&cs=1280x0","Уличный киоск с красными меню над окном; у стойки стоят два человека, один снаружи, другой внутри за окном; вид городской улицы",показать уличный киоск и покупателей возле него,False
"https://sun9-2.userapi.com/s/v1/ig2/E9BRScmRFYGEb9wefUAO_PMP6-g0AoUv_HSNlfh9-Xn16XWAK3K-1YewmG49aiMPcwLRBq7nS-_YgysN7ojOhF6J.jpg?quality=96&as=32x43,48x64,72x96,108x144,160x213,240x320,360x480,480x640,540x720,640x854,720x960,1080x1441,1216x1622&from=bu&cs=1216x0","Букет из оранжевых креветок на палочках, обёрнутый в коричневую бумагу, держит рука. Фон — темная кирпичная стена с гирляндами.",показать товар,False
"https://sun9-78.userapi.com/s/v1/ig2/G4zWlynY5w4VSa5gOA3H7fL-gv-IhzsrTuLKXKfg1xrhlOc7JSBJwhlFtpuxxVxVbcw35Ppgdg1h-NAnLexnW3cb.jpg?quality=95&as=32x43,48x64,72x96,108x144,160x213,240x320,360x480,480x640,540x720,640x853,720x960,1080x1440,1280x1707,1440x1920,1920x2560&from=bu&cs=1920x0","Женщина в длинном черном пуховике с меховым воротником стоит на улице в снегу, позирует к камере; на заднем плане — темный вход в туннель/гараж и кирпичные стены.",показать одежду,False
"https://sun9-88.userapi.com/s/v1/if2/RdSuCeRIt2sYZInf0bYSYgH1dpaRSGc-Gm6MhdX_6x6dlSIQwztuzMhGvuHkbD6dMzoS-4-xDJ6I3FwncYJhnTm2.jpg?quality=96&as=32x24,48x36,72x54,108x81,160x119,240x179,360x269,480x358,540x403,640x478,720x538,1080x807,1280x956&from=bu&cs=1280x0",Два человека на открытом балконе над городом; силуэты на фоне городских зданий и неба,показать городскую сцену,False
"https://sun9-50.userapi.com/s/v1/ig2/EDtgCGmCSimK7LeVIU5B7PTfm3dk0ajo0S2cmQPZ5aQCUpyEQBAzi4aP5SWOSKETCQT-2j4ScZ4e2Ao_cpRpIg4x.jpg?quality=95&as=32x43,48x64,72x96,108x144,160x214,240x321,360x481,480x642,540x722,640x855,720x962,1080x1444,1197x1600&from=bu&cs=1197x0","Человек в розовом длинном плаще и красной кепке позирует на улице, показывая жесты обеими руками; на фоне кирпичной стены с неоновой вывеской и красными ящиками.",показать костюм на улице,False
"https://sun9-77.userapi.com/s/v1/ig2/qxMLOcTYYRaK8z3zo8KLwX0SHOPXrIyq3qbwfkfvPXgs0nvPa1DABA0H4-QWnDihP8puYOqIh048F864h9-9iiDi.jpg?quality=95&as=32x43,48x64,72x96,108x144,160x213,240x320,360x480,480x640,540x720,640x853,720x960,1080x1440,1280x1707,1440x1920,1920x2560&from=bu&cs=1920x0","Женщина в ярко-розовом спортивном костюме стоит возле светлой фасадной стены на улице, позирует для фото.",показать одежду,False
"https://sun9-67.userapi.com/s/v1/ig2/1k_PHp60czJVQS4_8b-o80sEQkpyjQHZrXkPcu4iOleskmaZn92Rpo-E7yB4ZyPn0J70AcbZLtFu356Zs5TWV6OA.jpg?quality=96&as=32x43,48x64,72x96,108x144,160x214,240x320,360x481,480x641,540x721,640x855,720x961,1080x1442,1280x1709,1342x1792&from=bu&cs=1342x0","Женщина в серо-зелёном вязаном свитере и кожаных брюках позирует на улице; слева виден забор, на заднем плане — деревья с жёлтыми листьями и часть здания. Светлый солнечный день.",показать одежду,False
"https://sun9-27.userapi.com/s/v1/ig2/Wv2atiJnzvesKD45gPa3nHnLCnhUl-2hcDf7cajP5nHU0H9RF5V1ESz6JINJ_0pmgwME9x-GOFz5CkLhnrcFhV27.jpg?quality=95&as=32x43,48x64,72x96,108x144,160x214,240x320,360x480,480x641,540x721,640x854,720x961,1080x1441,1280x1708,1440x1922,1918x2560&from=bu&cs=1918x0","Улица с витриной магазина, красные фонари над входом, кирпичная стена, стеклянные двери и кондиционер снаружи; на тротуаре лежат красные ящики",задокументировать городскую сцену,False
"https://sun9-52.userapi.com/s/v1/ig2/R1gV5_akhCdRMWkZyvvSfj0gdXKF1ktilzqe5T1zw0DfZxp2B6ToQc0y93Drkokx7H_94X2DBq792gpIaSM6aVCg.jpg?quality=95&as=32x43,48x64,72x96,108x144,160x213,240x320,360x480,480x640,540x720,640x853,720x960,1080x1440,1280x1707,1440x1920,1920x2560&from=bu&cs=1920x0",Человек в ярко-розовой пуховике стоит спиной к каменной стене; на куртке крупная надпись EPIC и к спине добавлен рюкзак.,показать одежду,False
"https://sun9-35.userapi.com/s/v1/ig1/2OohVUehAZ4XcL1lCv9EJ29uBOUFKVKL6c07i6xPLZ8Fgkdgrspg83ahP58trdcvwO_VRA.jpg?quality=96&as=32x43,48x64,72x96,108x144,160x213,240x320,360x480,480x640,540x720,640x853,720x960&from=bu&cs=720x0","Фасад современного здания с многочисленными рекламными баннерами на стене, у входа две двери; человек идёт к входу",показать городской фасад с вывесками,False
"https://sun9-32.userapi.com/s/v1/ig2/oX3MD7x7kxZaqcVgB1eX0vUaUrbU3WkKZjfJ0Fn3WbpVU_btwHdOroOMM66eRmNWkapeaOtZAt7dir3VFnkWooTr.jpg?quality=95&as=32x42,48x64,72x96,108x143,160x212,240x319,360x478,480x637,540x717,640x850,720x956,1080x1434,1280x1700,1440x1912,1928x2560&from=bu&cs=1928x0","Башня с круглым куполом на крыше здания; фасад украшен декоративными элементами, небо голубое.",показать городскую архитектуру,False
"https://sun9-62.userapi.com/s/v1/if1/I25iOZr4NUuKfQdh3nN6vprOpmrb_lTu1nRVyfunNRuyv5RpWH6tcBJdB4Ucif-oSUa7K2xb.jpg?quality=96&as=32x21,48x32,72x47,108x71,160x105,240x158,360x237,480x317,540x356,640x422,690x455&from=bu&cs=690x0","Зимний городской проспект: снег, старые здания по обеим сторонам, люди идут по тротуару; на переднем плане слева столб/обелиск и фонари",задокументировать городскую сцену,False
"https://sun9-88.userapi.com/s/v1/ig1/JxoN_7tEcosJ0rQdF_JkRNcsDySGiGwmgN335V0RY9gU1j76-wKGeA62zKAWMvTM2NhLsWF0.jpg?quality=96&as=32x40,48x60,72x90,108x135,160x200,240x300,360x450,480x600,540x675,640x800&from=bu&cs=640x0",Женщина позирует рядом со статуей женщины на велосипеде на улице; позади бело-кирпичное здание и металлическая ограда.,показать памятник и человека рядом,False
"https://sun9-32.userapi.com/s/v1/ig2/5AMNy1TRP1TpIiA0qA5eVrRaMXaLVXiyMW6DZKpn-YsaAuTS4vlU9K2nY8madVDyiBNye_DGWcSlsF5YoVv7JENn.jpg?quality=95&as=32x32,48x48,72x72,108x108,160x160,240x240,360x360,480x480,540x540,640x640,720x720,1080x1080,1280x1280,1440x1440,2560x2560&from=bu&cs=2560x0","Угол многоэтажного здания на улице; видны провода над улицей, а также балконы и крыша/терраса.",задокументировать городскую сцену,False
"https://sun9-73.userapi.com/s/v1/ig2/W_uZ5QMeVm702neWUVqKoGMdNBtQvNTMSau7Q7dynSNYgS5s9E5byZvN5BoozLcvd4g6Dr59r2MhoB2vzdNW6FGx.jpg?quality=95&as=32x43,48x64,72x96,108x144,160x213,240x320,360x480,480x640,540x720,640x853,720x960,1080x1440,1280x1707,1440x1920,1920x2560&from=bu&cs=1920x0",Женщина в чёрном платье позирует у кирпичной стены с яркими неоновыми вывесками: 'CHINA' и вертикальные китайские символы; над головой висят розовые ленты.,показать человека на фоне неоновых вывесок,False
"https://sun9-60.userapi.com/s/v1/ig2/WVGLPi4tsffyuq_xgn3TKnF4xPJTcODqfbeMn5NqFhk5v3IgxrKusjxHqUV0e3e-0TxZcNiHVt0E-eM76VQspWll.jpg?quality=95&as=32x43,48x64,72x96,108x144,160x214,240x321,360x481,480x642,540x722,640x856,720x962,1080x1444,1280x1711,1440x1925,1915x2560&from=bu&cs=1915x0","Улица с яркими красными фонариками и гирляндами, человек в бежевом пальто позирует в центре кадра",показать одежду,False
"https://sun9-39.userapi.com/s/v1/ig2/URVQQFwtgJtIF1Pc4R1pAkxPpaPb2OPlp5x_aHw8yxCmIpSrsDycK0BoJQr6EFGcEwWfORvJcOuk8CN3mb5iqecM.jpg?quality=95&as=32x38,48x57,72x85,108x128,160x190,240x285,360x427,480x569,540x640,640x759,720x854,1080x1281,1280x1518,1349x1600&from=bu&cs=1349x0","Уличный переулок ночью, кирпичные стены и неоновая вывеска у входа заведения; вдоль стены висят лампы, прохожих нет.",показать ночной переулок с неоновыми вывесками,False
"https://sun9-4.userapi.com/s/v1/ig2/m0UXVhnkdno87wEBQEJhfnJxxQmNpShL7BZrZFWTY6hcoNefz7f-vHJMQoXBqjr4y2d27nUMcmS6DrBko58D4_s4.jpg?quality=95&as=32x43,48x64,72x96,108x144,160x214,240x320,360x481,480x641,540x721,640x855,720x961,1080x1442,1280x1709,1342x1792&from=bu&cs=1342x0",Девушка в зелёном мини-платье позирует у белой дверной панели на внешней стене здания; в переднем плане частично видна трава.,показать платье,False
"https://sun9-31.userapi.com/s/v1/ig2/3gqEzZ3_g3WP-Np7GbnHDU24Mx_Jnadnn4jZmTMAVyLF25uo7oGMe0v8BLL-tnhiEPvAc5vFc3_PCDBeC-hRNO97.jpg?quality=95&as=32x43,48x64,72x96,108x144,160x213,240x320,360x480,480x640,540x720,640x853,720x960,1080x1440,1200x1600&from=bu&cs=1200x0","Уличная торговая аллея с красными китайскими фонариками над тротуаром, лавки и прилавки слева и справа, люди ходят и сидят у магазинов, на верёвке сушатся вещи. Небо видно над крышами.",задокументировать городскую сцену,False
"https://sun9-19.userapi.com/s/v1/ig1/DBmjmG_tAnkhGlhvClCv9jnSt0sEGMVVxih6Kau7a7JsnEVxskh6i1k0_2aK-9r_smP6Z88C.jpg?quality=96&as=32x43,48x64,72x96,108x144,160x213,240x320,360x480,480x640,540x720,640x853,720x960&from=bu&cs=720x0","Близкий портрет женщины на улице: яркий декоративный макияж с разноцветными точками на лице, цветочная рубашка; фон — городская улица с автомобилями и современными зданиями на голубом небе.","портрет человека крупным планом на улице, фронтальный ракурс, акцент на лице и макияже",False
"https://sun9-76.userapi.com/s/v1/if2/vlrJiP3BCPt8udIUkcLbVXhRA79_olxqSJs0l6Q8BKiOZn5fvw3__FG5BzaIoWmbg9qWwHPWlbXtIH7IqIYFc-_v.jpg?quality=96&as=32x24,48x36,72x54,108x81,160x120,240x180,360x270,480x360,540x405,640x480,720x540,960x720&from=bu&cs=960x0","Черный автомобиль с открытой дверью; в салоне женщина. На дверце видна надпись NL International и сайт. На улице, в городе.",показать автомобиль с брендом NL International,False
"https://sun9-15.userapi.com/s/v1/ig2/h1V73WuWx8HyQGYLNxG1S7B9ik3WcI8rOodCLRn4c6efUk0QNFwkaNKca3ICiutHJ1Pw71vBls1QzjjZTrTCRo7L.jpg?quality=95&as=32x43,48x64,72x96,108x144,160x213,240x320,360x480,480x640,540x720,640x853,720x960,1080x1440,1280x1707,1398x1864&from=bu&cs=1398x0","Женщина в бежевом халтерном комбинезоне позирует у белой стены у двери; солнцезащитные очки на лице, часы на запястье",показать одежду,False
"https://sun9-88.userapi.com/s/v1/ig2/6eHr1_2O13Z21op98I7iXwCre-hnHxEGFRwzhEa3Wyz9Yhhii2Wu1E7BdBQ2Q1WqAvH_RHgIC8y4LwuF-33I3tPI.jpg?quality=95&as=32x57,48x85,72x128,108x192,160x284,240x427,360x640,480x853,540x960,640x1138,720x1280,900x1600&from=bu&cs=900x0","Человек в темной куртке и сине-фиолетовой шапке присел в снежном переулке у кирпичной стены; над головой висят гирлянды, на фоне — вывески и огни.",портрет на уличной зимней сцене,False
"https://sun9-35.userapi.com/s/v1/if2/Wr5SMJ1BIP-eMqrI-VtvKCLm609g1h8U5cUikU2AnJP0SRmapYbWbvJRjMT3g2NnrQgmQpU1VARuMEKFtFRnW9NG.jpg?quality=95&as=32x24,48x36,72x54,108x81,160x120,240x180,360x270,480x360,540x405,640x480,720x540,1080x810,1280x960,1440x1080,1600x1200&from=bu&cs=1600x0","Уличный двор ресторана/кафе ночью: кирпичные стены по бокам, висящие красные фонари и гирлянды, столики и стулья на брусчатке, вид через открытую ограду",показать вечернюю уличную кафешку,False
"https://sun9-15.userapi.com/s/v1/ig2/KRAj2vpXSQIGx8h2hmKAv1GLMj7G7O-K9z6fs9dzuaBXytsBK5y7mYDojd7ilHzA5gQE60sZxFnDKRyCsN7CkfD9.jpg?quality=95&as=32x43,48x64,72x96,108x144,160x213,240x320,360x480,480x640,540x720,640x853,720x960,1080x1440,1280x1707,1440x1920,1920x2560&from=bu&cs=1920x0",Женщина в полосатой бордовой футболке с белыми горизонтальными полосами и кожаных брюках позирует на тротуаре; на фоне стеклянного здания рядом проходящий человек размыто.,показать одежду,False
"https://sun9-53.userapi.com/s/v1/ig2/l-r3zGIujnCpxxCM0e1JTrAxC4-6UOwEoNw9U59K4wqV9UEG8Vqck5bIG_Whq19U7A2pMKIHwANEZapAjnAmoSsd.jpg?quality=95&as=32x43,48x64,72x96,108x144,160x213,240x320,360x480,480x640,540x720,640x853,720x960,1080x1440,1200x1600&from=bu&cs=1200x0","Улица/аллея между кирпичными зданиями; вдоль улочки висят красные китайские фонари, по сторонам расставлены красные столы и табуреты, отсутствуют люди.",задокументировать городскую сцену,False
"https://sun9-8.userapi.com/s/v1/if1/XWYHsTfqTM_MCCIKqfXXW4qwqFT46lF0PvJ2WpbU2fsTYna8NSOK2ZXLoPaFkSwNLjVvmMZp.jpg?quality=96&as=32x18,48x27,72x40,108x61,160x90,240x135,360x202,480x270,540x304,640x360,720x405,1080x607,1280x720,1440x810,2560x1440&from=bu&cs=2560x0","Городской пейзаж: ряд зданий различной высоты под голубым небом; слева и центр — многоэтажки, справа видна купольная башня.",показать городской пейзаж,False
"https://sun9-43.userapi.com/s/v1/ig1/2hLcQsmXVe5iYXtH3xXZAqzhJiQwl6M4JUOhw1k3-xtwtt--RpqqEc75NkLeg2BMkqhbPA.jpg?quality=96&as=32x43,48x64,72x96,108x144,160x213,240x320,360x480,480x640,540x720,640x853,720x960,1080x1440,1280x1706,1297x1729&from=bu&cs=1297x0","Женщина в бордовом вечернем платье позирует на крыше: кирпичная ограда, плитка пола, небо на горизонте, вдали видны здания.",показать наряд,False
"https://sun9-25.userapi.com/s/v1/ig2/YR1laFtCdXoAYaaiiJaUmWAkjgUA7x0eW2jMq2DJF-FKW21Zp4SkFfvTJvJmawFliCFBGea0RA3OP887Amyl5CMV.jpg?quality=96&as=32x43,48x64,72x96,108x144,160x214,240x320,360x481,480x641,540x721,640x855,720x961,1080x1442,1280x1709,1342x1792&from=bu&cs=1342x0",Женщина в белом платье в горошек позирует возле каменной стены на улице; за ней виднеется кирпичное здание и деревья на фоне.,показать платье,False
"https://sun9-73.userapi.com/s/v1/ig2/0qBXYh7ekBmqCT8EMz7KWp0XYr5F527fhqi8fJ0j7KkbLNwcLAYtPTbOOdlxzJ5jv-zV6hWfGfQ5iZaFtB3CYn5N.jpg?quality=95&as=32x43,48x64,72x96,108x144,160x213,240x320,360x480,480x640,540x720,640x853,720x960,1080x1440,1280x1707,1440x1920,1920x2560&from=bu&cs=1920x0","Женщина в длинной черной куртке с меховой оторочкой стоит на зимней улице, вокруг снег, кирпичная стена и забор на фоне",показать одежду,False
"https://sun9-28.userapi.com/s/v1/ig1/I9GQbyQOx7k3aQuEzhrE5rgJy88d8uwdo1EnQBvqViZIqXZpDEgRfLTCUhm39G1NQ2TcgI0-.jpg?quality=96&as=32x43,48x64,72x96,108x144,160x213,240x320,360x480,480x640,540x721,640x854&from=bu&cs=640x0","На улице человек держит красную кофейную чашку близко к камере; лицо в фокусе, за ним городские здания и улица.",сделать селфи,False
"https://sun9-79.userapi.com/s/v1/ig2/ZMqUZODWQg7U3tKftzQkPaL0bFF8u9z50Zjh0h6Dr_2YdbIIY6QUzpCCV1rBR5TLhH_AP3-_f-Mldr5l9yBdJ-gl.jpg?quality=96&as=32x43,48x64,72x96,108x144,160x213,240x320,360x480,480x640,540x721,640x854,720x961,1080x1441,1280x1708,1388x1852&from=bu&cs=1388x0",Женщина в тёмном длинном пальто стоит на улице у каменной стены; на земле снег.,"портрет человека на улице, показать одежду (пальто)",False
"https://sun9-70.userapi.com/s/v1/ig2/nL8e9X2Uwm_BNrmt58WFbPg7WvWJlv-Sw88yYpCREN3KMbpEoAA0IHfUTHWU8apD_2ulJYTnvQzakM5yPzpuDQyK.jpg?quality=96&as=32x43,48x64,72x96,108x144,160x214,240x320,360x481,480x641,540x721,640x855,720x961,1080x1442,1280x1709,1342x1792&from=bu&cs=1342x0",Женщина в длинном бежевом пальто с поясом стоит на улице; на фоне городская улица с деревьями и каменной стеной; она держит светло-бежевую сумку.,показать одежду,False
"https://sun9-44.userapi.com/s/v1/ig2/rqIuNUwW31DEcGcQA4Bn3ctkI_oARJxF4IMnjOIrrhMf6Q470jT2HVcMRuhjFSf-18QG-jWpkmQg3gbwZIkACj1f.jpg?quality=95&as=32x43,48x64,72x96,108x144,160x213,240x320,360x480,480x640,540x720,640x853,720x960,1080x1440,1280x1707,1440x1920,1920x2560&from=bu&cs=1920x0","Женщина в бежевой пуховике с меховым капюшоном стоит на улице в снегу, позирует перед камерой; вокруг кирпичная стена и металлическая лестница.",показать одежду,False
"https://sun9-85.userapi.com/s/v1/ig1/t2xISypPP37mPnHfOAeRPHc7IH4zphc4M7FoJKV0FuCz3YE5R5QooqwqvKEn9Wj7V3h-kKaX.jpg?quality=96&as=32x40,48x60,72x90,108x135,160x200,240x300,360x450,480x600,540x675,640x800,720x900,768x960&from=bu&cs=768x0","Передний план — ноги в белых кроссовках; на песчаной площадке две лежаки, пальмы по бокам; вдали замок с башнями; ясное голубое небо",сделать селфи,False
"https://sun9-15.userapi.com/s/v1/if1/SfgmDs-9Xl6gbW2WgtbDhrWPj9rg_tcA7PssTzUe9ug9i5zcbc9VybIPALlEmivDrDE2P5FP.jpg?quality=96&as=32x24,48x36,72x54,108x81,160x120,240x180,360x270,480x360,540x405,640x480,720x540,960x720&from=bu&cs=960x0","Белый автомобиль на снегу ночью перед многоэтажным зданием; фары включены, на улице пусто",показать автомобиль на улице ночью,False
"https://sun9-24.userapi.com/s/v1/ig2/AZe0T07Da5DFVlcOfMLROYc0Hfs2CnuLb-A1sF-bsJr6jwEUBzepGTXN_sbaK6ExEONXzhX3MgvmG3YaLgDq_yEC.jpg?quality=95&as=32x69,48x104,72x156,108x234,160x347,240x521,360x781,480x1041,540x1172,640x1388,720x1562,1080x2343,1180x2560&from=bu&cs=1180x0",одинокий ребенок стоит на улице под яркими гирляндами и красными фонарями; вокруг red-структура/прилавок и здания по краям,показать ребенка на фоне праздничной улицы,False
"https://sun9-59.userapi.com/s/v1/if1/sApJS2--Igh0imX66gwlJP9G29pLCWqJMHByb6SQVKqxdk-7CkwGVVkpkSIFSx5Hq2CZMEjv.jpg?quality=96&as=32x21,48x31,72x47,108x70,160x104,240x156,360x234,480x312,540x351,640x416,690x449&from=bu&cs=690x0","Улица с небольшим деревянным павильоном слева, грузовой автомобиль спереди, крупное здание на заднем плане, деревья по краям; движение транспорта.",задокументировать городскую сцену,False
"https://sun9-18.userapi.com/s/v1/ig2/ETxU6jRA69qGAeXeEVL2G_MEDnZPzf5wM9Qrodl0_xNVE6SdXc2a2jOo2yTVNlYyII4dNOPmWyMhklFf9z8hh1qs.jpg?quality=95&as=32x43,48x64,72x96,108x144,160x214,240x321,360x481,480x642,540x722,640x855,720x962,1080x1444,1197x1600&from=bu&cs=1197x0","Человек в розовом костюме с длинными волосами позирует на улице; рядом висят красные фонари, неоновые вывески и кирпичная стена.",показать костюм,False
"https://sun9-45.userapi.com/s/v1/ig1/z-wdE3I0qSxlRpcGZeE-ptHhe6F-J-yJFn8PU7a4hv70oaVQAyyx-qLBSxzq9sCFgCzLst3n.jpg?quality=96&as=32x43,48x64,72x96,108x144,160x213,240x320,360x480,480x640,540x720,640x853,720x960,1080x1440,1280x1707,1440x1920,1620x2160&from=bu&cs=1620x0","Человек в кожаной куртке и очках стоит у входа в здание; светлая плитка на фасаде, стеклянные двери, тень на полу",портрет человека на улице у входа в здание,False
"https://sun9-79.userapi.com/s/v1/if1/9_qq0ZtvZbIVD7-1JsZFOcgxMjOXVCyPw0c7NZqOC8MarG-9WoTifZh5_6h8of9Jtq5CTvD5.jpg?quality=96&as=32x24,48x36,72x54,108x81,160x120,240x180,360x270,480x360,540x405,640x480,720x540,1080x810,1229x922&from=bu&cs=1229x0","Улица города: вдоль тротуара стоят автомобили, слева и справа видны фасады зданий; на одной из башен видна большая цветная рекламная афиша",задокументировать городскую сцену,False
"https://sun9-6.userapi.com/s/v1/ig2/fS9sYoSfs8WzaBn_SECX3LXsUBiifgCd_T0g46dQZpcC5djLHWnikLJtwTV5ao0Gq1GnfOgO6OrnyEA85Q4qNmeC.jpg?quality=95&as=32x43,48x64,72x96,108x144,160x213,240x320,360x480,480x640,540x720,640x853,720x960,1080x1440,1280x1707,1440x1920,1920x2560&from=bu&cs=1920x0","Женщина в белом спортивном костюме позирует у светло-серой стеной на улице, в солнечных очках.",показать одежду,False
"https://sun9-77.userapi.com/s/v1/ig2/0YQ92f58fPZLhn7x84hmRXC-TYszwVPQaXoBTemBiisPbNGCHmhHo4v_IigbCbqhrKas5D_R8Wcxoq5XgeHD0xu1.jpg?quality=96&as=32x43,48x64,72x96,108x144,160x214,240x320,360x481,480x641,540x721,640x855,720x961,1080x1442,1280x1709,1342x1792&from=bu&cs=1342x0","Две женщины в пуховиках позируют на улице перед кирпичной стеной, с металлическим ограждением и плиточным полом под ногами.",показать одежду и стиль двух девушек,False
"https://sun9-82.userapi.com/s/v1/ig2/6pycCAgNGPjYV_SKPy0z4RvFP9YODDYKhTvEjuL6Qe0-5BvO3yHiMltmRtArgrurlN43fXiuW61OrCNqiNrAbGhR.jpg?quality=96&as=32x43,48x64,72x96,108x144,160x214,240x320,360x481,480x641,540x721,640x855,720x961,1080x1442,1280x1709,1342x1792&from=bu&cs=1342x0","Женщина позирует на улице рядом со стеной из крупной плитки, одета в светло-бежевый водолаз и серые брюки.",показать человека,False
"https://sun9-25.userapi.com/s/v1/ig2/1G49xjbqkqGW_rOyOrca_0f0Tnm3VHr5MM5JrzBAU3z13gVxn0AQKJ0fIlyOHuScfONJIvIWsgxLCWP2_7J9fkSL.jpg?quality=96&as=32x43,48x64,72x96,108x144,160x214,240x320,360x481,480x641,540x721,640x855,720x961,1080x1442,1280x1709,1342x1792&from=bu&cs=1342x0","Женщина позирует на улице: белая футболка с принтом, черная кожаная мини-юбка, прозрачные колготки; поверх — клетчатая рубашка; сидит на каменной ограде на фоне города.",показать образ и стиль одежды,False
"https://sun9-10.userapi.com/s/v1/ig1/emPjVWX3QDTZvnNC8CXNKHDs3wNvdrO39Dra0wA7Ud3eKG5qd8kGyiCs59UzxdiD3j35FpIi.jpg?quality=96&as=32x43,48x64,72x96,108x144,160x213,240x320,360x480,480x640,540x720,640x853,720x960,1008x1344&from=bu&cs=1008x0","Городской пейзаж вдоль улицы: передний план — желто-оранжевое здание с серой крышей, далее многочисленные здания и парковка, на фоне небо с облаками",задокументировать городской пейзаж,False
"https://sun9-47.userapi.com/s/v1/ig2/E3WgwHf5zUeGMdqvkYbmFjUWh2Kl_jOrJJo6rL1qBfJTzbe8N_xyCwMx9Ya081NZamEKtplMFNfMzncTy-H2G7KN.jpg?quality=95&as=32x38,48x57,72x85,108x128,160x190,240x284,360x427,480x569,540x640,640x759,720x853,1080x1280,1280x1517,1350x1600&from=bu&cs=1350x0",Девушка в розовом пальто и шляпе позирует у кирпичной стены с окном на улице,показать одежду и образ человека на улице,False
"https://sun9-6.userapi.com/s/v1/ig2/bhxjNj31VtsufatEmja-prEBC1WrAmAf6uFmbsYA-AgsTmDksAVC7tvZJYxmJ3_CkqZWM4btxQmRvtRNHDFzEB7y.jpg?quality=95&as=32x43,48x64,72x96,108x144,160x213,240x320,360x480,480x640,540x720,640x853,720x960,1080x1440,1280x1707,1440x1920&from=bu&cs=1440x0","Силуэт человека в куртке стоит спиной к камере на улице ночью, возле входа и ограждения; на заднем плане висят красные фонари и огни, слева видны здания с окнами.",задокументировать городскую сцену,False
"https://sun9-62.userapi.com/s/v1/ig2/Ld2faahKDu0n_K7q0raB4vh_oEM2aGpOJOA1qh_XwQRl0K6cww1S6XkTVyDqDxK11YH1ghpiY-3puwy6AdfcS2s0.jpg?quality=95&as=32x43,48x64,72x96,108x144,160x213,240x320,360x480,480x640,540x720,640x853,720x960,1080x1440,1280x1707,1344x1792&from=bu&cs=1344x0","Женщина в черном топе и белом удлинённом пиджаке, в солнцезащитных очках, позирует у светлой стены, держит журнал/газету.",показать одежду,False
"https://sun9-3.userapi.com/s/v1/ig2/JRRotk8EVPQ9xUTcM-5sWzawBdzuRmQM7TMYPHDPGlmjA8zx9mNLi2vDf9naJzV8GwO9Qha0vJ4k_btdGzol7KpC.jpg?quality=95&as=32x43,48x64,72x96,108x144,160x213,240x320,360x480,480x640,540x721,640x854,720x961,1080x1441,1280x1708,1388x1852&from=bu&cs=1388x0",Человек в белой футболке с графическим принтом в голубом квадрате и серых брюках позирует перед белой рольставней.,показать одежду,False
"https://sun9-69.userapi.com/s/v1/if1/Wdc3MfDdo9f0sy8lyaZBqxFnBvQ8SESPdBwfxHExCf9NrsUe0eATcSyGfuzfTEEprNb0YT7Y.jpg?quality=96&as=32x24,48x36,72x54,108x81,160x120,240x180,360x270,480x360,540x405,640x480,720x540,1080x810,1280x960,1440x1080,2560x1920&from=bu&cs=2560x0",Две люди на улице держат большой белый баннер с надписью Three Days Grace; на заднем плане городские здания и прохожие.,задокументировать городскую сцену,False
"https://sun9-39.userapi.com/s/v1/ig2/0SeXKL4_NR3pyROKQXwEe6wwbgnL-UqH8zkoU2JkITmPkTAsFBrcRb4Xpfl_9ys2uxmH8rxgDVo9HQs47ThWz8Bq.jpg?quality=95&as=32x69,48x104,72x156,108x234,160x347,240x520,360x780,480x1040,540x1170,640x1386,720x1559,1080x2339,1182x2560&from=bu&cs=1182x0","Несколько высоток и кирпичные дома вдоль улицы, над ней провода, на тротуаре стоят автомобили, на переднем плане деревья.",задокументировать городскую сцену,False
"https://sun9-77.userapi.com/s/v1/ig2/2oRh-vbsqlhwNmkHuU50-NpPTqkGbWEQ_96lp49TpNjuNePKL2WnfYnrHxh7YBKFO_diUZXXXepM4xvp2-_vEzBk.jpg?quality=96&as=32x43,48x64,72x96,108x144,160x214,240x320,360x481,480x641,540x721,640x855,720x961,1080x1442,1280x1709,1342x1792&from=bu&cs=1342x0",Женщина позирует у белой кирпичной стены на улице в клетчатом пальто и голубых широких брюках.,показать одежду,False
"https://sun9-79.userapi.com/s/v1/ig2/B8u8HP4woRIZAARzUP6dhzgi4uUaB0KswDU6cNb_2hGwrUxmEqfSJgXzeaNvidDs_sfzQc-MHQ88GHRa_cYuW_Sm.jpg?quality=96&as=32x43,48x64,72x96,108x144,160x214,240x320,360x481,480x641,540x721,640x855,720x961,1080x1442,1280x1709,1342x1792&from=bu&cs=1342x0",Две девушки в худи позируют возле стены с облупившейся краской в уличной обстановке,показать одежду в уличном стиле,False
"https://sun9-62.userapi.com/s/v1/ig2/juxmrPqfbAqqKF0C8Vf1oohDwXdKWo3SpQ0YKhZDGMyOsTGllkOJAUqos_CnCDpgkkib3iUUqlhIDNrl670WNvw-.jpg?quality=95&as=32x43,48x64,72x96,108x144,160x213,240x320,360x480,480x640,540x720,640x853,720x960,1080x1440,1280x1707,1440x1920,1920x2560&from=bu&cs=1920x0","Женщина в бежевом свитшере с рисунками стоит на улице; на заднем плане дороги и автомобили, размытые городские здания",показать одежду,False
"https://sun9-76.userapi.com/s/v1/ig2/tkSLEJCiTCrEJQWrePckw82SAWwI3kJ46jHRtOIQEnnmk6-aZQEfoFjpn4JvFO_8fkSTguOMNJDdAFaQDHB_WzEz.jpg?quality=95&as=32x43,48x64,72x96,108x144,160x213,240x320,360x480,480x640,540x720,640x853,720x960,1080x1440,1280x1707,1440x1920&from=bu&cs=1440x0","Маленькая девочка в розовой одежде стоит на каменной улице у уличного рынка: вокруг видны киоски с красными стойками, навесы и гирлянды, на заднем плане люди за столиками.",сделать портрет ребенка на улице,False
"https://sun9-79.userapi.com/s/v1/ig2/ooFBAzxuydfP28P9sAYtrwOznUpd-KnG9L9jxGBipeNQJC1jVaBR9KVNpBTJ-AUoMs6o6p1t3WaKLtLlEZJVPcSl.jpg?quality=95&as=32x50,48x75,72x112,108x168,160x249,240x373,360x559,480x746,540x839,640x994,720x1118,1030x1600&from=bu&cs=1030x0",Женщина в зимнем пальто и шапке сидит на снегу на улице возле гирлянд.,показать портрет женщины на зимней улице,False
"https://sun9-15.userapi.com/s/v1/ig2/brIE2PWEcMcKK_mkvdC0MPVuDbUOmLNxHAU2JQA-yiXwU0-6atn26LmUljKazWreVsSU8OjY_TNxpenO2dzh115N.jpg?quality=95&as=32x43,48x64,72x96,108x144,160x213,240x320,360x480,480x640,540x720,640x853,720x960,1080x1440,1280x1707,1440x1920,1920x2560&from=bu&cs=1920x0","Женщина стоит на улице, позирует в синей куртке с узорчатым рисунком, с черным рюкзаком в руках; на фоне — фасад здания и витрины магазина.",показать одежду,False
"https://sun9-43.userapi.com/s/v1/if2/1O1utT0hH1T4pePtOr6V_zugTM3JPJcsXjOSTJfirBZk5aHCNxv5na_iGn-UaYc_cXl32RRFon90HORtzWvYSvjT.jpg?quality=96&as=32x24,48x36,72x54,108x81,160x120,240x180,360x270,480x360,540x405,640x480,720x540,960x720&from=bu&cs=960x0","Группа людей стоит на улице рядом с черной машиной, улыбаются и поднимают руки; на заднем плане — городские здания и витрины.",показать группу людей на улице возле автомобиля,False
"https://sun9-52.userapi.com/s/v1/ig1/fbOfVMGiJZEzTURoeZk36a9ExOmpIoVo79pbR9PlcCWrhOkq8TmyQiJ5XJyS9oI0TZIbbsmX.jpg?quality=96&as=32x43,48x64,72x96,108x144,160x213,240x320,360x480,480x640,540x720,640x853,720x960,864x1152&from=bu&cs=864x0","Мужчина в кепке и синей куртке делает селфи на улице; позади видно многоэтажные дома, припаркованные автомобили.",сделать селфи,False
"https://sun9-23.userapi.com/s/v1/ig2/GaNNkF6BNL1z-gzE-kUuSxao5kEAdTASfAe_-N-rtMKlh7vR3sm_CFm5AwMQ2P4Bpwo8VUPsZOqLKqw1b8NbWeX4.jpg?quality=96&as=32x43,48x64,72x97,108x145,160x215,240x322,360x483,480x644,540x724,640x858,716x960&from=bu&cs=716x0","Человек в спортивной одежде стоит на балконе над городом; на фоне видны многоэтажные здания, небо и линии электропередач.",портрет на фоне города,False
"https://sun9-60.userapi.com/s/v1/ig2/LWKJbk0XBZoJUz0ooe68JJncWEcvxWhEvFi_iIGKMSzrj7mpTvFavIM52mHsaKYrXbbcnULYs1uazM1mCRdV_s1Q.jpg?quality=95&as=32x43,48x64,72x96,108x144,160x214,240x321,360x481,480x642,540x722,640x855,720x962,1080x1444,1197x1600&from=bu&cs=1197x0",Девушка в розовом пальто и военной кепке позирует у кирпичной стены на улице.,показать костюм/одежду,False
"https://sun9-20.userapi.com/s/v1/ig2/am-7IRMgOa0KtEoddfHeUS5c9h3qeJQff7RCxoLPBBZ0sM5nitV85tZAaBLZo8VI-YSdaUcY7aYMP0MEgJodCtbc.jpg?quality=95&as=32x32,48x48,72x72,108x108,160x160,240x240,360x360,480x480,540x540,640x640,720x720,1080x1080,1280x1280,1440x1440,1560x1560&from=bu&cs=1560x0",Двухэтажный светло-бежевый фасад старого здания на переднем плане; за ним высокий современный темно-синий небоскрёб,показать фасад здания,False
"https://sun9-79.userapi.com/s/v1/ig2/Goca0eMywYDQlJI63fYMU1a5t6XY2R_gI4iFMv7fQ6PAyb6LWq3bfyPNOJl5REO24A6OTB8YEsyoXR4NYuGvNRMp.jpg?quality=95&as=32x43,48x64,72x96,108x144,160x213,240x320,360x480,480x640,540x720,640x853,720x960,1080x1440,1280x1707,1440x1920,1920x2560&from=bu&cs=1920x0","Женщина в белой пуховике на улице; видна часть здания на заднем плане, снег на земле.",показать одежду,False
"https://sun9-27.userapi.com/s/v1/ig2/5VHztNHDI90h1LarEFSb6tpO8PHLK36DkocqgcQPDpACZWj22YqSTYPILntYzMMhojZtSqwcNUy_zlMtFriFPKDQ.jpg?quality=95&as=32x43,48x64,72x96,108x144,160x213,240x320,360x480,480x640,540x720,640x853,720x960,1080x1440,1280x1707,1440x1920&from=bu&cs=1440x0","Улица с ярмаркой: палатки по обеим сторонам, гирлянды и лампочные фонари над тротуаром, люди ходят между столами и прилавками; здания слева и справа.",задокументировать уличную ярмарку,False
"https://sun9-71.userapi.com/s/v1/ig2/6znylWdL95QAsuxT5kbKDluDVBiQzYOYBU_r4P1qab1gmD_l74dMP-Q0Vmhtj8DcKUlEDTiD1aK0bYI6Y-_czUPk.jpg?quality=95&as=32x43,48x64,72x96,108x144,160x213,240x320,360x480,480x640,540x720,640x853,720x960,1080x1440,1280x1707,1440x1920,1920x2560&from=bu&cs=1920x0","Женщина в бежевом утепленном пуховике с меховой капюшоном на зимней улице; вокруг снег, кирпичная стена, лестница и забор.",показать одежду,False
"https://sun9-19.userapi.com/s/v1/ig2/yjHt98onzETK7_wX7Bk15qdNwW519DavF7gK4YPYHZox7JaK0m-_-fv3lfNM6EUd0YbpQiUeWC937AhOe2q4tWZW.jpg?quality=96&as=32x43,48x64,72x96,108x144,160x213,240x320,360x480,480x640,540x720,640x853,720x960,1080x1440,1200x1600&from=bu&cs=1200x0","Высокое здание с куполообразной башней на улице, рядом современные здания, по тротуару движется транспорт",задокументировать городскую сцену,False
"https://sun9-11.userapi.com/s/v1/ig2/Tq2oB9mPSwtMAWRWQtmMOHQE2uQAfgrC7jH54KAlA4OhqCNimP81Vs29ujiQ77yr8aO17mZ4Qc9UjfBfYIYNQuIx.jpg?quality=95&as=32x43,48x64,72x96,108x144,160x213,240x320,360x480,480x640,540x720,640x853,720x960,1080x1440,1280x1707,1440x1920,1920x2560&from=bu&cs=1920x0",Женщина в черном пуховике на снегу на улице; фон — городская улица с магазинами и украшениями.,показать одежду,False
"https://sun9-59.userapi.com/s/v1/ig2/E2zTSPlJmTwajI3mXuf5sZEd5livUL8atQ5HzN7v2e9LrZBte_aL9fL8FYOAdRSd52uNmimlVBhzonimoHxYS8hC.jpg?quality=95&as=32x43,48x64,72x96,108x144,160x214,240x321,360x481,480x642,540x722,640x855,720x962,1080x1444,1197x1600&from=bu&cs=1197x0","Женщина в тёмной толстовке и кепке сидит на красных ступенях во дворе города; вокруг висят гирлянды, видны кирпичные стены, столик и стулья; на ступенях лежит чёрная сумка.",показать одежду,False
"https://sun9-53.userapi.com/s/v1/ig2/laVzNbaVlg96AxRv6VCZdDVclXhARRsTclOLbfJt4WXb_KbN0WR9gxoSy9oMQEk_56laHwOgIU9Zu5_WGRoleAQN.jpg?quality=95&as=32x43,48x64,72x96,108x144,160x213,240x320,360x479,480x639,540x719,640x852,720x959,1080x1438,1280x1705,1440x1918,1922x2560&from=bu&cs=1922x0","Портрет женщины в черном худи и солнцезащитных очках на улице; слева виден многоэтажный фасад здания, над головой — провода и светофор, небо с облаками.",портрет на фоне городской улицы,False
"https://sun9-87.userapi.com/s/v1/ig2/8b5cwtVQsVjgB-V5G4J9MavMYewYAnb7Qr0dth-s7xjsJ0fw9n0a9OoWqr39SAwZZarT9-mTHlAkO7_iUP6JIKt-.jpg?quality=96&as=32x43,48x64,72x96,108x144,160x213,240x320,360x480,480x640,540x720,640x853,720x960,1080x1440,1218x1624&from=bu&cs=1218x0","Девушка в белой футболке с принтом и голубом джинсовом комбинезоне позирует на пешеходном переходе перед крупным красно-серым зданием на городской улице, солнечно.",показать городской образ девушки,False
"https://sun9-69.userapi.com/s/v1/ig2/kT6S_Fng8GFGSV6DZFnboIIac7IR9GGqFWv4zVo3R-pHTKAhDaXfWu-XJCC30M31J9fotCVod1wBMsJFGxgU7XPZ.jpg?quality=96&as=32x43,48x64,72x96,108x144,160x214,240x320,360x481,480x641,540x721,640x855,720x961,1080x1442,1280x1709,1342x1792&from=bu&cs=1342x0",Женщина в бежевом двубортном жакете и белой водолазке позирует на улице. Фон — стена из плитки.,показать одежду,False
"https://sun9-18.userapi.com/s/v1/if2/uRfu4U2FukxN77CoRAUVHdQQYKIK_fhBOrq6of1NMFwmGy8G72OAvTLT3LHGYJTllDWV3ELiiLn1QKdzl0nB_7xT.jpg?quality=96&as=32x24,48x36,72x54,108x81,160x120,240x180,360x270,480x360,540x405,640x480,720x540,1080x810,1280x960,1440x1080,2560x1920&from=bu&cs=2560x0","Масштабное стеклянное здание на городской улице; перед ним припаркованы автомобили, на первом этаже витрины, баннеры и вывески",показать здание вдоль улицы,False
"https://sun9-88.userapi.com/s/v1/if1/f0MZoWt9LdvdB0jOI1Pl7wzETtYGup40qLvQveLmyAd6k762tha_xZxOHCTZpx-W5Mz4qtQS.jpg?quality=96&as=32x24,48x36,72x54,108x81,160x120,240x180,360x270,480x360,540x405,640x480,720x540,1080x810,1280x960,1440x1080,2560x1920&from=bu&cs=2560x0",Двое людей держат плакат с надписью Three Days Grace на городской улице; на фоне — здания и автомобили,показать людей на улице с плакатом,False
"https://sun9-23.userapi.com/s/v1/ig2/yWdBQiMYikLuIvUhyTpkTfxmMVfTeDMCchSV00O8Ta6tF7aa9hpN2eWu3F4-SrRQTIkSdlwIDRARN0h1jwRQ1_pu.jpg?quality=96&as=32x43,48x64,72x96,108x144,160x214,240x320,360x481,480x641,540x721,640x855,720x961,1080x1442,1280x1709,1342x1792&from=bu&cs=1342x0","Женщина в белом платье в горошек идёт по ступеням на улице, вокруг деревья и здание.",показать одежду,False
"https://sun9-73.userapi.com/s/v1/ig2/mVHyXtOFlHsjBsyYG0ZB3D9b_UKwt5ikYh8vFPyXM1DlZ3eBSiKgp6zrG5zi5vbZHT1bfm9ItyTyDQrZEXFtsLXZ.jpg?quality=95&as=32x43,48x64,72x96,108x144,160x213,240x320,360x480,480x640,540x720,640x853,720x960,1080x1440,1280x1707,1440x1920&from=bu&cs=1440x0",Женщина в белой футболке на открытом балконе указывает рукой в сторону города; на фоне видны высотки и башня.,показать человека на балконе на фоне города,False
"https://sun9-67.userapi.com/s/v1/ig2/hLqjPXPK6j9FPiulL9--hlhBz2qXt1GcWTe8HXbPbG1Q2gQ89Wo0AqubZr5jehEtaWkKP5MnqTOU9UP9nLP3nY63.jpg?quality=95&as=32x43,48x64,72x96,108x144,160x213,240x320,360x480,480x640,540x720,640x853,720x960,1080x1440,1104x1472&from=bu&cs=1104x0","Двое людей (пожилая женщина и ребёнок) стоят на узкой городской улице под подвешенными красными китайскими фонарями. По сторонам — кирпичные здания и лавки, видны вывески.",показать группу людей на улице под яркими фонарями,False
"https://sun9-70.userapi.com/s/v1/ig2/J0T9KXW6i8C7Hchz0orA8pj2PkSpyrJQnMph7ESmjWqAsV9Dw0DePXgl295W4ej6YxDju8HKqXINwuS_i-d05n5W.jpg?quality=95&as=32x43,48x64,72x96,108x144,160x214,240x321,360x481,480x642,540x722,640x855,720x962,1080x1444,1197x1600&from=bu&cs=1197x0",Женщина в розовой униформе с кепкой позирует перед белой кирпичной стеной и яркими красными неоновыми вывесками.,портрет человека в униформе на фоне неоновой вывески,False
"https://sun9-34.userapi.com/s/v1/ig2/jMWgdIe08b9IiPUwAHZtmC4KpKdZ1FJ_QZ71Dl05SFlno6fbayHHogz0OeJHxoQyJhxz9KhAjQdfV8gtY1HZEfxV.jpg?quality=96&as=32x43,48x64,72x97,108x145,160x215,240x322,360x483,480x644,540x724,640x858,716x960&from=bu&cs=716x0",Молодой парень на улице ест пончик; на заднем плане городская улица с машинами и зданиями.,показать еду,False
"https://sun9-10.userapi.com/s/v1/ig1/yUWThss6qqu-e8JXmPrwIOU93Io1cC0f6OZqoscrOF5pt1v3iBK2x9_Pq5iLKi7L8BYyCdMF.jpg?quality=96&as=32x48,48x72,72x108,108x162,160x240,240x359,360x539,480x719,540x809,640x959,720x1078,1080x1618,1089x1631&from=bu&cs=1089x0","Молодая женщина в черном пальто, белой футболке, камуфляжных брюках и черной шапке стоит на открытой балконной площадке у перил; на фоне виден городской пейзаж и снег.",показать образ/одежду,False
"https://sun9-61.userapi.com/s/v1/ig2/Bhm84fzCj0cDaf7ASkAuysgW-KVpsWGBgSv7zfGEd3EXRd1_q-aeY7fFxcf_4npPb65m8_-Dh6WpLVCrTsRMVqRJ.jpg?quality=95&as=32x43,48x64,72x96,108x144,160x213,240x320,360x480,480x640,540x720,640x853,720x960,1080x1440,1280x1707,1440x1920,1920x2560&from=bu&cs=1920x0","Человек в светлой куртке держит серебристый узорчатый рюкзак; ракурс сбоку, виден тротуар и стена на фоне города",показать рюкзак как товар,False
"https://sun9-64.userapi.com/s/v1/ig2/4O6RJLY-mn-YzJm7bM83o1LJ50RiviSoI2Ler_iIURggRGBBvfsJN5-hbTZ44_UxKJ1QUC2F-Nffe-HLceX9-Ifk.jpg?quality=95&as=32x57,48x85,72x128,108x192,160x284,240x427,360x640,480x853,540x960,640x1138,720x1280,900x1600&from=bu&cs=900x0","Яркий уличный мурал на стене, изображающий женщину в голубой одежде и красном платье; над сценой висят лампы. Перед стеной стоит человек в черной куртке.",задокументировать городскую сцену,False
"https://sun9-36.userapi.com/s/v1/if1/Top8ViwDDjvgyVEQoeYeJ5-_mBDOX0W_Vok1HWJhcf3UmURWX9Rv7CCpyJMJrc43sWDhAWJg.jpg?quality=96&as=32x24,48x36,72x54,108x81,160x120,240x180,360x270,480x360,540x405,640x480,720x540,1080x810,1280x960,1440x1080,2560x1920&from=bu&cs=2560x0",Два человека стоят на улице и держат баннер с надписью Three Days Grace; позируют на фоне витрины и здания.,позирование перед камерой с баннером группы,False
"https://sun9-57.userapi.com/s/v1/ig2/LkVUNYKZ9nq3t9lwBy5aBrlhbRRkJcksS2tnUpzRXkP9cQviPxHU5kQaj26qU0hSjOCjAYl5NzzuZ-woNWUWDaWt.jpg?quality=95&as=32x43,48x64,72x96,108x144,160x213,240x320,360x480,480x640,540x720,640x853,720x960,1080x1440,1280x1707,1440x1920,1920x2560&from=bu&cs=1920x0","Женщина в коричневом платье с воланами позирует на улице у входа в здание, слева дверь; вокруг зелёные растения и цветы, на фоне виден автомобиль и стеклянный фасад",показать платье,False
"https://sun9-13.userapi.com/s/v1/ig2/zF-inDosw5fmnBB317fAMBI8maGGM7ZVtPMXyVGkbVOQaU-6FB7FDTJQwoazr2WFOm1BZap_GM_uBbvKYjgUiNqk.jpg?quality=95&as=32x43,48x64,72x96,108x144,160x213,240x320,360x480,480x640,540x720,640x853,720x960,1080x1440,1280x1707,1440x1920,1920x2560&from=bu&cs=1920x0","Человек в светлом пальто с меховым капюшоном стоит на улице ночью, держит камеру перед собой и фотографирует себя. На фоне снежная улица, тротуары и многоэтажные здания с огнями.",сделать селфи,False
"https://sun9-82.userapi.com/s/v1/ig2/k5PHNCC0VPIs4StGfdwA1SZqjkxGI1HM6mUxQiVvXHySK_NXgiVl6yJXja9v29TS3ncADI09rQOB0T-s-wWPFDTd.jpg?quality=95&as=32x71,48x107,72x160,108x240,160x356,240x533,360x800,480x1067,540x1200,640x1422,720x1600&from=bu&cs=720x0","ночная уличная сцена с висящими красными фонарями и гирляндами, вдоль улицы стоят здания, на земле снег",передать ночную уличную сцену с красными фонарями и гирляндами,False
"https://sun9-61.userapi.com/s/v1/ig2/xgx8uuuDX_-E0jZSpGybUjeqgxxfT6eNaXhfYemM8AOcS-b1_brmoNvl_rUEGrXA7xbDf1XW7irfEQ1bZtlFEP3M.jpg?quality=95&as=32x57,48x85,72x128,108x192,160x284,240x427,360x640,480x853,540x960,640x1138,720x1280,900x1600&from=bu&cs=900x0","Человек в черной куртке и шапке позирует на открытой металлической платформе с красными перилами; над головой висят гирлянды из лампочек, позади кирпичная стена, на земле снег",портретный снимок на улице,False
