image_url,annotation_text_description,annotation_user_intent,annotation_has_synagogue
"https://sun9-74.userapi.com/s/v1/ig1/gvVEyg8-ow1pjxpYkRQ70j-Qjruv8yawTrJTjjoZXnfeuj3alDcvTScmleET13LWCxQ2oQ.jpg?quality=96&as=32x57,48x85,72x128,108x192,160x284,240x426,360x640,480x853,540x959,640x1137,712x1265&from=bu&cs=712x0",Маленькая девочка в цветочном платье сидит на ярком детском кресле в игровой комнате. На стене красочная мультяшная сцена с животными; вокруг — цветные маты и игрушки.,показать ребенка в игровой комнате,False
"https://sun9-45.userapi.com/s/v1/if1/fYn4rjBicqlB9Y3OkMqd87zVGBKKUpT--ZVO7fTZ301cFNkDhskwDhcWDb2kL-nsLZR9eg.jpg?quality=96&as=32x18,48x27,72x41,108x61,160x90,240x135,360x203,480x270,540x304,640x360,720x405,1080x608,1265x712&from=bu&cs=1265x0","Маленькая девочка в ярком платье стоит на детской игровой площадке внутри помещения, улыбается; вокруг разноцветные игровые элементы и стенды.",показать ребенка в игровой зоне внутри помещения,False
"https://sun9-10.userapi.com/s/v1/ig1/48Tcwkad4e8uSMeWrL5my7RwwEynKtV_hWqGwfeAWBa215b3iqj8vCg_0eJgp-9jR0Z5Yw.jpg?quality=96&as=32x57,48x85,72x128,108x192,160x284,240x426,360x640,480x853,540x959,640x1137,712x1265&from=bu&cs=712x0","Ребёнок сидит в шариковом бассейне внутри игрового зала на яркой горке; вокруг много разноцветных шариков, видны цветные стены и ограждение.",зафиксировать момент игры ребенка в шариковом бассейне в игровом зале,False
"https://sun9-28.userapi.com/s/v1/ig2/bpBu-xmyW97FfcphokYh3FW9zgfQAguKhcLQdjFRrAzk3n8ACEcPfdQIICJ6CmKLle-e37WmRiIeNeerrymMJW-S.jpg?quality=95&as=32x46,48x69,72x104,108x156,160x231,240x347,360x520,480x693,540x780,640x925,720x1040,1080x1560,1280x1849,1440x2080,1772x2560&from=bu&cs=1772x0","Двое людей в одинаковых черных футболках стоят рядом перед светлой стеной, улыбаясь; мужчина справа поднимает большой палец.",показать одежду,False
"https://sun9-7.userapi.com/s/v1/if1/ohxG3-lR9Xq5VoVeMBsAGa0yskUIzD5aBRRHoq2xdd_KxwggTdOle1RYS29uDRfSvMErAA.jpg?quality=96&as=32x18,48x27,72x41,108x61,160x90,240x135,360x203,480x270,540x304,640x360,720x405,1080x608,1265x712&from=bu&cs=1265x0",Маленькая девочка с розовой лентой в волосах держит щёки руками и улыбается в яркой игровой зоне; вокруг красочно‑цветные пластиковые элементы и стены.,показать ребёнка в игровой зоне,False
"https://sun9-49.userapi.com/s/v1/ig1/35XJ-B0w67nradVQpdQ2uQZA8ztw2agC-YT3QOyIx4MgfBKNanWAO-i7OdbotM3XK7LOU0e7.jpg?quality=96&as=32x32,48x48,72x72,108x108,160x160,240x240,360x360,480x480,540x540,640x640,720x720,959x959&from=bu&cs=959x0","Белый детский комбинезон-боди с капюшоном, разложен на белом фоне. Видны рисунки и текст на ткани, присутствует водяной знак Mama_show_room.",показать одежду,False
"https://sun9-37.userapi.com/s/v1/ig1/nraF09sMTRE2asF37hqdNiwmm6x8XzEbnkF_BNFCah3TbMpqFNtwIG42xALsi8q4XCfL5Lf_.jpg?quality=96&as=32x32,48x48,72x72,108x108,160x160,240x240,360x360,480x480,540x540,640x640,720x720,1080x1080,1230x1230&from=bu&cs=1230x0","Крупный план ногтей на пальцах руки с маникюром, на фоне видны надписи «РАБОТА УЧЕНИЦЫ» и «WHITE_ROSE_STUDIO_PERM»",показать маникюр и работу ученицы,False
"https://sun9-74.userapi.com/s/v1/ig2/7bLDUrx1VYyADdw4svtemdW0xNBr1J3Yp4y-ZGuqvwbpPqa6jhN8JmMCH3j3JaMpa1g9G5TGV8XPBVf2tkOS23Zd.jpg?quality=95&as=32x43,48x64,72x96,108x144,160x213,240x320,360x480,480x640,540x720,640x853,720x960,1080x1440,1280x1707,1440x1920,1920x2560&from=bu&cs=1920x0","Улица рынка в городе: лавки и столики под зонтиками вдоль тротуара, красные фонари над головами; люди сидят и прогуливаются.",показать уличный рынок,False
"https://sun9-80.userapi.com/s/v1/ig1/u7Iy-JH51Nw9yC0tO9RwaLAsmtS_wofMw3v-P_Dnvs6ioKQPf36cwzexFMV6CdtCZuUSdNWG.jpg?quality=96&as=32x43,48x64,72x96,108x144,160x213,240x320,360x480,480x640&from=bu&cs=480x0","На столе лежат несколько прямоугольных коричневых тортов на белых подносах; в фоне диван с подушками и игрушками. Видна рука, держащая кусочек торта слева.",показать выпечку,False
"https://sun9-21.userapi.com/s/v1/ig2/13-5ajR4MvT3sBD5jyZA2RdzU3Qt9OT7Tic5qggX5Oi7U0FKT69atvHBuzhV-lJ_kDJEOgqJFpQKyGGKX3xuuIaR.jpg?quality=95&as=32x43,48x64,72x96,108x144,160x214,240x321,360x481,480x642,540x722,640x855,720x962,1080x1444,1197x1600&from=bu&cs=1197x0","Женщина крупным планом, смотрит в камеру с широко открытыми глазами; фон — кирпичная стена и стопка тарелок.",сделать селфи,False
"https://sun9-38.userapi.com/s/v1/if2/WNlbeF5BG8NNG_whK3Urr7mzvuW973hM3LuigoIjbN1th4kY5p_s3Y2qHAFiOgBAbHiLwDuSFS1MIxg7nJsjhjDe.jpg?quality=95&as=32x24,48x36,72x54,108x81,160x120,240x180,360x270,480x360,540x405,640x480,720x540,1080x810,1280x960,1440x1080,2560x1920&from=bu&cs=2560x0","Узкая городская улица между кирпичными зданиями; над ней висят красные подвесные фонари; слева и справа красная мебель (скамейки и столики); мокрая поверхность улицы, витрины магазинов слева/справа.",показать городскую улицу с декоративной подсветкой,False
"https://sun9-84.userapi.com/s/v1/ig2/JpRsTtUJWvX6-da0p189P_g41g8ZZSWZPKOb7etqS9woHHvp-PSpsoBqfVc2D6EJeIF3W7qPeDbU1aIwJZyx04Qm.jpg?quality=95&as=32x43,48x64,72x96,108x144,160x214,240x320,360x481,480x641,540x721,640x855,720x961,1080x1442,1280x1709,1342x1792&from=bu&cs=1342x0","Женщина в ярко-розовом платье позирует внутри помещения, на ней солнцезащитные очки и высокие ботфорты, рядом зеркало и дверь, свет из окна. Видна часть комнаты и декоративный элемент у стены.",показать одежду,False
"https://sun9-67.userapi.com/s/v1/if2/WUPtJPVyZ8nP6KmTah6Y2AoAN6JmjdTtF-gsf_owKMQhYLWzhhQdVSFPtvsDcxAsQ1RJr3BP6bR8CaPzhUf181JN.jpg?quality=95&as=32x24,48x36,72x54,108x81,160x120,240x180,360x270,480x360,540x405,640x480,720x540,1080x810,1280x960,1440x1080,2560x1920&from=bu&cs=2560x0","Группа из пяти людей позирует внутри перед стеной с яркой розовой неоновой надписью 'VIRUS'. На стене фотографии/картины, пол виден в кадре.",показать группу людей перед неоновой надписью,False
"https://sun9-59.userapi.com/s/v1/ig2/WYB-ZZr89yYSUSHTHyziD1Ag1wxPiUqWoiA7Gkg6mTUsYMdwkPzI--58f7aP1OzBbSEDWo-bewm4QgMjo8ULGb-Q.jpg?quality=96&as=32x43,48x64,72x96,108x144,160x214,240x320,360x481,480x641,540x721,640x855,720x961,1080x1442,1280x1709,1342x1792&from=bu&cs=1342x0","Две женщины позируют на улице на фоне жилых домов. Слева в черной глянцевой куртке и розовых лосинах, справа — в белом пуховом пальто и черных брюках. Обе смотрят в сторону камеры; на левой ноге у одной видна татуировка. Городской сценический кадр с уличным фоном.",показать одежду,False
"https://sun9-30.userapi.com/s/v1/if1/OTKKSnNPPTXaaboiuSsqumQ-mxbQAJaQlM5CSqKIRdtErvLlCjVv1vmHnmaHuki0scGxVw.jpg?quality=96&as=32x24,48x36,72x54,108x81,160x120,240x180,360x270,480x360,540x405,640x480,720x540,960x720&from=bu&cs=960x0","Крупный план стоп с педикюром: пальцы ног видны, ногти окрашены; на больших пальцах темный лак",показать педикюр на стопах крупным планом,False
"https://sun9-40.userapi.com/s/v1/ig2/mqjVVan9CSe5f_FQVSdgTeyjyQXfuWr-L1cPe7_RL3rc0wGoYT9Sd7joDZjH7DwXIwkOQ-xlzi-4TqmRPHNHlaxv.jpg?quality=95&as=32x43,48x64,72x96,108x144,160x213,240x320,360x480,480x640,540x720,640x853,720x960,1080x1440,1280x1707,1398x1864&from=bu&cs=1398x0",Женщина в фиолетовой куртке и белых шортах стоит в помещении перед светлой стеной; слева декоративное растение в горшке на маленьком столике.,показать одежду,False
"https://sun9-29.userapi.com/s/v1/ig1/ScbVrTa-aBKUayrqmI1K2LoxZw9HdEjz2sZcxFA20nGHCowv9jQTXSkMFUZtC2R4RwCnqJ3n.jpg?quality=96&as=32x43,48x64,72x96,108x144,160x214,240x320,360x481,480x641,540x721,640x855,720x961,1002x1338&from=bu&cs=1002x0","Человек в оранжевом верхе держит большой фартук с рисунками, стоит в интерьере перед тёмной кирпичной стеной. Рядом стол с свечами и красные кресла.","портрет человека в интерьере, держит фартук с рисунками",False
"https://sun9-74.userapi.com/s/v1/ig2/hbju1fFx_BoGbrq-HMHi3TUy4686UwAmLsUNwh3IEBbonWWvFJspzGu6hvI8DJZTGQlzhghJwwESylQcpxcFSple.jpg?quality=96&as=32x43,48x64,72x96,108x144,160x213,240x320,360x480,480x640,540x720,640x853,720x960,1080x1440,1280x1707,1440x1920,1620x2160&from=bu&cs=1620x0","VR-шлем на стойке с монитором в помещении; кабели свисают к полу, на стене много маленьких фото; деревянный пол.",показать товар,False
"https://sun9-7.userapi.com/s/v1/ig2/WB7OhtBoadfL7b-mYxmGHbEukKXZABrxjO5bVZ5DSPM7ZH28Fc3536lS2jTk2QGuAEC8PiDEqWkfLVdh_DpSqG8H.jpg?quality=96&as=32x43,48x64,72x96,108x144,160x214,240x320,360x481,480x641,540x721,640x855,720x961,1080x1442,1280x1709,1342x1792&from=bu&cs=1342x0",Женщина в клетчатом длинном пальто стоит возле белой кирпичной стены; видно её отражение в стеклянной двери слева.,показать пальто и стиль,False
"https://sun9-72.userapi.com/s/v1/ig2/i7pUvk_lFtzjUTT7L6VSWzBnv5VI3jacoByyRnuiBxymH865HVQdLEDtKtijUPG_Q0zLzcXK7PFen_ihe1P_ceDO.jpg?quality=95&as=32x32,48x48,72x72,108x108,160x160,240x240,360x360,480x480,540x540,640x640,720x720,1080x1080,1280x1280,1440x1440,1560x1560&from=bu&cs=1560x0","Зал с рядами красных кресел, вдоль окна стоят горшечные растения, в глубине виден шкаф/витрина.",передать интерьер зала с рядами кресел и окнами,False
"https://sun9-60.userapi.com/s/v1/ig1/Y_JTif6q18RNp-KQuYwqj7s0Y4zAIaY9FtBY_vZOpR4CKyRi9Ib6Uj4iEBEKqquTffvm5W7t.jpg?quality=96&as=32x32,48x48,72x72,108x108,160x160,240x240,360x360,480x480,540x540,640x640,720x720,960x960&from=bu&cs=960x0","Три женщины на селфи, крупным планом улыбаются, фон темный, внутри помещения",сделать селфи,False
"https://sun9-33.userapi.com/s/v1/if1/nvDGFGcuKEznkuPYRXkFKEGtqkl102FyVs1eXH_r1vX2zEO2wD9DZqGW8AaBG3GiZRf4k4I8.jpg?quality=96&as=32x29,48x44,72x66,108x98,160x146,240x219,360x328,480x437,540x492,640x583,720x656,960x875&from=bu&cs=960x0","Два мужчины стоят внутри перед картой мира на стене, один указывает пальцем на карту, второй рядом",показать карту мира,False
"https://sun9-59.userapi.com/s/v1/ig2/T_kig5rsakH1ENqiX1oSz5rvqm5b0bQWYqIQUsE7Gr3XuR2sSREGO7MBxzaWSLIzh-5qswU2IhwSYXGM3KYw2VZG.jpg?quality=95&as=32x32,48x48,72x72,108x108,160x160,240x240,360x360,480x480,540x540,640x640,720x720,1080x1080,1280x1280,1440x1440,1560x1560&from=bu&cs=1560x0",Интерьер: на переднем плане несколько стопок толстых переплетённых книг с надписью TORAH; слева частично виден музыкальный инструмент; на фоне окно с растениями.,показать интерьер с книжной коллекцией,False
"https://sun9-1.userapi.com/s/v1/ig1/_19WV_Ge_ofqXhsBDlnjrGjmN_EnbSg0CeADiCBwS9suZDFiUbWdrDpjDV_w-Yb7pZGR-qkF.jpg?quality=96&as=32x32,48x48,72x72,108x108,160x160,240x240,360x360,480x480,540x540,640x640,720x720,1080x1080,1280x1280,1440x1440,1499x1499&from=bu&cs=1499x0","Крупный план руки с маникюром: ногти тёпло-розового и золотистого градиента, блестящее покрытие; на изображении белый текст «РАБОТА УЧЕНИЦЫ» и «WHITE ROSE STUDIO PERM»",показать маникюр как услугу,False
"https://sun9-55.userapi.com/s/v1/ig2/jgjjQVpQNiUUg1RlePQCC_IQlewAJ7g9xAYgTIDCPEz-Hzs8hFWJK_xYCAoWuzUl4J800jaAsSlBOgpTirPFApO3.jpg?quality=96&as=32x43,48x64,72x96,108x144,160x214,240x320,360x481,480x641,540x721,640x854,720x961,1080x1442,1280x1709,1440x1922,1618x2160&from=bu&cs=1618x0","Мужчина в сером свитере сидит за столом в кафе, держит вилку над тарелкой с едой; на фоне белые плиточные стены и красные стулья.",показать человека за столом в кафе,False
"https://sun9-29.userapi.com/s/v1/ig1/2FpLXkp3kNkQHcdQPDXy8EcKj6J95o7SI0vnVbncHYUZZZYYTiCB2mx47WMBl8dix2BMZLTB.jpg?quality=96&as=32x57,48x85,72x128,108x192,160x285,240x427,360x641,480x854,540x961,640x1139,720x1282,728x1296&from=bu&cs=728x0","Золотое кольцо с крупным камнем (бриллиантом) на белой подставке, крупный план",показать ювелирное изделие (кольцо) крупным планом,False
"https://sun9-31.userapi.com/s/v1/ig2/XvxgevVxMrL929at2h51_GJ5Qz_XRyQrtzDWhJgmoL-nAdcLLAdXw_rSh5LVIO74s6XcOlvjBdJDuPK_nNLoSlpi.jpg?quality=95&as=32x43,48x64,72x96,108x144,160x213,240x320,360x480,480x640,540x720,640x853,720x960,1080x1440,1280x1707,1344x1792&from=bu&cs=1344x0","Женщина в розовой куртке и белой футболке стоит перед светлой стеной, полный рост, руки в карманах, нейтральное выражение лица",показать одежду,False
"https://sun9-35.userapi.com/s/v1/ig1/uLrfthlH2kARJvF-idKZe4AVZVuAUhIOulCMd8n97GsZEGMf97_nBAbtgm6GoDWz_CIJBXjQ.jpg?quality=96&as=32x32,48x48,72x72,108x108,160x160,240x240,360x360,480x480,540x540,640x640,720x720,960x960&from=bu&cs=960x0",Женщина в тёмно-зелёном платье стоит внутри помещения среди крупных комнатных растений у окна,показать портрет женщины в интерьере,False
"https://sun9-2.userapi.com/s/v1/ig1/QCh84KssGTj19YY_WlwYbdglrOC01_dc76-Y7XKUGmQgyxUrwEGhXCCuHfMl-ZUULNGChTH_.jpg?quality=96&as=32x43,48x64,72x96,108x144,160x214,240x320,360x481,480x641,540x721,640x855,719x960&from=bu&cs=719x0",Женщина в бежевом свитере стоит в помещении рядом с крупными декоративными цветами на зелёной стойке.,портрет в помещении на фоне декоративных цветов,False
"https://sun9-30.userapi.com/s/v1/ig2/qxRodo6cUx2T9iDrKVX1UDlRgevlxXLS0KbguAPwUxcaYfrr6a-2vWB1AMjN-NKJdME_vtZu8lF-ttyne28v0DM6.jpg?quality=96&as=32x43,48x64,72x96,108x144,160x213,240x320,360x480,480x640,540x720,640x853,720x960,1080x1440,1280x1707,1440x1920,1620x2160&from=bu&cs=1620x0","Белая коробка с гелем Smartyum Max в руках; на переднем плане зелёный крест и надпись Smartyum Max, под ней фигура маркировки; под ней коричневая упаковка Atlanttea с рисунком дерева. Рука с розовым маникюром держит упаковку на столе.",показать упаковку товара,False
"https://sun9-6.userapi.com/s/v1/ig2/OqiMuJMGMeYHMie_PXXPwqysLyFzjAfL6IcWxeE1Bwn0UyqMPmI2uMBSWLm1LkXuV51Okg0_nuA6_dCwo1Zr_yX3.jpg?quality=95&as=32x43,48x64,72x96,108x144,160x213,240x320,360x480,480x640,540x720,640x853,720x960,1080x1440,1280x1707,1440x1920,1920x2560&from=bu&cs=1920x0","Девушка в желтом свитере сидит за столом в помещении с кирпичной стеной и большими окнами, читает открытую книгу/журнал.",показать человека читающего книгу,False
"https://sun9-82.userapi.com/s/v1/ig2/swNZAfPhlA3bNNIrYwliEXx29UVm53e-_6x0YDGlTExuqVHW8vViYUyakrHcIU2o3wFOGp_ET9YXq37KAxcz7Vba.jpg?quality=96&as=32x43,48x64,72x96,108x144,160x213,240x320,360x480,480x640,540x720,640x853,720x960,1080x1440,1200x1600&from=bu&cs=1200x0","Страница документа с таблицами и печатями, лежащая на поверхности стола",показать документ,False
"https://sun9-70.userapi.com/s/v1/if2/-lpH9ZLBf9nz4B5_486o6RKyogU5Klhcy-qJr0VfIr2TJfcZ7fJYrKAxUrznWJ4i4iMnKKFQjP5SyL-BnofqKPls.jpg?quality=96&as=32x24,48x36,72x54,108x81,160x120,240x180,360x270,480x360,540x405,640x480,720x540,1080x810,1280x960,1440x1080,2560x1920&from=bu&cs=2560x0","Два пожилых человека сидят за столиком в кафе: слева женщина, справа мужчина. На столе тарелка с десертом и мобильное устройство. За стеклянной дверью виден вход; интерьер теплая цветовая гамма.",показать людей за столиком в кафе,False
"https://sun9-31.userapi.com/s/v1/ig2/qDya2hlqf90w7wi0kxLggQXk4s0Ne90o8NjaX4edjFgHXEBvMy9NeM4AsI-uaPwwooh6-m5K-nYSP7o9bq13wwfd.jpg?quality=96&as=32x43,48x64,72x96,108x144,160x213,240x320,360x480,480x640,540x720,640x853,720x960,1080x1440,1280x1707,1440x1920,1620x2160&from=bu&cs=1620x0",Женщина в красных очках улыбается и держит вилку с кусочком еды над столом в кафе.,показать человека с едой,False
"https://sun9-66.userapi.com/s/v1/ig2/w_sT0l20ivm-6D5qrVrQjhnrbXkASinKfxvwyggveE0VftTi0WRy2OGs1Zgbjr6neWYVoo7nYhReEN-gANv7ISHR.jpg?quality=96&as=32x32,48x48,72x72,108x108,160x160,240x240,360x360,480x480,540x540,640x640,720x720,1080x1080,1280x1280,1440x1440,2160x2160&from=bu&cs=2160x0",Разноцветные конфеты-бусинки с буквами в белой треугольной тарелке на светлом фоне,показать конфеты в тарелке крупным планом,False
"https://sun9-88.userapi.com/s/v1/ig2/mWpegBeft7sJFz_KrHLUX0nptuz_vc2a1CN9z7gLaImG1_xRyLbL9_-pFTDtxHXux4t8cQYjYJvm_eRCxE4GDsmf.jpg?quality=96&as=32x43,48x64,72x96,108x144,160x213,240x320,360x480,480x640,540x720,640x853,720x960,1080x1440,1280x1707,1440x1920,1620x2160&from=bu&cs=1620x0","Мужчина в ресторане держит вилку с куском еды, смотрит в камеру. Фон — интерьер зала с кирпичной стеной и кухонной зоной.",показать еду,False
"https://sun9-38.userapi.com/s/v1/ig1/cW2-oN-orDElcC1sWVmvm-NnsSmMVrPbvqsynz-iert6dNiMGOu9OnalKeFqryZCYo6Bqxlc.jpg?quality=96&as=32x43,48x64,72x96,108x144,160x213,240x320,360x480,480x640,540x720,640x853,720x960,1080x1440,1218x1624&from=bu&cs=1218x0","Два блюда на деревянном подносе на темном столе: переднее блюдо с ярко-оранжевыми морепродуктами и соусом, рядом миска с другими морепродуктами/моллюсками; интерьер ресторана.",показать блюдо,False
"https://sun9-62.userapi.com/s/v1/ig2/vzd93n96Uhwwn9uoo1QP4VQ95ps6oy1LMN2-IezHGfvRWdY4oev6Axi-RfAa5EYxpjagVVpmIobzVM0Puh4Evsb0.jpg?quality=95&as=32x43,48x64,72x96,108x144,160x213,240x320,360x480,480x640,540x720,640x853,720x960,1080x1440,1280x1707,1440x1920&from=bu&cs=1440x0","Коричневая кожаная обложка книги с золотыми надписями: на иврите «תורה» и латинскими буквами «TOPA»; снизу подпись «C переводом на русский язык». Обложка лежит на синей поверхности, видны декоративные цепочки.",показать обложку религиозной книги,False
"https://sun9-58.userapi.com/s/v1/ig1/qn1COIh_yQmYJ5sxU9spbHv_JF8FxE41KKRsb3DNB2IauzFv1fKMZpSpwJ9Gk1dWAtU4OHwH.jpg?quality=96&as=32x43,48x64,72x96,108x144,160x213,240x320,360x480,480x640,540x720,640x853,720x960,1080x1440,1280x1707,1440x1920,1620x2160&from=bu&cs=1620x0","Настенная декоративная панель с изображением енота и надписью #raccoon, в рамке, висит на светлой стене",показать настенную декоративную панель с енотом и надписью #raccoon,False
"https://sun9-59.userapi.com/s/v1/ig2/5HIZHXqGZsqz294AWBm10ZVoF0bSEv2yG0ZQG68GTH4I6kIiTORP_bjl-w2dMQWbcqQZBvNxSfumylcl2o4ZpePi.jpg?quality=96&as=32x43,48x64,72x96,108x144,160x213,240x320,360x480,480x640,540x720,640x853,720x960,1080x1440,1200x1600&from=bu&cs=1200x0","Свиток пергамента с ивритским текстом, свернутые края сверху",показать свиток с текстом на иврите,False
"https://sun9-60.userapi.com/s/v1/ig2/XnYdjNF8qh5puIDzZ4eCNq7e6nDaJqAmNDiyUlasRFHZca7HVzHiQn7F9K8fF1JZR5X6oYAAF8OTdtcJ1k2anVlh.jpg?quality=95&as=32x43,48x64,72x96,108x144,160x213,240x320,360x480,480x640,540x720,640x853,720x960,1080x1440,1280x1707,1440x1920,1920x2560&from=bu&cs=1920x0","Портрет молодого человека в кепке и очках на улице, позирует у синей деревянной стены.",показать портрет человека,False
"https://sun9-80.userapi.com/s/v1/ig1/zpS3YKUVlRlzhuGb5vsqiBtZGclCrKneAB9RjaI8b9vt8pkE7yy_RdNU6Ew6Q26EINqdV3-A.jpg?quality=96&as=32x32,48x48,72x72,108x108,160x160,240x240,360x360,480x480,540x540,640x640,720x720,960x960&from=bu&cs=960x0",Крупный план руки с маникюром: ногти розового цвета с блеском; на фоне видна ткань футболки с голубым принтом,показать маникюр,False
"https://sun9-61.userapi.com/s/v1/ig2/SmRC-3eipM3gPfWho5pGOvJuEEZwiGk1CuWrapyj8B24XUI_yp1r8DXPxoU9Z5NmfPxXjx3aW-cUXwMptmT1SuMd.jpg?quality=95&as=32x57,48x85,72x128,108x192,160x284,240x427,360x640,480x853,540x960,640x1138,720x1280,900x1600&from=bu&cs=900x0","Человек в черной куртке и шапке сидит на красной металлической лестнице, рядом кирпичная стена; на фоне висят гирлянды огней.",показать портрет человека на лестнице в городской обстановке,False
"https://sun9-77.userapi.com/s/v1/ig1/1WwmSJbtR-qXP9Lif4VTyABzMazRiMrxQDuweChChgNEsH7RceZgYNqslgiJZ8Q7RplPbdU_.jpg?quality=96&as=32x43,48x64,72x96,108x144,160x214,240x320,360x481,480x641,540x721,640x855,720x961,1002x1338&from=bu&cs=1002x0","Человек сидит за столом в помещении с кирпичной стеной и вывеской Иван Раковар. На столе свечи и меню, слева ярко освещённая свеча/лампа.",показать портрет человека в интерьере ресторана,False
"https://sun9-33.userapi.com/s/v1/ig2/Ysm2XVaqjZtRxWDPinz_N-6uQkaYyf-_7Q4DTwfYW1FZzWPicS6v8ygv5xx_-mn3VJjKj3pVSnPS9Z_x7SmS5FEW.jpg?quality=95&as=32x61,48x91,72x137,108x205,160x304,240x456,360x684,480x912,540x1026,640x1216,720x1368,842x1600&from=bu&cs=842x0","Женщина в розовом костюме с широкими рукавами и шляпой позирует на улице; на заднем плане вывески и красные китайские фонари, кирпичная стена и тротуар.",показать костюм/косплей на фоне городской улицы,False
"https://sun9-57.userapi.com/s/v1/if2/fDIOpfU7wPvvNaieoIvFUhGbMAkCiviaNBEcNKVPJorrSjUbYoRsApeQ6uOuB2IlWHY-guCFZpWkTUx3ypIWax-q.jpg?quality=96&as=32x24,48x36,72x54,108x81,160x120,240x180,360x270,480x360,540x405,640x480,720x540,1080x810,1280x960,1440x1080,2560x1920&from=bu&cs=2560x0","Двое людей сидят за столом в кафе: слева женщина, справа мужчина; на столе тарелка с пирогом и телефон; позади видны стеклянные двери/окна.",задокументировать сцену в кафе,False
"https://sun9-33.userapi.com/s/v1/ig2/0c0gdCV_FwmlCWKEWa9eubN-JiCLd9nJ_d8zTJAWxJKSNBuT41RizyACMZaLqQ7Xv0q2FFZrZvBNgRR_nPM-Nb5P.jpg?quality=96&as=32x43,48x64,72x96,108x144,160x214,240x320,360x481,480x641,540x721,640x855,720x961,1080x1442,1280x1709,1342x1792&from=bu&cs=1342x0","Женщина позирует в помещении у белой стены: белая футболка, ярко-зелёные широкие брюки, белые кроссовки и зелёная бейсболка; поза с рукой на талии.",показать одежду,False
"https://sun9-57.userapi.com/s/v1/ig2/kBi8q02sI-We2-fmNukpccExBFlVDbMC2BU7fi0HuHKHPWcjc9-yc41UElXg-5rAzrdHHaTsfdcrngDCuRgt2ouH.jpg?quality=96&as=32x43,48x64,72x96,108x144,160x213,240x320,360x480,480x640,540x720,640x853,720x960,1080x1440,1200x1600&from=bu&cs=1200x0","Мужчина в белой рубашке, с талитом, стоит за кафедрой в синагоге; держит книгу, за ним шторы с ивритскими буквами и настольная лампа",показать человека в синагоге во время чтения/молитвы,False
"https://sun9-39.userapi.com/s/v1/ig2/ubsDvIYhRJjVpcViGqKXLr75jNdYqrVduVywMj4uE6QIiOpgEEQ9LZjQ2F6f_5RyUslF9B99aEAFsTIpr0k0g5eV.jpg?quality=95&as=32x43,48x64,72x96,108x144,160x214,240x321,360x481,480x642,540x722,640x855,720x962,1080x1444,1197x1600&from=bu&cs=1197x0","Женщина делает селфи в помещении кафе/ресторана, крупный план лица, улыбка; на переднем плане стол и стул, на фоне кирпичная стена и другие люди за столами",сделать селфи,False
"https://sun9-28.userapi.com/s/v1/ig2/8kNvMLo9Pub4a5EORuMPw1RWQI7AuDesp9nhatmAimno-BEu0zKmAsotnxV4sTwRRjg0lQzYG8-d7r72uWVHmgFP.jpg?quality=96&as=32x43,48x64,72x96,108x144,160x213,240x320,360x480,480x640,540x720,640x853,720x960,1080x1440,1200x1600&from=bu&cs=1200x0","Страница с таблицей букв на светлом фоне; видны клетки с символами иврита/кириллицей, рядом маленькая плюшевая игрушка.",показать страницу со учебной таблицей букв,False
"https://sun9-38.userapi.com/s/v1/if2/3aOSEP_2wzawFDEikZSbco-CHVs8ZcqPfnY5IRkGjOFB9tRuPTAoVCWaDQGKkc-R_zvAZdycrvF1D73IqBoX8vjq.jpg?quality=96&as=32x24,48x36,72x54,108x81,160x120,240x180,360x270,480x360,540x405,640x480,720x540,1080x810,1280x960,1440x1080,1600x1200&from=bu&cs=1600x0","Документ на русском языке с текстом, лежит на деревянной поверхности; видны организационные данные, банковские реквизиты и электронная почта.",показать текстовый документ с банковскими реквизитами,False
"https://sun9-36.userapi.com/s/v1/ig2/WdAH3IuS-jyn6NtM6jgHGXv-IJGs-DQlw7ebARh9nLVl44P85Sj-eYOlqZncRHhHZOFTBkJc3JeCCT0SG2hb9Fx9.jpg?quality=96&as=32x43,48x64,72x96,108x144,160x214,240x320,360x481,480x641,540x721,640x855,720x961,1080x1442,1280x1709,1342x1792&from=bu&cs=1342x0","Женщина в черной асимметричной блузе с длинным рукавом и зебровыми широкими брюками позирует перед светлой стеной, кадр сфокусирован на торсе и нижней части лица.",показать одежду,False
"https://sun9-9.userapi.com/s/v1/ig2/gqzwL5jtXcvmZ4vy2o3dMqIjF9Y3Rzc9rqaqCNVKDjvhvqdjSBwUfp1ViUMr0gV2xnGef_P_61Yp9bvx_hzV_1_W.jpg?quality=95&as=32x43,48x64,72x96,108x144,160x213,240x320,360x480,480x640,540x720,640x853,720x960,1080x1440,1280x1707,1440x1920,1920x2560&from=bu&cs=1920x0","Женщина в черном пуховике с капюшоном стоит на заснеженной улице; рядом кирпичные стены, здания на заднем плане, над головой навес с гирляндами.",показать портрет человека на улице,False
"https://sun9-80.userapi.com/s/v1/ig1/oHAI2Ip8vWj6ll5LVxGiH-iQ7QR0UP_TOuT3T7gCThlTK6j-mxmgwm2G3x3OMPLHiat4g8V9.jpg?quality=96&as=32x38,48x58,72x87,108x130,160x192,240x289,360x433,480x577,540x650,640x770,720x866,798x960&from=bu&cs=798x0","Женщина в светло-сером платье делает селфи в интерьере холла; она держит красный телефон, слева черная сумка на плече; вокруг пол и стены с дверью, зеркало отражает фигуру.",сделать селфи,False
"https://sun9-33.userapi.com/s/v1/ig1/DWHitGRdKK9o6vfFEywLM5msE8W2apY9ZrV9mr3xyGK9eFhYxodFN8oKirf18syy538LbxbO.jpg?quality=96&as=32x32,48x48,72x72,108x108,160x160,240x240,360x360,480x480,540x540,640x640,720x720,960x960&from=bu&cs=960x0",Женщина и молодой мальчик улыбаются друг другу на газоне; на заднем плане видна стена здания с окном.,запечатлеть общение взрослого и ребенка на прогулке,False
"https://sun9-35.userapi.com/s/v1/ig2/DnHPPJNAaHRYZzD19DVmKJxZs6OAuJujMt-SZpmQlYcfPU_rqAUbOy26axnaV_0zG20SIzbpf0aBY2qKXZz3-fJA.jpg?quality=95&as=32x43,48x64,72x96,108x144,160x214,240x321,360x481,480x642,540x722,640x855,720x962,1080x1444,1197x1600&from=bu&cs=1197x0","Девушка в розовом плаще и шляпе стоит у кирпичной стены на улице; на окне подоконник с вазой ярко-розовых цветов, ветви украшены огнями/гирляндами. У неё длинная коса, в руках перчатки.",показать одежду,False
"https://sun9-75.userapi.com/s/v1/ig2/oa_Gpr_ZVZke9ii5tJfiOsGrEePLjTI4oJR1D0h5khdimVDXCRZVUdBNytm5PW7M5Y2q1vl1H_70Sk50GwvThoFY.jpg?quality=95&as=32x43,48x64,72x96,108x144,160x213,240x320,360x480,480x640,540x720,640x853,720x960,1080x1440,1280x1707,1398x1864&from=bu&cs=1398x0","Женщина стоит в светлой комнате перед дверью и зеркалом, в лавандовом топе, серых широких брюках, джинсовой куртке, белых кроссовках и с белой сумкой в руке.",показать одежду,False
"https://sun9-11.userapi.com/s/v1/if2/vVj5obVFowFLSAflc_OeelpqEZkc_ZmUo6aHNdUU_VGTxpom8qZD8vY6lI_MZowPI8sQyH93M2fjgJznIqWmyCfz.jpg?quality=95&as=32x24,48x36,72x54,108x81,160x120,240x180,360x270,480x360,540x405,640x480,720x540,1080x810,1280x960&from=bu&cs=1280x0","Жёлтое деревянное здание на улице в снегу, перед ним припаркованы автомобили; вокруг многоэтажные дома",показать фасад здания,False
"https://sun9-22.userapi.com/s/v1/ig2/7fWOE2OXloxHLYFBRF0G9CmmGGndBlb3ndV80Sam5qzulfnz_ZaFch3IKXseP_dgEv-adNg_UBR9t7PsZV6OwbdG.jpg?quality=96&as=32x43,48x64,72x96,108x144,160x214,240x320,360x481,480x641,540x721,640x855,720x961,1080x1442,1280x1709,1342x1792&from=bu&cs=1342x0","Женщина в ярко-розовом кроп-топе и черных брюках позирует у белой стены в помещении, на голове розовая кепка.",показать одежду,False
"https://sun9-49.userapi.com/s/v1/ig2/YJ29iuOXp5mWEZa-hkE0-zz4TdBQugw_k6B61wQZHEtKtR-CwROwQ79MKBUUAuhnC605iDyVx2V8YTwZ-bKIiMNh.jpg?quality=95&as=32x43,48x64,72x96,108x145,160x214,240x321,360x482,480x643,540x723,640x857,720x964,1080x1446,1195x1600&from=bu&cs=1195x0",Две женщины в зимних шапках и куртках позируют на улице вечером; фон украшают яркие фонари и вывески магазина.,сделать селфи,False
"https://sun9-61.userapi.com/s/v1/ig2/XRF5Eq-kWpuEjAKEg37WlwOrzl1TPIm2IxNOLJ18LcW8quc1vYmvqYYe1oJyUbeEOlQTURxvPs9B7qN1DSpBE5lK.jpg?quality=95&as=32x72,48x108,72x162,108x243,160x361,240x541,360x811,480x1082,540x1217,640x1442,710x1600&from=bu&cs=710x0",Женщина в розовом военном костюме позирует на улице перед кирпичной стеной; над ней висят красные фонари и вывески.,показать костюм в городском контексте,False
"https://sun9-40.userapi.com/s/v1/ig2/4dJ1y9bou3KM3fMdnM_P7Q3IUN7YenaEpccRnzDtdowRWYgoNfscRkL64CYFs3YPbPBVFid_apqhhD6qI45K5Otx.jpg?quality=96&as=32x43,48x64,72x96,108x144,160x213,240x320,360x480,480x640,540x720,640x853,720x960,1080x1440,1280x1707,1440x1920,1620x2160&from=bu&cs=1620x0","Человек за столом в помещении ресторана, улыбается и держит вилку над тарелкой; фон — темная кирпичная стена с гирляндами",показать портрет человека в ресторане,False
"https://sun9-26.userapi.com/s/v1/ig2/xu7hPSXc2Dd-UNi65aSTt_jGHLIKHjP-P6msY_g1DlPnKwdjIl9nk8LhQ9mx7qL-9RGjWsvkGfHHPX3vCVoxKxkJ.jpg?quality=95&as=32x43,48x64,72x96,108x144,160x213,240x320,360x480,480x639,540x719,640x853,720x959,1080x1439,1201x1600&from=bu&cs=1201x0",Два бокала с розово-фиолетовым напитком на мраморной барной стойке; на заднем плане видны полки с бутылками и тёплое освещение,показать коктейли на барной стойке,False
"https://sun9-9.userapi.com/s/v1/ig1/S3EgZS9TGpPTr_7arZipdYJ_JVTl2Ts4TV15pP2Apyl6pMzA5jHBHr4pMb4ftO_Iu561hMcJ.jpg?quality=96&as=32x43,48x64,72x96,108x144,160x213,240x320,360x480,480x640&from=bu&cs=480x0",Группа людей в молитвенных платках (талитах) внутри синагоги держит пальмовую ветвь (лулав) во время обряда.,задокументировать религиозный ритуал,False
"https://sun9-85.userapi.com/s/v1/ig1/u3Nyj4LWZzrJUR9oxKy9eKXzlD6q1cr0eJgbeExQr8CZh1qbvlSEbQd4woD9ROKmvDRvLPo7.jpg?quality=96&as=32x43,48x64,72x96,108x144,160x214,240x320,360x480,480x641,540x721,640x854,720x961,959x1280&from=bu&cs=959x0","Портрет женщины с макияжем: smoky eyes и нюдовые губы, аккуратно уложенные волосы.",показать макияж лица,False
"https://sun9-45.userapi.com/s/v1/ig2/JHDMxcuCUr-72vu63sWnHGIVNcUXS173fyzR0j_-SPvwipY2R4KQPYEsd6dQnvEI95DMqkHJfG_k6esS3oYl6vOE.jpg?quality=95&as=32x43,48x64,72x96,108x144,160x213,240x320,360x480,480x640,540x720,640x853,720x960,1080x1440,1280x1707,1440x1920,1920x2560&from=bu&cs=1920x0","Женщина сидит за столиком в кафе; на столе видны бутылка соуса, салфетница и чайник; интерьер подсвечен красным светом.",показать портрет человека в кафе,False
"https://sun9-44.userapi.com/s/v1/ig2/-Kghwr-RBL924zaZbZeBEV77wNsi89Lia-FZ9ytS70iv698y3q5XO8Xah2k7oKpbQlDturjWWHzeeGcINrLVzhw5.jpg?quality=95&as=32x32,48x48,72x72,108x108,160x160,240x240,360x360,480x480,540x540,640x640,720x720,1080x1080,1280x1280,1440x1440,1560x1560&from=bu&cs=1560x0","Интерьер помещения с массивной деревянной балюстрадой спереди, на заднем плане резной шкаф и светильники на стойках; потолочные панели.",задокументировать интерьер помещения,False
"https://sun9-45.userapi.com/s/v1/if1/O3OsfOYJ-UsBUfTkkzQxqERjoJzyxbHrQMLludt8e4EnfCmj-Ew8-Hy9Qg_HekxvX0sDUNk6.jpg?quality=96&as=32x25,48x38,72x56,108x85,160x125,240x188,360x282,480x376,540x423,640x502,720x565,1080x847,1280x1004,1440x1129,2172x1703&from=bu&cs=2172x0","Плоская композиция на светлом деревянном столе: ярко оформленная банка Like Honey и маленькая банка мёда в гнезде из соломы, рядом упакованная коробка и деревянная ложка.",показать товар,False
"https://sun9-7.userapi.com/s/v1/ig1/DZs4h0UksqkSuF7Uxm-SNTiuRdI_0peoLV5QViurMgilMXqUK0VmMJmZAC9srJBqevxH5O4w.jpg?quality=96&as=32x43,48x64,72x96,108x144,160x214,240x320,360x481,480x641,540x721,640x855,719x960&from=bu&cs=719x0",Женщина в черной кофте позирует в помещении перед белой стеной; слева заметны крупные бумажные цветы.,показать портрет человека,False
"https://sun9-58.userapi.com/s/v1/ig2/4dCDw0rINUcQ40ELBvDg5FmXMxJzT73AzCrfL8y0jFf0RMcGuvlYXxOjUGQFfuOII96bQpJ_9ccG_Zr-NWoCgYd5.jpg?quality=95&as=32x43,48x64,72x96,108x144,160x213,240x320,360x480,480x640,540x720,640x853,720x960,1080x1440,1200x1600&from=bu&cs=1200x0","ночная дворика между кирпичными домами, гирлянды и висящие флажки, красная качельная скамья под навесом",показать декоративную уличную сцену,False
"https://sun9-17.userapi.com/s/v1/ig2/lB2PX4B0x_6AENcRnqUzqU3_OJV0G9J6iHCPsZVYsRLhtE7YFznCtHw5r7WNOsXcvvGXQfQd-M-pPeEI4_g9NXEG.jpg?quality=95&as=32x43,48x64,72x96,108x144,160x213,240x320,360x480,480x640,540x720,640x853,720x960,1080x1440,1280x1707,1440x1920,1536x2048&from=bu&cs=1536x0",Мужчина в светло-серой куртке позирует перед красной деревянной конструкцией на улице; на фоне снег и кирпичная стена.,портрет человека,False
"https://sun9-74.userapi.com/s/v1/ig2/_OwOJKYvauCYVqdVFBfymjZ9pH8wp33VGusHX4edaK18HIj6G4s6okO1gd-Kx9fifkRt5G_01xuXu3Mt3BqmHvJk.jpg?quality=95&as=32x43,48x64,72x96,108x144,160x213,240x320,360x480,480x640,540x720,640x853,720x960,1080x1440,1280x1707,1440x1920,1920x2560&from=bu&cs=1920x0","Крупный план клиента в салоне красоты: человек в кресле с длинными прямыми светлыми волосами; на фоне зеркала, стеллажей и парикмахерского оборудования",показать прическу клиента в салоне,False
"https://sun9-59.userapi.com/s/v1/ig1/VeJx0xeqiEptf6vcFILYhOJr8xlZQ5Jw2m3AqkTi5RTp6tLAk8Aex7JO45MuxsibcyYJ1Q.jpg?quality=96&as=32x40,48x60,72x90,108x135,160x200,240x300,360x450,480x600,540x675,640x800,720x900,1080x1350,1224x1530&from=bu&cs=1224x0",Две женщины улыбаются и делают селфи в помещении кофейни; на груди видны бейджики с именами.,сделать селфи,False
"https://sun9-67.userapi.com/s/v1/ig2/QwuM-QOjGDNLjWyxdyy_p2dK8lr-mrn7_SItoo-3XqEG1xB9u-b2S5mai_mxt7JF5ay8DT7S-orMvTLkSvET1Sj4.jpg?quality=95&as=32x43,48x64,72x96,108x144,160x214,240x321,360x481,480x642,540x722,640x855,720x962,1080x1444,1197x1600&from=bu&cs=1197x0",Женщина в розовом костюме и козырьке позирует перед кирпичной стеной с неоновыми вывесками,показать одежду,False
"https://sun9-56.userapi.com/s/v1/ig2/TfnXqhSnDpBYmoJvzfb-vJF6eVv0rxwbX2E-yCrQ-UfJaSqiAUJE77b6ZtGzCUxmQ79k-02suXv1EZp6JKJgebR-.jpg?quality=95&as=32x43,48x64,72x96,108x144,160x214,240x320,360x480,480x641,540x721,640x854,720x961,1080x1441,1280x1708,1440x1922,1918x2560&from=bu&cs=1918x0","Красные уличные фонари над красными скамейками; снег на лавках и на земле, кирпичная стена здания с окнами на фоне.",показать декоративные уличные фонари и урбанистическую мебель на улице зимой,False
"https://sun9-17.userapi.com/s/v1/ig1/PjEtY4miQ0bEIopLkBJWPT4Rw0cobNhaA7Wy7aYnoVQc9owFiYkTx8VBgZPbI5Zg7VV96KKr.jpg?quality=96&as=32x43,48x64,72x96,108x144,160x214,240x320,360x481,480x641,540x721,640x855,719x960&from=bu&cs=719x0","Женщина стоит в помещении перед гигантскими декоративными цветами: розовое и белое цветочные фигуры на зеленой опоре; она одета в черную кожаную куртку, розовую мини-юбку, темные колготки и высокие сапоги. Позирует в легком ракурсе слева от камеры.",показать одежду,False
"https://sun9-63.userapi.com/s/v1/ig1/KHQXUepfB6cq2sHOR86J1Gu3Z8U_rnzZde3QT1KVfGcumOg5JOEmfuNzWTqxuWPr3Xa7Y4z7.jpg?quality=96&as=32x32,48x48,72x72,108x108,160x160,240x240,360x360,480x480,540x540,640x640,720x720,1080x1080,1280x1280,1440x1440,1500x1500&from=bu&cs=1500x0","Крупный план рук: ногти окрашены ярко-синим лаком, на нескольких ногтях нанесён узор в виде веточек с листьями; фон — светлая деревянная поверхность.",показать маникюр,False
"https://sun9-58.userapi.com/s/v1/ig2/jjYws8PE3daN1gQRE_oYPMp0NDWk2oWkUvM1SVDwcMzKJrsAFYiwFRfzcJAa6RvxVlBGrcrIBz0IfqriZMEHI86i.jpg?quality=96&as=32x43,48x64,72x96,108x144,160x214,240x320,360x481,480x641,540x721,640x855,720x961,1080x1442,1280x1709,1342x1792&from=bu&cs=1342x0",Женщина в клетчатом пальто позирует на улице у входа в здание; кирпичная стена и дверь на заднем плане,показать пальто,False
"https://sun9-43.userapi.com/s/v1/ig2/U-uu3VXbZ-CcKU0DfIAb1yTyRqt7RTMU2z4xYbj2NOyKZEF696U-XBm4_GFOjQb2a9IcmsBktq2UpzobOPm3tlJW.jpg?quality=95&as=32x43,48x64,72x96,108x144,160x214,240x320,360x480,480x641,540x721,640x854,720x961,1080x1441,1280x1708,1440x1922,1918x2560&from=bu&cs=1918x0","Уличный переулок с кирпичными домами, висят красные фонари и гирлянды, на мокрой от снега мостовой стоит женщина в темном пальто, слева и справа — red-цветные лавки.",сделать уличный портрет,False
"https://sun9-43.userapi.com/s/v1/ig1/H5jjTFVkWvfwWFDmjZBFZDIfjmxheU35sSMZE8zbVPTXu1ohnFjLlWk2hUzx0AeW44AStw.jpg?quality=96&as=32x32,48x48,72x72,108x108,160x160,240x240,360x360,480x480,540x540,640x640,720x720,1080x1080,1280x1280,1440x1440,1500x1500&from=bu&cs=1500x0","Крупный план руки с серебристым глиттерным маникюром, фон содержит вентилятор/обогреватель и светлую стену",показать ногти с маникюром,False
"https://sun9-44.userapi.com/s/v1/ig1/pPXhqBtOASL2jXobcycqxS_-IPcbfujrYVOcqYGPETkc4L9Gm5yXzNKWGbmTzX8lhpqz0cfg.jpg?quality=96&as=32x43,48x64,72x96,108x144,160x213,240x320,360x480,480x640&from=bu&cs=480x0","Кусочки жареной рыбы в панировке на подносе, частично накрыты синем пластиковым пакетом; сверху видна рука.",показать еду,False
"https://sun9-50.userapi.com/s/v1/ig2/wXDrjkH-Yhf-AwxwXe0sIs8NiA8YjVUb2h89pMgQVxmRH1C3W7lLvNSISZeUE2IxIwurZuZp7u8FqNF1XO01pI6b.jpg?quality=95&as=32x45,48x67,72x100,108x150,160x223,240x334,360x502,480x669,540x753,640x892,720x1003,1080x1505,1280x1784,1440x2007,1837x2560&from=bu&cs=1837x0","Разворот страницы книги/журнала с русским текстом, печатный текст на бумаге. Видны две страницы, часть текста на обеих сторонах.",показать страницу книги/журнала с текстом,False
"https://sun9-44.userapi.com/s/v1/ig1/S2S7WxdN2dQG8Z0k664a4yfx5Txr9Ac65mR-ZCYS6puo8gh7X3Y5ZZubfkMEjyMhWyEMEef0.jpg?quality=96&as=32x32,48x48,72x72,108x108,160x160,240x240,360x360,480x480,540x540,640x640,720x720,960x960&from=bu&cs=960x0",Синие сапоги с черным кантом и принтом листьев на стенде в магазине; видны ярлыки и одежда на витрине на заднем плане,показать обувь,False
"https://sun9-16.userapi.com/s/v1/if1/yx8egnaF2ZMz5UKZpg7VprEyshiaIDpz4w4bQ7HpQLTHEb6OXB138hwRB3YyEpcQq7mYObct.jpg?quality=96&as=32x24,48x36,72x54,108x81,160x120,240x180,360x270,480x360,540x405,640x480,720x540,960x720&from=bu&cs=960x0","Интерьер помещения с стеной, украшенной постерами персонажей из фильмов и сериалов. На столе стоит монитор, слева кресло, наверху расположен кондиционер.",показать интерьер помещения с постерами на стене,False
"https://sun9-49.userapi.com/s/v1/ig2/pRkgF50R0fgVfepo0J3X62r0YgclpftxHqz8X96OjCWbn12VXQfwYlz6dKuSB5F8zaTMuS-bqTr0a8lfBfnx1ncq.jpg?quality=95&as=32x66,48x99,72x149,108x223,160x330,240x495,360x743,480x991,540x1115,640x1321,720x1486,775x1600&from=bu&cs=775x0","Человек в розовом костюме с длинной накидкой держит ветку с цветами на улице; позирует перед кирпичной стеной, над головой висят красные фонари, на заднем плане видны вывески и знак 24ч.",показать костюм,False
"https://sun9-74.userapi.com/s/v1/if1/HknEN6QafmXIns16jrq6hiRceIV7Q4Vdrg4833V2LKPNt5IyBnBrRnAzX4P0Af-pAHYokyNc.jpg?quality=96&as=32x25,48x37,72x56,108x84,160x125,240x187,360x280,480x374,540x421,640x498,720x561,1080x841,1280x997,1440x1122,2560x1994&from=bu&cs=2560x0",Белые кроссовки с рисунками размещены на белом столе вокруг коробки с надписью White lines и маленького растения,показать обувь,False
"https://sun9-88.userapi.com/s/v1/ig2/-Ji1VuJtnC8t1Vqn_Z4mHl06erurc6hPanvdSyOcFWXB8skEgabTUfvKTb_p8ykanVZkhwY4EuanorCpzNoTEeLB.jpg?quality=95&as=32x57,48x85,72x128,108x192,160x284,240x427,360x640,480x853,540x960,640x1138,720x1280,900x1600&from=bu&cs=900x0","Человек в тёплой куртке и шапке позирует на улице возле стога сена и тыкв, на фоне кирпичной стены, часть снежной кромки на земле.",показать портрет человека на фоне тыквенного декора,False
"https://sun9-45.userapi.com/s/v1/ig2/HJSVUPazSUYBy5HMGjvAtEf0D2NF-BxANCWf7IF8tTPmcVCmDUicBvSlEBDdLxL_yaBa1ftiUBdrPbdjpdEpR39v.jpg?quality=95&as=32x43,48x64,72x96,108x144,160x214,240x321,360x481,480x642,540x722,640x855,720x962,1080x1444,1197x1600&from=bu&cs=1197x0","Женщина в розовом костюме и шляпе позирует на открытой городской площадке; спереди висят ярко-розовые цветы на ветке, на фоне видны кирпичные стены, гирлянды и ограждение.",позирование для портретной съемки,False
"https://sun9-74.userapi.com/s/v1/ig2/8Uu7x0pJMaXd6XGhyCgQolurecF7WdyB0RYyDz0YdFZKziYVCO9G3Km1VI3YqVsJLDv8saJqJIRRE5ll3umgGE13.jpg?quality=95&as=32x43,48x65,72x97,108x145,160x215,240x323,360x484,480x646,540x726,640x861,720x968,1080x1453,1280x1722,1440x1937,1840x2475&from=bu&cs=1840x0","Два человека делают селфи в помещении: женщина в очках в черной футболке и джинсах, мужчина в черной футболке и джинсах, оба улыбаются и протягивают руки к камере.",сделать селфи,False
"https://sun9-69.userapi.com/s/v1/ig1/VZko8uI8XDWwvRCiBKhG1u3a9OhVDNOGe-Jm3cuvO-3-TKXUwGjQZVPwEmWJoRZR7IUd6xcC.jpg?quality=96&as=32x57,48x85,72x128,108x192,160x284,240x427,360x640,480x853,540x960,640x1138,720x1280&from=bu&cs=720x0",Женщина в длинном светло-сером меховом пальто позирует у витрины магазина на улице; на витрине видна надпись 'New collection Winter 2019-2020'.,показать меховую шубу,False
"https://sun9-30.userapi.com/s/v1/ig2/-pOKGtxYbFxQDrLZnGl6vGHuB77EjfFG_Dld-4y-pjtTPED3EYAN-F3xTFr3PTmHsHm_tSBiI3LpDw16rR9foWq3.jpg?quality=95&as=32x32,48x48,72x72,108x108,160x160,240x240,360x360,480x480,540x540,640x640,720x720,1080x1080,1280x1280,1440x1440,1560x1560&from=bu&cs=1560x0","Женщина стоит на подиуме за деревянной оградой внутри помещения с бело-голубым потолком, держит документ. Спереди видны стулья, слева — полки с книгами, позади — декоративная мебель и часы на стене.",сделать портрет человека в помещении,False
"https://sun9-38.userapi.com/s/v1/ig1/BLSaOYtH9gqSYQtFWSxohli4tRMtfssLTWVu1XQJlT4rzzPv6_oEWyDQvEAhHE9yn1eRbrhi.jpg?quality=96&as=32x43,48x64,72x96,108x144,160x213,240x320,360x480,480x640,540x720,640x853,720x960&from=bu&cs=720x0",Близкий кадр рук с розовым маникюром и белыми узорами на ногтях,показать дизайн ногтей,False
"https://sun9-83.userapi.com/s/v1/ig2/xktzd9UbhJBE1O3UCiW7nfUVki_fs-l3wmZAWD_tkO2EcO1ZvYgsaWuCW4dekOnLNgtVr5IO1Sl5odwdcmn_Fg9h.jpg?quality=95&as=32x43,48x64,72x96,108x144,160x214,240x321,360x481,480x642,540x722,640x855,720x962,1080x1444,1197x1600&from=bu&cs=1197x0","Женщина в розовом пальто и шляпе стоит рядом с кирпичной стеной, левая рука в перчатке касается стены; на подоконнике — вазон с сухоцветами, рядом окно в старом здании.",показать портрет на фоне городской стены,False
"https://sun9-78.userapi.com/s/v1/ig1/biw-a7knRfnpzuVJaXVsDPBXlZPZ1UkHE5NvGlbiTIzfxziYPFwDnkjLxZp1kvap-crE7r_3.jpg?quality=96&as=32x43,48x64,72x97,108x145,160x215,240x322,360x483,480x644,540x724,640x858,716x960&from=bu&cs=716x0",Мальчик в синей куртке держит ярко-жёлтые кроссовки Adidas в обувном магазине; на стенах и полках размещены многочисленные пары обуви.,показать обувь,False
"https://sun9-4.userapi.com/s/v1/ig2/X9wI6pWrSdvzFy6V2fcojxtpbgluh91rYvdyQ0j_hd7myzI0VsLapu6NYj2YTbR5l7qEVESSdZTfMsi38U94Vw-Q.jpg?quality=96&as=32x43,48x64,72x96,108x144,160x213,240x320,360x480,480x640,540x720,640x853,720x960,1080x1440,1218x1624&from=bu&cs=1218x0","Тарелка с раками на столе, рядом бокал пива; интерьер ресторана с красными стульями на заднем плане.",показать еду,False
"https://sun9-80.userapi.com/s/v1/ig2/6CVdB_K_iYLMh0U1xYvRUGibml4Iao8_X2_XsgrMhbuhPoXQGmVitxPznvjd4HR0WgagYgajCVax4dDxXSZBWr0f.jpg?quality=95&as=32x32,48x48,72x72,108x108,160x160,240x240,360x360,480x480,540x540,640x640,720x720,1080x1080,1280x1280,1440x1440,1560x1560&from=bu&cs=1560x0",Витрина с фарфоровой посудой на тарелке в стеклянной витрине; видны отражения рамы и окон,показать посуду,False
"https://sun9-37.userapi.com/s/v1/ig1/ce1SiS0rT_RVWmIEHRPLtAg5WMUDf9bXrr2xiNbXhMKXxENLDYNuH0YcSa4EICFWUiRMpm9p.jpg?quality=96&as=32x57,48x85,72x128,108x192,160x285,240x427,360x641,480x854,540x961,640x1139,720x1282,728x1296&from=bu&cs=728x0",Два серебристых кольца с камнями на белой подставке на светлом столе,показать товар,False
"https://sun9-34.userapi.com/s/v1/ig1/NUOGdMw3f8WKM095WOIAFr9lhLOUBk2YZpvgDizncEOIlzWfRdWUc99YH2HWIeolcYrD9A1Y.jpg?quality=96&as=32x43,48x64,72x96,108x144,160x213,240x320,360x480,480x640,540x720,640x853,720x960,1080x1440,1218x1624&from=bu&cs=1218x0",Сковорода с жареными креветками и зеленью на кухонной плите,показать еду,False
"https://sun9-27.userapi.com/s/v1/ig2/OIHGW5BDIhbxaBFYuoEY7Kqg526O8OVq2UX_R3dxIqkVXMwHpf9Wt76n96-YVyZMtlyy6rc4vALfPyzELBButNTU.jpg?quality=95&as=32x43,48x64,72x96,108x144,160x213,240x320,360x480,480x640,540x720,640x853,720x960,1080x1440,1280x1707,1440x1920,1620x2160&from=bu&cs=1620x0","Группа людей сидит на ступеньках внутри здания, позирует и улыбается к камере",сделать групповое фото,False
"https://sun9-15.userapi.com/s/v1/ig1/3M0W2PjoysBwOhg5J4Gw2eZcq9XwGC6rssVw-EIyWWC1iVpyFs2vrQ0i-xeHX3iUbD72HeC5.jpg?quality=96&as=32x43,48x64,72x96,108x144,160x214,240x320,360x480,480x641,540x721,640x854,720x961,959x1280&from=bu&cs=959x0","Блюдо с лобстером на тарелке с соусом в чаше, на деревянной подставке в ресторанном интерьере",показать еду,False
"https://sun9-24.userapi.com/s/v1/ig2/llaSkSuCGmYkiGBRqS9XmRCn--SaDpvqIXsZO-uCZt49Y97xzK2L9Dkmx3wE-Yt1AJLIkA5z4fWIj51r92IMExgW.jpg?quality=96&as=32x43,48x64,72x96,108x144,160x213,240x320,360x480,480x640,540x720,640x853,720x960,1080x1440,1280x1707,1440x1920,1620x2160&from=bu&cs=1620x0","Интерьер кафе/ресторан: мужчина за столом держит вилку над тарелкой с едой, на фоне сидят другие гости; стена с декоративной картой мира и красные стулья.",показать сцену трапезы в кафе,False
"https://sun9-30.userapi.com/s/v1/ig2/iJMCI5DFqHZSw2_c1u_QxJ_4dmmv1dM5bGW0SpBOWEbzu9QYwBopH3lUffwVI7o6Bf_upWPVQyeET7in0fiAX6Op.jpg?quality=95&as=32x43,48x64,72x96,108x144,160x214,240x320,360x481,480x641,540x721,640x855,720x961,1080x1442,1280x1709,1342x1792&from=bu&cs=1342x0",Человек в бежевом костюме стоит у белой стены и снимает селфи телефоном,показать одежду,False
"https://sun9-67.userapi.com/s/v1/ig2/d2nHGlMVXn5kx6YvelvMEwXMebjtfCdiCZmCyx095Q5jC_fuD5ILP5iBlqRcfatywooba70yJMf3FbF6Dqldnw4y.jpg?quality=96&as=32x32,48x48,72x72,108x108,160x160,240x240,360x360,480x480,540x540,640x640,720x720,960x960&from=bu&cs=960x0","Интерьер магазина одежды: манекен в сером костюме справа, вдоль стены висит одежда на вешалках; на переднем плане стеллажи с одеждой и аксессуарами.",показать интерьер магазина одежды,False
"https://sun9-24.userapi.com/s/v1/ig2/6OHxtbgQlp2lCKMP9IQbVWmJ7yTFhoCdRwmYtcuxSw1Y6tI6PmukmcHV0PWK5IQlbzkTCNLdiJyHCRx1leBZzr6q.jpg?quality=96&as=32x43,48x64,72x96,108x144,160x213,240x320,360x480,480x640,540x720,640x853,720x960,1080x1440,1280x1707,1440x1920,1620x2160&from=bu&cs=1620x0","Группа людей сидит за длинным деревянным столом в кафе. На стене за ними декоративная карта мира и крупная надпись, люди улыбаясь смотрят в камеру.",показать группу людей за столом в кафе,False
"https://sun9-88.userapi.com/s/v1/ig2/Kgr8dGk3eqxXJxl3gfnZFYOQEPpwtH8aXVKP-39EpPglhFGDSedyrV8g1TWHca1cdsGfaXBpNYeDlcMIO2ZJ8EWm.jpg?quality=95&as=32x43,48x64,72x96,108x144,160x213,240x320,360x480,480x640,540x720,640x853,720x960,1080x1440,1280x1707,1440x1920,1920x2560&from=bu&cs=1920x0","Человек в чёрном длинном пуховике с капюшоном стоит спиной к камере на городской улице перед витриной магазина; на улице видны красные гирлянды, вывески на китайском языке, кондиционер и контейнеры-ящики вдоль стены.",показать человека в зимнем пальто на улице,False
"https://sun9-82.userapi.com/s/v1/ig2/0TIKqB8XRZvPYjXFh9puYMp-S2uPCjPxGQDDZcKlx_sfDiRfhHdw0LkMS_1iwIq_C8GYjVauroEPR6SU97S4bnQ1.jpg?quality=95&as=32x43,48x64,72x96,108x144,160x213,240x320,360x480,480x640,540x720,640x853,720x960,1080x1440,1266x1688&from=bu&cs=1266x0","Человек слева в кадре, сидит за красным столиком на улице; на столе бутылка соуса и стеклянный стакан; фон — уличная площадь кафе с вывесками и красными фонариками, здания на заднем плане.",задокументировать городскую сцену,False
"https://sun9-75.userapi.com/s/v1/ig2/_MBNha7a1KhZC0J4fINUjrESdRX6HM22FCpmKWHKAoYWzhKwEgZx0CkJ7MRiXKi1PjxNU9V81vc0b87ySKlBBSbk.jpg?quality=95&as=32x43,48x64,72x96,108x144,160x213,240x320,360x480,480x640,540x720,640x853,720x960,1080x1440,1280x1707,1440x1920,1920x2560&from=bu&cs=1920x0","Группа из четырех человек стоит внутри помещения возле кирпичных стен и большого окна, они держат буклеты/журналы, перед ними стол и ярко-красные кресла.",сделать групповой снимок,False
"https://sun9-57.userapi.com/s/v1/ig1/3xIvtciN_MYgQ3b6RkqJPx25AOAuAp9v5ZPCRjMJ-VAVy1hftfY82ehNvnWcz69Z3uGBqltv.jpg?quality=96&as=32x32,48x48,72x72,108x108,160x160,240x240,360x360,480x480,540x540,640x640,720x720,1080x1080,1280x1280,1440x1440,2160x2160&from=bu&cs=2160x0",Двое молодых мужчин сидят за высоким столом в тёпло освещённом кафе; на фоне видна вывеска и другие посетители,показать людей в кафе,False
"https://sun9-18.userapi.com/s/v1/ig2/dUbzaHo3cM6ETpsNlDJ69OAdJTNKF6QWHdPicM3T5z-huvQDJmDRUgwQ9RhlQ0gbJkXJz8KKZg5fu9KsZgwAFvOs.jpg?quality=95&as=32x44,48x65,72x98,108x147,160x218,240x327,360x491,480x655,540x737,640x873,720x982,1080x1474,1280x1747,1440x1965,1742x2377&from=bu&cs=1742x0","Человек в черном пуховике с капюшоном, руки перекрестились перед собой; частично видна улыбка; на фоне снег.",показать одежду,False
"https://sun9-39.userapi.com/s/v1/ig2/S1INRRtpLdV6cEs6aU1Oz1-HISaF5FJ0bpqluJXROHACFZ5UrGB4HBZHSVa_f1PEXTpGhBiqIZLEDpZd_BKKzJ1C.jpg?quality=95&as=32x43,48x64,72x96,108x144,160x213,240x320,360x480,480x640,540x720,640x853,720x960,1080x1440,1266x1688&from=bu&cs=1266x0",Человек стоит посреди узкой городской улицы под яркими красными фонарями; слева и справа — здания и вывески.,портрет на улице,False
"https://sun9-86.userapi.com/s/v1/ig2/HIViI3CEeQq8tw133npuK9BIIQhJ9iRgWb2bH56b7HGcBkTFum7-j0GDWS6WJggLHd8EAjgFPkPbOyFkWiLgoNZL.jpg?quality=95&as=32x43,48x64,72x96,108x144,160x213,240x320,360x480,480x640,540x720,640x853,720x960,1080x1440,1280x1707,1440x1920,1920x2560&from=bu&cs=1920x0",Женщина в черном платье с расклешённой юбкой и длинными рукавами позирует в помещении; на фоне декоративная обоя с золотистым рисунком,показать платье,False
"https://sun9-29.userapi.com/s/v1/ig2/XHoYBxWWHBbCFGRcTPkrcqK-P66XBM5RXYl0FT8HizVnozQxJnSnWeFDpJWFkFmSCiDlgs1nQ9gVsZ4kFntzJ54G.jpg?quality=96&as=32x43,48x64,72x96,108x144,160x214,240x320,360x480,480x641,540x721,640x854,720x961,959x1280&from=bu&cs=959x0",Работник в красной форме и кепке наливает соус из кастрюли в миску с едой на кухне ресторана; фон — розовая стена с узором.,показать процесс приготовления блюда,False
"https://sun9-75.userapi.com/s/v1/ig1/RTVZtgxaCO2XZPDY7Cn9fTrCY0_cs-QiRdv5rcc3ChmRTDRrbaI7y4ndxIHbNQWuI5q0ldWh.jpg?quality=96&as=32x43,48x64,72x96,108x144,160x213,240x320,360x480,480x640,540x720,640x853,720x960,1080x1440,1280x1707,1440x1920,1620x2160&from=bu&cs=1620x0",Белый чайник и чашки на деревянном столе в интерьере; на фоне светлая занавесь и торшер,показать сервировку чая в интерьере,False
"https://sun9-4.userapi.com/s/v1/ig1/ckqSe9mc6LR0OpNpJEw2yWDP6zTzIJbKMU_ksQhW6KavglntfAzETpuy9rVN_NuoyFD9N6Oo.jpg?quality=96&as=32x32,48x48,72x72,108x108,160x160,240x240,360x360,480x480,540x540,640x640,720x720,999x999&from=bu&cs=999x0","Заснеженный горный пейзаж с деревянным домом на склоне, окружённый снегом деревьями и забором; вдали видны горы.",показать зимний пейзаж с домиком,False
"https://sun9-59.userapi.com/s/v1/ig2/3Va_XuWw5hN4BtbudMQSTgDXrH_4qsXB7jK7j6gAJtBEg7gvVIFyZcVEIhod46gxQJJxOLO-I2QTJpAVPNltKJpN.jpg?quality=95&as=32x44,48x66,72x100,108x149,160x221,240x332,360x498,480x664,540x747,640x885,720x996,1080x1494,1280x1770,1440x1992,1851x2560&from=bu&cs=1851x0",Страница книги с напечатанным русским текстом; видны абзацы и номер страницы внизу справа,передать страницу книги с русским текстом,False
"https://sun9-14.userapi.com/s/v1/if2/MDW94UHKW-b8KCNi03Gn52W1z3zE2P9Kz68jfOX_GiIK2jxlBwF0RCh2fIXnF3wJUbRZpRuIhyNs2JAMXdnOseAC.jpg?quality=96&as=32x24,48x36,72x54,108x81,160x120,240x180,360x270,480x360,540x405,640x480,720x540,1080x810,1280x960,1440x1080,2560x1920&from=bu&cs=2560x0","Женщина сидит за столом в кафе, перед ней тарелка с закусками и стеклянная кружка",показать человека в кафе за столом с едой,False
"https://sun9-77.userapi.com/s/v1/ig2/N2klrrFSX1jTOgMGeS795J7WLlWSR54YFtJ81CK7rkd9U-YZF8nXplF38PeMLXCDf7dXsZOxAHEUeJFg--d1727s.jpg?quality=95&as=32x43,48x64,72x96,108x144,160x213,240x320,360x480,480x640,540x720,640x853,720x960,1080x1440,1280x1707,1344x1792&from=bu&cs=1344x0",Человек в чёрном топе и оливковой юбке с разрезом держит чёрную сумку с цепочной ручкой на светлом фоне.,показать одежду и сумку,False
"https://sun9-63.userapi.com/s/v1/ig2/mOG3BznQItqumvv3JAciIw0iq5zqSDg1WDqTNaAXqwZGbDfXH_F9i-I8jEJuP-xpMpbHyHc2ks3iuZecZk4J-30d.jpg?quality=95&as=32x43,48x64,72x96,108x144,160x213,240x320,360x480,480x640,540x721,640x854,720x961,1080x1441,1280x1708,1388x1852&from=bu&cs=1388x0",Модель в двухцветном топе белого и бежевого цвета и светло-бежевых брюках с завязанным поясом; позирует в помещении.,показать одежду,False
"https://sun9-79.userapi.com/s/v1/ig2/C1XBGT7tBz3XA-VAOe0A6LH8mjiVfCtRLSAHtsFo8UuT8VT7JE4lZOJRg5zHVz6I_Dnd_sB4JmtjEwxxCLhrSRUV.jpg?quality=96&as=32x32,48x48,72x72,108x108,160x160,240x240,360x360,480x480,540x540,640x640,720x720,876x876&from=bu&cs=876x0","Человек в полупрофиле, открытая рубашка, позирует на студийном фоне с абстрактными световыми формами.",сделать портрет,False
"https://sun9-50.userapi.com/s/v1/ig1/6BMcTW2-XBnirLaXeGa9IB-BxyiZoE1IaIfu6q8N1X2xqfFesm27nFkdEJ6BUJWfhB-nmAKL.jpg?quality=96&as=32x43,48x64,72x96,108x144,160x213,240x320,360x480,480x640,540x720,640x853,720x960&from=bu&cs=720x0","Женщина в розовом спортивном топе и полосатых лосинах делает селфи перед зеркалом в ванной; видна мозаичная плитка на стенах, раковина и зеркало, рядом постер/рекламная наклейка",сделать селфи,False
"https://sun9-60.userapi.com/s/v1/if2/JRN4vHCUJjp1FKJxeo7HbGoMHU15EOKEASGvzTNtGeDe3E6i2hJJ65kk6CGOrFnTnjcQMDEFoHEPEJhT2aC09016.jpg?quality=96&as=32x24,48x36,72x54,108x81,160x120,240x180,360x270,480x360,540x405,640x480,720x540,1080x810,1280x960,1440x1080,2560x1920&from=bu&cs=2560x0","Внутри магазина одежды: на переднем плане одежда на вешалках (футболки и рубашки), позади видны полки с одеждой и на верхних полках размещены чемоданы/сумки; светлый потолок с панельными светильниками, общий торговый зал магазина.",показать одежду,False
"https://sun9-51.userapi.com/s/v1/ig2/KXDDieJHu_ysS0NbgC1ex-dUp6R8_JY3MdmT6gXOYT1AWO40mdyNYfVDJpvRK7XPz5mVfM74Wl2Ip_EjvV4pQSzX.jpg?quality=96&as=32x43,48x64,72x96,108x144,160x213,240x320,360x480,480x640,540x720,640x853,720x960,1080x1440,1280x1707,1440x1920,1620x2160&from=bu&cs=1620x0",Группа людей сидит за длинным деревянным столом внутри ресторана; на стене кирпич и крупная надпись с изображением карты мира.,показать группу людей за столом в ресторане,False
"https://sun9-2.userapi.com/s/v1/if2/Xfs9oFIIM4i8wo4y7nErbBJEVX5tEzZPzQHBMJ3K1-y_1D-n9BLBxQVe4xczQWeeDDMO0FYmIKN0XYLp_e5C0kxy.jpg?quality=95&as=32x24,48x36,72x54,108x81,160x120,240x180,360x270,480x360,540x405,640x480,720x540,1080x810,1280x960,1440x1080,2560x1920&from=bu&cs=2560x0","Интерьер помещения с подвесными баннерами с иероглифами, красная подсветка, люди возле стойки/прилавка",показать интерьер ресторана с баннерами и декоративной подсветкой,False
"https://sun9-57.userapi.com/s/v1/ig2/2HwJDBe5yt-3KtlKnKiW2g6RjIZrTfABamskJZ5ZW9Mo3w9bK-d0y5whS-yyYfCaR5ONuhMZaGvfoH112L9soved.jpg?quality=95&as=32x43,48x64,72x96,108x144,160x214,240x320,360x481,480x641,540x721,640x855,720x961,1080x1442,1280x1709,1342x1792&from=bu&cs=1342x0","Женщина позирует внутри помещения: белый топ с открытыми плечами и синяя юбка с высоким разрезом, сапоги до колен.",показать одежду,False
"https://sun9-16.userapi.com/s/v1/ig1/UBJKGAaU46QU8wRauY5x-KQV4XiKC5fdf97RtedhHxALbUb6SiW_o8AXhdBrdUKQWvcQ3tC0.jpg?quality=96&as=32x57,48x85,72x128,108x192,160x285,240x427,360x641,480x854,540x961,640x1139,720x1282,728x1296&from=bu&cs=728x0",Золотое кольцо с голубыми камнями на белой подставке на витрине магазина,показать товар,False
"https://sun9-43.userapi.com/s/v1/ig1/oawZRB1ogOQ0KjuSL5q0iQXmdLtZq4SpOqcaCGLdSdcbZewHUY81jCJj5KviteblHtcLv_yB.jpg?quality=96&as=32x32,48x48,72x72,108x108,160x160,240x240,360x360,480x480,540x540,640x640,720x720,1080x1080,1280x1280,1440x1440,1500x1500&from=bu&cs=1500x0",Крупный план ногтей: розовый маникюр на пальцах руки и блестящий синий ноготь. Фото руки на светлом фоне.,показать маникюр,False
"https://sun9-7.userapi.com/s/v1/if2/GOhy3g_b8IIxRnHkHwX2GpQPha7HCfsLeyjf9gF7yLzUJHyuddxzp-TsHUfTT_sFfnpuOfYT_SsIczqKrLvvRJxN.jpg?quality=96&as=32x24,48x36,72x54,108x81,160x120,240x180,360x270,480x360,540x405,640x480,720x540,1080x810,1280x960,1440x1080,1600x1200&from=bu&cs=1600x0","Витрина магазина с антикварными предметами: слева открытая книга, в центре кожаный ремень/ремешок, справа металлические детали, все behind стеклом",показать витрину со старыми предметами,False
"https://sun9-55.userapi.com/s/v1/ig1/KNgx7loUBJaYaXEzdcURvtQNOGkcaQlJTwQwy1ik1E_Cjwgr9E3gNERenCdHXxYIQNVMdw.jpg?quality=96&as=32x43,48x64,72x96,108x144,160x213,240x320,360x480,480x640,540x721,640x854&from=bu&cs=640x0","Две женщины на улице возле стены с граффити и мусорных баков: одна сидит у бордюра возле большой металлической двери, другая подходит ближе и делает снимок.",задокументировать городскую сцену,False
"https://sun9-3.userapi.com/s/v1/ig2/8aPbrtFLGq0T5X-EZzpN6mg8QiZqI4G5ZBRC_-WJUN2nsgCJz2Brzs7tNGlmvy8p5ZOTdBVFW6s3B3HXagPSwn9w.jpg?quality=95&as=32x43,48x64,72x96,108x144,160x213,240x320,360x480,480x640,540x720,640x853,720x960,1080x1440,1280x1707,1440x1920,1920x2560&from=bu&cs=1920x0","Мужчина в серой футболке-поло сидит за столом внутри помещения с кирпичной стеной; он пишет в блокноте, на столе лежат журналы/газеты.","показать человека, работающего за столом",False
"https://sun9-34.userapi.com/s/v1/ig2/yCGatQ_VFECMLUgnjocklVvdkn5sQgRcyzm3Y3iDnVDWFW6J_4lDmk5ufZgVXXNKeTgaY3-QBAuJ3WumzMfp8xcN.jpg?quality=95&as=32x43,48x64,72x96,108x144,160x213,240x320,360x480,480x640,540x720,640x853,720x960,1080x1440,1280x1707,1344x1792&from=bu&cs=1344x0","Портрет женщины в белом платье с пушистыми перьями на плечах, изображение от плеч до талии",показать одежду,False
"https://sun9-5.userapi.com/s/v1/ig2/kvXppV3c4zfBPmzAN7Civ0fPqutNMQVk5h170XfBQdj1iheB7dsRk4DqRyVoJJve3MD7MvG4dGKS-4kHgpFktMve.jpg?quality=95&as=32x44,48x67,72x100,108x150,160x222,240x333,360x499,480x666,540x749,640x888,720x998,1080x1498,1280x1775,1440x1997,1846x2560&from=bu&cs=1846x0","Страница книги с печатным русским текстом, видны заголовки и абзацы.",показать страницу с текстом,False
"https://sun9-15.userapi.com/s/v1/ig2/MeDY3jYAokIeXyQn9O5NQ3Irxj_hmc1VVcWOc75fornSg3WTkdL_HR_j9lLrom0YskBurMsKD8KwJEk408hVBmlI.jpg?quality=96&as=32x32,48x48,72x72,108x108,160x160,240x240,360x360,480x480,540x540,640x640,720x720,1080x1080,1280x1280,1440x1440,2160x2160&from=bu&cs=2160x0",Белая треугольная тарелочка с металлическими буквенными бусинами на текстильном фоне,показать буквенные бусины в тарелке,False
"https://sun9-21.userapi.com/s/v1/ig2/iPwMQIMnGQeAXdW5K1RdSJTRTZWz0JNH6uHLwPtKIsQ8-SmJ4rIYoBvXg2Y1_B5s45O3pvvQHz3eJ2x6M3X8eaq4.jpg?quality=96&as=32x43,48x64,72x96,108x144,160x213,240x320,360x480,480x640,540x720,640x853,720x960,1080x1440,1280x1707,1344x1792&from=bu&cs=1344x0","Молодая женщина в цветочной блузе и черных брюках стоит в помещении, рядом пакет с белыми цветами.",показать одежду,False
"https://sun9-3.userapi.com/s/v1/ig2/abJHbHqZ1mQnmj0sZgqVLE24MUU6GRJpBXABTW5dJecdZplQBU_7Iq2bjkmOQMoeNKVwzFRFkIa1QwqUH1zstBTV.jpg?quality=95&as=32x43,48x64,72x96,108x144,160x214,240x320,360x480,480x641,540x721,640x854,720x961,1080x1441,1280x1708,1440x1922,1918x2560&from=bu&cs=1918x0",Уличная аллея между кирпичными домами: на мокрой после снега кирпичной мостовой стоят красные столы и скамейки. Над прогулочной зоной висят гирлянды с красными фонариками. Впереди идёт женщина в чёрном пальто; вокруг — здания и снежная подложка.,задокументировать городскую сцену,False
"https://sun9-11.userapi.com/s/v1/ig1/winYt8vrv3RRfYEuJRfxNATSHN_vTr6pNAR6dd97O0FFtABJFu_SyrWwq8r0_y305Lsgc9aV.jpg?quality=96&as=32x43,48x64,72x96,108x144,160x213,240x320,360x480,480x640&from=bu&cs=480x0",Кастрюля с нарезанной морковью и грибами на кухне,показать ингредиенты в кастрюле,False
"https://sun9-52.userapi.com/s/v1/ig2/IsUQjG8CKRiJy8FrKoNqMeIXYqw5d3Xh7z2cPuyEQm53mA4bHCkW8PHy9pavcDJQqIjq03vZef8nKEqxDM7tHeAz.jpg?quality=96&as=32x43,48x64,72x96,108x144,160x213,240x320,360x480,480x640,540x720,640x853,720x960,1080x1440,1200x1600&from=bu&cs=1200x0","Интерьер зала с рядами красных кресел; люди в талитах стоят у кресел, окна по бокам и мебель на заднем плане",показать интерьер религиозного зала во время службы,False
"https://sun9-9.userapi.com/s/v1/ig2/8OVCVNUNLU0va0I4wDTwRxV80IVPshXRGcqn8o5iBGPza-bPd5GlwqYHwafW_gzAuWVXWGtB9eZOgFSiV1onGqxm.jpg?quality=95&as=32x43,48x64,72x96,108x144,160x213,240x320,360x479,480x639,540x719,640x852,720x959,1080x1438,1280x1705,1440x1918,1922x2560&from=bu&cs=1922x0","Интерьер религиозного зала: деревянные скамьи, фронтальная часть с аркой/алтарём, люстры, люди стоят лицом вперёд",показать интерьер религиозного зала,False
"https://sun9-13.userapi.com/s/v1/ig2/Sy58ekafP_MrmYVOrAlvltHiwRZ02gGNP7O0UTi-JmgeGz-_KBgV7-P24v_ik_Yd6DZ8tz-zaSx8If4N8hSL7xEg.jpg?quality=95&as=32x43,48x64,72x96,108x144,160x213,240x320,360x480,480x640,540x720,640x853,720x960,1080x1440,1280x1707,1440x1920,1920x2560&from=bu&cs=1920x0","Человек в длинном черном quilted пальто с пушистым меховым воротником стоит на снегу; крупный план верхней части тела, позади деревянный забор",показать одежду,False
"https://sun9-7.userapi.com/s/v1/ig1/0CV4tylurP7xrhKJJ-IfU6lbkpah84pCmjnNeA2StvSEpb8g8MJky-1PiqtTVks28m6u3JNV.jpg?quality=96&as=32x57,48x85,72x128,108x192,160x285,240x427,360x641,480x854,540x961,640x1139,720x1282,728x1296&from=bu&cs=728x0","Два серебряных кольца с темно-синими камнями в центральной оправе, окружённые мелкими белыми камнями, лежат на белой подушке",показать товар,False
"https://sun9-75.userapi.com/s/v1/ig2/uEuCQ8umRkRyuxSj2FUXSsuCCPojpZ9U_wlm8m3fMvBXkuFYatKUws2Iqm6diamaIeLdZN41sWE7AOVVCEW-5fwi.jpg?quality=95&as=32x43,48x64,72x96,108x144,160x214,240x320,360x480,480x641,540x721,640x854,720x961,1080x1441,1280x1708,1440x1922,1918x2560&from=bu&cs=1918x0","Человек в черном пальто стоит во дворе/улице с красными скамейками и гирляндами над головой, на мокрой мостовой с небольшим снегом; вокруг кирпичные стены зданий.",задокументировать городскую сцену,False
"https://sun9-63.userapi.com/s/v1/ig2/-vcmsTFMEutguG4WTQK4nWYlv1XyjfNs6u6el4gtporKe8-7RiHWECVIk7d91xzUhbLQP-6xoRHv9jtVJ7DwG49G.jpg?quality=95&as=32x43,48x64,72x96,108x144,160x214,240x320,360x480,480x641,540x721,640x854,720x961,1080x1441,1280x1708,1440x1922,1918x2560&from=bu&cs=1918x0","Улица-аллея с красными фонариками, лавками по бокам, мокрым каменным тротуаром с лужами и снегом; на дальнем плане стена с ярким муралом.",задокументировать городскую сцену,False
"https://sun9-74.userapi.com/s/v1/ig2/UivP4SKnx3ghYrwpNCTEibtRyfwTaxA8U6cxuJwf3Wd_7GejOuH1zgYcs9j-5Z0kbwP230zSHArVx3ISMTvfGR5U.jpg?quality=95&as=32x43,48x64,72x96,108x144,160x214,240x321,360x481,480x642,540x722,640x855,720x962,1080x1444,1197x1600&from=bu&cs=1197x0","Два человека в помещении на фото: слева женщина улыбается к камере, справа мужчина с лысой головой опирается щекой на руку; на фоне кирпичная стена и стол.",позируют для фото,False
"https://sun9-18.userapi.com/s/v1/if2/mwIcSGEAJz23BtclkpuYrlhbkvfI29Ul_ci5pfN4tNM5P7ruwt7f3F_X4x2bI2f8Nez0WH366uA-OvDBr9aFR_dR.jpg?quality=95&as=32x24,48x36,72x54,108x81,160x120,240x180,360x270,480x360,540x405,640x480,720x540,1080x810,1280x960,1440x1080,2016x1512&from=bu&cs=2016x0","Миниатюрный макет города внутри витрины: несколько высотных зданий, транспортная развязка и миниатюрные автомобили на дорогах, зелёные участки вокруг.",показать макет города,False
"https://sun9-46.userapi.com/s/v1/ig2/O5HVNRxnGBtXEHdV7DU_Uf0lNRNNtM2ZzVTAcmIOH97UH6TH2dJ0N1nXjpTLVQWcLgpGN5mkqZ4zKth2WFvobTZO.jpg?quality=95&as=32x44,48x66,72x99,108x149,160x221,240x331,360x496,480x662,540x744,640x882,720x993,1080x1489,1280x1765,1440x1985,1857x2560&from=bu&cs=1857x0","Страница текста на русском языке, печатный шрифт, видны абзацы и номер страницы внизу.",показать страницу книги,False
"https://sun9-61.userapi.com/s/v1/if2/x4bDVRV4JBFcHdIP36aQwXqDCi-tA0C0OXY0g8Uhpd0FzeGm6-hIEhfGlPd3HdO__O6WU1XsyDjUbRrG3AUu_El1.jpg?quality=96&as=32x24,48x36,72x54,108x81,160x120,240x180,360x270,480x360,540x405,640x480,720x540,1080x810,1280x960,1440x1080,2560x1920&from=bu&cs=2560x0","Две девушки стоят у окна в помещении; держат цветные бумаги/карточки, на подоконнике лежат материалы. Через окно виден городской фасад.",показать двух людей в помещении с бумагами у окна,False
"https://sun9-26.userapi.com/s/v1/ig2/EHcHqMyHWWv7jdBPzkqk0KLMjOXSDSfZKoaM3soSXyvVM9AF62LmY2XGmc2kpb-3O1XL5kLo_5hWuBcuc3O0ta4G.jpg?quality=96&as=32x43,48x64,72x96,108x144,160x213,240x320,360x480,480x640,540x720,640x853,720x960,1080x1440,1280x1707,1440x1920,1620x2160&from=bu&cs=1620x0","Женщина сидит за столом в кафе, смотрит в камеру, держит вилку с едой.",показать человека в кафе,False
"https://sun9-53.userapi.com/s/v1/ig2/5SeWTRKreMbI1kpNGqm7GGhg5C5i8Ya1a9Q0xnQfYl7CMe_GKOUrOfVQE2aY5PV39WL4r_yYs51a51syF-gW0BHf.jpg?quality=95&as=32x43,48x64,72x96,108x144,160x213,240x320,360x480,480x640,540x720,640x853,720x960,1080x1440,1280x1707,1440x1920,1920x2560&from=bu&cs=1920x0","Улица/переулок ночью, украшенный красными фонарями, на мостовой лежит снег; по бокам кирпичные здания и вывески",задокументировать городскую сцену,False
"https://sun9-50.userapi.com/s/v1/if2/Tp73iN64lGVZX-2B5mrv1mhA9OJcl9k31xA-GDDYChwX2luYxBFQHk22NmA5ivYBzSHS1LVRaQQSYdLx9jG_7pP3.jpg?quality=96&as=32x24,48x36,72x54,108x81,160x120,240x180,360x270,480x360,540x405,640x480,720x540,1080x810,1280x960,1440x1080,2560x1920&from=bu&cs=2560x0","Женщина сидит за столом в кафе/ресторане, держит палочки над тарелкой с кусочками еды. На столе тарелка с едой, бокал и пустой стеклянный стакан. В помещении красные стулья, каменная стена и барная стойка на фоне.",показать человека за столом в кафе,False
"https://sun9-79.userapi.com/s/v1/ig2/yBKJWLUd4pg9X37CkmTAXx3YpDQZeTuAY3r_2pMTaLZMiRqQSdm1cL48YBvpwn8ORtNWVKoXjbjosJO7KJ4QE1nY.jpg?quality=95&as=32x43,48x64,72x96,108x144,160x214,240x321,360x481,480x642,540x722,640x855,720x962,1080x1444,1197x1600&from=bu&cs=1197x0","Женщина в розовом пальто и шляпе стоит у кирпичной стены возле окна, на подоконнике цветы. На переднем плане — фактура кирпича и окно.",показать одежду,False
"https://sun9-18.userapi.com/s/v1/ig2/ysvdCubWtn25aGrAV9y8_mL10CQ1Jf_k2YSajUkF_A0GBSP-0JTKPQcGf6FTJPdX2SL9EHXvQWfg5WIfVMx2riFY.jpg?quality=96&as=32x43,48x64,72x96,108x144,160x213,240x320,360x480,480x640,540x720,640x853,720x960,1080x1440,1280x1707,1344x1792&from=bu&cs=1344x0",Девушка в ярко-розовой блузе и черной юбке позирует у светлой стены в помещении.,показать портрет девушки в помещении,False
"https://sun9-67.userapi.com/s/v1/ig2/CECf2ftc_yNo37kAU45_CdVbeew8RleHYcTHJNvLxML3O91Ve1rnvB3ln3nqsF_clk7J49diQTavAXkCAdwM1CoG.jpg?quality=95&as=32x43,48x64,72x96,108x144,160x213,240x320,360x480,480x640,540x720,640x853,720x960,1080x1440,1280x1707,1344x1792&from=bu&cs=1344x0","Женщина в белой футболке и розовой рубашке стоит в помещении перед белой стеной; видна верхняя часть тела, руки на талии, позирует.",показать одежду,False
"https://sun9-66.userapi.com/s/v1/ig1/jcQ8f0B48oMMMpA-E_-ifdKLMy1L-QKeuQdjc9ifWmShOAdqowK5m_HymUey0FQdHzEqOon2.jpg?quality=96&as=32x32,48x48,72x72,108x108,160x160,240x240,360x360,480x480,540x540,640x640,720x720,960x960&from=bu&cs=960x0",Крупный план рук с розовым маникюром; видна часть футболки с голубым текстом,показать маникюр на ногтях,False
"https://sun9-21.userapi.com/s/v1/if1/Q42a6W6l6xey7Vh2iqVWYYVSPTegnnyIQUMBpZ07vd_IyDRgzr-8bP4zCy9eua8xdrWejE8S.jpg?quality=96&as=32x24,48x36,72x54,108x81,160x120,240x180,360x271,480x361,540x406,640x481,720x541,1080x812,1280x962,1333x1002&from=bu&cs=1333x0","Полуокруглая красная вывеска с жёлтым текстом, размещённая на кирпичной стене возле окна. Вывеска рекламирует колбасу.",показать вывеску с рекламой колбас,False
"https://sun9-4.userapi.com/s/v1/ig2/MEKBrB9gjAHELQqMksFIzt8isci2SZHj19KH8JB4iTwyY6h6TeuxxcwXZ0fjTmRZ3k9YZr0uYZtzG26Et98tYrLz.jpg?quality=96&as=32x43,48x64,72x96,108x144,160x214,240x320,360x481,480x641,540x721,640x854,720x961,1080x1442,1280x1709,1440x1922,1618x2160&from=bu&cs=1618x0","Мужчина сидит за длинным деревянным столом в кафе, держит бокал; перед ним тарелка с едой. Фон — тёмная кирпичная стена и декоративные подвесные нити/гирлянды.",показать человека за столом в кафе,False
"https://sun9-71.userapi.com/s/v1/ig2/LCi0-f3qpArV26199_O6WgSRB9FPaq5dJ2OoEwxmGVKWtIsAWY2zDflcCtaMQyNkIL8JMjMra44z0cPZH-up1xRb.jpg?quality=95&as=32x32,48x48,72x72,108x108,160x160,240x240,360x360,480x480,540x540,640x640,720x720,1080x1080,1280x1280,1440x1440,2560x2560&from=bu&cs=2560x0",Сбоку снятая голова с длинными светлыми волосами в салоне красоты; интерьер с креслом и зеркалом на фоне.,показать стрижку/укладку волос в салоне,False
"https://sun9-23.userapi.com/s/v1/ig2/p4yWypZZbV_etZo0BZGS9oZ0S9935JXBBVsYXZ1u-OCwk9a2SN_QLAqdB0_O6rYE4-qtcpVW42h5qgFhP0Yuz84u.jpg?quality=95&as=32x32,48x48,72x72,108x108,160x160,240x240,360x360,480x480,540x540,640x640,720x720,1080x1080,1280x1280,1440x1440,2560x2560&from=bu&cs=2560x0","Крупный план волос: светлые блонд-волосы, рука держит прядь, на фоне интерьер салона с инструментами и креслом",показать окрашенные волосы,False
"https://sun9-40.userapi.com/s/v1/ig2/u1kEYJ0QQve5W5d_k5mVQSkPuWigkmi04fxArNjOXWJUK7FZ9JICOJgh3vuJEdxc9j6x1eAXI9a8QuYn7ITFWW6N.jpg?quality=96&as=32x43,48x64,72x96,108x144,160x213,240x320,360x480,480x640,540x720,640x853,720x960,1080x1440,1280x1707,1344x1792&from=bu&cs=1344x0",Женщина в бежевом костюме стоит перед белой стеной в помещении.,показать одежду,False
"https://sun9-35.userapi.com/s/v1/ig1/5W3K8Br70ivv-1oX365POQ0usp8xk7CpkI6FBxUp4qWVzkWCMlug8nXn36Rs7AVG_Ht2HZlH.jpg?quality=96&as=32x43,48x64,72x96,108x144,160x213,240x320,360x480,480x640,540x720,640x853,720x960,1080x1440,1280x1707,1440x1920,1620x2160&from=bu&cs=1620x0","Женщина в головном платке сидит за столом в помещении; на столе фрукты в миске, булочки, кружки с напитками и телефон; на стенах плакаты.",показать человека за столом,False
"https://sun9-19.userapi.com/s/v1/if2/K1dwauK6z2mcd3b_jNz-6SNNTMsqpXLZ2-HgtbcYOotyYNNn8xKGkdS51hsLee39PPpFTnDPxvZ2dg3ycPBc3pCD.jpg?quality=95&as=32x24,48x36,72x54,108x81,160x120,240x180,360x270,480x360,540x405,640x480,720x540,1080x810,1280x960,1440x1080,2016x1512&from=bu&cs=2016x0","Макет города в помещении: вид сверху на компактные жилые корпуса вдоль улиц, дороги с маленькими моделями автомобилей, зелёные участки.",показать модель городской застройки,False
"https://sun9-62.userapi.com/s/v1/ig2/b4k8mkVMe4D-BtSkHOjxyOyxAnSK5ySFbbN_mlOKHiX1H4Tm3K8AkTg-u0cw6cQSbrvoFxVYJd8O-48OdpHAF1K2.jpg?quality=95&as=32x57,48x85,72x128,108x192,160x284,240x426,360x639,480x852,540x959,640x1136,720x1278,1080x1917,1280x2272,1440x2556,1442x2560&from=bu&cs=1442x0","Женщина в светлом пуховом пальто и шарфе стоит на пешеходной улице, украшенной красными фонариками. По обе стороны — кирпичные здания, слева стоят красные столики и стулья, над улицей висят провода. Небо голубое, день.",показать одежду,False
"https://sun9-3.userapi.com/s/v1/ig2/YcXJqOHNMeowIXfJffP39xvS8avsMyu8FdrfciqQle3AJ1abC-n-onICuE0jtnKj4VwJqVfNKxsJiE-BnLosHX-2.jpg?quality=95&as=32x32,48x48,72x72,108x108,160x160,240x240,360x360,480x480,540x540,640x640,720x720,1080x1080,1280x1280,1440x1440,1560x1560&from=bu&cs=1560x0",Уголок внутри помещения: декоративная ткань/скатерть с рисунком и надписью лежит под стеклянной поверхностью; сверху видны зелёные листья растения,показать декоративную ткань,False
"https://sun9-13.userapi.com/s/v1/ig2/arcFJYwD0G6yGjMtm23cYHshP9wgm8elbxVo-Gqs3jugNRkkj9e8UyrY4QxLZtusNNlsWy01ie22SzV4h4tMT988.jpg?quality=95&as=32x43,48x64,72x96,108x144,160x213,240x320,360x480,480x640,540x720,640x853,720x960,1080x1440,1200x1600&from=bu&cs=1200x0","Три женщины сидят за длинным деревянным столом в ярко освещённом ресторане; справа женщина держит камеру, чтобы сделать селфи, в кадр попадают двое других посетительниц; на стене рисунки в японском стиле, на столе напитки с трубочками.",сделать групповое селфи,False
"https://sun9-64.userapi.com/s/v1/if2/a3M9T1CsiJmuS1Zp9rEZNQ4tZE646aSW2KDQyJt3sIfrlmiE_Qa_h3tUbw23UFMsrlpsegRStaSikiYz6MJRbfd1.jpg?quality=96&as=32x18,48x27,72x40,108x61,160x90,240x135,360x202,480x270,540x303,640x359,720x404,1080x607,1280x719&from=bu&cs=1280x0","Люди стоят перед окном уличного киоска, продающего напитки; видны вывески и витрина киоска",показать уличный киоск и людей в очереди,False
"https://sun9-79.userapi.com/s/v1/ig2/yJ3LLDo12-H-NP4gai-3cRVfeHza7W1GB5W6p9UZ8K3-h4WCsnmTAHkP5Cg7jbabnAGdTqI74v5YARo_91C8FAO0.jpg?quality=95&as=32x43,48x64,72x96,108x144,160x213,240x320,360x480,480x640,540x720,640x853,720x960,1080x1440,1280x1707,1440x1920,1920x2560&from=bu&cs=1920x0",Женщина в длинной черной зимней куртке с меховой капюшоном стоит на улице перед витриной магазина с красными декоративными элементами.,показать одежду,False
"https://sun9-54.userapi.com/s/v1/ig2/XW7AUUMRHcNWjZHHBUN_W6HypxJ5d3NzN9mJm7YjKKgIl-NLq6gyOkvMyNQJcMH95yktfAUvkB0n-G6py7cWuPF5.jpg?quality=96&as=32x43,48x64,72x96,108x144,160x213,240x320,360x480,480x640,540x720,640x853,720x960,1080x1440,1280x1707,1440x1920,1620x2160&from=bu&cs=1620x0",Белый VR-шлем над манекеном на стойке в помещении; видны кабели и монитор сверху.,показать товар,False
"https://sun9-68.userapi.com/s/v1/ig2/pA50Q5O2ynAE_tvozONfuztxGTEQVGf-g6ctGkfL7sxBFUIz2KIbQC01d-2qaWONiAoeB84DziGup2Y6MU-xiDLH.jpg?quality=95&as=32x43,48x64,72x96,108x144,160x213,240x320,360x480,480x640,540x720,640x853,720x960,1080x1440,1280x1707,1344x1792&from=bu&cs=1344x0","Женщина в очках позирует в помещении: в бежевом вязаном свитере и черных кожаных шортах, левая рука поднесена к лицу, правая — к плечу.",показать одежду,False
"https://sun9-69.userapi.com/s/v1/ig2/7Fx2DmUf-db0Cu7hS3B3vn20Wkxw4okT1xJNQB2ruA48JxoSthMx_iOV1VJzwnb4k8qSiqUSbCxHZdgK5zRUANgV.jpg?quality=95&as=32x43,48x64,72x96,108x144,160x213,240x320,360x480,480x640,540x720,640x853,720x960,1080x1440,1280x1707,1344x1792&from=bu&cs=1344x0",Женщина в светло-сером трикотажном костюме позирует внутри помещения у стены,"показать одежду, портретная композиция",False
"https://sun9-67.userapi.com/s/v1/ig2/JFqDLiwez1NF2XYo2nK4mxLWmk-01SYCLZ2-9Uwd9S8zOYsJaSFQI_DaekHcLtKZ4-J7oKqoxXcPkYQClSyYTRGP.jpg?quality=95&as=32x43,48x64,72x96,108x144,160x213,240x320,360x480,480x640,540x720,640x853,720x960,1080x1440,1280x1707,1344x1792&from=bu&cs=1344x0","Полноразмерный портрет женщины в белой рубашке, голубой юбке с разрезом и высоких сапогах на фоне светлых стен внутри помещения.",показать одежду,False
"https://sun9-8.userapi.com/s/v1/ig2/FcwwcETcm80650WQWQuKSWunw-bUmSLvh1oNzkxaDuFUYmJcuuHBeNZZKFQJyW4qxYaimPuf8qbQip6Q6u-0iA3d.jpg?quality=95&as=32x43,48x64,72x96,108x144,160x213,240x320,360x480,480x640,540x720,640x853,720x960,1080x1440,1280x1707,1440x1920&from=bu&cs=1440x0","Интерьер синагоги: большой деревянный шкаф (ковчег) с бархатными фиолетовыми занавесками и золотыми символами; справа арочная ниша, колонна и светлый потолок, пол деревянный.",показать интерьер синагоги,False
"https://sun9-58.userapi.com/s/v1/ig1/Rb8Z5eWHM-NCnqJnvvUItSpLVJSX2tQGnDV1XAlgYCwGOlvS-23e6eoWPL5HNQhuIR3aCBrt.jpg?quality=96&as=32x32,48x48,72x72,108x108,160x160,240x240,360x360,480x480,540x540,640x640,720x720,960x960&from=bu&cs=960x0","Женщина в зелёном платье стоит в помещении, на фоне крупные комнатные растения и окна",постановочный портрет женщины в интерьере,False
"https://sun9-83.userapi.com/s/v1/ig1/3q-SGIF1ri4O9Tm1YwTUPNpsPr4qK_TnV3w8vzaOgUTBuFH14uL8YUjkZNZmzPtMxnHjixYv.jpg?quality=96&as=32x40,48x60,72x90,108x135,160x200,240x300,360x450,480x600,540x675,640x800,720x900,768x960&from=bu&cs=768x0","Группа детей и взрослая женщина позирует вместе в помещении: взрослая женщина в очках рядом с детьми, один ребёнок в красном платье в белый горошек; на заднем плане барная стойка с бутылками.",сделать групповое фото,False
"https://sun9-22.userapi.com/s/v1/ig2/MaZBN4cVtYXIFhTpJYFB5ZN5HaBOQyVUmrPruhkJXo3I_lyiToQ5_jeXBoY2zA_xbDrqVdBpv18OWp_fJ5vQgo-D.jpg?quality=95&as=32x43,48x64,72x96,108x144,160x214,240x321,360x481,480x642,540x722,640x855,720x962,1080x1444,1197x1600&from=bu&cs=1197x0","Два человека в ресторане на переднем плане делают селфи. Мужчина с бородой и лысой головой в белой футболке с графическим принтом и женщина с темными волосами в леопардовом топе; за ними столики, другие гости и тёплое освещение.",сделать селфи,False
"https://sun9-25.userapi.com/s/v1/if2/lR5uAFZG_jVC4PLg4RfhAQO2kJ_fXQA1CdoT5DV9XvyyYKQ30jXnoY9UAnPPaDuS7vO-zWpymDh8vGHleXRVUpKk.jpg?quality=96&as=32x24,48x36,72x54,108x81,160x120,240x180,360x270,480x360,540x405,640x480,720x540,1080x810,1280x960,1440x1080,2560x1920&from=bu&cs=2560x0","Много маленьких пакетиков с бисером, пайетками и декоративными материалами, разложенных на светлой ткани на столе.",показать наборы для рукоделия,False
"https://sun9-36.userapi.com/s/v1/ig2/_SzPw6IxRmU8ssfPt6wYpFOyzxv-XCNnWRYY3PpC6n3kyXSF-BGktbmPU4hUQpD0JjiOkREYYGU5vLNRpspEQ2pz.jpg?quality=95&as=32x43,48x64,72x96,108x144,160x213,240x320,360x479,480x639,540x719,640x852,720x959,1080x1438,1280x1705,1440x1918,1922x2560&from=bu&cs=1922x0",Чёрно-белая страница с портретом пожилого мужчины и текстом биографической статьи,показать портрет и биографическую страницу,False
"https://sun9-49.userapi.com/s/v1/ig2/cVRjCD-8Y0Eu43A11qOfGqFY7fArlQXP8AJyssNCu2rMQfDcGeN9NzY-TwuobUl-JtIXJstGF07M-ADHwdG5QT_A.jpg?quality=95&as=32x43,48x64,72x96,108x144,160x213,240x319,360x479,480x639,540x719,640x852,720x958,1080x1438,1280x1704,1440x1917,1923x2560&from=bu&cs=1923x0","Человек в белом зимнем пальто стоит перед ярким муралом на стене, вокруг декоративные елки и искусственный снег; над сценой висят гирлянды.",позирование перед городским муралом,False
"https://sun9-73.userapi.com/s/v1/ig2/zlGjfERWx5gNOqqBlcFWQ2YkFS_1fNodKpL4PLWkg2zqAUGrEYKbeIrC0MboTFXjX8QD9qby-VJu1LqPD8USxxRm.jpg?quality=96&as=32x43,48x64,72x96,108x144,160x214,240x320,360x481,480x641,540x721,640x855,720x961,1080x1442,1280x1709,1342x1792&from=bu&cs=1342x0",Две женщины в спортивных худи и штанах позируют на улице на фоне обшарпанной кирпичной стены с облупившейся штукатуркой.,сделать групповое фото друзей,False
"https://sun9-1.userapi.com/s/v1/ig2/zWgyoIDcAvlSNl1aZjAuvnUIeVLj822ikNcIJ0zgooB5xjXwFfJOFig6KW20JPsM9NHkqVb2XlLGnwdnxLxyt87M.jpg?quality=95&as=32x45,48x68,72x102,108x153,160x226,240x339,360x509,480x678,540x763,640x904,720x1017,1080x1526,1280x1808,1440x2034,1812x2560&from=bu&cs=1812x0","Страница книги с русским текстом, печатный шрифт, текст занимает большую часть страницы.",показать страницу книги с текстом,False
"https://sun9-75.userapi.com/s/v1/ig2/8XzBD1fUD3959-z_ub5kugWFWD-6WVgXoggs_83JAJHKWQLdK9f3lO_A3O_Xc3Kam3xatPx9RHiGqI4YdMp83IBk.jpg?quality=95&as=32x43,48x64,72x96,108x144,160x214,240x320,360x480,480x641,540x721,640x854,720x961,1080x1441,1280x1708,1440x1922,1918x2560&from=bu&cs=1918x0","Один человек в черном пальто идёт по узкой мокрой кирпичной улице, сверху висят красные фонари и гирлянды; слева красные скамейки, по сторонам здания, снег на краях тротуара.",задокументировать городскую сцену,False
"https://sun9-69.userapi.com/s/v1/ig2/lyVILeT5e7CgeLD5x_Br6Ikssdemh8yW3Qz1FRVUmmlTzczMFHJD9Apn9TwSrsuYAdp5ZTZdS_4fj9NjootoSFC0.jpg?quality=96&as=32x43,48x64,72x96,108x144,160x213,240x320,360x480,480x640,540x720,640x853,720x960,1080x1440,1280x1707,1440x1920,1620x2160&from=bu&cs=1620x0","Черный рюкзак в руках у человека, стоящего перед зеркалом в магазине; в отражении видно пол и витрину.",показать рюкзак,False
"https://sun9-6.userapi.com/s/v1/ig2/ldKf6jsnpeloSADEYMkHt7R1T2-15lVH3l0HVEiAcMo23sWDEPweCdn-SwDKZ9Ea1n4cqqx9Ay0xfz9FpNaiMDn8.jpg?quality=96&as=32x32,48x48,72x72,108x108,160x160,240x240,360x360,480x480,540x540,640x640,720x720,1080x1080,1280x1280,1440x1440,2160x2160&from=bu&cs=2160x0","Треугольная белая миска, заполненная белыми бусинами с цифрами, на тканевом фоне",показать товар,False
"https://sun9-31.userapi.com/s/v1/ig2/vkZVqtrOTYJbx8nBmAE0t3dXKfZf9Ul8JK2ppInvNtxKq92t7JCbHl6znD9nPpv46oVUKmfkwtB0cZoxWSs70b51.jpg?quality=96&as=32x43,48x64,72x96,108x144,160x213,240x320,360x480,480x640,540x720,640x853,720x960,1080x1440,1200x1600&from=bu&cs=1200x0","Интерьер зала: ряды красных кресел, человек в костюме читает книгу на переднем плане, другие люди стоят у спинок скамей; вдоль стены окна, в помещении есть деревянные перегородки.",показать интерьер зала,False
"https://sun9-41.userapi.com/s/v1/if1/LfUrhhl3yqRf4nInT457SBJF-lGtUuf6NpSkJYzEZPsmhpr9WtOPmeGt8w5LhseYweT30XZl.jpg?quality=96&as=32x24,48x36,72x54,108x81,160x120,240x180,360x270,480x360,540x405,640x480,720x540,1080x810,1280x960,1440x1080,2080x1560&from=bu&cs=2080x0","Интерьер торгового центра: витрины магазинов, пол, перила и стеклянная стена с надписью Sunlight; человек рядом с витриной",задокументировать интерьер торгового центра,False
"https://sun9-18.userapi.com/s/v1/ig2/5fK1yOG091sl0mwPl5-wEVhWzOCF3K0omYNpgqsZj3Vr_bFZJzXs581w6M4tI7-sRPF760gzxXbo0e4aO6JWaDOg.jpg?quality=96&as=32x43,48x64,72x96,108x144,160x214,240x320,360x481,480x641,540x721,640x855,720x961,1080x1442,1280x1709,1342x1792&from=bu&cs=1342x0","Женщина в белой футболке и зелёной кепке позирует у светлой стены; держит футболку, чтобы показать ткань, и смотрит вниз.",показать одежду,False
"https://sun9-82.userapi.com/s/v1/ig2/ZbiQ5ctj2KvvdMyGNxd2TZnmwz7GXfBa84i75TqhjyF9RvNKm2d4Okl7zYYUQ-QYgzUbHmRuAJz-T5GiDJF0pzJ5.jpg?quality=96&as=32x35,48x52,72x78,108x117,160x174,240x261,360x391,480x521,540x586,640x695,701x761&from=bu&cs=701x0","Женщина в черном купальнике стоит по колено в воде у берега, волны бьются о ноги.",показать человека в купальнике на пляже,False
"https://sun9-52.userapi.com/s/v1/ig2/sGw3bjP9mtSJZiTDlu13w4DAikJCYI5MdebTir88tjI0tfGaJEV5s6WNFzMDaD9A2IBDQeplwk_nOQHZLBzTkMPn.jpg?quality=95&as=32x43,48x64,72x96,108x144,160x213,240x320,360x480,480x640,540x720,640x853,720x960,1080x1440,1280x1707,1440x1920,1920x2560&from=bu&cs=1920x0","Женщина в черной пуховике с меховым капюшоном стоит на улице возле витрины магазина; вокруг висят красные декоративные ленты, на фоне кирпичной стены и вывесок.",показать зимнюю одежду,False
"https://sun9-19.userapi.com/s/v1/if1/_jr0sQPTu89WcyNKtb4DbLJ8JV_2OPBhzEzUL-FsbVv2Y-J3YrrhrHvxEGQPsgQeI3qK8w-h.jpg?quality=96&as=32x20,48x30,72x44,108x67,160x99,240x148,360x222,480x296,540x333,640x395,690x426&from=bu&cs=690x0","Крупное классическое здание с колоннами по фасаду на улице, перед ним деревья, ряд автомобилей на улице",показать фасад здания,False
"https://sun9-2.userapi.com/s/v1/ig2/fkGQ-OjZJ6-7I7Bd8iPp_NR04LT1graxrzQfMOmZYu6L61Zi5R1LHn0XslR51MUqEFo6RfEZ7qtT8gLLhYtpbczh.jpg?quality=95&as=32x43,48x64,72x96,108x144,160x213,240x320,360x480,480x640,540x720,640x853,720x960,1080x1440,1280x1707,1440x1920,1920x2560&from=bu&cs=1920x0",Женщина в светлом пуховике с большим меховым воротником позирует перед камерой,показать одежду,False
"https://sun9-31.userapi.com/s/v1/ig1/xBdSolpd0RMqYVqohMEjTAgL_LzDX9s8LQGNUwsFbEJgm5PR2tNmulxTA6Ecu-lqo1aXpPnY.jpg?quality=96&as=32x43,48x64,72x96,108x144,160x213,240x320,360x480,480x640,540x720,640x853,720x960,1080x1440,1280x1707,1440x1920,1620x2160&from=bu&cs=1620x0","Человек в магазине снимает селфи в зеркале: видно torso, рука держит сумку, на нем розовая кофта, голубая юбка и черные ботинки; вокруг витрины и прилавки с одеждой.",сделать селфи для показа наряда в магазине,False
"https://sun9-74.userapi.com/s/v1/ig1/eZYY2lKDyXjj47Uyg9s4WNmaffHrLaaJ14z4gRWOvO3EDAzpDWrkHmLoWXBk1XtKmJukogb1.jpg?quality=96&as=32x32,48x48,72x72,108x108,160x160,240x240,360x360,480x480,540x541,640x641,720x721,959x960&from=bu&cs=959x0","Мужчина в клетчатой рубашке в помещении, портретное фото, крупный план лица и плеч.","портрет мужчины, крупным планом, в помещении",False
"https://sun9-2.userapi.com/s/v1/ig2/E9BRScmRFYGEb9wefUAO_PMP6-g0AoUv_HSNlfh9-Xn16XWAK3K-1YewmG49aiMPcwLRBq7nS-_YgysN7ojOhF6J.jpg?quality=96&as=32x43,48x64,72x96,108x144,160x213,240x320,360x480,480x640,540x720,640x854,720x960,1080x1441,1216x1622&from=bu&cs=1216x0","Букет из оранжевых креветок на палочках, обёрнутый в коричневую бумагу, держит рука. Фон — темная кирпичная стена с гирляндами.",показать товар,False
"https://sun9-78.userapi.com/s/v1/ig2/G4zWlynY5w4VSa5gOA3H7fL-gv-IhzsrTuLKXKfg1xrhlOc7JSBJwhlFtpuxxVxVbcw35Ppgdg1h-NAnLexnW3cb.jpg?quality=95&as=32x43,48x64,72x96,108x144,160x213,240x320,360x480,480x640,540x720,640x853,720x960,1080x1440,1280x1707,1440x1920,1920x2560&from=bu&cs=1920x0","Женщина в длинном черном пуховике с меховым воротником стоит на улице в снегу, позирует к камере; на заднем плане — темный вход в туннель/гараж и кирпичные стены.",показать одежду,False
"https://sun9-77.userapi.com/s/v1/ig2/Rr8G8P2jWMoeQX-tViLh7jtoYx8UirD99h3qIRxpMgGu17HLMFODyhk4uasrpjb5gh29It-9etldCHfy_OiBJu2l.jpg?quality=96&as=32x43,48x64,72x96,108x144,160x214,240x320,360x481,480x641,540x721,640x854,720x961,1080x1442,1280x1709,1440x1922,1618x2160&from=bu&cs=1618x0","Два человека сидят за столом в кафе; на столе тарелка с едой, коробка и чашка, гирлянды висят на кирпичной стене",показать людей за столом в кафе,False
"https://sun9-50.userapi.com/s/v1/ig2/EDtgCGmCSimK7LeVIU5B7PTfm3dk0ajo0S2cmQPZ5aQCUpyEQBAzi4aP5SWOSKETCQT-2j4ScZ4e2Ao_cpRpIg4x.jpg?quality=95&as=32x43,48x64,72x96,108x144,160x214,240x321,360x481,480x642,540x722,640x855,720x962,1080x1444,1197x1600&from=bu&cs=1197x0","Человек в розовом длинном плаще и красной кепке позирует на улице, показывая жесты обеими руками; на фоне кирпичной стены с неоновой вывеской и красными ящиками.",показать костюм на улице,False
"https://sun9-52.userapi.com/s/v1/ig1/Ov5_ZmiKDRVpKOrP04b65pBn3gTrcZx1WLypaPw2SOjjh9gnie6VM70l-wVHt7GFlsk0pm-G.jpg?quality=96&as=32x57,48x85,72x128,108x192,160x285,240x427,360x641,480x854,540x961,640x1139,720x1282,728x1296&from=bu&cs=728x0","Ювелирное изделие с зелёными камнями на белой подставке, рядом ценник",показать украшение с зелёными камнями на витрине магазина,False
"https://sun9-19.userapi.com/s/v1/ig2/Or-6tgwXp4zrJS9WED3LCrm1hY82--3R9uchSWt4GeXI_l9b7AxeN8M6jZmWa89XFVBW5UKNtCUpa3dWt2HXXooh.jpg?quality=96&as=32x57,48x85,72x128,108x192,160x284,240x427,360x640,480x853,540x960,640x1138,720x1280,900x1600&from=bu&cs=900x0",Женщина крупным планом делает селфи; на фоне гирлянд и зеркала.,сделать селфи,False
"https://sun9-27.userapi.com/s/v1/ig2/Wv2atiJnzvesKD45gPa3nHnLCnhUl-2hcDf7cajP5nHU0H9RF5V1ESz6JINJ_0pmgwME9x-GOFz5CkLhnrcFhV27.jpg?quality=95&as=32x43,48x64,72x96,108x144,160x214,240x320,360x480,480x641,540x721,640x854,720x961,1080x1441,1280x1708,1440x1922,1918x2560&from=bu&cs=1918x0","Улица с витриной магазина, красные фонари над входом, кирпичная стена, стеклянные двери и кондиционер снаружи; на тротуаре лежат красные ящики",задокументировать городскую сцену,False
"https://sun9-10.userapi.com/s/v1/ig1/R6G1Cw-jukgStKqzVyv9-j7AfCvGsgw4nl_ZhvIDP1UNGBK3QZT_nKZLNxuJO-uw7iBl3G_s.jpg?quality=96&as=32x32,48x48,72x72,108x108,160x160,240x240,360x359,480x479,540x539,640x639,641x640&from=bu&cs=641x0",Настольные часы и яблоко на школьном столе рядом с канцелярией: чашка с карандашами и ножницы на яркой синей доске с надписями на фоне,показать учебное место/рабочий стол с часами и школьными принадлежностями,False
"https://sun9-68.userapi.com/s/v1/if1/VOEfq3ucz5RbASCN4qPuCD_V79jFLfSsE66-BNzxrl-dVSyGHpxyriJt7T4nUy_CNkjlaL_p.jpg?quality=96&as=32x30,48x45,72x68,108x102,160x151,240x227,360x340,480x453,540x510,640x604,720x680,1009x953&from=bu&cs=1009x0","Крупный план ногтей: розовый гель-лак, на одном ногте декоративное серебристое сердце.",показать ногти с маникюром,False
"https://sun9-80.userapi.com/s/v1/ig1/HF5G4p5PGeFVD58uleDtbidUC4PSEVM4oL8ERgG9m3kBqfIGa1oDJfcDCAA5RUjEjZDgEV9B.jpg?quality=96&as=32x34,48x51,72x76,108x114,160x169,240x253,360x379,480x506,540x569,640x674,720x759,911x960&from=bu&cs=911x0","Женщина на коленях возле декоративного фонаря на полу в комнате; на ковре красная подушка, рядом мебель и телевизор на стене",показать декоративный элемент интерьера,False
"https://sun9-81.userapi.com/s/v1/ig2/zi8vZmE_xv8p7sUZLrSqSzjeabEpX4_qnY-qAudXHgNp9WlFWSTs7jOAguRqm_PFo8kJjEQ1X6_L0X1EefsmUCCJ.jpg?quality=95&as=32x32,48x48,72x72,108x108,160x160,240x240,360x360,480x480,540x540,640x640,720x720,1080x1080,1280x1280,1440x1440,1560x1560&from=bu&cs=1560x0","Зал с рядами красных кресел; на переднем плане венчанный сценой подиум с деревянной мебелью, за сценой видна мебель/шкаф; справа большие окна, зал освещён естественным светом",показать интерьер зала с креслами и сценой,False
"https://sun9-7.userapi.com/s/v1/if1/RT-48Y32SqRqGMC6_-6XZSXqj4LUcxqfy43MDGHUi6yX_qDBXf4OmKWUijyw6lSXWDTNPIoi.jpg?quality=96&as=32x18,48x27,72x40,108x61,160x90,240x135,360x202,480x270,540x304,640x360,720x405,1080x607,1280x720,1440x810,2560x1440&from=bu&cs=2560x0","Мужчина сидит за столом в ресторане, перед ним тарелка с суши и чашки, на фоне коричневая кожаная диванная обивка.",показать человека за столом в ресторане,False
"https://sun9-85.userapi.com/s/v1/ig2/aHVb1aSyfYqeAb7VYtxRhh2Lxfg0ovfZntU5FsCgvgcUu-DUj4hdpzqMQN7Tx_JXit6YubqbgFooCFi8TasFCFyN.jpg?quality=96&as=32x43,48x64,72x96,108x144,160x213,240x320,360x480,480x640,540x720,640x853,720x960,1080x1440,1280x1707,1440x1920,1620x2160&from=bu&cs=1620x0","Две девушки в кухне чистят кафельную стену губками, верхние полки с банками позади, на руках яркие желтые резиновые перчатки.",показать процесс уборки на кухне,False
"https://sun9-53.userapi.com/s/v1/ig2/sWewDGmxrRdsnBFyFYAYCUdrt2GwmVl_3FqvVXitJ4os_hFYh_1oiGhnOb3kKxu1rBKOeIl4YMXHMMRmpB39NCOg.jpg?quality=96&as=32x32,48x48,72x72,108x108,160x160,240x240,360x360,480x480,540x540,640x640,720x720,1080x1080,1280x1280,1440x1440,2160x2160&from=bu&cs=2160x0",Крупный план: мелкие металлические буквеные бусины в белой треугольной тарелке на светлом фоне ткани.,показать товар: набор буквенных бусин,False
"https://sun9-3.userapi.com/s/v1/ig1/jHJDpQcXcWxlLq3C8dVn2CEqFju_qkoMKvEiowAoUnYmazWTPf7pUgGZlUes7v43j4j8SPAb.jpg?quality=96&as=32x43,48x64,72x96,108x144,160x213,240x320,360x480,480x640,540x720,640x853,720x960,1080x1440,1280x1707,1440x1920,1620x2160&from=bu&cs=1620x0","Человек в магазине фотографирует себя в зеркале: надета голубая миди-юбка, светлая кофта, светлый кардиган; в руках красно-коричневая сумка; черные ботинки; вокруг примерочная и полки с одеждой, белый плиточный пол.",сделать селфи,False
"https://sun9-74.userapi.com/s/v1/ig2/DCe0TQOerfSRA7PNbQhTRaZwu6LYI7sC35ssefC-PN66Ma2xxcwc45TXPQxLwiqtv2M5tOudRpNldQ7gS0nQ6tN-.jpg?quality=95&as=32x43,48x64,72x96,108x144,160x214,240x320,360x481,480x641,540x721,640x855,720x961,1080x1442,1280x1709,1342x1792&from=bu&cs=1342x0","Женщина в платье с открытыми плечами позирует внутри помещения у белой двери; держит розовую сумку и носит белые кроссовки, солнечные очки.",показать одежду,False
"https://sun9-31.userapi.com/s/v1/ig1/hgLBiqlzYp0HtcskBEzFdkJ8G4JorF1XMCCuC6TNS-URn9V3mO1m2OggPIpO67r4ah-lw1Bl.jpg?quality=96&as=32x43,48x64,72x96,108x144,160x213,240x320,360x480,480x640,540x720,640x853,720x960,1080x1440,1200x1600&from=bu&cs=1200x0",Полосатая белая рубашка на вешалке в магазине; интерьер магазина с одеждой и полом на заднем плане.,показать товар,False
"https://sun9-73.userapi.com/s/v1/ig2/W_uZ5QMeVm702neWUVqKoGMdNBtQvNTMSau7Q7dynSNYgS5s9E5byZvN5BoozLcvd4g6Dr59r2MhoB2vzdNW6FGx.jpg?quality=95&as=32x43,48x64,72x96,108x144,160x213,240x320,360x480,480x640,540x720,640x853,720x960,1080x1440,1280x1707,1440x1920,1920x2560&from=bu&cs=1920x0",Женщина в чёрном платье позирует у кирпичной стены с яркими неоновыми вывесками: 'CHINA' и вертикальные китайские символы; над головой висят розовые ленты.,показать человека на фоне неоновых вывесок,False
"https://sun9-60.userapi.com/s/v1/ig2/WVGLPi4tsffyuq_xgn3TKnF4xPJTcODqfbeMn5NqFhk5v3IgxrKusjxHqUV0e3e-0TxZcNiHVt0E-eM76VQspWll.jpg?quality=95&as=32x43,48x64,72x96,108x144,160x214,240x321,360x481,480x642,540x722,640x856,720x962,1080x1444,1280x1711,1440x1925,1915x2560&from=bu&cs=1915x0","Улица с яркими красными фонариками и гирляндами, человек в бежевом пальто позирует в центре кадра",показать одежду,False
"https://sun9-53.userapi.com/s/v1/ig2/aXFVuV3oBpJ4rEqncDVRolQjZU73pLUhwM_qjrYnltlzOC1oblNl30bBZAot-PrreUO-pkCEqdeNzIG3_eV60zMm.jpg?quality=95&as=32x43,48x64,72x96,108x144,160x213,240x320,360x480,480x640,540x720,640x854,720x960,1080x1440,1280x1707,1440x1921,1690x2254&from=bu&cs=1690x0","Крупный план лица молодой женщины, светлый макияж, зелёная кофта (капюшон), нейтральное освещение",сделать селфи,False
"https://sun9-54.userapi.com/s/v1/ig1/1k8Q0U7gCqcDTOH2G0UOpSZGmDxlYCJaSB-wVMgSu4HD-4Jqqx9mm371T_ZmZdmejVjwmg.jpg?quality=96&as=32x43,48x64,72x96,108x144,160x213,240x320,360x480,480x640,540x720,640x853,720x960&from=bu&cs=720x0","Портрет женщины крупным планом, улыбается, длинные темные волосы, белая майка, светлый фон",сделать селфи,False
"https://sun9-39.userapi.com/s/v1/ig2/URVQQFwtgJtIF1Pc4R1pAkxPpaPb2OPlp5x_aHw8yxCmIpSrsDycK0BoJQr6EFGcEwWfORvJcOuk8CN3mb5iqecM.jpg?quality=95&as=32x38,48x57,72x85,108x128,160x190,240x285,360x427,480x569,540x640,640x759,720x854,1080x1281,1280x1518,1349x1600&from=bu&cs=1349x0","Уличный переулок ночью, кирпичные стены и неоновая вывеска у входа заведения; вдоль стены висят лампы, прохожих нет.",показать ночной переулок с неоновыми вывесками,False
"https://sun9-4.userapi.com/s/v1/ig1/Fe8GYUaVf24aVoDvVgEkHYXQnIHuXIpTFC9ps1wtoaoD9ZpXkd9RV-aKWTUZVnGXc3Fs7_ye.jpg?quality=96&as=32x43,48x64,72x96,108x144,160x213,240x320,360x480,480x640&from=bu&cs=480x0",Рука человека над столом с подарочными коробками и упаковками; на столе видны яркие рисунки и улыбающаяся желтая игрушка среди подарков,показать подарки и подарочные коробки на столе,False
"https://sun9-58.userapi.com/s/v1/ig2/OBHgUbj6GSJR2OIrZIBUl94IvbURcJG8WfwbuSn3wETA0DaQF3NpzQozBT94O-K8wvBPnOhEihUbj8_uqX6ilEVP.jpg?quality=96&as=32x32,48x48,72x72,108x108,160x160,240x240,360x360,395x395&from=bu&cs=395x0",Дипломный документ на русском языке: текст 'ВРАЧ по специальности «Лечебное дело»' с печатью/штампом,показать диплом/квалификацию врача,False
"https://sun9-29.userapi.com/s/v1/ig1/yQibyYR7UfNmRwinUOti9MvpJhsrABjt5XltOR0w-b04GFuWAe5rIh4LBBjYtsCpH5x8I_kL.jpg?quality=96&as=32x43,48x64,72x96,108x144,160x213,240x320,360x480,480x640,540x720,640x853,720x960,1080x1440,1104x1472&from=bu&cs=1104x0","Портрет женщины крупным планом с выразительным макияжем: острые стрелки, глянцевые губы; на кадре накладная надпись «БАЗОВЫЙ КУРС ДЛЯ ВИЗАЖИСТОВ»",показать курс макияжа,False
"https://sun9-88.userapi.com/s/v1/ig2/6eHr1_2O13Z21op98I7iXwCre-hnHxEGFRwzhEa3Wyz9Yhhii2Wu1E7BdBQ2Q1WqAvH_RHgIC8y4LwuF-33I3tPI.jpg?quality=95&as=32x57,48x85,72x128,108x192,160x284,240x427,360x640,480x853,540x960,640x1138,720x1280,900x1600&from=bu&cs=900x0","Человек в темной куртке и сине-фиолетовой шапке присел в снежном переулке у кирпичной стены; над головой висят гирлянды, на фоне — вывески и огни.",портрет на уличной зимней сцене,False
"https://sun9-10.userapi.com/s/v1/ig1/PIHfrTmVjHeHY9uiGaBzV5Zh4qU_prD9LsLOFcvrb_Cc8B0JWFflQLJyML778oIJuaGeGNE8.jpg?quality=96&as=32x43,48x64,72x96,108x144,160x213,240x320,360x480,480x640&from=bu&cs=480x0",Группа людей в помещении участвует в религиозном обряде: мужчины и женщины держат талит и пальмовую ветвь (лулав).,задокументировать религиозный обряд,False
"https://sun9-76.userapi.com/s/v1/ig1/nU3AuEyHHMMh6k6qSedrVq0JZEnT4jt7WnlXIdg2yqXnpk8oRuiX96VKQjc-IVkmrMzbKTsM.jpg?quality=96&as=32x48,48x71,72x107,108x161,160x238,240x357,360x536,480x714,540x804,640x953,720x1072,860x1280&from=bu&cs=860x0","Человек в темных очках на близком портретном снимке, черно-белая гамма, видна часть бороды",сделать селфи,False
"https://sun9-8.userapi.com/s/v1/if1/XWYHsTfqTM_MCCIKqfXXW4qwqFT46lF0PvJ2WpbU2fsTYna8NSOK2ZXLoPaFkSwNLjVvmMZp.jpg?quality=96&as=32x18,48x27,72x40,108x61,160x90,240x135,360x202,480x270,540x304,640x360,720x405,1080x607,1280x720,1440x810,2560x1440&from=bu&cs=2560x0","Городской пейзаж: ряд зданий различной высоты под голубым небом; слева и центр — многоэтажки, справа видна купольная башня.",показать городской пейзаж,False
"https://sun9-1.userapi.com/s/v1/ig2/HhWqQBOtFQ9iuLnStuncy69qBy3Ta3AqlraoVsQEqiWqmwp8mFVKDbwe3lrcbakyPAhh5bzJz2ifYE75yPQMBNTE.jpg?quality=95&as=32x43,48x64,72x96,108x144,160x213,240x320,360x480,480x640,540x720,640x853,720x960,1080x1440,1280x1707,1440x1920&from=bu&cs=1440x0",Женщина в очках держит бокал в помещении с синей подсветкой; видна кирпичная стена и часть интерьера.,"портрет женщины с бокалом в барной обстановке, крупный план лица",False
"https://sun9-32.userapi.com/s/v1/ig2/a6N9TmEntFwH_92Zljpowix-sxigtxHPGaPpS9X07nQHirjGlbs9M3v15bA0je5KnJrL7tSfsZuFtLVRTuKLs9jy.jpg?quality=96&as=32x43,48x64,72x96,108x144,160x213,240x320,360x480,480x640,540x720,640x853,720x960,1080x1440,1280x1707,1440x1920,1620x2160&from=bu&cs=1620x0","Женщина в кафе за деревянным столом улыбается; держит предмет на шпажке, на фоне кирпичной стены и гирлянд.",показать портрет человека в кафе,False
"https://sun9-66.userapi.com/s/v1/ig2/WqHI8Y_KOJKpjKxBKDSh04Z9CDshwMr-Stzwe8Ygw7lVYmd0mgX5lbIRPcUb8Jpczhl8UJMhhYBJBk1_fmCk-uZn.jpg?quality=96&as=32x43,48x64,72x96,108x144,160x213,240x320,360x480,480x640,540x721,640x854,720x961,990x1321&from=bu&cs=990x0","Белое медицинское кресло в процедурной, на подлокотниках встроены подносы; рядом окно с жалюзи и красная подушка на подоконнике; пол светлый.",показать медицинское кресло и интерьер процедурной,False
"https://sun9-73.userapi.com/s/v1/ig2/0qBXYh7ekBmqCT8EMz7KWp0XYr5F527fhqi8fJ0j7KkbLNwcLAYtPTbOOdlxzJ5jv-zV6hWfGfQ5iZaFtB3CYn5N.jpg?quality=95&as=32x43,48x64,72x96,108x144,160x213,240x320,360x480,480x640,540x720,640x853,720x960,1080x1440,1280x1707,1440x1920,1920x2560&from=bu&cs=1920x0","Женщина в длинной черной куртке с меховой оторочкой стоит на зимней улице, вокруг снег, кирпичная стена и забор на фоне",показать одежду,False
"https://sun9-33.userapi.com/s/v1/ig2/zm-bbx2-yQuVkRbHTjTfD4W3q_CukliGAOAsgi5pACCH3z8DrtxaF43fL_WNu2X9G73cg5yrKOoH9q2Zbp3yjHwB.jpg?quality=95&as=32x43,48x64,72x96,108x144,160x213,240x320,360x480,480x640,540x720,640x853,720x960,1080x1440,1280x1707,1440x1920,1920x2560&from=bu&cs=1920x0",Женщина в бежевом длинном пуховике с меховой опушкой капюшона стоит на заснеженной улице,показать зимнюю одежду,False
"https://sun9-79.userapi.com/s/v1/ig2/bAQVlF1VTbHBQ7j4Ad69f1L71vsHzRjxlV7Dqm44-n7pZTpiK6JiaJst2t1YUvU8oa3bettBzxOJB0FgGsZhsR6V.jpg?quality=96&as=32x43,48x64,72x96,108x144,160x213,240x320,360x480,480x640,540x720,640x853,720x960,1080x1440,1218x1624&from=bu&cs=1218x0",много приготовленных раков в пластиковом ведре,показать еду,False
"https://sun9-8.userapi.com/s/v1/ig2/by-GXXFXM1eql4rQQE17TobguriSMUG4h6BAp7uRknvS0APP8LDKjXPdGGnyJLLnqG5UdAOn0ZoMMrR6TKGEs-hD.jpg?quality=95&as=32x43,48x64,72x96,108x144,160x213,240x320,360x480,480x640,540x720,640x853,720x960,1080x1440,1200x1600&from=bu&cs=1200x0","Женщина в желтом топе и черном жакете сидит за деревянным столом в помещении ресторана. На переднем плане миска с оранжевым супом/соусом и тарелка с едой, слева чашка с надписями. Фон — красная кирпичная стена и теплая подсветка.",портрет женщины в кафе/ресторане,False
"https://sun9-68.userapi.com/s/v1/ig2/Rm4Q3q4cIPYxDqUSQqc3u_ST3QSMUz7d37IxM5vlZxtd4vS-D1VVBMkgEg4fvOkiYJP6S-3-dORbrbJuUbO7FdX3.jpg?quality=96&as=32x43,48x64,72x96,108x144,160x213,240x320,360x480,480x640,540x720,640x853,720x960,1080x1440,1280x1707,1344x1792&from=bu&cs=1344x0","Женщина в очках сидит на полу у белой стены: длинные черные сапоги, черная кожаная куртка поверх фиолетового худи; позирует в расслабленной позе",показать образ и одежду,False
"https://sun9-9.userapi.com/s/v1/ig2/Uy90D2ZNCdGpBesW-kxHj78lYnGkYsJXgWqrzGTJrWN1qms2fI64VPoHbNUGoXr2GeKsRB0cMPoKvyna5BFocqzy.jpg?quality=96&as=32x43,48x64,72x96,108x144,160x213,240x320,360x480,480x640,540x720,640x853,720x960,1080x1440,1280x1707,1440x1920,1620x2160&from=bu&cs=1620x0",Человек держит черный рюкзак перед зеркалом в магазине; видны пол и витрины с товарами,показать рюкзак,False
"https://sun9-18.userapi.com/s/v1/ig1/JjdFvm3Sz3FDgI_XkQDibVA5WzGAPk_F9n4KaTEcYP_Ugdi1WGyLKBn-mNov7DXQILhLFJvR.jpg?quality=96&as=32x32,48x48,72x72,108x108,160x160,240x240,360x360,480x480,540x540,640x640,720x720,1080x1080,1280x1280,1440x1440,1500x1500&from=bu&cs=1500x0",Крупный план руки с длинными ногтями розового цвета; на одном ногте небольшой черный рисунок (возможно сердце). Фон выглядит как бытовая внутренняя обстановка (белая поверхность/решетка вентиляции).,"показать маникюр, крупный план ногтей",False
"https://sun9-44.userapi.com/s/v1/ig2/rqIuNUwW31DEcGcQA4Bn3ctkI_oARJxF4IMnjOIrrhMf6Q470jT2HVcMRuhjFSf-18QG-jWpkmQg3gbwZIkACj1f.jpg?quality=95&as=32x43,48x64,72x96,108x144,160x213,240x320,360x480,480x640,540x720,640x853,720x960,1080x1440,1280x1707,1440x1920,1920x2560&from=bu&cs=1920x0","Женщина в бежевой пуховике с меховым капюшоном стоит на улице в снегу, позирует перед камерой; вокруг кирпичная стена и металлическая лестница.",показать одежду,False
"https://sun9-80.userapi.com/s/v1/ig1/MkH3QdCeQbtQ95hJ54g_Y5o9ExTUM3n2CsKS89eJL2OkCBXC_LiUfpQ_WUTefiQOqVKMc-FV.jpg?quality=96&as=32x32,48x48,72x72,108x108,160x160,240x240,360x360,480x480,540x540,640x640,720x720,1080x1080,1280x1280,1440x1440,2048x2048&from=bu&cs=2048x0",Крупный план: левая рука с большим кольцом на пальце; справа на синей подставке — набор украшений (серьги) на белой подложке.,показать украшения,False
"https://sun9-1.userapi.com/s/v1/ig2/gJjPx0OXK7FFh3Ck-hKpTueb87MKTWKvyDpxk0vRTvncRke7iEZoxgrxYkMh6ijQH3CFeDcX6KAJhUpU3nR8xUv9.jpg?quality=96&as=32x43,48x64,72x96,108x144,160x213,240x320,360x480,480x640,540x721,640x854,720x961,990x1321&from=bu&cs=990x0","Белая медицинская кушетка/кресло в кабинете: белые поверхности, подлокотники и подголовник, кресло на колесах; слева окно с вертикальными жалюзи, светлые пол и стены.",показать медицинское кресло в кабинете,False
"https://sun9-46.userapi.com/s/v1/ig2/cZmLIxgAXbEbYF1pYpxJcI8I_Opop6r62y8OHQ6L6WbaMDBtPm8bvluN-7yK4HBtKYM8BxjnxVL4rSN-IbTJ1YHF.jpg?quality=96&as=32x43,48x64,72x96,108x144,160x213,240x320,360x480,480x640,540x720,640x853,720x960,1080x1440,1218x1624&from=bu&cs=1218x0","Несколько свечей на деревянном столе в помещении; тёплый свет, гирлянда на заднем плане, ветви зелени рядом",показать интерьерную сцену со свечами,False
"https://sun9-41.userapi.com/s/v1/ig2/daK6dvAoIWipIc-HGLIGzm3PlYeqPWnlvT3qgRzZMcOktlMjThRblAt3qsOhAsp18ILEBrw5Lx8yyDFR1u-br_wH.jpg?quality=96&as=32x43,48x64,72x96,108x144,160x213,240x320,360x480,480x640,540x720,640x853,720x960,1080x1440,1280x1707,1440x1920,1620x2160&from=bu&cs=1620x0","Пол в торговом зале магазина, человек держит черную сумку перед собой перед зеркалом; видны витрины, ценники и стойки.",показать сумку как товар,False
"https://sun9-74.userapi.com/s/v1/ig2/OzMO5cBcMCKicJcKAVJ1b7mXJapeIX6IZeyPUMG6gjZI4J1H7rbSK3GTizdaKcswe729YIq0Ri9lokSQYaeTHHa9.jpg?quality=95&as=32x57,48x85,72x128,108x192,160x284,240x427,360x640,480x853,540x960,640x1138,720x1280,1080x1920,1280x2276,1440x2560&from=bu&cs=1440x0","Крупный план руки с ярко-оранжевым маникюром; ногти блестящие, фон размытый",показать маникюр,False
"https://sun9-36.userapi.com/s/v1/ig1/oLzaqqBrqwQWuTUCh0pKcWa2UOk-6B5PQ9ZVYmONSfjJ3V8dqMkevNxR2BlIO5paSolV0BSe.jpg?quality=96&as=32x32,48x48,72x72,108x108,160x160,240x240,360x360,480x480,540x540,640x640,720x720,960x960&from=bu&cs=960x0",Открытый красный футляр для украшений на витрине магазина; внутри изделия с жемчужинами,показать ювелирное изделие,False
"https://sun9-18.userapi.com/s/v1/ig2/ETxU6jRA69qGAeXeEVL2G_MEDnZPzf5wM9Qrodl0_xNVE6SdXc2a2jOo2yTVNlYyII4dNOPmWyMhklFf9z8hh1qs.jpg?quality=95&as=32x43,48x64,72x96,108x144,160x214,240x321,360x481,480x642,540x722,640x855,720x962,1080x1444,1197x1600&from=bu&cs=1197x0","Человек в розовом костюме с длинными волосами позирует на улице; рядом висят красные фонари, неоновые вывески и кирпичная стена.",показать костюм,False
"https://sun9-65.userapi.com/s/v1/ig2/zfXiI1MAdA8V-6JG2Vh30sSCbr6KxUy0bwu9V4waIZLllRIKCkpJxbWHYvHGztla3K07VQR5mtpg9qyzcG9-LLt_.jpg?quality=96&as=32x43,48x64,72x96,108x144,160x213,240x320,360x480,480x640,540x720,640x853,720x960,1080x1440,1104x1472&from=bu&cs=1104x0","Человек у окна в помещении, смотрит в сторону улицы; за окном городской пейзаж с домами","показать человека в помещении у окна, портретная съемка",False
"https://sun9-23.userapi.com/s/v1/ig1/45pqi83HKD3koM7IsyuHT8jw9BKciLuLBYHmkOJ3SG87fVCqracw4x1wI18Tu3MkrbCqSOB8.jpg?quality=96&as=32x32,48x48,72x72,108x108,160x160,240x240,360x360,480x480,540x540,640x640,720x720,1080x1080,1280x1280,1440x1440,1500x1500&from=bu&cs=1500x0","Крупный план ногтей на руках: розовый маникюр на нескольких ногтях и серебристый блестящий дизайн на остальных, поверхность из белого мрамора",показать дизайн ногтей,False
"https://sun9-65.userapi.com/s/v1/ig2/P1ct2nAf2vsYHGHToAv8JrS6PPI1xT6TYzipwCpJHQg_-n8AAEcNRYPDvNoQWIE-Hd2F1EPNtwJ2cRGcHpgLWusm.jpg?quality=96&as=32x43,48x64,72x96,108x144,160x214,240x320,360x481,480x641,540x721,640x855,720x961,1080x1442,1280x1709,1342x1792&from=bu&cs=1342x0","Два человека в пуховиках позируют у кирпичной стены на улице: слева светло-бежевый пуховик с поясом, справа темно-серый пуховик с капюшоном. Видны части брюк с принтами.",показать одежду,False
"https://sun9-69.userapi.com/s/v1/ig1/UCwFBqvPrvo15DyVrCI2N3M1ATIkwnaKgrZjJBY-uNkGfD85G38TMP-5JD2SmpjPtwlMQ0-V.jpg?quality=96&as=32x32,48x48,72x72,108x108,160x160,240x240,360x360,480x480,540x540,640x640,718x718&from=bu&cs=718x0","ночное небо с множеством звёзд и полумесяцем, линия горизонта с силуэтами деревьев; ярко-фиолетово-розовый градиент на небе",показать ночной пейзаж,False
"https://sun9-77.userapi.com/s/v1/ig2/ReAVvFp6ZmJfJ4HsSNdUjOniOB9qWwLM8lVYbnrlEIpsakW3_tTOJufcXstk9QVVPsmZWdq9i7VijH9DL1XYd3E5.jpg?quality=95&as=32x43,48x64,72x96,108x144,160x213,240x320,360x480,480x640,540x720,640x853,720x960,1080x1440,1280x1707,1440x1920,1920x2560&from=bu&cs=1920x0","Женщина в салоне красоты, боковой профиль, ухоженные волосы, вокруг кресло и зеркало",показать прическу,False
"https://sun9-59.userapi.com/s/v1/ig2/on_po8iTbcONxUYG1BCq__ccqNPt6CkQZWvB_N3o3NuUcuknVxup1p22Ja3X-nzBWWxWASGtcWsiHnwa05eUduZB.jpg?quality=95&as=32x43,48x64,72x96,108x144,160x213,240x320,360x480,480x640,540x720,640x853,720x960,1080x1440,1280x1707,1398x1864&from=bu&cs=1398x0","Девушка в фиолетовом топе и белых широких брюках делает селфи в помещении: держит телефон перед лицом, позирует перед светлой стеной; в руках маленькая фиолетовая сумка; слева в кадре растение на подпоре, на полу — нейтральный пол и интерьер.",сделать селфи,False
"https://sun9-83.userapi.com/s/v1/ig2/5XEX5kxNYy_zNEFQLrPSlLUyjVLVFo_Amo_Qq09mDGBWxT5VkdzMuCGZjC_PoGdZnIU2-uOQ_YDm1i-j7Zq-BN06.jpg?quality=95&as=32x43,48x64,72x96,108x144,160x213,240x320,360x480,480x640,540x720,640x853,720x960,1080x1440,1280x1707,1440x1920,1920x2560&from=bu&cs=1920x0","Человек на переднем плане в помещении ночного клуба; неоновые фиолетовые огни, дым/пар выходит изо рта, видна часть лица слева",показать человека в клубной атмосфере,False
"https://sun9-83.userapi.com/s/v1/if1/guogJFnnI8QDsWfJsXxOrDsj8VKEp8wfuQos_gjtPi_xi8zGVXLKxbN-3B30Jgp5huwdK5XB.jpg?quality=96&as=32x18,48x27,72x40,108x60,160x89,240x134,360x201,480x268,540x302,640x357,720x402,1024x572&from=bu&cs=1024x0","Пустое помещение: деревянный пол, большие окна вдоль одной стены, через которые падает дневной свет; по правой стене встроенные шкафы; потолок с плиточными панелями и светильниками.",показать интерьер пустого помещения,False
"https://sun9-47.userapi.com/s/v1/ig2/E3WgwHf5zUeGMdqvkYbmFjUWh2Kl_jOrJJo6rL1qBfJTzbe8N_xyCwMx9Ya081NZamEKtplMFNfMzncTy-H2G7KN.jpg?quality=95&as=32x38,48x57,72x85,108x128,160x190,240x284,360x427,480x569,540x640,640x759,720x853,1080x1280,1280x1517,1350x1600&from=bu&cs=1350x0",Девушка в розовом пальто и шляпе позирует у кирпичной стены с окном на улице,показать одежду и образ человека на улице,False
"https://sun9-6.userapi.com/s/v1/ig2/bhxjNj31VtsufatEmja-prEBC1WrAmAf6uFmbsYA-AgsTmDksAVC7tvZJYxmJ3_CkqZWM4btxQmRvtRNHDFzEB7y.jpg?quality=95&as=32x43,48x64,72x96,108x144,160x213,240x320,360x480,480x640,540x720,640x853,720x960,1080x1440,1280x1707,1440x1920&from=bu&cs=1440x0","Силуэт человека в куртке стоит спиной к камере на улице ночью, возле входа и ограждения; на заднем плане висят красные фонари и огни, слева видны здания с окнами.",задокументировать городскую сцену,False
"https://sun9-26.userapi.com/s/v1/ig2/ytkM7JAQgU6wtg4H-aKmLLWNtKZGuuo7_QUD7apQlBnNe7nYHCYiPkheB6CW-Deg0AGUD_m7OZ7M81JDnXmef_Xm.jpg?quality=96&as=32x43,48x64,72x96,108x144,160x213,240x320,360x480,480x640,540x720,640x853,720x960,1080x1440,1104x1472&from=bu&cs=1104x0","Портрет женщины крупным планом: лицо в фокусе, руки размещены у лица, нейтральный серый фон",портретная съемка лица,False
"https://sun9-17.userapi.com/s/v1/ig2/IUTgeMkhIf2eNh_hfeBrnDO6Ls9O7S5ER7YNLvIN4YgGo57Dgt9no_hutyvRHZxBZvnv_TaGK-r0tAiPCW1AkqOP.jpg?quality=96&as=32x43,48x64,72x96,108x144,160x213,240x320,360x480,480x640,540x720,640x853,720x960,1080x1440,1280x1707,1440x1920,1620x2160&from=bu&cs=1620x0","Группа людей в помещении вокруг длинного стола: на переднем плане мужчина держит тарелку с куском выпечки, перед ним лежит большая прямоугольная выпечка на противне; люди стоят и заняты раздачей/подачей блюда.",показать еду,False
"https://sun9-16.userapi.com/s/v1/ig1/GT5N1QhzTP5kXUC6esBAdoDVaUVpSz5xYZrjNLkjIs4FBtoYfKKM8GEXpzBOO2MQMeU4k2iV.jpg?quality=96&as=32x40,48x60,72x90,108x135,160x200,240x300,360x449,480x599,540x674,640x799&from=bu&cs=640x0",Плакат на стене с расписанием работы мастера депиляции и ламинирования ресниц,показать график работы мастера депиляции и ламинирования ресниц,False
"https://sun9-77.userapi.com/s/v1/ig2/2oRh-vbsqlhwNmkHuU50-NpPTqkGbWEQ_96lp49TpNjuNePKL2WnfYnrHxh7YBKFO_diUZXXXepM4xvp2-_vEzBk.jpg?quality=96&as=32x43,48x64,72x96,108x144,160x214,240x320,360x481,480x641,540x721,640x855,720x961,1080x1442,1280x1709,1342x1792&from=bu&cs=1342x0",Женщина позирует у белой кирпичной стены на улице в клетчатом пальто и голубых широких брюках.,показать одежду,False
"https://sun9-42.userapi.com/s/v1/ig1/GrKaCJWmzhkvpDIGgiz8Rlvz2mUEGSYXmDiQPDUC0_GNqvPu40sA0TzxoC2klaBtO8GmX3vO.jpg?quality=96&as=32x43,48x64,72x96,108x144,160x213,240x320,360x480,480x640&from=bu&cs=480x0","Крупный план лица женщины с светлыми волосами и красной помадой, в жёлтой куртке.",сделать селфи,False
"https://sun9-32.userapi.com/s/v1/ig1/atywD3vXPI36yIQ6lzVKd6kihr1o_4DWNOscRJaWUNg0NrAUkFaYj-WYykbAJdqgH3BsMXfF.jpg?quality=96&as=32x43,48x64,72x96,108x144,160x213,240x320,360x480,480x640,540x720,640x853,720x960,1080x1440,1280x1707,1440x1920,1620x2160&from=bu&cs=1620x0","Человек в магазине одежды снимает себя в зеркале; видна черная сумка в руке, светлая кофта, серая юбка и черные ботинки; вокруг — пол и витрины с одеждой.",сделать селфи,False
"https://sun9-15.userapi.com/s/v1/ig2/g06BUkZSHIypFVlxwRduLGMWGtGzHjJNVRUGSyq2Rgr-ADnD2ZTDl1M2w9r0mRbgj9f_FhxIg38ZFqU_dZ_S9osR.jpg?quality=95&as=32x43,48x64,72x96,108x144,160x213,240x320,360x480,480x640,540x720,640x853,720x960,1080x1440,1200x1600&from=bu&cs=1200x0","Интерьер ресторана: посетители сидят за столами, красные стены, яркие висящие баннеры с японскими надписью, мягкое потолочное освещение.",показать интерьер ресторана с посетителями,False
"https://sun9-23.userapi.com/s/v1/ig2/OsIwB1ic2Tdfl4GlQmxFq-dJj1WQIGh3yxGvAC3cEJPCTZOpz4_5NEKTC1iC5AKTtuQNd1L7aDiFoVfT5la2A8t3.jpg?quality=95&as=32x43,48x64,72x96,108x144,160x213,240x320,360x480,480x640,540x720,640x853,720x960,1080x1440,1280x1707,1344x1792&from=bu&cs=1344x0","Женщина в черной водолазке и зелёной юбке с высоким разрезом позирует внутри помещения; держит черную сумку, рядом декоративная сухая трава",показать одежду,False
"https://sun9-37.userapi.com/s/v1/ig1/hABRG5hMvFVvfjJmMCCcHvrbOyeKtGANhHRsFase8ARY7p5g6U7IcbnLn1e_wmHE0Inr79nH.jpg?quality=96&as=32x57,48x85,72x128,108x192,160x285,240x427,360x641,480x854,540x961,640x1139,720x1282,728x1296&from=bu&cs=728x0",Золотые серьги с бриллиантами на белой подставке в витрине магазина,показать товар,False
"https://sun9-29.userapi.com/s/v1/ig1/pfW86YLq5SJY0rbo-iDvlvVmAb3Ic_8qaZQQSGrB5V5gAP18ft4iTQPK4ZWu7UrxkRzHUw.jpg?quality=96&as=32x32,48x48,72x72,108x108,160x160,240x240,360x360,480x480,540x540,640x640,720x720,960x960&from=bu&cs=960x0","Два человека сидят на синих креслах в аудитории; слева молодой человек в светлой кофте и джинсах, справа человек в темном костюме и очках; потолок усыпан яркими квадратными светильниками, в зале видны ряды кресел",показать группу людей в аудитории,False
"https://sun9-64.userapi.com/s/v1/if1/2a7SQKU3R_s-I8-TQwKu2SSKYbduM9ReRMVi8UneLnsyrlzuEq1dR8ENnUMAYyINUkJrnUwD.jpg?quality=96&as=32x24,48x36,72x54,108x81,160x120,240x180,360x270,480x360,540x405,640x480,720x540,1080x810,1280x960&from=bu&cs=1280x0",Яркая абстрактная картина собаки в ярких цветах в деревянной рамке,показать картину,False
"https://sun9-79.userapi.com/s/v1/ig2/ooFBAzxuydfP28P9sAYtrwOznUpd-KnG9L9jxGBipeNQJC1jVaBR9KVNpBTJ-AUoMs6o6p1t3WaKLtLlEZJVPcSl.jpg?quality=95&as=32x50,48x75,72x112,108x168,160x249,240x373,360x559,480x746,540x839,640x994,720x1118,1030x1600&from=bu&cs=1030x0",Женщина в зимнем пальто и шапке сидит на снегу на улице возле гирлянд.,показать портрет женщины на зимней улице,False
"https://sun9-78.userapi.com/s/v1/if1/OHWB8553xdN_dPLJFkLOYQtfcNt6dQacWmDZ65nixLY21cy6CYaGfdILCrUpyPKfAZusXL28.jpg?quality=96&as=32x27,48x40,72x60,108x90,160x134,240x201,360x301,480x402,540x452,640x536,720x603,960x804&from=bu&cs=960x0","Человек в купальнике идёт по берегу к воде, вид сзади; море, песок и голубое небо с облаками.","показать человека на пляже, идущего к воде",False
"https://sun9-53.userapi.com/s/v1/ig2/qi6RStQfEENYQEIfpV5MtnZVedv-aN25BLpdKkURB1a3I_D0mdLEL_m9Dwgy1uWc_MdaASANxnT7sHUtpT9m7Q7S.jpg?quality=95&as=32x32,48x48,72x72,108x108,160x160,240x240,360x360,480x480,540x540,640x640,720x720,1080x1080,1280x1280,1440x1440,2560x2560&from=bu&cs=2560x0",Задняя часть головы женщины с длинными светлыми волосами в салоне красоты; на фоне зеркала и стульев.,показать прическу и укладку волос в салоне,False
"https://sun9-59.userapi.com/s/v1/ig2/afhcKzhsoJdQHxOfVG1s7I4BXiBvWQEQtWMTy-sLVq-9d4B2M_hIdQccfVJjjx32_TsXf_a6NlFFGvQgVWgF27L1.jpg?quality=96&as=32x43,48x64,72x96,108x144,160x213,240x320,360x480,480x640,540x720,640x853,720x960,1080x1440,1280x1707,1434x1912&from=bu&cs=1434x0","Женщина в темно-синей блузке с цветочным принтом улыбается на фоне светло-серой стены, крупный портрет.",портретная съемка,False
"https://sun9-86.userapi.com/s/v1/if2/FuiQbtjtQQGO1_ug3z-AQPjFRqvZXw0tyyShca33ZvhXRNDCb2Ql9ryDmDMRqLi2fBM1SdEVum4wXfRs4cQ0TW_R.jpg?quality=95&as=32x18,48x27,72x40,108x61,160x90,240x135,360x202,480x270,540x304,640x360,720x405,1080x607,1280x720,1440x810,1600x900&from=bu&cs=1600x0",Человек сидит на красной деревянной качели внутри кирпичного помещения; над качелями висят красные баннеры с японскими надписями; в заднем плане окно с голубым светом,показать интерьер с качелями и человеком на качелях внутри помещения,False
"https://sun9-4.userapi.com/s/v1/ig2/sxEJ0uqB-A7oumUj2uKL5ueTiV16afyN0FY3p5sUjlyOVv_ccrZlqXHRaZOugLcw8gG_PGrONGP1Zj_8J8Wh17NE.jpg?quality=95&as=32x43,48x64,72x96,108x144,160x213,240x320,360x479,480x639,540x719,640x852,720x959,1080x1438,1280x1705,1440x1918,1922x2560&from=bu&cs=1922x0","Внутренний зал с красными креслами, колоннами и декоративной сценой на переднем плане; рядом сидят люди.",показать интерьер зала с сидящими людьми,False
"https://sun9-78.userapi.com/s/v1/ig2/ZPcK9GS00Seq3rqNuGn3ZESYhknawx489ZaHNn4NCRIXdenlV9UOXRAmoqcOk50lHhsbjuE60S5oUxcG2KBcotgh.jpg?quality=96&as=32x43,48x64,72x96,108x144,160x213,240x320,360x480,480x640,540x720,640x853,720x960,1080x1440,1280x1707,1344x1792&from=bu&cs=1344x0","Женщина позирует внутри помещения в зелёном платье в горошек, видна левая нога, поза расслабленная",показать наряд,False
"https://sun9-50.userapi.com/s/v1/ig1/1rT7AraiUpfxo_GQeIfwcRFU66Eg4wqMGXWr1sb7xDRg9tFtbi9N34bZb4hvzGJMmpzzcZSq.jpg?quality=96&as=32x57,48x85,72x128,108x192,160x285,240x427,360x641,480x854,540x961,640x1139,720x1282,728x1296&from=bu&cs=728x0","Ювелирное кольцо с пурпурным камнем на подставке, размещённое на белой коробке на столе внутри магазина; фон размыт, присутствуют элементы витрины и упаковочные материалы.",показать ювелирное изделие,False
"https://sun9-60.userapi.com/s/v1/ig2/LWKJbk0XBZoJUz0ooe68JJncWEcvxWhEvFi_iIGKMSzrj7mpTvFavIM52mHsaKYrXbbcnULYs1uazM1mCRdV_s1Q.jpg?quality=95&as=32x43,48x64,72x96,108x144,160x214,240x321,360x481,480x642,540x722,640x855,720x962,1080x1444,1197x1600&from=bu&cs=1197x0",Девушка в розовом пальто и военной кепке позирует у кирпичной стены на улице.,показать костюм/одежду,False
"https://sun9-45.userapi.com/s/v1/ig2/_BtGHxcEbM8A7EydGXPYgOFEkYzzzB66h3FZOcu2cTxpvfd2Vf4gB3U8TZ6I1KsfZmMGDsyzBtCQM7JM6eCsdSVA.jpg?quality=95&as=32x43,48x64,72x96,108x144,160x213,240x320,360x480,480x640,540x720,640x853,720x960,1080x1440,1280x1707,1440x1920,1920x2560&from=bu&cs=1920x0",Улыбающаяся женщина в бежевом плаще в помещении с кирпичными стенами и гирляндой над головой; на заднем плане размытые люди,портрет человека,False
"https://sun9-78.userapi.com/s/v1/if2/LwictXLEPGbYumz8ng2rM-2Y_d20aT-_ogCZ4MIrB-X0es233fjj5s4ZgNuKqHtoSIURy67VTc7ZFtHTjbHjIO--.jpg?quality=95&as=32x24,48x36,72x54,108x82,160x121,240x182,360x272,480x363,540x409,640x484,720x545,1080x817,1280x969,1440x1090,1600x1211&from=bu&cs=1600x0",Женщина в темном пальто сидит на красной железной лестнице внутри помещения; вокруг теплое освещение с гирляндами.,портрет человека на лестнице,False
"https://sun9-11.userapi.com/s/v1/ig1/OqD8DZTLLyQPFZiEEHAXOtDqqrXNwSJHowYkXRrmVsE_a38eQpjBs7uiaUZNGYP0i6Usrt9L.jpg?quality=96&as=32x43,48x64,72x96,108x144,160x213,240x320,360x480,480x640&from=bu&cs=480x0","На длинных столах в помещении расставлены голубые пластиковые пакеты и черные мусорные мешки, на переднем столе лежит белая крышка от контейнера.",показать мусор и упаковку на столах внутри помещения,False
"https://sun9-77.userapi.com/s/v1/ig1/XYmi2b5SQPoheVi_AG5yDy7b6Yt0yBL2sWGXpoL58p9y7M3aoOwtOCuOHDGJDIebd_p82G0Y.jpg?quality=96&as=32x43,48x64,72x96,108x144,160x213,240x320,360x480,480x640&from=bu&cs=480x0","Группа мужчин в белых талитах вокруг деревянного ковчега/шкафа внутри синагоги; видна деревянная ограда-перила, тёплое освещение и потолочные панели.",задокументировать молитвенную сцену,False
"https://sun9-27.userapi.com/s/v1/ig2/5VHztNHDI90h1LarEFSb6tpO8PHLK36DkocqgcQPDpACZWj22YqSTYPILntYzMMhojZtSqwcNUy_zlMtFriFPKDQ.jpg?quality=95&as=32x43,48x64,72x96,108x144,160x213,240x320,360x480,480x640,540x720,640x853,720x960,1080x1440,1280x1707,1440x1920&from=bu&cs=1440x0","Улица с ярмаркой: палатки по обеим сторонам, гирлянды и лампочные фонари над тротуаром, люди ходят между столами и прилавками; здания слева и справа.",задокументировать уличную ярмарку,False
"https://sun9-79.userapi.com/s/v1/ig2/Va1GyD9TR2UYnKE9syDSeJrTFJVC2deMOUywJUCpRzDQ0CllrF9Wke7u4xfRHTi6tLbHIM5ISWIx_bnvB4KSz6Tj.jpg?quality=95&as=32x43,48x64,72x96,108x144,160x213,240x320,360x480,480x640,540x720,640x853,720x960,1080x1440,1280x1707,1398x1864&from=bu&cs=1398x0","Женщина позирует внутри комнаты: в джинсовой куртке и серых широких брюках, держит белую сумку; на фоне белая стена и зелёное растение слева",показать одежду,False
"https://sun9-71.userapi.com/s/v1/ig2/6znylWdL95QAsuxT5kbKDluDVBiQzYOYBU_r4P1qab1gmD_l74dMP-Q0Vmhtj8DcKUlEDTiD1aK0bYI6Y-_czUPk.jpg?quality=95&as=32x43,48x64,72x96,108x144,160x213,240x320,360x480,480x640,540x720,640x853,720x960,1080x1440,1280x1707,1440x1920,1920x2560&from=bu&cs=1920x0","Женщина в бежевом утепленном пуховике с меховой капюшоном на зимней улице; вокруг снег, кирпичная стена, лестница и забор.",показать одежду,False
"https://sun9-31.userapi.com/s/v1/ig1/zMqfp0jk9PaFe_ymAIDn7o6HrDI3EL1-hf0uyiGl3yxJWCY0ZryrfHCCZB0NOmKJdbqZE5hT.jpg?quality=96&as=32x43,48x64,72x96,108x144,160x213,240x320,360x480,480x640&from=bu&cs=480x0",Много кусочков арбуза в белой миске на столе,показать еду,False
"https://sun9-50.userapi.com/s/v1/ig2/EI85ExOQXgaUaEVayTMj5wYg7d_nTa61TBX2AYDFZ6wvwk4VXm3hl7FQKbqTM-1Hl1hRPa3YJK-6LiutllxSxprD.jpg?quality=95&as=32x43,48x64,72x96,108x144,160x213,240x320,360x480,480x640,540x720,640x853,720x960,1080x1440,1280x1707,1344x1792&from=bu&cs=1344x0","Человек в чёрном платье с перьёвым декором на верхней части наряда, виден торс и руки, позирует в светлом помещении",показать одежду,False
"https://sun9-7.userapi.com/s/v1/ig2/6pO_Ge_hjXL-QmbbAVHOpLGUWJIE90NqWo9IQBxma1YLyLtQxSz5EpEgYaxRXKwGrSKR7PJk2AlLLmMgHBsHBD9M.jpg?quality=95&as=32x50,48x76,72x113,108x170,160x252,240x378,360x567,480x757,540x851,640x1009,720x1135,1080x1702,1218x1920&from=bu&cs=1218x0","Женщина в черном топе и белых брюках стоит внутри салона красоты, держит розовый шар и золотую звезду; на желтой стене видна надпись «центр красоты» и множество воздушных шаров.",показать человека с шарами в интерьере салона красоты,False
"https://sun9-11.userapi.com/s/v1/ig2/Tq2oB9mPSwtMAWRWQtmMOHQE2uQAfgrC7jH54KAlA4OhqCNimP81Vs29ujiQ77yr8aO17mZ4Qc9UjfBfYIYNQuIx.jpg?quality=95&as=32x43,48x64,72x96,108x144,160x213,240x320,360x480,480x640,540x720,640x853,720x960,1080x1440,1280x1707,1440x1920,1920x2560&from=bu&cs=1920x0",Женщина в черном пуховике на снегу на улице; фон — городская улица с магазинами и украшениями.,показать одежду,False
"https://sun9-59.userapi.com/s/v1/ig2/E2zTSPlJmTwajI3mXuf5sZEd5livUL8atQ5HzN7v2e9LrZBte_aL9fL8FYOAdRSd52uNmimlVBhzonimoHxYS8hC.jpg?quality=95&as=32x43,48x64,72x96,108x144,160x214,240x321,360x481,480x642,540x722,640x855,720x962,1080x1444,1197x1600&from=bu&cs=1197x0","Женщина в тёмной толстовке и кепке сидит на красных ступенях во дворе города; вокруг висят гирлянды, видны кирпичные стены, столик и стулья; на ступенях лежит чёрная сумка.",показать одежду,False
"https://sun9-61.userapi.com/s/v1/ig2/H2LSoZazIegyHltUF4cWRAH3C0SWj8TQjl8ojrJuJPfm7wqVM_bdcGjgBVf-5fvrzcGDc8xBFUOjS9CfQHsMS3h7.jpg?quality=96&as=32x43,48x64,72x96,108x144,160x213,240x320,360x480,480x640,540x720,640x853,720x960,1080x1440,1280x1707,1440x1920,1620x2160&from=bu&cs=1620x0","Полуобзор человека в помещении магазина; держит черный рюкзак перед собой, в кадре видны пол и витрина, на зеркале рядом написано ""Рюкзак - 2350 ₽""",показать рюкзак,False
"https://sun9-58.userapi.com/s/v1/ig1/Jb3POBZuBm7AfE1J_bqocjPgr2KKpYjuaYMTrdvCMG7PUhC03rPSdRIrEOtZAQYq-1wSO72-.jpg?quality=96&as=32x43,48x64,72x96,108x144,160x213,240x320,360x480,480x640,540x720,640x853,720x960,1080x1440,1280x1707,1440x1920,1620x2160&from=bu&cs=1620x0","Женщина в магазине делает селфи в полном зеркале, держит красно-коричневую сумку, на фоне витрины с одеждой и светлого пола.",сделать селфи,False
"https://sun9-6.userapi.com/s/v1/if2/O4CLs3qy4zZbzaVwd_Hq2E_Wtp9qUhpdiIKKNCzAZNvZZTJ2uqxySDhUl5pmuFgt_DY7rk9YpleiJUd3KdDQcP6N.jpg?quality=96&as=32x24,48x36,72x54,108x81,160x120,240x180,360x270,480x360,540x405,640x480,720x540,1080x810,1280x960,1440x1080,2560x1920&from=bu&cs=2560x0","Внутри магазина одежды: витрины и полки с рубашками и галстуками, два желтых кубических пуфика на белой плитке.",показать одежду,False
"https://sun9-38.userapi.com/s/v1/ig2/SHy3UtjnWKSM5jzuQNZ--QaHGQEm5RhWLSaCWvtuiPFlktkpIlrOYth4pm44pybTq25vFg8XyEjHhbRpQegvL9mE.jpg?quality=95&as=32x43,48x64,72x96,108x144,160x213,240x320,360x480,480x640,540x720,640x853,720x960,1080x1440,1266x1688&from=bu&cs=1266x0",Рука с кольцом добавляет ингредиент в миску с оранжевым супом на красном столе; фон размытый.,показать блюдо,False
"https://sun9-38.userapi.com/s/v1/ig2/8yTGGeHuq_qK_G8R-wlg2-TRfnG630xnEWaMaKo_eSw5rsEDXn7l19B7tWZBaHWQPIr2_ZI4F1CgHnKTcMfLMesP.jpg?quality=95&as=32x57,48x85,72x128,108x192,160x284,240x427,360x640,480x853,540x960,640x1138,720x1280,828x1472&from=bu&cs=828x0",Женщина в светлом деловом костюме сидит на деревянной скамейке под крытой беседкой на улице; вокруг висят ярко красные подвесные сердца и зелень.,показать одежду,False
"https://sun9-72.userapi.com/s/v1/ig2/JzKZOANZUZAWTEJD0BVPt9GtWEmnRI8_80hOktZ5txjr-P-gZacobuRTXQvG8VRQfTGgtvG_vCyHPeYzrszI2y2E.jpg?quality=95&as=32x43,48x64,72x96,108x144,160x213,240x320,360x480,480x640,540x720,640x853,720x960,1080x1440,1280x1707,1440x1920,1920x2560&from=bu&cs=1920x0","Женщина с рыжеватыми волосами позирует перед стеной с граффити; стена частично облуплена, зелёная рама вокруг рисунка.",портрет человека на фоне граффити,False
"https://sun9-25.userapi.com/s/v1/ig2/4OgCCTnriz78Yat5wYzYRv-Hq7_rF_CmSKqHahPCQacaFqJ6eLvX7dC5k6XmfGlDQbA8PBV7Or5fbyHQ300QaJcj.jpg?quality=96&as=32x43,48x64,72x96,108x144,160x213,240x320,360x480,480x640,540x720,640x853,720x960,1080x1440,1280x1707,1440x1920,1620x2160&from=bu&cs=1620x0",Стойка с монитором на верхушке и бело-черное устройство/гарнитуры на подставке в помещении галереи; на стене вокруг расположены маленькие фотографии.,показать экспонат технологического устройства на выставке,False
"https://sun9-57.userapi.com/s/v1/ig2/JvIe56N9E64XRISrJ2FNXUb3MdHwzkUh-8A_LlNWdZdFrgu1196hWnsWG6v-Vq5aSpSqoCfWBk6JI8b_gsWK2yeK.jpg?quality=95&as=32x43,48x64,72x96,108x144,160x213,240x320,360x480,480x640,540x720,640x853,720x960,1080x1440,1280x1707,1440x1920,1920x2560&from=bu&cs=1920x0","Группа из четырех человек стоит у длинного стола в помещении с кирпичными стенами и большими окнами; вокруг красные кресла, один человек держит журнал/папку",сделать групповую фотографию,False
"https://sun9-67.userapi.com/s/v1/ig2/hLqjPXPK6j9FPiulL9--hlhBz2qXt1GcWTe8HXbPbG1Q2gQ89Wo0AqubZr5jehEtaWkKP5MnqTOU9UP9nLP3nY63.jpg?quality=95&as=32x43,48x64,72x96,108x144,160x213,240x320,360x480,480x640,540x720,640x853,720x960,1080x1440,1104x1472&from=bu&cs=1104x0","Двое людей (пожилая женщина и ребёнок) стоят на узкой городской улице под подвешенными красными китайскими фонарями. По сторонам — кирпичные здания и лавки, видны вывески.",показать группу людей на улице под яркими фонарями,False
"https://sun9-70.userapi.com/s/v1/ig2/J0T9KXW6i8C7Hchz0orA8pj2PkSpyrJQnMph7ESmjWqAsV9Dw0DePXgl295W4ej6YxDju8HKqXINwuS_i-d05n5W.jpg?quality=95&as=32x43,48x64,72x96,108x144,160x214,240x321,360x481,480x642,540x722,640x855,720x962,1080x1444,1197x1600&from=bu&cs=1197x0",Женщина в розовой униформе с кепкой позирует перед белой кирпичной стеной и яркими красными неоновыми вывесками.,портрет человека в униформе на фоне неоновой вывески,False
"https://sun9-64.userapi.com/s/v1/ig2/4O6RJLY-mn-YzJm7bM83o1LJ50RiviSoI2Ler_iIURggRGBBvfsJN5-hbTZ44_UxKJ1QUC2F-Nffe-HLceX9-Ifk.jpg?quality=95&as=32x57,48x85,72x128,108x192,160x284,240x427,360x640,480x853,540x960,640x1138,720x1280,900x1600&from=bu&cs=900x0","Яркий уличный мурал на стене, изображающий женщину в голубой одежде и красном платье; над сценой висят лампы. Перед стеной стоит человек в черной куртке.",задокументировать городскую сцену,False
"https://sun9-47.userapi.com/s/v1/ig2/rBSHKi-2S4ExAEDi7TkGYULkZH3CtLSB1EqwW2JLMMYBdRt76xKwAo2ig7RyFKQs6OZxuxOVBUN_CKC2DrAXkkxp.jpg?quality=95&as=32x43,48x64,72x96,108x144,160x213,240x320,360x480,480x640,540x720,640x853,720x960,1080x1440,1280x1707,1440x1920,1920x2560&from=bu&cs=1920x0",Пользователь в салоне красоты снят спиной. Главный объект — длинные светлые волосы на фоне интерьера салона с зеркалом и полками.,показать длинные светлые волосы клиента,False
"https://sun9-63.userapi.com/s/v1/ig2/19F20QzNPXyL6KYr7aPg6UIFtee3Tc2tQiYDqj5wF8nsnZAd_-Ne2t4AoquvV4Lt6qVdEW1z09mjhHQOeYJ3Tlzx.jpg?quality=95&as=32x32,48x48,72x72,108x108,160x160,240x240,360x360,480x480,540x540,640x640,720x720,1080x1080,1280x1280,1440x1440,1560x1560&from=bu&cs=1560x0","Стена внутри помещения с декоративным полотном, на котором изображены разноцветные буквы иврита; слева и справа деревянные двери; передний план — скамья.",показать интерьер и настенную декоративную работу,False
"https://sun9-30.userapi.com/s/v1/ig1/NPlY8sNUoqcoQKYmGvBHHwYiayWY8dUNo0PUX5eE77gELp1hmHyYUMp2yj9TzAk73SllKYOT.jpg?quality=96&as=32x32,48x48,72x72,108x108,160x160,240x240,360x360,480x480,540x540,640x640,720x720,1080x1080,1280x1280,1440x1440,2047x2047&from=bu&cs=2047x0",Человек в темной одежде сидит на перилах возле стеклянной стены с граффити.,задокументировать городскую сцену,False
"https://sun9-15.userapi.com/s/v1/ig1/pOyEo4L2fxPJNm7smj7UH0xXggyuj0DCcOUDsw3dnDZ1o1Rd1s1toVa1KCHQvYeJceKL-pKM.jpg?quality=96&as=32x43,48x64,72x96,108x144,160x213,240x320,360x480,480x640&from=bu&cs=480x0","Двое людей внутри помещения: один идёт к дверному проёму в светлой накидке/пледе с тёмными полосами, другой стоит у стены в светлой одежде и головном платке; рядом окно и растение, виден проход в соседнюю комнату",показать группу людей в помещении,False
"https://sun9-82.userapi.com/s/v1/ig2/k5PHNCC0VPIs4StGfdwA1SZqjkxGI1HM6mUxQiVvXHySK_NXgiVl6yJXja9v29TS3ncADI09rQOB0T-s-wWPFDTd.jpg?quality=95&as=32x71,48x107,72x160,108x240,160x356,240x533,360x800,480x1067,540x1200,640x1422,720x1600&from=bu&cs=720x0","ночная уличная сцена с висящими красными фонарями и гирляндами, вдоль улицы стоят здания, на земле снег",передать ночную уличную сцену с красными фонарями и гирляндами,False
"https://sun9-61.userapi.com/s/v1/ig2/xgx8uuuDX_-E0jZSpGybUjeqgxxfT6eNaXhfYemM8AOcS-b1_brmoNvl_rUEGrXA7xbDf1XW7irfEQ1bZtlFEP3M.jpg?quality=95&as=32x57,48x85,72x128,108x192,160x284,240x427,360x640,480x853,540x960,640x1138,720x1280,900x1600&from=bu&cs=900x0","Человек в черной куртке и шапке позирует на открытой металлической платформе с красными перилами; над головой висят гирлянды из лампочек, позади кирпичная стена, на земле снег",портретный снимок на улице,False
