{
"type": "FeatureCollection",
"name": "visible",
"crs": { "type": "name", "properties": { "name": "urn:ogc:def:crs:OGC:1.3:CRS84" } },
"features": [
{ "type": "Feature", "properties": { }, "geometry": { "type": "Polygon", "coordinates": [ [ [ 56.227819397124051, 58.004708511884232 ], [ 56.227785560081614, 58.004708306559721 ], [ 56.227785946872778, 58.004690344095614 ], [ 56.227718272823196, 58.004689933419883 ], [ 56.227719433295569, 58.004636046028089 ], [ 56.227753270269289, 58.004636251370016 ], [ 56.227754430686659, 58.004582363977313 ], [ 56.227788267610009, 58.004582569309818 ], [ 56.227789427972375, 58.004528681916227 ], [ 56.227823264845362, 58.004528887239324 ], [ 56.227824811920925, 58.004457037379872 ], [ 56.227723301506678, 58.004456421385321 ], [ 56.227723688325241, 58.004438458920752 ], [ 56.227622177966005, 58.004437842845661 ], [ 56.227622564834938, 58.004419880381491 ], [ 56.227588728066394, 58.004419675005273 ], [ 56.227588341180514, 58.004437637469316 ], [ 56.227554504395492, 58.004437432083954 ], [ 56.227553343684249, 58.004491319475356 ], [ 56.227519506848857, 58.004491114080594 ], [ 56.227518346082611, 58.00454500147108 ], [ 56.227484509196849, 58.004544796066895 ], [ 56.22748373531649, 58.004580720993339 ], [ 56.227517572236138, 58.004580926397821 ], [ 56.227516798387796, 58.004616851324343 ], [ 56.227550635341807, 58.004617056720122 ], [ 56.227550248433886, 58.004635019183468 ], [ 56.22758408540529, 58.004635224570379 ], [ 56.227583311621956, 58.004671149497156 ], [ 56.227617148627722, 58.004671354875349 ], [ 56.227616374876419, 58.004707279802219 ], [ 56.227650211916533, 58.0047074851717 ], [ 56.227649825057128, 58.004725447635195 ], [ 56.227615988000068, 58.004725242265543 ], [ 56.227614827368257, 58.004779129655269 ], [ 56.227513316047364, 58.004778513491104 ], [ 56.227513702975926, 58.004760551028326 ], [ 56.227378354622338, 58.004759729350738 ], [ 56.227377580629181, 58.004795654275057 ], [ 56.227479091995342, 58.004796270547615 ], [ 56.22747870504891, 58.004814233010144 ], [ 56.22761405361139, 58.004815054581513 ], [ 56.227613666732267, 58.004833017044525 ], [ 56.227715178209827, 58.004833633129017 ], [ 56.227714791381075, 58.004851595592427 ], [ 56.227748628558132, 58.004851800936073 ], [ 56.227750175802598, 58.004779951081566 ], [ 56.227784012912345, 58.004780156415649 ], [ 56.227785173289995, 58.004726269023784 ], [ 56.227819010349371, 58.004726474348452 ], [ 56.227819397124051, 58.004708511884232 ] ] ] } },
{ "type": "Feature", "properties": { }, "geometry": { "type": "Polygon", "coordinates": [ [ [ 56.227078234591445, 58.006123232453326 ], [ 56.22711207296328, 58.006123437969023 ], [ 56.227111685813085, 58.006141400426209 ], [ 56.227179362592032, 58.006141811430922 ], [ 56.227179749708334, 58.006123848973459 ], [ 56.227213588081547, 58.006124054462177 ], [ 56.22721397518044, 58.006106092004494 ], [ 56.22724781353719, 58.00610629748406 ], [ 56.227247426455236, 58.006124259941885 ], [ 56.227348941579081, 58.006124876327057 ], [ 56.227348554547504, 58.006142838785237 ], [ 56.227382392939987, 58.006143044229105 ], [ 56.227383553982477, 58.006089156853989 ], [ 56.227349715640827, 58.006088951410526 ], [ 56.227350102671011, 58.006070988952168 ], [ 56.227180911054454, 58.006069961600716 ], [ 56.227181298168901, 58.006051999143033 ], [ 56.226842915140018, 58.006049943766783 ], [ 56.226842527856114, 58.006067906223045 ], [ 56.226808689538835, 58.006067700635803 ], [ 56.226807914935733, 58.006103625547858 ], [ 56.226841753286912, 58.006103831135405 ], [ 56.226841366001615, 58.006121793591504 ], [ 56.226875204370195, 58.006121999170183 ], [ 56.226874817101383, 58.00613996162636 ], [ 56.226908655487378, 58.006140167196186 ], [ 56.226908268235043, 58.006158129652462 ], [ 56.226942106638447, 58.006158335213435 ], [ 56.226941719402603, 58.006176297669818 ], [ 56.227009396244689, 58.006176708765047 ], [ 56.227009783446647, 58.006158746308408 ], [ 56.227043621851443, 58.006158951842387 ], [ 56.227044009035993, 58.006140989385536 ], [ 56.227077847424304, 58.006141194910356 ], [ 56.227078234591445, 58.006123232453326 ] ] ] } },
{ "type": "Feature", "properties": { }, "geometry": { "type": "Polygon", "coordinates": [ [ [ 56.23010903519021, 58.006824266652529 ], [ 56.230007518020649, 58.006823652464341 ], [ 56.230007903730581, 58.006805689996852 ], [ 56.229906386616015, 58.006805075728124 ], [ 56.229906772376317, 58.006787113261026 ], [ 56.229805255316755, 58.006786498911737 ], [ 56.229805641127442, 58.006768536444994 ], [ 56.229670285122282, 58.006767717187238 ], [ 56.229670671000285, 58.006749754721035 ], [ 56.229569154052108, 58.006749140183672 ], [ 56.229569539980496, 58.006731177717811 ], [ 56.229501862051251, 58.00673076798153 ], [ 56.22950147608897, 58.006748730447114 ], [ 56.229467637108087, 58.006748525565335 ], [ 56.229466479167634, 58.006802412961257 ], [ 56.229534157231541, 58.006802822716658 ], [ 56.229533771284352, 58.006820785182164 ], [ 56.229669127485479, 58.006821604585561 ], [ 56.229668741605622, 58.006839567051578 ], [ 56.22977025881216, 58.0068401815101 ], [ 56.229769872982686, 58.00685814397648 ], [ 56.229871390244227, 58.006858758354461 ], [ 56.229871004465124, 58.006876720821211 ], [ 56.229972521781661, 58.006877335118645 ], [ 56.229972136052936, 58.006895297585778 ], [ 56.230073653424476, 58.006895911802651 ], [ 56.230073267746128, 58.006913874270133 ], [ 56.230174785172665, 58.006914488406487 ], [ 56.230174399544701, 58.006932450874373 ], [ 56.230242077865263, 58.006932860253897 ], [ 56.230243620238767, 58.006861010380945 ], [ 56.230209781146044, 58.006860805696249 ], [ 56.230210166755214, 58.006842843228021 ], [ 56.230108649530656, 58.006842229120366 ], [ 56.23010903519021, 58.006824266652529 ] ] ] } },
{ "type": "Feature", "properties": { }, "geometry": { "type": "Polygon", "coordinates": [ [ [ 56.233389889844091, 58.006915931695119 ], [ 56.233390273861176, 58.006897969213675 ], [ 56.233356434708639, 58.006897765365522 ], [ 56.233355666640122, 58.006933690328083 ], [ 56.233321827454162, 58.0069334864707 ], [ 56.233321443402261, 58.006951448951767 ], [ 56.233287604199816, 58.006951245085205 ], [ 56.233286067919849, 58.00702309500835 ], [ 56.233421425003563, 58.007023910422788 ], [ 56.23342296101238, 58.006952060497404 ], [ 56.233456800216672, 58.00695226432795 ], [ 56.23345718420078, 58.006934301846321 ], [ 56.233423345013435, 58.006934098015897 ], [ 56.233423729014028, 58.006916135534389 ], [ 56.233389889844091, 58.006915931695119 ] ] ] } },
{ "type": "Feature", "properties": { }, "geometry": { "type": "Polygon", "coordinates": [ [ [ 56.230579313219188, 58.006988794020124 ], [ 56.230578927792742, 58.007006756489496 ], [ 56.23064660625996, 58.00700716565423 ], [ 56.230646991652506, 58.006989203184567 ], [ 56.230579313219188, 58.006988794020124 ] ] ] } },
{ "type": "Feature", "properties": { }, "geometry": { "type": "Polygon", "coordinates": [ [ [ 56.230748123964247, 58.007007779333847 ], [ 56.230680445494258, 58.007007370223093 ], [ 56.230680060118189, 58.007025332692834 ], [ 56.230747738622071, 58.007025741803858 ], [ 56.230748123964247, 58.007007779333847 ] ] ] } },
{ "type": "Feature", "properties": { }, "geometry": { "type": "Polygon", "coordinates": [ [ [ 56.230815417127793, 58.007026150878922 ], [ 56.230781577874694, 58.007025946345898 ], [ 56.230781192549017, 58.007043908816009 ], [ 56.230815031819048, 58.007044113349188 ], [ 56.230815417127793, 58.007026150878922 ] ] ] } },
{ "type": "Feature", "properties": { }, "geometry": { "type": "Polygon", "coordinates": [ [ [ 56.231186878697166, 58.007064325091989 ], [ 56.231186493573922, 58.007082287563698 ], [ 56.231254172193324, 58.007082696405682 ], [ 56.231254557282675, 58.007064733933689 ], [ 56.231186878697166, 58.007064325091989 ] ] ] } },
{ "type": "Feature", "properties": { }, "geometry": { "type": "Polygon", "coordinates": [ [ [ 56.231389144415637, 58.007101476454181 ], [ 56.231389529437664, 58.007083513981669 ], [ 56.231254172193324, 58.007082696405682 ], [ 56.231253787103512, 58.007100658877611 ], [ 56.231355305086915, 58.007101272073534 ], [ 56.23135453500759, 58.007137197018103 ], [ 56.231591410555602, 58.007138627495664 ], [ 56.231591025633875, 58.007156589968879 ], [ 56.231692543783637, 58.007157202896153 ], [ 56.231692928654518, 58.007139240422518 ], [ 56.23162524992145, 58.007138831813606 ], [ 56.231625634825768, 58.007120869340227 ], [ 56.231524116780449, 58.007120256359819 ], [ 56.231524501735144, 58.007102293886788 ], [ 56.231389144415637, 58.007101476454181 ] ] ] } },
{ "type": "Feature", "properties": { }, "geometry": { "type": "Polygon", "coordinates": [ [ [ 56.233507200391088, 58.007760983593258 ], [ 56.233506816419727, 58.00777894607274 ], [ 56.233540656404976, 58.007779149882815 ], [ 56.233541040359398, 58.007761187403197 ], [ 56.233507200391088, 58.007760983593258 ] ] ] } },
{ "type": "Feature", "properties": { }, "geometry": { "type": "Polygon", "coordinates": [ [ [ 56.233642176363503, 58.007779761259044 ], [ 56.233608336376868, 58.007779557475956 ], [ 56.233607952455884, 58.007797519955815 ], [ 56.233641792459466, 58.007797723739031 ], [ 56.233642176363503, 58.007779761259044 ] ] ] } },
{ "type": "Feature", "properties": { }, "geometry": { "type": "Polygon", "coordinates": [ [ [ 56.233743312472974, 58.007798335034707 ], [ 56.233709472468014, 58.007798131278477 ], [ 56.233709088597415, 58.007816093758699 ], [ 56.233742928619328, 58.00781629751507 ], [ 56.233743312472974, 58.007798335034707 ] ] ] } },
{ "type": "Feature", "properties": { }, "geometry": { "type": "Polygon", "coordinates": [ [ [ 56.233844448687812, 58.007816908730206 ], [ 56.233810608664527, 58.007816705000813 ], [ 56.233810224844312, 58.007834667481383 ], [ 56.233844064884543, 58.00783487121091 ], [ 56.233844448687812, 58.007816908730206 ] ] ] } },
{ "type": "Feature", "properties": { }, "geometry": { "type": "Polygon", "coordinates": [ [ [ 56.233877521138467, 58.007853037412268 ], [ 56.233945201255132, 58.007853444826601 ], [ 56.233945585008016, 58.007835482345499 ], [ 56.233877904925251, 58.007835074931442 ], [ 56.233877521138467, 58.007853037412268 ] ] ] } },
{ "type": "Feature", "properties": { }, "geometry": { "type": "Polygon", "coordinates": [ [ [ 56.234164434005962, 58.008681144612957 ], [ 56.234164817661345, 58.008663182133276 ], [ 56.234130976836887, 58.008662978487237 ], [ 56.234129825818506, 58.00871686592567 ], [ 56.234231348445824, 58.008717476838093 ], [ 56.234230197575855, 58.008771364277329 ], [ 56.23426403850339, 58.008771567897227 ], [ 56.234265189322514, 58.008717680457572 ], [ 56.234299030199665, 58.008717884068055 ], [ 56.234293659912353, 58.008969358784405 ], [ 56.234259818797916, 58.008969155171961 ], [ 56.234259051572771, 58.009005080130301 ], [ 56.234225210424889, 58.009004876508556 ], [ 56.234223675901276, 58.009076726424084 ], [ 56.234189834686063, 58.009076522792789 ], [ 56.234188683737685, 58.009130410228437 ], [ 56.23415484247208, 58.009130206587713 ], [ 56.234154075136964, 58.009166131544283 ], [ 56.234018709943548, 58.009165316890275 ], [ 56.234017558734024, 58.009219204323038 ], [ 56.233983717385975, 58.009219000636605 ], [ 56.233982566121469, 58.009272888068459 ], [ 56.233948724723028, 58.009272684372625 ], [ 56.23394757340354, 58.009326571803577 ], [ 56.233913731954708, 58.009326368098314 ], [ 56.233912580580231, 58.009380255528377 ], [ 56.233878739081014, 58.0093800518137 ], [ 56.23387797146183, 58.009415976766519 ], [ 56.233844129929167, 58.009415773042562 ], [ 56.233842594617492, 58.009487622946992 ], [ 56.234451743496102, 58.009491288611841 ], [ 56.234452894065257, 58.009437401175951 ], [ 56.234486735623136, 58.009437604738089 ], [ 56.234487886137309, 58.009383717301318 ], [ 56.234521727644804, 58.009383920854034 ], [ 56.234522494618055, 58.009347995895631 ], [ 56.23448865314446, 58.009347792343199 ], [ 56.234489036647346, 58.009329829864051 ], [ 56.234421353735442, 58.009329422732456 ], [ 56.234422120807636, 58.0092934977746 ], [ 56.234455962229461, 58.009293701344603 ], [ 56.23445711278346, 58.00923981390698 ], [ 56.234490954154893, 58.009240017467569 ], [ 56.234491337655022, 58.009222054988108 ], [ 56.234389813592941, 58.009221444279767 ], [ 56.234390197143462, 58.009203481800682 ], [ 56.2343563558073, 58.009203278213391 ], [ 56.234360191456737, 58.009023653421053 ], [ 56.23432635029053, 58.009023449826167 ], [ 56.234330569638288, 58.008825862550083 ], [ 56.234364410618049, 58.008826066143406 ], [ 56.234363643501943, 58.008861991103466 ], [ 56.234397484516066, 58.008862194688071 ], [ 56.234399018678637, 58.008790344767206 ], [ 56.234365177732315, 58.008790141183162 ], [ 56.23436747906409, 58.008682366301123 ], [ 56.23440131990872, 58.008682569884328 ], [ 56.234401703445457, 58.008664607403659 ], [ 56.234435544273595, 58.00866481097772 ], [ 56.234434777233552, 58.008700735939293 ], [ 56.234468618096052, 58.008700939504635 ], [ 56.234469001599358, 58.008682977023753 ], [ 56.234705887531049, 58.008684401728274 ], [ 56.234706270915247, 58.008666439246326 ], [ 56.234773952580248, 58.008666846223505 ], [ 56.234774335930091, 58.008648883741245 ], [ 56.234808176746334, 58.008649087216199 ], [ 56.234808560078768, 58.008631124733711 ], [ 56.23484240087852, 58.008631328199542 ], [ 56.23484316750811, 58.008595403234153 ], [ 56.234877008274424, 58.00859560669069 ], [ 56.234877774868281, 58.008559681724833 ], [ 56.234911615601156, 58.008559885172062 ], [ 56.23491238215928, 58.008523960205721 ], [ 56.234946222858717, 58.008524163643706 ], [ 56.23494660612014, 58.008506201160273 ], [ 56.234980446803085, 58.008506404589113 ], [ 56.2349808300471, 58.008488442105538 ], [ 56.235014670713554, 58.008488645525233 ], [ 56.235015437166318, 58.008452720557621 ], [ 56.235049277799334, 58.008452923968022 ], [ 56.235050810631549, 58.008381074031576 ], [ 56.235084651197226, 58.008381277432449 ], [ 56.23508771670403, 58.008237577555903 ], [ 56.235121557134583, 58.008237780946637 ], [ 56.23512194030392, 58.008219818461662 ], [ 56.235088099890319, 58.008219615071091 ], [ 56.235088866261513, 58.008183690101333 ], [ 56.235190387402014, 58.00818430024524 ], [ 56.235190004267494, 58.008202262730578 ], [ 56.235223844665519, 58.008202466094026 ], [ 56.2352242277831, 58.008184503608547 ], [ 56.23525806816464, 58.008184706962858 ], [ 56.235258451264805, 58.008166744477187 ], [ 56.235123089809179, 58.008165931006538 ], [ 56.235123472976682, 58.008147968521349 ], [ 56.235021951940631, 58.008147358324308 ], [ 56.235022718375944, 58.008111433354685 ], [ 56.235056558686942, 58.008111636762408 ], [ 56.235057708285623, 58.008057749307142 ], [ 56.235091548546237, 58.008057952705457 ], [ 56.235092314909167, 58.008022027734739 ], [ 56.237055048843096, 58.008033809426031 ], [ 56.237054666644859, 58.008051771919597 ], [ 56.23712234718672, 58.008052177645261 ], [ 56.23712196502192, 58.00807014013904 ], [ 56.237189645599514, 58.008070545828993 ], [ 56.237189263468153, 58.008088508323006 ], [ 56.23725694408148, 58.008088913977261 ], [ 56.237256561983557, 58.008106876471508 ], [ 56.237324242632603, 58.008107282090023 ], [ 56.237323860568125, 58.008125244584527 ], [ 56.237391541252897, 58.008125650167344 ], [ 56.237391159221858, 58.008143612662032 ], [ 56.237458839942356, 58.008144018209151 ], [ 56.237458457944754, 58.008161980704095 ], [ 56.237526138700986, 58.00816238621551 ], [ 56.237525756736822, 58.008180348710653 ], [ 56.237559597132567, 58.008180551453016 ], [ 56.237559215184895, 58.008198513948251 ], [ 56.237626896011662, 58.008198919406254 ], [ 56.237626514097428, 58.008216881901731 ], [ 56.237694194959921, 58.008217287324008 ], [ 56.237693813079133, 58.008235249819705 ], [ 56.237761493977352, 58.008235655206285 ], [ 56.237761112130002, 58.008253617702238 ], [ 56.23782879306394, 58.008254023053091 ], [ 56.237828411250035, 58.008271985549243 ], [ 56.237896092219707, 58.008272390864398 ], [ 56.237895710439233, 58.008290353360792 ], [ 56.23796339144463, 58.00829075864025 ], [ 56.237963009697602, 58.008308721136864 ], [ 56.238030690738725, 58.008309126380595 ], [ 56.238030309025135, 58.008327088877451 ], [ 56.238097990101977, 58.008327494085471 ], [ 56.238097608421832, 58.008345456582553 ], [ 56.238165289534408, 58.008345861754869 ], [ 56.238164907887693, 58.008363824252179 ], [ 56.238232589035995, 58.008364229388789 ], [ 56.238233352261169, 58.008328304393572 ], [ 56.238267192802105, 58.008328506948075 ], [ 56.238267574397064, 58.008310544450239 ], [ 56.238301414921509, 58.008310746995633 ], [ 56.238301033343504, 58.008328709493618 ], [ 56.238368714427665, 58.008329114557689 ], [ 56.238368332883105, 58.008347077055895 ], [ 56.238436014002993, 58.00834748208424 ], [ 56.238436395513659, 58.008329519585772 ], [ 56.238402554970435, 58.008329317076225 ], [ 56.238403318024297, 58.008293392079388 ], [ 56.238335637007012, 58.008292987033869 ], [ 56.238336018567153, 58.008275024535642 ], [ 56.238302178076147, 58.008274821999549 ], [ 56.23830255965278, 58.008256859501422 ], [ 56.238336400126833, 58.008257062037373 ], [ 56.238337163244836, 58.008221137040678 ], [ 56.238303322804676, 58.00822093450499 ], [ 56.238303704379938, 58.0082029720067 ], [ 56.238236023534874, 58.008202566908601 ], [ 56.238236405143581, 58.008184604410552 ], [ 56.238168724334244, 58.008184199276734 ], [ 56.23816910597639, 58.008166236778905 ], [ 56.238101425202785, 58.008165831609389 ], [ 56.238101806878369, 58.008147869111788 ], [ 56.238067966509199, 58.008147666513686 ], [ 56.238068348201267, 58.00812970401617 ], [ 56.238000667498198, 58.008129298793236 ], [ 56.238001430948771, 58.008093373798602 ], [ 56.237967590631818, 58.008093171173911 ], [ 56.237967972373362, 58.008075208676651 ], [ 56.237934132073818, 58.008075006043121 ], [ 56.237933750315328, 58.00809296854024 ], [ 56.237866069683704, 58.008092563245896 ], [ 56.237866451476094, 58.008074600749055 ], [ 56.237595729103504, 58.008072979212905 ], [ 56.237595347175528, 58.008090941708616 ], [ 56.237493826242506, 58.008090333483672 ], [ 56.237494208221328, 58.008072370988387 ], [ 56.237392687343274, 58.008071762682889 ], [ 56.237393069372487, 58.00805380018798 ], [ 56.237291548549386, 58.008053191801942 ], [ 56.237291930628992, 58.008035229307389 ], [ 56.237224250116448, 58.008034823671977 ], [ 56.237224632229484, 58.00801686117768 ], [ 56.237190791990848, 58.008016658346627 ], [ 56.237191938378054, 58.00796277086377 ], [ 56.23722577856585, 58.007962973694411 ], [ 56.237226542787802, 58.007927048705298 ], [ 56.237260382942161, 58.00792725152666 ], [ 56.237260765035501, 58.007909289031893 ], [ 56.237193084761145, 58.007908883380452 ], [ 56.237193466887931, 58.007890920885927 ], [ 56.237125786649308, 58.007890515198774 ], [ 56.237126550969286, 58.007854590210108 ], [ 56.236889670385786, 58.007853170023687 ], [ 56.236889288107385, 58.007871132517081 ], [ 56.236584727237599, 58.007869305914042 ], [ 56.236584344806211, 58.007887268406087 ], [ 56.236448984363754, 58.007886456348025 ], [ 56.236448601864112, 58.007904418839487 ], [ 56.236245561112483, 58.007903200481628 ], [ 56.236246326314685, 58.007867275500367 ], [ 56.236280166404917, 58.007867478582227 ], [ 56.236281696736029, 58.007795628618517 ], [ 56.236315536758923, 58.007795831690814 ], [ 56.236316684451602, 58.007741944217059 ], [ 56.236350524424111, 58.007742147279927 ], [ 56.236350906970472, 58.007724184788437 ], [ 56.236384746926497, 58.007724387842181 ], [ 56.236384364397082, 58.007742350333821 ], [ 56.236485884318732, 58.007742959441451 ], [ 56.236485501839709, 58.007760921933468 ], [ 56.236620861809449, 58.007761733951597 ], [ 56.23662047939775, 58.007779696444111 ], [ 56.236755839442615, 58.007780508318838 ], [ 56.236756986472948, 58.007726620839449 ], [ 56.236790826434465, 58.007726823785219 ], [ 56.236791973409829, 58.007672936304907 ], [ 56.236825813320962, 58.007673139241248 ], [ 56.236826195628225, 58.007655176747562 ], [ 56.236792355734046, 58.007654973811356 ], [ 56.236792738057787, 58.00763701131779 ], [ 56.236725058304692, 58.007636605418639 ], [ 56.236725440661878, 58.007618642925287 ], [ 56.23665776094451, 58.007618236990446 ], [ 56.236657378553431, 58.007636199483542 ], [ 56.236623538678487, 58.007635996502479 ], [ 56.236623921086512, 58.007618034009546 ], [ 56.236522401515273, 58.00761742501281 ], [ 56.236522783973683, 58.007599462520247 ], [ 56.236421264457405, 58.007598853442978 ], [ 56.236421646966207, 58.00758089095077 ], [ 56.236455486787563, 58.007581093985401 ], [ 56.236456634260378, 58.007527206508058 ], [ 56.236355114950214, 58.007526597378494 ], [ 56.236355497491083, 58.007508634886335 ], [ 56.236389337243729, 58.007508837938389 ], [ 56.236390102290187, 58.007472912953688 ], [ 56.236423942009395, 58.007473115996454 ], [ 56.236424707020127, 58.007437191011277 ], [ 56.236458546705897, 58.007437394044757 ], [ 56.236459311680896, 58.007401469059062 ], [ 56.236391632377604, 58.007401062983654 ], [ 56.236392014898314, 58.007383100491026 ], [ 56.2363581752643, 58.007382897439989 ], [ 56.236358557801502, 58.007364934947418 ], [ 56.23639239741857, 58.007365137998335 ], [ 56.236392779938356, 58.007347175505586 ], [ 56.236426619538932, 58.007347378547379 ], [ 56.236427002041324, 58.007329416054432 ], [ 56.236460841625409, 58.007329619087074 ], [ 56.236461224110393, 58.007311656593949 ], [ 56.236495063677992, 58.007311859617438 ], [ 56.236495446145568, 58.007293897124121 ], [ 56.236529285696676, 58.007294100138481 ], [ 56.236529668146844, 58.007276137644965 ], [ 56.23656350768146, 58.007276340650201 ], [ 56.236563890114226, 58.007258378156479 ], [ 56.236597729632358, 58.00725858115257 ], [ 56.236598112047716, 58.00724061865867 ], [ 56.236631951549356, 58.007240821645624 ], [ 56.236632333947313, 58.007222859151518 ], [ 56.236666173432461, 58.007223062129327 ], [ 56.236666555813009, 58.007205099635044 ], [ 56.236700395281666, 58.007205302603708 ], [ 56.23670077764482, 58.007187340109233 ], [ 56.236734617096985, 58.007187543068774 ], [ 56.236734999442724, 58.007169580574079 ], [ 56.236768838878412, 58.007169783524489 ], [ 56.236769221206742, 58.007151821029609 ], [ 56.236803060625931, 58.007152023970875 ], [ 56.236803442936861, 58.007134061475817 ], [ 56.236837282339565, 58.007134264407938 ], [ 56.236837664633086, 58.007116301912681 ], [ 56.236871504019298, 58.007116504835665 ], [ 56.236871886295425, 58.007098542340202 ], [ 56.236939565035328, 58.007098948158905 ], [ 56.236939947277087, 58.00708098566313 ], [ 56.236973786630784, 58.007081188558843 ], [ 56.236974168855149, 58.007063226062854 ], [ 56.237008008192348, 58.007063428949444 ], [ 56.237008390399303, 58.007045466453263 ], [ 56.237042229720018, 58.007045669330701 ], [ 56.237042611909573, 58.007027706834329 ], [ 56.237076451213795, 58.007027909702622 ], [ 56.237076833385935, 58.007009947206079 ], [ 56.237144511961873, 58.007010352915408 ], [ 56.237144894099664, 58.006992390418489 ], [ 56.237178733371366, 58.006992593259518 ], [ 56.237179115491749, 58.006974630762436 ], [ 56.237212954746965, 58.006974833594334 ], [ 56.237213336849955, 58.006956871097024 ], [ 56.237281015327859, 58.006957276733544 ], [ 56.237281397396494, 58.006939314235943 ], [ 56.237315236619189, 58.006939517040536 ], [ 56.237315618670408, 58.006921554542728 ], [ 56.237349457876618, 58.006921757338219 ], [ 56.237349839910436, 58.00690379484022 ], [ 56.237383679100148, 58.006903997626573 ], [ 56.237384443132527, 58.006868072630112 ], [ 56.237418282288807, 58.006868275407179 ], [ 56.237418664287361, 58.006850312908739 ], [ 56.23745250342715, 58.006850515676653 ], [ 56.237452885408302, 58.006832553178036 ], [ 56.237486724531607, 58.00683275593682 ], [ 56.237487106495351, 58.006814793437982 ], [ 56.237520945602157, 58.006814996187643 ], [ 56.237522091439821, 58.006761108690405 ], [ 56.237488252383848, 58.006760905941171 ], [ 56.237488634345773, 58.006742943442134 ], [ 56.237454795307208, 58.006742740684047 ], [ 56.237454413328336, 58.006760703182934 ], [ 56.237420574273287, 58.006760500415716 ], [ 56.237420192277021, 58.00677846291444 ], [ 56.23738635320548, 58.006778260138063 ], [ 56.237385971191806, 58.006796222636581 ], [ 56.237352132103773, 58.006796019851095 ], [ 56.237351750072698, 58.006813982349399 ], [ 56.237317910968173, 58.006813779554768 ], [ 56.237317528919689, 58.006831742052903 ], [ 56.237283689798673, 58.00683153924912 ], [ 56.237283307732788, 58.006849501747041 ], [ 56.237249468595287, 58.006849298934142 ], [ 56.237249086511994, 58.006867261431893 ], [ 56.237215247358009, 58.006867058609835 ], [ 56.237214865257315, 58.006885021107372 ], [ 56.237181026086837, 58.006884818276184 ], [ 56.237180643968735, 58.006902780773551 ], [ 56.237146804781766, 58.006902577933232 ], [ 56.237146422646262, 58.006920540430372 ], [ 56.237112583442801, 58.006920337580922 ], [ 56.237112201289897, 58.006938300077891 ], [ 56.237078362069951, 58.006938097219276 ], [ 56.237077979899631, 58.00695605971606 ], [ 56.237044140663194, 58.006955856848329 ], [ 56.237043758475473, 58.006973819344914 ], [ 56.237009919222551, 58.006973616468045 ], [ 56.237009537017428, 58.00699157896441 ], [ 56.236975697748008, 58.006991376078403 ], [ 56.236975315525484, 58.007009338574598 ], [ 56.236941476239579, 58.007009135679446 ], [ 56.236941093999647, 58.007027098175435 ], [ 56.23690725469725, 58.007026895271146 ], [ 56.23690687243991, 58.007044857766957 ], [ 56.236873033121029, 58.00704465485353 ], [ 56.236872650846287, 58.007062617349128 ], [ 56.236838811510907, 58.007062414426571 ], [ 56.236838429218757, 58.007080376921998 ], [ 56.2368045898669, 58.007080173990296 ], [ 56.236804207557348, 58.007098136485517 ], [ 56.236770368188992, 58.007097933544685 ], [ 56.236769985862033, 58.0071158960397 ], [ 56.236736146477199, 58.00711569308973 ], [ 56.236735764132824, 58.00713365558456 ], [ 56.236701924731499, 58.007133452625453 ], [ 56.23670154236973, 58.007151415120106 ], [ 56.236667702951912, 58.007151212151854 ], [ 56.236667320572735, 58.007169174646286 ], [ 56.236633481138426, 58.007168971668882 ], [ 56.236633098741848, 58.007186934163165 ], [ 56.236599259291047, 58.007186731176631 ], [ 56.236598876877068, 58.007204693670687 ], [ 56.236565037409775, 58.007204490675029 ], [ 56.23656465497838, 58.007222453168907 ], [ 56.236530815494611, 58.007222250164098 ], [ 56.236530433045807, 58.00724021265777 ], [ 56.236496593545546, 58.007240009643844 ], [ 56.236496211079341, 58.00725797213731 ], [ 56.236462371562588, 58.00725776911424 ], [ 56.236461989078983, 58.007275731607514 ], [ 56.236428149545738, 58.007275528575306 ], [ 56.236427767044724, 58.007293491068381 ], [ 56.236393927494994, 58.007293288027029 ], [ 56.236393544976572, 58.007311250519948 ], [ 56.236359705410351, 58.007311047469443 ], [ 56.23635932287452, 58.007329009962149 ], [ 56.236325483291807, 58.007328806902521 ], [ 56.236325100738576, 58.007346769395042 ], [ 56.236291261139385, 58.007346566326277 ], [ 56.236290878568738, 58.007364528818592 ], [ 56.236257038953049, 58.007364325740681 ], [ 56.236256656365015, 58.007382288232819 ], [ 56.236222816732827, 58.007382085145771 ], [ 56.236222434127384, 58.007400047637688 ], [ 56.236188594478712, 58.007399844541503 ], [ 56.236188211855861, 58.007417807033242 ], [ 56.236154372190697, 58.007417603927927 ], [ 56.236153989550445, 58.007435566419474 ], [ 56.236120149868796, 58.007435363305021 ], [ 56.236119767211129, 58.007453325796362 ], [ 56.236085927512988, 58.007453122672771 ], [ 56.23608554483792, 58.007471085163921 ], [ 56.236051705123295, 58.007470882031186 ], [ 56.236051322430818, 58.007488844522143 ], [ 56.236017482699701, 58.007488641380284 ], [ 56.236017099989823, 58.007506603871029 ], [ 56.235983260242214, 58.007506400720033 ], [ 56.235982877514928, 58.007524363210628 ], [ 56.235949037750828, 58.007524160050473 ], [ 56.23594865500614, 58.007542122540848 ], [ 56.235914815225556, 58.007541919371555 ], [ 56.235914432463453, 58.007559881861773 ], [ 56.235880592666376, 58.007559678683343 ], [ 56.235880209886872, 58.007577641173327 ], [ 56.235846370073304, 58.007577437985766 ], [ 56.235845987276392, 58.007595400475573 ], [ 56.235812147446339, 58.007595197278867 ], [ 56.235811764632018, 58.007613159768468 ], [ 56.235777924785481, 58.007612956562639 ], [ 56.235777541953752, 58.007630919052048 ], [ 56.235743702090723, 58.007630715837074 ], [ 56.235743319241593, 58.007648678326305 ], [ 56.235709479362072, 58.007648475102194 ], [ 56.235709096495533, 58.007666437591212 ], [ 56.235675256599521, 58.007666234357949 ], [ 56.235674873715581, 58.007684196846775 ], [ 56.235641033803077, 58.007683993604367 ], [ 56.235640650901729, 58.00770195609303 ], [ 56.23560681097274, 58.007701752841491 ], [ 56.235606428053984, 58.007719715329962 ], [ 56.235572588108504, 58.007719512069286 ], [ 56.235572205172339, 58.007737474557537 ], [ 56.235538365210374, 58.007737271287716 ], [ 56.235537982256801, 58.007755233775775 ], [ 56.235504142278344, 58.007755030496831 ], [ 56.23550375930737, 58.007772992984691 ], [ 56.235469919312422, 58.007772789696617 ], [ 56.23546953632404, 58.007790752184292 ], [ 56.235435696312607, 58.007790548887058 ], [ 56.235436845327229, 58.007736661424303 ], [ 56.235470685287815, 58.00773686472111 ], [ 56.235471834247463, 58.007682977257446 ], [ 56.235505674157672, 58.007683180544824 ], [ 56.235506823062344, 58.007629293080299 ], [ 56.235540662922169, 58.007629496358248 ], [ 56.23554142882243, 58.007593571381321 ], [ 56.235507588996505, 58.007593368103649 ], [ 56.235509503823877, 58.007503555661152 ], [ 56.235441824342878, 58.0075031490802 ], [ 56.235442207340874, 58.007485186591829 ], [ 56.235340688173665, 58.007484576653361 ], [ 56.235340305124822, 58.007502539141321 ], [ 56.235238785910894, 58.007501929121453 ], [ 56.235238402810765, 58.007519891608943 ], [ 56.235170723303206, 58.007519484883773 ], [ 56.235170340168722, 58.007537447370908 ], [ 56.234865782254921, 58.007535616660981 ], [ 56.234865398967436, 58.007553579146794 ], [ 56.234290122721397, 58.007550119148398 ], [ 56.234290506296993, 58.007532156664965 ], [ 56.234155147267352, 58.007531342170367 ], [ 56.234154763623977, 58.007549304653239 ], [ 56.23412092385076, 58.007549101006958 ], [ 56.234120540189977, 58.00756706348961 ], [ 56.234086700400276, 58.007566859834206 ], [ 56.23408708407802, 58.00754889735169 ], [ 56.234053244305727, 58.007548693687404 ], [ 56.234053627999955, 58.007530731204973 ], [ 56.234019788245071, 58.007530527531848 ], [ 56.234020171955784, 58.007512565049524 ], [ 56.233986332218315, 58.007512361367525 ], [ 56.233987099672255, 58.007476436402953 ], [ 56.233953259969134, 58.007476232712257 ], [ 56.233954027455134, 58.007440307747771 ], [ 56.233920187786374, 58.007440104048356 ], [ 56.233921722820646, 58.007368254119328 ], [ 56.23395556242162, 58.007368457818181 ], [ 56.233955946162091, 58.00735049533565 ], [ 56.233922106578063, 58.007350291636925 ], [ 56.233922490335026, 58.007332329154487 ], [ 56.233888650768407, 58.007332125446929 ], [ 56.233889418314845, 58.007296200482152 ], [ 56.233787899719424, 58.007295589306345 ], [ 56.2337882835428, 58.00727762682429 ], [ 56.233686765002361, 58.007277015567922 ], [ 56.233687148876115, 58.007259053086266 ], [ 56.233551790896421, 58.00725823795235 ], [ 56.233552174837506, 58.007240275471204 ], [ 56.233450656408408, 58.007239664026734 ], [ 56.233451040399878, 58.007221701545973 ], [ 56.233349522025762, 58.007221090020941 ], [ 56.233349906067609, 58.007203127540535 ], [ 56.233248387748468, 58.007202515934956 ], [ 56.233248771840699, 58.007184553454913 ], [ 56.233079574736081, 58.00718353393308 ], [ 56.23307919055911, 58.007201496412392 ], [ 56.232977672251018, 58.007200884590908 ], [ 56.232978056478828, 58.007182922112008 ], [ 56.232944217060663, 58.007182718153643 ], [ 56.232943064325013, 58.007236605589775 ], [ 56.232909224856471, 58.007236401622016 ], [ 56.232908456329845, 58.007272326578878 ], [ 56.232874616827864, 58.007272122601826 ], [ 56.232875001108354, 58.007254160123559 ], [ 56.232841161623789, 58.007253956137667 ], [ 56.232841545920763, 58.007235993659464 ], [ 56.232773866986889, 58.007235585660951 ], [ 56.232774251317309, 58.007217623183003 ], [ 56.232740411868008, 58.007217419170395 ], [ 56.232740796214905, 58.007199456692526 ], [ 56.232673117351588, 58.00719904864058 ], [ 56.232673501731924, 58.007181086162944 ], [ 56.232639662317901, 58.00718088212362 ], [ 56.232640046714721, 58.007162919646092 ], [ 56.232606207318106, 58.007162715597886 ], [ 56.232606976144261, 58.007126790642936 ], [ 56.232573136782001, 58.007126586586054 ], [ 56.232574674496576, 58.007054736676089 ], [ 56.232473156615931, 58.00705412445312 ], [ 56.23247392557213, 58.00701819949866 ], [ 56.232406247055124, 58.007017791305607 ], [ 56.232405862543359, 58.007035753782567 ], [ 56.232067469816478, 58.007033712276012 ], [ 56.232066700452627, 58.007069637226962 ], [ 56.232032861148575, 58.007069433026544 ], [ 56.232031707048492, 58.007123320452145 ], [ 56.231964028340094, 58.007122912023483 ], [ 56.231963643605255, 58.007140874498276 ], [ 56.23179444675759, 58.007139853268413 ], [ 56.231794061937549, 58.007157815742467 ], [ 56.231726383167818, 58.007157407187265 ], [ 56.231725998313422, 58.007175369660963 ], [ 56.231759837715003, 58.007175573943208 ], [ 56.231759452877093, 58.00719353641702 ], [ 56.231860971135454, 58.007194149210207 ], [ 56.231860586347921, 58.007212111684389 ], [ 56.231691389168226, 58.00721109031673 ], [ 56.231691004295499, 58.007229052790137 ], [ 56.231724843747465, 58.007229257081796 ], [ 56.231724458891229, 58.007247219555317 ], [ 56.231792137830432, 58.007247628111955 ], [ 56.231791753007627, 58.007265590585661 ], [ 56.231859431982571, 58.007265999106593 ], [ 56.231859047193204, 58.007283961580569 ], [ 56.231926726203881, 58.007284370065769 ], [ 56.231926341447945, 58.007302332539993 ], [ 56.231994020494369, 58.007302740989473 ], [ 56.231993635771865, 58.007320703463904 ], [ 56.232061314854022, 58.007321111877715 ], [ 56.232060930164948, 58.00733907435238 ], [ 56.232128609282846, 58.007339482730458 ], [ 56.232128224627218, 58.007357445205365 ], [ 56.23222974335836, 58.007358057705467 ], [ 56.232229358753109, 58.007376020180729 ], [ 56.232297037943397, 58.007376428469428 ], [ 56.232296653371577, 58.007394390944917 ], [ 56.232398172211319, 58.007395003310918 ], [ 56.232397787689877, 58.007412965786763 ], [ 56.232465466952569, 58.007413373986076 ], [ 56.232465082464557, 58.007431336462176 ], [ 56.232532761762982, 58.007431744625762 ], [ 56.232532377308416, 58.007449707102083 ], [ 56.232600056642582, 58.007450115229965 ], [ 56.232599672221454, 58.007468077706527 ], [ 56.232667351591353, 58.00746848579869 ], [ 56.232666967203649, 58.007486448275479 ], [ 56.232734646609281, 58.007486856331958 ], [ 56.232734262255022, 58.007504818808975 ], [ 56.232801941696394, 58.007505226829757 ], [ 56.232801557375559, 58.007523189307001 ], [ 56.232869236852672, 58.007523597292042 ], [ 56.232868852565282, 58.007541559769535 ], [ 56.232936532078121, 58.007541967718886 ], [ 56.232936147824169, 58.007559930196607 ], [ 56.233003827372748, 58.007560338110238 ], [ 56.233003443152221, 58.007578300588186 ], [ 56.23307112273654, 58.007578708466148 ], [ 56.233070738549458, 58.007596670944295 ], [ 56.233138418169503, 58.007597078786546 ], [ 56.233138034015852, 58.007615041264941 ], [ 56.233205713671644, 58.007615449071473 ], [ 56.233205329551424, 58.007633411550096 ], [ 56.233306849089402, 58.00763402319285 ], [ 56.233306465019567, 58.007651985671863 ], [ 56.233374144747749, 58.007652393388973 ], [ 56.233373760711352, 58.007670355868193 ], [ 56.233441440475275, 58.007670763549633 ], [ 56.233441056472309, 58.007688726029095 ], [ 56.233508736271958, 58.007689133674809 ], [ 56.23350835230243, 58.007707096154512 ], [ 56.233609872056199, 58.007707707556015 ], [ 56.233609488137056, 58.007725670036088 ], [ 56.233677168009095, 58.007726077592402 ], [ 56.233676784123389, 58.007744040072687 ], [ 56.233744464031169, 58.007744447593304 ], [ 56.233744080178901, 58.007762410073809 ], [ 56.233811760122414, 58.007762817558714 ], [ 56.233811376303578, 58.007780780039461 ], [ 56.23384521629297, 58.007780983768555 ], [ 56.233844832490618, 58.007798946249395 ], [ 56.233912512504681, 58.007799353680888 ], [ 56.233912128735774, 58.007817316161955 ], [ 56.23397980878557, 58.007817723557729 ], [ 56.233979425050094, 58.007835686039023 ], [ 56.234013265092628, 58.007835889723552 ], [ 56.234012881373644, 58.00785385220496 ], [ 56.233945201255132, 58.007853444826601 ], [ 56.233944433747993, 58.007889369788657 ], [ 56.233910593655537, 58.007889166085718 ], [ 56.233910209884321, 58.007907128566529 ], [ 56.233944049993731, 58.00790733226961 ], [ 56.2339425149721, 58.007979182192898 ], [ 56.23397635514975, 58.007979385887545 ], [ 56.233976738888906, 58.00796142340667 ], [ 56.234010579050079, 58.007961627092186 ], [ 56.234010962771819, 58.007943664611098 ], [ 56.23407864306165, 58.007944071954888 ], [ 56.234078259373803, 58.007962034436247 ], [ 56.234213620026765, 58.007962849016373 ], [ 56.234212469163836, 58.008016736461819 ], [ 56.234347830027531, 58.008017550899694 ], [ 56.234347446473429, 58.008035513381977 ], [ 56.234381286707453, 58.00803571696909 ], [ 56.23438051963177, 58.008071641933782 ], [ 56.23434667936386, 58.00807143834637 ], [ 56.234345528696046, 58.008125325792584 ], [ 56.234311688377744, 58.008125122195764 ], [ 56.234310154079772, 58.008196972122732 ], [ 56.234276313694139, 58.008196768516342 ], [ 56.23427516291499, 58.008250655960595 ], [ 56.234241322478972, 58.008250452344804 ], [ 56.234239404419796, 58.008340264750132 ], [ 56.23427324494056, 58.008340468366633 ], [ 56.234271326954641, 58.008430280771336 ], [ 56.234305167560606, 58.008430484379552 ], [ 56.234304016814384, 58.008484371822178 ], [ 56.234270176157573, 58.008484168213521 ], [ 56.234269408957232, 58.008520093174724 ], [ 56.234303249647944, 58.008520296783644 ], [ 56.234302866064034, 58.008538259264313 ], [ 56.234269025356376, 58.008538055655244 ], [ 56.234267874551044, 58.008591943096491 ], [ 56.234301715309542, 58.008592146705979 ], [ 56.234300564550921, 58.008646034147191 ], [ 56.23426672374157, 58.008645830537283 ], [ 56.234265956532958, 58.008681755497527 ], [ 56.234164434005962, 58.008681144612957 ] ], [ [ 56.234336706772154, 58.008538462864379 ], [ 56.23433593963685, 58.008574387825824 ], [ 56.23430209889483, 58.008574184225481 ], [ 56.234302866064034, 58.008538259264313 ], [ 56.234336706772154, 58.008538462864379 ] ], [ [ 56.235979815680118, 58.007668063133359 ], [ 56.235945975780432, 58.007667859972081 ], [ 56.235946358528338, 58.007649897482075 ], [ 56.23598019841107, 58.007650100643197 ], [ 56.235979815680118, 58.007668063133359 ] ], [ [ 56.236014421007809, 58.007632341304998 ], [ 56.236048260874504, 58.007632544448008 ], [ 56.236047878177899, 58.007650506938482 ], [ 56.236014038294257, 58.007650303795337 ], [ 56.236014421007809, 58.007632341304998 ] ], [ [ 56.236048643570648, 58.007614581957448 ], [ 56.236082483420859, 58.007614785091306 ], [ 56.236082100741662, 58.007632747582001 ], [ 56.236048260874504, 58.007632544448008 ], [ 56.236048643570648, 58.007614581957448 ] ], [ [ 56.236082866099594, 58.00759682260059 ], [ 56.236116705933313, 58.00759702572531 ], [ 56.236117088594646, 58.007579063234374 ], [ 56.236150928411874, 58.007579266349964 ], [ 56.236151311055799, 58.007561303858836 ], [ 56.236185150856535, 58.007561506965295 ], [ 56.236184385602122, 58.007597431947779 ], [ 56.236150545767487, 58.007597228841043 ], [ 56.236150163122645, 58.007615191332043 ], [ 56.236082483420859, 58.007614785091306 ], [ 56.236082866099594, 58.00759682260059 ] ], [ [ 56.236186298734722, 58.007507619491172 ], [ 56.236220138485074, 58.007507822588188 ], [ 56.236220521093273, 58.007489860096577 ], [ 56.236254360827139, 58.007490063184456 ], [ 56.236253213052017, 58.007543950659588 ], [ 56.236219373267311, 58.007543747571269 ], [ 56.23621899065774, 58.007561710062753 ], [ 56.236185150856535, 58.007561506965295 ], [ 56.236186298734722, 58.007507619491172 ] ], [ [ 56.236254743417931, 58.007472100692645 ], [ 56.236288583135313, 58.007472303771401 ], [ 56.236288200561461, 58.00749026626336 ], [ 56.236254360827139, 58.007490063184456 ], [ 56.236254743417931, 58.007472100692645 ] ], [ [ 56.233009590625386, 58.007290900934834 ], [ 56.232975751105073, 58.007290696984654 ], [ 56.232976135335186, 58.007272734505996 ], [ 56.233009974838552, 58.007272938456062 ], [ 56.233009590625386, 58.007290900934834 ] ], [ [ 56.232097847087751, 58.00719557874605 ], [ 56.231996328819719, 58.00719496614181 ], [ 56.231996713538997, 58.007177003667017 ], [ 56.232199749977532, 58.007178228793663 ], [ 56.232198980741877, 58.007214153744904 ], [ 56.232097462418849, 58.007213541221226 ], [ 56.232097847087751, 58.00719557874605 ] ] ] } },
{ "type": "Feature", "properties": { }, "geometry": { "type": "Polygon", "coordinates": [ [ [ 56.234229813951622, 58.008789326756997 ], [ 56.234195973007587, 58.008789123127933 ], [ 56.234193671150805, 58.008896898003833 ], [ 56.234227512196526, 58.008897101633714 ], [ 56.234229813951622, 58.008789326756997 ] ] ] } },
{ "type": "Feature", "properties": { }, "geometry": { "type": "Polygon", "coordinates": [ [ [ 56.23465594341944, 58.009438622413846 ], [ 56.234622101859259, 58.009438418896693 ], [ 56.234622485296647, 58.00942045641726 ], [ 56.234588643753874, 58.009420252891246 ], [ 56.234589027207754, 58.009402290411884 ], [ 56.234555185682389, 58.00940208687701 ], [ 56.234555569152761, 58.009384124397762 ], [ 56.234521727644804, 58.009383920854034 ], [ 56.234519426714023, 58.009491695727981 ], [ 56.234587109933784, 58.009492102808132 ], [ 56.234587493389498, 58.009474140328983 ], [ 56.234621334983117, 58.009474343855402 ], [ 56.234621718421415, 58.00945638137609 ], [ 56.234655559998551, 58.009456584893385 ], [ 56.23465594341944, 58.009438622413846 ] ] ] } },
{ "type": "Feature", "properties": { }, "geometry": { "type": "Polygon", "coordinates": [ [ [ 56.234408402380431, 58.011521048351838 ], [ 56.234442245904631, 58.011521251930361 ], [ 56.234443013021114, 58.011485326984783 ], [ 56.234476856511868, 58.011485530554012 ], [ 56.23447724005247, 58.011467568081002 ], [ 56.234511083526733, 58.011467771641108 ], [ 56.234511467049927, 58.0114498091679 ], [ 56.234545310507698, 58.011450012718889 ], [ 56.23454569401347, 58.011432050245467 ], [ 56.234613380896491, 58.011432457320119 ], [ 56.2346137643679, 58.011414494846392 ], [ 56.234647607793143, 58.011414698370089 ], [ 56.234648758153774, 58.01136081094814 ], [ 56.234682601528618, 58.011361014462395 ], [ 56.234683751834261, 58.011307127039558 ], [ 56.23475143848362, 58.011307534040249 ], [ 56.234751055082775, 58.011325496514878 ], [ 56.234852585111113, 58.011326106948857 ], [ 56.23485220176066, 58.011344069423835 ], [ 56.234818358400467, 58.011343865954707 ], [ 56.234817591664282, 58.011379790904229 ], [ 56.234851435058374, 58.011379994373655 ], [ 56.234851051706549, 58.011397956848484 ], [ 56.23491873853002, 58.011398363760613 ], [ 56.23491835521164, 58.011416326235683 ], [ 56.234986042070844, 58.011416733112107 ], [ 56.234986425355331, 58.011398770636731 ], [ 56.235223329258382, 58.011400194419757 ], [ 56.235222946092563, 58.011418156896092 ], [ 56.235426006700493, 58.011419376931421 ], [ 56.235425623635933, 58.011437339408531 ], [ 56.235493310542815, 58.011437746015282 ], [ 56.2354929275117, 58.011455708492633 ], [ 56.235594457926332, 58.011456318335689 ], [ 56.235594840906593, 58.011438355857891 ], [ 56.235628684362098, 58.011438559120769 ], [ 56.235629450287341, 58.011402634164767 ], [ 56.235663293709408, 58.01140283741838 ], [ 56.235664059598903, 58.011366912461888 ], [ 56.235697902987525, 58.0113671157062 ], [ 56.23569828591463, 58.011349153227748 ], [ 56.235664442542969, 58.011348949983557 ], [ 56.235664825486573, 58.01133098750519 ], [ 56.235698668841287, 58.01133119074921 ], [ 56.235699051767483, 58.011313228270652 ], [ 56.235732895105699, 58.011313431505556 ], [ 56.235731746376601, 58.01136731894151 ], [ 56.235765589766139, 58.011367522167838 ], [ 56.235764441083759, 58.011421409603763 ], [ 56.235798284524613, 58.011421612821501 ], [ 56.235797518767967, 58.011457537778796 ], [ 56.236135953540725, 58.011459569464115 ], [ 56.23613633624975, 58.011441606984079 ], [ 56.236204023175901, 58.011442013212886 ], [ 56.236204405850565, 58.011424050732529 ], [ 56.236238249297379, 58.011424253833276 ], [ 56.236238631954627, 58.011406291352706 ], [ 56.236272475384943, 58.011406494444344 ], [ 56.236273623303099, 58.011352607001911 ], [ 56.236239779923643, 58.011352403910706 ], [ 56.236240927888524, 58.011298516468251 ], [ 56.236207084560377, 58.011298313368471 ], [ 56.236207467231381, 58.011280350887688 ], [ 56.236173623920649, 58.01128014777904 ], [ 56.236174389295165, 58.011244222817588 ], [ 56.236140546018795, 58.011244019700243 ], [ 56.236141311425385, 58.011208094738862 ], [ 56.236107468183384, 58.011207891612791 ], [ 56.23610785090294, 58.011189929132179 ], [ 56.23607400767834, 58.011189725997241 ], [ 56.236074390414394, 58.011171763516707 ], [ 56.236040547207203, 58.011171560372929 ], [ 56.236040929959756, 58.011153597892488 ], [ 56.236007086769973, 58.011153394739836 ], [ 56.236007469539018, 58.011135432259479 ], [ 56.235973626366643, 58.011135229097974 ], [ 56.23597400915218, 58.011117266617703 ], [ 56.235906322842723, 58.011116860267997 ], [ 56.235906705661698, 58.011098897787939 ], [ 56.235635960577824, 58.011097272030327 ], [ 56.235635577623228, 58.011115234509241 ], [ 56.235601734472851, 58.011115031248913 ], [ 56.235599819608247, 58.011204843641998 ], [ 56.235633662843377, 58.011205046903044 ], [ 56.235632131011236, 58.011276896817137 ], [ 56.235564444405817, 58.011276490284921 ], [ 56.235564827398441, 58.011258527806767 ], [ 56.235497140828762, 58.011258121238832 ], [ 56.235497523854839, 58.011240158760899 ], [ 56.235429837320893, 58.011239752157273 ], [ 56.235430220380408, 58.011221789679574 ], [ 56.235362533882203, 58.011221383040244 ], [ 56.23536291697517, 58.011203420562751 ], [ 56.235295230512698, 58.011203013887695 ], [ 56.235295613639103, 58.011185051410443 ], [ 56.235227927212385, 58.011184644699682 ], [ 56.235228310372236, 58.011166682222651 ], [ 56.235160623981244, 58.011166275476185 ], [ 56.23516100717454, 58.011148312999403 ], [ 56.235093320819296, 58.011147906217211 ], [ 56.235093704046029, 58.011129943740649 ], [ 56.235059860886054, 58.011129740336187 ], [ 56.235060244129286, 58.011111777859732 ], [ 56.234891028421011, 58.01111076070319 ], [ 56.234891411748542, 58.011092798227381 ], [ 56.234823725502352, 58.011092391302064 ], [ 56.234824108863329, 58.011074428826483 ], [ 56.234857951969246, 58.0110746322935 ], [ 56.234859101998566, 58.011020744865988 ], [ 56.234892945054085, 58.011020948323591 ], [ 56.234894095028416, 58.010967060895219 ], [ 56.234927938033536, 58.010967264343378 ], [ 56.234929087952885, 58.01091337691409 ], [ 56.234962930907606, 58.010913580352835 ], [ 56.234963314196193, 58.010895617876137 ], [ 56.235031000073114, 58.010896024726378 ], [ 56.235030616818442, 58.010913987203352 ], [ 56.235165988645612, 58.010914800796385 ], [ 56.235164839082252, 58.010968688228651 ], [ 56.235232525100301, 58.010969094972033 ], [ 56.235233291408527, 58.010933170016685 ], [ 56.23526713438433, 58.010933373374577 ], [ 56.235267517520803, 58.010915410896686 ], [ 56.235335203439902, 58.010915817585214 ], [ 56.235334820337329, 58.010933780063418 ], [ 56.235368663314517, 58.010933983394331 ], [ 56.235369429485296, 58.010898058437625 ], [ 56.235403272429039, 58.010898261759252 ], [ 56.235404038564077, 58.010862336802084 ], [ 56.235336352744859, 58.010861930150377 ], [ 56.2353367358456, 58.010843967671988 ], [ 56.235302892953626, 58.01084376433279 ], [ 56.235303276070852, 58.010825801854487 ], [ 56.235269433196294, 58.010825598506408 ], [ 56.235269816330018, 58.010807636028233 ], [ 56.235168287759947, 58.010807025930454 ], [ 56.235168670944063, 58.01078906345262 ], [ 56.235067142428974, 58.010788453274301 ], [ 56.235067525663482, 58.010770490796844 ], [ 56.234965997203382, 58.010769880537971 ], [ 56.234966380488295, 58.010751918060848 ], [ 56.234864852083177, 58.010751307721421 ], [ 56.234865235418475, 58.010733345244681 ], [ 56.234729864285896, 58.01073253133336 ], [ 56.234728714075196, 58.010786418761683 ], [ 56.23469487124234, 58.010786215260929 ], [ 56.234693720976658, 58.010840102688377 ], [ 56.23465987809341, 58.010839899178201 ], [ 56.234658344331599, 58.010911749080122 ], [ 56.234624501380999, 58.010911545560397 ], [ 56.234623351003968, 58.010965432985884 ], [ 56.234589508002976, 58.010965229456723 ], [ 56.234588357570956, 58.011019116881286 ], [ 56.234554514519566, 58.01101891334271 ], [ 56.234553747528679, 58.011054838291891 ], [ 56.234486061359483, 58.011054431187162 ], [ 56.234484910768003, 58.011108318609672 ], [ 56.234451067633238, 58.011108115043392 ], [ 56.234449916986769, 58.011162002465014 ], [ 56.234416073801604, 58.011161798889297 ], [ 56.234414539532075, 58.011233648783467 ], [ 56.234380696279558, 58.011233445198222 ], [ 56.234380312694078, 58.011251407671494 ], [ 56.234414155963542, 58.011251611256917 ], [ 56.234413005255185, 58.011305498676826 ], [ 56.234379161934868, 58.011305295090999 ], [ 56.234378011171529, 58.011359182510049 ], [ 56.234344167800813, 58.011358978914778 ], [ 56.234343016982479, 58.011412866332918 ], [ 56.234309173561371, 58.01141266272824 ], [ 56.234304570043257, 58.011628212394356 ], [ 56.234338413667793, 58.011628416000732 ], [ 56.234339180891503, 58.011592491056618 ], [ 56.234373024482593, 58.0115926946537 ], [ 56.234373791670556, 58.011556769709102 ], [ 56.234407635228209, 58.011556973296933 ], [ 56.234408402380431, 58.011521048351838 ] ] ] } },
{ "type": "Feature", "properties": { }, "geometry": { "type": "Polygon", "coordinates": [ [ [ 56.235894455226912, 58.011673697123328 ], [ 56.235928298906927, 58.011673900307059 ], [ 56.235928681723166, 58.0116559378285 ], [ 56.235894838060105, 58.011655734644926 ], [ 56.235894455226912, 58.011673697123328 ] ] ] } },
{ "type": "Feature", "properties": { }, "geometry": { "type": "Polygon", "coordinates": [ [ [ 56.236024471186191, 58.011925984504401 ], [ 56.236058315105375, 58.01192618765409 ], [ 56.236059080614623, 58.011890262697278 ], [ 56.236092924500362, 58.011890465837702 ], [ 56.236093689973863, 58.011854540880393 ], [ 56.236127533826156, 58.011854744011529 ], [ 56.236128299263918, 58.011818819053723 ], [ 56.236162143082765, 58.011819022175601 ], [ 56.236162908484786, 58.011783097217297 ], [ 56.236196752270182, 58.011783300329888 ], [ 56.236197900318935, 58.011729412891619 ], [ 56.236130212850313, 58.0117290066583 ], [ 56.236130595566216, 58.01171104417908 ], [ 56.236062908133327, 58.011710637910049 ], [ 56.236063290882676, 58.011692675431014 ], [ 56.235995603485534, 58.011692269126286 ], [ 56.235995986268328, 58.0116743066475 ], [ 56.235928298906927, 58.011673900307059 ], [ 56.235926767637373, 58.011745750220761 ], [ 56.23596061138565, 58.01174595339603 ], [ 56.235959080176578, 58.011817803309462 ], [ 56.235992923993123, 58.011818006476304 ], [ 56.235991775632357, 58.011871893911241 ], [ 56.236025619500225, 58.011872097069528 ], [ 56.236024471186191, 58.011925984504401 ] ] ] } },
{ "type": "Feature", "properties": { }, "geometry": { "type": "Polygon", "coordinates": [ [ [ 56.234873011509073, 58.011954997007059 ], [ 56.234940699384516, 58.011955403909923 ], [ 56.23494108269972, 58.011937441436316 ], [ 56.234873394858184, 58.011937034533716 ], [ 56.23487377820684, 58.011919072060309 ], [ 56.234806090401051, 58.011918665122003 ], [ 56.234806473783152, 58.011900702648852 ], [ 56.234772629897897, 58.011900499166337 ], [ 56.23477301329649, 58.01188253669325 ], [ 56.234705325561265, 58.011882129701533 ], [ 56.234705708993303, 58.011864167228701 ], [ 56.234604177444758, 58.011863556674029 ], [ 56.234604560927202, 58.011845594201539 ], [ 56.234570717095558, 58.011845390665471 ], [ 56.234570333596174, 58.011863353137805 ], [ 56.234502645900363, 58.011862946038356 ], [ 56.234502262366604, 58.011880908510349 ], [ 56.234468418502438, 58.011880704946989 ], [ 56.23446803495127, 58.011898667418791 ], [ 56.234434191070612, 58.011898463846293 ], [ 56.234433423932998, 58.011934388789456 ], [ 56.234399580018888, 58.011934185207672 ], [ 56.234399196432435, 58.011952147679033 ], [ 56.23446688429501, 58.011952554833869 ], [ 56.234466500742016, 58.011970517305471 ], [ 56.23456803259019, 58.011971127970675 ], [ 56.23456764908758, 58.011989090442626 ], [ 56.234669180990743, 58.011989701027275 ], [ 56.234668797538539, 58.01200766349961 ], [ 56.234736485510183, 58.012008070511328 ], [ 56.234736868928479, 58.011990108038695 ], [ 56.234804556868063, 58.011990515014126 ], [ 56.234804940251998, 58.011972552541181 ], [ 56.234872628159501, 58.011972959480353 ], [ 56.234873011509073, 58.011954997007059 ] ] ] } },
{ "type": "Feature", "properties": { }, "geometry": { "type": "Polygon", "coordinates": [ [ [ 56.234250392524139, 58.012580019706057 ], [ 56.234148858959166, 58.012579408783473 ], [ 56.234149242680374, 58.012561446314955 ], [ 56.234013864667986, 58.012560631626087 ], [ 56.234014248456546, 58.012542669158066 ], [ 56.233912715002937, 58.012542058047366 ], [ 56.233913098841896, 58.012524095579735 ], [ 56.23381156544329, 58.01252348438846 ], [ 56.233811949332654, 58.012505521921184 ], [ 56.233710415989052, 58.012504910649326 ], [ 56.233709648108146, 58.012540835582982 ], [ 56.233743492589461, 58.012541039349543 ], [ 56.233741956889965, 58.012612889216769 ], [ 56.233775801439549, 58.012613092974895 ], [ 56.233775417530474, 58.012631055441723 ], [ 56.233843106664942, 58.01263146293126 ], [ 56.233842722789319, 58.012649425398308 ], [ 56.233910411959528, 58.012649832852141 ], [ 56.23391002811735, 58.012667795319416 ], [ 56.233977717323313, 58.012668202737544 ], [ 56.233977333514574, 58.012686165205032 ], [ 56.234112711999828, 58.012686979933846 ], [ 56.234112328258448, 58.012704942401875 ], [ 56.234213862178066, 58.012705553354415 ], [ 56.234213478487092, 58.012723515822813 ], [ 56.234315012461707, 58.012724126694778 ], [ 56.234316547019411, 58.012652276819217 ], [ 56.234350391610718, 58.012652480424634 ], [ 56.234351542473313, 58.012598593016975 ], [ 56.234250008853344, 58.01259798217496 ], [ 56.234250392524139, 58.012580019706057 ] ] ] } },
{ "type": "Feature", "properties": { }, "geometry": { "type": "Polygon", "coordinates": [ [ [ 56.235087307672444, 58.01301620690176 ], [ 56.235053462731955, 58.013016003491472 ], [ 56.235052312905758, 58.013069890904397 ], [ 56.235018467914863, 58.013069687484695 ], [ 56.235017701327855, 58.013105612426102 ], [ 56.235085391377922, 58.013106019257044 ], [ 56.235085008117636, 58.013123981727958 ], [ 56.235152698203443, 58.013124388523217 ], [ 56.235154231106179, 58.013052538638142 ], [ 56.235120386130866, 58.013052335245604 ], [ 56.23512153585397, 58.012998447831656 ], [ 56.235087690929973, 58.012998244430527 ], [ 56.235087307672444, 58.01301620690176 ] ] ] } },
{ "type": "Feature", "properties": { }, "geometry": { "type": "Polygon", "coordinates": [ [ [ 56.234886263963105, 58.014506074629502 ], [ 56.234887414102964, 58.014452187230908 ], [ 56.234921260397996, 58.014452390688476 ], [ 56.234923560563587, 58.01434461588903 ], [ 56.234957406757339, 58.014344819336756 ], [ 56.23495855678307, 58.014290931935889 ], [ 56.234992402926416, 58.014291135374179 ], [ 56.234992786250452, 58.014273172906968 ], [ 56.235026632377306, 58.014273376336135 ], [ 56.235027782295788, 58.014219488933819 ], [ 56.235061628372236, 58.014219692353542 ], [ 56.235062778235722, 58.014165804950309 ], [ 56.235096624261764, 58.014166008360611 ], [ 56.235097390801215, 58.014130083424575 ], [ 56.23506354480908, 58.014129880014544 ], [ 56.235063928095073, 58.014111917546593 ], [ 56.235097774070255, 58.014112120956476 ], [ 56.235098540606948, 58.01407619602012 ], [ 56.234997002784532, 58.014075585764317 ], [ 56.234997386103061, 58.014057623296495 ], [ 56.23489584833564, 58.014057012960102 ], [ 56.234895464966257, 58.014074975427519 ], [ 56.23486161902774, 58.014074771963912 ], [ 56.234861235640942, 58.014092734431131 ], [ 56.234827389685933, 58.014092530958393 ], [ 56.234826622877037, 58.014128455892376 ], [ 56.234792776888582, 58.014128252410337 ], [ 56.234791243197449, 58.014200102277115 ], [ 56.234757397141635, 58.014199898785535 ], [ 56.234755096489437, 58.014307673583261 ], [ 56.234721250332342, 58.014307470081832 ], [ 56.23472086687174, 58.014325432547814 ], [ 56.234687020698154, 58.014325229037247 ], [ 56.234685870262751, 58.014379116434377 ], [ 56.234652024038752, 58.014378912914395 ], [ 56.23465087354834, 58.01443280031063 ], [ 56.234617027273941, 58.014432596781212 ], [ 56.234615109695959, 58.014522409106526 ], [ 56.234648956055132, 58.014522612636647 ], [ 56.234649339554693, 58.01450465017156 ], [ 56.234784724928176, 58.01450546420152 ], [ 56.234784341496436, 58.014523426667189 ], [ 56.234852034219841, 58.014523833628459 ], [ 56.234852417617667, 58.014505871162505 ], [ 56.234886263963105, 58.014506074629502 ] ] ] } },
{ "type": "Feature", "properties": { }, "geometry": { "type": "Polygon", "coordinates": [ [ [ 56.23426590273283, 58.015023322268235 ], [ 56.234266286431769, 58.015005359806153 ], [ 56.234300133244162, 58.015005563430094 ], [ 56.234301284287355, 58.014951676043147 ], [ 56.234335131049342, 58.014951879657666 ], [ 56.234337816682022, 58.014826142418578 ], [ 56.234236276753535, 58.01482553155099 ], [ 56.234236660464376, 58.014807569088497 ], [ 56.234168967214927, 58.014807161798714 ], [ 56.234163978497278, 58.015040673803583 ], [ 56.234130131652812, 58.015040470143354 ], [ 56.234125910182989, 58.015238057215896 ], [ 56.234159757213973, 58.015238260877673 ], [ 56.234161292232514, 58.015166411033285 ], [ 56.234195139196132, 58.015166614685498 ], [ 56.234197057874191, 58.015076802378132 ], [ 56.234230904753488, 58.01507700602064 ], [ 56.234232055903938, 58.015023118635156 ], [ 56.23426590273283, 58.015023322268235 ] ] ] } },
{ "type": "Feature", "properties": { }, "geometry": { "type": "Polygon", "coordinates": [ [ [ 56.235812135441122, 58.015535628759729 ], [ 56.235845982766371, 58.015535831973779 ], [ 56.235846365681212, 58.015517869506539 ], [ 56.235812518372917, 58.015517666292645 ], [ 56.235812901304271, 58.015499703825483 ], [ 56.235779054013392, 58.015499500602736 ], [ 56.235779436961224, 58.015481538135674 ], [ 56.235711742414765, 58.015481131663449 ], [ 56.235712125396056, 58.015463169196622 ], [ 56.235644430885344, 58.015462762688664 ], [ 56.235644813900088, 58.015444800222056 ], [ 56.235610966662378, 58.015444596954723 ], [ 56.235611349693627, 58.0154266344882 ], [ 56.235577502473333, 58.01542643121202 ], [ 56.235578651615185, 58.015372543812589 ], [ 56.235612498784619, 58.015372747088364 ], [ 56.235613647871482, 58.015318859688058 ], [ 56.235579800752923, 58.015318656412703 ], [ 56.235580183797914, 58.01530069394596 ], [ 56.235512489596083, 58.01530028736854 ], [ 56.235512872674533, 58.015282324902046 ], [ 56.235445178508456, 58.015281918288906 ], [ 56.235444795396099, 58.015299880755137 ], [ 56.235410948296796, 58.015299677434932 ], [ 56.23541018203678, 58.015335602366946 ], [ 56.235376334904018, 58.015335399037461 ], [ 56.235375568608262, 58.015371323968971 ], [ 56.235341721442047, 58.015371120630192 ], [ 56.235339422442017, 58.015478895422653 ], [ 56.235373269709967, 58.01547909876227 ], [ 56.235372503406865, 58.015515023692949 ], [ 56.235406350709198, 58.015515227023847 ], [ 56.235405967573911, 58.015533189489254 ], [ 56.235473662213856, 58.015533596124314 ], [ 56.235473279112036, 58.015551558589948 ], [ 56.235540973787728, 58.015551965189324 ], [ 56.235540590719353, 58.0155699276552 ], [ 56.235608285430793, 58.015570334218822 ], [ 56.235607902395877, 58.015588296684918 ], [ 56.235675597143072, 58.015588703212842 ], [ 56.235675214141608, 58.015606665679165 ], [ 56.23574290892455, 58.015607072171363 ], [ 56.235743291892099, 58.015589109704777 ], [ 56.235777139267299, 58.015589312937237 ], [ 56.23577752221744, 58.015571350470445 ], [ 56.23581136957614, 58.015571553693768 ], [ 56.235812135441122, 58.015535628759729 ] ] ] } },
{ "type": "Feature", "properties": { }, "geometry": { "type": "Polygon", "coordinates": [ [ [ 56.234335982516271, 58.016496854859035 ], [ 56.234403678959126, 58.016497262067382 ], [ 56.234403295306826, 58.016515224525776 ], [ 56.234470991785429, 58.016515631698404 ], [ 56.234470608166589, 58.016533594157053 ], [ 56.234572152938824, 58.016534204848895 ], [ 56.234577906410202, 58.016264767957438 ], [ 56.234544058406691, 58.016264564404594 ], [ 56.234544441984731, 58.016246601944893 ], [ 56.234510593998642, 58.016246398383181 ], [ 56.234510977593175, 58.01622843592358 ], [ 56.23454482556231, 58.016228639485121 ], [ 56.234545592716096, 58.016192714565449 ], [ 56.234579440651771, 58.016192918117703 ], [ 56.234580207769795, 58.016156993197534 ], [ 56.234512511966734, 58.016156586084563 ], [ 56.234512895558979, 58.016138623624677 ], [ 56.234479047675094, 58.016138420054837 ], [ 56.23447828045623, 58.016174344974274 ], [ 56.234444432538893, 58.016174141395148 ], [ 56.234443665284289, 58.016210066314102 ], [ 56.234409817333486, 58.016209862725688 ], [ 56.234409050043134, 58.016245787644131 ], [ 56.234341354075084, 58.016245380439734 ], [ 56.234341737754413, 58.016227417980843 ], [ 56.234307889788042, 58.016227214365287 ], [ 56.23430750609176, 58.01624517682405 ], [ 56.234239810126468, 58.016244769565674 ], [ 56.234233670380789, 58.016532168894379 ], [ 56.234267518634518, 58.016532372530335 ], [ 56.234268286075249, 58.016496447614706 ], [ 56.234302134295525, 58.016496651241376 ], [ 56.234302517998245, 58.016478688783351 ], [ 56.234336366202029, 58.016478892400855 ], [ 56.234335982516271, 58.016496854859035 ] ] ] } },
{ "type": "Feature", "properties": { }, "geometry": { "type": "Polygon", "coordinates": [ [ [ 56.237959327123583, 58.006889481117248 ], [ 56.237925487943045, 58.006889278484003 ], [ 56.23792472445205, 58.006925203484833 ], [ 56.237958563666488, 58.00692540611837 ], [ 56.237959327123583, 58.006889481117248 ] ] ] } },
{ "type": "Feature", "properties": { }, "geometry": { "type": "Polygon", "coordinates": [ [ [ 56.237890885238066, 58.006925000842308 ], [ 56.237890121711359, 58.006960925842669 ], [ 56.237923960959229, 58.006961128485479 ], [ 56.23792472445205, 58.006925203484833 ], [ 56.237890885238066, 58.006925000842308 ] ] ] } },
{ "type": "Feature", "properties": { }, "geometry": { "type": "Polygon", "coordinates": [ [ [ 56.23788973994732, 58.006978888342765 ], [ 56.237890121711359, 58.006960925842669 ], [ 56.237856282463945, 58.006960723190844 ], [ 56.237855900682952, 58.006978685690825 ], [ 56.23788973994732, 58.006978888342765 ] ] ] } },
{ "type": "Feature", "properties": { }, "geometry": { "type": "Polygon", "coordinates": [ [ [ 56.239035700917853, 58.007201323210239 ], [ 56.238968021951784, 58.007200918505774 ], [ 56.238968403179001, 58.007182956001792 ], [ 56.238934563713592, 58.007182753636215 ], [ 56.2389349449573, 58.007164791132354 ], [ 56.238901105509306, 58.007164588757895 ], [ 56.2389014867695, 58.007146626254112 ], [ 56.238867647338907, 58.007146423870807 ], [ 56.238868409891815, 58.007110498863348 ], [ 56.238800731099786, 58.007110094070327 ], [ 56.238801112409455, 58.007092131566807 ], [ 56.238733433653138, 58.007091726738061 ], [ 56.238733814996245, 58.007073764234754 ], [ 56.238666136275654, 58.007073359370295 ], [ 56.238666517652199, 58.007055396867237 ], [ 56.238598838967334, 58.007054991967088 ], [ 56.238599220377317, 58.007037029464243 ], [ 56.238531541728165, 58.007036624528361 ], [ 56.238531923171585, 58.007018662025772 ], [ 56.238464244558166, 58.007018257054206 ], [ 56.238464626035018, 58.007000294551816 ], [ 56.238295429594189, 58.006999281966145 ], [ 56.238295811155325, 58.006981319464415 ], [ 56.238194293347149, 58.006980711805461 ], [ 56.238194674958663, 58.00696274930408 ], [ 56.23805931795529, 58.006961938966761 ], [ 56.238058936275991, 58.006979901467574 ], [ 56.237991257743147, 58.006979496244625 ], [ 56.237990876029485, 58.006997458745104 ], [ 56.237957036746806, 58.00699725611998 ], [ 56.237956655015743, 58.007015218620282 ], [ 56.238024333615456, 58.007015623861761 ], [ 56.238023951917832, 58.00703358636224 ], [ 56.238091630553271, 58.007033991568029 ], [ 56.238091248889077, 58.007051954068771 ], [ 56.238158927560235, 58.007052359238834 ], [ 56.238158545929487, 58.007070321739796 ], [ 56.238226224636371, 58.00707072687414 ], [ 56.238225843039054, 58.007088689375344 ], [ 56.238293521781664, 58.007089094473997 ], [ 56.238293140217785, 58.007107056975407 ], [ 56.238360818996114, 58.007107462038356 ], [ 56.23836043746568, 58.007125424540007 ], [ 56.238428116279721, 58.007125829567244 ], [ 56.238427734782725, 58.007143792069108 ], [ 56.238495413632492, 58.007144197060654 ], [ 56.238495032168935, 58.00716215956276 ], [ 56.238562711054421, 58.007162564518573 ], [ 56.238562329624301, 58.0071805270209 ], [ 56.23863000854552, 58.007180931941029 ], [ 56.238629627148832, 58.007198894443583 ], [ 56.23869730610577, 58.007199299328001 ], [ 56.23869692474252, 58.007217261830789 ], [ 56.238764603735177, 58.007217666679466 ], [ 56.238764222405365, 58.007235629182503 ], [ 56.238831901433748, 58.007236033995504 ], [ 56.238831520137374, 58.007253996498754 ], [ 56.238865359669198, 58.007254198891893 ], [ 56.238864978389316, 58.007272161395221 ], [ 56.238932657488228, 58.007272566154796 ], [ 56.238932276241776, 58.007290528658352 ], [ 56.238966115808871, 58.007290731024796 ], [ 56.238966497038369, 58.007272768521098 ], [ 56.239000336588965, 58.007272970878383 ], [ 56.23900109901269, 58.007237045870554 ], [ 56.239034938529848, 58.007237248218573 ], [ 56.239035700917853, 58.007201323210239 ] ] ] } },
{ "type": "Feature", "properties": { }, "geometry": { "type": "Polygon", "coordinates": [ [ [ 56.238041378533708, 58.00780617644741 ], [ 56.238075218580406, 58.00780637905185 ], [ 56.238075600263791, 58.007788416553325 ], [ 56.238007920204758, 58.007788011335748 ], [ 56.238008301921582, 58.007770048837457 ], [ 56.237940621898275, 58.007769643584169 ], [ 56.237941003648537, 58.007751681086098 ], [ 56.237873323660956, 58.007751275797084 ], [ 56.237873705444656, 58.007733313299262 ], [ 56.237839865468494, 58.007733110641404 ], [ 56.237839483667848, 58.007751073139097 ], [ 56.237805643675195, 58.007750870472094 ], [ 56.237804880038624, 58.007786795467048 ], [ 56.237771040012532, 58.007786592790765 ], [ 56.237770276340243, 58.007822517785222 ], [ 56.237736436280713, 58.007822315099673 ], [ 56.23773567257269, 58.007858240093618 ], [ 56.237871032949123, 58.007859050782976 ], [ 56.237871414735572, 58.00784108828546 ], [ 56.237972934971864, 58.007841696207585 ], [ 56.237973316707006, 58.007823733709586 ], [ 56.238040996832922, 58.007824138945729 ], [ 56.238041378533708, 58.00780617644741 ] ] ] } },
{ "type": "Feature", "properties": { }, "geometry": { "type": "Polygon", "coordinates": [ [ [ 56.237431875765552, 58.007820490524836 ], [ 56.237533395933148, 58.007821098797422 ], [ 56.237533777888167, 58.007803136301213 ], [ 56.237567617927994, 58.007803339040599 ], [ 56.237567999865604, 58.007785376544192 ], [ 56.237432639776806, 58.007784565533193 ], [ 56.237431875765552, 58.007820490524836 ] ] ] } },
{ "type": "Feature", "properties": { }, "geometry": { "type": "Polygon", "coordinates": [ [ [ 56.237701832479722, 58.00785803739879 ], [ 56.237701450608078, 58.007875999895568 ], [ 56.237735290717993, 58.007876202590545 ], [ 56.23773567257269, 58.007858240093618 ], [ 56.237701832479722, 58.00785803739879 ] ] ] } },
{ "type": "Feature", "properties": { }, "geometry": { "type": "Polygon", "coordinates": [ [ [ 56.237784643002968, 58.00873880775633 ], [ 56.237785406688012, 58.008702882766961 ], [ 56.237751565797552, 58.00870268008353 ], [ 56.237751947656335, 58.008684717588878 ], [ 56.237718106783277, 58.008684514896579 ], [ 56.237718870533378, 58.008648589907466 ], [ 56.237685029694667, 58.008648387206442 ], [ 56.237685411585986, 58.008630424711953 ], [ 56.23765157076469, 58.008630222002076 ], [ 56.237651952672493, 58.00861225950765 ], [ 56.237584271065167, 58.008611854061201 ], [ 56.237584653006415, 58.00859389156701 ], [ 56.237516971434822, 58.008593486084848 ], [ 56.237517353409501, 58.008575523590892 ], [ 56.237449671873634, 58.008575118073011 ], [ 56.237450053881766, 58.00855715557929 ], [ 56.237382372381624, 58.008556750025718 ], [ 56.2373819903396, 58.008574712519149 ], [ 56.237348149573265, 58.00857450972871 ], [ 56.237347385453951, 58.008610434715138 ], [ 56.237313544654178, 58.008610231915441 ], [ 56.237312780499131, 58.008646156901385 ], [ 56.23727893966592, 58.008645954092401 ], [ 56.237278557570768, 58.008663916585185 ], [ 56.237346239271545, 58.008664322194427 ], [ 56.237345857209824, 58.00868228468741 ], [ 56.237413538946342, 58.008682690260983 ], [ 56.237413156918059, 58.0087006527542 ], [ 56.237480838690296, 58.008701058292033 ], [ 56.237480456695465, 58.008719020785477 ], [ 56.237548138503428, 58.008719426287612 ], [ 56.237547756542028, 58.008737388781284 ], [ 56.237615438385731, 58.008737794247708 ], [ 56.237615056457777, 58.008755756741607 ], [ 56.237682738337199, 58.008756162172318 ], [ 56.237682356442683, 58.008774124666466 ], [ 56.237750038357831, 58.008774530061466 ], [ 56.23774965649676, 58.008792492555813 ], [ 56.237817338447641, 58.0087928979151 ], [ 56.237816956620001, 58.008810860409703 ], [ 56.237884638606609, 58.008811265733293 ], [ 56.237885020400348, 58.008793303238434 ], [ 56.237851179423764, 58.008793100581265 ], [ 56.237851943043758, 58.008757175591647 ], [ 56.237818102101528, 58.008756972925795 ], [ 56.237818483927789, 58.008739010431057 ], [ 56.237784643002968, 58.00873880775633 ] ] ] } },
{ "type": "Feature", "properties": { }, "geometry": { "type": "Polygon", "coordinates": [ [ [ 56.23805575212149, 58.008722466406439 ], [ 56.238021911210424, 58.008722263794837 ], [ 56.238021147761749, 58.008758188786061 ], [ 56.238054988706715, 58.008758391397947 ], [ 56.238054225290114, 58.008794316389249 ], [ 56.238121907249223, 58.008794721586582 ], [ 56.238121525574137, 58.008812684082443 ], [ 56.238189207568965, 58.008813089244079 ], [ 56.238190352491166, 58.008759201755517 ], [ 56.238122670598031, 58.008758796594734 ], [ 56.238123052271753, 58.008740834098717 ], [ 56.23805537041433, 58.008740428902236 ], [ 56.23805575212149, 58.008722466406439 ] ] ] } },
{ "type": "Feature", "properties": { }, "geometry": { "type": "Polygon", "coordinates": [ [ [ 56.236658714953464, 58.009163214187012 ], [ 56.236692556269965, 58.009163417162064 ], [ 56.236693703456936, 58.00910952969523 ], [ 56.236727544723045, 58.009109732660839 ], [ 56.236729074231462, 58.00903788270378 ], [ 56.236762915430234, 58.009038085659839 ], [ 56.236764062505884, 58.008984198191058 ], [ 56.236797903654264, 58.00898440113771 ], [ 56.236799433014262, 58.008912551178042 ], [ 56.236833274095311, 58.008912754115116 ], [ 56.236834421059648, 58.008858866644374 ], [ 56.236868262090304, 58.008859069572026 ], [ 56.236869408999674, 58.008805182100417 ], [ 56.236666363127718, 58.008803964402098 ], [ 56.236665980723359, 58.008821926891834 ], [ 56.236632139729352, 58.008821723910479 ], [ 56.236631757307585, 58.008839686400052 ], [ 56.236597916297093, 58.00883948340956 ], [ 56.236597151418273, 58.008875408388228 ], [ 56.236563310374343, 58.008875205388449 ], [ 56.236562545459797, 58.008911130366634 ], [ 56.236528704382422, 58.008910927357583 ], [ 56.236528321907514, 58.008928889846445 ], [ 56.236494480813647, 58.008928686828256 ], [ 56.23649409832133, 58.00894664931694 ], [ 56.236460257210972, 58.008946446289606 ], [ 56.236459874701254, 58.00896440877807 ], [ 56.236426033574404, 58.008964205741599 ], [ 56.236425268519682, 58.009000130718121 ], [ 56.236391427359393, 58.008999927672384 ], [ 56.236390662268946, 58.00903585264841 ], [ 56.236356821075219, 58.009035649593393 ], [ 56.236356438512352, 58.009053612081196 ], [ 56.236322597302134, 58.009053409017014 ], [ 56.236321832141137, 58.009089333992172 ], [ 56.236287990897473, 58.009089130918731 ], [ 56.236287225700742, 58.009125055893378 ], [ 56.236253384423641, 58.009124852810679 ], [ 56.236251088720763, 58.009232627732523 ], [ 56.236352612858546, 58.009233236956234 ], [ 56.236352230290649, 58.009251199443455 ], [ 56.236487595881897, 58.00925201161634 ], [ 56.236487213381338, 58.009269974104058 ], [ 56.236588737630441, 58.00927058313966 ], [ 56.236589502529405, 58.009234658163301 ], [ 56.236623343912783, 58.009234861156898 ], [ 56.23662410877602, 58.009198936180049 ], [ 56.236657950125959, 58.009199139164352 ], [ 56.236658714953464, 58.009163214187012 ] ] ] } },
{ "type": "Feature", "properties": { }, "geometry": { "type": "Polygon", "coordinates": [ [ [ 56.239300244464822, 58.009089206720063 ], [ 56.23930062555354, 58.00907124422011 ], [ 56.23923294305397, 58.009070839648373 ], [ 56.239233324176126, 58.009052877148633 ], [ 56.23916564171229, 58.0090524725412 ], [ 56.239166022867884, 58.00903451004168 ], [ 56.239098340439767, 58.009034105398534 ], [ 56.239098721628814, 58.009016142899235 ], [ 56.239031039236423, 58.009015738220405 ], [ 56.239031420458907, 58.00899777572134 ], [ 56.238963738102242, 58.008997371006778 ], [ 56.238964119358165, 58.00897940850794 ], [ 56.238896437037226, 58.008979003757659 ], [ 56.238896818326602, 58.008961041259049 ], [ 56.238829136041382, 58.008960636473091 ], [ 56.238829517364188, 58.008942673974694 ], [ 56.238761835114708, 58.00894226915301 ], [ 56.238761453757995, 58.008960231651109 ], [ 56.238693771476434, 58.008959826793152 ], [ 56.238693390085373, 58.00897778929091 ], [ 56.238591866615607, 58.008977181936054 ], [ 56.238591485173238, 58.008995144433364 ], [ 56.238557644000615, 58.008994941963607 ], [ 56.238557262540837, 58.009012904460697 ], [ 56.238624944920439, 58.009013309391491 ], [ 56.238624563494106, 58.009031271888816 ], [ 56.238692245909441, 58.009031676783884 ], [ 56.238691864516547, 58.009049639281436 ], [ 56.2387595469676, 58.009050044140793 ], [ 56.238759165608151, 58.009068006638593 ], [ 56.238826848094931, 58.009068411462252 ], [ 56.238826466768927, 58.009086373960244 ], [ 56.238894149291433, 58.009086778748191 ], [ 56.23889376799886, 58.009104741246446 ], [ 56.238961450557099, 58.009105145998682 ], [ 56.238961069297979, 58.009123108497164 ], [ 56.239028751891937, 58.00912351321368 ], [ 56.239028370666254, 58.009141475712362 ], [ 56.239096053295938, 58.009141880393187 ], [ 56.239095672103701, 58.009159842892117 ], [ 56.239163354769104, 58.009160247537217 ], [ 56.239162973610313, 58.00917821003636 ], [ 56.239230656311449, 58.009178614645776 ], [ 56.239230275186095, 58.009196577145154 ], [ 56.239297957922957, 58.009196981718844 ], [ 56.239297576831049, 58.009214944218442 ], [ 56.23936525960363, 58.009215348756413 ], [ 56.239365640661639, 58.009197386256531 ], [ 56.239331799292067, 58.0091971839922 ], [ 56.239333704660019, 58.00910737149264 ], [ 56.239367545944845, 58.009107573756289 ], [ 56.239367927000117, 58.009089611256073 ], [ 56.239300244464822, 58.009089206720063 ] ] ] } },
{ "type": "Feature", "properties": { }, "geometry": { "type": "Polygon", "coordinates": [ [ [ 56.237600542856526, 58.00943833147074 ], [ 56.237602834521695, 58.009330556518577 ], [ 56.237636676003554, 58.009330759242921 ], [ 56.237639349473454, 58.009205021795324 ], [ 56.237605508110242, 58.009204819071947 ], [ 56.237605890049629, 58.009186856579369 ], [ 56.237741255437442, 58.009187667418331 ], [ 56.237741637308581, 58.009169704925128 ], [ 56.237673954647654, 58.009169299523933 ], [ 56.237674336552232, 58.009151337030985 ], [ 56.237606653927038, 58.009150931594064 ], [ 56.237607035865061, 58.009132969101302 ], [ 56.237539353275594, 58.009132563628683 ], [ 56.237539735247054, 58.009114601136183 ], [ 56.237472052693313, 58.009114195627866 ], [ 56.237472434698219, 58.009096233135566 ], [ 56.237404752180211, 58.009095827591523 ], [ 56.237405134218555, 58.009077865099471 ], [ 56.237337451736281, 58.00907745951973 ], [ 56.237336687591331, 58.009113384503216 ], [ 56.237302846316979, 58.009113181699561 ], [ 56.23730208213631, 58.009149106682585 ], [ 56.23726824082852, 58.009148903869644 ], [ 56.237267476612118, 58.009184828852156 ], [ 56.237165952589791, 58.00918422035852 ], [ 56.23716633474907, 58.009166257867712 ], [ 56.237098652103704, 58.009165852160592 ], [ 56.237099034296421, 58.009147889670025 ], [ 56.237031351686781, 58.009147483927201 ], [ 56.237031733912943, 58.009129521436833 ], [ 56.236930210052776, 58.009128912755521 ], [ 56.236929445498298, 58.009164837735327 ], [ 56.236895604178592, 58.009164634823279 ], [ 56.236894839588388, 58.009200559802579 ], [ 56.236860998235237, 58.009200356881259 ], [ 56.236860233609299, 58.009236281860105 ], [ 56.236792550836576, 58.009235875989866 ], [ 56.236792933183672, 58.009217913500763 ], [ 56.236759091814953, 58.009217710552313 ], [ 56.236758327086399, 58.009253635530193 ], [ 56.236724485684235, 58.00925343257245 ], [ 56.236723720919947, 58.009289357549818 ], [ 56.236689879484338, 58.00928915458281 ], [ 56.236689114684324, 58.009325079559673 ], [ 56.236756797623798, 58.009325485485284 ], [ 56.236756415256998, 58.009343447973926 ], [ 56.236824098232205, 58.009343853863825 ], [ 56.236823715898858, 58.009361816352687 ], [ 56.236891398909783, 58.009362222206875 ], [ 56.236891016609874, 58.009380184695978 ], [ 56.23692485813298, 58.009380387609703 ], [ 56.236925622698443, 58.009344462631176 ], [ 56.236959464188104, 58.009344665535643 ], [ 56.236959846453203, 58.009326703046156 ], [ 56.236993687926372, 58.009326905941471 ], [ 56.236993305678226, 58.0093448684311 ], [ 56.237027147168803, 58.009345071317547 ], [ 56.237027529400002, 58.009327108827783 ], [ 56.237061370874081, 58.009327311705114 ], [ 56.237061753087872, 58.009309349215144 ], [ 56.237095594545465, 58.009309552083323 ], [ 56.237095976741848, 58.009291589593175 ], [ 56.23712981818295, 58.009291792452224 ], [ 56.237130582540438, 58.009255867471467 ], [ 56.237299789583318, 58.009256881630336 ], [ 56.237299407489552, 58.009274844121421 ], [ 56.237333248916443, 58.009275046926348 ], [ 56.237332102683247, 58.009328934399782 ], [ 56.237298261205503, 58.009328731594422 ], [ 56.237297879109903, 58.009346694085323 ], [ 56.237230196121878, 58.009346288447354 ], [ 56.237228667599311, 58.009418138409288 ], [ 56.237194826038184, 58.009417935576252 ], [ 56.237194061740261, 58.009453860556604 ], [ 56.237261744930763, 58.009454266214256 ], [ 56.237261362815005, 58.009472228704645 ], [ 56.237329046041246, 58.009472634326571 ], [ 56.237328663958934, 58.00949059681718 ], [ 56.237430188852564, 58.009491205183018 ], [ 56.237429806820643, 58.009509167674004 ], [ 56.237531331769247, 58.009509775959273 ], [ 56.237532095730927, 58.00947385097642 ], [ 56.237565937347476, 58.009474053719913 ], [ 56.237566319310673, 58.009456091228238 ], [ 56.23763400251125, 58.009456496687932 ], [ 56.237634384440092, 58.009438534195951 ], [ 56.237600542856526, 58.00943833147074 ] ] ] } },
{ "type": "Feature", "properties": { }, "geometry": { "type": "Polygon", "coordinates": [ [ [ 56.239187286266173, 58.009627474810792 ], [ 56.239187667419422, 58.009609512312807 ], [ 56.239221509177021, 58.009609714616388 ], [ 56.239221890312869, 58.009591752118212 ], [ 56.239255732053969, 58.009591954412649 ], [ 56.239258399873492, 58.009466216922995 ], [ 56.2392922414964, 58.009466419207428 ], [ 56.239292622594697, 58.009448456708583 ], [ 56.239326464201113, 58.009448658983892 ], [ 56.239327226362434, 58.009412733985705 ], [ 56.239361067935405, 58.009412936251735 ], [ 56.239361830061007, 58.009377011253065 ], [ 56.239395671600533, 58.009377213509808 ], [ 56.239396052645702, 58.009359251010267 ], [ 56.239429894168737, 58.009359453257872 ], [ 56.239430656223796, 58.009323528258328 ], [ 56.239464497713385, 58.009323730496654 ], [ 56.239465259732725, 58.009287805496605 ], [ 56.239499101188869, 58.009288007725686 ], [ 56.239499482180904, 58.009270045225435 ], [ 56.239533323620563, 58.009270247445365 ], [ 56.23953408556936, 58.009234322444435 ], [ 56.239567926975568, 58.009234524655078 ], [ 56.239568688888653, 58.009198599653665 ], [ 56.239602530261415, 58.00919880185505 ], [ 56.239602911200322, 58.009180839354109 ], [ 56.239636752556592, 58.009181041546334 ], [ 56.239637133478091, 58.009163079045223 ], [ 56.239603292138767, 58.009162876853139 ], [ 56.239603673076765, 58.009144914352099 ], [ 56.239535990433389, 58.009144509941201 ], [ 56.239536371404817, 58.009126547440424 ], [ 56.239468688797167, 58.009126142993829 ], [ 56.239467926786041, 58.009162067994815 ], [ 56.239434085448998, 58.00916186575774 ], [ 56.239433323402153, 58.009197790758243 ], [ 56.239399482031665, 58.009197588511896 ], [ 56.23939910099061, 58.009215551011906 ], [ 56.23936525960363, 58.009215348756413 ], [ 56.239364116426863, 58.00926923625579 ], [ 56.239330274989499, 58.009269033990869 ], [ 56.239329512835468, 58.009304958989894 ], [ 56.239295671364658, 58.009304756715714 ], [ 56.239294909174902, 58.009340681714242 ], [ 56.239261067670647, 58.009340479430776 ], [ 56.239260305445171, 58.009376404428806 ], [ 56.239226463907471, 58.00937620213606 ], [ 56.239225701646276, 58.009412127133622 ], [ 56.239191860075131, 58.009411924831596 ], [ 56.239191097778203, 58.009447849828661 ], [ 56.23915725617362, 58.009447647517341 ], [ 56.239156493840966, 58.009483572513908 ], [ 56.239122652202937, 58.009483370193344 ], [ 56.23912188983455, 58.009519295189406 ], [ 56.239088048163083, 58.009519092859549 ], [ 56.239087285758977, 58.009555017855142 ], [ 56.239053444054058, 58.009554815515997 ], [ 56.239052681614226, 58.009590740511094 ], [ 56.239018839875868, 58.009590538162662 ], [ 56.239018077400303, 58.009626463157275 ], [ 56.238916552086266, 58.009625856057184 ], [ 56.23891693337513, 58.009607893560343 ], [ 56.238849249868615, 58.009607488782251 ], [ 56.238849631190924, 58.009589526285616 ], [ 56.238781947720142, 58.009589121471819 ], [ 56.238782329075889, 58.009571158975405 ], [ 56.238816170794095, 58.009571361386683 ], [ 56.238816933470318, 58.009535436393435 ], [ 56.238850775155086, 58.009535638795413 ], [ 56.238851537795583, 58.009499713801695 ], [ 56.238885379446906, 58.009499916194407 ], [ 56.238885760749511, 58.009481953697339 ], [ 56.23881807748122, 58.00948154890321 ], [ 56.238818458817278, 58.009463586406341 ], [ 56.238750775584712, 58.0094631815765 ], [ 56.238751156954208, 58.009445219079886 ], [ 56.238683473757362, 58.009444814214334 ], [ 56.238683092353966, 58.009462776710663 ], [ 56.238649250739286, 58.009462574264276 ], [ 56.238648869318475, 58.009480536760421 ], [ 56.238615027687302, 58.009480334304868 ], [ 56.238614264810423, 58.009516259296731 ], [ 56.238580423145798, 58.009516056831892 ], [ 56.238580041689723, 58.009534019327603 ], [ 56.238512358327952, 58.009533614370667 ], [ 56.238511213855283, 58.009587501856657 ], [ 56.238545055586791, 58.009587704340042 ], [ 56.238544674111935, 58.009605666835419 ], [ 56.238578515860851, 58.009605869309937 ], [ 56.238578134402495, 58.009623831805378 ], [ 56.238611976168819, 58.009624034271056 ], [ 56.238611594726947, 58.009641996766582 ], [ 56.23867927829486, 58.009642401671222 ], [ 56.238678896886441, 58.009660364166983 ], [ 56.238780422292585, 58.00966097145686 ], [ 56.238780040934557, 58.009678933953005 ], [ 56.239050775506648, 58.009680552997899 ], [ 56.239051156729076, 58.009662590500639 ], [ 56.239084998535695, 58.009662792840622 ], [ 56.239085379740722, 58.009644830343184 ], [ 56.239119221530842, 58.009645032674015 ], [ 56.239119602718453, 58.009627070176364 ], [ 56.239187286266173, 58.009627474810792 ] ] ] } },
{ "type": "Feature", "properties": { }, "geometry": { "type": "Polygon", "coordinates": [ [ [ 56.236748003071654, 58.009738622710728 ], [ 56.236781844931919, 58.009738825663277 ], [ 56.23678146257155, 58.009756788150824 ], [ 56.236916830085015, 58.009757599871591 ], [ 56.236917594669706, 58.009721674895275 ], [ 56.236951436515319, 58.009721877802683 ], [ 56.236952201064284, 58.009685952825883 ], [ 56.236986042876453, 58.009686155724012 ], [ 56.236986807389684, 58.009650230746708 ], [ 56.237020649168414, 58.009650433635549 ], [ 56.237021413645913, 58.009614508657755 ], [ 56.237055255391198, 58.009614711537338 ], [ 56.23705601983297, 58.009578786559054 ], [ 56.23708986154481, 58.009578989429329 ], [ 56.237090625950849, 58.009543064450561 ], [ 56.237124467629251, 58.009543267311564 ], [ 56.237124085443412, 58.009561229801143 ], [ 56.23719176883548, 58.009561635496468 ], [ 56.237191386683079, 58.009579597986232 ], [ 56.237259070110881, 58.009580003645844 ], [ 56.237258687991925, 58.009597966135878 ], [ 56.237292529723469, 58.00959816895233 ], [ 56.23729291182547, 58.009580206462168 ], [ 56.237326753540522, 58.009580409269446 ], [ 56.237327135625115, 58.009562446779121 ], [ 56.237293293927017, 58.009562243971956 ], [ 56.237293676028109, 58.009544281481695 ], [ 56.237225992667192, 58.009543875840635 ], [ 56.237226374801729, 58.009525913350586 ], [ 56.237158691476537, 58.009525507673828 ], [ 56.237159073644513, 58.009507545184043 ], [ 56.237091390355054, 58.009507139471559 ], [ 56.237091772556468, 58.009489176981987 ], [ 56.237057930929382, 58.009488974112394 ], [ 56.237058695364745, 58.009453049133356 ], [ 56.237024853772006, 58.009452846255058 ], [ 56.237025236005955, 58.009434883765593 ], [ 56.236991394430625, 58.009434680878442 ], [ 56.236990629928378, 58.009470605857011 ], [ 56.237024471537609, 58.009470808744453 ], [ 56.237024089302743, 58.009488771233805 ], [ 56.236990247676566, 58.009488568346207 ], [ 56.236989483171584, 58.00952449332447 ], [ 56.236955641511962, 58.009524290427599 ], [ 56.23695487697124, 58.009560215405365 ], [ 56.236921035278179, 58.009560012499222 ], [ 56.236920270701717, 58.009595937476504 ], [ 56.236886428975225, 58.009595734561067 ], [ 56.236885664363029, 58.009631659537845 ], [ 56.236851822603086, 58.009631456613135 ], [ 56.236851057955171, 58.009667381589423 ], [ 56.236817216161782, 58.009667178655434 ], [ 56.236816451478134, 58.009703103631225 ], [ 56.236714925999024, 58.009702494774452 ], [ 56.236715308391929, 58.009684532286983 ], [ 56.236478415742006, 58.009683111307211 ], [ 56.236478798253103, 58.009665148820702 ], [ 56.236411114676869, 58.009664742745784 ], [ 56.236411497221404, 58.009646780259509 ], [ 56.236343813680897, 58.009646374148865 ], [ 56.236344196258877, 58.009628411662803 ], [ 56.236310354506259, 58.009628208594144 ], [ 56.236311119694747, 58.009592283622155 ], [ 56.236344961413465, 58.009592486690536 ], [ 56.236346109141913, 58.009538599231739 ], [ 56.236379950810232, 58.009538802290706 ], [ 56.236381098483712, 58.009484914831006 ], [ 56.236414940101639, 58.00948511788053 ], [ 56.236415322641598, 58.009467155393743 ], [ 56.236347639440098, 58.009466749285913 ], [ 56.236348404586437, 58.009430824312709 ], [ 56.236382246153056, 58.00943102737083 ], [ 56.236383011263669, 58.009395102397121 ], [ 56.236315328198671, 58.009394696272452 ], [ 56.236315710787188, 58.009376733785786 ], [ 56.236180344730514, 58.009375921429005 ], [ 56.23617919676019, 58.009429808887127 ], [ 56.236145355196314, 58.009429605775019 ], [ 56.236144207171016, 58.009483493232224 ], [ 56.236110365556748, 58.009483290110694 ], [ 56.236108834782137, 58.009555140052342 ], [ 56.23607499310053, 58.009554936921241 ], [ 56.236073844963911, 58.009608824376514 ], [ 56.236040003231913, 58.009608621235998 ], [ 56.236038855040313, 58.009662508690361 ], [ 56.236005013257916, 58.009662305540424 ], [ 56.236003865011348, 58.009716192993885 ], [ 56.236037706844584, 58.009716396144242 ], [ 56.236037324111763, 58.009734358628769 ], [ 56.236105007813521, 58.009734764902788 ], [ 56.236104625114137, 58.009752727387514 ], [ 56.236172308851636, 58.009753133625821 ], [ 56.23617192618569, 58.009771096110804 ], [ 56.236239609958915, 58.009771502313399 ], [ 56.236240757853665, 58.009717614857429 ], [ 56.236274599690113, 58.009717817944804 ], [ 56.236273451846216, 58.009771705401192 ], [ 56.236307293733979, 58.009771908479991 ], [ 56.236306911135379, 58.009789870965456 ], [ 56.236340753040551, 58.009790074035429 ], [ 56.236340370458443, 58.009808036521022 ], [ 56.23640805430405, 58.009808442634188 ], [ 56.236407671755387, 58.009826405119988 ], [ 56.236678407291755, 58.009828029213864 ], [ 56.236678789704811, 58.009810066726935 ], [ 56.236712631631974, 58.009810269698036 ], [ 56.23671377881756, 58.009756382236475 ], [ 56.236747620694324, 58.009756585198147 ], [ 56.236748003071654, 58.009738622710728 ] ] ] } },
{ "type": "Feature", "properties": { }, "geometry": { "type": "Polygon", "coordinates": [ [ [ 56.236917794547658, 58.011302576574067 ], [ 56.236850107873501, 58.011302170725457 ], [ 56.236850490222402, 58.011284208241989 ], [ 56.236782803583985, 58.011283802357653 ], [ 56.236783185966338, 58.01126583987444 ], [ 56.236715499363655, 58.011265433954406 ], [ 56.236715881779453, 58.011247471471378 ], [ 56.23664819521251, 58.011247065515633 ], [ 56.236648577661754, 58.011229103032875 ], [ 56.236580891130544, 58.01122869704141 ], [ 56.236581273613233, 58.011210734558851 ], [ 56.236513587117749, 58.011210328531689 ], [ 56.23651396963389, 58.011192366049372 ], [ 56.236446283174153, 58.011191959986498 ], [ 56.23644666572374, 58.011173997504386 ], [ 56.236412822511504, 58.011173794459594 ], [ 56.236412057377976, 58.011209719423441 ], [ 56.236378214132301, 58.011209516369362 ], [ 56.236377448963026, 58.011245441332719 ], [ 56.236343605683906, 58.01124523826936 ], [ 56.236342457875715, 58.011299125713585 ], [ 56.236410144536123, 58.011299531832137 ], [ 56.236409761966378, 58.01131749431373 ], [ 56.236477448662534, 58.01131790039657 ], [ 56.236477066126241, 58.011335862878397 ], [ 56.236544752858123, 58.011336268925525 ], [ 56.236544370355276, 58.011354231407566 ], [ 56.236612057122905, 58.011354637418989 ], [ 56.236611674653496, 58.011372599901257 ], [ 56.236679361456858, 58.011373005876969 ], [ 56.236678979020894, 58.011390968359457 ], [ 56.236746665859997, 58.011391374299478 ], [ 56.236746283457478, 58.011409336782208 ], [ 56.236813970332314, 58.011409742686496 ], [ 56.236813587963248, 58.011427705169467 ], [ 56.236847431418298, 58.011427908108246 ], [ 56.236848196122075, 58.011391983141976 ], [ 56.236882039543687, 58.011392186071497 ], [ 56.236882804211724, 58.011356261104744 ], [ 56.236916647599891, 58.011356464024978 ], [ 56.236917794547658, 58.011302576574067 ] ] ] } },
{ "type": "Feature", "properties": { }, "geometry": { "type": "Polygon", "coordinates": [ [ [ 56.237509019717436, 58.012150464387645 ], [ 56.237441331433267, 58.012150058849763 ], [ 56.237441713498548, 58.012132096366237 ], [ 56.237374025250112, 58.012131690792629 ], [ 56.237374407348845, 58.012113728309316 ], [ 56.237272875030484, 58.012113119881853 ], [ 56.237272110730849, 58.012149044847554 ], [ 56.237238266591731, 58.012148842020125 ], [ 56.237237502256363, 58.012184766985321 ], [ 56.237406723126021, 58.012185781033907 ], [ 56.237406341042409, 58.012203743517134 ], [ 56.237474029427389, 58.012204149073888 ], [ 56.237474793526331, 58.012168224106809 ], [ 56.2375086376856, 58.012168426871405 ], [ 56.237509019717436, 58.012150464387645 ] ] ] } },
{ "type": "Feature", "properties": { }, "geometry": { "type": "Polygon", "coordinates": [ [ [ 56.2372036580838, 58.012184564148598 ], [ 56.23720327589848, 58.012202526630972 ], [ 56.237237120087983, 58.012202729467845 ], [ 56.237237502256363, 58.012184766985321 ], [ 56.2372036580838, 58.012184564148598 ] ] ] } },
{ "type": "Feature", "properties": { }, "geometry": { "type": "Polygon", "coordinates": [ [ [ 56.237030232231689, 58.012381137125587 ], [ 56.237029467680969, 58.012417062087728 ], [ 56.236995623290767, 58.012416859195184 ], [ 56.236994858704314, 58.012452784156842 ], [ 56.236961014280666, 58.01245258125504 ], [ 56.236960249658466, 58.012488506216187 ], [ 56.236926405201373, 58.012488303305091 ], [ 56.236925640543447, 58.012524228265747 ], [ 56.236891796052895, 58.012524025345378 ], [ 56.236891413706289, 58.012541987825479 ], [ 56.236959102721748, 58.01254239365754 ], [ 56.236958720408595, 58.012560356137875 ], [ 56.237026409459794, 58.012560761934203 ], [ 56.237026027180086, 58.01257872441478 ], [ 56.237059871723332, 58.012578927299607 ], [ 56.237062165292983, 58.012471152414513 ], [ 56.237096009734962, 58.012471355289492 ], [ 56.23709677422061, 58.012435430327102 ], [ 56.237062929812538, 58.012435227452421 ], [ 56.237064076588439, 58.012381340008858 ], [ 56.237030232231689, 58.012381137125587 ] ] ] } },
{ "type": "Feature", "properties": { }, "geometry": { "type": "Polygon", "coordinates": [ [ [ 56.238812542273195, 58.012930752171613 ], [ 56.238744852495365, 58.012930347323532 ], [ 56.238745233919126, 58.012912384836788 ], [ 56.23867754417703, 58.01291197995301 ], [ 56.238677925634242, 58.012894017466508 ], [ 56.238610235927894, 58.012893612547003 ], [ 56.238610617418551, 58.012875650060721 ], [ 56.238542927747929, 58.012875245105505 ], [ 56.238543309272046, 58.012857282619464 ], [ 56.238475619637157, 58.012856877628522 ], [ 56.238476001194726, 58.01283891514268 ], [ 56.23840831159557, 58.01283851011604 ], [ 56.238408693186585, 58.012820547630461 ], [ 56.238341003623169, 58.012820142568081 ], [ 56.238341385247637, 58.012802180082716 ], [ 56.238273695719954, 58.012801774984652 ], [ 56.238274459035331, 58.012765850014304 ], [ 56.238206769577289, 58.012765444880806 ], [ 56.238207914648648, 58.012711557425718 ], [ 56.238241759326577, 58.012711759996542 ], [ 56.238242522671285, 58.012675835025966 ], [ 56.238276367315763, 58.012676037587518 ], [ 56.238277130624738, 58.012640112616431 ], [ 56.23831097523577, 58.012640315168717 ], [ 56.23831250178042, 58.012568465225321 ], [ 56.238278657237203, 58.012568262673618 ], [ 56.238279420540692, 58.012532337701927 ], [ 56.238245576031844, 58.012532135141477 ], [ 56.238247102701145, 58.012460285197996 ], [ 56.238213258260565, 58.01246008262914 ], [ 56.238214403308604, 58.012406195171394 ], [ 56.238180558919346, 58.012405992593941 ], [ 56.238179795520537, 58.01244191756556 ], [ 56.23814595109782, 58.012441714978848 ], [ 56.238145187663271, 58.012477639949957 ], [ 56.238111343207116, 58.012477437353965 ], [ 56.238110579736833, 58.012513362324583 ], [ 56.238076735247226, 58.012513159719305 ], [ 56.238075971741203, 58.012549084689439 ], [ 56.238042127218151, 58.012548882074888 ], [ 56.238041363676395, 58.012584807044512 ], [ 56.238007519119883, 58.012584604420681 ], [ 56.238006755542393, 58.012620529389814 ], [ 56.237972910952436, 58.012620326756711 ], [ 56.237972147339214, 58.012656251725367 ], [ 56.237938302715804, 58.012656049082963 ], [ 56.237937920891554, 58.012674011567071 ], [ 56.237971765531917, 58.012674214209603 ], [ 56.237971383724158, 58.012692176693797 ], [ 56.237937539066841, 58.01269197405113 ], [ 56.237936775416053, 58.012727899019083 ], [ 56.237902930725284, 58.012727696367115 ], [ 56.237902167038762, 58.012763621334578 ], [ 56.23786832231454, 58.012763418673323 ], [ 56.237867558592278, 58.01279934364031 ], [ 56.23793524810899, 58.012799748954365 ], [ 56.237934866281073, 58.012817711438061 ], [ 56.238002555833518, 58.012818116716375 ], [ 56.238002174039053, 58.012836079200277 ], [ 56.23813755321725, 58.012836889649513 ], [ 56.238137171490145, 58.012854852133948 ], [ 56.238171016302786, 58.012855054723907 ], [ 56.23817063459218, 58.012873017208406 ], [ 56.238136789762578, 58.012872814618319 ], [ 56.238136408034563, 58.012890777102641 ], [ 56.238170252881119, 58.012890979692884 ], [ 56.238169871169603, 58.012908942177283 ], [ 56.238237560897979, 58.012909347331032 ], [ 56.238237942575594, 58.012891384846348 ], [ 56.238271787423521, 58.012891587409584 ], [ 56.238272169083722, 58.012873624924701 ], [ 56.238339858747025, 58.012874030023895 ], [ 56.238339477120739, 58.012891992509061 ], [ 56.23837332197003, 58.012892195045303 ], [ 56.238372558749973, 58.012928120015758 ], [ 56.23840640363364, 58.012928322543274 ], [ 56.238406022039875, 58.012946285028548 ], [ 56.238439866940951, 58.012946487547211 ], [ 56.238439103785971, 58.012982412517907 ], [ 56.238506793657301, 58.012982817528801 ], [ 56.238506412113026, 58.013000780014366 ], [ 56.238574102020095, 58.013001184989534 ], [ 56.238573720509279, 58.013019147475305 ], [ 56.238641410452075, 58.013019552414761 ], [ 56.238641028974712, 58.013037514900773 ], [ 56.238708718953248, 58.013037919804532 ], [ 56.23870833750933, 58.01305588229075 ], [ 56.238776027523599, 58.013056287158783 ], [ 56.238775646113133, 58.013074249645257 ], [ 56.238843336163143, 58.013074654477577 ], [ 56.238842954786129, 58.013092616964244 ], [ 56.238876799828773, 58.01309281936706 ], [ 56.238877943907575, 58.013038931906394 ], [ 56.238844098915798, 58.013038729504039 ], [ 56.238845243041354, 58.012984842043309 ], [ 56.238811398100886, 58.012984639632364 ], [ 56.238812542273195, 58.012930752171613 ] ] ] } },
{ "type": "Feature", "properties": { }, "geometry": { "type": "Polygon", "coordinates": [ [ [ 56.236338805531275, 58.013059651708311 ], [ 56.236372650523101, 58.01305985477692 ], [ 56.236373033137305, 58.013041892300421 ], [ 56.236406878112639, 58.013042095359886 ], [ 56.236407260709413, 58.013024132883224 ], [ 56.236441105668256, 58.013024335933537 ], [ 56.236440723088428, 58.013042298410326 ], [ 56.236508413041385, 58.013042704484249 ], [ 56.236508795587305, 58.013024742007175 ], [ 56.236542640547512, 58.01302494503048 ], [ 56.236542258018545, 58.013042907507703 ], [ 56.23664379295279, 58.013043516524078 ], [ 56.236644557908555, 58.013007591568716 ], [ 56.236678402853634, 58.01300779455589 ], [ 56.236678785313877, 58.012989832077992 ], [ 56.236611095458059, 58.012989426094933 ], [ 56.236611477951747, 58.012971463617255 ], [ 56.236645322862472, 58.01297166661314 ], [ 56.236645705338745, 58.012953704135292 ], [ 56.236679550232978, 58.012953907122046 ], [ 56.236679167773651, 58.012971869600044 ], [ 56.236713012685293, 58.012972072577945 ], [ 56.23671377756957, 58.012936147621573 ], [ 56.236747622447766, 58.012936350590202 ], [ 56.236748387296295, 58.012900425633376 ], [ 56.236782232141039, 58.012900628592696 ], [ 56.236782996953835, 58.01286470363538 ], [ 56.236816841765126, 58.012864906585442 ], [ 56.236817606542175, 58.012828981627607 ], [ 56.236851451320021, 58.012829184568382 ], [ 56.236852598431305, 58.012775297130837 ], [ 56.236784908977803, 58.012774891241122 ], [ 56.236785291381224, 58.01275692876213 ], [ 56.236683757255257, 58.012756319860493 ], [ 56.236684139709084, 58.012738357381863 ], [ 56.236582605638105, 58.012737748399672 ], [ 56.236582988142331, 58.012719785921412 ], [ 56.236481454126341, 58.012719176858653 ], [ 56.236481836680966, 58.012701214380755 ], [ 56.236380302719958, 58.012700605237427 ], [ 56.236380685324988, 58.012682642759913 ], [ 56.236312996053847, 58.012682236619639 ], [ 56.236313378692323, 58.012664274142331 ], [ 56.236245689456922, 58.01266386796636 ], [ 56.236243776090411, 58.012753680350897 ], [ 56.236209931388629, 58.012753477248715 ], [ 56.236209166004905, 58.012789402201889 ], [ 56.236243010740601, 58.012789605304356 ], [ 56.236242628065, 58.012807567781003 ], [ 56.236310317571657, 58.012807973959248 ], [ 56.236309552286905, 58.012843898912955 ], [ 56.236377241863217, 58.012844305055758 ], [ 56.236377624471913, 58.012826342578634 ], [ 56.236411469243798, 58.012826545636393 ], [ 56.236411086652055, 58.012844508113652 ], [ 56.23647877623111, 58.012844914202461 ], [ 56.236478393672819, 58.012862876679932 ], [ 56.236546083287614, 58.012863282733022 ], [ 56.236546465811998, 58.012845320255259 ], [ 56.236580310603131, 58.012845523268183 ], [ 56.236579163079462, 58.012899410701714 ], [ 56.236511473395929, 58.012899004666053 ], [ 56.236511090853213, 58.012916967143518 ], [ 56.236477245995189, 58.012916764112049 ], [ 56.236476480874472, 58.012952689066523 ], [ 56.236442635982989, 58.012952486025775 ], [ 56.236443018560536, 58.012934523548694 ], [ 56.236375328812862, 58.012934117440473 ], [ 56.23637571142384, 58.012916154963655 ], [ 56.236341866567649, 58.012915951896183 ], [ 56.236341483939704, 58.01293391437288 ], [ 56.236307639067007, 58.012933711296284 ], [ 56.236306873775845, 58.012969636249231 ], [ 56.236273028869704, 58.012969433163342 ], [ 56.236272263542794, 58.013005358115819 ], [ 56.236238418603207, 58.013005155020657 ], [ 56.236237653240558, 58.013041079972623 ], [ 56.236203808267518, 58.013040876868175 ], [ 56.236202660169241, 58.013094764295332 ], [ 56.236236505193148, 58.013094967400207 ], [ 56.236236122509759, 58.013112929875959 ], [ 56.236269967551074, 58.013113132971966 ], [ 56.236270350217509, 58.013095170496065 ], [ 56.236304195242326, 58.013095373582956 ], [ 56.236304577891346, 58.013077411106856 ], [ 56.236338422899671, 58.013077614184596 ], [ 56.236338805531275, 58.013059651708311 ] ], [ [ 56.236578398061383, 58.012935335657133 ], [ 56.236577633041477, 58.012971260612346 ], [ 56.236543788131677, 58.012971057598456 ], [ 56.236544553185482, 58.012935132643541 ], [ 56.236578398061383, 58.012935335657133 ] ], [ [ 56.236715307332624, 58.012864297708269 ], [ 56.236714924892546, 58.012882260186686 ], [ 56.236681080065672, 58.012882057209488 ], [ 56.236681462522704, 58.012864094731214 ], [ 56.236715307332624, 58.012864297708269 ] ] ] } },
{ "type": "Feature", "properties": { }, "geometry": { "type": "Polygon", "coordinates": [ [ [ 56.239079870094223, 58.013094033594875 ], [ 56.239078726316478, 58.013147921057573 ], [ 56.23911257141318, 58.013148123397819 ], [ 56.239113715140057, 58.01309423593468 ], [ 56.239079870094223, 58.013094033594875 ] ] ] } },
{ "type": "Feature", "properties": { }, "geometry": { "type": "Polygon", "coordinates": [ [ [ 56.23911257141318, 58.013148123397819 ], [ 56.239112190169976, 58.013166085885402 ], [ 56.239146035284087, 58.01316628821678 ], [ 56.239146416510344, 58.013148325729034 ], [ 56.23911257141318, 58.013148123397819 ] ] ] } },
{ "type": "Feature", "properties": { }, "geometry": { "type": "Polygon", "coordinates": [ [ [ 56.23716964179696, 58.013783224874416 ], [ 56.237170406247735, 58.013747299918847 ], [ 56.237204251895278, 58.013747502767821 ], [ 56.237205016310305, 58.013711577811776 ], [ 56.237238861924403, 58.013711780651469 ], [ 56.237239626303698, 58.013675855694913 ], [ 56.237273471884336, 58.013676058525306 ], [ 56.237274236227883, 58.013640133568295 ], [ 56.237308081775076, 58.013640336389415 ], [ 56.237308846082882, 58.013604411431906 ], [ 56.237342691596631, 58.013604614243754 ], [ 56.237343455868697, 58.013568689285741 ], [ 56.237377301348978, 58.013568892088301 ], [ 56.237378065585311, 58.013532967129798 ], [ 56.237411911032147, 58.013533169923072 ], [ 56.237412675232733, 58.013497244964071 ], [ 56.237446520646124, 58.013497447748087 ], [ 56.23744690272877, 58.01347948526837 ], [ 56.237379211936371, 58.013479079691656 ], [ 56.237379594052477, 58.013461117212152 ], [ 56.237345748673917, 58.013460914410437 ], [ 56.237346512938657, 58.013424989451586 ], [ 56.237312667594466, 58.013424786641153 ], [ 56.237313431891288, 58.013388861682365 ], [ 56.237245741272091, 58.013388456035059 ], [ 56.237244976907448, 58.013424380993293 ], [ 56.237211131564628, 58.013424178155852 ], [ 56.237210367164252, 58.01346010311358 ], [ 56.23717652178798, 58.013459900266874 ], [ 56.237175757351856, 58.013495825224091 ], [ 56.237141911942132, 58.013495622368112 ], [ 56.237141147470268, 58.01353154732486 ], [ 56.237107302027091, 58.013531344459579 ], [ 56.237106537519495, 58.01356726941583 ], [ 56.237072692042865, 58.013567066541263 ], [ 56.237071545227167, 58.013620953974836 ], [ 56.237037699700139, 58.013620751090869 ], [ 56.237036935120138, 58.013656676046025 ], [ 56.237003089559657, 58.013656473152771 ], [ 56.237002324943909, 58.01369239810743 ], [ 56.236968479349983, 58.013692195204889 ], [ 56.236967714698494, 58.013728120159065 ], [ 56.236933869071116, 58.013727917247259 ], [ 56.236931575003943, 58.013835692107683 ], [ 56.236965420733064, 58.013835895020343 ], [ 56.236965038403888, 58.013853857497047 ], [ 56.2370327298974, 58.013854263295656 ], [ 56.237032347601676, 58.013872225772573 ], [ 56.237066193366076, 58.01387242865853 ], [ 56.237066575644846, 58.013854466181456 ], [ 56.237100421392746, 58.013854669058269 ], [ 56.237101185915002, 58.013818744103709 ], [ 56.23713503162945, 58.013818946971242 ], [ 56.237135796115957, 58.01378302201617 ], [ 56.23716964179696, 58.013783224874416 ] ] ] } },
{ "type": "Feature", "properties": { }, "geometry": { "type": "Polygon", "coordinates": [ [ [ 56.237469285955612, 58.014018562416062 ], [ 56.237503131861608, 58.01401876518613 ], [ 56.23750351392362, 58.014000802707663 ], [ 56.237537359813111, 58.014001005468593 ], [ 56.237537741857714, 58.013983042989935 ], [ 56.237571587730706, 58.013983245741734 ], [ 56.237571969757902, 58.013965283262891 ], [ 56.237639661471356, 58.013965688739205 ], [ 56.237639279478074, 58.013983651218332 ], [ 56.237673125352437, 58.013983853943145 ], [ 56.237673889304631, 58.013947928984528 ], [ 56.237707735145548, 58.013948131700047 ], [ 56.237708499062002, 58.01391220674094 ], [ 56.23774234486946, 58.013912409447173 ], [ 56.237742726810048, 58.013894446967427 ], [ 56.237776572601014, 58.013894649664522 ], [ 56.237776190677387, 58.013912612144416 ], [ 56.237843882294598, 58.013913017511911 ], [ 56.237843500404416, 58.013930979992047 ], [ 56.237911192057375, 58.013931385323822 ], [ 56.237910810200646, 58.013949347804186 ], [ 56.238012347734369, 58.013949955734759 ], [ 56.238011965928052, 58.013967918215506 ], [ 56.238079657653401, 58.013968323457838 ], [ 56.23808003942581, 58.013950360976814 ], [ 56.238147731119071, 58.013950766182873 ], [ 56.238148494594697, 58.013914841220121 ], [ 56.238182340408109, 58.013915043809355 ], [ 56.238183103847987, 58.01387911884612 ], [ 56.238216949627954, 58.013879321426067 ], [ 56.2382177130321, 58.013843396462335 ], [ 56.2382515587786, 58.013843599033031 ], [ 56.238253467196188, 58.013753786622033 ], [ 56.238219621534462, 58.013753584052047 ], [ 56.238220003233558, 58.013735621569836 ], [ 56.23818615758924, 58.013735418990983 ], [ 56.238186539304841, 58.013717456508864 ], [ 56.238118848051485, 58.013717051324463 ], [ 56.238119229800539, 58.013699088842564 ], [ 56.238085384191507, 58.013698886236995 ], [ 56.238086529486779, 58.013644998791406 ], [ 56.23812037504495, 58.013645201396542 ], [ 56.238120756792171, 58.013627238914445 ], [ 56.238053065710197, 58.013626833695447 ], [ 56.23805344749087, 58.013608871213563 ], [ 56.238019601967522, 58.013608668590692 ], [ 56.238019220169896, 58.013626631072448 ], [ 56.237985374630043, 58.013626428440453 ], [ 56.237984610999511, 58.013662353403483 ], [ 56.237950765426213, 58.013662150762201 ], [ 56.237950001759934, 58.013698075724754 ], [ 56.237916156153183, 58.013697873074214 ], [ 56.237915392451171, 58.013733798036263 ], [ 56.237881546810968, 58.013733595376422 ], [ 56.237880783073216, 58.013769520337995 ], [ 56.23784693739956, 58.013769317668874 ], [ 56.23784617362606, 58.013805242629964 ], [ 56.237812327918952, 58.013805039951571 ], [ 56.23781156410972, 58.013840964912148 ], [ 56.237743872629061, 58.013840559527772 ], [ 56.237744254567815, 58.013822597047799 ], [ 56.237676563122903, 58.013822191627739 ], [ 56.23767694509511, 58.013804229147979 ], [ 56.237609253685925, 58.013803823692179 ], [ 56.237609635691584, 58.013785861212668 ], [ 56.237541944318153, 58.013785455721155 ], [ 56.237542326357264, 58.013767493241843 ], [ 56.237440789351403, 58.01376688493751 ], [ 56.23744002517099, 58.013802809895211 ], [ 56.237406179469374, 58.013802607108829 ], [ 56.237405797361525, 58.013820569587466 ], [ 56.237371951643418, 58.013820366791933 ], [ 56.237371187392441, 58.013856291748752 ], [ 56.237337341640874, 58.013856088943932 ], [ 56.237336577354156, 58.013892013900261 ], [ 56.237302731569137, 58.013891811086161 ], [ 56.237301967246687, 58.013927736042007 ], [ 56.237369658884994, 58.013928141661744 ], [ 56.237369276756986, 58.013946104139869 ], [ 56.237403122593783, 58.013946306936376 ], [ 56.237402358370311, 58.013982231892754 ], [ 56.237368512499607, 58.013982029095928 ], [ 56.237367748240388, 58.014017954051802 ], [ 56.237333902336232, 58.014017751245717 ], [ 56.237333138041272, 58.014053676201101 ], [ 56.237299292103664, 58.014053473385744 ], [ 56.237298527772964, 58.014089398340637 ], [ 56.237264681801904, 58.014089195515979 ], [ 56.237263917435463, 58.014125120470382 ], [ 56.237331609445874, 58.014125526111215 ], [ 56.237331227295876, 58.014143488588616 ], [ 56.23736507331872, 58.014143691395695 ], [ 56.237365455451759, 58.014125728918152 ], [ 56.237433147464913, 58.014126134504991 ], [ 56.237434675856854, 58.014054284593186 ], [ 56.237468521796302, 58.01405448737254 ], [ 56.237469285955612, 58.014018562416062 ] ] ] } },
{ "type": "Feature", "properties": { }, "geometry": { "type": "Polygon", "coordinates": [ [ [ 56.238691172060271, 58.013864194116891 ], [ 56.23865732629087, 58.013863991663044 ], [ 56.23865694480898, 58.013881954146733 ], [ 56.23862309902308, 58.013881751683755 ], [ 56.238622717523782, 58.013899714167231 ], [ 56.238690409129944, 58.013900119084461 ], [ 56.238690027664099, 58.01391808156815 ], [ 56.238791565127642, 58.013918688876934 ], [ 56.238791946542619, 58.013900726392805 ], [ 56.23875810073794, 58.013900523965688 ], [ 56.238758482169416, 58.013882561481651 ], [ 56.238690790595335, 58.013882156600687 ], [ 56.238691172060271, 58.013864194116891 ] ] ] } },
{ "type": "Feature", "properties": { }, "geometry": { "type": "Polygon", "coordinates": [ [ [ 56.236997354896957, 58.013925910307655 ], [ 56.236963509082607, 58.013925707403288 ], [ 56.236963126751142, 58.013943669879708 ], [ 56.236996972582446, 58.013943872784225 ], [ 56.236997354896957, 58.013925910307655 ] ] ] } },
{ "type": "Feature", "properties": { }, "geometry": { "type": "Polygon", "coordinates": [ [ [ 56.239177426585485, 58.016471992083588 ], [ 56.239177807844897, 58.0164540296051 ], [ 56.23921165606378, 58.016454231926176 ], [ 56.239212799788412, 58.016400344490009 ], [ 56.239178951620403, 58.01640014216936 ], [ 56.239179332877988, 58.016382179690666 ], [ 56.239145484727388, 58.016381977361164 ], [ 56.239145866001486, 58.016364014882555 ], [ 56.238976625340129, 58.01636300310075 ], [ 56.238976243981249, 58.016380965578634 ], [ 56.238874699539053, 58.016380358401122 ], [ 56.238875080948802, 58.016362395923657 ], [ 56.238807384690205, 58.016361991093923 ], [ 56.238807766133405, 58.016344028616672 ], [ 56.238740069910556, 58.016343623751219 ], [ 56.238741595814481, 58.01627177384281 ], [ 56.238673899729115, 58.01627136894249 ], [ 56.23867428123787, 58.016253406465545 ], [ 56.23857273716412, 58.016252799047976 ], [ 56.238571974044405, 58.016288724000979 ], [ 56.238504277929692, 58.016288319010357 ], [ 56.238504659523691, 58.016270356534164 ], [ 56.238436963444727, 58.016269951507837 ], [ 56.238437345072185, 58.016251989031879 ], [ 56.238369649028961, 58.016251583969826 ], [ 56.238370794010336, 58.016197696542449 ], [ 56.23840464198085, 58.016197899077532 ], [ 56.238405023623436, 58.01617993660151 ], [ 56.238371175669883, 58.016179734066547 ], [ 56.238371557328968, 58.016161771590596 ], [ 56.238303861457148, 58.016161366493947 ], [ 56.238304243149699, 58.016143404018237 ], [ 56.238236547313619, 58.016142998885869 ], [ 56.238236929039623, 58.016125036410351 ], [ 56.238203081139226, 58.016124833830816 ], [ 56.238202699396268, 58.016142796306177 ], [ 56.238168851479372, 58.016142593717504 ], [ 56.238168469719, 58.016160556192652 ], [ 56.238100773852665, 58.016160150987993 ], [ 56.238101155646952, 58.016142188513136 ], [ 56.238033459816364, 58.016141783272772 ], [ 56.238033841644111, 58.016123820798093 ], [ 56.237966145849271, 58.016123415522031 ], [ 56.237966527710476, 58.016105453047608 ], [ 56.237932679830699, 58.016105250396215 ], [ 56.237933061708404, 58.016087287921863 ], [ 56.23796690957122, 58.016087490573121 ], [ 56.237967673291351, 58.016051565624018 ], [ 56.237899977633994, 58.016051160313062 ], [ 56.237900359527288, 58.016033197838702 ], [ 56.237798816095548, 58.016032589805192 ], [ 56.23779805220677, 58.016068514752995 ], [ 56.237764204363195, 58.016068312056866 ], [ 56.237763822401163, 58.016086274530544 ], [ 56.237729974541082, 58.016086071825285 ], [ 56.237730356520075, 58.01606810935175 ], [ 56.237662660835213, 58.016067703914509 ], [ 56.237663042847657, 58.016049741441194 ], [ 56.237595347198543, 58.016049335968219 ], [ 56.237595729244447, 58.016031373495132 ], [ 56.237561881437529, 58.016031170745286 ], [ 56.237563791744989, 58.01594135837977 ], [ 56.237597639467118, 58.015941561128912 ], [ 56.23759840355298, 58.015905636182062 ], [ 56.237666098930788, 58.015906041652784 ], [ 56.237666480939119, 58.015888079179 ], [ 56.237700328611751, 58.015888281900708 ], [ 56.237699946620381, 58.015906244374634 ], [ 56.237767642000925, 58.015906649791354 ], [ 56.237768405915389, 58.015870724842877 ], [ 56.237802253572433, 58.015870927537449 ], [ 56.237803399389826, 58.015817040113909 ], [ 56.237769551783643, 58.01581683741977 ], [ 56.237770315693538, 58.015780912470767 ], [ 56.237736468121732, 58.015780709767895 ], [ 56.237736850092951, 58.015762747293458 ], [ 56.23777069764779, 58.015762949996201 ], [ 56.237771079601593, 58.015744987521565 ], [ 56.237737232063701, 58.01574478481897 ], [ 56.237737614034003, 58.015726822344419 ], [ 56.237703766513526, 58.015726619632993 ], [ 56.237704148500328, 58.015708657158527 ], [ 56.237602605992521, 58.015708048970609 ], [ 56.237601841916721, 58.015743973918617 ], [ 56.237500299311293, 58.015743365648831 ], [ 56.237499535131924, 58.015779290595809 ], [ 56.237465687563784, 58.015779087820931 ], [ 56.237464923348668, 58.015815012767391 ], [ 56.237431075747068, 58.01581480998324 ], [ 56.237430311496205, 58.015850734929209 ], [ 56.237396463861153, 58.015850532135786 ], [ 56.237395699574556, 58.015886457081251 ], [ 56.237361851906044, 58.015886254278534 ], [ 56.237361087583686, 58.01592217922353 ], [ 56.237327239881722, 58.015921976411526 ], [ 56.237326475523624, 58.015957901356025 ], [ 56.2372926277882, 58.015957698534741 ], [ 56.237291863394361, 58.015993623478749 ], [ 56.237258015625478, 58.015993420648179 ], [ 56.237257633410913, 58.016011383119967 ], [ 56.237291481196749, 58.016011585950686 ], [ 56.237291098998682, 58.016029548422551 ], [ 56.237324946801934, 58.016029751244396 ], [ 56.237323800255865, 58.016083638660113 ], [ 56.237289952401746, 58.016083435837857 ], [ 56.237289570201838, 58.016101398309523 ], [ 56.237357265944468, 58.016101803945318 ], [ 56.237356883778027, 58.016119766417219 ], [ 56.237390731666984, 58.016119969221762 ], [ 56.237390349517042, 58.016137931693748 ], [ 56.237491893237532, 58.016138540053795 ], [ 56.23749151113801, 58.016156502526144 ], [ 56.237559206987868, 58.016156908054796 ], [ 56.237558824921798, 58.016174870527372 ], [ 56.23762652080741, 58.01617527602032 ], [ 56.2376261387748, 58.016193238493109 ], [ 56.237693834696152, 58.016193643950331 ], [ 56.237693452697002, 58.016211606423354 ], [ 56.237761148654094, 58.016212011844857 ], [ 56.237760766688403, 58.016229974318122 ], [ 56.237828462681243, 58.016230379703885 ], [ 56.237828080749011, 58.016248342177384 ], [ 56.237895776777599, 58.016248747527449 ], [ 56.237895394878819, 58.016266710001162 ], [ 56.237963090943154, 58.016267115315479 ], [ 56.237962709077827, 58.016285077789441 ], [ 56.238030405177909, 58.01628548306806 ], [ 56.238030023346042, 58.016303445542228 ], [ 56.238097719481871, 58.016303850785135 ], [ 56.238097337683463, 58.016321813259538 ], [ 56.238165033855033, 58.016322218466733 ], [ 56.238164652090084, 58.016340180941356 ], [ 56.238232348297394, 58.016340586112804 ], [ 56.238231966565905, 58.016358548587689 ], [ 56.23829966280897, 58.016358953723419 ], [ 56.238299281110933, 58.016376916198496 ], [ 56.238366977389738, 58.016377321298521 ], [ 56.238366595725168, 58.016395283773861 ], [ 56.238434292039713, 58.016395688838159 ], [ 56.238433910408595, 58.016413651313677 ], [ 56.238501606758888, 58.016414056342263 ], [ 56.23850122516123, 58.016432018818037 ], [ 56.238568921547262, 58.016432423810905 ], [ 56.238568539983063, 58.016450386286905 ], [ 56.238636236404851, 58.01645079124404 ], [ 56.238635854874111, 58.016468753720275 ], [ 56.238703551331632, 58.016469158641705 ], [ 56.238703169834345, 58.016487121118146 ], [ 56.23877086632762, 58.016487526003857 ], [ 56.238770484863799, 58.01650548848054 ], [ 56.238838181392808, 58.016505893330525 ], [ 56.23883779996244, 58.016523855807442 ], [ 56.238905496527202, 58.016524260621701 ], [ 56.238905115130294, 58.016542223098831 ], [ 56.239006660031727, 58.016542830253144 ], [ 56.239007041377754, 58.016524867775594 ], [ 56.239108586232433, 58.016525474848471 ], [ 56.23910896752713, 58.016507512370438 ], [ 56.239142815795979, 58.01650771470991 ], [ 56.239143578350095, 58.016471789753403 ], [ 56.239177426585485, 58.016471992083588 ] ] ] } },
{ "type": "Feature", "properties": { }, "geometry": { "type": "Polygon", "coordinates": [ [ [ 56.256523428561565, 58.004394398894839 ], [ 56.256523056168056, 58.004412361479019 ], [ 56.256556893155874, 58.004412559162141 ], [ 56.256557265532436, 58.004394596577839 ], [ 56.256523428561565, 58.004394398894839 ] ] ] } },
{ "type": "Feature", "properties": { }, "geometry": { "type": "Polygon", "coordinates": [ [ [ 56.256861798290309, 58.004396375319914 ], [ 56.256794124340992, 58.004395980106871 ], [ 56.256793752083048, 58.004413942692132 ], [ 56.256590730144133, 58.004412756836274 ], [ 56.256590357784063, 58.004430719420697 ], [ 56.256658031795808, 58.004431114742232 ], [ 56.256657659469191, 58.004449077326868 ], [ 56.256725333516606, 58.00444947261272 ], [ 56.256724961223426, 58.004467435197562 ], [ 56.256792635306518, 58.004467830447695 ], [ 56.256793007565804, 58.004449867862554 ], [ 56.256826844591075, 58.004450065473989 ], [ 56.256827589074426, 58.00441414030329 ], [ 56.256861426066251, 58.004414337905466 ], [ 56.256861798290309, 58.004396375319914 ] ] ] } },
{ "type": "Feature", "properties": { }, "geometry": { "type": "Polygon", "coordinates": [ [ [ 56.2574924278927, 58.00499289343076 ], [ 56.257560102979092, 58.00499328827501 ], [ 56.25756047486157, 58.00497532568825 ], [ 56.257628149915845, 58.00497572049624 ], [ 56.257628521763991, 58.00495775790916 ], [ 56.257696196786164, 58.004958152680892 ], [ 56.257696568599975, 58.004940190093471 ], [ 56.25773040609478, 58.004940387465702 ], [ 56.257731149687167, 58.004904462290462 ], [ 56.257663474765778, 58.004904067537545 ], [ 56.257663846595193, 58.00488610495011 ], [ 56.257596171709473, 58.004885710161496 ], [ 56.257596543572333, 58.004867747574288 ], [ 56.257495031297928, 58.004867155324284 ], [ 56.25749540321118, 58.004849192737431 ], [ 56.257393890991622, 58.004848600406881 ], [ 56.257394262955259, 58.00483063782039 ], [ 56.25722507601629, 58.004829650423559 ], [ 56.257225448064219, 58.004811687837716 ], [ 56.257056261221109, 58.004810700216652 ], [ 56.257056633353315, 58.004792737631405 ], [ 56.256988958653082, 58.00479234252029 ], [ 56.256989330818726, 58.004774379935284 ], [ 56.256921656154169, 58.00477398478845 ], [ 56.256922028353259, 58.004756022203665 ], [ 56.256854353724364, 58.004755627021133 ], [ 56.256854725956899, 58.004737664436554 ], [ 56.256787051363688, 58.004737269218317 ], [ 56.25678742362966, 58.004719306633973 ], [ 56.256753586350669, 58.004719109011475 ], [ 56.256753958633141, 58.004701146427237 ], [ 56.256720121371536, 58.0047009487959 ], [ 56.256720493670514, 58.004682986211719 ], [ 56.256652819182534, 58.004682590922322 ], [ 56.25665319151495, 58.004664628338375 ], [ 56.256619354288581, 58.004664430680307 ], [ 56.256619726637496, 58.004646468096446 ], [ 56.256552052219973, 58.004646072753602 ], [ 56.256552424602333, 58.004628110169975 ], [ 56.25648475022048, 58.00462771479144 ], [ 56.256485122636285, 58.004609752207998 ], [ 56.256417448290108, 58.004609356793743 ], [ 56.256417820739358, 58.004591394210557 ], [ 56.256350146428858, 58.004590998760605 ], [ 56.256350518911546, 58.004573036177611 ], [ 56.256282844636722, 58.004572640691933 ], [ 56.256282472120134, 58.00459060327465 ], [ 56.256248634966447, 58.004590405518179 ], [ 56.256247889898063, 58.004626330683138 ], [ 56.256214052710931, 58.004626132917402 ], [ 56.25621330760687, 58.004662058081898 ], [ 56.256179470386286, 58.004661860306875 ], [ 56.256178725246556, 58.004697785470881 ], [ 56.256144887992534, 58.004697587686614 ], [ 56.256144142817121, 58.004733512850123 ], [ 56.256177980105036, 58.004733710634682 ], [ 56.256177607533608, 58.004751673216482 ], [ 56.256245282144654, 58.004752068758876 ], [ 56.256244909606664, 58.004770031340932 ], [ 56.256312584253386, 58.004770426847614 ], [ 56.256312211748849, 58.004788389429869 ], [ 56.25637988643124, 58.004788784900853 ], [ 56.256379513960141, 58.00480674748335 ], [ 56.256447188678209, 58.004807142918622 ], [ 56.256446816240555, 58.004825105501311 ], [ 56.256480653617203, 58.0048253032056 ], [ 56.256480281196048, 58.004843265788388 ], [ 56.25654795598458, 58.004843661170227 ], [ 56.256547583596863, 58.004861623753236 ], [ 56.256615258421064, 58.004862019099349 ], [ 56.256614886066799, 58.004879981682592 ], [ 56.25668256092667, 58.004880376992993 ], [ 56.256682188605851, 58.004898339576442 ], [ 56.256749863501398, 58.004898734851153 ], [ 56.256749491214016, 58.004916697434837 ], [ 56.25681716614524, 58.004917092673828 ], [ 56.256816793891304, 58.004935055257711 ], [ 56.256884468858196, 58.004935450460998 ], [ 56.256884096637705, 58.004953413045122 ], [ 56.256951771640281, 58.004953808212683 ], [ 56.256951399453236, 58.004971770797027 ], [ 56.257019074491474, 58.004972165928883 ], [ 56.257018702337874, 58.004990128513448 ], [ 56.257086377411781, 58.004990523609592 ], [ 56.257086005291626, 58.005008486194384 ], [ 56.257153680401217, 58.00500888125481 ], [ 56.257153308314507, 58.005026843839836 ], [ 56.257220983459767, 58.005027238864542 ], [ 56.257220611406495, 58.005045201449775 ], [ 56.257322124178565, 58.005045793919798 ], [ 56.257322496180997, 58.005027831334168 ], [ 56.257424008906241, 58.005028423722798 ], [ 56.257424380857387, 58.005010461136671 ], [ 56.257492055975888, 58.005010856017194 ], [ 56.2574924278927, 58.00499289343076 ] ] ] } },
{ "type": "Feature", "properties": { }, "geometry": { "type": "Polygon", "coordinates": [ [ [ 56.240934136634095, 58.005452112058506 ], [ 56.240866460939372, 58.005451708371176 ], [ 56.240866841189842, 58.005433745854333 ], [ 56.240799165530831, 58.005433342131298 ], [ 56.240799545814731, 58.005415379614675 ], [ 56.240731870191432, 58.005414975855928 ], [ 56.240732250508778, 58.005397013339547 ], [ 56.240698412714757, 58.005396811446808 ], [ 56.240698793048587, 58.005378848930526 ], [ 56.240631117495795, 58.00537844511836 ], [ 56.24063149786307, 58.005360482602285 ], [ 56.240563822345997, 58.005360078754407 ], [ 56.240564202746697, 58.005342116238573 ], [ 56.240496527265336, 58.005341712354998 ], [ 56.240496907699473, 58.005323749839391 ], [ 56.240429232253824, 58.005323345920104 ], [ 56.2404296127214, 58.005305383404725 ], [ 56.240361937311455, 58.005304979449726 ], [ 56.240362317812476, 58.005287016934581 ], [ 56.240294642438251, 58.00528661294387 ], [ 56.240295022972688, 58.005268650428953 ], [ 56.240261185303211, 58.005268448420246 ], [ 56.240261565854148, 58.0052504859054 ], [ 56.24019389055043, 58.005250081861284 ], [ 56.240194271134804, 58.00523211934668 ], [ 56.240126595866805, 58.005231715266866 ], [ 56.240126215248551, 58.005249677781173 ], [ 56.240092377598287, 58.005249475727638 ], [ 56.240091996962626, 58.005267438241781 ], [ 56.240058159295884, 58.005267236179101 ], [ 56.240057778642814, 58.005285198693045 ], [ 56.240023940959581, 58.005284996621235 ], [ 56.240023560289117, 58.00530295913498 ], [ 56.239989722589385, 58.005302757054039 ], [ 56.239989341901527, 58.005320719567585 ], [ 56.240023179618198, 58.005320921648668 ], [ 56.240022798946825, 58.005338884162327 ], [ 56.240056636680897, 58.005339086234578 ], [ 56.240056256026016, 58.005357048748301 ], [ 56.240123931529411, 58.005357452866058 ], [ 56.240123550907967, 58.005375415380037 ], [ 56.240157388677297, 58.005375617425571 ], [ 56.240157008072337, 58.005393579939614 ], [ 56.240190845859075, 58.005393781976267 ], [ 56.240190465270601, 58.005411744490424 ], [ 56.24025814087932, 58.005412148537062 ], [ 56.240257760324283, 58.005430111051417 ], [ 56.240325435968728, 58.005430515062358 ], [ 56.240325055447123, 58.005448477576962 ], [ 56.240358893286974, 58.005448679569064 ], [ 56.24035851278186, 58.005466642083753 ], [ 56.240426188496812, 58.005467046041261 ], [ 56.240425808025137, 58.005485008556164 ], [ 56.240493483775808, 58.005485412477974 ], [ 56.24049310333757, 58.005503374993104 ], [ 56.24059461701782, 58.005503980808776 ], [ 56.24059423662996, 58.005521943324283 ], [ 56.240661912452964, 58.005522347156685 ], [ 56.240661532098542, 58.005540309672405 ], [ 56.240763045887299, 58.005540915353961 ], [ 56.240762665583262, 58.005558877870051 ], [ 56.240864179426957, 58.005559483471067 ], [ 56.240864939932912, 58.005523558437972 ], [ 56.240898777847832, 58.005523760286714 ], [ 56.240899538318075, 58.00548783525312 ], [ 56.240933376199564, 58.005488037092569 ], [ 56.240934136634095, 58.005452112058506 ] ] ] } },
{ "type": "Feature", "properties": { }, "geometry": { "type": "Polygon", "coordinates": [ [ [ 56.242826022667941, 58.005607100891417 ], [ 56.242826781210042, 58.00557117584232 ], [ 56.242792943235308, 58.005570974506107 ], [ 56.242792563947539, 58.005588937030574 ], [ 56.242724887965544, 58.005588534330883 ], [ 56.242724508643434, 58.00560649685498 ], [ 56.242656832629365, 58.005606094119024 ], [ 56.242656453272907, 58.005624056642795 ], [ 56.242588777226764, 58.005623653870593 ], [ 56.242588397835966, 58.005641616394023 ], [ 56.242520721757749, 58.005641213585555 ], [ 56.242520342332604, 58.005659176108679 ], [ 56.242588018444707, 58.005659578917431 ], [ 56.242587639052999, 58.005677541440754 ], [ 56.242655315200821, 58.005677944213801 ], [ 56.242654935842545, 58.00569590673738 ], [ 56.242722612026078, 58.005696309474736 ], [ 56.242722991350455, 58.005678346950859 ], [ 56.242756829425957, 58.005678548305909 ], [ 56.24275758803946, 58.005642623257778 ], [ 56.242791426081524, 58.005642824603569 ], [ 56.242792184659322, 58.005606899554927 ], [ 56.242826022667941, 58.005607100891417 ] ] ] } },
{ "type": "Feature", "properties": { }, "geometry": { "type": "Polygon", "coordinates": [ [ [ 56.254863424589701, 58.006109306741408 ], [ 56.254863797839008, 58.006091344168794 ], [ 56.254897636398262, 58.00609154229668 ], [ 56.254898009630168, 58.006073579723889 ], [ 56.254931848172923, 58.006073777842623 ], [ 56.254932221387442, 58.006055815269626 ], [ 56.254966059913698, 58.006056013379229 ], [ 56.254966433110823, 58.006038050806069 ], [ 56.255000271620581, 58.006038248906535 ], [ 56.255001017979595, 58.006002323759752 ], [ 56.2550348564559, 58.006002521850945 ], [ 56.255035602779245, 58.005966596703693 ], [ 56.255069441222105, 58.005966794785614 ], [ 56.255070187509766, 58.005930869637837 ], [ 56.255104025919181, 58.005931067710492 ], [ 56.255104399045393, 58.005913105136393 ], [ 56.255138237438317, 58.005913303199911 ], [ 56.255138983655499, 58.005877378051302 ], [ 56.255172822014977, 58.005877576105547 ], [ 56.255173195105961, 58.005859613531022 ], [ 56.255207033448933, 58.005859811576123 ], [ 56.255207779595651, 58.005823886426647 ], [ 56.255241617905185, 58.005824084462489 ], [ 56.255241990960933, 58.005806121887531 ], [ 56.255275829253961, 58.00580631991425 ], [ 56.255276575330221, 58.005770394763907 ], [ 56.255310413589804, 58.005770592781332 ], [ 56.255311159630388, 58.005734667630506 ], [ 56.255344997856525, 58.005734865638672 ], [ 56.255345743861426, 58.005698940487349 ], [ 56.255311905669181, 58.005698742479467 ], [ 56.25531227868791, 58.005680779903862 ], [ 56.255244602338649, 58.005680383861382 ], [ 56.255244975390823, 58.005662421286011 ], [ 56.255177299077239, 58.005662025207805 ], [ 56.255177672162851, 58.005644062632634 ], [ 56.255076157746672, 58.005643468448291 ], [ 56.255076530882683, 58.005625505873489 ], [ 56.255008854641346, 58.005625109705875 ], [ 56.255009227810802, 58.0056071471313 ], [ 56.254941551605143, 58.005606750927988 ], [ 56.254943044414055, 58.005534900630259 ], [ 56.254976882448879, 58.005535098735876 ], [ 56.254977628816761, 58.005499173586422 ], [ 56.255011466818132, 58.005499371682767 ], [ 56.255012586315765, 58.0054454839578 ], [ 56.255046424266752, 58.005445682044723 ], [ 56.255046797414785, 58.005427719469488 ], [ 56.254979121547152, 58.005427323286909 ], [ 56.254979494728637, 58.005409360711894 ], [ 56.254911818896687, 58.00540896449359 ], [ 56.254912192111618, 58.005391001918802 ], [ 56.254844516315345, 58.005390605664815 ], [ 56.254843769817256, 58.005426530813786 ], [ 56.254809931885902, 58.005426332673004 ], [ 56.254809185352144, 58.005462257821499 ], [ 56.254775347387337, 58.005462059671451 ], [ 56.254774600817896, 58.005497984819456 ], [ 56.254740762819651, 58.00549778666015 ], [ 56.254740016214534, 58.005533711807679 ], [ 56.254706178182843, 58.005533513639072 ], [ 56.254705431542043, 58.005569438786111 ], [ 56.254671593476907, 58.005569240608253 ], [ 56.254670846800423, 58.005605165754801 ], [ 56.254637008701849, 58.00560496756767 ], [ 56.254636261989688, 58.005640892713743 ], [ 56.254703938255069, 58.005641289079541 ], [ 56.254703564932214, 58.005659251652794 ], [ 56.254805079384489, 58.005659846134449 ], [ 56.254804706112012, 58.005677808708036 ], [ 56.254872382449655, 58.005678204984434 ], [ 56.254872009210636, 58.005696167558256 ], [ 56.254939685583956, 58.005696563798935 ], [ 56.254939312378376, 58.005714526372977 ], [ 56.255006988787379, 58.005714922577951 ], [ 56.255006615615244, 58.005732885152206 ], [ 56.255074292059923, 58.005733281321476 ], [ 56.255073172642511, 58.005787169044751 ], [ 56.255039334369116, 58.005786970964195 ], [ 56.255038588054717, 58.005822896112512 ], [ 56.255004749747869, 58.005822698022683 ], [ 56.255004003397787, 58.005858623170518 ], [ 56.254970165057493, 58.00585842507143 ], [ 56.254969418671735, 58.005894350218767 ], [ 56.254935580298003, 58.005894152110415 ], [ 56.254934833876561, 58.005930077257283 ], [ 56.254900995469377, 58.005929879139643 ], [ 56.254900249012259, 58.005965804286028 ], [ 56.25486641057163, 58.005965606159137 ], [ 56.254865664078828, 58.00600153130501 ], [ 56.254831825604754, 58.006001333168832 ], [ 56.254831079076276, 58.006037258314244 ], [ 56.254797240568749, 58.006037060168786 ], [ 56.254796120721842, 58.006090947886086 ], [ 56.254762282163931, 58.006090749731214 ], [ 56.25476153556319, 58.006126674875567 ], [ 56.254727696971834, 58.006126476711422 ], [ 56.254726950335417, 58.006162401855256 ], [ 56.254760788960667, 58.006162600019678 ], [ 56.254761162262156, 58.006144637447633 ], [ 56.254795000870907, 58.006144835602917 ], [ 56.254795374154995, 58.006126873030674 ], [ 56.254829212747246, 58.006127071176827 ], [ 56.254829586013948, 58.00610910860442 ], [ 56.254863424589701, 58.006109306741408 ] ] ] } },
{ "type": "Feature", "properties": { }, "geometry": { "type": "Polygon", "coordinates": [ [ [ 56.242180443416366, 58.005729011611393 ], [ 56.242146605297755, 58.005728810103001 ], [ 56.242146225683932, 58.005746772624306 ], [ 56.242180063819482, 58.005746974132848 ], [ 56.242180443416366, 58.005729011611393 ] ] ] } },
{ "type": "Feature", "properties": { }, "geometry": { "type": "Polygon", "coordinates": [ [ [ 56.241944336025263, 58.005691675822582 ], [ 56.241876659862648, 58.005691272671385 ], [ 56.24187628011417, 58.005709235191688 ], [ 56.241842442016598, 58.005709033602443 ], [ 56.241841302717589, 58.005762921162606 ], [ 56.241908979014866, 58.005763324332911 ], [ 56.241908599281516, 58.005781286853122 ], [ 56.241976275614498, 58.005781689987714 ], [ 56.241975895914585, 58.005799652508166 ], [ 56.242077410468312, 58.005800257143015 ], [ 56.242077030818777, 58.005818219663823 ], [ 56.242110869021211, 58.005818421190902 ], [ 56.242111628285926, 58.005782496148953 ], [ 56.242145466454922, 58.005782697666746 ], [ 56.242146225683932, 58.005746772624306 ], [ 56.242078549414181, 58.00574636958023 ], [ 56.242078929061897, 58.005728407059202 ], [ 56.242011252827851, 58.005728003979428 ], [ 56.242011632509005, 58.005710041458634 ], [ 56.241943956310678, 58.005709638343149 ], [ 56.241944336025263, 58.005691675822582 ] ] ] } },
{ "type": "Feature", "properties": { }, "geometry": { "type": "Polygon", "coordinates": [ [ [ 56.248058866615516, 58.006213000726049 ], [ 56.248092705237028, 58.006213200663503 ], [ 56.248093081879205, 58.006195238118941 ], [ 56.248126920484225, 58.006195438047271 ], [ 56.248127297109001, 58.006177475502504 ], [ 56.248093458520927, 58.006177275574331 ], [ 56.248093835162209, 58.006159313029663 ], [ 56.247992319451541, 58.006158713191532 ], [ 56.24799194275942, 58.006176675735787 ], [ 56.247958104173158, 58.006176475771618 ], [ 56.24795735075368, 58.006212400859674 ], [ 56.24792351213398, 58.006212200886225 ], [ 56.247923135406616, 58.00623016343004 ], [ 56.247956974043269, 58.006230363403624 ], [ 56.247956597332404, 58.006248325947531 ], [ 56.247922758678804, 58.006248125973798 ], [ 56.247922005221824, 58.006284051061165 ], [ 56.247989682597265, 58.006284451000177 ], [ 56.247990059292086, 58.006266488456241 ], [ 56.248023897963535, 58.006266688412119 ], [ 56.248024274640962, 58.006248725867984 ], [ 56.248058113295912, 58.006248925814724 ], [ 56.248058866615516, 58.006213000726049 ] ] ] } },
{ "type": "Feature", "properties": { }, "geometry": { "type": "Polygon", "coordinates": [ [ [ 56.242222308336466, 58.006950865958856 ], [ 56.242221549148212, 58.0069867909951 ], [ 56.242289227761127, 58.006987193968492 ], [ 56.242288848200218, 58.007005156486834 ], [ 56.242356526848845, 58.007005559424542 ], [ 56.242356906375861, 58.006987596905915 ], [ 56.24232306706827, 58.006987395441712 ], [ 56.242323446611778, 58.006969432923192 ], [ 56.242289607321588, 58.006969231450128 ], [ 56.242289986881588, 58.006951268931694 ], [ 56.242222308336466, 58.006950865958856 ] ] ] } },
{ "type": "Feature", "properties": { }, "geometry": { "type": "Polygon", "coordinates": [ [ [ 56.242045898009835, 58.007291146191889 ], [ 56.242047037068922, 58.007237258642206 ], [ 56.242080876610139, 58.007237460180342 ], [ 56.242081256278645, 58.007219497663556 ], [ 56.242250453906813, 58.007220505218612 ], [ 56.242250833490132, 58.007202542701044 ], [ 56.242284673000185, 58.007202744184909 ], [ 56.242285432131553, 58.007166819149369 ], [ 56.242319271608167, 58.007167020623974 ], [ 56.242320410250969, 58.007113133069865 ], [ 56.24225273139988, 58.007112730112496 ], [ 56.242253110980471, 58.007094767594623 ], [ 56.242185432165101, 58.007094364601564 ], [ 56.24218581177913, 58.007076402083925 ], [ 56.242084293610326, 58.007075797527271 ], [ 56.242083534280134, 58.007111722561639 ], [ 56.242049694857549, 58.007111521024491 ], [ 56.242048935491638, 58.007147446058404 ], [ 56.242015096035615, 58.007147244511955 ], [ 56.242014336634, 58.007183169545371 ], [ 56.241980497144532, 58.00718296798965 ], [ 56.241979737707197, 58.007218893022568 ], [ 56.241945898184291, 58.007218691457574 ], [ 56.241945138711245, 58.007254616490016 ], [ 56.241911299154893, 58.007254414915735 ], [ 56.241910539646135, 58.007290339947687 ], [ 56.241876700056345, 58.007290138364127 ], [ 56.241875940511875, 58.007326063395567 ], [ 56.241842100888647, 58.007325861802755 ], [ 56.241841341308458, 58.007361786833712 ], [ 56.241942860281192, 58.007362391586042 ], [ 56.241943240020667, 58.007344429070159 ], [ 56.241977079662206, 58.007344630636133 ], [ 56.241977459384287, 58.007326668120058 ], [ 56.242011299009327, 58.007326869676881 ], [ 56.242012058418226, 58.007290944644311 ], [ 56.242045898009835, 58.007291146191889 ] ] ] } },
{ "type": "Feature", "properties": { }, "geometry": { "type": "Polygon", "coordinates": [ [ [ 56.241841341308458, 58.007361786833712 ], [ 56.241807501651785, 58.007361585231621 ], [ 56.241807121844062, 58.007379547746893 ], [ 56.241840961517674, 58.007379749349141 ], [ 56.241841341308458, 58.007361786833712 ] ] ] } },
{ "type": "Feature", "properties": { }, "geometry": { "type": "Polygon", "coordinates": [ [ [ 56.241567204714244, 58.007521836391646 ], [ 56.241601044520259, 58.007522038057971 ], [ 56.241601424433313, 58.007504075543984 ], [ 56.241533744855637, 58.007503672202589 ], [ 56.241534124802129, 58.007485709688815 ], [ 56.241466445260173, 58.007485306311722 ], [ 56.241466825240103, 58.007467343798155 ], [ 56.241399145733858, 58.007466940385349 ], [ 56.241399525747234, 58.007448977872045 ], [ 56.241331846276708, 58.00744857442352 ], [ 56.241332226323522, 58.007430611910422 ], [ 56.241264546888708, 58.007430208426193 ], [ 56.24126492696896, 58.007412245913351 ], [ 56.241163407870999, 58.007411640619956 ], [ 56.241162647608355, 58.007447565644782 ], [ 56.241128807876052, 58.00744736386202 ], [ 56.241128047577689, 58.007483288886384 ], [ 56.24109420781194, 58.00748308709435 ], [ 56.241093447477866, 58.007519012118209 ], [ 56.241161127077596, 58.007519415693807 ], [ 56.24116074694377, 58.007537378205924 ], [ 56.24122842657922, 58.00753778174581 ], [ 56.241228046478838, 58.007555744258184 ], [ 56.24129572615, 58.007556147762358 ], [ 56.241295346083056, 58.007574110274966 ], [ 56.24139686564407, 58.007574715464166 ], [ 56.241397245660174, 58.007556752951182 ], [ 56.241498765174434, 58.007557358058982 ], [ 56.241499145139244, 58.007539395545493 ], [ 56.241566824783796, 58.007539798905448 ], [ 56.241567204714244, 58.007521836391646 ] ] ] } },
{ "type": "Feature", "properties": { }, "geometry": { "type": "Polygon", "coordinates": [ [ [ 56.239571418824994, 58.007473997141439 ], [ 56.239503739335895, 58.007473592720665 ], [ 56.239503358372545, 58.007491555226018 ], [ 56.239198800541644, 58.007489734885908 ], [ 56.239198419425293, 58.007507697389968 ], [ 56.239266098973978, 58.007508101973251 ], [ 56.23926571789108, 58.00752606447751 ], [ 56.239434916855494, 58.007527075778974 ], [ 56.23943529785366, 58.007509113274018 ], [ 56.239604496744754, 58.007510124349849 ], [ 56.239604877657719, 58.007492161844112 ], [ 56.239571037895537, 58.007491959647083 ], [ 56.239571418824994, 58.007473997141439 ] ] ] } },
{ "type": "Feature", "properties": { }, "geometry": { "type": "Polygon", "coordinates": [ [ [ 56.249206738093982, 58.007962360213583 ], [ 56.249206361983845, 58.007980322757696 ], [ 56.249240202281975, 58.007980522393851 ], [ 56.249240578375172, 58.007962559849581 ], [ 56.249274418656803, 58.007962759476584 ], [ 56.249275546882835, 58.007908871843107 ], [ 56.24917402619181, 58.007908272936312 ], [ 56.249172897813246, 58.00796216056856 ], [ 56.249206738093982, 58.007962360213583 ] ] ] } },
{ "type": "Feature", "properties": { }, "geometry": { "type": "Polygon", "coordinates": [ [ [ 56.250420106965358, 58.008203054575851 ], [ 56.250420482470751, 58.008185092027382 ], [ 56.250217439475556, 58.008183895955838 ], [ 56.250217815082188, 58.008165933408137 ], [ 56.250082453162179, 58.008165135847712 ], [ 56.250082828836156, 58.008147173300515 ], [ 56.250048988374232, 58.00814697388806 ], [ 56.250051242510359, 58.008039198604635 ], [ 56.24991588107391, 58.008038400868152 ], [ 56.249915505317887, 58.00805636341498 ], [ 56.249881664942947, 58.008056163958209 ], [ 56.249881289169529, 58.00807412650483 ], [ 56.249915129561408, 58.008074325961729 ], [ 56.249914753804489, 58.008092288508436 ], [ 56.249948594213777, 58.008092487956482 ], [ 56.249946715507143, 58.008182300689938 ], [ 56.250014396496546, 58.008182699560386 ], [ 56.250014020787766, 58.0082006621072 ], [ 56.250081701812867, 58.008201060941964 ], [ 56.250081326137533, 58.008219023488991 ], [ 56.250115166667712, 58.008219222893004 ], [ 56.250114791008876, 58.008237185440123 ], [ 56.25018247210447, 58.00823758422144 ], [ 56.250182096479087, 58.008255546768801 ], [ 56.250249777610378, 58.008255945514378 ], [ 56.25024940201844, 58.008273908061959 ], [ 56.250317083185429, 58.008274306771852 ], [ 56.250316707626936, 58.008292269319647 ], [ 56.250384388829623, 58.008292667993814 ], [ 56.250384013304583, 58.008310630541828 ], [ 56.25045169454296, 58.008311029180284 ], [ 56.250451319051372, 58.008328991728533 ], [ 56.250552840963159, 58.00832958961918 ], [ 56.250553591844202, 58.008293664521808 ], [ 56.25051975124039, 58.00829346523421 ], [ 56.250521253064875, 58.008221615039389 ], [ 56.25048741252931, 58.00822141574335 ], [ 56.250487788001259, 58.008203453194639 ], [ 56.250420106965358, 58.008203054575851 ] ] ] } },
{ "type": "Feature", "properties": { }, "geometry": { "type": "Polygon", "coordinates": [ [ [ 56.244162410673624, 58.009639154380601 ], [ 56.244162789334752, 58.009621191862017 ], [ 56.24419663114228, 58.009621392842732 ], [ 56.244198524356364, 58.009531580248257 ], [ 56.244232366079594, 58.009531781219287 ], [ 56.244233123328151, 58.009495856180848 ], [ 56.244266965017943, 58.00949605714262 ], [ 56.244267722230788, 58.009460132103683 ], [ 56.244301563887127, 58.009460333056168 ], [ 56.244302321064254, 58.009424408016748 ], [ 56.244336162687148, 58.009424608959961 ], [ 56.244336541258086, 58.009406646440027 ], [ 56.244370382864474, 58.009406847374116 ], [ 56.244371139971093, 58.009370922333815 ], [ 56.244404981544037, 58.009371123258617 ], [ 56.24440536007971, 58.009353160738229 ], [ 56.244439201636162, 58.009353361653893 ], [ 56.244439958672253, 58.009317436612733 ], [ 56.244473800195259, 58.009317637519111 ], [ 56.244474178695683, 58.00929967499831 ], [ 56.244508020202183, 58.009299875895557 ], [ 56.244508398685205, 58.009281913374558 ], [ 56.244542240175214, 58.00928211426266 ], [ 56.244542618640821, 58.009264151741476 ], [ 56.244576460114338, 58.009264352620434 ], [ 56.244576838562544, 58.009246390099051 ], [ 56.244610680019569, 58.009246590968878 ], [ 56.244611436880717, 58.009210665925693 ], [ 56.244645278304297, 58.009210866786233 ], [ 56.244646035129726, 58.009174941742572 ], [ 56.244679876519854, 58.009175142593847 ], [ 56.244681390097497, 58.009103292505294 ], [ 56.24471523142028, 58.009103493347013 ], [ 56.244715988172487, 58.009067568302136 ], [ 56.244682146883605, 58.009067367460709 ], [ 56.244684417231035, 58.00895959232566 ], [ 56.244718258418224, 58.008959793166269 ], [ 56.24471901516317, 58.008923868120561 ], [ 56.244752856316914, 58.008924068951906 ], [ 56.244753613026148, 58.008888143905693 ], [ 56.244787454146447, 58.008888344727765 ], [ 56.244788210819976, 58.00885241968107 ], [ 56.244754369733577, 58.008852218859296 ], [ 56.244754748086613, 58.008834256336002 ], [ 56.24468706594908, 58.008833854665738 ], [ 56.244687444335561, 58.008815892142664 ], [ 56.244619762233732, 58.00881549043671 ], [ 56.244620140653659, 58.008797527913877 ], [ 56.244552458587556, 58.008797126172176 ], [ 56.24455208013373, 58.008815088694732 ], [ 56.244518239084407, 58.00881488781026 ], [ 56.244517482141497, 58.008850812854917 ], [ 56.244483641058729, 58.008850611961172 ], [ 56.244482884080107, 58.008886537005353 ], [ 56.244449042963893, 58.008886336102321 ], [ 56.244448285949566, 58.008922261146012 ], [ 56.244414444799901, 58.008922060233708 ], [ 56.244413687749862, 58.008957985276915 ], [ 56.244379846566758, 58.008957784355317 ], [ 56.244379089481001, 58.00899370939802 ], [ 56.244345248264445, 58.008993508467164 ], [ 56.244344491142982, 58.009029433509397 ], [ 56.244412173644342, 58.009029835362668 ], [ 56.244411795116825, 58.009047797883973 ], [ 56.24447947765389, 58.009048199701539 ], [ 56.244479099159825, 58.0090661622231 ], [ 56.244546781732609, 58.009066564004961 ], [ 56.244546403271983, 58.009084526526728 ], [ 56.244512561968413, 58.009084325640146 ], [ 56.244511805011911, 58.009120250683239 ], [ 56.244477963674896, 58.009120049787384 ], [ 56.244477206682674, 58.009155974829994 ], [ 56.244443365312222, 58.009155773924867 ], [ 56.244442608284288, 58.00919169896698 ], [ 56.24440876688039, 58.009191498052573 ], [ 56.244408009816745, 58.009227423094217 ], [ 56.244374168379395, 58.009227222170523 ], [ 56.244373411280037, 58.009263147211662 ], [ 56.244339569809242, 58.009262946278717 ], [ 56.244338812674172, 58.009298871319366 ], [ 56.244304971169932, 58.009298670377142 ], [ 56.244304213999143, 58.009334595417286 ], [ 56.244270372461457, 58.009334394465782 ], [ 56.244269615254964, 58.009370319505436 ], [ 56.244235773683826, 58.009370118544659 ], [ 56.244235016441614, 58.009406043583837 ], [ 56.244201174837031, 58.009405842613788 ], [ 56.244200417559114, 58.009441767652461 ], [ 56.244166575921078, 58.009441566673125 ], [ 56.244165818607442, 58.009477491711323 ], [ 56.244131976935968, 58.009477290722707 ], [ 56.244131219586613, 58.009513215760407 ], [ 56.244029694473213, 58.009512612739734 ], [ 56.244030073198964, 58.009494650221328 ], [ 56.243962389826194, 58.009494248162845 ], [ 56.243962768585398, 58.009476285644666 ], [ 56.243996610254605, 58.009476486678267 ], [ 56.2439969889964, 58.009458524159889 ], [ 56.24392930569234, 58.009458122083949 ], [ 56.243929684467581, 58.009440159565813 ], [ 56.24386200119924, 58.009439757454189 ], [ 56.243861243580497, 58.009475682489864 ], [ 56.243827401913109, 58.009475481420274 ], [ 56.243826644258654, 58.009511406455481 ], [ 56.24379280255782, 58.00951120537659 ], [ 56.243792044867646, 58.009547130411299 ], [ 56.24375820313336, 58.009546929323136 ], [ 56.243757824270645, 58.009564891840263 ], [ 56.243791666021878, 58.009565092928561 ], [ 56.243791287175661, 58.009583055445795 ], [ 56.243858970713397, 58.00958345759566 ], [ 56.2438582130874, 58.009619382630511 ], [ 56.243925896694748, 58.00961978474492 ], [ 56.243925517914967, 58.009637747262566 ], [ 56.243993201558027, 58.009638149341292 ], [ 56.243992822811691, 58.009656111859123 ], [ 56.244060506490477, 58.009656513902122 ], [ 56.244060127777587, 58.009674476420209 ], [ 56.244127811492078, 58.009674878427504 ], [ 56.244127432812647, 58.009692840945789 ], [ 56.24419511656285, 58.009693242917372 ], [ 56.244194737916857, 58.009711205435892 ], [ 56.244262421702778, 58.009711607371784 ], [ 56.244262800314871, 58.009693644852959 ], [ 56.244228958438633, 58.00969344388966 ], [ 56.244229337067218, 58.009675481370948 ], [ 56.244195495208388, 58.009675280398788 ], [ 56.244196252498107, 58.009639355361479 ], [ 56.244162410673624, 58.009639154380601 ] ] ] } },
{ "type": "Feature", "properties": { }, "geometry": { "type": "Polygon", "coordinates": [ [ [ 56.244329726911872, 58.009729971790676 ], [ 56.244330105490519, 58.009712009271631 ], [ 56.244262421702778, 58.009711607371784 ], [ 56.244262043090238, 58.009729569890531 ], [ 56.244329726911872, 58.009729971790676 ] ] ] } },
{ "type": "Feature", "properties": { }, "geometry": { "type": "Polygon", "coordinates": [ [ [ 56.244329726911872, 58.009729971790676 ], [ 56.244329348332776, 58.009747934309665 ], [ 56.244397032190129, 58.009748336174113 ], [ 56.244397410735324, 58.00973037365484 ], [ 56.244329726911872, 58.009729971790676 ] ] ] } },
{ "type": "Feature", "properties": { }, "geometry": { "type": "Polygon", "coordinates": [ [ [ 56.244396653644479, 58.009766298693293 ], [ 56.244464337537543, 58.009766700522022 ], [ 56.244464716049293, 58.009748738002536 ], [ 56.244397032190129, 58.009748336174113 ], [ 56.244396653644479, 58.009766298693293 ] ] ] } },
{ "type": "Feature", "properties": { }, "geometry": { "type": "Polygon", "coordinates": [ [ [ 56.24453202143242, 58.009767102314768 ], [ 56.244464337537543, 58.009766700522022 ], [ 56.244463959025339, 58.009784663041444 ], [ 56.244531642954122, 58.009785064834482 ], [ 56.24453202143242, 58.009767102314768 ] ] ] } },
{ "type": "Feature", "properties": { }, "geometry": { "type": "Polygon", "coordinates": [ [ [ 56.244667010817118, 58.009785868312527 ], [ 56.244531642954122, 58.009785064834482 ], [ 56.244531264475363, 58.009803027354131 ], [ 56.244598948439858, 58.009803429111422 ], [ 56.244598569994551, 58.009821391631327 ], [ 56.244666253994758, 58.009821793352927 ], [ 56.244665875582896, 58.00983975587301 ], [ 56.244699717600632, 58.009839956720448 ], [ 56.24470009599554, 58.009821994200209 ], [ 56.244733937996777, 58.00982219503851 ], [ 56.244734316374284, 58.009804232518057 ], [ 56.244666632406165, 58.009803830832738 ], [ 56.244667010817118, 58.009785868312527 ] ] ] } },
{ "type": "Feature", "properties": { }, "geometry": { "type": "Polygon", "coordinates": [ [ [ 56.239264263142928, 58.013975409371611 ], [ 56.239263881963488, 58.013993371857481 ], [ 56.239399265551462, 58.013994180974805 ], [ 56.239399646663081, 58.013976218488374 ], [ 56.239568876073534, 58.013977229681828 ], [ 56.23956963812585, 58.013941304707373 ], [ 56.239603483975401, 58.01394150691879 ], [ 56.23960386498392, 58.013923544431329 ], [ 56.23957001915133, 58.013923342220068 ], [ 56.239570400176348, 58.013905379732705 ], [ 56.239502708546432, 58.013904975283452 ], [ 56.239503089604902, 58.013887012796303 ], [ 56.239435398010727, 58.013886608311324 ], [ 56.23943654128513, 58.013832720850459 ], [ 56.239470387031126, 58.013832923097048 ], [ 56.239470768104724, 58.013814960609821 ], [ 56.2394030766471, 58.013814556107974 ], [ 56.239403457754158, 58.013796593621002 ], [ 56.239437303465778, 58.013796795876296 ], [ 56.239437684555426, 58.013778833389111 ], [ 56.239471530250555, 58.013779035635267 ], [ 56.239472292394559, 58.013743110660485 ], [ 56.239506138056235, 58.01374331289734 ], [ 56.239506900164514, 58.013707387922082 ], [ 56.239540745792738, 58.013707590149679 ], [ 56.239541507865269, 58.013671665173923 ], [ 56.23957535346004, 58.01367186739224 ], [ 56.239575734478663, 58.013653904904139 ], [ 56.239541888900845, 58.013653702685971 ], [ 56.239542269935974, 58.013635740197977 ], [ 56.239508424375572, 58.013635537970941 ], [ 56.239508805427192, 58.013617575483003 ], [ 56.239474959884205, 58.013617373247129 ], [ 56.239475722019989, 58.013581448271388 ], [ 56.239441876511357, 58.013581246026796 ], [ 56.23944225759552, 58.013563283539007 ], [ 56.239408412104304, 58.013563081285547 ], [ 56.239409174305173, 58.013527156310083 ], [ 56.239375328848318, 58.013526954047897 ], [ 56.239375709965032, 58.013508991560208 ], [ 56.239341864525585, 58.013508789289155 ], [ 56.239342626791533, 58.013472864313933 ], [ 56.239308781386455, 58.013472662034182 ], [ 56.239309162535697, 58.013454699546649 ], [ 56.239275317148035, 58.013454497258017 ], [ 56.239275698313776, 58.013436534770555 ], [ 56.239208007573723, 58.013436130166596 ], [ 56.239208388772916, 58.013418167679376 ], [ 56.239140698068603, 58.013417763039719 ], [ 56.239141079301248, 58.013399800552683 ], [ 56.239073388632669, 58.0133993958773 ], [ 56.239073007366116, 58.01341735836403 ], [ 56.239039162015558, 58.0134171560127 ], [ 56.239038399447168, 58.013453080985705 ], [ 56.239004554063158, 58.013452878625102 ], [ 56.239003791459041, 58.013488803597632 ], [ 56.238969946041571, 58.013488601227735 ], [ 56.238969183401714, 58.013524526199781 ], [ 56.238935337950799, 58.013524323820612 ], [ 56.238934193936714, 58.013578211277824 ], [ 56.239001884940734, 58.013578616028006 ], [ 56.239001503635698, 58.013596578513926 ], [ 56.239069194675459, 58.013596983228403 ], [ 56.239068813403875, 58.013614945714544 ], [ 56.239136504479362, 58.013615350393302 ], [ 56.239136123241238, 58.013633312879698 ], [ 56.239203814352464, 58.013633717522723 ], [ 56.239203433147786, 58.013651680009325 ], [ 56.239169587574992, 58.013651477692164 ], [ 56.239168825130371, 58.013687402664942 ], [ 56.239134979524117, 58.013687200338502 ], [ 56.239134217043762, 58.013723125310797 ], [ 56.239100371404064, 58.013722922975063 ], [ 56.239099608887962, 58.013758847946846 ], [ 56.239065763214811, 58.013758645601854 ], [ 56.239065000662976, 58.013794570573161 ], [ 56.239031154956365, 58.013794368218875 ], [ 56.239030011074327, 58.013848255675001 ], [ 56.239097702589724, 58.013848660375416 ], [ 56.239097321328707, 58.013866622860959 ], [ 56.239131167104055, 58.013866825197823 ], [ 56.239130404614549, 58.013902750169024 ], [ 56.239096558805301, 58.013902547831904 ], [ 56.239095796280075, 58.013938472802664 ], [ 56.239061950437375, 58.013938270456229 ], [ 56.239061187876402, 58.013974195426478 ], [ 56.239027342000249, 58.013973993070799 ], [ 56.239026198104504, 58.01402788052534 ], [ 56.239127735886939, 58.014028487566655 ], [ 56.239128498382826, 58.013992562596172 ], [ 56.239162344277311, 58.013992764924993 ], [ 56.239163106737458, 58.013956839954005 ], [ 56.23919695259849, 58.013957042273567 ], [ 56.239196571385591, 58.013975004759224 ], [ 56.239264263142928, 58.013975409371611 ] ] ] } },
{ "type": "Feature", "properties": { }, "geometry": { "type": "Polygon", "coordinates": [ [ [ 56.239763570923259, 58.014373617540635 ], [ 56.2397628090525, 58.014409542514244 ], [ 56.239728962759834, 58.014409340344194 ], [ 56.239728581806808, 58.014427302830782 ], [ 56.239694735497636, 58.014427100651581 ], [ 56.239694354527202, 58.014445063137956 ], [ 56.239762047179916, 58.014445467487661 ], [ 56.239761666242934, 58.014463429974285 ], [ 56.239829358931381, 58.01446383428825 ], [ 56.239828978027859, 58.014481796775094 ], [ 56.239862824389718, 58.014481998918718 ], [ 56.239865109702272, 58.014374223995979 ], [ 56.239831263442142, 58.014374021853193 ], [ 56.239831644342928, 58.014356059366037 ], [ 56.239797798100213, 58.014355857214397 ], [ 56.239797417182473, 58.014373819701412 ], [ 56.239763570923259, 58.014373617540635 ] ] ] } },
{ "type": "Feature", "properties": { }, "geometry": { "type": "Polygon", "coordinates": [ [ [ 56.239616374586554, 58.014929645857428 ], [ 56.239582527803989, 58.014929443647304 ], [ 56.239583289870779, 58.014893518678129 ], [ 56.239549443122577, 58.014893316459286 ], [ 56.239549824172251, 58.014875353974773 ], [ 56.239515977441464, 58.01487515174707 ], [ 56.239516358507629, 58.014857189262621 ], [ 56.239584051935736, 58.014857593708776 ], [ 56.239584813998874, 58.014821668739202 ], [ 56.239618660679703, 58.014821870948488 ], [ 56.239619422707101, 58.014785945978417 ], [ 56.239720962650587, 58.014786552551456 ], [ 56.239722867456749, 58.014696740123263 ], [ 56.239756714020714, 58.014696942295579 ], [ 56.239757475906075, 58.01466101732364 ], [ 56.239791322436581, 58.014661219486683 ], [ 56.239793988902278, 58.014535482082294 ], [ 56.239726296079105, 58.01453507774918 ], [ 56.239725534166219, 58.014571002721574 ], [ 56.239691687721411, 58.014570800541243 ], [ 56.239691306747325, 58.014588763027206 ], [ 56.239657460286011, 58.014588560837744 ], [ 56.239656698302568, 58.014624485809264 ], [ 56.239622851807795, 58.014624283610516 ], [ 56.23962247079843, 58.014642246096045 ], [ 56.239588624287165, 58.014642043888159 ], [ 56.239587100177332, 58.01471389382921 ], [ 56.239553253598693, 58.01471369161176 ], [ 56.239551348366341, 58.014803504036188 ], [ 56.239517501703382, 58.014803301809046 ], [ 56.23951673957334, 58.014839226778172 ], [ 56.239381352790417, 58.014838417778442 ], [ 56.239381733923494, 58.014820455294476 ], [ 56.239314040568686, 58.014820050740894 ], [ 56.239314421735216, 58.014802088257149 ], [ 56.239246728416148, 58.014801683667855 ], [ 56.239245584813446, 58.014855571118083 ], [ 56.239211738103734, 58.014855368809513 ], [ 56.23921021322591, 58.014927218741853 ], [ 56.239244060003458, 58.014927421050999 ], [ 56.239243678799816, 58.014945383534084 ], [ 56.239311372390183, 58.014945788125637 ], [ 56.239310991220002, 58.014963750608956 ], [ 56.239378684846102, 58.014964155164776 ], [ 56.239378303709373, 58.014982117648344 ], [ 56.23944599737122, 58.014982522168452 ], [ 56.239445616267943, 58.015000484652212 ], [ 56.239513309965524, 58.015000889136608 ], [ 56.239512928895714, 58.015018851620624 ], [ 56.239580622629028, 58.015019256069287 ], [ 56.23958024159267, 58.015037218553502 ], [ 56.239647935361731, 58.015037622966453 ], [ 56.239647554358825, 58.015055585450924 ], [ 56.239681401260995, 58.015055787644044 ], [ 56.239682925202047, 58.014983937705331 ], [ 56.239649078367705, 58.014983735512764 ], [ 56.239649459368785, 58.014965773028081 ], [ 56.239615612551852, 58.014965570826675 ], [ 56.239616374586554, 58.014929645857428 ] ] ] } },
{ "type": "Feature", "properties": { }, "geometry": { "type": "Polygon", "coordinates": [ [ [ 56.241052391399087, 58.0158544193363 ], [ 56.241052771709874, 58.015836456848263 ], [ 56.241018924059873, 58.015836255018108 ], [ 56.241019304387159, 58.015818292530177 ], [ 56.240917761490749, 58.015817686986161 ], [ 56.240918141868455, 58.015799724498557 ], [ 56.240850446640373, 58.015799320757829 ], [ 56.240850827051531, 58.015781358270495 ], [ 56.240783131859189, 58.015780954494033 ], [ 56.240783512303814, 58.015762992006906 ], [ 56.240749664725278, 58.015762790105327 ], [ 56.240750045186395, 58.015744827618285 ], [ 56.240682350064617, 58.015744423788398 ], [ 56.2406827305592, 58.015726461301583 ], [ 56.240648883015943, 58.015726259373267 ], [ 56.240649263527033, 58.015708296886565 ], [ 56.240615416001191, 58.015708094949382 ], [ 56.240615796528772, 58.015690132462758 ], [ 56.240548101512381, 58.015689728561703 ], [ 56.240548482073422, 58.015671766075293 ], [ 56.240514634582865, 58.015671564111422 ], [ 56.240514254004871, 58.015689526597676 ], [ 56.240480406497809, 58.015689324624645 ], [ 56.240479645306536, 58.015725249596763 ], [ 56.240445797766021, 58.015725047614438 ], [ 56.240445036539008, 58.015760972586037 ], [ 56.240411188965034, 58.015760770594461 ], [ 56.240410808333891, 58.015778733080047 ], [ 56.240444655924811, 58.015778935071765 ], [ 56.240444275310168, 58.015796897557436 ], [ 56.240511970527308, 58.015797301514183 ], [ 56.240511589946124, 58.015815264000089 ], [ 56.240579285199004, 58.015815667921096 ], [ 56.240578904651272, 58.015833630407215 ], [ 56.240646599939893, 58.015834034292503 ], [ 56.240646219425621, 58.015851996778864 ], [ 56.240713914749968, 58.015852400628447 ], [ 56.240713534269155, 58.015870363115006 ], [ 56.240781229629249, 58.015870766928863 ], [ 56.240780849181895, 58.015888729415678 ], [ 56.24084854457773, 58.015889133193802 ], [ 56.240848164163836, 58.015907095680845 ], [ 56.240882011879386, 58.015907297556552 ], [ 56.240882392276326, 58.015889335069367 ], [ 56.240916239975377, 58.015889536935958 ], [ 56.240916620354909, 58.015871574448568 ], [ 56.240984315720468, 58.015871978154443 ], [ 56.240984696065624, 58.015854015666726 ], [ 56.241052391399087, 58.0158544193363 ] ] ] } },
{ "type": "Feature", "properties": { }, "geometry": { "type": "Polygon", "coordinates": [ [ [ 56.240096279498111, 58.016243939323417 ], [ 56.240097421883611, 58.016190051874403 ], [ 56.240131269860456, 58.016190253950349 ], [ 56.240131650637757, 58.016172291467093 ], [ 56.240165498598095, 58.016172493533901 ], [ 56.240166260117405, 58.016136568566964 ], [ 56.240200108044284, 58.016136770624485 ], [ 56.2402004887863, 58.016118808140817 ], [ 56.24023433669668, 58.0161190101892 ], [ 56.240234717421281, 58.016101047705313 ], [ 56.240268565315162, 58.016101249744565 ], [ 56.240269707435353, 58.01604736229217 ], [ 56.240303555278814, 58.016047564321994 ], [ 56.240304697344023, 58.01599367686871 ], [ 56.240338545137071, 58.015993878889127 ], [ 56.240339306477686, 58.015957953919731 ], [ 56.240373154237275, 58.015958155930868 ], [ 56.240373915542158, 58.015922230960967 ], [ 56.240407763268287, 58.015922432962824 ], [ 56.240408524537422, 58.015886507992441 ], [ 56.240442372230099, 58.015886709985026 ], [ 56.240443133463494, 58.015850785014145 ], [ 56.240476981122704, 58.015850986997435 ], [ 56.240477361721766, 58.015833024511764 ], [ 56.240443514079509, 58.01583282252863 ], [ 56.240443894695069, 58.015814860043072 ], [ 56.240376199445834, 58.015814456050059 ], [ 56.240375818796359, 58.015832418535325 ], [ 56.240341971155473, 58.01583221652519 ], [ 56.240341209821246, 58.015868141495311 ], [ 56.240307362146893, 58.015867939475889 ], [ 56.240306600776925, 58.015903864445541 ], [ 56.240272753069121, 58.015903662416818 ], [ 56.24027199166342, 58.015939587385972 ], [ 56.240238143922149, 58.015939385347991 ], [ 56.240237001759304, 58.015993272800905 ], [ 56.24020315396762, 58.015993070753488 ], [ 56.240202392489522, 58.016028995721555 ], [ 56.240168544664385, 58.016028793664873 ], [ 56.240168163907697, 58.01604675614869 ], [ 56.240134316066055, 58.016046554082862 ], [ 56.240133554517392, 58.016082479050056 ], [ 56.24009970664229, 58.016082276974949 ], [ 56.240098945057888, 58.01611820194163 ], [ 56.240065097149333, 58.016117999857258 ], [ 56.240064335529183, 58.016153924823456 ], [ 56.24003048758717, 58.016153722729761 ], [ 56.240028964273584, 58.016225572660993 ], [ 56.239995116264197, 58.016225370557763 ], [ 56.239994354570747, 58.016261295522781 ], [ 56.239926658485501, 58.016260891288745 ], [ 56.239925896722404, 58.016296816252989 ], [ 56.239892048646553, 58.016296614122197 ], [ 56.239891286847708, 58.016332539085944 ], [ 56.239992831178384, 58.016333145452165 ], [ 56.239993212027152, 58.016315182969898 ], [ 56.240027060121335, 58.016315385073824 ], [ 56.240027821783599, 58.016279460108848 ], [ 56.240061669844323, 58.016279662203509 ], [ 56.240062431470854, 58.016243737238057 ], [ 56.240096279498111, 58.016243939323417 ] ] ] } }
]
}
