photo_id,album_id,owner_id,user_id,date,date_human,lat,long,poi_lat,poi_lon,distance_meters,image_url,text,has_tags,post_id,poi_name,inside_poi_area,inside_poi_building,human_annotation_text_description,human_annotation_location_type,human_annotation_photo_type,human_annotation_is_advertisement,human_annotation_situation_summary,human_annotation_city_objects,human_annotation_city_activities,human_annotation_user_intent,human_annotation_has_building,human_annotation_has_synagogue,human_annotation_has_feor,human_annotation_has_other_building,human_annotation_confidence,human_model_version,human_model_timestamp
457239080,-7,-232751538,-232751538,1758807063,2025-09-25 15:31:03,58.007909,56.255188,58.00763133477656,56.255145877976155,30.974523758435367,"https://sun9-30.userapi.com/s/v1/ig2/jWzZmgiRhFiJ1M6Qvyh4L9lV4JJxmIk6mM4Lm62jPBhyJpEUCSUaDVsQBwXyOV1mV-ufcuf2gVjwFCagzKev4iF0.jpg?quality=95&as=32x43,48x64,72x96,108x144,160x213,240x320,360x480,480x640,540x720,640x853,720x960,1080x1440,1280x1707,1440x1920,1920x2560&from=bu&cs=1920x0",,False,,or avner habad community center,True,False,,,,,,,,,,,,,,,
457239079,-7,-232751538,-232751538,1758807063,2025-09-25 15:31:03,58.007714,56.255492,58.00763133477656,56.255145877976155,22.3667197899593,"https://sun9-43.userapi.com/s/v1/ig2/JOkgsBzqwGKZadsxgVEZn9lGrV80eS6j7ayKQDXHAf5QJDGAbt4_uQB6JNla4CBZB5qopgv-C1U4VDqgGzlUeBoX.jpg?quality=95&as=32x43,48x64,72x96,108x144,160x213,240x320,360x480,480x640,540x720,640x853,720x960,1080x1440,1280x1707,1440x1920,1920x2560&from=bu&cs=1920x0",,False,,or avner habad community center,True,False,,,,,,,,,,,,,,,
457239081,-7,-232751538,-232751538,1758807063,2025-09-25 15:31:03,58.007909,56.255016,58.00763133477656,56.255145877976155,31.808897969128555,"https://sun9-33.userapi.com/s/v1/ig2/eAqp0cOqAzmkAdqeJa0OAb_uUL5Z9Qa3Vc-wFlnIrRX_OYCW52iSx2KrqyfQwQAagDDbunXMd_PERhkoEyeoWAI5.jpg?quality=95&as=32x43,48x64,72x96,108x144,160x213,240x320,360x480,480x640,540x720,640x853,720x960,1080x1440,1280x1707,1440x1920,1920x2560&from=bu&cs=1920x0",,False,,or avner habad community center,True,True,,,,,,,,,,,,,,,
457239085,-7,-232751538,-232751538,1758807063,2025-09-25 15:31:03,58.008113,56.255504,58.00763133477656,56.255145877976155,57.564228093123354,"https://sun9-34.userapi.com/s/v1/ig2/CxjyHuKr6RJC29ugBVF3pUGmMjW6O6b08Nlqaju0V-T8j-z8q-i3w-iI5X6_64hCQ8qDOKZfB4_IqQbDPI6ERxPg.jpg?quality=95&as=32x43,48x64,72x96,108x144,160x213,240x320,360x480,480x640,540x720,640x853,720x960,1080x1440,1280x1707,1440x1920,1920x2560&from=bu&cs=1920x0",,False,,or avner habad community center,True,False,,,,,,,,,,,,,,,
457239112,-7,-227807623,-227807623,1731900430,2024-11-18 04:27:10,58.007708,56.234293,58.00819896273859,56.23476395501453,61.23812560383689,"https://sun9-66.userapi.com/s/v1/ig2/URHEuLjnax2l3xySveOh5MH6bvOPUg5IkdIlCGsnwT7IVONWBWpTEHk45biGZPr7WTlnZPiSvDNvbstaa3LXKgNa.jpg?quality=95&as=32x40,48x60,72x90,108x135,160x200,240x300,360x450,480x600,540x675,640x800,720x900,1080x1350,1280x1600,1440x1800,1536x1920&from=bu&cs=1536x0",,False,32.0,synagogue,True,False,,,,,,,,,,,,,,,
457239071,-7,-226932693,-226932693,1723637595,2024-08-14 14:13:15,58.008008,56.255293,58.00763133477656,56.255145877976155,42.770638607245566,"https://sun9-51.userapi.com/s/v1/ig2/-ALO3ZmpdeTr4yU5curXoIEjKxrw5cUqxG5N-LfgdHkiRUnvmgHCFxO6CiFE-JFnXBGNk-U6YeD3FHbFEU2-RPco.jpg?quality=95&as=32x43,48x64,72x96,108x144,160x213,240x320,360x480,480x640,540x720,640x853,720x960,1080x1440,1280x1707,1440x1920,1920x2560&from=bu&cs=1920x0",,False,,or avner habad community center,True,False,,,,,,,,,,,,,,,
457239138,-7,-225765287,-225765287,1720260520,2024-07-06 12:08:40,58.0081,56.234887,58.00819896273859,56.23476395501453,13.17706229634948,"https://sun9-77.userapi.com/s/v1/ig2/ReAVvFp6ZmJfJ4HsSNdUjOniOB9qWwLM8lVYbnrlEIpsakW3_tTOJufcXstk9QVVPsmZWdq9i7VijH9DL1XYd3E5.jpg?quality=95&as=32x43,48x64,72x96,108x144,160x213,240x320,360x480,480x640,540x720,640x853,720x960,1080x1440,1280x1707,1440x1920,1920x2560&from=bu&cs=1920x0",,False,,synagogue,True,True,,,,,,,,,,,,,,,
457239123,-7,-225765287,-225765287,1718973091,2024-06-21 14:31:31,58.008016,56.234993,58.00819896273859,56.23476395501453,24.41245746986248,"https://sun9-47.userapi.com/s/v1/ig2/rBSHKi-2S4ExAEDi7TkGYULkZH3CtLSB1EqwW2JLMMYBdRt76xKwAo2ig7RyFKQs6OZxuxOVBUN_CKC2DrAXkkxp.jpg?quality=95&as=32x43,48x64,72x96,108x144,160x213,240x320,360x480,480x640,540x720,640x853,720x960,1080x1440,1280x1707,1440x1920,1920x2560&from=bu&cs=1920x0",,False,,synagogue,True,False,,,,,,,,,,,,,,,
457239125,-7,-225765287,-225765287,1719211893,2024-06-24 08:51:33,58.007821,56.235297,58.00819896273859,56.23476395501453,52.46349254372161,"https://sun9-71.userapi.com/s/v1/ig2/ftk7axk1_LZiLG_UtldQayCrd6_ep2AwxRZ0kRe9ssp3ALJiT_FzlKPG9xAezqGDHVQ7mKb8vTqq1DmiQTToime0.jpg?quality=95&as=32x43,48x64,72x96,108x144,160x213,240x320,360x480,480x640,540x720,640x853,720x960,1080x1440,1280x1707,1440x1920,1920x2560&from=bu&cs=1920x0",,False,45.0,synagogue,True,False,,,,,,,,,,,,,,,
457239120,-7,-225765287,-225765287,1718973091,2024-06-21 14:31:31,58.007813,56.235192,58.00819896273859,56.23476395501453,49.777058200489776,"https://sun9-68.userapi.com/s/v1/ig2/M64ZOJIj2Tb9aLoPpeeFaVaQJMRYDR9AFzup0PAcZlTpc_Xk92M1rT8e7c3w9XwlFPWjGg0l84fsjUHsjXpaYnxv.jpg?quality=95&as=32x43,48x64,72x96,108x144,160x213,240x320,360x480,480x640,540x720,640x853,720x960,1080x1440,1280x1707,1440x1920,1920x2560&from=bu&cs=1920x0",,False,,synagogue,True,False,,,,,,,,,,,,,,,
457239162,-7,-225765287,-225765287,1736348301,2025-01-08 15:58:21,58.008009,56.234887,58.00819896273859,56.23476395501453,22.332046222560862,"https://sun9-23.userapi.com/s/v1/ig2/p4yWypZZbV_etZo0BZGS9oZ0S9935JXBBVsYXZ1u-OCwk9a2SN_QLAqdB0_O6rYE4-qtcpVW42h5qgFhP0Yuz84u.jpg?quality=95&as=32x32,48x48,72x72,108x108,160x160,240x240,360x360,480x480,540x540,640x640,720x720,1080x1080,1280x1280,1440x1440,2560x2560&from=bu&cs=2560x0",,False,,synagogue,True,False,,,,,,,,,,,,,,,
457239161,-7,-225765287,-225765287,1736348301,2025-01-08 15:58:21,58.008009,56.234887,58.00819896273859,56.23476395501453,22.332046222560862,"https://sun9-71.userapi.com/s/v1/ig2/LCi0-f3qpArV26199_O6WgSRB9FPaq5dJ2OoEwxmGVKWtIsAWY2zDflcCtaMQyNkIL8JMjMra44z0cPZH-up1xRb.jpg?quality=95&as=32x32,48x48,72x72,108x108,160x160,240x240,360x360,480x480,540x540,640x640,720x720,1080x1080,1280x1280,1440x1440,2560x2560&from=bu&cs=2560x0",,False,,synagogue,True,False,,,,,,,,,,,,,,,
457239136,-7,-225765287,-225765287,1720260520,2024-07-06 12:08:40,58.007912,56.235297,58.00819896273859,56.23476395501453,44.76910842408243,"https://sun9-52.userapi.com/s/v1/ig2/YymaLQUYz2tf6lSuKBTNh5axmB0b6RC8zs5L2GI5bW74JmO2yYoeJTWWTzboPdYquoKw24wd45VWceXQx604w6sA.jpg?quality=95&as=32x43,48x64,72x96,108x144,160x213,240x320,360x480,480x640,540x720,640x853,720x960,1080x1440,1280x1707,1440x1920,1920x2560&from=bu&cs=1920x0",,False,,synagogue,True,False,,,,,,,,,,,,,,,
457239163,-7,-225765287,-225765287,1736348301,2025-01-08 15:58:21,58.008009,56.234887,58.00819896273859,56.23476395501453,22.332046222560862,"https://sun9-53.userapi.com/s/v1/ig2/qi6RStQfEENYQEIfpV5MtnZVedv-aN25BLpdKkURB1a3I_D0mdLEL_m9Dwgy1uWc_MdaASANxnT7sHUtpT9m7Q7S.jpg?quality=95&as=32x32,48x48,72x72,108x108,160x160,240x240,360x360,480x480,540x540,640x640,720x720,1080x1080,1280x1280,1440x1440,2560x2560&from=bu&cs=2560x0",,False,,synagogue,True,False,,,,,,,,,,,,,,,
457239122,-7,-225765287,-225765287,1718973091,2024-06-21 14:31:31,58.008002,56.235125,58.00819896273859,56.23476395501453,30.529618692970583,"https://sun9-3.userapi.com/s/v1/ig2/OnzqFE8JxKt5j-haIghLrpBZG3VFM9roUrO0N81dAMJobqIaxjFwmvEp6kz2a1bQC1vYZjw2_tBvyLFYptAQTykK.jpg?quality=95&as=32x43,48x64,72x96,108x144,160x213,240x320,360x480,480x640,540x720,640x853,720x960,1080x1440,1280x1707,1440x1920,1920x2560&from=bu&cs=1920x0",,False,,synagogue,True,False,,,,,,,,,,,,,,,
457239140,-7,-225765287,-225765287,1720260520,2024-07-06 12:08:40,58.00801,56.235231,58.00819896273859,56.23476395501453,34.61959414673405,"https://sun9-11.userapi.com/s/v1/ig2/d2olWVNIJeb9dHxbL8G6Cr2g88B0qaA9J0w6vIglVZdEW5RfaF38-tI53f9nLCRQ1P_4iGMRa0xy9wyu6HXDqNuQ.jpg?quality=95&as=32x43,48x64,72x96,108x144,160x213,240x320,360x480,480x640,540x720,640x853,720x960,1080x1440,1280x1707,1440x1920,1920x2560&from=bu&cs=1920x0",,False,,synagogue,True,False,,,,,,,,,,,,,,,
457239139,-7,-225765287,-225765287,1720260520,2024-07-06 12:08:40,58.007912,56.235297,58.00819896273859,56.23476395501453,44.76910842408243,"https://sun9-18.userapi.com/s/v1/ig2/WgP1Kof-n8n2RLT45g61pOuasbfqnl0u1Vo5g_Qf-3FobffMmPLnzc5qwlstx93XD7gcWE818J2tfBzOa036Qw7y.jpg?quality=95&as=32x43,48x64,72x96,108x144,160x213,240x320,360x480,480x640,540x720,640x853,720x960,1080x1440,1280x1707,1440x1920,1920x2560&from=bu&cs=1920x0",,False,,synagogue,True,False,,,,,,,,,,,,,,,
457239121,-7,-225765287,-225765287,1718973091,2024-06-21 14:31:31,58.008107,56.234993,58.00819896273859,56.23476395501453,16.930285459496016,"https://sun9-74.userapi.com/s/v1/ig2/_OwOJKYvauCYVqdVFBfymjZ9pH8wp33VGusHX4edaK18HIj6G4s6okO1gd-Kx9fifkRt5G_01xuXu3Mt3BqmHvJk.jpg?quality=95&as=32x43,48x64,72x96,108x144,160x213,240x320,360x480,480x640,540x720,640x853,720x960,1080x1440,1280x1707,1440x1920,1920x2560&from=bu&cs=1920x0",,False,,synagogue,True,False,,,,,,,,,,,,,,,
457239160,-7,-225765287,-225765287,1736348301,2025-01-08 15:58:21,58.007813,56.23502,58.00819896273859,56.23476395501453,45.490675569552515,"https://sun9-79.userapi.com/s/v1/ig2/VBDnrPU6_ldRSUZDYywWzp7BiQpMdelqTObP5p4X6XfQy2ap77VTwd9Pw-LLem9wbWRAkoWpliUdbPmfzBZ1Sdch.jpg?quality=95&as=32x32,48x48,72x72,108x108,160x160,240x240,360x360,480x480,540x540,640x640,720x720,1080x1080,1280x1280,1440x1440,2560x2560&from=bu&cs=2560x0",,False,,synagogue,True,False,,,,,,,,,,,,,,,
457239141,-7,-225765287,-225765287,1720260520,2024-07-06 12:08:40,58.007912,56.235297,58.00819896273859,56.23476395501453,44.76910842408243,"https://sun9-30.userapi.com/s/v1/ig2/GUdNJTIIkZjkC31puF5QC2m1HDV2pug9_hFPJqJsGk66mo2aYZKeDxTgg2RIYwv2wpH8yKRGefJld0_uVsUSPqAC.jpg?quality=95&as=32x43,48x64,72x96,108x144,160x213,240x320,360x480,480x640,540x720,640x853,720x960,1080x1440,1280x1707,1440x1920,1920x2560&from=bu&cs=1920x0",,False,,synagogue,True,False,,,,,,,,,,,,,,,
457239137,-7,-225765287,-225765287,1720260520,2024-07-06 12:08:40,58.00801,56.235231,58.00819896273859,56.23476395501453,34.61959414673405,"https://sun9-7.userapi.com/s/v1/ig2/AZk5pcUK4mWA_v2vfsboXeqqKwc4ng3s4ZSDko_BxcQBDlLWd2r3FXRShNPd0XzDne_tRXqIfov_kZedsBp16k3e.jpg?quality=95&as=32x43,48x64,72x96,108x144,160x213,240x320,360x480,480x640,540x720,640x853,720x960,1080x1440,1280x1707,1440x1920,1920x2560&from=bu&cs=1920x0",,False,,synagogue,True,False,,,,,,,,,,,,,,,
456239129,-7,-224696905,-224696905,1715162731,2024-05-08 12:05:31,58.007813,56.235192,58.00819896273859,56.23476395501453,49.777058200489776,"https://sun9-11.userapi.com/s/v1/ig2/50m1ort7pKJwMJ2WpqPD_i5ZdJZCSPGjVfVBlvb7YEOMt0iXxRkohO7UxeEIc_wh7znhbBwtYghmxIj4A5oM1zQ_.jpg?quality=95&as=32x38,48x57,72x86,108x129,160x191,240x287,360x430,480x573,540x645,640x765,720x860,1080x1290,1280x1529,1440x1720,2143x2560&from=bu&cs=2143x0",,False,,synagogue,True,False,,,,,,,,,,,,,,,
456239128,-7,-224696905,-224696905,1715162731,2024-05-08 12:05:31,58.007813,56.235192,58.00819896273859,56.23476395501453,49.777058200489776,"https://sun9-66.userapi.com/s/v1/if2/e8RtwM-nHJqmLMhAuFAlFWJHnmFPlATHsqIo6m0jBgTVrIN7Jt0aKigerwqRUu2cMWG9YuhDA7gJI03lnBUxhnAj.jpg?quality=95&as=32x17,48x26,72x39,108x58,160x86,240x129,360x194,480x259,540x291,640x345,720x388,1080x582,1280x690,1440x776,2560x1380&from=bu&cs=2560x0",,False,,synagogue,True,False,,,,,,,,,,,,,,,
456239735,-7,-224628741,-224628741,1713170953,2024-04-15 10:49:13,58.007702,56.235906,58.00819896273859,56.23476395501453,87.06401057124822,"https://sun9-67.userapi.com/s/v1/ig2/jYv5DIRnaEaX9bUjPPPm1RPdtj2KuImmMmztg7ICHmdOJQNQlhMQqxqyjNnqmOEsaRBfnKhEguS6qmKm1oYzlY6V.jpg?quality=95&as=32x57,48x85,72x128,108x192,160x284,240x427,360x640,480x853,540x960,640x1138,720x1280,1080x1920,1179x2096&from=bu&cs=1179x0",,False,,synagogue,True,False,,,,,,,,,,,,,,,
456239244,-7,-224628741,-224628741,1711003935,2024-03-21 07:52:15,58.007702,56.235906,58.00819896273859,56.23476395501453,87.06401057124822,"https://sun9-32.userapi.com/s/v1/ig2/ACspN3TJxAfQIKHxNMjmDJooNSj5HoZpFYVf9LFFCprVSQ8vKH7IX8teOCbtyGktXr2Bi1eCtYvL5UF006RWDAh3.jpg?quality=95&as=32x43,48x64,72x96,108x144,160x213,240x320,360x480,480x640,540x720,640x853,720x960,1080x1440,1280x1707,1440x1920,1920x2560&from=bu&cs=1920x0",,False,230.0,synagogue,True,False,,,,,,,,,,,,,,,
456240479,-7,-224628741,-224628741,1717592087,2024-06-05 14:54:47,58.007716,56.235602,58.00819896273859,56.23476395501453,72.9481739764952,"https://sun9-66.userapi.com/s/v1/ig2/u9VgliBNaxF4koB0B3ZB8fgdKliGIL-UWfCVGULW2LfR_49ruj1obmFhwpPSBvYymXed0Dks8Wf8uz-c9e_lnKNx.jpg?quality=95&as=32x57,48x85,72x128,108x192,160x284,240x427,360x640,480x853,540x960,640x1138,720x1280,1080x1920,1179x2096&from=bu&cs=1179x0",,False,,synagogue,True,False,,,,,,,,,,,,,,,
456240803,-7,-224628741,-224628741,1722168044,2024-07-28 14:00:44,58.007695,56.2358,58.00819896273859,56.23476395501453,82.8583389920959,"https://sun9-28.userapi.com/s/v1/ig2/Ihcac4b02yCG0Mekn78yWk4z4R-1j5qwPae4aaW2No0Y_2DbEQKFnYiybD_MZ2MXxpV3nDpv0EITshed6g8x3KmE.jpg?quality=95&as=32x43,48x64,72x96,108x144,160x213,240x320,360x480,480x640,540x720,640x853,720x960,1080x1440,1280x1707,1440x1920,1920x2560&from=bu&cs=1920x0",,False,,synagogue,True,False,,,,,,,,,,,,,,,
456240042,-7,-224628741,-224628741,1714239452,2024-04-27 19:37:32,58.007695,56.2358,58.00819896273859,56.23476395501453,82.8583389920959,"https://sun9-41.userapi.com/s/v1/ig2/Jy2C9olYrUoZRPk4aeLjCEHOefIz87DkHCrr1F7FF99T9l9H3ZtXsRmc72YhiIx974wnNzD-p4x6qHCjZq06x1Qb.jpg?quality=95&as=32x57,48x85,72x128,108x192,160x284,240x427,360x640,480x853,540x960,640x1138,720x1280,1080x1920,1179x2096&from=bu&cs=1179x0",,False,,synagogue,True,False,,,,,,,,,,,,,,,
456240758,-7,-224628741,-224628741,1722093701,2024-07-27 17:21:41,58.007695,56.2358,58.00819896273859,56.23476395501453,82.8583389920959,"https://sun9-36.userapi.com/s/v1/ig2/HEmmZaEazDcVRyvWQwhM7kdAJUo5OVC5tlk03SX0Zg5MGP-WLBe7wC_IqcwJc-RntbgN8c5U87K7WvEbDMhnXhxe.jpg?quality=95&as=32x43,48x64,72x96,108x144,160x213,240x320,360x480,480x640,540x720,640x853,720x960,1080x1440,1280x1707,1440x1920,1920x2560&from=bu&cs=1920x0",,False,,synagogue,True,False,,,,,,,,,,,,,,,
456239229,-7,-224628741,-224628741,1710994873,2024-03-21 05:21:13,58.007702,56.235906,58.00819896273859,56.23476395501453,87.06401057124822,"https://sun9-10.userapi.com/s/v1/if2/29MGWtNH1ES8jOGoqzEF7eI_MJPHKqNic_VDKzWRcuctC8vffRfhDLAcUMEDNUum2mgsh_FUzlhrbmrxbTn_ALkn.jpg?quality=95&as=32x28,48x42,72x64,108x95,160x141,240x212,360x318,480x424,540x477,640x565,720x636,1080x953,1280x1130,1440x1271,2560x2260&from=bu&cs=2560x0",,False,,synagogue,True,False,,,,,,,,,,,,,,,
456239941,-7,-224628741,-224628741,1713980619,2024-04-24 19:43:39,58.007695,56.2358,58.00819896273859,56.23476395501453,82.8583389920959,"https://sun9-21.userapi.com/s/v1/ig2/67uuJGuR1AY1j34-Cz5oqMx2SwO5k7IquUXIdxVveVsEX0Lh600h9g9_DrAKAeigmaja5SM-qPS3OwlXJTgR1UR4.jpg?quality=95&as=32x43,48x64,72x96,108x144,160x213,240x320,360x480,480x640,540x720,640x853,720x960,1080x1440,1280x1707,1440x1920,1920x2560&from=bu&cs=1920x0",,False,,synagogue,True,False,,,,,,,,,,,,,,,
456240527,-7,-224628741,-224628741,1717952199,2024-06-09 18:56:39,58.007723,56.235707,58.00819896273859,56.23476395501453,76.72991767250984,"https://sun9-61.userapi.com/s/v1/ig2/9gNR0fqSYcg8swXbLywafg4kpB9wg9JmLsouOSyR7j5qAjrdHSMZrHZZAmAxFitLtzRa525VdNNxtQzzPTMvnaVc.jpg?quality=95&as=32x57,48x85,72x128,108x192,160x284,240x427,360x640,480x853,540x960,640x1138,720x1280,1080x1920,1179x2096&from=bu&cs=1179x0",,False,468.0,synagogue,True,False,,,,,,,,,,,,,,,
456239958,-7,-224628741,-224628741,1713980984,2024-04-24 19:49:44,58.007695,56.2358,58.00819896273859,56.23476395501453,82.8583389920959,"https://sun9-63.userapi.com/s/v1/ig2/TFD1Gt7I0JYOnATyN7-T7YhS95CIh5tIYeIVwpTU2qr4MTL4l9oQeh1RYPxttehKtRW_kWpuAD25TqQazH0YcZKR.jpg?quality=95&as=32x43,48x64,72x96,108x144,160x213,240x320,360x480,480x640,540x720,640x853,720x960,1080x1440,1280x1707,1440x1920,1920x2560&from=bu&cs=1920x0",,False,,synagogue,True,False,,,,,,,,,,,,,,,
456240550,-7,-224628741,-224628741,1717953180,2024-06-09 19:13:00,58.007814,56.235707,58.00819896273859,56.23476395501453,70.13415773561634,"https://sun9-39.userapi.com/s/v1/ig2/gUiz4RoNqWodicPszv7BAEnQSSz8DWzhdLNENeo-DQ_9uIxSCSFwkmvYaOgLxeW_C1XcIYi9xgY08EWoXdPpk_fH.jpg?quality=95&as=32x57,48x85,72x128,108x192,160x284,240x427,360x640,480x853,540x960,640x1138,720x1280,1080x1920,1179x2096&from=bu&cs=1179x0",,False,470.0,synagogue,True,False,,,,,,,,,,,,,,,
456239935,-7,-224628741,-224628741,1713980475,2024-04-24 19:41:15,58.007716,56.235602,58.00819896273859,56.23476395501453,72.9481739764952,"https://sun9-62.userapi.com/s/v1/ig2/-w7Az-7-TP5MYjJcFdxJdBwbmhgBQbJjpvkSXPUgqWCEB5WS6ZZl2eqyjZG51-O9-qUcEr_lrUUOIMe7eSsf4Et_.jpg?quality=95&as=32x43,48x64,72x96,108x144,160x213,240x320,360x480,480x640,540x720,640x853,720x960,1080x1440,1280x1707,1440x1920,1920x2560&from=bu&cs=1920x0",,False,,synagogue,True,False,,,,,,,,,,,,,,,
456239554,-7,-224628741,-224628741,1712754200,2024-04-10 15:03:20,58.007702,56.235906,58.00819896273859,56.23476395501453,87.06401057124822,"https://sun9-37.userapi.com/s/v1/ig2/HYRENPxnjWza0qx7WkRkx3bWGGA5tLiVGJGP0F4wtGXoOfAgyYVKPUcX6l0oV4rBueaPJfznoRT3_CrzO-gFKWKe.jpg?quality=95&as=32x40,48x60,72x90,108x134,160x199,240x299,360x448,480x597,540x672,640x796,720x896,1080x1343,1280x1592,1440x1791,2058x2560&from=bu&cs=2058x0",,False,,synagogue,True,False,,,,,,,,,,,,,,,
456239993,-7,-224628741,-224628741,1714028483,2024-04-25 09:01:23,58.007702,56.235906,58.00819896273859,56.23476395501453,87.06401057124822,"https://sun9-74.userapi.com/s/v1/ig2/KKcUiZzK9-ePwixI6gLnyPC1MDTmWVyeNNC4WSf9SDuqS0LqKj4N8dEjGlQzEIh0NZp8WC3y6ZGjFYmz3XlDgC0f.jpg?quality=95&as=32x57,48x85,72x128,108x192,160x284,240x427,360x640,480x853,540x960,640x1138,720x1280,1080x1920,1179x2096&from=bu&cs=1179x0",,False,,synagogue,True,False,,,,,,,,,,,,,,,
456240484,-7,-224628741,-224628741,1717592214,2024-06-05 14:56:54,58.007716,56.235602,58.00819896273859,56.23476395501453,72.9481739764952,"https://sun9-3.userapi.com/s/v1/ig2/ISGYTt5UWctzDBHp_AWqLs5DHxeJY4H0tT3z0IzVegEwDaO5nHKY3spZuscqqHRepdb6rKMHOf9tOCIT5J_t_TWe.jpg?quality=95&as=32x57,48x85,72x128,108x192,160x284,240x427,360x640,480x853,540x960,640x1138,720x1280,1080x1920,1179x2096&from=bu&cs=1179x0",,False,,synagogue,True,False,,,,,,,,,,,,,,,
456239562,-7,-224628741,-224628741,1712754200,2024-04-10 15:03:20,58.007702,56.235906,58.00819896273859,56.23476395501453,87.06401057124822,"https://sun9-49.userapi.com/s/v1/ig2/bg8XLhbYiIYhO6z7oF5tfOctlODDEPT9VEfMrqLgAGuufAM_-wLHoxu3qOzLrXbN5wuORlgvuml6fVjwcjXD0AoR.jpg?quality=95&as=32x43,48x64,72x96,108x144,160x213,240x320,360x480,480x640,540x720,640x853,720x960,1080x1440,1280x1707,1440x1920,1920x2560&from=bu&cs=1920x0",,False,,synagogue,True,False,,,,,,,,,,,,,,,
456240045,-7,-224628741,-224628741,1714239589,2024-04-27 19:39:49,58.007716,56.235602,58.00819896273859,56.23476395501453,72.9481739764952,"https://sun9-62.userapi.com/s/v1/ig2/t2l0ovy1asEBMk8XHeNT7PxOFLXmBNXDIKEH6MUMTTfC-QFhTQKq68iPK22rwm2lZEMM9k-OxaXfsZdfknbtXvdR.jpg?quality=95&as=32x43,48x64,72x96,108x144,160x213,240x320,360x480,480x640,540x720,640x853,720x960,1080x1440,1280x1707,1440x1920,1920x2560&from=bu&cs=1920x0",,False,,synagogue,True,False,,,,,,,,,,,,,,,
456239860,-7,-224628741,-224628741,1713886630,2024-04-23 17:37:10,58.007695,56.2358,58.00819896273859,56.23476395501453,82.8583389920959,"https://sun9-68.userapi.com/s/v1/ig2/zZMzwE-xGIocIRLvRob5a2Jlx-6ZPBFgqla4-k_o20sl7-___OPjJ50x6IeQZKOS1G8E4mgEqM-nmquMYi8Hj_Q4.jpg?quality=95&as=32x43,48x64,72x96,108x144,160x213,240x320,360x480,480x640,540x720,640x853,720x960,1080x1440,1280x1707,1440x1920,1920x2560&from=bu&cs=1920x0",,False,,synagogue,True,False,,,,,,,,,,,,,,,
456241098,-7,-224628741,-224628741,1724480816,2024-08-24 08:26:56,58.007702,56.235906,58.00819896273859,56.23476395501453,87.06401057124822,"https://sun9-23.userapi.com/s/v1/ig2/GkOXbjGT-ASsVbiO_u381Lm_lVBfL4gzkyWNXclhGBKyxisY83edlh-xzSN1h3BGpR-pKlmihV-1FQ8fDdKW7u-b.jpg?quality=95&as=32x47,48x71,72x106,108x160,160x237,240x355,360x532,480x710,540x799,640x947,720x1065,1080x1598,1129x1670&from=bu&cs=1129x0",,False,587.0,synagogue,True,False,,,,,,,,,,,,,,,
456240498,-7,-224628741,-224628741,1717781906,2024-06-07 19:38:26,58.007716,56.235602,58.00819896273859,56.23476395501453,72.9481739764952,"https://sun9-51.userapi.com/s/v1/ig2/IdNcqUE_7dB31eOULd4uvnNVKI9OwXoJmOhnZCey8ZXiLP1zoHdy12OAEMasb7XuXXNCYJtHZI_YRJeOrrdnCV6e.jpg?quality=95&as=32x57,48x85,72x128,108x192,160x284,240x427,360x640,480x853,540x960,640x1138,720x1280,1080x1920,1179x2096&from=bu&cs=1179x0",,False,463.0,synagogue,True,False,,,,,,,,,,,,,,,
456241043,-7,-224628741,-224628741,1723821307,2024-08-16 17:15:07,58.007695,56.2358,58.00819896273859,56.23476395501453,82.8583389920959,"https://sun9-80.userapi.com/s/v1/ig2/7Ay4SSJ74oFHL7mMhHM7dda5NHluzkZtFtnvTCAZyfHkS6TSVtBUKZ1CQB9jxr-7xflsR1ip9ylBH33ULuIceOAs.jpg?quality=95&as=32x41,48x61,72x91,108x137,160x203,240x304,360x457,480x609,540x685,640x812,720x913,1080x1370,1280x1623,1440x1826,1574x1996&from=bu&cs=1574x0",,False,580.0,synagogue,True,False,,,,,,,,,,,,,,,
456239245,-7,-224628741,-224628741,1711004435,2024-03-21 08:00:35,58.007702,56.235906,58.00819896273859,56.23476395501453,87.06401057124822,"https://sun9-2.userapi.com/s/v1/ig2/A28aW12UWSY66vcREOrU9Ygp2ObG9alQFFQuHC6yz0QiqCym71c85NhqLlM2Hgqx_-qsoauhaGWvxjY9aBtVoKPh.jpg?quality=95&as=32x43,48x65,72x98,108x147,160x217,240x326,360x488,480x651,540x733,640x868,720x977,1080x1465,1280x1737,1440x1954,1887x2560&from=bu&cs=1887x0",,False,231.0,synagogue,True,False,,,,,,,,,,,,,,,
456239563,-7,-224628741,-224628741,1712754200,2024-04-10 15:03:20,58.007702,56.235906,58.00819896273859,56.23476395501453,87.06401057124822,"https://sun9-9.userapi.com/s/v1/ig2/dIN8AOy6VONnE6MpN7RisW6jow7KMtV6DBuw13vz-DX5eFMKx-Zv_MAxyDggZZI1Xk8nZUV3MHohARRwAvEUOYCw.jpg?quality=95&as=32x42,48x64,72x95,108x143,160x212,240x318,360x478,480x637,540x716,640x849,720x955,1080x1433,1280x1698,1440x1910,1930x2560&from=bu&cs=1930x0",,False,,synagogue,True,False,,,,,,,,,,,,,,,
456239575,-7,-224628741,-224628741,1712819187,2024-04-11 09:06:27,58.007709,56.236011,58.00819896273859,56.23476395501453,91.462131381659,"https://sun9-42.userapi.com/s/v1/ig2/nmILko-CB1FIBvVVGDFDY3BKYdbNbgyPUbKTBMdiMC1RwKl_OAH1OhA59E9DKraQ6uYaUdH5oOj_jTivKPlyocxD.jpg?quality=95&as=32x39,48x58,72x87,108x130,160x193,240x290,360x435,480x580,540x652,640x773,720x869,1080x1304,1280x1546,1440x1739,2120x2560&from=bu&cs=2120x0",,False,,synagogue,True,False,,,,,,,,,,,,,,,
456240804,-7,-224628741,-224628741,1722168044,2024-07-28 14:00:44,58.007695,56.2358,58.00819896273859,56.23476395501453,82.8583389920959,"https://sun9-78.userapi.com/s/v1/ig2/r8X3wxp3UhFeW6IDNySy1yRGPoTbhZqHRaNsCIgaVmHC7y4fnqJffgl9oCp6t1MBC-khpEL0cvzpaW9n9CNzYoRo.jpg?quality=95&as=32x43,48x64,72x96,108x144,160x213,240x320,360x480,480x640,540x720,640x853,720x960,1080x1440,1280x1707,1440x1920,1920x2560&from=bu&cs=1920x0",,False,,synagogue,True,False,,,,,,,,,,,,,,,
456239046,301679057,-224628741,-224628741,1707758216,2024-02-12 18:16:56,58.007723,56.235707,58.00819896273859,56.23476395501453,76.72991767250984,"https://sun9-23.userapi.com/s/v1/ig2/mxLwmyQsBYudygXPOWpZWtGkx1wmVJ2KXhInMMkx6NVNVMtw7T8f4vV6t1AdrwQnbj75tDcYbB1soOAFGhRDqosp.jpg?quality=95&as=32x43,48x64,72x96,108x144,160x213,240x320,360x480,480x640,540x720,640x853,720x960,1080x1440,1280x1707,1440x1920,1920x2560&from=bu&cs=1920x0",,False,,synagogue,True,False,,,,,,,,,,,,,,,
456240833,-7,-224628741,-224628741,1722344329,2024-07-30 14:58:49,58.007695,56.2358,58.00819896273859,56.23476395501453,82.8583389920959,"https://sun9-71.userapi.com/s/v1/ig2/9LZwsz7nYFozF3VceaAHixi0idGPYJ7CwHLQu2bvl1fZbCqfF8R3L-1bEQ4pKyOgBw-BLWTi3Dse4SMqgml1RTVE.jpg?quality=95&as=32x43,48x64,72x96,108x144,160x213,240x320,360x480,480x640,540x720,640x853,720x960,1080x1440,1280x1707,1440x1920,1920x2560&from=bu&cs=1920x0",,False,,synagogue,True,False,,,,,,,,,,,,,,,
456239999,-7,-224628741,-224628741,1714030605,2024-04-25 09:36:45,58.007709,56.236011,58.00819896273859,56.23476395501453,91.462131381659,"https://sun9-4.userapi.com/s/v1/ig2/sCJ_FMVp6lVbk766jikcQE2nX3QDoUnMmbZ2lw8uVJJ12Y4tuORCsgnYZdb2n3d-B2sauA1oDXkigq_zcwNOJN5I.jpg?quality=95&as=32x57,48x85,72x128,108x192,160x284,240x427,360x640,480x853,540x960,640x1138,720x1280,1080x1920,1179x2096&from=bu&cs=1179x0",,False,,synagogue,True,False,,,,,,,,,,,,,,,
456239940,-7,-224628741,-224628741,1713980619,2024-04-24 19:43:39,58.007702,56.235906,58.00819896273859,56.23476395501453,87.06401057124822,"https://sun9-35.userapi.com/s/v1/ig2/5fWDFDBWvfm0fL0LTuuroRopmyapdVZuB980c-7H26b7zoW5KgygYDjePyVeNo8JQeTFH7xGpk5ozPiFM8wUL2y9.jpg?quality=95&as=32x57,48x85,72x128,108x192,160x284,240x427,360x640,480x853,540x960,640x1138,720x1280,1080x1920,1179x2096&from=bu&cs=1179x0",,False,,synagogue,True,False,,,,,,,,,,,,,,,
456240754,-7,-224628741,-224628741,1722093631,2024-07-27 17:20:31,58.007695,56.2358,58.00819896273859,56.23476395501453,82.8583389920959,"https://sun9-83.userapi.com/s/v1/ig2/NgbWZ5CjFsJC89smf47Zya52qSiTaAmthM2nouB151ZSO9jynHN-t4L4PzcKITG4n2rmi6MkHLHYYBeju9lswVVr.jpg?quality=95&as=32x43,48x64,72x96,108x144,160x213,240x320,360x480,480x640,540x720,640x853,720x960,1080x1440,1280x1707,1440x1920,1920x2560&from=bu&cs=1920x0",,False,,synagogue,True,False,,,,,,,,,,,,,,,
456239587,-7,-224628741,-224628741,1712913955,2024-04-12 11:25:55,58.007702,56.235906,58.00819896273859,56.23476395501453,87.06401057124822,"https://sun9-85.userapi.com/s/v1/ig2/PR4JIGIz8RkYcg7iZ0RYq2hv0PSMCgGx86_xUIj9I4NVbhTg5ePYx7mQMFl5FNkxcemzuhArj5v6Flw_ybIRaHFu.jpg?quality=95&as=32x43,48x64,72x96,108x144,160x213,240x320,360x480,480x640,540x720,640x853,720x960,1080x1440,1280x1707,1440x1920,1920x2560&from=bu&cs=1920x0",,False,,synagogue,True,False,,,,,,,,,,,,,,,
456239762,-7,-224628741,-224628741,1713331742,2024-04-17 07:29:02,58.007723,56.235707,58.00819896273859,56.23476395501453,76.72991767250984,"https://sun9-22.userapi.com/s/v1/ig2/CjvdbJ8M5wR4GfLzzQhucT1AEA6JUXQIwSnzp9RewsK4RSWnbWiUxTEc5jKdYRZflmKdO_Vq7IzbST40gCgAocca.jpg?quality=95&as=32x43,48x64,72x96,108x144,160x213,240x320,360x480,480x640,540x720,640x853,720x960,1080x1440,1280x1707,1440x1920,1920x2560&from=bu&cs=1920x0",,False,,synagogue,True,False,,,,,,,,,,,,,,,
456239995,-7,-224628741,-224628741,1714028927,2024-04-25 09:08:47,58.007702,56.235906,58.00819896273859,56.23476395501453,87.06401057124822,"https://sun9-81.userapi.com/s/v1/ig2/oWTjmEAlTP86K2ZNzsEcDGIz8_qEB4hYnNEq3CzuvfaupLkNSm5Fp-Cmtww8OPEjQFO0p7jg_vWI3ZbU79lKRQ7O.jpg?quality=95&as=32x39,48x59,72x89,108x133,160x197,240x296,360x444,480x592,540x667,640x790,720x889,1080x1333,1280x1580,1440x1777,2074x2560&from=bu&cs=2074x0",,False,,synagogue,True,False,,,,,,,,,,,,,,,
456239764,-7,-224628741,-224628741,1713331820,2024-04-17 07:30:20,58.007723,56.235707,58.00819896273859,56.23476395501453,76.72991767250984,"https://sun9-88.userapi.com/s/v1/ig2/OUyvfsvW2V4Kfa_-jqhSRD7ijNgClANMiNgU7hqN1AclXk7jnfSB6sQipMWzNwX5sAYw8TuvqNm2DE4_ujP7Qsv6.jpg?quality=95&as=32x43,48x64,72x96,108x144,160x213,240x320,360x480,480x640,540x720,640x853,720x960,1080x1440,1280x1707,1440x1920,1920x2560&from=bu&cs=1920x0",,False,,synagogue,True,False,,,,,,,,,,,,,,,
456240812,-7,-224628741,-224628741,1722168190,2024-07-28 14:03:10,58.007702,56.235906,58.00819896273859,56.23476395501453,87.06401057124822,"https://sun9-38.userapi.com/s/v1/ig2/tmkFrJQ9kuBC2nGtemB4NzA9igvEPuDoF5Z0C_-J54CmAU64WSLJQJ9Bpr6UlF70BXkVdE6bgKCLqjFqlv7PUrfb.jpg?quality=95&as=32x43,48x64,72x96,108x144,160x213,240x320,360x480,480x640,540x720,640x853,720x960,1080x1440,1280x1707,1440x1920,1920x2560&from=bu&cs=1920x0",,False,,synagogue,True,False,,,,,,,,,,,,,,,
456240075,-7,-224628741,-224628741,1714330587,2024-04-28 20:56:27,58.007709,56.236011,58.00819896273859,56.23476395501453,91.462131381659,"https://sun9-4.userapi.com/s/v1/ig2/6hfMxIWoR3bchuOOP4a9j8OnhpKUL5Pzc0Fb3wLDbKK3vPgGsYHkqIRMtTeFYfnVWvJbQUWvx6FUisCJDnmuftES.jpg?quality=95&as=32x57,48x85,72x128,108x192,160x284,240x427,360x640,480x853,540x960,640x1138,720x1280,1080x1920,1179x2096&from=bu&cs=1179x0",,False,,synagogue,True,False,,,,,,,,,,,,,,,
456239959,-7,-224628741,-224628741,1713980984,2024-04-24 19:49:44,58.007695,56.2358,58.00819896273859,56.23476395501453,82.8583389920959,"https://sun9-53.userapi.com/s/v1/ig2/Ad3RVGe_5oOQMWHIJ-WfVmFVVpPvTcH8G1dy_q7NCjl_bzkQ4pEfty_saHVcG3xarFLBqQk8j9_pSqStrDeZYF11.jpg?quality=95&as=32x43,48x64,72x96,108x144,160x213,240x320,360x480,480x640,540x720,640x853,720x960,1080x1440,1280x1707,1440x1920,1920x2560&from=bu&cs=1920x0",,False,,synagogue,True,False,,,,,,,,,,,,,,,
456240008,-7,-224628741,-224628741,1714122637,2024-04-26 11:10:37,58.007695,56.2358,58.00819896273859,56.23476395501453,82.8583389920959,"https://sun9-3.userapi.com/s/v1/ig2/2ddTR2F-pxL3ir_1NvNc4naDfQgP83NvzqcCWK4cpWwswIy7T_NVo-1k1S5QnG2Br2D7eBIeh5YWh3DgkzBBk3Bq.jpg?quality=95&as=32x43,48x64,72x96,108x144,160x213,240x320,360x480,480x640,540x720,640x853,720x960,1080x1440,1280x1707,1440x1920,1920x2560&from=bu&cs=1920x0",,False,,synagogue,True,False,,,,,,,,,,,,,,,
456239831,-7,-224628741,-224628741,1713706463,2024-04-21 15:34:23,58.007695,56.2358,58.00819896273859,56.23476395501453,82.8583389920959,"https://sun9-8.userapi.com/s/v1/ig2/Iw_-NTMVNknXzBIZWtR18XaccvhS_DvT6wAtbCABq8mBG-bkAMW8Uc0mqj1L8uYVk6Qs7cm0VwrczPe4QsSuNRaL.jpg?quality=95&as=32x43,48x64,72x96,108x144,160x213,240x320,360x480,480x640,540x720,640x853,720x960,1080x1440,1280x1707,1440x1920,1920x2560&from=bu&cs=1920x0",,False,,synagogue,True,False,,,,,,,,,,,,,,,
456239942,-7,-224628741,-224628741,1713980619,2024-04-24 19:43:39,58.007695,56.2358,58.00819896273859,56.23476395501453,82.8583389920959,"https://sun9-70.userapi.com/s/v1/ig2/uSB7R4_vU4LaUSeX4tUz8yj-S82fVGvLtbZ-WIO3KzGPWa85NcELaaLDNknDoLcy8fpEmKONUvAlY_xDwG4GZWKu.jpg?quality=95&as=32x43,48x64,72x96,108x144,160x213,240x320,360x480,480x640,540x720,640x853,720x960,1080x1440,1280x1707,1440x1920,1920x2560&from=bu&cs=1920x0",,False,,synagogue,True,False,,,,,,,,,,,,,,,
456240001,-7,-224628741,-224628741,1714061660,2024-04-25 18:14:20,58.007723,56.235707,58.00819896273859,56.23476395501453,76.72991767250984,"https://sun9-42.userapi.com/s/v1/ig2/w_Q1kkcvcOfTttWfxP6TOXBUgl3FuIMH5cbHtlt7EXq3B5L9nZ4EVAKaxCQ99l0GzWBGams1-tcvPjpeOJB_hxty.jpg?quality=95&as=32x43,48x64,72x96,108x144,160x213,240x320,360x480,480x640,540x720,640x853,720x960,1080x1440,1280x1707,1440x1920,1920x2560&from=bu&cs=1920x0",,False,,synagogue,True,False,,,,,,,,,,,,,,,
456239835,-7,-224628741,-224628741,1713774379,2024-04-22 10:26:19,58.007716,56.235602,58.00819896273859,56.23476395501453,72.9481739764952,"https://sun9-53.userapi.com/s/v1/ig2/Xni_VZG6naQdcJZfMSzEFa8rzpzPkfwAKQL3w58Bx4rxceqqpJA28VGvIzht1s9o06jOchXBYWd6wTTd92uCUKJW.jpg?quality=95&as=32x43,48x64,72x96,108x144,160x213,240x320,360x480,480x640,540x720,640x853,720x960,1080x1440,1280x1707,1440x1920,1920x2560&from=bu&cs=1920x0",,False,,synagogue,True,False,,,,,,,,,,,,,,,
456240525,-7,-224628741,-224628741,1717833006,2024-06-08 09:50:06,58.007716,56.235602,58.00819896273859,56.23476395501453,72.9481739764952,"https://sun9-50.userapi.com/s/v1/ig2/2npBd2iNQ6U2JNoBs0S4XdXoirzZFwfoIeWb_c5mj39uXxyOpIiNKc5yUnmo3KfWsEAyvAShZr8TyCvWRA7mZ53r.jpg?quality=95&as=32x57,48x85,72x128,108x192,160x284,240x427,360x640,480x853,540x960,640x1138,720x1280,1080x1920,1179x2096&from=bu&cs=1179x0",,False,466.0,synagogue,True,False,,,,,,,,,,,,,,,
456239836,-7,-224628741,-224628741,1713774379,2024-04-22 10:26:19,58.007695,56.2358,58.00819896273859,56.23476395501453,82.8583389920959,"https://sun9-87.userapi.com/s/v1/ig2/3k_7g_V9_9wh3lmZ5AuIIMJh4xLIHG8kaD48eajo17QyY70n44r8U-dLBV5fhs_wVoupT2NLdwgKU-M3oSMdcGrm.jpg?quality=95&as=32x43,48x64,72x96,108x144,160x213,240x320,360x480,480x640,540x720,640x853,720x960,1080x1440,1280x1707,1440x1920,1920x2560&from=bu&cs=1920x0",,False,,synagogue,True,False,,,,,,,,,,,,,,,
456240012,-7,-224628741,-224628741,1714133210,2024-04-26 14:06:50,58.007695,56.2358,58.00819896273859,56.23476395501453,82.8583389920959,"https://sun9-7.userapi.com/s/v1/ig2/g_xOym9oGn3HQ69e77PXG2tdib8Y7513WpJFEY0trX2uIUGL-pBV0KGcvDE9YnlH0itzNqzZoHQk3JhqUR9T4Sms.jpg?quality=95&as=32x43,48x64,72x96,108x144,160x213,240x320,360x480,480x640,540x720,640x853,720x960,1080x1440,1280x1707,1440x1920,1920x2560&from=bu&cs=1920x0",,False,,synagogue,True,False,,,,,,,,,,,,,,,
456239786,-7,-224628741,-224628741,1713332457,2024-04-17 07:40:57,58.007723,56.235707,58.00819896273859,56.23476395501453,76.72991767250984,"https://sun9-66.userapi.com/s/v1/ig2/Cpq_VNZwTB9dQPYJijTkdSHlekezlIpaxWyRX6X5QEGxSOMIf5jrhyqTB63lWuKna4olkKkoO53c26ONoq5-irpo.jpg?quality=95&as=32x43,48x64,72x96,108x144,160x213,240x320,360x480,480x640,540x720,640x853,720x960,1080x1440,1280x1707,1440x1920,1920x2560&from=bu&cs=1920x0",,False,,synagogue,True,False,,,,,,,,,,,,,,,
456241199,-7,-224628741,-224628741,1725110781,2024-08-31 15:26:21,58.007695,56.2358,58.00819896273859,56.23476395501453,82.8583389920959,"https://sun9-77.userapi.com/s/v1/ig2/7_4jSBs60Hf06JPeROYkR_iSFSalTrkpqGes2E9j2G6v4yL_PnHjLN-yKK0gPO7tEYecbz38Dy6va3mGQYMVDhUv.jpg?quality=95&as=32x42,48x64,72x95,108x143,160x212,240x318,360x477,480x636,540x716,640x849,720x955,1080x1432,1280x1697,1440x1909,1540x2042&from=bu&cs=1540x0",,False,609.0,synagogue,True,False,,,,,,,,,,,,,,,
456239665,-7,-224628741,-224628741,1713010754,2024-04-13 14:19:14,58.007702,56.235906,58.00819896273859,56.23476395501453,87.06401057124822,"https://sun9-20.userapi.com/s/v1/ig2/9hDGrhwPek671GHNDDMr5Kz8dw6dV2gNukhTb9VTltu8-rR6txJy4aYboJxFCO7uhhs8kNzD15RhbixbpwJX46d6.jpg?quality=95&as=32x57,48x85,72x128,108x192,160x284,240x427,360x640,480x853,540x960,640x1138,720x1280,1080x1920,1179x2096&from=bu&cs=1179x0",,False,,synagogue,True,False,,,,,,,,,,,,,,,
456239043,301679057,-224628741,-224628741,1707758210,2024-02-12 18:16:50,58.007709,56.236011,58.00819896273859,56.23476395501453,91.462131381659,"https://sun9-19.userapi.com/s/v1/ig2/TTxw4nGuENrZGmx2Ku572Pvgzz7Sil6I_ce9lyNSvWBJbTG_ghiXyAG-9LAmBgvmuLlLFrnLIid9PXuf825f1u94.jpg?quality=95&as=32x40,48x60,72x90,108x134,160x199,240x298,360x448,480x597,540x671,640x796,720x895,1080x1343,1280x1591,1440x1790,2059x2560&from=bu&cs=2059x0",,False,,synagogue,True,False,,,,,,,,,,,,,,,
456239818,-7,-224628741,-224628741,1713630019,2024-04-20 18:20:19,58.007702,56.235906,58.00819896273859,56.23476395501453,87.06401057124822,"https://sun9-55.userapi.com/s/v1/ig2/WSxx4DAVVrTDBF80aJSHe_sz64TFcuJvBYP0j-HGs0-0sx2_aYIGroTuMSaE58QxE5N-eO-HZG5yGY_E7i3WgY_a.jpg?quality=95&as=32x43,48x64,72x96,108x145,160x214,240x321,360x482,480x643,540x723,640x857,720x965,1080x1447,1280x1715,1440x1929,1911x2560&from=bu&cs=1911x0",,False,,synagogue,True,False,,,,,,,,,,,,,,,
456239752,-7,-224628741,-224628741,1713171465,2024-04-15 10:57:45,58.007695,56.2358,58.00819896273859,56.23476395501453,82.8583389920959,"https://sun9-77.userapi.com/s/v1/ig2/LKMDTFYXJ0dqM8_YOeVQ3BGTa_CO0HVhBI2iCCHUTuWHjbIlbOY2oY2kc0coL3mRi4h5_W4c2tsNhJ5QHMJcyx2Q.jpg?quality=95&as=32x57,48x85,72x128,108x192,160x284,240x427,360x640,480x853,540x960,640x1138,720x1280,1080x1920,1179x2096&from=bu&cs=1179x0",,False,,synagogue,True,False,,,,,,,,,,,,,,,
456241534,-7,-224628741,-224628741,1729537543,2024-10-21 21:05:43,58.007723,56.235707,58.00819896273859,56.23476395501453,76.72991767250984,"https://sun9-38.userapi.com/s/v1/ig2/hFiSysCajYW6XvwWrMdhYiikwIr-KBWReiqvICm8-aIu1Au4Lynibp9KFpYp6xVDPrNUfGDWNegl0T34d0h7SNq5.jpg?quality=95&as=32x48,48x72,72x108,108x162,160x240,240x361,360x541,480x721,540x811,640x961,720x1082,1080x1623,1280x1923,1440x2163,1704x2560&from=bu&cs=1704x0",,False,,synagogue,True,False,,,,,,,,,,,,,,,
456240011,-7,-224628741,-224628741,1714133210,2024-04-26 14:06:50,58.007695,56.2358,58.00819896273859,56.23476395501453,82.8583389920959,"https://sun9-68.userapi.com/s/v1/ig2/T2fKG-hlgt70nfSGAWA3w5_sd92s3fbZHBeofnXLnOfSenZI977hNzIswTZ68bV8PzEmM54My1UcV-GQtScA-R_2.jpg?quality=95&as=32x43,48x64,72x96,108x144,160x213,240x320,360x480,480x640,540x720,640x853,720x960,1080x1440,1280x1707,1440x1920,1920x2560&from=bu&cs=1920x0",,False,,synagogue,True,False,,,,,,,,,,,,,,,
456240039,-7,-224628741,-224628741,1714154267,2024-04-26 19:57:47,58.007702,56.235906,58.00819896273859,56.23476395501453,87.06401057124822,"https://sun9-33.userapi.com/s/v1/ig2/Vf42nLK3Bd9XaUFea6ACbM875VfgE3nzERMcnQ4xR7AfJ7tMIof29sxZljTqPWc_xeGiaKp1EBSyAAWo3QTMOELk.jpg?quality=95&as=32x43,48x64,72x96,108x144,160x213,240x320,360x480,480x640,540x720,640x853,720x960,1080x1440,1280x1707,1440x1920,1920x2560&from=bu&cs=1920x0",,False,,synagogue,True,False,,,,,,,,,,,,,,,
456239932,-7,-224628741,-224628741,1713980198,2024-04-24 19:36:38,58.007695,56.2358,58.00819896273859,56.23476395501453,82.8583389920959,"https://sun9-17.userapi.com/s/v1/ig2/3iHr-vPMbNbzrfmqp0gH-Jl1U8HegWH18ggwymqZJQQPqyd9_4YTWRAdlDAQmLpzQQxxY9qsyRTEQ9z44dCeoYrj.jpg?quality=95&as=32x43,48x64,72x96,108x144,160x213,240x320,360x480,480x640,540x720,640x853,720x960,1080x1440,1280x1707,1440x1920,1920x2560&from=bu&cs=1920x0",,False,,synagogue,True,False,,,,,,,,,,,,,,,
456240757,-7,-224628741,-224628741,1722093701,2024-07-27 17:21:41,58.007695,56.2358,58.00819896273859,56.23476395501453,82.8583389920959,"https://sun9-32.userapi.com/s/v1/ig2/ZUDsensxTUBNV2VNH9_Vph19v9HQuyN6xLLsxR1X_UPO1wFBuqDe3HdB3Z3T0wLR7DMHjuOBo0svwZ1kBA2a1fUd.jpg?quality=95&as=32x43,48x64,72x96,108x144,160x213,240x320,360x480,480x640,540x720,640x853,720x960,1080x1440,1280x1707,1440x1920,1920x2560&from=bu&cs=1920x0",,False,,synagogue,True,False,,,,,,,,,,,,,,,
456239670,-7,-224628741,-224628741,1713010884,2024-04-13 14:21:24,58.007702,56.235906,58.00819896273859,56.23476395501453,87.06401057124822,"https://sun9-32.userapi.com/s/v1/ig2/WVdTe0BZvTaTdyPa6r1WG9Mzpdfg4K376lphTRNNzohXkuERwbVK6H9Ox-AYu8Sfh5pwg4rwblsODGTUXVuVuqph.jpg?quality=95&as=32x57,48x85,72x128,108x192,160x284,240x427,360x640,480x853,540x960,640x1138,720x1280,1080x1920,1179x2096&from=bu&cs=1179x0",,False,,synagogue,True,False,,,,,,,,,,,,,,,
456240004,-7,-224628741,-224628741,1714061756,2024-04-25 18:15:56,58.007695,56.2358,58.00819896273859,56.23476395501453,82.8583389920959,"https://sun9-79.userapi.com/s/v1/ig2/wyG22_FV5ttQLOx5hk1xScry8UNscOl8-h9kkntgtqQgiCLh7TINxsaLK6bHNo_oIYmj-lr0IoWFK6b-HsMxUOIi.jpg?quality=95&as=32x43,48x64,72x96,108x144,160x213,240x320,360x480,480x640,540x720,640x853,720x960,1080x1440,1280x1707,1440x1920,1920x2560&from=bu&cs=1920x0",,False,,synagogue,True,False,,,,,,,,,,,,,,,
456239757,-7,-224628741,-224628741,1713331524,2024-04-17 07:25:24,58.007695,56.2358,58.00819896273859,56.23476395501453,82.8583389920959,"https://sun9-27.userapi.com/s/v1/ig2/LrRN1NEzp50l_UIA4jVJvjUwv_6M2Zy78OuhroZp3s3ZOMdijw46yG9fbKH6uaDestaPhRpdJH3srABFgp6sSDqB.jpg?quality=95&as=32x43,48x64,72x96,108x144,160x213,240x320,360x480,480x640,540x720,640x853,720x960,1080x1440,1280x1707,1440x1920,1920x2560&from=bu&cs=1920x0",,False,,synagogue,True,False,,,,,,,,,,,,,,,
456241041,-7,-224628741,-224628741,1723821271,2024-08-16 17:14:31,58.007695,56.2358,58.00819896273859,56.23476395501453,82.8583389920959,"https://sun9-47.userapi.com/s/v1/ig2/jxSA21hcW_xmXcZ-4r75iy1jgoRm_oNs1zkmTrYQ9jvVydAUcfk-e7YPqiJHKNik_ctj0-Oyyxf3VuHsxxHB-fWS.jpg?quality=95&as=32x41,48x62,72x93,108x140,160x207,240x311,360x466,480x622,540x699,640x829,720x933,1080x1399,1280x1658,1440x1865,1558x2018&from=bu&cs=1558x0",,False,578.0,synagogue,True,False,,,,,,,,,,,,,,,
456239924,-7,-224628741,-224628741,1713963471,2024-04-24 14:57:51,58.007695,56.2358,58.00819896273859,56.23476395501453,82.8583389920959,"https://sun9-65.userapi.com/s/v1/ig2/z-9MKf3NEOXjd9t1BKpHdMgOUxR-pxrIeju6Zwr6KBDo_eOj82iLnv377mnZ3M-sv-nGZu8jgh_NoiyqsfiJo-TG.jpg?quality=95&as=32x43,48x64,72x96,108x144,160x213,240x320,360x480,480x640,540x720,640x853,720x960,1080x1440,1280x1707,1440x1920,1920x2560&from=bu&cs=1920x0",,False,,synagogue,True,False,,,,,,,,,,,,,,,
456240043,-7,-224628741,-224628741,1714239452,2024-04-27 19:37:32,58.007695,56.2358,58.00819896273859,56.23476395501453,82.8583389920959,"https://sun9-11.userapi.com/s/v1/ig2/3GrlpkXnZI6e6s6I7H99iOjGs_ep5ijNaUj4Dx0ml1-Age7okNsc73EVdTJUbvPqP2jSgXrbx_BiMIteboZ4gWB4.jpg?quality=95&as=32x57,48x85,72x128,108x192,160x284,240x427,360x640,480x853,540x960,640x1138,720x1280,1080x1920,1179x2096&from=bu&cs=1179x0",,False,,synagogue,True,False,,,,,,,,,,,,,,,
456239791,-7,-224628741,-224628741,1713332457,2024-04-17 07:40:57,58.007702,56.235906,58.00819896273859,56.23476395501453,87.06401057124822,"https://sun9-24.userapi.com/s/v1/ig2/K4nSAbmRfTIYyuOXCtFPbhshifRVlAkTlX64ZUFVkNhoClQiwnV04qRp6xuGpiNA75lqnfpkn9cCbNAIkbHxebYh.jpg?quality=95&as=32x43,48x64,72x96,108x144,160x213,240x320,360x480,480x640,540x720,640x853,720x960,1080x1440,1280x1707,1440x1920,1920x2560&from=bu&cs=1920x0",,False,,synagogue,True,False,,,,,,,,,,,,,,,
456239761,-7,-224628741,-224628741,1713331742,2024-04-17 07:29:02,58.007695,56.2358,58.00819896273859,56.23476395501453,82.8583389920959,"https://sun9-68.userapi.com/s/v1/ig2/pnE1lIXHZLsXVpB-G3H0ml_cIwFqcyWw16SDJl-vJqDHkf2guHwfDXYfNckVxt5opLBvXOEHvcL1vbnlw-X6gW4b.jpg?quality=95&as=32x43,48x64,72x96,108x144,160x213,240x320,360x480,480x640,540x720,640x853,720x960,1080x1440,1280x1707,1440x1920,1920x2560&from=bu&cs=1920x0",,False,,synagogue,True,False,,,,,,,,,,,,,,,
456240007,-7,-224628741,-224628741,1714122637,2024-04-26 11:10:37,58.007695,56.2358,58.00819896273859,56.23476395501453,82.8583389920959,"https://sun9-83.userapi.com/s/v1/ig2/jJetb1ARASrwoT6nvphB3fj0HbQtfKFNXNemjaIQY7cmNcJbOuHhmysi3-DBIDZk7enXu_A2-E8-Evv-qr9qlh8O.jpg?quality=95&as=32x43,48x64,72x96,108x144,160x213,240x320,360x480,480x640,540x720,640x853,720x960,1080x1440,1280x1707,1440x1920,1920x2560&from=bu&cs=1920x0",,False,,synagogue,True,False,,,,,,,,,,,,,,,
456240083,-7,-224628741,-224628741,1714402415,2024-04-29 16:53:35,58.007695,56.2358,58.00819896273859,56.23476395501453,82.8583389920959,"https://sun9-55.userapi.com/s/v1/ig2/sB29AzclhZDH0MSYWOuUZ-1CJVJxY5Csz5HTMVUMxyJYxpV5nfBMilUmCok2ERRPxHkj_F_wZF9A8-TnBvIHkbhi.jpg?quality=95&as=32x43,48x64,72x96,108x144,160x213,240x320,360x480,480x640,540x720,640x853,720x960,1080x1440,1280x1707,1440x1920,1920x2560&from=bu&cs=1920x0",,False,,synagogue,True,False,,,,,,,,,,,,,,,
456240450,-7,-224628741,-224628741,1717405529,2024-06-03 11:05:29,58.007695,56.2358,58.00819896273859,56.23476395501453,82.8583389920959,"https://sun9-47.userapi.com/s/v1/ig2/EuVIqRmKC5KSMj0bY2fnsFmfkWxNKZpWD9gB3PYqJvao4j76cskHnKeqp2pdg1O90sjvjXcbIY8jhaQWPAR6kuGm.jpg?quality=95&as=32x57,48x85,72x128,108x192,160x284,240x427,360x640,480x853,540x960,640x1138,720x1280,1080x1920,1179x2096&from=bu&cs=1179x0",,False,,synagogue,True,False,,,,,,,,,,,,,,,
456239787,-7,-224628741,-224628741,1713332457,2024-04-17 07:40:57,58.007723,56.235707,58.00819896273859,56.23476395501453,76.72991767250984,"https://sun9-61.userapi.com/s/v1/ig2/5Dua04ua_fSLE1HLOmbrYFS-a4HVTvXQ4idKO1F5NEzQ6secank4esJRtJ2RitXmMscR7LPLiRXcgrW2zi9u9_2o.jpg?quality=95&as=32x43,48x64,72x96,108x144,160x213,240x320,360x480,480x640,540x720,640x853,720x960,1080x1440,1280x1707,1440x1920,1920x2560&from=bu&cs=1920x0",,False,,synagogue,True,False,,,,,,,,,,,,,,,
456240806,-7,-224628741,-224628741,1722168044,2024-07-28 14:00:44,58.007695,56.2358,58.00819896273859,56.23476395501453,82.8583389920959,"https://sun9-66.userapi.com/s/v1/ig2/vdgdG-o2KxqKZUzvjGpfgsZ7sQqIrSZc6QByqGv30rr--utFHPcKrFwj1Ds1BMTlsQDBfRSKyMupfvGYDRi5AmHl.jpg?quality=95&as=32x43,48x64,72x96,108x144,160x213,240x320,360x480,480x640,540x720,640x853,720x960,1080x1440,1280x1707,1440x1920,1920x2560&from=bu&cs=1920x0",,False,,synagogue,True,False,,,,,,,,,,,,,,,
456239823,-7,-224628741,-224628741,1713630848,2024-04-20 18:34:08,58.007702,56.235906,58.00819896273859,56.23476395501453,87.06401057124822,"https://sun9-13.userapi.com/s/v1/ig2/TGxNlHcHgTn4aZ7dMOsoaZmsT85YsOsLK3SZ2LOt5VvYAtjM-t6gybolGeIGIDWkCRecG_WC1BmFkb3fKjah1e5a.jpg?quality=95&as=32x43,48x65,72x97,108x146,160x216,240x323,360x485,480x647,540x728,640x862,720x970,1080x1455,1280x1725,1440x1940,1900x2560&from=bu&cs=1900x0",,False,,synagogue,True,False,,,,,,,,,,,,,,,
456239235,-7,-224628741,-224628741,1711002589,2024-03-21 07:29:49,58.007702,56.235906,58.00819896273859,56.23476395501453,87.06401057124822,"https://sun9-1.userapi.com/s/v1/ig2/jLt0N-cF9uRnVVNJryCga0cwcOH5-TY9a8tNCmift7vWXOBdR9tvd_WbbcrquTSYrBsJo2POLCgcHDPuhlmMtylr.jpg?quality=95&as=32x46,48x69,72x103,108x154,160x228,240x343,360x514,480x685,540x771,640x914,720x1028,1080x1542,1280x1828,1440x2056,1793x2560&from=bu&cs=1793x0",,False,,synagogue,True,False,,,,,,,,,,,,,,,
456239840,-7,-224628741,-224628741,1713774569,2024-04-22 10:29:29,58.007716,56.235602,58.00819896273859,56.23476395501453,72.9481739764952,"https://sun9-31.userapi.com/s/v1/ig2/JxqtSQ-iOSvZAce8BIC9Iqyhf8MoksGXr6Jm0OIlwJHUySvu-PRkP2T-iXE0mU0QlNcUD09ud1Rh7Q15iZF7Q8hc.jpg?quality=95&as=32x43,48x64,72x96,108x144,160x213,240x320,360x480,480x640,540x720,640x853,720x960,1080x1440,1280x1707,1440x1920,1920x2560&from=bu&cs=1920x0",,False,,synagogue,True,False,,,,,,,,,,,,,,,
456241361,-7,-224628741,-224628741,1727528774,2024-09-28 15:06:14,58.007695,56.2358,58.00819896273859,56.23476395501453,82.8583389920959,"https://sun9-30.userapi.com/s/v1/ig2/t-sb-PyEckLbaqX8ELbqOzszlXpxVrm96PSBySJ9lor5dOEp4wELdtZjqxl3REXYHfSyzl5CKyz_Q0KkuGV4aNxs.jpg?quality=95&as=32x42,48x63,72x95,108x143,160x211,240x317,360x475,480x633,540x713,640x845,720x950,1080x1425,1280x1689,1440x1900,1940x2560&from=bu&cs=1940x0",,False,,synagogue,True,False,,,,,,,,,,,,,,,
456239031,301679057,-224628741,-224628741,1707758185,2024-02-12 18:16:25,58.007716,56.235602,58.00819896273859,56.23476395501453,72.9481739764952,"https://sun9-8.userapi.com/s/v1/ig2/9FynlqV-SGjU0aW3jQaw7Fc0o4yqWYDFfxow8SVsfc878vgHNVd3kx4lV8Z6u40VuNQT6x0N1BU0vKPK2-fBhzu_.jpg?quality=95&as=32x42,48x63,72x95,108x142,160x211,240x316,360x474,480x632,540x711,640x843,720x949,1080x1423,1280x1686,1440x1897,1943x2560&from=bu&cs=1943x0",,False,,synagogue,True,False,,,,,,,,,,,,,,,
456239832,-7,-224628741,-224628741,1713706463,2024-04-21 15:34:23,58.007702,56.235906,58.00819896273859,56.23476395501453,87.06401057124822,"https://sun9-50.userapi.com/s/v1/ig2/MRllFeWqrCctc2ijBfbpSYjz7AV6dp2FcKV0GWuecxPSDlSu5AvCXI3ERydcforD0Yehq9E_RlPcwlOwbFdU11Mr.jpg?quality=95&as=32x43,48x64,72x96,108x144,160x213,240x320,360x480,480x640,540x720,640x853,720x960,1080x1440,1280x1707,1440x1920,1920x2560&from=bu&cs=1920x0",,False,,synagogue,True,False,,,,,,,,,,,,,,,
456240483,-7,-224628741,-224628741,1717592214,2024-06-05 14:56:54,58.007716,56.235602,58.00819896273859,56.23476395501453,72.9481739764952,"https://sun9-57.userapi.com/s/v1/ig2/4bb1aLXpU1D1s2iz4s4wlaN2kQH2yQ6oTDrjEspcMfohUS9Rk7UdLZBGI6WNhgwljR8pJYnJxbHYUZScBCyJyHbU.jpg?quality=95&as=32x57,48x85,72x128,108x192,160x284,240x427,360x640,480x853,540x960,640x1138,720x1280,1080x1920,1179x2096&from=bu&cs=1179x0",,False,,synagogue,True,False,,,,,,,,,,,,,,,
456241198,-7,-224628741,-224628741,1725110761,2024-08-31 15:26:01,58.007695,56.2358,58.00819896273859,56.23476395501453,82.8583389920959,"https://sun9-16.userapi.com/s/v1/ig2/4kc6p_iEGwcobo3pb57I4M5yozjfQ51_-phmyyagJooF2xsgOrEjMJtNHdh-t_LyH42VZBFEc15gjuBagf6A-23Y.jpg?quality=95&as=32x39,48x59,72x88,108x133,160x196,240x295,360x442,480x589,540x663,640x786,720x884,1080x1326,1280x1571,1440x1768,1600x1964&from=bu&cs=1600x0",,False,608.0,synagogue,True,False,,,,,,,,,,,,,,,
456239736,-7,-224628741,-224628741,1713170953,2024-04-15 10:49:13,58.007702,56.235906,58.00819896273859,56.23476395501453,87.06401057124822,"https://sun9-85.userapi.com/s/v1/ig2/5GKjNmCKxFciGyRakopjb0hLUB-NyzIjvmZBm-Q32YILyIeIhhRSAZA7SFAgnHlSmoWIdmjKn56yK6W4-kB1XXs2.jpg?quality=95&as=32x57,48x85,72x128,108x192,160x284,240x427,360x640,480x853,540x960,640x1138,720x1280,1080x1920,1179x2096&from=bu&cs=1179x0",,False,,synagogue,True,False,,,,,,,,,,,,,,,
456240821,-7,-224628741,-224628741,1722168425,2024-07-28 14:07:05,58.007702,56.235906,58.00819896273859,56.23476395501453,87.06401057124822,"https://sun9-58.userapi.com/s/v1/ig2/Rhj-YeAS1ZBa8vgboJTaVwj_miQIJvncLHdOIRTSRV1oCDVaVLbnr5ml2l3NYtu3n0Osej7M9WJHHqoK20ZY8ddm.jpg?quality=95&as=32x43,48x64,72x96,108x144,160x213,240x320,360x480,480x640,540x720,640x853,720x960,1080x1440,1280x1707,1440x1920,1920x2560&from=bu&cs=1920x0",,False,,synagogue,True,False,,,,,,,,,,,,,,,
456239992,-7,-224628741,-224628741,1714028483,2024-04-25 09:01:23,58.007695,56.2358,58.00819896273859,56.23476395501453,82.8583389920959,"https://sun9-71.userapi.com/s/v1/ig2/75ILnGJkSA-1WecsxzBjfcQfrUJ3-AcNhZAIF3p-Aw0HzZfLJ2pE0XAXOpcdA5Rj4571o0uonTv6w-dNeouQ0wM4.jpg?quality=95&as=32x43,48x64,72x96,108x144,160x213,240x320,360x480,480x640,540x720,640x853,720x960,1080x1440,1280x1707,1440x1920,1920x2560&from=bu&cs=1920x0",,False,,synagogue,True,False,,,,,,,,,,,,,,,
456239994,-7,-224628741,-224628741,1714028927,2024-04-25 09:08:47,58.007702,56.235906,58.00819896273859,56.23476395501453,87.06401057124822,"https://sun9-73.userapi.com/s/v1/ig2/gSiu5O4VUEnQE0AhtKcNOeBDxmeLI45ZlA0gQj7Wu3Fo8b36o3rpmnxEXe8PlP97XeW2uLlFa_qUXkpY9gND1mU-.jpg?quality=95&as=32x43,48x64,72x96,108x144,160x213,240x320,360x480,480x640,540x720,640x853,720x960,1080x1440,1280x1707,1440x1920,1920x2560&from=bu&cs=1920x0",,False,,synagogue,True,False,,,,,,,,,,,,,,,
456239758,-7,-224628741,-224628741,1713331524,2024-04-17 07:25:24,58.007702,56.235906,58.00819896273859,56.23476395501453,87.06401057124822,"https://sun9-37.userapi.com/s/v1/ig2/D1945P-2eiQgwRHoUX28EKARQOCHwuLmASh9v793SjTV4-NnJmohXjwLSWohaeH1lsO2OMatIlTKAGMPhz86NSS_.jpg?quality=95&as=32x43,48x64,72x96,108x144,160x213,240x320,360x480,480x640,540x720,640x853,720x960,1080x1440,1280x1707,1440x1920,1920x2560&from=bu&cs=1920x0",,False,,synagogue,True,False,,,,,,,,,,,,,,,
456240827,-7,-224628741,-224628741,1722341127,2024-07-30 14:05:27,58.007695,56.2358,58.00819896273859,56.23476395501453,82.8583389920959,"https://sun9-1.userapi.com/s/v1/ig2/TQhZ3e_5QBLCG5nDZ8GxtgRbdg5G6KuZ_Ish3CjdJXNiz9C7SIqIbtMZjStRkAN1yD0Gl30MHbyAd0SeaKqERzsw.jpg?quality=95&as=32x43,48x64,72x96,108x144,160x213,240x320,360x480,480x640,540x720,640x853,720x960,1080x1440,1280x1707,1440x1920,1920x2560&from=bu&cs=1920x0",,False,,synagogue,True,False,,,,,,,,,,,,,,,
456239861,-7,-224628741,-224628741,1713886630,2024-04-23 17:37:10,58.007695,56.2358,58.00819896273859,56.23476395501453,82.8583389920959,"https://sun9-78.userapi.com/s/v1/ig2/vlptmf9t0CnSp8qnYEOKBURvq_eQZsKKlUD-Lc_yRK-eVdRQij8QFUcGtHkHaz1OY45pPO9zqXIBckT0obO_Npkv.jpg?quality=95&as=32x43,48x64,72x96,108x144,160x213,240x320,360x480,480x640,540x720,640x853,720x960,1080x1440,1280x1707,1440x1920,1920x2560&from=bu&cs=1920x0",,False,,synagogue,True,False,,,,,,,,,,,,,,,
456240904,-7,-224628741,-224628741,1723040202,2024-08-07 16:16:42,58.007695,56.2358,58.00819896273859,56.23476395501453,82.8583389920959,"https://sun9-62.userapi.com/s/v1/ig2/mn5sNkO7HW7heTj6VScmkTDXAp_eH41HzBLfUmoFn4ogGRMwpzuJvOlvRiZz88VkRW_uIttCbN9e5qy9UeOTA3I_.jpg?quality=95&as=32x43,48x64,72x96,108x144,160x213,240x320,360x480,480x640,540x720,640x853,720x960,1080x1440,1280x1707,1440x1920,1920x2560&from=bu&cs=1920x0",,False,,synagogue,True,False,,,,,,,,,,,,,,,
456240476,-7,-224628741,-224628741,1717592035,2024-06-05 14:53:55,58.007716,56.235602,58.00819896273859,56.23476395501453,72.9481739764952,"https://sun9-38.userapi.com/s/v1/ig2/--_RnmS8YruVUUTb1ZJtdXcizxZj5DPrNFd4IS8hF9iT2YX_VpBuTpu1NZ3D5mdoMkzPHlrDVnWOA6x_DqBUZ-dT.jpg?quality=95&as=32x57,48x85,72x128,108x192,160x284,240x427,360x640,480x853,540x960,640x1138,720x1280,1080x1920,1179x2096&from=bu&cs=1179x0",,False,,synagogue,True,False,,,,,,,,,,,,,,,
456239931,-7,-224628741,-224628741,1713980198,2024-04-24 19:36:38,58.007695,56.2358,58.00819896273859,56.23476395501453,82.8583389920959,"https://sun9-21.userapi.com/s/v1/ig2/C6tyGfAkuXpV0e_sMx-up_gtJVIgojFlWib_jK7-dyo_8KO1MSzZR_XQGe67CAgCHcyzD_57QTCCtukvFSK2isYY.jpg?quality=95&as=32x43,48x64,72x96,108x144,160x213,240x320,360x480,480x640,540x720,640x853,720x960,1080x1440,1280x1707,1440x1920,1920x2560&from=bu&cs=1920x0",,False,,synagogue,True,False,,,,,,,,,,,,,,,
456240079,-7,-224628741,-224628741,1714402032,2024-04-29 16:47:12,58.007716,56.235602,58.00819896273859,56.23476395501453,72.9481739764952,"https://sun9-23.userapi.com/s/v1/ig2/4M-ASoAlO3pXuUURsv_KvYTd7R7Hz7Sf2S6VbTT7dgryiAabcDUqcfjgFyk4Jjfe9O-HbnhnOOcJWEn8yP4QkRoz.jpg?quality=95&as=32x43,48x64,72x96,108x144,160x213,240x320,360x480,480x640,540x720,640x853,720x960,1080x1440,1280x1707,1440x1920,1920x2560&from=bu&cs=1920x0",,False,,synagogue,True,False,,,,,,,,,,,,,,,
456240478,-7,-224628741,-224628741,1717592087,2024-06-05 14:54:47,58.007716,56.235602,58.00819896273859,56.23476395501453,72.9481739764952,"https://sun9-44.userapi.com/s/v1/ig2/Ix_wssef0Nh45EisIl-XGBeT4XtbB_TC5SKOddMPzfMuS_0t7YHRHnCyn-6cKOBJ7LpC-qak3oWOQZ9PTO7uBoca.jpg?quality=95&as=32x57,48x85,72x128,108x192,160x284,240x427,360x640,480x853,540x960,640x1138,720x1280,1080x1920,1179x2096&from=bu&cs=1179x0",,False,,synagogue,True,False,,,,,,,,,,,,,,,
456239833,-7,-224628741,-224628741,1713706463,2024-04-21 15:34:23,58.007716,56.235602,58.00819896273859,56.23476395501453,72.9481739764952,"https://sun9-39.userapi.com/s/v1/ig2/Xm0AbWnzGWBHiYtTxe1xgPTIBtQUTsvrb5mG064l-_KZhOdvqTpB4p2eMlF7WBlp2g_5zW42FG7sBreXuemti9i1.jpg?quality=95&as=32x43,48x64,72x96,108x144,160x213,240x320,360x480,480x640,540x720,640x853,720x960,1080x1440,1280x1707,1440x1920,1920x2560&from=bu&cs=1920x0",,False,,synagogue,True,False,,,,,,,,,,,,,,,
456239785,-7,-224628741,-224628741,1713332457,2024-04-17 07:40:57,58.007702,56.235906,58.00819896273859,56.23476395501453,87.06401057124822,"https://sun9-7.userapi.com/s/v1/ig2/sDxRwFn5R4wzx784w0Jd-GQhu7fwuCYUM8pBKJYh8W7gXDpOeuDbc7ywvdTOa-gW_kBatq0s3YmQBLPFYyfituu_.jpg?quality=95&as=32x43,48x64,72x96,108x144,160x213,240x320,360x480,480x640,540x720,640x853,720x960,1080x1440,1280x1707,1440x1920,1920x2560&from=bu&cs=1920x0",,False,,synagogue,True,False,,,,,,,,,,,,,,,
456239589,-7,-224628741,-224628741,1712914028,2024-04-12 11:27:08,58.007702,56.235906,58.00819896273859,56.23476395501453,87.06401057124822,"https://sun9-25.userapi.com/s/v1/ig2/6-sM0-7e0t-oA9e-1JF1swLZSIRQwvGWn3daKxVs5lBhouSsP4Bn1p-O3m15ryyIyTwMLiVndmo7NTttH5Fv99vB.jpg?quality=95&as=32x43,48x64,72x96,108x144,160x213,240x320,360x480,480x640,540x720,640x853,720x960,1080x1440,1280x1707,1440x1920,1920x2560&from=bu&cs=1920x0",,False,,synagogue,True,False,,,,,,,,,,,,,,,
456239760,-7,-224628741,-224628741,1713331742,2024-04-17 07:29:02,58.007702,56.235906,58.00819896273859,56.23476395501453,87.06401057124822,"https://sun9-77.userapi.com/s/v1/ig2/vAhaAfN_2sN4MK-zxXHUUKtdibxnmJ2YB27IgbPVWF6bGTHeP7qdUqu1lbhvUXOKLarETyjCHvNiLLCZK2E-Ygfd.jpg?quality=95&as=32x57,48x85,72x128,108x192,160x284,240x427,360x640,480x853,540x960,640x1138,720x1280,1080x1920,1179x2096&from=bu&cs=1179x0",,False,,synagogue,True,False,,,,,,,,,,,,,,,
456239574,-7,-224628741,-224628741,1712819187,2024-04-11 09:06:27,58.007723,56.235707,58.00819896273859,56.23476395501453,76.72991767250984,"https://sun9-3.userapi.com/s/v1/ig2/rUpMMTtxqSZu8HzGdtshdQUjh8bk04e_i_D9Bc1t68A4sKd730U7WE0RagN4Y_qEASbcUVuRrht4wAKYamIgJZ5B.jpg?quality=95&as=32x38,48x57,72x86,108x129,160x191,240x286,360x429,480x572,540x643,640x762,720x858,1080x1287,1280x1525,1440x1715,2149x2560&from=bu&cs=2149x0",,False,,synagogue,True,False,,,,,,,,,,,,,,,
456239913,-7,-224628741,-224628741,1713898145,2024-04-23 20:49:05,58.007695,56.2358,58.00819896273859,56.23476395501453,82.8583389920959,"https://sun9-88.userapi.com/s/v1/ig2/9adJkFAukqk9WOexFL0sSfG1DWzBoJGHieBkBzhjN6qkbxw4uwlmDooTotEvr_9GdS2B9LDALSuZ_cnuK5Y66wMh.jpg?quality=95&as=32x43,48x64,72x96,108x144,160x213,240x320,360x480,480x640,540x720,640x853,720x960,1080x1440,1280x1707,1440x1920,1920x2560&from=bu&cs=1920x0",,False,,synagogue,True,False,,,,,,,,,,,,,,,
456239869,-7,-224628741,-224628741,1713887311,2024-04-23 17:48:31,58.007695,56.2358,58.00819896273859,56.23476395501453,82.8583389920959,"https://sun9-74.userapi.com/s/v1/ig2/HP1u3DTNZ8Ffas4VcKZO-Tf_CQX5Yf9ECzEgfnmdLM7KSz0Cg_NCV1obsW1gaEzTorDXh9HDTfzWLlhi1rU96DMb.jpg?quality=95&as=32x43,48x64,72x96,108x144,160x213,240x320,360x480,480x640,540x720,640x853,720x960,1080x1440,1280x1707,1440x1920,1920x2560&from=bu&cs=1920x0",,False,,synagogue,True,False,,,,,,,,,,,,,,,
456239934,-7,-224628741,-224628741,1713980475,2024-04-24 19:41:15,58.007695,56.2358,58.00819896273859,56.23476395501453,82.8583389920959,"https://sun9-53.userapi.com/s/v1/ig2/mUa5jyPofDPSRgSPbM0jZ1gcHai2XX6ZFCt20Ik_QuCywIbL4tdFhFKO7L2YEOz5iHoZRB609divPqmqoJLAubAV.jpg?quality=95&as=32x43,48x64,72x96,108x144,160x213,240x320,360x480,480x640,540x720,640x853,720x960,1080x1440,1280x1707,1440x1920,1920x2560&from=bu&cs=1920x0",,False,,synagogue,True,False,,,,,,,,,,,,,,,
456240805,-7,-224628741,-224628741,1722168044,2024-07-28 14:00:44,58.007695,56.2358,58.00819896273859,56.23476395501453,82.8583389920959,"https://sun9-69.userapi.com/s/v1/ig2/HQXE9taDMDj5t7OYj2uETIoaTpDN3sCg36imfFmyC9cDyiISeaWDn8DDCBiSuRA0qt5_9Jvu4tnH8TGvjPMruyWG.jpg?quality=95&as=32x43,48x64,72x96,108x144,160x213,240x320,360x480,480x640,540x720,640x853,720x960,1080x1440,1280x1707,1440x1920,1920x2560&from=bu&cs=1920x0",,False,,synagogue,True,False,,,,,,,,,,,,,,,
456240823,-7,-224628741,-224628741,1722341060,2024-07-30 14:04:20,58.007702,56.235906,58.00819896273859,56.23476395501453,87.06401057124822,"https://sun9-80.userapi.com/s/v1/ig2/YyVI7U58eBjIx4ufV-LbHuDbW9MOeJygYflnQBv9NULaDrgMG_515w0qFo7o4sNu1Vx79WmI261kpjMU9htkki0R.jpg?quality=95&as=32x57,48x85,72x128,108x192,160x284,240x427,360x640,480x853,540x960,640x1138,720x1280,1080x1920,1179x2096&from=bu&cs=1179x0",,False,,synagogue,True,False,,,,,,,,,,,,,,,
456239763,-7,-224628741,-224628741,1713331820,2024-04-17 07:30:20,58.007716,56.236117,58.00819896273859,56.23476395501453,96.11256814457457,"https://sun9-41.userapi.com/s/v1/ig2/q1cM-gJ4J0JsOH8Hpxlkie2fQlPLYfHMdlRzNKWmXzXzZDD6tyvu3P3zYaU_dBNpB8YqB5-brzy_Oo375cqu4HSq.jpg?quality=95&as=32x43,48x64,72x96,108x144,160x213,240x320,360x480,480x640,540x720,640x853,720x960,1080x1440,1280x1707,1440x1920,1920x2560&from=bu&cs=1920x0",,False,,synagogue,True,False,,,,,,,,,,,,,,,
456239827,-7,-224628741,-224628741,1713706136,2024-04-21 15:28:56,58.007702,56.235906,58.00819896273859,56.23476395501453,87.06401057124822,"https://sun9-58.userapi.com/s/v1/ig2/8VGpqfOsjL4dERSVp3fCPeJujThHTgNhAtiSPyh-P8Mc9dI8mCdgqAqu3Ng6Wt7blWqJ0TAsEwaAUXG6tHX1Ke0z.jpg?quality=95&as=32x43,48x64,72x96,108x144,160x213,240x320,360x480,480x640,540x720,640x853,720x960,1080x1440,1280x1707,1440x1920,1920x2560&from=bu&cs=1920x0",,False,,synagogue,True,False,,,,,,,,,,,,,,,
456239057,301679057,-224628741,-224628741,1707758241,2024-02-12 18:17:21,58.007716,56.235602,58.00819896273859,56.23476395501453,72.9481739764952,"https://sun9-9.userapi.com/s/v1/ig2/5iON6wVoGMwdwTrMfUD4c8Xxrid72RXT1D-nOqBbLqhnHliBmPfw7WjgrLn7crLMjs-iEL1S3W7Lbdu37Ecna1jT.jpg?quality=95&as=32x45,48x68,72x102,108x152,160x226,240x339,360x508,480x677,540x762,640x903,720x1016,1080x1524,1280x1806,1440x2032,1814x2560&from=bu&cs=1814x0",,False,,synagogue,True,False,,,,,,,,,,,,,,,
456240820,-7,-224628741,-224628741,1722168425,2024-07-28 14:07:05,58.007702,56.235906,58.00819896273859,56.23476395501453,87.06401057124822,"https://sun9-45.userapi.com/s/v1/ig2/6RNefoVf-LIN1TWPSSsZ17w46ZuSszpWJTDYbPvmbcHxsJuo_GeoWfqzs-uBXzP36-p_-mh0wfnpW0dw7JD6ZYgl.jpg?quality=95&as=32x43,48x65,72x98,108x147,160x218,240x326,360x489,480x653,540x734,640x870,720x979,1080x1468,1280x1740,1440x1958,1883x2560&from=bu&cs=1883x0",,False,,synagogue,True,False,,,,,,,,,,,,,,,
456240475,-7,-224628741,-224628741,1717592035,2024-06-05 14:53:55,58.007716,56.235602,58.00819896273859,56.23476395501453,72.9481739764952,"https://sun9-51.userapi.com/s/v1/ig2/m3OJKM-CSd8-omjF6lBjTUNQwGuidj_8z7buH2u6Q2PHeXsOjKrOZ5i60I66wbvBnZnI_iINzaDRMki4HEXxoOTr.jpg?quality=95&as=32x57,48x85,72x128,108x192,160x284,240x427,360x640,480x853,540x960,640x1138,720x1280,1080x1920,1179x2096&from=bu&cs=1179x0",,False,,synagogue,True,False,,,,,,,,,,,,,,,
456240447,-7,-224628741,-224628741,1717405502,2024-06-03 11:05:02,58.007702,56.235906,58.00819896273859,56.23476395501453,87.06401057124822,"https://sun9-57.userapi.com/s/v1/ig2/zAbJ_aerRaM9suEIw8-Mmme8khZTZM_xeocgaRAwbxW_BjwuZ33LBgIHiaQX93V-YqVipz2qvbQwQDJgjsm6qn-8.jpg?quality=95&as=32x57,48x85,72x128,108x192,160x284,240x427,360x640,480x853,540x960,640x1138,720x1280,1080x1920,1179x2096&from=bu&cs=1179x0",,False,,synagogue,True,False,,,,,,,,,,,,,,,
456239996,-7,-224628741,-224628741,1714028927,2024-04-25 09:08:47,58.007695,56.2358,58.00819896273859,56.23476395501453,82.8583389920959,"https://sun9-77.userapi.com/s/v1/ig2/4ckfg2UzNzfeTv4P_wuM4cyJV3xpXI_1u8g3wW9yNA4WCqBWXlXhdQ-jLq33LMFP1QsthVqMXbOpf3fr1k8FIp4t.jpg?quality=95&as=32x57,48x85,72x128,108x192,160x284,240x427,360x640,480x853,540x960,640x1138,720x1280,1080x1920,1179x2096&from=bu&cs=1179x0",,False,,synagogue,True,False,,,,,,,,,,,,,,,
456239585,-7,-224628741,-224628741,1712913955,2024-04-12 11:25:55,58.007702,56.235906,58.00819896273859,56.23476395501453,87.06401057124822,"https://sun9-45.userapi.com/s/v1/ig2/rQ8qwZ_-VSMBCy3ad4Axn4deoV1LB2NQbXnxZojP8v2VuWqCgJbL3upVknMgRWf_07qAmFOs46G9hXckBC35Sr0A.jpg?quality=95&as=32x43,48x64,72x96,108x144,160x213,240x320,360x480,480x640,540x720,640x853,720x960,1080x1440,1280x1707,1440x1920,1920x2560&from=bu&cs=1920x0",,False,,synagogue,True,False,,,,,,,,,,,,,,,
456239232,-7,-224628741,-224628741,1711002589,2024-03-21 07:29:49,58.007702,56.235906,58.00819896273859,56.23476395501453,87.06401057124822,"https://sun9-29.userapi.com/s/v1/ig2/gBFnUqHy0vQ_bFarfGXdo8Q19BH0k-GltVJwJnV6ifb9tOo-1XlfTxWsuw5N8zawm9kq0SW-XC8q9aJtICZQOP6R.jpg?quality=95&as=32x32,48x48,72x71,108x107,160x159,240x238,360x357,480x476,540x536,640x635,720x714,1080x1072,1280x1270,1440x1429,2560x2540&from=bu&cs=2560x0",,False,,synagogue,True,False,,,,,,,,,,,,,,,
456239837,-7,-224628741,-224628741,1713774521,2024-04-22 10:28:41,58.007716,56.235602,58.00819896273859,56.23476395501453,72.9481739764952,"https://sun9-58.userapi.com/s/v1/ig2/lAIpns-RgDgcQkg1tAQ3_VAcOPKz2P9AfuAlS6qoop8Qq0bHEDMWcHDkPtZPvKYT0HJQG-4Dy-oUWaqxoDW6JPAz.jpg?quality=95&as=32x43,48x64,72x96,108x144,160x213,240x320,360x480,480x640,540x720,640x853,720x960,1080x1440,1280x1707,1440x1920,1920x2560&from=bu&cs=1920x0",,False,,synagogue,True,False,,,,,,,,,,,,,,,
456240072,-7,-224628741,-224628741,1714330411,2024-04-28 20:53:31,58.007702,56.235906,58.00819896273859,56.23476395501453,87.06401057124822,"https://sun9-74.userapi.com/s/v1/ig2/B0r8WZ-XyMdWPm6dgqa4tJYvBxMGAMX6bw1DZUwH3jNrQG7cCqchWS2T67gBoSHmfje2yBS56ziEZfYJ3BV6CYZA.jpg?quality=95&as=32x57,48x85,72x128,108x192,160x284,240x427,360x640,480x853,540x960,640x1138,720x1280,1080x1920,1179x2096&from=bu&cs=1179x0",,False,,synagogue,True,False,,,,,,,,,,,,,,,
456240445,-7,-224628741,-224628741,1717239531,2024-06-01 12:58:51,58.007716,56.235602,58.00819896273859,56.23476395501453,72.9481739764952,"https://sun9-35.userapi.com/s/v1/ig2/tgZX8kXC2DGuBfXw1pGAoaNpjqJnOG25oruUlOdZV2xgcitC5G19ApvBsDwnXEA9Akgjj4cq2uUq53nhOFpk9_uq.jpg?quality=95&as=32x57,48x85,72x128,108x192,160x284,240x427,360x640,480x853,540x960,640x1138,720x1280,1080x1920,1179x2096&from=bu&cs=1179x0",,False,,synagogue,True,False,,,,,,,,,,,,,,,
456239227,-7,-224628741,-224628741,1710994044,2024-03-21 05:07:24,58.007702,56.235906,58.00819896273859,56.23476395501453,87.06401057124822,"https://sun9-13.userapi.com/s/v1/ig2/EqmkS4xYplTngKPiSv6vxQyXv70OXYFSljRh2mBAQH533d8WcTLrE1AZnO5_-L4x8EnjYroV3Mhf4SSvefFkDaOL.jpg?quality=95&as=32x43,48x65,72x97,108x146,160x216,240x323,360x485,480x647,540x728,640x862,720x970,1080x1455,1280x1725,1440x1940,1900x2560&from=bu&cs=1900x0",,False,,synagogue,True,False,,,,,,,,,,,,,,,
456239829,-7,-224628741,-224628741,1713706257,2024-04-21 15:30:57,58.007709,56.236011,58.00819896273859,56.23476395501453,91.462131381659,"https://sun9-1.userapi.com/s/v1/ig2/y3W3iYM0Xm-PdNx43yCzl766yR5obcmgG3ABEKPaLKgnkvBKlOULzFr0lXyK6v_DnYYVXTNXZgxjXs4RdaIqrkFR.jpg?quality=95&as=32x43,48x64,72x96,108x144,160x213,240x320,360x480,480x640,540x720,640x853,720x960,1080x1440,1280x1707,1440x1920,1920x2560&from=bu&cs=1920x0",,False,,synagogue,True,False,,,,,,,,,,,,,,,
456239737,-7,-224628741,-224628741,1713170953,2024-04-15 10:49:13,58.007709,56.236011,58.00819896273859,56.23476395501453,91.462131381659,"https://sun9-4.userapi.com/s/v1/ig2/TvxYoEQo7Eef-NzdceiXxaB7tANHLctl2YfWwqqow26PL30FmXFYKdI_URhyYBXe7MLzZSMmpYabsS9CAb6Z_H2G.jpg?quality=95&as=32x57,48x85,72x128,108x192,160x284,240x427,360x640,480x853,540x960,640x1138,720x1280,1080x1920,1179x2096&from=bu&cs=1179x0",,False,,synagogue,True,False,,,,,,,,,,,,,,,
456241063,-7,-224628741,-224628741,1723886486,2024-08-17 11:21:26,58.007695,56.2358,58.00819896273859,56.23476395501453,82.8583389920959,"https://sun9-48.userapi.com/s/v1/ig2/lM8y77vCFbwz2lUtzKa-sN2vkTsRUASPnaY4SSLB5VJJSYRVnw0T80hewLWpJTuZab4aDbqQiYk4sa5OKW8-bTaY.jpg?quality=95&as=32x39,48x59,72x88,108x132,160x196,240x294,360x441,480x589,540x662,640x785,720x883,1080x1324,1280x1570,1440x1766,1600x1962&from=bu&cs=1600x0",,False,582.0,synagogue,True,False,,,,,,,,,,,,,,,
456240080,-7,-224628741,-224628741,1714402032,2024-04-29 16:47:12,58.007723,56.235707,58.00819896273859,56.23476395501453,76.72991767250984,"https://sun9-43.userapi.com/s/v1/ig2/lQXqlNSV9m5wRxWkdXOoeKWwTeJU_JuWsq5VqXzY8laPFKfpNSg8Of2FNMvOY8j5fk0XZ59-ThUhcSBohVCsfZLB.jpg?quality=95&as=32x43,48x64,72x96,108x144,160x213,240x320,360x480,480x640,540x720,640x853,720x960,1080x1440,1280x1707,1440x1920,1920x2560&from=bu&cs=1920x0",,False,,synagogue,True,False,,,,,,,,,,,,,,,
456239045,301679057,-224628741,-224628741,1707758214,2024-02-12 18:16:54,58.007716,56.235602,58.00819896273859,56.23476395501453,72.9481739764952,"https://sun9-1.userapi.com/s/v1/ig2/qlhWm7LtLY61LixSnQ2FsYTAjDbCorGquDYSJ-JO_uHDYtjJcRCh_uzFf8PSihZvnWBDyweePORchge1CwGOcLxK.jpg?quality=95&as=32x44,48x67,72x100,108x150,160x222,240x333,360x499,480x665,540x748,640x887,720x998,1080x1497,1280x1774,1440x1996,1847x2560&from=bu&cs=1847x0",,False,,synagogue,True,False,,,,,,,,,,,,,,,
456240037,-7,-224628741,-224628741,1714154267,2024-04-26 19:57:47,58.007695,56.2358,58.00819896273859,56.23476395501453,82.8583389920959,"https://sun9-28.userapi.com/s/v1/ig2/hQbRjuI-w_91pJDYjXTfa2i-dX8gUOy8PbADTGVZklBHiNqdmgXWwKjxAjcslYBjviaG9c6I3IT-0VyYMQVqLZ_F.jpg?quality=95&as=32x43,48x64,72x96,108x144,160x213,240x320,360x480,480x640,540x720,640x853,720x960,1080x1440,1280x1707,1440x1920,1920x2560&from=bu&cs=1920x0",,False,,synagogue,True,False,,,,,,,,,,,,,,,
456239036,301679057,-224628741,-224628741,1707758195,2024-02-12 18:16:35,58.007723,56.235707,58.00819896273859,56.23476395501453,76.72991767250984,"https://sun9-8.userapi.com/s/v1/ig2/X_UMndhfMsSYEoJew1WL6k4WQpAR4lgR9KNzSWdHdKx1JO_foKTRA4VF0y7zSoaMNG2U-RwSntbZbzG4jacWTjL5.jpg?quality=95&as=32x43,48x64,72x96,108x144,160x213,240x320,360x480,480x640,540x720,640x853,720x960,1080x1440,1280x1707,1440x1920,1920x2560&from=bu&cs=1920x0",,False,,synagogue,True,False,,,,,,,,,,,,,,,
456239058,301679057,-224628741,-224628741,1707758243,2024-02-12 18:17:23,58.007716,56.236117,58.00819896273859,56.23476395501453,96.11256814457457,"https://sun9-79.userapi.com/s/v1/ig2/MnldrUv4khNFMl47Gc7n7XRSChLa1JIyt0VhqcLBVTM2nrjDqAaAw8KqMJJ1F4b2FS8l3-EtXWemw8Y1psh9XmIX.jpg?quality=95&as=32x43,48x64,72x96,108x144,160x213,240x320,360x480,480x640,540x720,640x853,720x960,1080x1440,1280x1707,1440x1920,1920x2560&from=bu&cs=1920x0",,False,,synagogue,True,False,,,,,,,,,,,,,,,
456239260,-7,-224628741,-224628741,1711032636,2024-03-21 15:50:36,58.007695,56.2358,58.00819896273859,56.23476395501453,82.8583389920959,"https://sun9-78.userapi.com/s/v1/ig2/9sIb9bPZSJFEtON4TOB5n0JsWjRgx9N4OJljXAkq609imWYwinmlE_CyisAW-1B8OBFvhLaW2c8g00tYi6oT5VEu.jpg?quality=95&as=32x43,48x64,72x96,108x144,160x213,240x319,360x479,480x639,540x719,640x852,720x958,1080x1438,1280x1704,1440x1917,1923x2560&from=bu&cs=1923x0",,False,,synagogue,True,False,,,,,,,,,,,,,,,
456241494,-7,-224628741,-224628741,1729445242,2024-10-20 19:27:22,58.007695,56.2358,58.00819896273859,56.23476395501453,82.8583389920959,"https://sun9-3.userapi.com/s/v1/ig2/2XdgwAwkVFuCsVWRKb93yhw5C1S-J7qLefheen0K4y1Q2UGNOatQTQyJhYczHBmnNsHma6HEpgM6bRGIvZ6EOXQS.jpg?quality=95&as=32x57,48x85,72x128,108x192,160x284,240x427,360x640,480x853,540x960,640x1138,720x1280,1080x1920,1179x2096&from=bu&cs=1179x0",,False,,synagogue,True,False,,,,,,,,,,,,,,,
456240002,-7,-224628741,-224628741,1714061660,2024-04-25 18:14:20,58.007695,56.2358,58.00819896273859,56.23476395501453,82.8583389920959,"https://sun9-1.userapi.com/s/v1/ig2/HJmE3OfpxVHQrjQAISDYK9M4QgHTpus4L13kZDJJMXq-XztloqHFMOxGYGSP3qyLhNSInwVVC5eF_T0tEyIlyJlC.jpg?quality=95&as=32x43,48x64,72x96,108x144,160x213,240x320,360x480,480x640,540x720,640x853,720x960,1080x1440,1280x1707,1440x1920,1920x2560&from=bu&cs=1920x0",,False,,synagogue,True,False,,,,,,,,,,,,,,,
456239911,-7,-224628741,-224628741,1713898101,2024-04-23 20:48:21,58.007695,56.2358,58.00819896273859,56.23476395501453,82.8583389920959,"https://sun9-14.userapi.com/s/v1/ig2/t5XSKSDQaJC08THHtbPFxG07L78Ho3zgshoHSa-bd9KJH5cmBkZGYLlFc0hifHGp-L-ggv9Ha1on6kqXGEsCnpzk.jpg?quality=95&as=32x43,48x64,72x96,108x144,160x213,240x320,360x480,480x640,540x720,640x853,720x960,1080x1440,1280x1707,1440x1920,1920x2560&from=bu&cs=1920x0",,False,,synagogue,True,False,,,,,,,,,,,,,,,
456241192,-7,-224628741,-224628741,1725033460,2024-08-30 17:57:40,58.007695,56.2358,58.00819896273859,56.23476395501453,82.8583389920959,"https://sun9-61.userapi.com/s/v1/ig2/3LdACcbXr8Q51gHkAxl4ohVUTPX7kaBMwTvYlwSGoW9HN49Lpb2KngYGguC7TdfaiMdjNsv0WUEcY5i9VTTjkFkf.jpg?quality=95&as=32x57,48x85,72x128,108x192,160x284,240x427,360x640,480x853,540x960,640x1138,720x1280,1080x1920,1179x2096&from=bu&cs=1179x0",,False,603.0,synagogue,True,False,,,,,,,,,,,,,,,
456239864,-7,-224628741,-224628741,1713887249,2024-04-23 17:47:29,58.007723,56.235707,58.00819896273859,56.23476395501453,76.72991767250984,"https://sun9-43.userapi.com/s/v1/ig2/1AvAI3QftVSZa7QDu9gMAIc2QBvWFG3D06Wv21F0XRiauxUF36g8kQQunsRoevFdpI-H5XKCfSq7BqsPo_onB1Y3.jpg?quality=95&as=32x43,48x64,72x96,108x144,160x213,240x320,360x480,480x640,540x720,640x853,720x960,1080x1440,1280x1707,1440x1920,1920x2560&from=bu&cs=1920x0",,False,,synagogue,True,False,,,,,,,,,,,,,,,
456239582,-7,-224628741,-224628741,1712819393,2024-04-11 09:09:53,58.007709,56.236011,58.00819896273859,56.23476395501453,91.462131381659,"https://sun9-45.userapi.com/s/v1/ig2/vFHDdvipyXaZdzQ9D8VtLd_fPIKzHBLqpDAnJYlnzl96IgBH6Rmu6II1Mc57yUfjoeieF1Rjxmr08zmlVYVWgv_q.jpg?quality=95&as=32x50,48x74,72x112,108x168,160x248,240x372,360x559,480x745,540x838,640x993,720x1117,1080x1676,1280x1986,1440x2234,1650x2560&from=bu&cs=1650x0",,False,,synagogue,True,False,,,,,,,,,,,,,,,
456240826,-7,-224628741,-224628741,1722341127,2024-07-30 14:05:27,58.007695,56.2358,58.00819896273859,56.23476395501453,82.8583389920959,"https://sun9-79.userapi.com/s/v1/ig2/iG6PEmU8a7XPMIGJCNVqxjapXiBHa6XWd9-RYASrEjZAMt3YhswFkxcGqsJNj6xp_xoz1ibJ1ZcBBGaQOm96DswM.jpg?quality=95&as=32x43,48x64,72x96,108x144,160x213,240x320,360x480,480x640,540x720,640x853,720x960,1080x1440,1280x1707,1440x1920,1920x2560&from=bu&cs=1920x0",,False,,synagogue,True,False,,,,,,,,,,,,,,,
456239866,-7,-224628741,-224628741,1713887249,2024-04-23 17:47:29,58.007695,56.2358,58.00819896273859,56.23476395501453,82.8583389920959,"https://sun9-39.userapi.com/s/v1/ig2/XVsG1oIuQ7gxk7PlXPEI15ESCqOHpFuhSHh-RgK3SEDuvporRvrCaanQmzW1FWLqupxzUTwzidxKrlVEwd5XR14N.jpg?quality=95&as=32x43,48x64,72x96,108x144,160x213,240x320,360x480,480x640,540x720,640x853,720x960,1080x1440,1280x1707,1440x1920,1920x2560&from=bu&cs=1920x0",,False,,synagogue,True,False,,,,,,,,,,,,,,,
456239239,-7,-224628741,-224628741,1711003393,2024-03-21 07:43:13,58.007702,56.235906,58.00819896273859,56.23476395501453,87.06401057124822,"https://sun9-20.userapi.com/s/v1/ig2/tFZwdEID5rAc99KQmsskwbxGbqKafK7yH-pZuIQvxCUCA_I6nrj43pXyd3lkTFo0F9MImBoXLlU_ejrABbA9vmcg.jpg?quality=95&as=32x42,48x63,72x95,108x142,160x210,240x315,360x473,480x630,540x709,640x840,720x945,1080x1418,1280x1680,1440x1890,1950x2560&from=bu&cs=1950x0",,False,,synagogue,True,False,,,,,,,,,,,,,,,
456239580,-7,-224628741,-224628741,1712819393,2024-04-11 09:09:53,58.007709,56.236011,58.00819896273859,56.23476395501453,91.462131381659,"https://sun9-79.userapi.com/s/v1/ig2/7SFxBZqsonPtO2XGY-FUO7y3aKl8yMX2jod51J3UW8Im6D2pgot7frRh1qNlnDK6oyeFyoDDn1Ph-bZDlO8VxFU2.jpg?quality=95&as=32x36,48x54,72x81,108x121,160x179,240x269,360x403,480x538,540x605,640x717,720x806,1080x1209,1280x1433,1440x1613,2286x2560&from=bu&cs=2286x0",,False,,synagogue,True,False,,,,,,,,,,,,,,,
456241410,-7,-224628741,-224628741,1728391501,2024-10-08 14:45:01,58.007702,56.235906,58.00819896273859,56.23476395501453,87.06401057124822,"https://sun9-11.userapi.com/s/v1/ig2/K8lCGh0Zs8UBKM0fQ5w5qfFXsBkvNXqdWpD7MFzVi4azPMFGRMiexEV9lg0KcDJvUWbc8DQrfSKXLM8506lz9P9a.jpg?quality=95&as=32x57,48x85,72x128,108x192,160x284,240x427,360x640,480x853,540x960,640x1138,720x1280,1080x1920,1179x2096&from=bu&cs=1179x0",,False,,synagogue,True,False,,,,,,,,,,,,,,,
456240067,-7,-224628741,-224628741,1714330337,2024-04-28 20:52:17,58.007695,56.2358,58.00819896273859,56.23476395501453,82.8583389920959,"https://sun9-7.userapi.com/s/v1/ig2/BJvqu5uFld2HmgbDNs8CcmquRRpU1Kr7sTf-PqVGYLMgveZdw4j7sOnC2EtwqpcfNrEEvzOdNsw-iSMvZx8usYdQ.jpg?quality=95&as=32x43,48x64,72x96,108x144,160x213,240x320,360x480,480x640,540x720,640x853,720x960,1080x1440,1280x1707,1440x1920,1920x2560&from=bu&cs=1920x0",,False,,synagogue,True,False,,,,,,,,,,,,,,,
456239263,-7,-224628741,-224628741,1711033548,2024-03-21 16:05:48,58.007695,56.2358,58.00819896273859,56.23476395501453,82.8583389920959,"https://sun9-8.userapi.com/s/v1/ig2/qYChD7-eu810tMc9RU0jLciRv5HRSlm7JzeaoOhTOvtA769eSvwtbjiJBNS1uZ-XcbFTsAVxClvjumGdQ--MWmny.jpg?quality=95&as=32x46,48x69,72x103,108x155,160x230,240x345,360x517,480x690,540x776,640x920,720x1035,1080x1552,1280x1840,1440x2070,1781x2560&from=bu&cs=1781x0",,False,,synagogue,True,False,,,,,,,,,,,,,,,
456240816,-7,-224628741,-224628741,1722168237,2024-07-28 14:03:57,58.007702,56.235906,58.00819896273859,56.23476395501453,87.06401057124822,"https://sun9-34.userapi.com/s/v1/ig2/uQKAv2asCXfZQSZwbc2L1mMoZhsJ6qA5nYcoBE8ASQvKZ_Y8p5s4MaWp0etsYNYY8bafcELxzW1Dmj790zt2qQX1.jpg?quality=95&as=32x43,48x64,72x96,108x144,160x213,240x320,360x480,480x640,540x720,640x853,720x960,1080x1440,1280x1707,1440x1920,1920x2560&from=bu&cs=1920x0",,False,,synagogue,True,False,,,,,,,,,,,,,,,
456240905,-7,-224628741,-224628741,1723040202,2024-08-07 16:16:42,58.007723,56.235707,58.00819896273859,56.23476395501453,76.72991767250984,"https://sun9-39.userapi.com/s/v1/ig2/_b_1GfB8_sHcwgNDGZk1z3safE4UVaLB73SlM_JeWVKoM2jmrQ7Olny4eOzKlJmmUxCN01NUARp9RzvKs72YvO3b.jpg?quality=95&as=32x43,48x64,72x96,108x144,160x213,240x320,360x480,480x640,540x720,640x853,720x960,1080x1440,1280x1707,1440x1920,1920x2560&from=bu&cs=1920x0",,False,,synagogue,True,False,,,,,,,,,,,,,,,
456241470,-7,-224628741,-224628741,1729263708,2024-10-18 17:01:48,58.007695,56.2358,58.00819896273859,56.23476395501453,82.8583389920959,"https://sun9-15.userapi.com/s/v1/ig2/wfrbHXbKt6Hhg4PMjg8MYthZTHXJnCZwWAtCBLMHBi0z6523rE1XDywxgZ79OagEzthH0KQBMeuJ92EQhag3Qs3u.jpg?quality=95&as=32x40,48x60,72x89,108x134,160x198,240x298,360x446,480x595,540x670,640x794,720x893,1080x1339,1280x1587,1440x1786,1592x1974&from=bu&cs=1592x0",,False,670.0,synagogue,True,False,,,,,,,,,,,,,,,
456239560,-7,-224628741,-224628741,1712754200,2024-04-10 15:03:20,58.007702,56.235906,58.00819896273859,56.23476395501453,87.06401057124822,"https://sun9-44.userapi.com/s/v1/ig2/kVyswtkdK6xEcxfspV5gxB368h0e9Sg1H8BbxPtJeHDIDXJq78rhdLGTreV9pXzCytylCniZUZNdNSrY7Vlu4uTL.jpg?quality=95&as=32x42,48x63,72x95,108x142,160x210,240x316,360x473,480x631,540x710,640x841,720x947,1080x1420,1280x1683,1440x1893,1947x2560&from=bu&cs=1947x0",,False,,synagogue,True,False,,,,,,,,,,,,,,,
456239825,-7,-224628741,-224628741,1713706136,2024-04-21 15:28:56,58.007723,56.235707,58.00819896273859,56.23476395501453,76.72991767250984,"https://sun9-35.userapi.com/s/v1/ig2/XUsxk_YX9-hBkztDeXL3LFcRHWEOV3fYD_--gcwQFSqKp5a3ZLHTl2JxqU-DwD1LfpbYA4aDmd6m97T3Ek7lij14.jpg?quality=95&as=32x43,48x64,72x96,108x144,160x213,240x320,360x480,480x640,540x720,640x853,720x960,1080x1440,1280x1707,1440x1920,1920x2560&from=bu&cs=1920x0",,False,,synagogue,True,False,,,,,,,,,,,,,,,
456239593,-7,-224628741,-224628741,1712914126,2024-04-12 11:28:46,58.007702,56.235906,58.00819896273859,56.23476395501453,87.06401057124822,"https://sun9-69.userapi.com/s/v1/ig2/F38MxFzqH7X-GqUtrWUBHIfkyJ5lzOzTzge-TDFwyAJIvSxSyiOkhODHEmRFPeBY83e1VTpCvuWUZLATFGz9RQme.jpg?quality=95&as=32x41,48x61,72x92,108x137,160x204,240x306,360x458,480x611,540x687,640x815,720x917,1080x1375,1280x1629,1440x1833,2011x2560&from=bu&cs=2011x0",,False,,synagogue,True,False,,,,,,,,,,,,,,,
456240799,-7,-224628741,-224628741,1722167913,2024-07-28 13:58:33,58.007702,56.235906,58.00819896273859,56.23476395501453,87.06401057124822,"https://sun9-63.userapi.com/s/v1/ig2/lkMnTxv9FNCxwaLb8S05w4u12fHCjo0JCiZHwERnEEXcLUmehzese2HlWMI0mw_ZWe21W1k7N5J86kTo1wl8GE0s.jpg?quality=95&as=32x43,48x64,72x96,108x144,160x213,240x320,360x480,480x640,540x720,640x853,720x960,1080x1440,1280x1707,1440x1920,1920x2560&from=bu&cs=1920x0",,False,,synagogue,True,False,,,,,,,,,,,,,,,
456239561,-7,-224628741,-224628741,1712754200,2024-04-10 15:03:20,58.007702,56.235906,58.00819896273859,56.23476395501453,87.06401057124822,"https://sun9-36.userapi.com/s/v1/ig2/8mfDFpeRKAO8Dr6dPOoPfe-GETtM5wIGX4NrdwHTXX6-kWUmdsWXXJdj5p0I8tJI4nFitgbfwPXPxCML6ga1tY8K.jpg?quality=95&as=32x43,48x64,72x96,108x144,160x213,240x319,360x479,480x639,540x719,640x852,720x958,1080x1438,1280x1704,1440x1917,1923x2560&from=bu&cs=1923x0",,False,,synagogue,True,False,,,,,,,,,,,,,,,
456240835,-7,-224628741,-224628741,1722344329,2024-07-30 14:58:49,58.007695,56.2358,58.00819896273859,56.23476395501453,82.8583389920959,"https://sun9-65.userapi.com/s/v1/ig2/JWQXZ81HaGezIm9YY2VrvzREwRBoGLkMGwGsTvDs06UoQf0vZcf9sMguFK6SGCUJ1lEYomv5_4-LuEkj16ZpZH9A.jpg?quality=95&as=32x43,48x64,72x96,108x144,160x213,240x320,360x480,480x640,540x720,640x853,720x960,1080x1440,1280x1707,1440x1920,1920x2560&from=bu&cs=1920x0",,False,,synagogue,True,False,,,,,,,,,,,,,,,
456240528,-7,-224628741,-224628741,1717952266,2024-06-09 18:57:46,58.007695,56.2358,58.00819896273859,56.23476395501453,82.8583389920959,"https://sun9-27.userapi.com/s/v1/ig2/PdBw0p6MhAn9gM_ei4qgDwswetJBbHh19UKIqnSWbLFq3qi5nArQpkDUsCL5C5BiwZmD9srTVgDxVkShDbGSojLd.jpg?quality=95&as=32x57,48x85,72x128,108x192,160x284,240x427,360x640,480x853,540x960,640x1138,720x1280,1080x1920,1179x2096&from=bu&cs=1179x0",,False,469.0,synagogue,True,False,,,,,,,,,,,,,,,
456239556,-7,-224628741,-224628741,1712754200,2024-04-10 15:03:20,58.007702,56.235906,58.00819896273859,56.23476395501453,87.06401057124822,"https://sun9-56.userapi.com/s/v1/ig2/ciwqEyi9hu6i6WWwoA0PY7DOt8vb1sBCSl1pTsKi4UvKzVsvMGt4_BF6bSPx1Bx4Lwnuacy5_ZIAv8X2mZuAyV0Z.jpg?quality=95&as=32x43,48x64,72x96,108x144,160x213,240x320,360x480,480x640,540x720,640x853,720x960,1080x1440,1280x1707,1440x1920,1920x2560&from=bu&cs=1920x0",,False,,synagogue,True,False,,,,,,,,,,,,,,,
456239034,301679057,-224628741,-224628741,1707758191,2024-02-12 18:16:31,58.007716,56.235602,58.00819896273859,56.23476395501453,72.9481739764952,"https://sun9-78.userapi.com/s/v1/ig2/RIi4ST8rlGTNvB2aOqdTW43X5xKn4gmfxwYLnMkVs-4kyrl1yEVr3ZjxM3xYW2Dia34-2cy5tAYAaFnFHdul8Aqp.jpg?quality=95&as=32x43,48x64,72x96,108x144,160x213,240x320,360x480,480x640,540x720,640x853,720x960,1080x1440,1280x1707,1440x1920,1920x2560&from=bu&cs=1920x0",,False,,synagogue,True,False,,,,,,,,,,,,,,,
456239230,-7,-224628741,-224628741,1710994873,2024-03-21 05:21:13,58.007702,56.235906,58.00819896273859,56.23476395501453,87.06401057124822,"https://sun9-79.userapi.com/s/v1/ig2/zuorALGiWL9fAVJlumr6vBIwmNvew6ZgL7Es9RlSFNuTMLmU-Cb3uy5MI_qg1GbsRHBJYw8QwpdwyqorVKNnJm-P.jpg?quality=95&as=32x43,48x65,72x97,108x146,160x216,240x323,360x485,480x647,540x728,640x862,720x970,1080x1455,1280x1725,1440x1940,1900x2560&from=bu&cs=1900x0",,False,,synagogue,True,False,,,,,,,,,,,,,,,
456240481,-7,-224628741,-224628741,1717592141,2024-06-05 14:55:41,58.007716,56.236117,58.00819896273859,56.23476395501453,96.11256814457457,"https://sun9-33.userapi.com/s/v1/ig2/I6QAGHeheylcuQGmBpbO9MQ5xgQ0ttFXkiuYd5t81WayHL7o7ccoZFScuwkSaOq2kX5JcZ4z3etgan-01XLxYrUP.jpg?quality=95&as=32x57,48x85,72x128,108x192,160x284,240x427,360x640,480x853,540x960,640x1138,720x1280,1080x1920,1179x2096&from=bu&cs=1179x0",,False,,synagogue,True,False,,,,,,,,,,,,,,,
456240070,-7,-224628741,-224628741,1714330411,2024-04-28 20:53:31,58.007695,56.2358,58.00819896273859,56.23476395501453,82.8583389920959,"https://sun9-68.userapi.com/s/v1/ig2/TalNgUGwp_FxCxGDD70FJe754B5lKl5pfTZ-6I_iei6XlWAuJd-2kJx30jCOv4QF0DjbdoNrwc9GOQMfzf0JaetV.jpg?quality=95&as=32x43,48x64,72x96,108x144,160x213,240x320,360x480,480x640,540x720,640x853,720x960,1080x1440,1280x1707,1440x1920,1920x2560&from=bu&cs=1920x0",,False,,synagogue,True,False,,,,,,,,,,,,,,,
456240038,-7,-224628741,-224628741,1714154267,2024-04-26 19:57:47,58.007695,56.2358,58.00819896273859,56.23476395501453,82.8583389920959,"https://sun9-46.userapi.com/s/v1/ig2/1Jt67GAIj4P3Gi30TpZWxfJJdv-KpvXKYZlXIT5bH3nMxjg7yxX77M7ocGUzd17njBCtBhJCVfqHNWefUIQDIheQ.jpg?quality=95&as=32x43,48x64,72x96,108x144,160x213,240x320,360x480,480x640,540x720,640x853,720x960,1080x1440,1280x1707,1440x1920,1920x2560&from=bu&cs=1920x0",,False,,synagogue,True,False,,,,,,,,,,,,,,,
456239790,-7,-224628741,-224628741,1713332457,2024-04-17 07:40:57,58.007702,56.235906,58.00819896273859,56.23476395501453,87.06401057124822,"https://sun9-49.userapi.com/s/v1/ig2/cVPgJi5v16b4y2osPNSOujd2qcfM8qpTjQaqRLGgxOlhAV53yq9M-Wxc07W9jP9lhQffX1ZWQSqD8matEUa0Tnea.jpg?quality=95&as=32x43,48x64,72x96,108x144,160x213,240x320,360x480,480x640,540x720,640x853,720x960,1080x1440,1280x1707,1440x1920,1920x2560&from=bu&cs=1920x0",,False,,synagogue,True,False,,,,,,,,,,,,,,,
456241200,-7,-224628741,-224628741,1725110894,2024-08-31 15:28:14,58.007695,56.2358,58.00819896273859,56.23476395501453,82.8583389920959,"https://sun9-55.userapi.com/s/v1/ig2/xN6Kjf_u2XO8fcfeWS7yFjROyuxlLfplmri2alo7eGJIr5kehh_j0S1mtDzXdSEaXUTb-UhcKGy1kg-3fJaooYv8.jpg?quality=95&as=32x41,48x61,72x91,108x137,160x203,240x305,360x457,480x610,540x686,640x813,720x915,1080x1372,1280x1626,1440x1829,1536x1951&from=bu&cs=1536x0",,False,610.0,synagogue,True,False,,,,,,,,,,,,,,,
456239059,301679057,-224628741,-224628741,1707758245,2024-02-12 18:17:25,58.007716,56.235602,58.00819896273859,56.23476395501453,72.9481739764952,"https://sun9-68.userapi.com/s/v1/ig2/AZWTIoNHKbAT6yv0quf9RMnmshdHhuEbI-XNwiOBpLauWpUsJyFJKQYxkBJ7ulowtUg1EApDuTcScAFA9OnaT2Bb.jpg?quality=95&as=32x43,48x65,72x97,108x146,160x216,240x324,360x486,480x648,540x729,640x865,720x973,1080x1459,1280x1729,1440x1945,1895x2560&from=bu&cs=1895x0",,False,,synagogue,True,False,,,,,,,,,,,,,,,
456240830,-7,-224628741,-224628741,1722341295,2024-07-30 14:08:15,58.007695,56.2358,58.00819896273859,56.23476395501453,82.8583389920959,"https://sun9-78.userapi.com/s/v1/ig2/cI15pU5-Ki5S3jx5_BtZyyaDxLYn1qy1PA8HVB4Qa3Sfxts1f-Ok9pui3p5GC6ZMQqIlgA5lVIysKBNChBxGxan-.jpg?quality=95&as=32x43,48x64,72x96,108x144,160x213,240x320,360x480,480x640,540x720,640x853,720x960,1080x1440,1280x1707,1440x1920,1920x2560&from=bu&cs=1920x0",,False,,synagogue,True,False,,,,,,,,,,,,,,,
456239590,-7,-224628741,-224628741,1712914028,2024-04-12 11:27:08,58.007702,56.235906,58.00819896273859,56.23476395501453,87.06401057124822,"https://sun9-48.userapi.com/s/v1/ig2/DNLrArqeYxY6LbOvdEUgkP-ACxoJGhJkY0ljeOuww4byfVGZN6eS_bEu0l-hhhlWPN055CwvoELTzsGC1hTKGKri.jpg?quality=95&as=32x43,48x64,72x96,108x144,160x213,240x320,360x480,480x640,540x720,640x853,720x960,1080x1440,1280x1707,1440x1920,1920x2560&from=bu&cs=1920x0",,False,,synagogue,True,False,,,,,,,,,,,,,,,
456239943,-7,-224628741,-224628741,1713980619,2024-04-24 19:43:39,58.007695,56.2358,58.00819896273859,56.23476395501453,82.8583389920959,"https://sun9-55.userapi.com/s/v1/ig2/J7ywvTdBZ4JIW2VHgNUOCn5tMRVREa14R1wJZsMBJq2c5OHKNQOLWdgNkiyYrB0YJMkhpMu6JlqWNv6w5rXi7eUV.jpg?quality=95&as=32x43,48x64,72x96,108x144,160x213,240x320,360x480,480x640,540x720,640x853,720x960,1080x1440,1280x1707,1440x1920,1920x2560&from=bu&cs=1920x0",,False,,synagogue,True,False,,,,,,,,,,,,,,,
456239044,301679057,-224628741,-224628741,1707758212,2024-02-12 18:16:52,58.007723,56.235707,58.00819896273859,56.23476395501453,76.72991767250984,"https://sun9-35.userapi.com/s/v1/ig2/oWUw3f84BydAjWgGf-O4TnPKGMnLKbb2-Q3pJ2EJQmcWz7Q-0llT_s5LKyQvy-B5DwWMUW--VDMJeXE1qAjWxfGI.jpg?quality=95&as=32x40,48x59,72x89,108x133,160x198,240x296,360x445,480x593,540x667,640x790,720x889,1080x1334,1280x1581,1440x1778,2073x2560&from=bu&cs=2073x0",,False,,synagogue,True,False,,,,,,,,,,,,,,,
456240477,-7,-224628741,-224628741,1717592087,2024-06-05 14:54:47,58.007716,56.235602,58.00819896273859,56.23476395501453,72.9481739764952,"https://sun9-48.userapi.com/s/v1/ig2/3NPoptlgIg72DlsFFdHfpO-EedB9f4wMWk18qCBEoVfADNe4KYp0lZbxOhB_-cYMNlCElJx0QkpbXEqAtYCE9BRE.jpg?quality=95&as=32x57,48x85,72x128,108x192,160x284,240x427,360x640,480x853,540x960,640x1138,720x1280,1080x1920,1179x2096&from=bu&cs=1179x0",,False,,synagogue,True,False,,,,,,,,,,,,,,,
456240637,-7,-224628741,-224628741,1720460471,2024-07-08 19:41:11,58.007723,56.235707,58.00819896273859,56.23476395501453,76.72991767250984,"https://sun9-11.userapi.com/s/v1/if2/V4DaP-YA8DZbY6j33OKkL27g_-12HQstS-PFQ55nBuIY-orD_nKRT9To-q0_x5wwitCBAKigR3peRBE8dGR3KkNq.jpg?quality=95&as=32x23,48x35,72x53,108x79,160x117,240x176,360x264,480x352,540x396,640x470,720x528,1080x793,1280x939,1440x1057,2560x1879&from=bu&cs=2560x0",,False,493.0,synagogue,True,False,,,,,,,,,,,,,,,
456239912,-7,-224628741,-224628741,1713898101,2024-04-23 20:48:21,58.007695,56.2358,58.00819896273859,56.23476395501453,82.8583389920959,"https://sun9-74.userapi.com/s/v1/ig2/L5PwrMNUddYRpC0b7SqqM-Tb7YvpxfgMU0NfayimvY4rmSO_K2xdk1CwiAmhucUfGEEFmgNITKyHrtPbWujZEUx5.jpg?quality=95&as=32x43,48x64,72x96,108x144,160x213,240x320,360x480,480x640,540x720,640x853,720x960,1080x1440,1280x1707,1440x1920,1920x2560&from=bu&cs=1920x0",,False,,synagogue,True,False,,,,,,,,,,,,,,,
456239228,-7,-224628741,-224628741,1710994556,2024-03-21 05:15:56,58.007702,56.235906,58.00819896273859,56.23476395501453,87.06401057124822,"https://sun9-63.userapi.com/s/v1/if2/OeMpGi6In-UVCq1YfQ9nSnKcTnrxkxYUEolDOAPf2oKAs1gSMQ9msz544gD2dOGoVdQYPHDzdF7OXNIieSuN-sIY.jpg?quality=95&as=32x28,48x43,72x64,108x96,160x142,240x213,360x320,480x426,540x479,640x568,720x639,1080x959,1280x1136,1440x1279,2560x2273&from=bu&cs=2560x0",,False,,synagogue,True,False,,,,,,,,,,,,,,,
456239914,-7,-224628741,-224628741,1713898145,2024-04-23 20:49:05,58.007695,56.2358,58.00819896273859,56.23476395501453,82.8583389920959,"https://sun9-46.userapi.com/s/v1/ig2/9KpwyNfMv2A5Ireokx8BvS3AKijrLV2A3SlcME29qIEZ-BYPpCMWMmjVLI4Qg2iWVehXWZX_9ojI9pk83cesDITq.jpg?quality=95&as=32x43,48x64,72x96,108x144,160x213,240x320,360x480,480x640,540x720,640x853,720x960,1080x1440,1280x1707,1440x1920,1920x2560&from=bu&cs=1920x0",,False,,synagogue,True,False,,,,,,,,,,,,,,,
456239928,-7,-224628741,-224628741,1713979838,2024-04-24 19:30:38,58.007716,56.235602,58.00819896273859,56.23476395501453,72.9481739764952,"https://sun9-51.userapi.com/s/v1/ig2/zPhhA6DuYeDqDcDRu_Q8J6Y1oVStMtP8ekjvNxvzjgkHdAGuLbostNNBM-Kcm0sIidq3FWoCGQFQLAV0VrFvYhOR.jpg?quality=95&as=32x43,48x64,72x96,108x144,160x213,240x320,360x480,480x640,540x720,640x853,720x960,1080x1440,1280x1707,1440x1920,1920x2560&from=bu&cs=1920x0",,False,,synagogue,True,False,,,,,,,,,,,,,,,
456241493,-7,-224628741,-224628741,1729445242,2024-10-20 19:27:22,58.007702,56.235906,58.00819896273859,56.23476395501453,87.06401057124822,"https://sun9-71.userapi.com/s/v1/ig2/Q8zfz8jT8GjkfOf5tf06aeNBnf41qMenfMVr-X-GujEEC7B50LMTLmT-QC1bmA6Zl9XiXOR61JiFC4OKNfsN9RJU.jpg?quality=95&as=32x57,48x85,72x128,108x192,160x284,240x427,360x640,480x853,540x960,640x1138,720x1280,1080x1920,1179x2096&from=bu&cs=1179x0",,False,,synagogue,True,False,,,,,,,,,,,,,,,
456240815,-7,-224628741,-224628741,1722168237,2024-07-28 14:03:57,58.007716,56.235602,58.00819896273859,56.23476395501453,72.9481739764952,"https://sun9-51.userapi.com/s/v1/ig2/7X22GazvKWBx7pW_X5VSWDJ_8yI-L4zoJoBOzIePfBmVMRqKnnDBV0ARRqWruDHGqzUUCsWXDFRRElgXIvXe3xAa.jpg?quality=95&as=32x43,48x64,72x96,108x144,160x213,240x320,360x480,480x640,540x720,640x853,720x960,1080x1440,1280x1707,1440x1920,1920x2560&from=bu&cs=1920x0",,False,,synagogue,True,False,,,,,,,,,,,,,,,
456239789,-7,-224628741,-224628741,1713332457,2024-04-17 07:40:57,58.007702,56.235906,58.00819896273859,56.23476395501453,87.06401057124822,"https://sun9-77.userapi.com/s/v1/ig2/ouXbMdvLx_4kC30d8I3BRgSkfT1ike3qahah94uMbHZfTUY9HykR7PnUFOkTLga6FIg5tCj6TmtZAnXZUuCORk1_.jpg?quality=95&as=32x43,48x64,72x96,108x144,160x213,240x320,360x480,480x640,540x720,640x853,720x960,1080x1440,1280x1707,1440x1920,1920x2560&from=bu&cs=1920x0",,False,,synagogue,True,False,,,,,,,,,,,,,,,
456240809,-7,-224628741,-224628741,1722168129,2024-07-28 14:02:09,58.007702,56.235906,58.00819896273859,56.23476395501453,87.06401057124822,"https://sun9-10.userapi.com/s/v1/ig2/k5wh1z1RC6t-29VyzVfV_WoBBnaeIe76kGca0yuAHiKVspj1oMkAUi61zeeyKJ9J1ia0L3Ns2Pm3evAaUMTMX96U.jpg?quality=95&as=32x43,48x64,72x96,108x144,160x213,240x320,360x480,480x640,540x720,640x853,720x960,1080x1440,1280x1707,1440x1920,1920x2560&from=bu&cs=1920x0",,False,,synagogue,True,False,,,,,,,,,,,,,,,
456239225,-7,-224628741,-224628741,1710994044,2024-03-21 05:07:24,58.007702,56.235906,58.00819896273859,56.23476395501453,87.06401057124822,"https://sun9-40.userapi.com/s/v1/ig2/9cbQQIqvGSpfnyCN9zhYjvCw4-Rorjrm8JobmP45gzH4A2jbesodyWkkmaBGB1TShQ6DHQdSbI9ndo0AUx_mLTIX.jpg?quality=95&as=32x44,48x66,72x98,108x148,160x219,240x328,360x492,480x656,540x738,640x875,720x985,1080x1477,1280x1750,1440x1969,1872x2560&from=bu&cs=1872x0",,False,,synagogue,True,False,,,,,,,,,,,,,,,
456239247,-7,-224628741,-224628741,1711004806,2024-03-21 08:06:46,58.007702,56.235906,58.00819896273859,56.23476395501453,87.06401057124822,"https://sun9-5.userapi.com/s/v1/ig2/qSc9k4NIGLBlCNwDJZazxLPLGTuro7wCYgkDuQ6_kDqxnElstlaXJSYTWfha3w832fq3TJkpYHD3qcyhKguB_b9B.jpg?quality=95&as=32x43,48x64,72x96,108x144,160x213,240x320,360x480,480x640,540x720,640x853,720x960,1080x1440,1280x1707,1440x1920,1920x2560&from=bu&cs=1920x0",,False,,synagogue,True,False,,,,,,,,,,,,,,,
456240480,-7,-224628741,-224628741,1717592141,2024-06-05 14:55:41,58.007709,56.236011,58.00819896273859,56.23476395501453,91.462131381659,"https://sun9-81.userapi.com/s/v1/ig2/yes6qonKPcC6ahq-K2MFmRCFVsj-Pfngmc2ofcERxCOsJs4ZkPQXykJDtsvXUmpNCy1Crcu5_FfALqr-qChAXIAc.jpg?quality=95&as=32x57,48x85,72x128,108x192,160x284,240x427,360x640,480x853,540x960,640x1138,720x1280,1080x1920,1179x2096&from=bu&cs=1179x0",,False,,synagogue,True,False,,,,,,,,,,,,,,,
456239826,-7,-224628741,-224628741,1713706136,2024-04-21 15:28:56,58.007702,56.235906,58.00819896273859,56.23476395501453,87.06401057124822,"https://sun9-54.userapi.com/s/v1/ig2/NoXKHO7OO834vlHHTIbHtjTqQKUdob3rE8yY3sUn907Kw10CoXXQSK4EsH-jlf71O3CptYydjBYGrq-N7bqxUQRM.jpg?quality=95&as=32x43,48x64,72x96,108x144,160x213,240x320,360x480,480x640,540x720,640x853,720x960,1080x1440,1280x1707,1440x1920,1920x2560&from=bu&cs=1920x0",,False,,synagogue,True,False,,,,,,,,,,,,,,,
456239262,-7,-224628741,-224628741,1711033548,2024-03-21 16:05:48,58.007695,56.2358,58.00819896273859,56.23476395501453,82.8583389920959,"https://sun9-66.userapi.com/s/v1/ig2/VwwRj2J5LV5FJGtRZDi-B5uH-qkqR_P8N_fp141v5mLa1KSaU2NPRVeulmQKGREnQBivPmjAUBPjcVDfrIFbPbvd.jpg?quality=95&as=32x41,48x61,72x92,108x138,160x204,240x306,360x459,480x612,540x689,640x816,720x918,1080x1378,1280x1633,1440x1837,2007x2560&from=bu&cs=2007x0",,False,,synagogue,True,False,,,,,,,,,,,,,,,
456239938,-7,-224628741,-224628741,1713980475,2024-04-24 19:41:15,58.007702,56.235906,58.00819896273859,56.23476395501453,87.06401057124822,"https://sun9-77.userapi.com/s/v1/ig2/wrdNz-OmiW-rvXmPsn3SP7HyKuvnWIUpiNpRqJ7Uw3-xUtAW_A857B2M6i6pXcxOQLP-uQkEz07m8DcbR_claceX.jpg?quality=95&as=32x43,48x64,72x96,108x144,160x213,240x320,360x480,480x640,540x720,640x853,720x960,1080x1440,1280x1707,1440x1920,1920x2560&from=bu&cs=1920x0",,False,,synagogue,True,False,,,,,,,,,,,,,,,
456239830,-7,-224628741,-224628741,1713706257,2024-04-21 15:30:57,58.007723,56.235707,58.00819896273859,56.23476395501453,76.72991767250984,"https://sun9-39.userapi.com/s/v1/ig2/PoQO0Dtp83qAc-3PSBLabVp6VYmPZpWc5g_riyDFjEVrEdvM97BrbdlLh4KmiMhgdou1YiBcoonwFM3oCJ4f746v.jpg?quality=95&as=32x43,48x64,72x96,108x144,160x213,240x320,360x480,480x640,540x720,640x853,720x960,1080x1440,1280x1707,1440x1920,1920x2560&from=bu&cs=1920x0",,False,,synagogue,True,False,,,,,,,,,,,,,,,
456241044,-7,-224628741,-224628741,1723821318,2024-08-16 17:15:18,58.007695,56.2358,58.00819896273859,56.23476395501453,82.8583389920959,"https://sun9-16.userapi.com/s/v1/ig2/Fgtaypw34b2tCrO0rOvNx2PRbqbRJrBXcuubUGU6U5_DEZ_hCm1oVSGGL20PgL4QPvncXy69Ml6qmfCJrRTkc_-Q.jpg?quality=95&as=32x40,48x60,72x90,108x134,160x199,240x299,360x448,480x597,540x672,640x796,720x896,1080x1344,1280x1592,1440x1791,1590x1978&from=bu&cs=1590x0",,False,581.0,synagogue,True,False,,,,,,,,,,,,,,,
456240911,-7,-224628741,-224628741,1723040285,2024-08-07 16:18:05,58.007695,56.2358,58.00819896273859,56.23476395501453,82.8583389920959,"https://sun9-27.userapi.com/s/v1/ig2/1CNTRvfXxYKxtNudBZfHvMxv8RhkVZSJLd8Y_v7xd2hfPXNRVt22OoS6iH9BWwbUxhdBLXwJaO7LhgH7l9hLroGP.jpg?quality=95&as=32x43,48x64,72x96,108x144,160x213,240x320,360x480,480x640,540x720,640x853,720x960,1080x1440,1280x1707,1440x1920,1920x2560&from=bu&cs=1920x0",,False,,synagogue,True,False,,,,,,,,,,,,,,,
456241197,-7,-224628741,-224628741,1725110731,2024-08-31 15:25:31,58.007695,56.2358,58.00819896273859,56.23476395501453,82.8583389920959,"https://sun9-44.userapi.com/s/v1/ig2/usqxpFGXfPw4cs6aCZT6nsh0rQ-9jf5njG1eCgrXZH2lPMpwfrnJdbdlQs081EF1Y658Y8rMHWWZnmXj7pjZPHGc.jpg?quality=95&as=32x57,48x85,72x128,108x192,160x284,240x427,360x640,480x853,540x960,640x1138,720x1280,1080x1920,1179x2096&from=bu&cs=1179x0",,False,607.0,synagogue,True,False,,,,,,,,,,,,,,,
456239751,-7,-224628741,-224628741,1713171465,2024-04-15 10:57:45,58.007702,56.235906,58.00819896273859,56.23476395501453,87.06401057124822,"https://sun9-76.userapi.com/s/v1/ig2/yNrR8Nh9Y8k-Aa8Ggp0wFU6BgdVCberhSnMFJRgFQ9hQ9dXGlcnAPpiU9KLvTHb6vg2egQ_dpgFBqXNxOXYFrc70.jpg?quality=95&as=32x57,48x85,72x128,108x192,160x284,240x427,360x640,480x853,540x960,640x1138,720x1280,1080x1920,1179x2096&from=bu&cs=1179x0",,False,,synagogue,True,False,,,,,,,,,,,,,,,
456239030,301679057,-224628741,-224628741,1707758183,2024-02-12 18:16:23,58.007695,56.2358,58.00819896273859,56.23476395501453,82.8583389920959,"https://sun9-50.userapi.com/s/v1/ig2/ci00EH_kf4SZFi0s3NRDA9Nf1uhu3mjewR1waX15hMTKXqP6jgQSk-AEBFUxuhIaHBF56FyRBHcW5rtOFWiR_NJn.jpg?quality=95&as=32x34,48x51,72x77,108x115,160x171,240x257,360x385,480x513,540x577,640x684,720x770,1080x1154,1280x1368,1440x1539,2395x2560&from=bu&cs=2395x0",,False,,synagogue,True,False,,,,,,,,,,,,,,,
456240913,-7,-224628741,-224628741,1723040366,2024-08-07 16:19:26,58.007695,56.2358,58.00819896273859,56.23476395501453,82.8583389920959,"https://sun9-54.userapi.com/s/v1/ig2/0i1xrE5sk77ihNjoSK8hmYxJi5nadtovcGw8TZ1Gbbjw2I3OgMWXOkzqpLYzR6-4ysFsKGGljdRTGz367_eK15rH.jpg?quality=95&as=32x43,48x64,72x96,108x144,160x213,240x320,360x480,480x640,540x720,640x853,720x960,1080x1440,1280x1707,1440x1920,1920x2560&from=bu&cs=1920x0",,False,,synagogue,True,False,,,,,,,,,,,,,,,
456239241,-7,-224628741,-224628741,1711003641,2024-03-21 07:47:21,58.007702,56.235906,58.00819896273859,56.23476395501453,87.06401057124822,"https://sun9-55.userapi.com/s/v1/ig2/EoHr1Q4l3KnnDYUbSJZU_4SpIXkS6pXhCIY58mVO82PdwcEoV35-v1k4rbUNvvsjkJNYAwSr7xSJky_jTJAhAOqv.jpg?quality=95&as=32x43,48x64,72x96,108x145,160x214,240x321,360x482,480x643,540x723,640x857,720x965,1080x1447,1280x1715,1440x1929,1911x2560&from=bu&cs=1911x0",,False,,synagogue,True,False,,,,,,,,,,,,,,,
456239581,-7,-224628741,-224628741,1712819393,2024-04-11 09:09:53,58.007695,56.2358,58.00819896273859,56.23476395501453,82.8583389920959,"https://sun9-69.userapi.com/s/v1/ig2/zNrqhoMBAo6k7coIeLfuspf_sObhLOULeD1hmc2ijs49IIhGbkkE5LBpJpOmUzjx5IwuIFmEcfr6Vz50RE-mdJ9q.jpg?quality=95&as=32x49,48x73,72x109,108x164,160x243,240x364,360x546,480x728,540x819,640x971,720x1092,1080x1638,1280x1941,1440x2184,1688x2560&from=bu&cs=1688x0",,False,,synagogue,True,False,,,,,,,,,,,,,,,
456240811,-7,-224628741,-224628741,1722168190,2024-07-28 14:03:10,58.007716,56.235602,58.00819896273859,56.23476395501453,72.9481739764952,"https://sun9-53.userapi.com/s/v1/ig2/oWRMRMqBWNAuAmovYIce7J4k7TuZbCAylm5Q7IqBvy8zOXWicDB1ZRYbWQCMrFSQ__MzUFOX1puHX_azIwd3ZLEZ.jpg?quality=95&as=32x43,48x64,72x96,108x144,160x213,240x320,360x480,480x640,540x720,640x853,720x960,1080x1440,1280x1707,1440x1920,1920x2560&from=bu&cs=1920x0",,False,,synagogue,True,False,,,,,,,,,,,,,,,
456239814,-7,-224628741,-224628741,1713629598,2024-04-20 18:13:18,58.007702,56.235906,58.00819896273859,56.23476395501453,87.06401057124822,"https://sun9-56.userapi.com/s/v1/ig2/MAin4uy6V_9G6UFrl2CEWsho8TgQ4w0AI54Em9GQN9n5ysXEqrxx8rrhXG53OVzRi3qTXpO73liZ1LhyXfiuno4f.jpg?quality=95&as=32x57,48x85,72x128,108x192,160x284,240x427,360x640,480x853,540x960,640x1138,720x1280,1080x1920,1179x2096&from=bu&cs=1179x0",,False,,synagogue,True,False,,,,,,,,,,,,,,,
456239261,-7,-224628741,-224628741,1711032636,2024-03-21 15:50:36,58.007695,56.2358,58.00819896273859,56.23476395501453,82.8583389920959,"https://sun9-58.userapi.com/s/v1/ig2/FBVE8r5W0_8gZpkOwl1MPjbZDctblyL_t6SZqn3tYjDJoPdttx5aJUdd7O6L2EeTWcBd2RzCkiKwjVf9GD9YjcSy.jpg?quality=95&as=32x43,48x65,72x98,108x146,160x217,240x325,360x488,480x651,540x732,640x868,720x976,1080x1464,1280x1736,1440x1953,1888x2560&from=bu&cs=1888x0",,False,,synagogue,True,False,,,,,,,,,,,,,,,
456239842,-7,-224628741,-224628741,1713774569,2024-04-22 10:29:29,58.007723,56.235707,58.00819896273859,56.23476395501453,76.72991767250984,"https://sun9-14.userapi.com/s/v1/ig2/o4E1TZ9esTlfrmzKM4EqcR6-qOpS1xwU-oSZb3BnLoaDYbjtyOfb-chIe4ai1WLiZFeK4-M194GZVGODPspj7fxh.jpg?quality=95&as=32x43,48x64,72x96,108x144,160x213,240x320,360x480,480x640,540x720,640x853,720x960,1080x1440,1280x1707,1440x1920,1920x2560&from=bu&cs=1920x0",,False,,synagogue,True,False,,,,,,,,,,,,,,,
456240753,-7,-224628741,-224628741,1722093631,2024-07-27 17:20:31,58.007695,56.2358,58.00819896273859,56.23476395501453,82.8583389920959,"https://sun9-3.userapi.com/s/v1/ig2/TEdjEhXXtnlVuGtr3caN9QOzRy9LItDJZ6ANfgzsyQHRJxw_O9-1gNioSJn1n9R5GdH8RKb7NkhddfbqDhUS6vHp.jpg?quality=95&as=32x43,48x64,72x96,108x144,160x213,240x320,360x480,480x640,540x720,640x853,720x960,1080x1440,1280x1707,1440x1920,1920x2560&from=bu&cs=1920x0",,False,,synagogue,True,False,,,,,,,,,,,,,,,
456239588,-7,-224628741,-224628741,1712914028,2024-04-12 11:27:08,58.007702,56.235906,58.00819896273859,56.23476395501453,87.06401057124822,"https://sun9-82.userapi.com/s/v1/ig2/2rAuobogI36MnqVvTxA9pvVwF8CTT65xxdiZ9Mc_3MO6sbD3-z0S-S5kdPtdyr2wmcsrJ042Zwvxv47HALmEPThv.jpg?quality=95&as=32x43,48x64,72x96,108x144,160x213,240x320,360x480,480x640,540x720,640x853,720x960,1080x1440,1280x1707,1440x1920,1920x2560&from=bu&cs=1920x0",,False,,synagogue,True,False,,,,,,,,,,,,,,,
456239555,-7,-224628741,-224628741,1712754200,2024-04-10 15:03:20,58.007702,56.235906,58.00819896273859,56.23476395501453,87.06401057124822,"https://sun9-76.userapi.com/s/v1/ig2/NfBL5zDL0VZk__v6XsMN6gwpURDhCU6nocOs2Q9abyKRwVJCpM-y9yABq1MwtBAcuBjRsEE3dgRhb5EetttdqaNl.jpg?quality=95&as=32x42,48x63,72x95,108x143,160x212,240x317,360x476,480x635,540x714,640x846,720x952,1080x1428,1280x1693,1440x1904,1936x2560&from=bu&cs=1936x0",,False,,synagogue,True,False,,,,,,,,,,,,,,,
456239237,-7,-224628741,-224628741,1711003393,2024-03-21 07:43:13,58.007702,56.235906,58.00819896273859,56.23476395501453,87.06401057124822,"https://sun9-31.userapi.com/s/v1/ig2/d60nB0w4BSo583mXLKdJzV70fV7QGHIc6HrbpBDV9XyJm9pbhQRoc1v-oKpam7IkRUKSthiY9-xS0q_YmnwgHBed.jpg?quality=95&as=32x41,48x62,72x93,108x140,160x207,240x310,360x465,480x620,540x698,640x827,720x930,1080x1396,1280x1654,1440x1861,1981x2560&from=bu&cs=1981x0",,False,,synagogue,True,False,,,,,,,,,,,,,,,
456239916,-7,-224628741,-224628741,1713898243,2024-04-23 20:50:43,58.007695,56.2358,58.00819896273859,56.23476395501453,82.8583389920959,"https://sun9-62.userapi.com/s/v1/ig2/_MJEMOrnP0bmdmY2dx4H5JCSsnO4Od-sHu5PN2qGjEe-Dp4Ub8BFAiGYkLeQ-KYDn1PAyQ-W2VVC3FH0kR8ElU2X.jpg?quality=95&as=32x43,48x64,72x96,108x144,160x213,240x320,360x480,480x640,540x720,640x853,720x960,1080x1440,1280x1707,1440x1920,1920x2560&from=bu&cs=1920x0",,False,,synagogue,True,False,,,,,,,,,,,,,,,
456241640,-7,-224628741,-224628741,1730648014,2024-11-03 16:33:34,58.007695,56.2358,58.00819896273859,56.23476395501453,82.8583389920959,"https://sun9-24.userapi.com/s/v1/ig2/ve5H7Cwqvkbo0P9VJLDee5X-leullSK5vemg5R33tGknrkAM7VG0YZV1tA74Tc-xr-KZ_BMKuNk3k8dQzlPxwsqa.jpg?quality=95&as=32x38,48x57,72x86,108x128,160x190,240x285,360x428,480x571,540x642,640x761,720x856,1080x1285,1280x1523,1440x1713,2152x2560&from=bu&cs=2152x0",,False,690.0,synagogue,True,False,,,,,,,,,,,,,,,
456240807,-7,-224628741,-224628741,1722168129,2024-07-28 14:02:09,58.007716,56.235602,58.00819896273859,56.23476395501453,72.9481739764952,"https://sun9-53.userapi.com/s/v1/ig2/hCQgshC-zVOoZFZ0PvEalm34HlYLMd8YIcb2wQ4sEP5CC7gYeDPPgc99jfLQADHbbjooKFclxILlOHXxpKsPIU4a.jpg?quality=95&as=32x43,48x64,72x96,108x144,160x213,240x320,360x480,480x640,540x720,640x853,720x960,1080x1440,1280x1707,1440x1920,1920x2560&from=bu&cs=1920x0",,False,,synagogue,True,False,,,,,,,,,,,,,,,
456239557,-7,-224628741,-224628741,1712754200,2024-04-10 15:03:20,58.007702,56.235906,58.00819896273859,56.23476395501453,87.06401057124822,"https://sun9-54.userapi.com/s/v1/ig2/cJ5-wQiFkuDmRAsyI6RMkKuBDaSDICEztDec9mlNOO7k_pQrr_xe0747ab0gBK-fPQXIXiCuWWucZzj2bNFBePFf.jpg?quality=95&as=32x43,48x64,72x96,108x144,160x213,240x320,360x480,480x640,540x720,640x853,720x960,1080x1440,1280x1707,1440x1920,1920x2560&from=bu&cs=1920x0",,False,,synagogue,True,False,,,,,,,,,,,,,,,
456239243,-7,-224628741,-224628741,1711003641,2024-03-21 07:47:21,58.007702,56.235906,58.00819896273859,56.23476395501453,87.06401057124822,"https://sun9-32.userapi.com/s/v1/ig2/UCj_V0F_DdMSBYgNLRL-CXz-_dR1QZs054_BQZE6aFp7PSua2H07miBMqLEgLEfiAhEhFNKf4LaGOs6IK8VbcbBo.jpg?quality=95&as=32x43,48x64,72x96,108x144,160x213,240x320,360x480,480x640,540x720,640x853,720x960,1080x1440,1280x1707,1440x1920,1920x2560&from=bu&cs=1920x0",,False,,synagogue,True,False,,,,,,,,,,,,,,,
456240082,-7,-224628741,-224628741,1714402415,2024-04-29 16:53:35,58.007702,56.235906,58.00819896273859,56.23476395501453,87.06401057124822,"https://sun9-44.userapi.com/s/v1/ig2/l9W2EEz7AMuY9Ts0jk_b538jH2yIWwUE4a53rBjdEnU5G4h4avKQxsNjRXuldGak9h1Q1QocXUwl-X3qmFjwlkb2.jpg?quality=95&as=32x42,48x63,72x95,108x142,160x210,240x316,360x473,480x631,540x710,640x841,720x947,1080x1420,1280x1683,1440x1893,1947x2560&from=bu&cs=1947x0",,False,,synagogue,True,False,,,,,,,,,,,,,,,
456239750,-7,-224628741,-224628741,1713171465,2024-04-15 10:57:45,58.007702,56.235906,58.00819896273859,56.23476395501453,87.06401057124822,"https://sun9-77.userapi.com/s/v1/ig2/VoU9sn8SCUxj-ycIzr8Z0Np-SoiTMQsEB0u87nZ-CczfdomaUA0AHhuLuv1iLX-hENWMEXxGf6yDxdyRVXmdx6DA.jpg?quality=95&as=32x57,48x85,72x128,108x192,160x284,240x427,360x640,480x853,540x960,640x1138,720x1280,1080x1920,1179x2096&from=bu&cs=1179x0",,False,,synagogue,True,False,,,,,,,,,,,,,,,
456239037,301679057,-224628741,-224628741,1707758197,2024-02-12 18:16:37,58.007821,56.235813,58.00819896273859,56.23476395501453,74.73693356164176,"https://sun9-75.userapi.com/s/v1/ig2/vVXTVdTDLRkuc16m_cFiewX73uDrUesn4UoXNPJxxExeHe5o0iZ_pTz8iZC3nDhfgOBLV-YF5Fq0NBrWi1j1rYFc.jpg?quality=95&as=32x43,48x64,72x96,108x144,160x213,240x320,360x480,480x640,540x720,640x853,720x960,1080x1440,1280x1707,1440x1920,1920x2560&from=bu&cs=1920x0",,False,,synagogue,True,False,,,,,,,,,,,,,,,
456240750,-7,-224628741,-224628741,1722093573,2024-07-27 17:19:33,58.007702,56.235906,58.00819896273859,56.23476395501453,87.06401057124822,"https://sun9-77.userapi.com/s/v1/ig2/CitXDvaP0LX6d-fcnLZ8j5FHEvmBSr728ZjWSfrb3R5NS2Fqzxg38vAiTY-_Tb_43wq4pco4xQsNaQC88f9tVUU6.jpg?quality=95&as=32x43,48x64,72x96,108x144,160x213,240x320,360x480,480x640,540x720,640x853,720x960,1080x1440,1280x1707,1440x1920,1920x2560&from=bu&cs=1920x0",,False,,synagogue,True,False,,,,,,,,,,,,,,,
456239586,-7,-224628741,-224628741,1712913955,2024-04-12 11:25:55,58.007702,56.235906,58.00819896273859,56.23476395501453,87.06401057124822,"https://sun9-24.userapi.com/s/v1/ig2/kD0RtigshYqsavyU6Pdabb5nBVF__0kW69z21xlowGsmvtOvLmzU8cYu5D-c8YPhpteSkfdPIZNxL_RPcVryBzpV.jpg?quality=95&as=32x43,48x64,72x96,108x144,160x213,240x320,360x480,480x640,540x720,640x853,720x960,1080x1440,1280x1707,1440x1920,1920x2560&from=bu&cs=1920x0",,False,,synagogue,True,False,,,,,,,,,,,,,,,
456240068,-7,-224628741,-224628741,1714330337,2024-04-28 20:52:17,58.007695,56.2358,58.00819896273859,56.23476395501453,82.8583389920959,"https://sun9-83.userapi.com/s/v1/ig2/qfTS6aisHCrJk50NeKnp8P2F8kQMAFToQ6T96QPeQkB5bTcYbB3mR3RvaB9BGExKOUix6PGH4C56YHIp-NY0buIL.jpg?quality=95&as=32x43,48x64,72x96,108x144,160x213,240x320,360x480,480x640,540x720,640x853,720x960,1080x1440,1280x1707,1440x1920,1920x2560&from=bu&cs=1920x0",,False,,synagogue,True,False,,,,,,,,,,,,,,,
456240834,-7,-224628741,-224628741,1722344329,2024-07-30 14:58:49,58.007695,56.2358,58.00819896273859,56.23476395501453,82.8583389920959,"https://sun9-28.userapi.com/s/v1/ig2/SGDYQ_CbK8c0nRivltrtVgSkjoiKZtuOkNa_dXJFerHkXKrwTI-gC8R351pYcjEzGvyaejM3W8iABOINXsQ3DzuN.jpg?quality=95&as=32x43,48x64,72x96,108x144,160x213,240x320,360x480,480x640,540x720,640x853,720x960,1080x1440,1280x1707,1440x1920,1920x2560&from=bu&cs=1920x0",,False,,synagogue,True,False,,,,,,,,,,,,,,,
456240909,-7,-224628741,-224628741,1723040237,2024-08-07 16:17:17,58.007695,56.2358,58.00819896273859,56.23476395501453,82.8583389920959,"https://sun9-9.userapi.com/s/v1/ig2/52HK_PDEZ49bWTDwz2FxnQk9cK2VF6A6CgGfzff0I55LBlyrCPbeYEm8Y-XAeBTGyoEYEV9Ve9oDgPEswY4-tFFY.jpg?quality=95&as=32x43,48x64,72x96,108x144,160x213,240x320,360x480,480x640,540x720,640x853,720x960,1080x1440,1280x1707,1440x1920,1920x2560&from=bu&cs=1920x0",,False,,synagogue,True,False,,,,,,,,,,,,,,,
456239998,-7,-224628741,-224628741,1714030605,2024-04-25 09:36:45,58.007695,56.2358,58.00819896273859,56.23476395501453,82.8583389920959,"https://sun9-21.userapi.com/s/v1/ig2/oVbi1f6Ga_fNvOf47Fy-AvhHy_08AiWza_r6R2AxqN30gpB2hAqS16wMV3oXFLR6iS7smcZxJqGwpc6_vQFTBJYr.jpg?quality=95&as=32x43,48x64,72x96,108x144,160x213,240x320,360x480,480x640,540x720,640x853,720x960,1080x1440,1280x1707,1440x1920,1920x2560&from=bu&cs=1920x0",,False,,synagogue,True,False,,,,,,,,,,,,,,,
456239668,-7,-224628741,-224628741,1713010884,2024-04-13 14:21:24,58.007716,56.235602,58.00819896273859,56.23476395501453,72.9481739764952,"https://sun9-43.userapi.com/s/v1/ig2/Qb01bQZB9MTBpt8MiBfEGQakmqLyUFAeczH-uDBUUh3Ur99Dj3rvDd5Di0ziermAeeucw3fIT7_UUt4GGHj7ZI4w.jpg?quality=95&as=32x57,48x85,72x128,108x192,160x284,240x427,360x640,480x853,540x960,640x1138,720x1280,1080x1920,1179x2096&from=bu&cs=1179x0",,False,,synagogue,True,False,,,,,,,,,,,,,,,
456239745,-7,-224628741,-224628741,1713171279,2024-04-15 10:54:39,58.0078,56.236011,58.00819896273859,56.23476395501453,85.8203422920039,"https://sun9-60.userapi.com/s/v1/ig2/5KvNDmoeDAndhapkrKIFVeHDfbY2ph6iysuAtv4Llj4s-w3FDKoB0sC9sTx0ZB8j4vtRzwl6MvLuiP77nCkFk0jg.jpg?quality=95&as=32x57,48x85,72x128,108x192,160x284,240x427,360x640,480x853,540x960,640x1138,720x1280,1080x1920,1179x2096&from=bu&cs=1179x0",,False,,synagogue,True,False,,,,,,,,,,,,,,,
456241360,-7,-224628741,-224628741,1727528774,2024-09-28 15:06:14,58.007716,56.235602,58.00819896273859,56.23476395501453,72.9481739764952,"https://sun9-51.userapi.com/s/v1/ig2/8E0Tcfjmn1iCtyilqlFUtfL_Ho30IhEJeVJ1Mk8Ny0bFBqlPehaj_qBEiYAgD1d7lnDc7xkiFabBCbxKrHfdZytI.jpg?quality=95&as=32x42,48x63,72x95,108x142,160x211,240x316,360x474,480x632,540x711,640x843,720x949,1080x1423,1280x1686,1440x1897,1943x2560&from=bu&cs=1943x0",,False,,synagogue,True,False,,,,,,,,,,,,,,,
456239238,-7,-224628741,-224628741,1711003393,2024-03-21 07:43:13,58.007702,56.235906,58.00819896273859,56.23476395501453,87.06401057124822,"https://sun9-37.userapi.com/s/v1/ig2/mgq3IQ3kMGMmag6OJUJbT9DkV6SaVcRakJnMPHFMCglGlEe25vYB2A0gyASyQcS17ze4DdoUh1O9rg513zW-lCvv.jpg?quality=95&as=32x43,48x64,72x96,108x144,160x213,240x320,360x480,480x640,540x720,640x853,720x960,1080x1440,1280x1707,1440x1920,1920x2560&from=bu&cs=1920x0",,False,,synagogue,True,False,,,,,,,,,,,,,,,
456239673,-7,-224628741,-224628741,1713011082,2024-04-13 14:24:42,58.007695,56.2358,58.00819896273859,56.23476395501453,82.8583389920959,"https://sun9-10.userapi.com/s/v1/ig2/j4aACRKTKLWiAIJVxoTKJ43Gp3TLhZAE58fm0ohqjRixSUlBHgoZfp0OBuaZZW6CwaC5ZecgNY6UoL09dkc2X4M4.jpg?quality=95&as=32x57,48x85,72x128,108x192,160x284,240x427,360x640,480x853,540x960,640x1138,720x1280,1080x1920,1179x2096&from=bu&cs=1179x0",,False,,synagogue,True,False,,,,,,,,,,,,,,,
456240524,-7,-224628741,-224628741,1717782357,2024-06-07 19:45:57,58.007716,56.235602,58.00819896273859,56.23476395501453,72.9481739764952,"https://sun9-32.userapi.com/s/v1/ig2/YHCj3ZtzXpRJ5IFJbuwppTfuw2hrZHzaFB1QKnJZTyBioKwz_a0QpUAVFZAYPE2sOePTD76ngu40VFGbuM6CMtOX.jpg?quality=95&as=32x57,48x85,72x128,108x192,160x284,240x427,360x640,480x853,540x960,640x1138,720x1280,1080x1920,1179x2096&from=bu&cs=1179x0",,False,465.0,synagogue,True,False,,,,,,,,,,,,,,,
456240016,-7,-224628741,-224628741,1714133304,2024-04-26 14:08:24,58.007695,56.2358,58.00819896273859,56.23476395501453,82.8583389920959,"https://sun9-74.userapi.com/s/v1/ig2/ZoGK4YYar_eL1hd-BNl_aqArtvMb2YAxKu56DTIuWHYUUzbM0SjxgJjYnatovIoizowyxqx4ipSBceCcMnFs6v5z.jpg?quality=95&as=32x43,48x64,72x96,108x144,160x213,240x320,360x480,480x640,540x720,640x853,720x960,1080x1440,1280x1707,1440x1920,1920x2560&from=bu&cs=1920x0",,False,,synagogue,True,False,,,,,,,,,,,,,,,
456239231,-7,-224628741,-224628741,1710995079,2024-03-21 05:24:39,58.007702,56.235906,58.00819896273859,56.23476395501453,87.06401057124822,"https://sun9-5.userapi.com/s/v1/ig2/eIf20O9ATW0YqjHnegomrljyMU3W9w6va0NmUdAJ4lCJsPzCjFZXfAmpMwwVp7sZKwElF_OrhdNoGAmdthB5uG7Q.jpg?quality=95&as=32x41,48x61,72x92,108x137,160x203,240x305,360x458,480x610,540x686,640x813,720x915,1080x1373,1280x1627,1440x1830,2014x2560&from=bu&cs=2014x0",,False,225.0,synagogue,True,False,,,,,,,,,,,,,,,
456241242,-7,-224628741,-224628741,1725519825,2024-09-05 09:03:45,58.007695,56.2358,58.00819896273859,56.23476395501453,82.8583389920959,"https://sun9-21.userapi.com/s/v1/ig2/uamdPFYIrIwjO_j08CcijZfTQWOS27vAWyWT3c15km4t__K2Xb9BSIKp-EeCEZ1ewoBLwlbLRZQI74Ye0Jwa4NBs.jpg?quality=95&as=32x41,48x61,72x92,108x138,160x205,240x307,360x461,480x614,540x691,640x819,720x921,1080x1382,1280x1637,1440x1842,1447x1851&from=bu&cs=1447x0",,False,619.0,synagogue,True,False,,,,,,,,,,,,,,,
456239922,-7,-224628741,-224628741,1713963471,2024-04-24 14:57:51,58.007695,56.2358,58.00819896273859,56.23476395501453,82.8583389920959,"https://sun9-78.userapi.com/s/v1/ig2/zeAzeY9YS7KndeckR8zlBPDKA2dHxkj5MILjgQ5HOCvwXhMq8PT7T7RXAZXsHckPLPSiqe0RfO0nlHkjTfbXK-HX.jpg?quality=95&as=32x43,48x64,72x96,108x144,160x213,240x320,360x480,480x640,540x720,640x853,720x960,1080x1440,1280x1707,1440x1920,1920x2560&from=bu&cs=1920x0",,False,,synagogue,True,False,,,,,,,,,,,,,,,
456240009,-7,-224628741,-224628741,1714122637,2024-04-26 11:10:37,58.007695,56.2358,58.00819896273859,56.23476395501453,82.8583389920959,"https://sun9-46.userapi.com/s/v1/ig2/qIQY8HOFXTMAN_BKi-0mXEVY-MwGCSxtjqYUD_XtQMe9OLwmyj7U3raX-qnOyx-dWeVd6TUrJJjhhF2TEd76B79d.jpg?quality=95&as=32x43,48x64,72x96,108x144,160x213,240x320,360x480,480x640,540x720,640x853,720x960,1080x1440,1280x1707,1440x1920,1920x2560&from=bu&cs=1920x0",,False,,synagogue,True,False,,,,,,,,,,,,,,,
456240073,-7,-224628741,-224628741,1714330587,2024-04-28 20:56:27,58.007716,56.235602,58.00819896273859,56.23476395501453,72.9481739764952,"https://sun9-25.userapi.com/s/v1/ig2/UMmfW44aec_7QJ6DtoYePS-ZzahrFyGBu1ipfmNph6OX_TtzdO3kaCkSh8l2D3YLu5QIwXwCthlhZ-rK1C8FzVRJ.jpg?quality=95&as=32x43,48x64,72x96,108x144,160x213,240x320,360x480,480x640,540x720,640x853,720x960,1080x1440,1280x1707,1440x1920,1920x2560&from=bu&cs=1920x0",,False,,synagogue,True,False,,,,,,,,,,,,,,,
456239765,-7,-224628741,-224628741,1713331820,2024-04-17 07:30:20,58.007702,56.235906,58.00819896273859,56.23476395501453,87.06401057124822,"https://sun9-74.userapi.com/s/v1/ig2/t8FRCnDNdSpD2Gix5IlCXRXpnoARDTXeHy8Gw4JOJMnosrUZzwNsZBLT76LOiqBl7EQTc2yOqyFJz3MGq_CvgZue.jpg?quality=95&as=32x57,48x85,72x128,108x192,160x284,240x427,360x640,480x853,540x960,640x1138,720x1280,1080x1920,1179x2096&from=bu&cs=1179x0",,False,,synagogue,True,False,,,,,,,,,,,,,,,
456241416,-7,-224628741,-224628741,1728391501,2024-10-08 14:45:01,58.007702,56.235906,58.00819896273859,56.23476395501453,87.06401057124822,"https://sun9-29.userapi.com/s/v1/ig2/f9zTB5nuVQix_IU6EyKKO5ZeMu6dVpHOCRHKNe4S6c2e3FhhTVfhq0YuMo0rXQOiqS_iyDnb33vrSG7bVooS22Wv.jpg?quality=95&as=32x40,48x60,72x90,108x135,160x200,240x300,360x450,480x600,540x675,640x800,720x900,1080x1350,1280x1600,1440x1800,2048x2560&from=bu&cs=2048x0",,False,,synagogue,True,False,,,,,,,,,,,,,,,
456239918,-7,-224628741,-224628741,1713898243,2024-04-23 20:50:43,58.007695,56.2358,58.00819896273859,56.23476395501453,82.8583389920959,"https://sun9-63.userapi.com/s/v1/ig2/H0I-8NxT_NTVyh0YWb3Q2FyuY5AvfuQkk4VNeN2sa1v1y9KEU3f_XRL9n0_LgRWKOQsCbix4AoeSx7LZKqMtfUZM.jpg?quality=95&as=32x43,48x64,72x96,108x144,160x213,240x320,360x480,480x640,540x720,640x853,720x960,1080x1440,1280x1707,1440x1920,1920x2560&from=bu&cs=1920x0",,False,,synagogue,True,False,,,,,,,,,,,,,,,
456240755,-7,-224628741,-224628741,1722093631,2024-07-27 17:20:31,58.007723,56.235707,58.00819896273859,56.23476395501453,76.72991767250984,"https://sun9-52.userapi.com/s/v1/ig2/6aP8mzx93U5OjZadNZ3Hk9sF6ZLsbDRqgM0Pxo68M5dFme3vYYo6zO4JLMt9HLm_aZg6WXK5mUJc0F6qythUneK2.jpg?quality=95&as=32x43,48x64,72x96,108x144,160x213,240x320,360x480,480x640,540x720,640x853,720x960,1080x1440,1280x1707,1440x1920,1920x2560&from=bu&cs=1920x0",,False,,synagogue,True,False,,,,,,,,,,,,,,,
456239923,-7,-224628741,-224628741,1713963471,2024-04-24 14:57:51,58.007695,56.2358,58.00819896273859,56.23476395501453,82.8583389920959,"https://sun9-69.userapi.com/s/v1/ig2/UfKM9RFqFsyKs_ilob5O23J7lOViWHyL1k2ArxjFebg8rUMSJP0qjY_0eUO1mu8rjUVvU0Ezk4b87AeHwh-OKKBu.jpg?quality=95&as=32x43,48x64,72x96,108x144,160x213,240x320,360x480,480x640,540x720,640x853,720x960,1080x1440,1280x1707,1440x1920,1920x2560&from=bu&cs=1920x0",,False,,synagogue,True,False,,,,,,,,,,,,,,,
456239226,-7,-224628741,-224628741,1710994044,2024-03-21 05:07:24,58.007702,56.235906,58.00819896273859,56.23476395501453,87.06401057124822,"https://sun9-78.userapi.com/s/v1/ig2/Q8_yzwXjk6iKIZOldifNV9DwYeEvF_zw3X8O23w_I6-2dfCQ48C5lhTsJLaqJ-7CMWjlnEwzTUfh3Ey3MpUF5KgL.jpg?quality=95&as=32x39,48x58,72x87,108x130,160x193,240x289,360x433,480x578,540x650,640x771,720x867,1080x1300,1280x1541,1440x1734,2126x2560&from=bu&cs=2126x0",,False,,synagogue,True,False,,,,,,,,,,,,,,,
456239236,-7,-224628741,-224628741,1711003393,2024-03-21 07:43:13,58.007702,56.235906,58.00819896273859,56.23476395501453,87.06401057124822,"https://sun9-17.userapi.com/s/v1/ig2/ZU_H3xwIEysSUj6MLqQTxmImvMy3KfrGy3Ij5ZN16G1aeQE64HEgIQRylJnZ07iTwccTKJlbs7k0lNjaFNrgwoXq.jpg?quality=95&as=32x36,48x55,72x82,108x123,160x182,240x273,360x410,480x546,540x614,640x728,720x819,1080x1229,1280x1456,1440x1638,2250x2560&from=bu&cs=2250x0",,False,,synagogue,True,False,,,,,,,,,,,,,,,
456240005,-7,-224628741,-224628741,1714061756,2024-04-25 18:15:56,58.007695,56.2358,58.00819896273859,56.23476395501453,82.8583389920959,"https://sun9-77.userapi.com/s/v1/ig2/8XYlLQMK5OqFD8vgl-1jU6xhhV8iBeURsqP_u3o9t6JWkf6X99sUFaxjW-vO-YBWj9_NKIa4lwhBS5ZQzczksA6k.jpg?quality=95&as=32x43,48x64,72x96,108x144,160x213,240x320,360x480,480x640,540x720,640x853,720x960,1080x1440,1280x1707,1440x1920,1920x2560&from=bu&cs=1920x0",,False,,synagogue,True,False,,,,,,,,,,,,,,,
456239242,-7,-224628741,-224628741,1711003641,2024-03-21 07:47:21,58.007702,56.235906,58.00819896273859,56.23476395501453,87.06401057124822,"https://sun9-10.userapi.com/s/v1/ig2/oWR4YsycoDI5zvNj_4ORmju4Lu5gCzoY_-SQbPoxeb_oybU6PmY3xkuxf3JHSBSnF_iEGlu7RtDuAJh6ZWS7myFO.jpg?quality=95&as=32x35,48x53,72x79,108x119,160x176,240x264,360x397,480x529,540x595,640x705,720x793,1080x1190,1280x1410,1440x1586,2324x2560&from=bu&cs=2324x0",,False,,synagogue,True,False,,,,,,,,,,,,,,,
456240751,-7,-224628741,-224628741,1722093573,2024-07-27 17:19:33,58.007695,56.2358,58.00819896273859,56.23476395501453,82.8583389920959,"https://sun9-68.userapi.com/s/v1/ig2/zOHyU-30FDubGbVYNEwvyfN9gFPO29V10T8iOYvkEIxHua7MLeCISsMLKR8MqpPkoDxOLXeIpGz8HnK6MwCBXE3T.jpg?quality=95&as=32x43,48x64,72x96,108x144,160x213,240x320,360x480,480x640,540x720,640x853,720x960,1080x1440,1280x1707,1440x1920,1920x2560&from=bu&cs=1920x0",,False,,synagogue,True,False,,,,,,,,,,,,,,,
456240046,-7,-224628741,-224628741,1714239589,2024-04-27 19:39:49,58.007702,56.235906,58.00819896273859,56.23476395501453,87.06401057124822,"https://sun9-77.userapi.com/s/v1/ig2/XksWDjbH9oc2-M5XVBwvgT4NDXOI5l8VYX4PDW6dPsKtYaCl8vxk9EJwXOsVMf8W5wAV0by6Aoc5KsGGxgo9FLRa.jpg?quality=95&as=32x43,48x64,72x96,108x144,160x213,240x320,360x480,480x640,540x720,640x853,720x960,1080x1440,1280x1707,1440x1920,1920x2560&from=bu&cs=1920x0",,False,,synagogue,True,False,,,,,,,,,,,,,,,
456240914,-7,-224628741,-224628741,1723040366,2024-08-07 16:19:26,58.007723,56.235707,58.00819896273859,56.23476395501453,76.72991767250984,"https://sun9-62.userapi.com/s/v1/ig2/BdbgAo1Bfxbi4HCN3VhiROYfgGTiYkR8ElSkHXUUwrBXE1jsVVWbe0o31X1RFum-7WYT-ud_vJ76htXuGINY4q_d.jpg?quality=95&as=32x43,48x64,72x96,108x144,160x213,240x320,360x480,480x640,540x720,640x853,720x960,1080x1440,1280x1707,1440x1920,1920x2560&from=bu&cs=1920x0",,False,,synagogue,True,False,,,,,,,,,,,,,,,
456240444,-7,-224628741,-224628741,1717239531,2024-06-01 12:58:51,58.007716,56.235602,58.00819896273859,56.23476395501453,72.9481739764952,"https://sun9-45.userapi.com/s/v1/ig2/3kXbKqjQk6znPqs1vrxzhZjLwX10eYWukCCYA4dQHGJjG2oJKxZqg69z9FCKc2DH_AQm8gs_gUo08QJ0fTu0EnwN.jpg?quality=95&as=32x57,48x85,72x128,108x192,160x284,240x427,360x640,480x853,540x960,640x1138,720x1280,1080x1920,1179x2096&from=bu&cs=1179x0",,False,,synagogue,True,False,,,,,,,,,,,,,,,
456240015,-7,-224628741,-224628741,1714133304,2024-04-26 14:08:24,58.007695,56.2358,58.00819896273859,56.23476395501453,82.8583389920959,"https://sun9-78.userapi.com/s/v1/ig2/L5YagQVJK27RoCuosQ0tyhfRHm5tuH0eSTBNr1Ix_-dGWmUZpbsuhBdchGgiRIs4vqUizZaQaExofNM6IiwhPB5j.jpg?quality=95&as=32x43,48x64,72x96,108x144,160x213,240x320,360x480,480x640,540x720,640x853,720x960,1080x1440,1280x1707,1440x1920,1920x2560&from=bu&cs=1920x0",,False,,synagogue,True,False,,,,,,,,,,,,,,,
456240818,-7,-224628741,-224628741,1722168237,2024-07-28 14:03:57,58.007695,56.2358,58.00819896273859,56.23476395501453,82.8583389920959,"https://sun9-21.userapi.com/s/v1/ig2/IFLw7dzzQ-js-LK_1uIjE7SwrrxdeESizbYYNGPyX-pxjDuZ5rsX3_06LDnMHtCDtENkXaB9Ys8p7_U55qRnsYSv.jpg?quality=95&as=32x43,48x64,72x96,108x144,160x213,240x320,360x480,480x640,540x720,640x853,720x960,1080x1440,1280x1707,1440x1920,1920x2560&from=bu&cs=1920x0",,False,,synagogue,True,False,,,,,,,,,,,,,,,
456241417,-7,-224628741,-224628741,1728391501,2024-10-08 14:45:01,58.007702,56.235906,58.00819896273859,56.23476395501453,87.06401057124822,"https://sun9-52.userapi.com/s/v1/ig2/cGJjxgYNJGvyIbpLH43RkzzqUWhSfh7wdCQngi6egbUwRPM6qhF7A5wXqjx_cewAKibP3l4NM5FLJ8SByT1eqkyu.jpg?quality=95&as=32x34,48x51,72x76,108x114,160x169,240x254,360x381,480x508,540x572,640x678,720x762,1080x1143,1280x1355,1440x1525,2418x2560&from=bu&cs=2418x0",,False,,synagogue,True,False,,,,,,,,,,,,,,,
456240800,-7,-224628741,-224628741,1722167913,2024-07-28 13:58:33,58.007702,56.235906,58.00819896273859,56.23476395501453,87.06401057124822,"https://sun9-80.userapi.com/s/v1/ig2/lRzD1EGaJ3ZBajqNOZEHrsehRFkv8hzylSwS7dgKWVo_Vkc-eXBLqw7gWlCBpzepUZn86QuhRmlZeFVsnDfCZUPi.jpg?quality=95&as=32x43,48x64,72x96,108x144,160x213,240x320,360x480,480x640,540x720,640x853,720x960,1080x1440,1280x1707,1440x1920,1920x2560&from=bu&cs=1920x0",,False,,synagogue,True,False,,,,,,,,,,,,,,,
456240071,-7,-224628741,-224628741,1714330411,2024-04-28 20:53:31,58.007702,56.235906,58.00819896273859,56.23476395501453,87.06401057124822,"https://sun9-77.userapi.com/s/v1/ig2/-eLjWL4sfsNf7A3H9nkl6ZigSh4CuPZ-rytI15WP-BF-KXyijtoWZ1SFLYgvpQxj8yPxFMxwTAHWQ0NoM4aF7FSd.jpg?quality=95&as=32x43,48x64,72x96,108x144,160x213,240x320,360x480,480x640,540x720,640x853,720x960,1080x1440,1280x1707,1440x1920,1920x2560&from=bu&cs=1920x0",,False,,synagogue,True,False,,,,,,,,,,,,,,,
456239233,-7,-224628741,-224628741,1711002589,2024-03-21 07:29:49,58.007702,56.235906,58.00819896273859,56.23476395501453,87.06401057124822,"https://sun9-21.userapi.com/s/v1/ig2/ALJ-mp4NvpsEwqdnJxTGCLAxuWxo3U2DfMg6ZOZITOOnpm_JAAat2S1YGk4DOX8sec1qWtM6o9dImTc3IviI7pLP.jpg?quality=95&as=32x47,48x70,72x105,108x158,160x234,240x351,360x527,480x703,540x791,640x937,720x1054,1080x1582,1280x1875,1440x2109,1748x2560&from=bu&cs=1748x0",,False,,synagogue,True,False,,,,,,,,,,,,,,,
456240797,-7,-224628741,-224628741,1722167913,2024-07-28 13:58:33,58.007702,56.235906,58.00819896273859,56.23476395501453,87.06401057124822,"https://sun9-80.userapi.com/s/v1/ig2/f8fOg0iO4x_0snt4NWk1DnWoRFFFW2WgsJ5JLPP-kHaO01kyPW4IhEC4w8x9uZ6RFyucrZFJvC50wpK73iWadM1j.jpg?quality=95&as=32x43,48x64,72x96,108x144,160x213,240x320,360x480,480x640,540x720,640x853,720x960,1080x1440,1280x1707,1440x1920,1920x2560&from=bu&cs=1920x0",,False,,synagogue,True,False,,,,,,,,,,,,,,,
456239240,-7,-224628741,-224628741,1711003641,2024-03-21 07:47:21,58.007702,56.235906,58.00819896273859,56.23476395501453,87.06401057124822,"https://sun9-20.userapi.com/s/v1/ig2/yGEsXn9EIYgwrkm0-XQ1sZCHfuyGZW6PKYML-l8F9cLh6RyxU0roBkZkBSJZVEag7LzAE-XyfNFpVzRkalV973DG.jpg?quality=95&as=32x43,48x64,72x96,108x144,160x213,240x320,360x480,480x640,540x720,640x853,720x960,1080x1440,1280x1707,1440x1920,1920x2560&from=bu&cs=1920x0",,False,,synagogue,True,False,,,,,,,,,,,,,,,
456239672,-7,-224628741,-224628741,1713011082,2024-04-13 14:24:42,58.007702,56.235906,58.00819896273859,56.23476395501453,87.06401057124822,"https://sun9-20.userapi.com/s/v1/ig2/6b3BtuKkajzp4GTBqYDsTHBhQQxSnkpKoIbi0QDcljYnd3Isgz188HoI3jk6VHV6WghD2yzxjEQKFLjsJdJmeBYU.jpg?quality=95&as=32x57,48x85,72x128,108x192,160x284,240x427,360x640,480x853,540x960,640x1138,720x1280,1080x1920,1179x2096&from=bu&cs=1179x0",,False,,synagogue,True,False,,,,,,,,,,,,,,,
456241495,-7,-224628741,-224628741,1729445242,2024-10-20 19:27:22,58.007716,56.235602,58.00819896273859,56.23476395501453,72.9481739764952,"https://sun9-26.userapi.com/s/v1/ig2/t9OF2G4wgpaGPNqVid6QJp-LQYdJk3wvykz7ni03c_GvmJ_Hd_Bloti_YWMADHwRCaRB1H1K2KeX8tzFsg4vIqMQ.jpg?quality=95&as=32x43,48x64,72x96,108x144,160x213,240x320,360x480,480x640,540x720,640x853,720x960,1080x1440,1280x1707,1440x1920,1920x2560&from=bu&cs=1920x0",,False,,synagogue,True,False,,,,,,,,,,,,,,,
456241193,-7,-224628741,-224628741,1725033484,2024-08-30 17:58:04,58.007695,56.2358,58.00819896273859,56.23476395501453,82.8583389920959,"https://sun9-87.userapi.com/s/v1/ig2/0Pn0OZFhOAUrKUMMq2ame6bMqXn8Iq2PwLcYvh2MIe-TluVqlppSAWdeL_ybVeIKFAm6HKpX_f4teprG0apDHXs8.jpg?quality=95&as=32x57,48x85,72x128,108x192,160x284,240x427,360x640,480x853,540x960,640x1138,720x1280,1080x1920,1179x2096&from=bu&cs=1179x0",,False,604.0,synagogue,True,False,,,,,,,,,,,,,,,
456239234,-7,-224628741,-224628741,1711002589,2024-03-21 07:29:49,58.007702,56.235906,58.00819896273859,56.23476395501453,87.06401057124822,"https://sun9-67.userapi.com/s/v1/ig2/8AjGuTGiafNmli3nPdtCKKNQYeQrRQOYto54gEK4xqtCQwbtBqcNU76r3Hbbrrgr24YR_aaow03Cl1mBPjIO2w4a.jpg?quality=95&as=32x43,48x64,72x96,108x144,160x213,240x320,360x480,480x640,540x720,640x853,720x960,1080x1440,1280x1707,1440x1920,1920x2560&from=bu&cs=1920x0",,False,,synagogue,True,False,,,,,,,,,,,,,,,
456240825,-7,-224628741,-224628741,1722341060,2024-07-30 14:04:20,58.007702,56.235906,58.00819896273859,56.23476395501453,87.06401057124822,"https://sun9-85.userapi.com/s/v1/ig2/c31-RPprq3fI6vTOsf7KoIbNYkNc0fQo1L_TguzyPF9brZ3UZe0M4GilwmS6s-NP6C9BQ6qdf-0NiDM4muioeypj.jpg?quality=95&as=32x57,48x85,72x128,108x192,160x284,240x427,360x640,480x853,540x960,640x1138,720x1280,1080x1920,1179x2096&from=bu&cs=1179x0",,False,,synagogue,True,False,,,,,,,,,,,,,,,
456239815,-7,-224628741,-224628741,1713629598,2024-04-20 18:13:18,58.007723,56.235707,58.00819896273859,56.23476395501453,76.72991767250984,"https://sun9-14.userapi.com/s/v1/ig2/Zjkv91gFYBiIWB-hxU8az6Vf53Vt0_PxcdFKb7hR_tLkuAt-M9lN6HvROiSD3T6fLbbvMlcelCFA9uKCS8tzOXC5.jpg?quality=95&as=32x43,48x64,72x96,108x144,160x213,240x320,360x480,480x640,540x720,640x853,720x960,1080x1440,1280x1707,1440x1920,1920x2560&from=bu&cs=1920x0",,False,,synagogue,True,False,,,,,,,,,,,,,,,
456241194,-7,-224628741,-224628741,1725033501,2024-08-30 17:58:21,58.007695,56.2358,58.00819896273859,56.23476395501453,82.8583389920959,"https://sun9-10.userapi.com/s/v1/ig2/8AHCV02TRop0UKPKUIyD7MQT1eX4kpy399LXRdxiaOjXum0iPMdK4Ckphqm3sEaZTSnebadkug-xiwdYv19dTXIM.jpg?quality=95&as=32x37,48x55,72x82,108x123,160x183,240x274,360x411,480x548,540x616,640x730,720x821,1080x1232,1280x1460,1440x1643,1660x1894&from=bu&cs=1660x0",,False,605.0,synagogue,True,False,,,,,,,,,,,,,,,
456240451,-7,-224628741,-224628741,1717405529,2024-06-03 11:05:29,58.007716,56.235602,58.00819896273859,56.23476395501453,72.9481739764952,"https://sun9-46.userapi.com/s/v1/ig2/IvBLuvM_QIXiRdwWJmYmC1klXWReQA4Cs2Cpj6yjp4njsI-a4sbZuz2jJRLEKR74-wmMsx7jRCI7RyTBP3l-ZFWx.jpg?quality=95&as=32x57,48x85,72x128,108x192,160x284,240x427,360x640,480x853,540x960,640x1138,720x1280,1080x1920,1179x2096&from=bu&cs=1179x0",,False,,synagogue,True,False,,,,,,,,,,,,,,,
456240589,-7,-224628741,-224628741,1718445706,2024-06-15 12:01:46,58.007695,56.2358,58.00819896273859,56.23476395501453,82.8583389920959,"https://sun9-31.userapi.com/s/v1/ig2/MqC0d0hOjCs7BFXD1n3T8hmRQsSzZPn8ceThhaAxD9Q3vOpj23Ruze4oLqAcu2UsQZ505Md3gKcb9VBx5Q5EJjoZ.jpg?quality=95&as=32x57,48x85,72x128,108x192,160x284,240x427,360x640,480x853,540x960,640x1138,720x1280,1080x1920,1179x2096&from=bu&cs=1179x0",,False,475.0,synagogue,True,False,,,,,,,,,,,,,,,
456239927,-7,-224628741,-224628741,1713979411,2024-04-24 19:23:31,58.007695,56.2358,58.00819896273859,56.23476395501453,82.8583389920959,"https://sun9-26.userapi.com/s/v1/ig2/MRsZjwM6vmOyICYn1AQc-Mhs0Yh5cXQ9Vh2CMpDBKNt2x0Ozf1irDRESPRxjxoRM4ndwPlMVyWRsGToTTt1q6NGP.jpg?quality=95&as=32x43,48x64,72x96,108x144,160x213,240x320,360x480,480x640,540x720,640x853,720x960,1080x1440,1280x1707,1440x1920,1920x2560&from=bu&cs=1920x0",,False,,synagogue,True,False,,,,,,,,,,,,,,,
456239033,301679057,-224628741,-224628741,1707758189,2024-02-12 18:16:29,58.007695,56.2358,58.00819896273859,56.23476395501453,82.8583389920959,"https://sun9-71.userapi.com/s/v1/ig2/kOdAobsHfghHAmuuXuSlAQrfu3t54cjnW_RaBEO_S9PF2OgZM98YdnBp_D0LOidiIyPL8HG2V1nQqrZy81J5oSMG.jpg?quality=95&as=32x41,48x62,72x93,108x139,160x206,240x309,360x464,480x618,540x696,640x825,720x928,1080x1391,1280x1649,1440x1855,1987x2560&from=bu&cs=1987x0",,False,,synagogue,True,False,,,,,,,,,,,,,,,
456239822,-7,-224628741,-224628741,1713630848,2024-04-20 18:34:08,58.007723,56.235707,58.00819896273859,56.23476395501453,76.72991767250984,"https://sun9-66.userapi.com/s/v1/ig2/0EPFBxn4FXgHAIL9hmspxcD5MQYz6Mb_qSCV--NcYZtehIM9gmugBPpzjkX2hb3YI8PSkiuwmCEdTtYiN0t5oQyp.jpg?quality=95&as=32x43,48x64,72x96,108x144,160x213,240x320,360x480,480x640,540x720,640x853,720x960,1080x1440,1280x1707,1440x1920,1920x2560&from=bu&cs=1920x0",,False,,synagogue,True,False,,,,,,,,,,,,,,,
456241148,-7,-224628741,-224628741,1724868808,2024-08-28 20:13:28,58.007702,56.235906,58.00819896273859,56.23476395501453,87.06401057124822,"https://sun9-56.userapi.com/s/v1/ig2/iozEunXmSKLA4U_91LV_rrzRktzlja17qyrKmiFgcNPS3NMvIHyarlLU_pEiyI1YlfxQE5AqN4IJyo0QlQR7NSrm.jpg?quality=95&as=32x57,48x85,72x128,108x192,160x284,240x427,360x640,480x853,540x960,640x1138,720x1280,1080x1920,1179x2096&from=bu&cs=1179x0",,False,597.0,synagogue,True,False,,,,,,,,,,,,,,,
456239671,-7,-224628741,-224628741,1713011082,2024-04-13 14:24:42,58.007702,56.235906,58.00819896273859,56.23476395501453,87.06401057124822,"https://sun9-83.userapi.com/s/v1/ig2/jK8cflFGMzl37dEuQpoI6UKUHEuBKZ7UJNcV5Du5Cuuqeha-vEeluY_TsVf2VUPrVVCwcImafnTs9xR-9hAdaaSg.jpg?quality=95&as=32x57,48x85,72x128,108x192,160x284,240x427,360x640,480x853,540x960,640x1138,720x1280,1080x1920,1179x2096&from=bu&cs=1179x0",,False,,synagogue,True,False,,,,,,,,,,,,,,,
456239591,-7,-224628741,-224628741,1712914126,2024-04-12 11:28:46,58.007702,56.235906,58.00819896273859,56.23476395501453,87.06401057124822,"https://sun9-22.userapi.com/s/v1/ig2/r0WmRD1KZAOZCxMxM8vtp5VZtuUQ3twlToTiDm0IYt6jfvl5Zhq-qlTuXnfDHsYdh7RY1kSZo7ds7J2sRc1bZjZ4.jpg?quality=95&as=32x41,48x62,72x93,108x140,160x207,240x311,360x466,480x621,540x699,640x828,720x932,1080x1398,1280x1657,1440x1864,1978x2560&from=bu&cs=1978x0",,False,,synagogue,True,False,,,,,,,,,,,,,,,
457239132,-7,-224558018,-224558018,1716309037,2024-05-21 18:30:37,58.008317,56.2349,58.00819896273859,56.23476395501453,15.37861529780568,"https://sun9-57.userapi.com/s/v1/ig2/JvIe56N9E64XRISrJ2FNXUb3MdHwzkUh-8A_LlNWdZdFrgu1196hWnsWG6v-Vq5aSpSqoCfWBk6JI8b_gsWK2yeK.jpg?quality=95&as=32x43,48x64,72x96,108x144,160x213,240x320,360x480,480x640,540x720,640x853,720x960,1080x1440,1280x1707,1440x1920,1920x2560&from=bu&cs=1920x0",,False,,synagogue,True,False,,,,,,,,,,,,,,,
457239135,-7,-224558018,-224558018,1716309037,2024-05-21 18:30:37,58.008317,56.2349,58.00819896273859,56.23476395501453,15.37861529780568,"https://sun9-75.userapi.com/s/v1/ig2/_MBNha7a1KhZC0J4fINUjrESdRX6HM22FCpmKWHKAoYWzhKwEgZx0CkJ7MRiXKi1PjxNU9V81vc0b87ySKlBBSbk.jpg?quality=95&as=32x43,48x64,72x96,108x144,160x213,240x320,360x480,480x640,540x720,640x853,720x960,1080x1440,1280x1707,1440x1920,1920x2560&from=bu&cs=1920x0",,False,,synagogue,True,False,,,,,,,,,,,,,,,
457239134,-7,-224558018,-224558018,1716309037,2024-05-21 18:30:37,58.008107,56.234993,58.00819896273859,56.23476395501453,16.930285459496016,"https://sun9-6.userapi.com/s/v1/ig2/OqiMuJMGMeYHMie_PXXPwqysLyFzjAfL6IcWxeE1Bwn0UyqMPmI2uMBSWLm1LkXuV51Okg0_nuA6_dCwo1Zr_yX3.jpg?quality=95&as=32x43,48x64,72x96,108x144,160x213,240x320,360x480,480x640,540x720,640x853,720x960,1080x1440,1280x1707,1440x1920,1920x2560&from=bu&cs=1920x0",,False,,synagogue,True,False,,,,,,,,,,,,,,,
457239133,-7,-224558018,-224558018,1716309037,2024-05-21 18:30:37,58.008317,56.2349,58.00819896273859,56.23476395501453,15.37861529780568,"https://sun9-3.userapi.com/s/v1/ig2/8aPbrtFLGq0T5X-EZzpN6mg8QiZqI4G5ZBRC_-WJUN2nsgCJz2Brzs7tNGlmvy8p5ZOTdBVFW6s3B3HXagPSwn9w.jpg?quality=95&as=32x43,48x64,72x96,108x144,160x213,240x320,360x480,480x640,540x720,640x853,720x960,1080x1440,1280x1707,1440x1920,1920x2560&from=bu&cs=1920x0",,False,,synagogue,True,False,,,,,,,,,,,,,,,
457244752,307261016,-224421397,-224421397,1756970550,2025-09-04 09:22:30,58.008513,56.234423,58.00819896273859,56.23476395501453,40.28402547163133,"https://sun9-44.userapi.com/s/v1/ig2/IKVu0dCts6yMP5M_8W0JKTwK4BA2mnUqXAuV3OOf31ZqnYhWjyvBhAltNJCE3cs716QdP1SE8rATtia7j4v_5BLZ.jpg?quality=95&as=32x43,48x64,72x96,108x144,160x213,240x320,360x480,480x640,540x720,640x853,720x960,1080x1440,1280x1707,1440x1920,1920x2560&from=bu&cs=1920x0",,False,,synagogue,True,False,,,,,,,,,,,,,,,
457244710,307261016,-224421397,-224421397,1756970512,2025-09-04 09:21:52,58.008513,56.234423,58.00819896273859,56.23476395501453,40.28402547163133,"https://sun9-85.userapi.com/s/v1/ig2/2_qnxcvf7nSFuLTYAfbwEcRHEsw3E74NeIGXpJa2nWlJnxDUjaLH4hj4TGN-zeeFUpTA_vJ09gplQUKX296u4BXA.jpg?quality=95&as=32x43,48x64,72x96,108x144,160x213,240x320,360x480,480x640,540x720,640x853,720x960,1080x1440,1280x1707,1440x1920,1920x2560&from=bu&cs=1920x0",,False,,synagogue,True,False,,,,,,,,,,,,,,,
457239454,-7,-220032319,-220032319,1718880017,2024-06-20 12:40:17,58.008211,56.25561,58.00763133477656,56.255145877976155,70.0152903822313,"https://sun9-86.userapi.com/s/v1/ig2/QrX9U5oOnqjyNMvXu2vflVuia3SrOJ25eNLwEMrntqiyEfipMdQMM6hjGkbykffywQWmFsOcqA82DqAtLlyeMkGN.jpg?quality=95&as=32x43,48x64,72x96,108x144,160x213,240x320,360x480,480x640,540x720,640x853,720x960,1080x1440,1280x1707,1440x1920,1920x2560&from=bu&cs=1920x0",,False,,or avner habad community center,True,False,,,,,,,,,,,,,,,
457239108,-7,-218734459,-218734459,1709370183,2024-03-02 10:03:03,58.008007,56.255121,58.00763133477656,56.255145877976155,41.79776974759802,"https://sun9-48.userapi.com/s/v1/ig2/N0SKSLkzd_yy-8aJTEyc9ItlLJzgQOSW5wigtmHih4lGTl-00qWJHO-g5C8IBkh-Gc7EocL9vHemX5TzPVgSlINt.jpg?quality=95&as=32x43,48x64,72x96,108x144,160x213,240x320,360x480,480x640,540x720,640x853,720x960,1080x1440,1280x1707,1440x1920,1920x2560&from=bu&cs=1920x0",,False,,or avner habad community center,True,False,,,,,,,,,,,,,,,
457239107,-7,-218734459,-218734459,1709370183,2024-03-02 10:03:03,58.007903,56.255425,58.00763133477656,56.255145877976155,34.39331197119349,"https://sun9-46.userapi.com/s/v1/if2/cPh1g4kk4-knn7Q6uaRZku-zzdNIhxMDFZel43j1UJStlocHScxIlxPF54Z-azXE9FDo4Ot6bOBs7DxCHNq6eiWu.jpg?quality=95&as=32x24,48x36,72x54,108x81,160x120,240x180,360x270,480x360,540x405,640x480,720x540,1080x810,1280x960,1440x1080,2560x1920&from=bu&cs=2560x0",,False,,or avner habad community center,True,False,,,,,,,,,,,,,,,
457239787,-7,-218196818,-218196818,1703061104,2023-12-20 09:31:44,58.007806,56.234914,58.00819896273859,56.23476395501453,44.580569031556806,"https://sun9-44.userapi.com/s/v1/ig2/XyagAy_YMeruvV-Bh9n2fVppnFuskwai2c1g7-4c_g1a-K-EXttl15p_XOvI7xbtEbl0G5DjFRmurzQ0YNgJGr1i.jpg?quality=95&as=32x43,48x64,72x96,108x144,160x213,240x320,360x480,480x640,540x720,640x853,720x960,1080x1440,1280x1707,1440x1920,1920x2560&from=bu&cs=1920x0",,False,,synagogue,True,False,,,,,,,,,,,,,,,
457239781,-7,-218196818,-218196818,1699700929,2023-11-11 12:08:49,58.007806,56.235086,58.00819896273859,56.23476395501453,47.636456085795615,"https://sun9-22.userapi.com/s/v1/ig2/KVn65EmeOIQt6gpeqMag8eziYzxqyicmkDA0o7kBRwVdkE03KGFR-lAvZHqiLf9ojAD86dPxNhHQ0fEoztGgEtTQ.jpg?quality=95&as=32x43,48x64,72x96,108x144,160x213,240x320,360x480,480x640,540x720,640x853,720x960,1080x1440,1280x1707,1440x1920,1920x2560&from=bu&cs=1920x0",,False,,synagogue,True,False,,,,,,,,,,,,,,,
457239786,-7,-218196818,-218196818,1703061104,2023-12-20 09:31:44,58.007806,56.234914,58.00819896273859,56.23476395501453,44.580569031556806,"https://sun9-6.userapi.com/s/v1/ig2/KZD07kiAk7Wka_E58IEY-DIzRGXnwm_PiUXEcXmnSRnUmvwhhK9LRDJE7-pTngDArnYSJvvRrMa7RrN9lYQ4L5wt.jpg?quality=95&as=32x43,48x64,72x96,108x144,160x213,240x320,360x480,480x640,540x720,640x853,720x960,1080x1440,1280x1707,1440x1920,1920x2560&from=bu&cs=1920x0",,False,,synagogue,True,False,,,,,,,,,,,,,,,
457239765,-7,-218196818,-218196818,1698928008,2023-11-02 13:26:48,58.007813,56.23502,58.00819896273859,56.23476395501453,45.490675569552515,"https://sun9-78.userapi.com/s/v1/ig2/NPBGSOflkoX2TuSTQGk1HpQnTdDQeFYu9Mx8LaFNxrrf3837LPtHD5T58r0B6-zahCQvHVVKqjjacm3FaN8vrqOl.jpg?quality=95&as=32x43,48x64,72x96,108x144,160x213,240x320,360x480,480x640,540x720,640x853,720x960,1080x1440,1280x1707,1440x1920,1920x2560&from=bu&cs=1920x0",,False,,synagogue,True,False,,,,,,,,,,,,,,,
457239722,-7,-218196818,-218196818,1697294245,2023-10-14 16:37:25,58.007806,56.235086,58.00819896273859,56.23476395501453,47.636456085795615,"https://sun9-67.userapi.com/s/v1/ig2/a4RpS9_Mi7D3Bb9Ru9POm956sE5ffHjfR0mO3UiNbKIN65MmEv-5FoLflbnOFKCZ2zvIwWQt3ONefszCHP8kPR8a.jpg?quality=95&as=32x43,48x64,72x96,108x144,160x213,240x320,360x480,480x640,540x720,640x853,720x960,1080x1440,1280x1707,1440x1920,1920x2560&from=bu&cs=1920x0",,False,,synagogue,True,False,,,,,,,,,,,,,,,
457239723,-7,-218196818,-218196818,1697294245,2023-10-14 16:37:25,58.007813,56.23502,58.00819896273859,56.23476395501453,45.490675569552515,"https://sun9-74.userapi.com/s/v1/ig2/nstKwhoiQUyCmqYq6VAsStYd2a__VKZg6dtj6J4gpEX2JiQrrrQDBLe3vseNuSOwTcW6jcOLy132apzqTJstKK_U.jpg?quality=95&as=32x43,48x64,72x96,108x144,160x213,240x320,360x480,480x640,540x720,640x853,720x960,1080x1440,1280x1707,1440x1920,1920x2560&from=bu&cs=1920x0",,False,,synagogue,True,False,,,,,,,,,,,,,,,
457239783,-7,-218196818,-218196818,1699700929,2023-11-11 12:08:49,58.007813,56.23502,58.00819896273859,56.23476395501453,45.490675569552515,"https://sun9-67.userapi.com/s/v1/ig2/JIx2FysSLPuD8-aFbX2OfKl4-dtKzwDyjYSaIDT7tMhIBQC1_LrJZWWHuOiiJNMiQZW1c1AaxvPDvOwDd36OvsXm.jpg?quality=95&as=32x43,48x64,72x96,108x144,160x213,240x320,360x480,480x640,540x720,640x853,720x960,1080x1440,1280x1707,1440x1920,1920x2560&from=bu&cs=1920x0",,False,,synagogue,True,False,,,,,,,,,,,,,,,
457239782,-7,-218196818,-218196818,1699700929,2023-11-11 12:08:49,58.007806,56.235086,58.00819896273859,56.23476395501453,47.636456085795615,"https://sun9-85.userapi.com/s/v1/ig2/AkdMhNqtMfyoY3o3LDh-JMJxlJ29nzb0zzJZtXnh3qDZpxkkTpX_NBN0AoHjqszpFjcwcIhQLg69SJY7u9ATdBuz.jpg?quality=95&as=32x43,48x64,72x96,108x144,160x213,240x320,360x480,480x640,540x720,640x853,720x960,1080x1440,1280x1707,1440x1920,1920x2560&from=bu&cs=1920x0",,False,,synagogue,True,False,,,,,,,,,,,,,,,
457239771,-7,-218196818,-218196818,1699009721,2023-11-03 12:08:41,58.007806,56.235086,58.00819896273859,56.23476395501453,47.636456085795615,"https://sun9-36.userapi.com/s/v1/ig2/3hOw0TbpoZUVsp7rhJLGX1B9aUu2KKxYHQ6VI0vuB5N599zKjcyVF_jwDkQek1EagCOsu_GRz1lFiaW7gxLqhnWt.jpg?quality=95&as=32x43,48x64,72x96,108x144,160x213,240x320,360x480,480x640,540x720,640x853,720x960,1080x1440,1280x1707,1440x1920,1920x2560&from=bu&cs=1920x0",,False,,synagogue,True,False,,,,,,,,,,,,,,,
457239719,-7,-218196818,-218196818,1697294201,2023-10-14 16:36:41,58.007813,56.23502,58.00819896273859,56.23476395501453,45.490675569552515,"https://sun9-80.userapi.com/s/v1/ig2/bwSOubxjGpbspqIl41O7eA27Z1usS9VK8JHrbA-2U1HXgTQSoCBlC30LiKFxCzzxSoas1GcbUR6GbsKEbyhPi6FC.jpg?quality=95&as=32x43,48x64,72x96,108x144,160x213,240x320,360x480,480x640,540x720,640x853,720x960,1080x1440,1280x1707,1440x1920,1920x2560&from=bu&cs=1920x0",,False,,synagogue,True,False,,,,,,,,,,,,,,,
457239720,-7,-218196818,-218196818,1697294201,2023-10-14 16:36:41,58.007806,56.234914,58.00819896273859,56.23476395501453,44.580569031556806,"https://sun9-71.userapi.com/s/v1/ig2/bvKMmZAZAH412NeWidk4kCrIjl8Fg1GZIGKi_UesbvzgM71HGNbQ74kfMND7AW88yMLeY0vbskjAc2aDCS6Pa_qb.jpg?quality=95&as=32x43,48x64,72x96,108x144,160x213,240x320,360x480,480x640,540x720,640x853,720x960,1080x1440,1280x1707,1440x1920,1920x2560&from=bu&cs=1920x0",,False,,synagogue,True,False,,,,,,,,,,,,,,,
457239725,-7,-218196818,-218196818,1697294245,2023-10-14 16:37:25,58.007806,56.234914,58.00819896273859,56.23476395501453,44.580569031556806,"https://sun9-75.userapi.com/s/v1/ig2/tdj7a-DJK4mxG5MYVAAju90UBWAGqypzOITVTQa1zsc04FVFTE72yqj6Ua2dGrbONG8dq-5T4-BJlmrGy59ZCkV9.jpg?quality=95&as=32x43,48x64,72x96,108x144,160x213,240x320,360x480,480x640,540x720,640x853,720x960,1080x1440,1280x1707,1440x1920,1920x2560&from=bu&cs=1920x0",,False,,synagogue,True,False,,,,,,,,,,,,,,,
457239770,-7,-218196818,-218196818,1698928008,2023-11-02 13:26:48,58.007813,56.23502,58.00819896273859,56.23476395501453,45.490675569552515,"https://sun9-38.userapi.com/s/v1/ig2/MGf4aO3IBcCgKy1nob1ShZUuXyB2fYI84rvyDdUNgue0lKqfXsLpt93ySV-MCm9SULflE2L3UqLQmtJ8SzlqzKB3.jpg?quality=95&as=32x43,48x64,72x96,108x144,160x213,240x320,360x480,480x640,540x720,640x853,720x960,1080x1440,1280x1707,1440x1920,1920x2560&from=bu&cs=1920x0",,False,,synagogue,True,False,,,,,,,,,,,,,,,
457239780,-7,-218196818,-218196818,1699700782,2023-11-11 12:06:22,58.007806,56.235086,58.00819896273859,56.23476395501453,47.636456085795615,"https://sun9-62.userapi.com/s/v1/ig2/ouICvB_lkyOp5tlg6ahBAZD0l3Si5xZZHf9Gqr8Lxim1a_nAE5hORiSIAqfY0zqrdbCU31c089tO9q2sh9Xyme_h.jpg?quality=95&as=32x43,48x64,72x96,108x144,160x213,240x320,360x480,480x640,540x720,640x853,720x960,1080x1440,1280x1707,1440x1920,1920x2560&from=bu&cs=1920x0",,False,,synagogue,True,False,,,,,,,,,,,,,,,
457239779,-7,-218196818,-218196818,1699700782,2023-11-11 12:06:22,58.007806,56.235086,58.00819896273859,56.23476395501453,47.636456085795615,"https://sun9-39.userapi.com/s/v1/ig2/aXK_d8w1WIwtvOCTCrxHcaxbPIX39DkWpvq_d2mhzFwyyu5LiDh7aMPoGlhSpMNS6WlqE2yQOEvX0Z2-L1rIn63p.jpg?quality=95&as=32x43,48x64,72x96,108x144,160x213,240x320,360x480,480x640,540x720,640x853,720x960,1080x1440,1280x1707,1440x1920,1920x2560&from=bu&cs=1920x0",,False,,synagogue,True,False,,,,,,,,,,,,,,,
457239724,-7,-218196818,-218196818,1697294245,2023-10-14 16:37:25,58.007806,56.235086,58.00819896273859,56.23476395501453,47.636456085795615,"https://sun9-82.userapi.com/s/v1/ig2/RMXUXoMxbo5DzlSJuG1SmXys8pjuD98_-eh1AN-vhJ8I2YXc9THq6S55kRhicWqPaxvfKb6NXpMEncVdSs8-YVwo.jpg?quality=95&as=32x43,48x64,72x96,108x144,160x213,240x320,360x480,480x640,540x720,640x853,720x960,1080x1440,1280x1707,1440x1920,1920x2560&from=bu&cs=1920x0",,False,,synagogue,True,False,,,,,,,,,,,,,,,
457239768,-7,-218196818,-218196818,1698928008,2023-11-02 13:26:48,58.007813,56.23502,58.00819896273859,56.23476395501453,45.490675569552515,"https://sun9-26.userapi.com/s/v1/ig2/Nqq2FzuKtMJ-kxTUBbShTwkTjptBa4BFECfez4rIwcBtO3UxOnViih62nZAwS48ZAOdvYOrLa2nlqPGKkJ1PklXu.jpg?quality=95&as=32x43,48x64,72x96,108x144,160x213,240x320,360x480,480x640,540x720,640x853,720x960,1080x1440,1280x1707,1440x1920,1920x2560&from=bu&cs=1920x0",,False,,synagogue,True,False,,,,,,,,,,,,,,,
457239726,-7,-218196818,-218196818,1697294245,2023-10-14 16:37:25,58.007806,56.235086,58.00819896273859,56.23476395501453,47.636456085795615,"https://sun9-85.userapi.com/s/v1/ig2/bJzZKdkKWPsQRLblzqSOUvZbnvBtpw1WQtPvY-D8X0Xu6jLWP-r0rizDphNzOThThbV8OYGdPKUAGXLpbF6t2mpo.jpg?quality=95&as=32x43,48x64,72x96,108x144,160x213,240x320,360x480,480x640,540x720,640x853,720x960,1080x1440,1280x1707,1440x1920,1920x2560&from=bu&cs=1920x0",,False,,synagogue,True,False,,,,,,,,,,,,,,,
457239784,-7,-218196818,-218196818,1699700929,2023-11-11 12:08:49,58.007813,56.235192,58.00819896273859,56.23476395501453,49.777058200489776,"https://sun9-1.userapi.com/s/v1/ig2/cZ1DUx6IufmPOTobvgDHbzmm4WsLHAlQUTA7wpGdjBtg7EPQfcjD-xNqbOT-x1EymFI5ywY_t6MdOlqRjwet9Gxv.jpg?quality=95&as=32x43,48x64,72x96,108x144,160x213,240x320,360x480,480x640,540x720,640x853,720x960,1080x1440,1280x1707,1440x1920,1920x2560&from=bu&cs=1920x0",,False,,synagogue,True,False,,,,,,,,,,,,,,,
457239721,-7,-218196818,-218196818,1697294201,2023-10-14 16:36:41,58.007813,56.23502,58.00819896273859,56.23476395501453,45.490675569552515,"https://sun9-77.userapi.com/s/v1/ig2/nhBYT0FDP8Wbtf5sI5sgqBPEVzulQes9ac6lgVsrC6Z9rTwRkkmqCFI5Bql-kM1zPjrWgZQybZA8ZrsG-86aqzt_.jpg?quality=95&as=32x43,48x64,72x96,108x144,160x213,240x320,360x480,480x640,540x720,640x853,720x960,1080x1440,1280x1707,1440x1920,1920x2560&from=bu&cs=1920x0",,False,,synagogue,True,False,,,,,,,,,,,,,,,
457239778,-7,-218196818,-218196818,1699700782,2023-11-11 12:06:22,58.007806,56.235086,58.00819896273859,56.23476395501453,47.636456085795615,"https://sun9-45.userapi.com/s/v1/ig2/CQLX59Yej0fiwVXFmMpAuNuT3rzVGw5jrvyAvbn-zykJymVHxs2pXyMMDag8B1NgPH4NpUcXAszeO9ZUDnrYaF5g.jpg?quality=95&as=32x43,48x64,72x96,108x144,160x213,240x320,360x480,480x640,540x720,640x853,720x960,1080x1440,1280x1707,1440x1920,1920x2560&from=bu&cs=1920x0",,False,,synagogue,True,False,,,,,,,,,,,,,,,
457239774,-7,-218196818,-218196818,1699009721,2023-11-03 12:08:41,58.007806,56.235086,58.00819896273859,56.23476395501453,47.636456085795615,"https://sun9-70.userapi.com/s/v1/ig2/KO9WbmUKyUnWn8T2klvDzXTISJy4OZUo-6fksQf3Aqzt6M1me4UiMqQhgTiioMs9Io9gXvjh8BX6wZuzgvlJXDRp.jpg?quality=95&as=32x43,48x64,72x96,108x144,160x213,240x320,360x480,480x640,540x720,640x853,720x960,1080x1440,1280x1707,1440x1920,1920x2560&from=bu&cs=1920x0",,False,,synagogue,True,False,,,,,,,,,,,,,,,
457239018,-7,-217873352,-217873352,1671606450,2022-12-21 08:07:30,58.007609,56.255796,58.00763133477656,56.255145877976155,38.380289245400654,"https://sun9-33.userapi.com/s/v1/if2/rnhSJ1xngG1wBb7rVEiCjseYCuWM30kNK3-xUI88TCXkhg-pXqEjUn6Dek0vRV4fCPtWBD_NJif3sBM1BwQSYiwP.jpg?quality=95&as=32x24,48x36,72x54,108x81,160x120,240x180,360x270,480x360,540x405,640x480,720x540,1080x810,1280x960,1440x1080,1920x1440&from=bu&cs=1920x0",,False,,or avner habad community center,True,False,,,,,,,,,,,,,,,
457239019,-7,-217873352,-217873352,1671606450,2022-12-21 08:07:30,58.007602,56.25569,58.00763133477656,56.255145877976155,32.22074042487067,"https://sun9-53.userapi.com/s/v1/if2/L7mRfYbsNwAseoVp0jV1fwwSGxEvS_pFxNC7sWF0CnQS_I7c2NxG7SGoDUzZgQjz8hV2kSqv105LhyzeVtUMFx4g.jpg?quality=95&as=32x24,48x36,72x54,108x81,160x120,240x180,360x270,480x360,540x405,640x480,720x540,1080x810,1280x960,1440x1080,1920x1440&from=bu&cs=1920x0",,False,,or avner habad community center,True,False,,,,,,,,,,,,,,,
457239076,-7,-216919326,-216919326,1667378733,2022-11-02 09:45:33,58.0081,56.234715,58.00819896273859,56.23476395501453,11.375798198195302,"https://sun9-11.userapi.com/s/v1/if2/vVj5obVFowFLSAflc_OeelpqEZkc_ZmUo6aHNdUU_VGTxpom8qZD8vY6lI_MZowPI8sQyH93M2fjgJznIqWmyCfz.jpg?quality=95&as=32x24,48x36,72x54,108x81,160x120,240x180,360x270,480x360,540x405,640x480,720x540,1080x810,1280x960&from=bu&cs=1280x0",Путеводитель https://vk.cc/cia0XM,False,46.0,synagogue,True,True,,,,,,,,,,,,,,,
457239069,293285421,-216111863,-216111863,1675588955,2023-02-05 10:22:35,58.008205,56.234411,58.00819896273859,56.23476395501453,20.803708394636256,"https://sun9-74.userapi.com/s/v1/ig2/XuBQMu9Q2D-0VG18Ni3ZURPaEA7lFFk9s_SVseGWK73MAmkW7YUmNuYUl5bXHCJ546Yo8f_lUO7ZN2SDCyRuIExm.jpg?quality=95&as=32x35,48x53,72x79,108x119,160x176,240x264,360x397,480x529,540x595,640x705,720x793,1080x1190,1280x1410,1440x1586,2324x2560&from=bu&cs=2324x0",,False,,synagogue,True,False,,,,,,,,,,,,,,,
457240245,-7,-215880081,-215880081,1687089903,2023-06-18 14:05:03,58.008303,56.234688,58.00819896273859,56.23476395501453,12.403628167392649,"https://sun9-74.userapi.com/s/v1/ig2/8Uu7x0pJMaXd6XGhyCgQolurecF7WdyB0RYyDz0YdFZKziYVCO9G3Km1VI3YqVsJLDv8saJqJIRRE5ll3umgGE13.jpg?quality=95&as=32x43,48x65,72x97,108x145,160x215,240x323,360x484,480x646,540x726,640x861,720x968,1080x1453,1280x1722,1440x1937,1840x2475&from=bu&cs=1840x0",,False,,synagogue,True,True,,,,,,,,,,,,,,,
457239258,-7,-214801568,-214801568,1666341136,2022-10-21 10:32:16,58.008205,56.234926,58.00819896273859,56.23476395501453,9.56978033944169,"https://sun9-61.userapi.com/s/v1/ig2/XRF5Eq-kWpuEjAKEg37WlwOrzl1TPIm2IxNOLJ18LcW8quc1vYmvqYYe1oJyUbeEOlQTURxvPs9B7qN1DSpBE5lK.jpg?quality=95&as=32x72,48x108,72x162,108x243,160x361,240x541,360x811,480x1082,540x1217,640x1442,710x1600&from=bu&cs=710x0",,False,,synagogue,True,False,,,,,,,,,,,,,,,
457239266,-7,-214801568,-214801568,1666500671,2022-10-23 06:51:11,58.008303,56.234516,58.00819896273859,56.23476395501453,18.63327725472843,"https://sun9-60.userapi.com/s/v1/ig2/LWKJbk0XBZoJUz0ooe68JJncWEcvxWhEvFi_iIGKMSzrj7mpTvFavIM52mHsaKYrXbbcnULYs1uazM1mCRdV_s1Q.jpg?quality=95&as=32x43,48x64,72x96,108x144,160x214,240x321,360x481,480x642,540x722,640x855,720x962,1080x1444,1197x1600&from=bu&cs=1197x0",,False,,synagogue,True,True,,,,,,,,,,,,,,,
457239255,-7,-214801568,-214801568,1666255085,2022-10-20 10:38:05,58.008205,56.234926,58.00819896273859,56.23476395501453,9.56978033944169,"https://sun9-45.userapi.com/s/v1/ig2/HJSVUPazSUYBy5HMGjvAtEf0D2NF-BxANCWf7IF8tTPmcVCmDUicBvSlEBDdLxL_yaBa1ftiUBdrPbdjpdEpR39v.jpg?quality=95&as=32x43,48x64,72x96,108x144,160x214,240x321,360x481,480x642,540x722,640x855,720x962,1080x1444,1197x1600&from=bu&cs=1197x0",,False,,synagogue,True,False,,,,,,,,,,,,,,,
457239257,-7,-214801568,-214801568,1666341136,2022-10-21 10:32:16,58.008107,56.234993,58.00819896273859,56.23476395501453,16.930285459496016,"https://sun9-33.userapi.com/s/v1/ig2/Ysm2XVaqjZtRxWDPinz_N-6uQkaYyf-_7Q4DTwfYW1FZzWPicS6v8ygv5xx_-mn3VJjKj3pVSnPS9Z_x7SmS5FEW.jpg?quality=95&as=32x61,48x91,72x137,108x205,160x304,240x456,360x684,480x912,540x1026,640x1216,720x1368,842x1600&from=bu&cs=842x0",,False,,synagogue,True,False,,,,,,,,,,,,,,,
457239252,-7,-214801568,-214801568,1666255085,2022-10-20 10:38:05,58.008107,56.234993,58.00819896273859,56.23476395501453,16.930285459496016,"https://sun9-70.userapi.com/s/v1/ig2/J0T9KXW6i8C7Hchz0orA8pj2PkSpyrJQnMph7ESmjWqAsV9Dw0DePXgl295W4ej6YxDju8HKqXINwuS_i-d05n5W.jpg?quality=95&as=32x43,48x64,72x96,108x144,160x214,240x321,360x481,480x642,540x722,640x855,720x962,1080x1444,1197x1600&from=bu&cs=1197x0",,False,,synagogue,True,False,,,,,,,,,,,,,,,
457239264,-7,-214801568,-214801568,1666500671,2022-10-23 06:51:11,58.00831,56.234622,58.00819896273859,56.23476395501453,14.91232142906437,"https://sun9-35.userapi.com/s/v1/ig2/DnHPPJNAaHRYZzD19DVmKJxZs6OAuJujMt-SZpmQlYcfPU_rqAUbOy26axnaV_0zG20SIzbpf0aBY2qKXZz3-fJA.jpg?quality=95&as=32x43,48x64,72x96,108x144,160x214,240x321,360x481,480x642,540x722,640x855,720x962,1080x1444,1197x1600&from=bu&cs=1197x0",,False,,synagogue,True,True,,,,,,,,,,,,,,,
457239253,-7,-214801568,-214801568,1666255085,2022-10-20 10:38:05,58.008107,56.234993,58.00819896273859,56.23476395501453,16.930285459496016,"https://sun9-67.userapi.com/s/v1/ig2/QwuM-QOjGDNLjWyxdyy_p2dK8lr-mrn7_SItoo-3XqEG1xB9u-b2S5mai_mxt7JF5ay8DT7S-orMvTLkSvET1Sj4.jpg?quality=95&as=32x43,48x64,72x96,108x144,160x214,240x321,360x481,480x642,540x722,640x855,720x962,1080x1444,1197x1600&from=bu&cs=1197x0",,False,,synagogue,True,False,,,,,,,,,,,,,,,
457239260,-7,-214801568,-214801568,1666341136,2022-10-21 10:32:16,58.008205,56.234926,58.00819896273859,56.23476395501453,9.56978033944169,"https://sun9-18.userapi.com/s/v1/ig2/ETxU6jRA69qGAeXeEVL2G_MEDnZPzf5wM9Qrodl0_xNVE6SdXc2a2jOo2yTVNlYyII4dNOPmWyMhklFf9z8hh1qs.jpg?quality=95&as=32x43,48x64,72x96,108x144,160x214,240x321,360x481,480x642,540x722,640x855,720x962,1080x1444,1197x1600&from=bu&cs=1197x0",,False,,synagogue,True,False,,,,,,,,,,,,,,,
457239268,-7,-214801568,-214801568,1666500671,2022-10-23 06:51:11,58.008303,56.234688,58.00819896273859,56.23476395501453,12.403628167392649,"https://sun9-47.userapi.com/s/v1/ig2/E3WgwHf5zUeGMdqvkYbmFjUWh2Kl_jOrJJo6rL1qBfJTzbe8N_xyCwMx9Ya081NZamEKtplMFNfMzncTy-H2G7KN.jpg?quality=95&as=32x38,48x57,72x85,108x128,160x190,240x284,360x427,480x569,540x640,640x759,720x853,1080x1280,1280x1517,1350x1600&from=bu&cs=1350x0",,False,,synagogue,True,True,,,,,,,,,,,,,,,
457239254,-7,-214801568,-214801568,1666255085,2022-10-20 10:38:05,58.008198,56.234992,58.00819896273859,56.23476395501453,13.434748137224169,"https://sun9-42.userapi.com/s/v1/ig2/nl1q5OApRGT63JVbd3C-HxevW7h4-8rH6WmSStKiu02eyC9oET2vh6E33PCfUxQbgcibWQaD7qozegBGJpyB07A6.jpg?quality=95&as=32x43,48x64,72x96,108x144,160x214,240x321,360x481,480x642,540x722,640x855,720x962,1080x1444,1197x1600&from=bu&cs=1197x0",,False,,synagogue,True,False,,,,,,,,,,,,,,,
457239251,-7,-214801568,-214801568,1666255085,2022-10-20 10:38:05,58.008107,56.234993,58.00819896273859,56.23476395501453,16.930285459496016,"https://sun9-50.userapi.com/s/v1/ig2/EDtgCGmCSimK7LeVIU5B7PTfm3dk0ajo0S2cmQPZ5aQCUpyEQBAzi4aP5SWOSKETCQT-2j4ScZ4e2Ao_cpRpIg4x.jpg?quality=95&as=32x43,48x64,72x96,108x144,160x214,240x321,360x481,480x642,540x722,640x855,720x962,1080x1444,1197x1600&from=bu&cs=1197x0",,False,,synagogue,True,False,,,,,,,,,,,,,,,
457239263,-7,-214801568,-214801568,1666500671,2022-10-23 06:51:11,58.008303,56.234688,58.00819896273859,56.23476395501453,12.403628167392649,"https://sun9-79.userapi.com/s/v1/ig2/yBKJWLUd4pg9X37CkmTAXx3YpDQZeTuAY3r_2pMTaLZMiRqQSdm1cL48YBvpwn8ORtNWVKoXjbjosJO7KJ4QE1nY.jpg?quality=95&as=32x43,48x64,72x96,108x144,160x214,240x321,360x481,480x642,540x722,640x855,720x962,1080x1444,1197x1600&from=bu&cs=1197x0",,False,,synagogue,True,True,,,,,,,,,,,,,,,
457239265,-7,-214801568,-214801568,1666500671,2022-10-23 06:51:11,58.00831,56.234622,58.00819896273859,56.23476395501453,14.91232142906437,"https://sun9-83.userapi.com/s/v1/ig2/xktzd9UbhJBE1O3UCiW7nfUVki_fs-l3wmZAWD_tkO2EcO1ZvYgsaWuCW4dekOnLNgtVr5IO1Sl5odwdcmn_Fg9h.jpg?quality=95&as=32x43,48x64,72x96,108x144,160x214,240x321,360x481,480x642,540x722,640x855,720x962,1080x1444,1197x1600&from=bu&cs=1197x0",,False,,synagogue,True,True,,,,,,,,,,,,,,,
457239259,-7,-214801568,-214801568,1666341136,2022-10-21 10:32:16,58.008219,56.234794,58.00819896273859,56.23476395501453,2.845519485459928,"https://sun9-49.userapi.com/s/v1/ig2/pRkgF50R0fgVfepo0J3X62r0YgclpftxHqz8X96OjCWbn12VXQfwYlz6dKuSB5F8zaTMuS-bqTr0a8lfBfnx1ncq.jpg?quality=95&as=32x66,48x99,72x149,108x223,160x330,240x495,360x743,480x991,540x1115,640x1321,720x1486,775x1600&from=bu&cs=775x0",,False,,synagogue,True,False,,,,,,,,,,,,,,,
457241021,-7,-214779270,-214779270,1702042466,2023-12-08 14:34:26,58.007911,56.235125,58.00819896273859,56.23476395501453,38.44052309171016,"https://sun9-7.userapi.com/s/v1/ig2/O_d6gEbMcaDGsisRi-KrgYkdl7Z5_CnVRLKWjyPxQl951p5KQGkngDR007YS3oCQzXrItclogZT_o4AZIeg1XUCR.jpg?quality=95&as=32x43,48x64,72x96,108x144,160x213,240x320,360x480,480x640,540x720,640x853,720x960,1080x1440,1280x1707,1440x1920,1920x2560&from=bu&cs=1920x0",,False,876.0,synagogue,True,False,,,,,,,,,,,,,,,
457240852,-7,-214073951,-214073951,1743956632,2025-04-06 18:23:52,58.008218,56.2552,58.00763133477656,56.255145877976155,65.31206836813678,"https://sun9-80.userapi.com/s/v1/if2/2bGEc7TbWGLm_8Lv70QW4N1LK6JoPlABa5vzO2PXFMDpTO2q3iSjx-ALMYdGwObR2nBhqIEDooFACeoPa8FZ3w0c.jpg?quality=95&as=32x24,48x36,72x54,108x81,160x120,240x180,360x270,480x360,540x405,640x480,720x540,1080x810,1280x960,1440x1080,2560x1920&from=bu&cs=2560x0",,False,,or avner habad community center,True,False,,,,,,,,,,,,,,,
457240849,-7,-214073951,-214073951,1743956632,2025-04-06 18:23:52,58.008218,56.2552,58.00763133477656,56.255145877976155,65.31206836813678,"https://sun9-22.userapi.com/s/v1/if2/DpLtKVLVWhvH1RBNGWFb-dqQBptk891GssAd5rAacU4xNCWPFmbTrJtyfXcnUpuRL3i0QcEQmnfLMqUjNZUQajVk.jpg?quality=95&as=32x24,48x36,72x54,108x81,160x120,240x180,360x270,480x360,540x405,640x480,720x540,1080x810,1280x960,1440x1080,2560x1920&from=bu&cs=2560x0",,False,,or avner habad community center,True,False,,,,,,,,,,,,,,,
457240850,-7,-214073951,-214073951,1743956632,2025-04-06 18:23:52,58.008218,56.2552,58.00763133477656,56.255145877976155,65.31206836813678,"https://sun9-71.userapi.com/s/v1/if2/a-GEuE4kDIm_t0LlAbxaxrpKPxzyp3Dab4RZ5fHMB641kcdHvCnotrfH2FFkPsE5JJJ7ApMqj9fkNDgf5pG_tDcb.jpg?quality=95&as=32x24,48x36,72x54,108x81,160x120,240x180,360x270,480x360,540x405,640x480,720x540,1080x810,1280x960,1440x1080,2560x1920&from=bu&cs=2560x0",,False,,or avner habad community center,True,False,,,,,,,,,,,,,,,
457240851,-7,-214073951,-214073951,1743956632,2025-04-06 18:23:52,58.008218,56.2552,58.00763133477656,56.255145877976155,65.31206836813678,"https://sun9-19.userapi.com/s/v1/if2/JDZRC9CqyP_Lqc8UYPOqG11A3x_whc-y3OXxstR_rB5ndbaO_WuE1Q3bs_tE3xBdw52iMiKj8JLfSY9VKbIvbUA1.jpg?quality=95&as=32x24,48x36,72x54,108x81,160x120,240x180,360x270,480x360,540x405,640x480,720x540,1080x810,1280x960,1440x1080,2560x1920&from=bu&cs=2560x0",,False,,or avner habad community center,True,False,,,,,,,,,,,,,,,
457239732,-7,-213603898,-213603898,1664624123,2022-10-01 13:35:23,58.008009,56.234887,58.00819896273859,56.23476395501453,22.332046222560862,"https://sun9-6.userapi.com/s/v1/ig2/bhxjNj31VtsufatEmja-prEBC1WrAmAf6uFmbsYA-AgsTmDksAVC7tvZJYxmJ3_CkqZWM4btxQmRvtRNHDFzEB7y.jpg?quality=95&as=32x43,48x64,72x96,108x144,160x213,240x320,360x480,480x640,540x720,640x853,720x960,1080x1440,1280x1707,1440x1920&from=bu&cs=1440x0",,False,1139.0,synagogue,True,False,,,,,,,,,,,,,,,
457240166,-7,-212182812,-212182812,1730815366,2024-11-05 15:02:46,58.007904,56.235191,58.00819896273859,56.23476395501453,41.33571569174063,"https://sun9-43.userapi.com/s/v1/ig2/nFEjsHhUAiUr7OmlWW6oV_WTffYLNJPM_IDLinPJfustjGxBD_dKNEoY1mgox1gMmZQFhxoeq9xYo7cuV_xp2quI.jpg?quality=95&as=32x38,48x57,72x85,108x128,160x190,240x285,360x427,480x569,540x641,640x759,720x854,1080x1281,1280x1518,1440x1708,2158x2560&from=bu&cs=2158x0",,False,,synagogue,True,False,,,,,,,,,,,,,,,
457239039,-7,-212059541,-212059541,1649482196,2022-04-09 07:29:56,58.007617,56.234122,58.00819896273859,56.23476395501453,74.9518876264359,"https://sun9-18.userapi.com/s/v1/ig2/JjJI7Tod4Di4VtIcWSm2xtRJ6yYnS9CIurjLSV7eI_ovYs3qHKR2cHU7EiSQO2Wu7L9M-zvAFIglICbKCFz2KCsD.jpg?quality=95&as=32x32,48x48,72x72,108x108,160x160,240x240,360x360,480x480,540x540,640x640,720x720,1080x1080,1280x1280,1440x1440,1852x1852&from=bu&cs=1852x0",,False,5.0,synagogue,True,False,,,,,,,,,,,,,,,
457239810,283258576,-211963435,-211963435,1668553237,2022-11-16 00:00:37,58.007813,56.234504,58.00819896273859,56.23476395501453,45.567571879464026,"https://sun9-54.userapi.com/s/v1/ig2/_lM8QAzP-Fzf1JcNuYGHaD2PleWiuUQaohcfL5XLQX_1Ye2nynzmR4chXl6oi_z_fhpi0EUN-16LrDId0x4teI5U.jpg?quality=95&as=32x43,48x64,72x96,108x144,160x213,240x320,360x480,480x640,540x720,640x853,720x960,1080x1440,1280x1707,1440x1920&from=bu&cs=1440x0",,False,,synagogue,True,False,,,,,,,,,,,,,,,
457239031,283184316,-211669242,-211669242,1647318549,2022-03-15 05:29:09,58.007729,56.233923,58.00819896273859,56.23476395501453,72.0084893021234,"https://sun9-45.userapi.com/s/v1/if2/BjolcvYHcXzhXpAnClOyYHS-fmkhcAVvg2MFDZeVRcH2rFEeIOZtbqIVb-JPZ0Rk-7BuF4OTlBWznNFmOlocPjuV.jpg?quality=96&as=32x22,48x33,72x50,108x75,160x111,240x166,360x249,480x332,540x374,640x443,720x499,1080x748,1280x887,1440x997,1920x1330&from=bu&cs=1920x0",,False,,synagogue,True,False,,,,,,,,,,,,,,,
457239024,283184316,-211669242,-211669242,1647318428,2022-03-15 05:27:08,58.007687,56.234148,58.00819896273859,56.23476395501453,67.50912514462705,"https://sun9-48.userapi.com/s/v1/ig2/BoqO9b_-mo98iw8Th3ySo5-ob5JfXOOmulNIs1ep_y6toCTlIPQ8W0Qc6sA2C55Y2qptdXifNSwkpeLej26NtDFi.jpg?quality=96&as=32x57,48x85,72x128,108x192,160x284,240x427,360x640,480x853,540x960,640x1138,720x1280,828x1472&from=bu&cs=828x0",,False,,synagogue,True,False,,,,,,,,,,,,,,,
457239030,283184316,-211669242,-211669242,1647318433,2022-03-15 05:27:13,58.007764,56.233936,58.00819896273859,56.23476395501453,68.69000506787837,"https://sun9-80.userapi.com/s/v1/ig2/Svtmo1xAs6NUIx570t8ZMDfuz7Tw8bJHFgekxdnT_bwr09ufmRcNpiK5a9YgTF9-mFRrNjdWd9UgOgF1JnRvXnEm.jpg?quality=96&as=32x57,48x85,72x128,108x192,160x284,240x427,360x640,480x853,540x960,640x1138,720x1280,828x1472&from=bu&cs=828x0",,False,,synagogue,True,False,,,,,,,,,,,,,,,
457239029,283184316,-211669242,-211669242,1647318432,2022-03-15 05:27:12,58.007827,56.234372,58.00819896273859,56.23476395501453,47.369317249528805,"https://sun9-12.userapi.com/s/v1/ig2/5UhGtdrF6DMXnsoY59Fw2SUHObc1rH98aMHjvZnIRXk-PaTfyOGvZgv4V8h2QM1IaH37Mm9w5wC4KZXljhmapIQf.jpg?quality=96&as=32x57,48x85,72x128,108x192,160x284,240x427,360x640,480x853,540x960,640x1138,720x1280,828x1472&from=bu&cs=828x0",,False,,synagogue,True,False,,,,,,,,,,,,,,,
457239023,283184316,-211669242,-211669242,1647318427,2022-03-15 05:27:07,58.007638,56.234095,58.00819896273859,56.23476395501453,73.78252989165559,"https://sun9-75.userapi.com/s/v1/ig2/_KOFClZ4crpQ7cX91k9Llf6vYW0ClGKHcLTo9JowbXNwk5FPv98741AzejBV0ZbNkDuiwUjJCKcB3ngUq4m7FjcU.jpg?quality=96&as=32x57,48x85,72x128,108x192,160x284,240x427,360x640,480x853,540x960,640x1138,720x1280,828x1472&from=bu&cs=828x0",,False,,synagogue,True,False,,,,,,,,,,,,,,,
457239266,-7,-211080765,-211080765,1680953247,2023-04-08 13:27:27,58.008303,56.234688,58.00819896273859,56.23476395501453,12.403628167392649,"https://sun9-53.userapi.com/s/v1/ig2/aXFVuV3oBpJ4rEqncDVRolQjZU73pLUhwM_qjrYnltlzOC1oblNl30bBZAot-PrreUO-pkCEqdeNzIG3_eV60zMm.jpg?quality=95&as=32x43,48x64,72x96,108x144,160x213,240x320,360x480,480x640,540x720,640x854,720x960,1080x1440,1280x1707,1440x1921,1690x2254&from=bu&cs=1690x0",,False,87.0,synagogue,True,True,,,,,,,,,,,,,,,
457290778,-7,-210911959,-210911959,1692645306,2023-08-21 21:15:06,58.007814,56.235879,58.00819896273859,56.23476395501453,78.40494941846167,"https://sun9-51.userapi.com/s/v1/ig2/v3rE54h49kwF-2F2uaj_xvD71phxbDYYowrshOYSqv-ofyGsvUfTgGZ32GRuBqPkU8CLiXHA5Ke_fvFhgzz2qTE-.jpg?quality=95&as=32x43,48x64,72x96,108x144,160x213,240x320,360x480,480x640,540x720,640x853,720x960,1080x1440,1280x1707,1440x1920,1920x2560&from=bu&cs=1920x0",,False,,synagogue,True,False,,,,,,,,,,,,,,,
457290779,-7,-210911959,-210911959,1692645306,2023-08-21 21:15:06,58.007716,56.235602,58.00819896273859,56.23476395501453,72.9481739764952,"https://sun9-53.userapi.com/s/v1/ig2/kgp0z2BD6y3omuQywfVKBS6R2nG-5E3GPm5QadPKF6B9QKCpuV7nSATtbFOOpCc5ciG3uo6FgQeGjCJ_goQfMTMx.jpg?quality=95&as=32x43,48x64,72x96,108x144,160x213,240x320,360x480,480x640,540x720,640x853,720x960,1080x1440,1280x1707,1440x1920,1920x2560&from=bu&cs=1920x0",,False,,synagogue,True,False,,,,,,,,,,,,,,,
457246558,-7,-210911959,-210911959,1657478698,2022-07-10 20:44:58,58.008003,56.235812,58.00819896273859,56.23476395501453,65.47369423629408,"https://sun9-80.userapi.com/s/v1/ig2/3ovvrZgX6xTDTLxW8TEg5FfzYh8h2_JaImfugEw4Ry_mryXzUpl7ZJjeeaG0ijyoaSL1gp59XWkWO_7yD56-Sz2B.jpg?quality=95&as=32x43,48x64,72x96,108x144,160x213,240x320,360x480,480x640,540x721,640x854,720x961,1080x1441,1280x1708,1388x1852&from=bu&cs=1388x0",,False,,synagogue,True,False,,,,,,,,,,,,,,,
457290780,-7,-210911959,-210911959,1692645306,2023-08-21 21:15:06,58.007814,56.235879,58.00819896273859,56.23476395501453,78.40494941846167,"https://sun9-82.userapi.com/s/v1/ig2/yIke_I7DEjCLVeJi4oB3hP5Op8U-RrKXAMFQ6uuybYPkDgvrit1SurIivUEGg2fKctyjfZTJ9M7BFPAJVGanAmsk.jpg?quality=95&as=32x43,48x64,72x96,108x144,160x213,240x320,360x480,480x640,540x720,640x853,720x960,1080x1440,1280x1707,1440x1920,1920x2560&from=bu&cs=1920x0",,False,,synagogue,True,False,,,,,,,,,,,,,,,
457246637,-7,-210911959,-210911959,1657560998,2022-07-11 19:36:38,58.008002,56.235125,58.00819896273859,56.23476395501453,30.529618692970583,"https://sun9-4.userapi.com/s/v1/ig2/dpW_qquhjEFxEeC0WuLugIDObOlxVW2kxWa6X2WRWX9HXHzKybJXHmO0wzyMDKuAVIvAHZAQquYnlG_z4ZrfE9Yn.jpg?quality=95&as=32x43,48x64,72x96,108x144,160x213,240x320,360x480,480x640,540x721,640x854,720x961,1080x1441,1280x1708,1388x1852&from=bu&cs=1388x0",,False,,synagogue,True,False,,,,,,,,,,,,,,,
457290774,-7,-210911959,-210911959,1692645306,2023-08-21 21:15:06,58.007716,56.235602,58.00819896273859,56.23476395501453,72.9481739764952,"https://sun9-49.userapi.com/s/v1/ig2/cvuLfO3yNeFzpKwFwBYoWgWcrshFkv98fQyMNNhKWdofToaS7PA9qylVaQbq57NkiZpSJJLYU_THCDDDfdUfaST0.jpg?quality=95&as=32x43,48x64,72x96,108x144,160x213,240x320,360x480,480x640,540x720,640x853,720x960,1080x1440,1280x1707,1440x1920,1920x2560&from=bu&cs=1920x0",,False,,synagogue,True,False,,,,,,,,,,,,,,,
457246623,-7,-210911959,-210911959,1657560790,2022-07-11 19:33:10,58.007996,56.235707,58.00819896273859,56.23476395501453,59.964763850001766,"https://sun9-30.userapi.com/s/v1/ig2/nYWq9pAYvbpiJdlK3SMk6dQsJ0uwU_1BbQ6i4MclbXJRfCx0VaXMR1qKJSOBmsbjDnrH9coT-NwXXBznCm7ciXc3.jpg?quality=95&as=32x43,48x64,72x96,108x144,160x213,240x320,360x480,480x640,540x721,640x854,720x961,1080x1441,1280x1708,1388x1852&from=bu&cs=1388x0",,False,,synagogue,True,False,,,,,,,,,,,,,,,
457290770,-7,-210911959,-210911959,1692645229,2023-08-21 21:13:49,58.0078,56.236011,58.00819896273859,56.23476395501453,85.8203422920039,"https://sun9-6.userapi.com/s/v1/ig2/fS9sYoSfs8WzaBn_SECX3LXsUBiifgCd_T0g46dQZpcC5djLHWnikLJtwTV5ao0Gq1GnfOgO6OrnyEA85Q4qNmeC.jpg?quality=95&as=32x43,48x64,72x96,108x144,160x213,240x320,360x480,480x640,540x720,640x853,720x960,1080x1440,1280x1707,1440x1920,1920x2560&from=bu&cs=1920x0",,False,,synagogue,True,False,,,,,,,,,,,,,,,
457290777,-7,-210911959,-210911959,1692645306,2023-08-21 21:15:06,58.007821,56.235813,58.00819896273859,56.23476395501453,74.73693356164176,"https://sun9-43.userapi.com/s/v1/ig2/Fy7TvOYjU6u9emdVV0thn4HVpvlUGDyTRSasi6zsQLn4zgWwUmoKhI6JBKjwjLZHZBzUBfX8EkmBADEgqAJHA4yB.jpg?quality=95&as=32x43,48x64,72x96,108x144,160x213,240x320,360x480,480x640,540x720,640x853,720x960,1080x1440,1280x1707,1440x1920,1920x2560&from=bu&cs=1920x0",,False,,synagogue,True,False,,,,,,,,,,,,,,,
457246707,-7,-210911959,-210911959,1657817338,2022-07-14 18:48:58,58.007919,56.23609,58.00819896273859,56.23476395501453,84.09304230477703,"https://sun9-39.userapi.com/s/v1/ig2/Gse0m6U-mPhAcn4zpCQ23BccfcwLWC6ClIBod-T4Pvw_jCtLVefWohhwiblDgJd58yVeh7iqsxKUKzBGvWcUegbP.jpg?quality=95&as=32x43,48x64,72x96,108x144,160x213,240x320,360x480,480x640,540x721,640x854,720x961,1080x1441,1280x1708,1388x1852&from=bu&cs=1388x0",,False,,synagogue,True,False,,,,,,,,,,,,,,,
457246602,-7,-210911959,-210911959,1657516205,2022-07-11 07:10:05,58.007912,56.235812,58.00819896273859,56.23476395501453,69.4994897265836,"https://sun9-57.userapi.com/s/v1/ig2/X9cRPqYPt1reUQ6qs9xK2XC9cOHnxdaDWGNGdHSQfRP5hQiSq2OKHzYsIYhrp_Z1-gUcVy_4-WlJsX7v9gnA9RUW.jpg?quality=95&as=32x43,48x64,72x96,108x144,160x213,240x320,360x480,480x640,540x721,640x854,720x961,1080x1441,1280x1708,1388x1852&from=bu&cs=1388x0",,False,,synagogue,True,False,,,,,,,,,,,,,,,
457246640,-7,-210911959,-210911959,1657561082,2022-07-11 19:38:02,58.007919,56.235918,58.00819896273859,56.23476395501453,74.77435095139248,"https://sun9-77.userapi.com/s/v1/ig2/Ljg6rvwm1nwQ83AsXmIGGrDO9bThcj7NlbXbhD8e0hQOOcyM4cjwex6IikGJlS78vWWXhcGo3KuHg36E_orUS2DY.jpg?quality=95&as=32x43,48x64,72x96,108x144,160x213,240x320,360x480,480x640,540x721,640x854,720x961,1080x1441,1280x1708,1388x1852&from=bu&cs=1388x0",,False,,synagogue,True,False,,,,,,,,,,,,,,,
457290771,-7,-210911959,-210911959,1692645229,2023-08-21 21:13:49,58.0078,56.236011,58.00819896273859,56.23476395501453,85.8203422920039,"https://sun9-22.userapi.com/s/v1/ig2/hsZ-rZn7y0aRuO3D2SapV2by3FzybQXRp-qjrR7hrafu52VOD4XfLGF2q5OGDLkDvvP5P4z80AgY3Jd1AFb8HZic.jpg?quality=95&as=32x43,48x64,72x96,108x144,160x213,240x320,360x480,480x640,540x720,640x853,720x960,1080x1440,1280x1707,1440x1920,1920x2560&from=bu&cs=1920x0",,False,,synagogue,True,False,,,,,,,,,,,,,,,
457290781,-7,-210911959,-210911959,1692645306,2023-08-21 21:15:06,58.0078,56.236011,58.00819896273859,56.23476395501453,85.8203422920039,"https://sun9-77.userapi.com/s/v1/ig2/qxMLOcTYYRaK8z3zo8KLwX0SHOPXrIyq3qbwfkfvPXgs0nvPa1DABA0H4-QWnDihP8puYOqIh048F864h9-9iiDi.jpg?quality=95&as=32x43,48x64,72x96,108x144,160x213,240x320,360x480,480x640,540x720,640x853,720x960,1080x1440,1280x1707,1440x1920,1920x2560&from=bu&cs=1920x0",,False,,synagogue,True,False,,,,,,,,,,,,,,,
457240244,-7,-209731930,-209731930,1740306606,2025-02-23 11:30:06,58.007904,56.234332,58.00819896273859,56.23476395501453,41.51239618653149,"https://sun9-26.userapi.com/s/v1/ig2/6Edj5NsowDCsY_GBD9SaWlL9yZkJdMtFkqJSlsUIbkoj8sFI_f26Mt47lZ7xeADOHG7JoW5snKmpkI7C__Q1CKZu.jpg?quality=95&as=32x43,48x64,72x96,108x144,160x213,240x320,360x480,480x640,540x720,640x853,720x960,1080x1440,1280x1707,1440x1920,1539x2052&from=bu&cs=1539x0",,False,,synagogue,True,False,,,,,,,,,,,,,,,
457240248,-7,-209731930,-209731930,1740307935,2025-02-23 11:52:15,58.007904,56.234332,58.00819896273859,56.23476395501453,41.51239618653149,"https://sun9-26.userapi.com/s/v1/ig2/2Izvud_G75oN4SwY717s4QC3orq3dEgELuY9o4ZvojKqebHWNBLJXw8WnxSMAwwqmulQsZbUan8_OgWFFRFbLMPq.jpg?quality=95&as=32x43,48x64,72x96,108x144,160x213,240x320,360x480,480x640,540x720,640x853,720x960,1080x1440,1280x1707,1440x1920,1539x2052&from=bu&cs=1539x0",,False,,synagogue,True,False,,,,,,,,,,,,,,,
457240694,-7,-209485236,-209485236,1692884123,2023-08-24 15:35:23,58.007223,56.255308,58.00763133477656,56.255145877976155,46.39841029675962,"https://sun9-31.userapi.com/s/v1/if2/uVIzzRDpVim56gvt-89mMH0bLEYyi2I7-JHJ4j7uKFiSezCIRUTntexKFf6OTawTfQ18dbwT63MR4X97HFJQq90N.jpg?quality=95&as=32x24,48x36,72x54,108x81,160x120,240x180,360x270,480x360,540x405,640x480,720x540,1080x810,1280x960,1440x1080,2560x1920&from=bu&cs=2560x0",,False,,or avner habad community center,True,False,,,,,,,,,,,,,,,
457239716,292620556,-209485236,-209485236,1674889668,2023-01-28 08:07:48,58.007308,56.255889,58.00763133477656,56.255145877976155,56.64995979397913,"https://sun9-50.userapi.com/s/v1/ig2/vMYL5Zu3UsYzteTLeyxj36TTBQNpdtamAXJorlz2UwdcLC-PTEHo4B1SAap_6tCwDRBf2u5pxiJnzSmcSxI2-fcG.jpg?quality=95&as=32x43,48x64,72x96,108x144,160x213,240x320,360x480,480x640,540x720,640x853,720x960,1080x1440,1280x1707,1440x1920,1920x2560&from=bu&cs=1920x0",,False,,or avner habad community center,True,False,,,,,,,,,,,,,,,
457240857,-7,-209485236,-209485236,1697773256,2023-10-20 05:40:56,58.007314,56.255308,58.00763133477656,56.255145877976155,36.55575784575359,"https://sun9-76.userapi.com/s/v1/if2/8LkBlraIz0yQfihoMGHdKdrhYk2DbU2hQcuW0mazpVmDLFBwNmx61ENbH5dbqbGUcbAV0NpYG_dJtVDK8W4S-NVO.jpg?quality=95&as=32x24,48x36,72x54,108x81,160x120,240x180,360x270,480x360,540x405,640x480,720x540,1080x810,1280x960,1440x1080,2560x1920&from=bu&cs=2560x0",,False,,or avner habad community center,True,False,,,,,,,,,,,,,,,
457240249,-7,-209485236,-209485236,1678376800,2023-03-09 16:46:40,58.007217,56.255889,58.00763133477656,56.255145877976155,63.55480674562671,"https://sun9-22.userapi.com/s/v1/ig2/qLmHGxSkGIxumRaLLUMd-TVLk2TWwxDHRjlzhk8RGWcRzGIkxAdRB1s_2LahAV6JnKcbWbGkCa_WwGmdzj7laGHE.jpg?quality=95&as=32x43,48x64,72x96,108x144,160x213,240x320,360x480,480x640,540x720,640x853,720x960,1080x1440,1280x1707,1440x1920,1920x2560&from=bu&cs=1920x0",,False,,or avner habad community center,True,False,,,,,,,,,,,,,,,
457240207,293030186,-209485236,-209485236,1677122543,2023-02-23 04:22:23,58.007217,56.255889,58.00763133477656,56.255145877976155,63.55480674562671,"https://sun9-71.userapi.com/s/v1/if2/i5KwtxN1QkoFNayt9wj7EYMrjBvExhGFgGt19qucb7CfeuzGHcWCztms6G9yNY1HU8z1NBoONBFByFaT1mXMBPhh.jpg?quality=95&as=32x24,48x36,72x54,108x81,160x120,240x180,360x270,480x360,540x405,640x480,720x540,1080x810,1280x960,1440x1080,2560x1920&from=bu&cs=2560x0",,False,,or avner habad community center,True,False,,,,,,,,,,,,,,,
457239717,292620556,-209485236,-209485236,1674889676,2023-01-28 08:07:56,58.007308,56.255889,58.00763133477656,56.255145877976155,56.64995979397913,"https://sun9-77.userapi.com/s/v1/ig2/WnOYzN6ApK79GjLn0_X8spYbB2CpbRTSc6_ipqgqgexQfIfwjQKA3pPQakDtdzfduw-C3L8Exxe7-6HLUlTgR34p.jpg?quality=95&as=32x43,48x64,72x96,108x144,160x213,240x320,360x480,480x640,540x720,640x853,720x960,1080x1440,1280x1707,1440x1920,1920x2560&from=bu&cs=1920x0",,False,,or avner habad community center,True,False,,,,,,,,,,,,,,,
457240781,-7,-209485236,-209485236,1696500959,2023-10-05 12:15:59,58.007314,56.255308,58.00763133477656,56.255145877976155,36.55575784575359,"https://sun9-66.userapi.com/s/v1/ig2/eNX2B0NqxIIh6uYfBtmshIoQ0fA0QQFnEfj192MYnEkjJb7b4AXVbP1ugSeY0wrZZPGX7wkNeX7U3-NKQdFrA1kQ.jpg?quality=95&as=32x43,48x64,72x96,108x144,160x213,240x320,360x480,480x640,540x720,640x853,720x960,1080x1440,1280x1707,1440x1920,1920x2560&from=bu&cs=1920x0",,False,,or avner habad community center,True,False,,,,,,,,,,,,,,,
457240696,-7,-209485236,-209485236,1692884280,2023-08-24 15:38:00,58.007314,56.255479,58.00763133477656,56.255145877976155,40.376225178662175,"https://sun9-37.userapi.com/s/v1/ig2/STiVvEGosC3R9yvvvziKJRbS2mwnkbqhpJ20-ZmirGHzooHUv_gvOruQcAPcNUSukpyJc_dkikfN94YxktCQKbYG.jpg?quality=95&as=32x43,48x64,72x96,108x144,160x213,240x320,360x480,480x640,540x720,640x853,720x960,1080x1440,1280x1707,1440x1920,1920x2560&from=bu&cs=1920x0",,False,,or avner habad community center,True,False,,,,,,,,,,,,,,,
457240250,-7,-209485236,-209485236,1678376800,2023-03-09 16:46:40,58.007217,56.255889,58.00763133477656,56.255145877976155,63.55480674562671,"https://sun9-9.userapi.com/s/v1/ig2/W54ReYmbneMiIDOjAIHqGviB7unujbCAtTLRpFPGUwE2VTHR1djvd_cjI86Spg56fa3KJrhekZvBydNxXcei15pP.jpg?quality=95&as=32x43,48x64,72x96,108x144,160x213,240x320,360x480,480x640,540x720,640x853,720x960,1080x1440,1280x1707,1440x1920,1920x2560&from=bu&cs=1920x0",,False,,or avner habad community center,True,False,,,,,,,,,,,,,,,
457240258,-7,-209485236,-209485236,1678710024,2023-03-13 13:20:24,58.007217,56.255889,58.00763133477656,56.255145877976155,63.55480674562671,"https://sun9-28.userapi.com/s/v1/if2/dIZPFfYLdXY_FnvqGaILax6lj-a-zEIKb-XWtLar5J08lUaCeZODPRXgE8ENBgBnXmHh_pKIsNCpKyWE18mxBXBo.jpg?quality=95&as=32x24,48x36,72x54,108x81,160x120,240x180,360x270,480x360,540x405,640x480,720x540,1080x810,1280x960,1440x1080,2560x1920&from=bu&cs=2560x0",,False,,or avner habad community center,True,False,,,,,,,,,,,,,,,
457240442,-7,-209485236,-209485236,1682609028,2023-04-27 17:23:48,58.007315,56.255995,58.00763133477656,56.255145877976155,61.15242598481541,"https://sun9-35.userapi.com/s/v1/if2/PGY92JiKn9iYFQNVVDYVvZxVr1-ykf2SEB3Jp1D-BQqAnYR_qq30LsQl6in-8fb2rjeT2dZmr2c4eeILjUby1PMQ.jpg?quality=95&as=32x24,48x36,72x54,108x81,160x120,240x180,360x270,480x360,540x405,640x480,720x540,1080x810,1280x960,1440x1080,2560x1920&from=bu&cs=2560x0",,False,,or avner habad community center,True,False,,,,,,,,,,,,,,,
457240870,-7,-209485236,-209485236,1698383207,2023-10-27 07:06:47,58.007315,56.255995,58.00763133477656,56.255145877976155,61.15242598481541,"https://sun9-30.userapi.com/s/v1/ig2/IJkZLgyWsZWbL1dnII6QcsKP7_a98UKshhVfhu4zoOWIGVTBXMdKZhU_1HZOR5WdIVSnTSz3xLsHAWxPW0dWF2VH.jpg?quality=95&as=32x43,48x64,72x96,108x144,160x213,240x320,360x480,480x640,540x720,640x853,720x960,1080x1440,1280x1707,1440x1920,1920x2560&from=bu&cs=1920x0",,False,,or avner habad community center,True,False,,,,,,,,,,,,,,,
457240236,-7,-209485236,-209485236,1678111290,2023-03-06 15:01:30,58.007217,56.255889,58.00763133477656,56.255145877976155,63.55480674562671,"https://sun9-57.userapi.com/s/v1/if2/HjziHaqKLioZZYkViusE7jjDr3KXnAFmnfMM6rI5_ssMmHFpo6fqWSiUXmfrXLyKPnZj1KdmJ30RKneHNMVSx5qe.jpg?quality=95&as=32x24,48x36,72x54,108x81,160x120,240x180,360x270,480x360,540x405,640x480,720x540,1080x810,1280x960,1440x1080,2560x1920&from=bu&cs=2560x0",,False,,or avner habad community center,True,False,,,,,,,,,,,,,,,
457239708,292620556,-209485236,-209485236,1674889623,2023-01-28 08:07:03,58.007399,56.255889,58.00763133477656,56.255145877976155,50.8330616786655,"https://sun9-76.userapi.com/s/v1/ig2/fMV6CimtWbGiKR3R0O8RwH0Q_aKT_utVLRMmNyMtHuA6EiVbnvVVvq-OTJ0fQELmMhC3xpza3xZ6iknV1SJZETTl.jpg?quality=95&as=32x43,48x64,72x96,108x144,160x213,240x320,360x480,480x640,540x720,640x853,720x960,1080x1440,1280x1707,1440x1920,1920x2560&from=bu&cs=1920x0",,False,,or avner habad community center,True,False,,,,,,,,,,,,,,,
457239712,292620556,-209485236,-209485236,1674889648,2023-01-28 08:07:28,58.007406,56.255823,58.00763133477656,56.255145877976155,47.106964425157685,"https://sun9-7.userapi.com/s/v1/ig2/9sE63psudtz2HpKEvp8v2ybvvdyhZdbAQSnQvPwsaYiVj-T8xf79KTV5X2JZ3cL4Iy22raxAkgBQACjRwpCSKnky.jpg?quality=95&as=32x43,48x64,72x96,108x144,160x213,240x320,360x480,480x640,540x720,640x853,720x960,1080x1440,1280x1707,1440x1920,1920x2560&from=bu&cs=1920x0",,False,,or avner habad community center,True,False,,,,,,,,,,,,,,,
457239719,292620556,-209485236,-209485236,1674889687,2023-01-28 08:08:07,58.007399,56.255717,58.00763133477656,56.255145877976155,42.42012126632414,"https://sun9-77.userapi.com/s/v1/ig2/aiNOCrd4NUKjyNZ_aTXogYiQvUziMLuc4mhmUfoeP5Uc53BLBjUGmoJv7dGxpndVuMMVd_ni9GaDK7fG23R_rrxy.jpg?quality=95&as=32x43,48x64,72x96,108x144,160x213,240x320,360x480,480x640,540x720,640x853,720x960,1080x1440,1280x1707,1440x1920,1920x2560&from=bu&cs=1920x0",,False,,or avner habad community center,True,False,,,,,,,,,,,,,,,
457239718,292620556,-209485236,-209485236,1674889682,2023-01-28 08:08:02,58.007399,56.255717,58.00763133477656,56.255145877976155,42.42012126632414,"https://sun9-38.userapi.com/s/v1/ig2/gcO221nemiiI3mobUW7zXpR3ph6DBf8rEto4rFapsepyQ45EgxO20uPsz5YW5G2v5SQHdQzgZVesatVBiXRJ2alh.jpg?quality=95&as=32x43,48x64,72x96,108x144,160x213,240x320,360x480,480x640,540x720,640x853,720x960,1080x1440,1280x1707,1440x1920,1920x2560&from=bu&cs=1920x0",,False,,or avner habad community center,True,False,,,,,,,,,,,,,,,
457240758,-7,-209485236,-209485236,1695879061,2023-09-28 07:31:01,58.007315,56.255823,58.00763133477656,56.255145877976155,53.183934813451145,"https://sun9-12.userapi.com/s/v1/if2/WyZEjkZX8hHWo6KZkByIOxV0_ecBPdhPXrZRDqF4-WbHdQ5bIe1GPWJskET2Uff_16EtS7taXkbjYdu_UZtJqbEK.jpg?quality=95&as=32x24,48x36,72x54,108x81,160x120,240x180,360x270,480x360,540x405,640x480,720x540,1080x810,1280x960,1440x1080,2560x1920&from=bu&cs=2560x0",,False,,or avner habad community center,True,False,,,,,,,,,,,,,,,
457240546,-7,-209485236,-209485236,1686224131,2023-06-08 13:35:31,58.007308,56.255889,58.00763133477656,56.255145877976155,56.64995979397913,"https://sun9-36.userapi.com/s/v1/if2/fOaeejd7xjrWCawRvOhHlsxDDuCvaiRfGY4oGV1uZztOc8efzWz3stPwbmklnd-nUPoV_k05fI-sbYLsKWDiud5o.jpg?quality=95&as=32x24,48x36,72x54,108x81,160x120,240x180,360x270,480x360,540x405,640x480,720x540,1080x810,1280x960,1440x1080,2560x1920&from=bu&cs=2560x0",,False,,or avner habad community center,True,False,,,,,,,,,,,,,,,
457240726,-7,-209485236,-209485236,1694752275,2023-09-15 06:31:15,58.007217,56.255889,58.00763133477656,56.255145877976155,63.55480674562671,"https://sun9-11.userapi.com/s/v1/ig2/bU55O1z10_KFwIXDsTYnMEVvdhpSHkbJlhKO3fNbgd5AlKMODKzOpfh9wrcALHarXw8HMH6ZkQbidJ_czsQMDpRE.jpg?quality=95&as=32x43,48x64,72x96,108x144,160x213,240x320,360x480,480x640,540x720,640x853,720x960,1080x1440,1280x1707,1440x1920,1920x2560&from=bu&cs=1920x0",,False,,or avner habad community center,True,False,,,,,,,,,,,,,,,
457239715,292620556,-209485236,-209485236,1674889663,2023-01-28 08:07:43,58.007315,56.255995,58.00763133477656,56.255145877976155,61.15242598481541,"https://sun9-79.userapi.com/s/v1/ig2/9jFviVziz6KfLsQ_IHkDReprnKUq9JbiwUKiClVw1lTs414LPfmRiqbObjGLY6guEINq3pn3bRkz3TYFauL7vfXG.jpg?quality=95&as=32x43,48x64,72x96,108x144,160x213,240x320,360x480,480x640,540x720,640x853,720x960,1080x1440,1280x1707,1440x1920,1920x2560&from=bu&cs=1920x0",,False,,or avner habad community center,True,False,,,,,,,,,,,,,,,
457239720,292620556,-209485236,-209485236,1674889694,2023-01-28 08:08:14,58.007399,56.255717,58.00763133477656,56.255145877976155,42.42012126632414,"https://sun9-58.userapi.com/s/v1/ig2/QMwtuYNlOtzrDMYR84EiAApkoY2SZK-YGDPMQChM1qVSII0gpHquUpGNFgNzeKCt4MLPNmUMx2NE_EblFno5TVe6.jpg?quality=95&as=32x43,48x64,72x96,108x144,160x213,240x320,360x480,480x640,540x720,640x853,720x960,1080x1440,1280x1707,1440x1920,1920x2560&from=bu&cs=1920x0",,False,,or avner habad community center,True,False,,,,,,,,,,,,,,,
457239983,292621033,-209485236,-209485236,1674891818,2023-01-28 08:43:38,58.007217,56.255889,58.00763133477656,56.255145877976155,63.55480674562671,"https://sun9-7.userapi.com/s/v1/ig2/Hk1asqpRaJFbUy06l8jAGGj7Y36cXvTaAdLJGTPGNhYNFdHH0KaXutqOog2W2b3U0GqKnFE5AXrn83OqOsRkkA1t.jpg?quality=95&as=32x43,48x64,72x96,108x144,160x213,240x320,360x480,480x640,540x720,640x853,720x960,1080x1440,1280x1707,1440x1920,1920x2560&from=bu&cs=1920x0",,False,,or avner habad community center,True,False,,,,,,,,,,,,,,,
457239263,-7,-209485236,-209485236,1654867406,2022-06-10 15:23:26,58.007406,56.255823,58.00763133477656,56.255145877976155,47.106964425157685,"https://sun9-65.userapi.com/s/v1/if2/lnpq6iD-n87j3EaXDtfBSjGIYJ4m_L6PraSmHjSrmaH2GHKiI9isFGU3xezDLGVL3j8RWteDm_4JUh5XofXZuO6I.jpg?quality=95&as=32x24,48x36,72x54,108x81,160x120,240x180,360x270,480x360,540x405,640x480,720x540,1080x810,1280x960,1440x1080,1600x1200&from=bu&cs=1600x0",,False,,or avner habad community center,True,False,,,,,,,,,,,,,,,
457240552,-7,-209485236,-209485236,1686887346,2023-06-16 05:49:06,58.007217,56.255889,58.00763133477656,56.255145877976155,63.55480674562671,"https://sun9-16.userapi.com/s/v1/if2/SFGtUUx86ByigrYo08QP3ugQLiCppGz5cMxg26TBU8omrY20F9jLQ_jZIbCTwzqB1AlzMOv574O4UGklhFmzIsvb.jpg?quality=95&as=32x24,48x36,72x54,108x81,160x120,240x180,360x270,480x360,540x405,640x480,720x540,1080x810,1280x960,1440x1080,2560x1920&from=bu&cs=2560x0",,False,,or avner habad community center,True,False,,,,,,,,,,,,,,,
457240884,-7,-209485236,-209485236,1698922766,2023-11-02 11:59:26,58.007315,56.255995,58.00763133477656,56.255145877976155,61.15242598481541,"https://sun9-55.userapi.com/s/v1/ig2/_C4SGksU07iDBqMQiowQZ8QasMTgRzulcwpm8jZc3V-Q5GaAX40GO2P9Jmc9sl1ZUKvylN9pSNazaOEAfSPDYMLk.jpg?quality=95&as=32x43,48x64,72x96,108x144,160x213,240x320,360x480,480x640,540x720,640x853,720x960,1080x1440,1280x1707,1440x1920,1920x2560&from=bu&cs=1920x0",,False,,or avner habad community center,True,False,,,,,,,,,,,,,,,
457239702,292620556,-209485236,-209485236,1674889591,2023-01-28 08:06:31,58.007399,56.255889,58.00763133477656,56.255145877976155,50.8330616786655,"https://sun9-82.userapi.com/s/v1/ig2/EjnQskkxlc8OyNVCB_sjXU2fWENPUjGqZ1agRUZ1TCVJRf0iHMVAwO3BTAfZHnCTDdfBCT-qL3LpTscbSFm4KSMx.jpg?quality=95&as=32x43,48x64,72x96,108x144,160x213,240x320,360x480,480x640,540x720,640x853,720x960,1080x1440,1280x1707,1440x1920,1920x2560&from=bu&cs=1920x0",,False,,or avner habad community center,True,False,,,,,,,,,,,,,,,
457240565,-7,-209485236,-209485236,1687364538,2023-06-21 18:22:18,58.007217,56.255889,58.00763133477656,56.255145877976155,63.55480674562671,"https://sun9-13.userapi.com/s/v1/if2/-OWwfC9gaJWqBAPsklRScfqwRJGlT3_fuDvj5lIDNvPRE-_A6QlBJnGlvm_HXijGZezvFHlGu55LOvCr3Gcwu5FY.jpg?quality=95&as=32x24,48x36,72x54,108x81,160x120,240x180,360x270,480x360,540x405,640x480,720x540,1080x810,1280x960,1440x1080,2560x1920&from=bu&cs=2560x0",,False,,or avner habad community center,True,False,,,,,,,,,,,,,,,
457239782,292620802,-209485236,-209485236,1674890578,2023-01-28 08:22:58,58.007315,56.255823,58.00763133477656,56.255145877976155,53.183934813451145,"https://sun9-71.userapi.com/s/v1/ig2/9w76oHrhBjUeZMwCWvdisvKqYAkveZR1hy_cMU8Z8AoBQ4Ud1ltI7owgfCATTxJYp5DSUr2HO5xhZ3g03mr2wj5I.jpg?quality=95&as=32x43,48x64,72x96,108x144,160x213,240x320,360x480,480x640,540x720,640x853,720x960,1080x1440,1280x1707,1440x1920,1920x2560&from=bu&cs=1920x0",,False,,or avner habad community center,True,False,,,,,,,,,,,,,,,
457239700,292620556,-209485236,-209485236,1674889578,2023-01-28 08:06:18,58.007315,56.255995,58.00763133477656,56.255145877976155,61.15242598481541,"https://sun9-67.userapi.com/s/v1/ig2/Jb-up_a3YdMFYSm0023U69pBV7NnL_bXLq-wqM4D3zHvvultDLf64ZNuUdcw71WO22hEZSfCyRElquvDbBBrTy-o.jpg?quality=95&as=32x43,48x64,72x96,108x144,160x213,240x320,360x480,480x640,540x720,640x853,720x960,1080x1440,1280x1707,1440x1920,1920x2560&from=bu&cs=1920x0",,False,,or avner habad community center,True,False,,,,,,,,,,,,,,,
457240251,-7,-209485236,-209485236,1678376800,2023-03-09 16:46:40,58.007217,56.255889,58.00763133477656,56.255145877976155,63.55480674562671,"https://sun9-86.userapi.com/s/v1/ig2/tZCcUTfsYqR493UZl30TUO-G8cGyO-pCSwyh4Bcpjn8Fq-g4fkq7VzFfapV8MfclB7Zvx9OWai4dbegFnsk-6IwQ.jpg?quality=95&as=32x43,48x64,72x96,108x144,160x213,240x320,360x480,480x640,540x720,640x853,720x960,1080x1440,1280x1707,1440x1920,1920x2560&from=bu&cs=1920x0",,False,,or avner habad community center,True,False,,,,,,,,,,,,,,,
457239265,-7,-209485236,-209485236,1654867406,2022-06-10 15:23:26,58.007315,56.255995,58.00763133477656,56.255145877976155,61.15242598481541,"https://sun9-85.userapi.com/s/v1/ig2/tNv4WNX_sCzCM2SkWl73X4Q7QaeQAsT6t-_C2qmz6Z9ljfMtQkCLfWMVHaHnBXDi3ciIGq3AA7TRZpifDNcESu3Q.jpg?quality=95&as=32x43,48x64,72x96,108x144,160x213,240x320,360x480,480x640,540x720,640x853,720x960,1080x1440,1200x1600&from=bu&cs=1200x0",,False,,or avner habad community center,True,False,,,,,,,,,,,,,,,
457240300,292768107,-209485236,-209485236,1679114970,2023-03-18 05:49:30,58.007217,56.255889,58.00763133477656,56.255145877976155,63.55480674562671,"https://sun9-15.userapi.com/s/v1/if2/jN1HCzHvqAz4U8eW94c2Tv56UMeAysm0GCe_mkNU6m8OwYMYwVeFTmn9oR6jPIJ_mupDLWHWlzR9Z6AbX3n5aXU2.jpg?quality=95&as=32x24,48x36,72x54,108x81,160x120,240x180,360x270,480x360,540x405,640x480,720x540,1080x810,1280x960,1440x1080,2560x1920&from=bu&cs=2560x0",,False,,or avner habad community center,True,False,,,,,,,,,,,,,,,
457239706,292620556,-209485236,-209485236,1674889612,2023-01-28 08:06:52,58.007399,56.255889,58.00763133477656,56.255145877976155,50.8330616786655,"https://sun9-46.userapi.com/s/v1/ig2/EUym526dPUSrq78iONOgGo87HI2BzGIenZU-3rZak6pBmKV8xSZ4Viwy8dR-4xWTuEFN4NCzsBHVT_mXFZMGQrnD.jpg?quality=95&as=32x43,48x64,72x96,108x144,160x213,240x320,360x480,480x640,540x720,640x853,720x960,1080x1440,1280x1707,1440x1920,1920x2560&from=bu&cs=1920x0",,False,,or avner habad community center,True,False,,,,,,,,,,,,,,,
457240695,-7,-209485236,-209485236,1692884123,2023-08-24 15:35:23,58.007223,56.255308,58.00763133477656,56.255145877976155,46.39841029675962,"https://sun9-70.userapi.com/s/v1/ig2/20WNUqgVNbepWj0drr4sfyZ5gJ-aWRyWRkSgR5A0nj199CUbSQCj-t5nE5XlI4zuNPjBlK6A4W2j08EntF8OLqqN.jpg?quality=95&as=32x43,48x64,72x96,108x144,160x213,240x320,360x480,480x640,540x720,640x853,720x960,1080x1440,1280x1707,1440x1920,1920x2560&from=bu&cs=1920x0",,False,,or avner habad community center,True,False,,,,,,,,,,,,,,,
457240608,-7,-209485236,-209485236,1689257036,2023-07-13 16:03:56,58.007217,56.255889,58.00763133477656,56.255145877976155,63.55480674562671,"https://sun9-85.userapi.com/s/v1/ig2/9tmboxUazxR0kRfkkC0Y23OhBaALBDSxy55-pMMdijCgi7L_gkMb33SmSaRBg4AN5jbqGWUUe_zRzsZ4tnfPpUDW.jpg?quality=95&as=32x43,48x64,72x96,108x144,160x213,240x320,360x480,480x640,540x720,640x853,720x960,1080x1440,1280x1707,1440x1920,1920x2560&from=bu&cs=1920x0",,False,,or avner habad community center,True,False,,,,,,,,,,,,,,,
457240575,-7,-209485236,-209485236,1688052192,2023-06-29 17:23:12,58.007217,56.255889,58.00763133477656,56.255145877976155,63.55480674562671,"https://sun9-3.userapi.com/s/v1/if2/AFMfPinXtJXiOCVzXfUrQlP3NwJRCDiynPuX6XzOstS-iB5dJXjMezDAU8nLT_V9RmX6OfayAjMYO8QLtb6CndOC.jpg?quality=95&as=32x24,48x36,72x54,108x81,160x120,240x180,360x270,480x360,540x405,640x480,720x540,1080x810,1280x960,1440x1080,2560x1920&from=bu&cs=2560x0",,False,,or avner habad community center,True,False,,,,,,,,,,,,,,,
457240564,-7,-209485236,-209485236,1687364538,2023-06-21 18:22:18,58.007217,56.255889,58.00763133477656,56.255145877976155,63.55480674562671,"https://sun9-20.userapi.com/s/v1/if2/SMAMvmf3On8CK3NjwMeX48GtCeBUZRMFFbYqAqic12bkh7d7DQ5-sMs50bqs6nhdLa_F5tGpJUuzO3xB6cf27XGX.jpg?quality=95&as=32x24,48x36,72x54,108x81,160x120,240x180,360x270,480x360,540x405,640x480,720x540,1080x810,1280x960,1440x1080,2560x1920&from=bu&cs=2560x0",,False,,or avner habad community center,True,False,,,,,,,,,,,,,,,
457239703,292620556,-209485236,-209485236,1674889595,2023-01-28 08:06:35,58.007406,56.255823,58.00763133477656,56.255145877976155,47.106964425157685,"https://sun9-6.userapi.com/s/v1/ig2/8nAYGXfyWs7xbTjALjYGVEKp4daMI0OHS7EaLzRUGfenaIeN2Cg-ho3rzY_zuD1RLJS_pe4pi2WJba99tInkMA0g.jpg?quality=95&as=32x43,48x64,72x96,108x144,160x213,240x320,360x480,480x640,540x720,640x853,720x960,1080x1440,1280x1707,1440x1920,1920x2560&from=bu&cs=1920x0",,False,,or avner habad community center,True,False,,,,,,,,,,,,,,,
457239713,292620556,-209485236,-209485236,1674889653,2023-01-28 08:07:33,58.007406,56.255823,58.00763133477656,56.255145877976155,47.106964425157685,"https://sun9-48.userapi.com/s/v1/ig2/O71LKOyu9kGQ9X1-DbUtdnB9T2GBMnoH4U0adLaQyqG1xUglu8lEYPvC7WCqYMNSG9sPPs6Y31eZOUbSpKtArh-_.jpg?quality=95&as=32x43,48x64,72x96,108x144,160x213,240x320,360x480,480x640,540x720,640x853,720x960,1080x1440,1280x1707,1440x1920,1920x2560&from=bu&cs=1920x0",,False,,or avner habad community center,True,False,,,,,,,,,,,,,,,
457239266,-7,-209485236,-209485236,1654867406,2022-06-10 15:23:26,58.007315,56.255995,58.00763133477656,56.255145877976155,61.15242598481541,"https://sun9-39.userapi.com/s/v1/ig2/pf2b-z-XPwb54XoGfvjK-_dxvIe1ZSL4wxz1Vkrfv2PPio8reTrW0R-GecK8bz_JqhZQX_2LqaJazxrX5v2B8glA.jpg?quality=95&as=32x43,48x64,72x96,108x144,160x213,240x320,360x480,480x640,540x720,640x853,720x960,1080x1440,1200x1600&from=bu&cs=1200x0",,False,,or avner habad community center,True,False,,,,,,,,,,,,,,,
457240560,-7,-209485236,-209485236,1687234732,2023-06-20 06:18:52,58.007308,56.255889,58.00763133477656,56.255145877976155,56.64995979397913,"https://sun9-40.userapi.com/s/v1/if2/Ca0ovtQzg5sjmKTqjOjrupmIZ4LVh-N0N9_iUgC4BECjpFO-8Z2OBJiFrL9_V06vgpuyIX_rQrvGsCgoGyrAkhrN.jpg?quality=95&as=32x24,48x36,72x54,108x81,160x120,240x180,360x270,480x360,540x405,640x480,720x540,1080x810,1280x960,1440x1080,2560x1920&from=bu&cs=2560x0",,False,,or avner habad community center,True,False,,,,,,,,,,,,,,,
457239705,292620556,-209485236,-209485236,1674889606,2023-01-28 08:06:46,58.007406,56.255823,58.00763133477656,56.255145877976155,47.106964425157685,"https://sun9-76.userapi.com/s/v1/ig2/Gx4S4AA1qfNT9gXhEOSt30kbsrvzoBBmi1BmsBI7xPQGt8MPogMYllegAD9u2hHNjSct5-T8q-BNaEQQ1gNW8mnW.jpg?quality=95&as=32x43,48x64,72x96,108x144,160x213,240x320,360x480,480x640,540x720,640x853,720x960,1080x1440,1280x1707,1440x1920,1920x2560&from=bu&cs=1920x0",,False,,or avner habad community center,True,False,,,,,,,,,,,,,,,
457239695,292620556,-209485236,-209485236,1674889554,2023-01-28 08:05:54,58.007308,56.255889,58.00763133477656,56.255145877976155,56.64995979397913,"https://sun9-77.userapi.com/s/v1/if2/K56tVwuuC_F-5qCiPYLSrfSHcWLxG-SGqTbc4TaT8DFln_nDHlcjrrn6-hi0fTby-toSk5saP4Ll1-rLvWFRtnzA.jpg?quality=95&as=32x24,48x36,72x54,108x81,160x120,240x180,360x270,480x360,540x405,640x480,720x540,1080x810,1280x960,1440x1080,2560x1920&from=bu&cs=2560x0",,False,,or avner habad community center,True,False,,,,,,,,,,,,,,,
457239707,292620556,-209485236,-209485236,1674889618,2023-01-28 08:06:58,58.007399,56.255889,58.00763133477656,56.255145877976155,50.8330616786655,"https://sun9-76.userapi.com/s/v1/ig2/wzW3yzegGAENQl4sRX-4l0qUyjEFt_OfQsPOEPsao7TojanE4GLAshZBMz2SIalLbHY28axl5lFHMygrit6pO_-U.jpg?quality=95&as=32x43,48x64,72x96,108x144,160x213,240x320,360x480,480x640,540x720,640x853,720x960,1080x1440,1280x1707,1440x1920,1920x2560&from=bu&cs=1920x0",,False,,or avner habad community center,True,False,,,,,,,,,,,,,,,
457239694,292620556,-209485236,-209485236,1674889548,2023-01-28 08:05:48,58.007308,56.255889,58.00763133477656,56.255145877976155,56.64995979397913,"https://sun9-49.userapi.com/s/v1/ig2/pcoUJ_qAAoyw5cqYWcoITkSzvB1qGSlpu52qm0Lfwde5GMREVpVarr8Z7-RRU_D_IOAO907dwxSRPvwvYoKlOcVn.jpg?quality=95&as=32x43,48x64,72x96,108x144,160x213,240x320,360x480,480x640,540x720,640x853,720x960,1080x1440,1280x1707,1440x1920,1920x2560&from=bu&cs=1920x0",,False,,or avner habad community center,True,False,,,,,,,,,,,,,,,
457240780,-7,-209485236,-209485236,1696500959,2023-10-05 12:15:59,58.007314,56.255308,58.00763133477656,56.255145877976155,36.55575784575359,"https://sun9-27.userapi.com/s/v1/ig2/1y29PQEcEXJaOuII9juWn87XNoqsr8ZGGjV1fUdZbxaNfnqH9_9T4jo63PlDxZvexEcC_BMuo_QoK4SxilNaYgYt.jpg?quality=95&as=32x43,48x64,72x96,108x144,160x213,240x320,360x480,480x640,540x720,640x853,720x960,1080x1440,1280x1707,1440x1920,1920x2560&from=bu&cs=1920x0",,False,,or avner habad community center,True,False,,,,,,,,,,,,,,,
457239696,292620556,-209485236,-209485236,1674889559,2023-01-28 08:05:59,58.007406,56.255823,58.00763133477656,56.255145877976155,47.106964425157685,"https://sun9-56.userapi.com/s/v1/if2/56Kz-UxlT5VWAuhvaJOb9rtgWI-YTIzArmoLBTVUhzvaXfLR35NbRmRTQmLWVm6vNKVplPldMhz9gcfESghFK4CH.jpg?quality=95&as=32x24,48x36,72x54,108x81,160x120,240x180,360x270,480x360,540x405,640x480,720x540,1080x810,1280x960,1440x1080,2560x1920&from=bu&cs=2560x0",,False,,or avner habad community center,True,False,,,,,,,,,,,,,,,
457240744,-7,-209485236,-209485236,1695298480,2023-09-21 14:14:40,58.007314,56.255308,58.00763133477656,56.255145877976155,36.55575784575359,"https://sun9-9.userapi.com/s/v1/ig2/DM7-c7ZCh4JYSlcl0Q922VUCnAEl1OpxnphAk2RKq-76zccAtMKkMgJF4luXkxH_X5fuFmciP9W2xoqbzwH2EpFs.jpg?quality=95&as=32x43,48x64,72x96,108x144,160x213,240x320,360x480,480x640,540x720,640x853,720x960,1080x1440,1280x1707,1440x1920,1920x2560&from=bu&cs=1920x0",,False,,or avner habad community center,True,False,,,,,,,,,,,,,,,
457240566,-7,-209485236,-209485236,1687364538,2023-06-21 18:22:18,58.007217,56.255889,58.00763133477656,56.255145877976155,63.55480674562671,"https://sun9-1.userapi.com/s/v1/if2/1Sg3v6Ogg3zx5gtULbAwLZm2bxms_H4g6hhQ8uVXO43tcFg1t35e8HjLvhSMqJ3tqMBOJ3NO9yq2zHo3velkwchv.jpg?quality=95&as=32x24,48x36,72x54,108x81,160x120,240x180,360x270,480x360,540x405,640x480,720x540,1080x810,1280x960,1440x1080,2560x1920&from=bu&cs=2560x0",,False,,or avner habad community center,True,False,,,,,,,,,,,,,,,
457240745,-7,-209485236,-209485236,1695298480,2023-09-21 14:14:40,58.007314,56.255308,58.00763133477656,56.255145877976155,36.55575784575359,"https://sun9-19.userapi.com/s/v1/if2/Jyrfg1uLZunTEK-IolQ_tAA9-b9Wivj-IEiiI1OGGwJKcbeTfaftQ1Bc48cMbYN5U2_nL0RHD_F-1g3FbIBSK8bg.jpg?quality=95&as=32x24,48x36,72x54,108x81,160x120,240x180,360x270,480x360,540x405,640x480,720x540,1080x810,1280x960,1440x1080,2560x1920&from=bu&cs=2560x0",,False,,or avner habad community center,True,False,,,,,,,,,,,,,,,
457239704,292620556,-209485236,-209485236,1674889601,2023-01-28 08:06:41,58.007406,56.255823,58.00763133477656,56.255145877976155,47.106964425157685,"https://sun9-4.userapi.com/s/v1/ig2/_LGa7YiWIk71Zm9KSlICux_TcurgVyO3KHcluw4eCij_6_goqIrCXnxZYJeKSyS0rnvJ0uCcK02TJQp1doHNgf_2.jpg?quality=95&as=32x43,48x64,72x96,108x144,160x213,240x320,360x480,480x640,540x720,640x853,720x960,1080x1440,1280x1707,1440x1920,1920x2560&from=bu&cs=1920x0",,False,,or avner habad community center,True,False,,,,,,,,,,,,,,,
457240247,-7,-209485236,-209485236,1678376800,2023-03-09 16:46:40,58.007217,56.255889,58.00763133477656,56.255145877976155,63.55480674562671,"https://sun9-2.userapi.com/s/v1/if2/lGQnc_wie5ZgVo1UqSWXKcImEFRv0oArkvzImXNnVLp6aTv7CBIDhlmxS9-NmlGPl_uv9vosq5VGsxWYDx0dBMdN.jpg?quality=95&as=32x24,48x36,72x54,108x81,160x120,240x180,360x270,480x360,540x405,640x480,720x540,1080x810,1280x960,1440x1080,2560x1920&from=bu&cs=2560x0",,False,,or avner habad community center,True,False,,,,,,,,,,,,,,,
457240234,-7,-209485236,-209485236,1678111290,2023-03-06 15:01:30,58.007217,56.255889,58.00763133477656,56.255145877976155,63.55480674562671,"https://sun9-70.userapi.com/s/v1/if2/6rGiSlbbKhES91MX5DO4l9kRuD6O-gTRduF_LWnqHRzP45zR5DfDXBDE3ph1SDPhqI0aesV5HqMkfHHnTRyNxskd.jpg?quality=95&as=32x24,48x36,72x54,108x81,160x120,240x180,360x270,480x360,540x405,640x480,720x540,1080x810,1280x960,1440x1080,2560x1920&from=bu&cs=2560x0",,False,,or avner habad community center,True,False,,,,,,,,,,,,,,,
457240199,292620802,-209485236,-209485236,1677122487,2023-02-23 04:21:27,58.007217,56.255889,58.00763133477656,56.255145877976155,63.55480674562671,"https://sun9-1.userapi.com/s/v1/if2/vJSsV3t7Wrnrcc-kFX1b3-7mjNIhH6wP5XOlhVFARataF60Wk2lvGjCxetOCNSJaeHk9zUupF6zEwlFuN7ditslm.jpg?quality=95&as=32x24,48x36,72x54,108x81,160x120,240x180,360x270,480x360,540x405,640x480,720x540,1080x810,1280x960,1440x1080,2560x1920&from=bu&cs=2560x0",,False,,or avner habad community center,True,False,,,,,,,,,,,,,,,
457240855,-7,-209485236,-209485236,1697773256,2023-10-20 05:40:56,58.007315,56.255823,58.00763133477656,56.255145877976155,53.183934813451145,"https://sun9-45.userapi.com/s/v1/if2/hIwR7xlP4gXhzFK31OHQWe7FDydpturJMZiLSHpJK_4wtaY2LAoN7p-qvov74iOIDhj98OwqXeoXPFHN0w6f3mmz.jpg?quality=95&as=32x24,48x36,72x54,108x81,160x120,240x180,360x270,480x360,540x405,640x480,720x540,1080x810,1280x960,1440x1080,2560x1920&from=bu&cs=2560x0",,False,,or avner habad community center,True,False,,,,,,,,,,,,,,,
457240576,-7,-209485236,-209485236,1688052192,2023-06-29 17:23:12,58.007217,56.255889,58.00763133477656,56.255145877976155,63.55480674562671,"https://sun9-66.userapi.com/s/v1/if2/rop-F5zuh7jl_LGg1LsA2AAvcj_lnV7otfH_JeXmZrT6tDArAE-jzAQJWipD3h86MQEyav8_Usw2Yp8U2SxL6gAx.jpg?quality=95&as=32x24,48x36,72x54,108x81,160x120,240x180,360x270,480x360,540x405,640x480,720x540,1080x810,1280x960,1440x1080,2560x1920&from=bu&cs=2560x0",,False,,or avner habad community center,True,False,,,,,,,,,,,,,,,
457240445,-7,-209485236,-209485236,1682609028,2023-04-27 17:23:48,58.007315,56.255823,58.00763133477656,56.255145877976155,53.183934813451145,"https://sun9-19.userapi.com/s/v1/if2/Ire55sILR-VfE64sbWXhRjQIiO78sDTE_ziqzKVdc80dDyp0k5KVeyRcsuQ1Sunja1vBosySRYg1a3wJEFfbgbZH.jpg?quality=95&as=32x24,48x36,72x54,108x81,160x120,240x180,360x270,480x360,540x405,640x480,720x540,1080x810,1280x960,1440x1080,2560x1920&from=bu&cs=2560x0",,False,,or avner habad community center,True,False,,,,,,,,,,,,,,,
457239698,292620556,-209485236,-209485236,1674889569,2023-01-28 08:06:09,58.007315,56.255995,58.00763133477656,56.255145877976155,61.15242598481541,"https://sun9-15.userapi.com/s/v1/ig2/uMz7FGKxbfAKRc4p86jI8-tn-QECgpN-vbQZj7uGsQyI5-m3uiymNdTeFor8SFMGuYlcZYO66n6K0blTLkhyz0DQ.jpg?quality=95&as=32x43,48x64,72x96,108x144,160x213,240x320,360x480,480x640,540x720,640x853,720x960,1080x1440,1280x1707,1440x1920,1920x2560&from=bu&cs=1920x0",,False,,or avner habad community center,True,False,,,,,,,,,,,,,,,
457239697,292620556,-209485236,-209485236,1674889564,2023-01-28 08:06:04,58.007406,56.255823,58.00763133477656,56.255145877976155,47.106964425157685,"https://sun9-87.userapi.com/s/v1/if2/ltJ995P4elzmqyfM1Y4Jm-djaLS1pRpNu8R_ywmMi14Bbzg2HnxWTls9OqPGxPFH3UIKee405OP3tMyz-LQz9fJQ.jpg?quality=95&as=32x24,48x36,72x54,108x81,160x120,240x180,360x270,480x360,540x405,640x480,720x540,1080x810,1280x960,1440x1080,2560x1920&from=bu&cs=2560x0",,False,,or avner habad community center,True,False,,,,,,,,,,,,,,,
457239699,292620556,-209485236,-209485236,1674889574,2023-01-28 08:06:14,58.007315,56.255995,58.00763133477656,56.255145877976155,61.15242598481541,"https://sun9-81.userapi.com/s/v1/ig2/M0an0z2elozXDOS8Te9nxUsjLz-1PwgbPhNsGNF35uEBjdzXFN0OXLSnZU9JawDWl8HDMVonlK2ycvBCrEPt-IhH.jpg?quality=95&as=32x43,48x64,72x96,108x144,160x213,240x320,360x480,480x640,540x720,640x853,720x960,1080x1440,1280x1707,1440x1920,1920x2560&from=bu&cs=1920x0",,False,,or avner habad community center,True,False,,,,,,,,,,,,,,,
457240444,-7,-209485236,-209485236,1682609028,2023-04-27 17:23:48,58.007217,56.255889,58.00763133477656,56.255145877976155,63.55480674562671,"https://sun9-59.userapi.com/s/v1/if2/7SCuUXLJJQr08H0-DUEbRF9Wccz0JmKcsW9MSxrdYq-t0AD_i2D6vKiX-hIWHfOAEnRl2QD5N7rstA44g9ZYExjc.jpg?quality=95&as=32x24,48x36,72x54,108x81,160x120,240x180,360x270,480x360,540x405,640x480,720x540,1080x810,1280x960,1440x1080,2560x1920&from=bu&cs=2560x0",,False,,or avner habad community center,True,False,,,,,,,,,,,,,,,
457239714,292620556,-209485236,-209485236,1674889657,2023-01-28 08:07:37,58.007406,56.255823,58.00763133477656,56.255145877976155,47.106964425157685,"https://sun9-62.userapi.com/s/v1/ig2/c--GoYmPfs1wyoHchN5i0IOCqr7NQSnqwGQEdGyvV7AOMp-FTrYGqQWf_fBwLslOR_v00hW8NCyJSDCSBrlVHKhN.jpg?quality=95&as=32x43,48x64,72x96,108x144,160x213,240x320,360x480,480x640,540x720,640x853,720x960,1080x1440,1280x1707,1440x1920,1920x2560&from=bu&cs=1920x0",,False,,or avner habad community center,True,False,,,,,,,,,,,,,,,
457240876,-7,-209485236,-209485236,1698853671,2023-11-01 16:47:51,58.007217,56.255889,58.00763133477656,56.255145877976155,63.55480674562671,"https://sun9-82.userapi.com/s/v1/if2/_usOm5YOqaALjGjfPFMWgBNC9Z8GvW0QQMWAWQAxypazqxSo9Ibi2GpmLA7N4jp4P7xyajAgGUTapTNn_CcdAruN.jpg?quality=95&as=32x24,48x36,72x54,108x81,160x120,240x180,360x270,480x360,540x405,640x480,720x540,1080x810,1280x960,1440x1080,2560x1920&from=bu&cs=2560x0",,False,,or avner habad community center,True,False,,,,,,,,,,,,,,,
457240885,-7,-208987945,-208987945,1721302589,2024-07-18 13:36:29,58.007799,56.234293,58.00819896273859,56.23476395501453,52.41830941546784,"https://sun9-47.userapi.com/s/v1/ig2/zxJD1AvIp5m27ldamh_JKJfdnUBOSF3q08kEHMR3-JjXHO40fLXRYgtIBjoU72VlDgNq0UqknmwLhMQAE_mkgxe-.jpg?quality=95&as=32x40,48x60,72x90,108x135,160x200,240x300,360x450,480x600,540x675,640x800,720x900,1080x1349,1280x1599,1440x1799,2049x2560&from=bu&cs=2049x0",,False,,synagogue,True,False,,,,,,,,,,,,,,,
457256188,-7,-201309330,-201309330,1654773414,2022-06-09 13:16:54,58.007912,56.235297,58.00819896273859,56.23476395501453,44.76910842408243,"https://sun9-79.userapi.com/s/v1/ig2/Z_11qCjrUyH3kyJgjiWH1xz84z09O_7RaolN3Cn5gXkwSgU76FSRQNKWBE9TmddvPnTLB0ng_BXXmL4DD1gqddo7.jpg?quality=95&as=32x43,48x64,72x96,108x144,160x213,240x320,360x480,480x640,540x720,640x853,720x960,1080x1440,1280x1707,1440x1920&from=bu&cs=1440x0",,False,,synagogue,True,False,,,,,,,,,,,,,,,
457256101,-7,-201309330,-201309330,1654514776,2022-06-06 13:26:16,58.007821,56.235297,58.00819896273859,56.23476395501453,52.46349254372161,"https://sun9-25.userapi.com/s/v1/ig2/wh73MRwyRuga9yjEAMxHz12Qg4gsmgaO80OEDwEbFiE_dhl8-SrGFnbLbBdpr0G-R3ab09zDWtG5huf4US56fLuI.jpg?quality=95&as=32x43,48x64,72x96,108x144,160x213,240x320,360x480,480x640,540x720,640x853,720x960,1080x1440,1280x1707,1440x1920&from=bu&cs=1440x0",,False,,synagogue,True,False,,,,,,,,,,,,,,,
457240055,-7,-199522335,-199522335,1622723336,2021-06-03 14:28:56,58.007427,56.255968,58.00763133477656,56.255145877976155,53.4974763029751,"https://sun9-25.userapi.com/s/v1/ig2/OsY62XBlWp3S_n_PjZH0EdR90frnwT0S7_kUNpFMWnnHRtQ0H5KPd5VUltWN69opJth2nYhzwlhRnoWphOls95Ht.jpg?quality=96&as=32x68,48x103,72x154,108x231,160x342,240x513,360x770,480x1027,540x1155,640x1369,720x1540,748x1600&from=bu&cs=748x0",,False,,or avner habad community center,True,False,,,,,,,,,,,,,,,
457240061,-7,-199522335,-199522335,1622826626,2021-06-04 19:10:26,58.007462,56.255809,58.00763133477656,56.255145877976155,43.36672996732724,"https://sun9-56.userapi.com/s/v1/if2/h9LBHKJ_WszmRV9rgMfIR-HL-zFjHarL2HDh-5FcQzHwJOCT5vJWLg5z01zgwFfk3cnl0RG4wcsqsmGT6L2vNke0.jpg?quality=96&as=32x15,48x22,72x34,108x50,160x75,240x112,360x168,480x224,540x252,640x299,720x337,1080x505,1280x598,1440x673,1600x748&from=bu&cs=1600x0",,False,,or avner habad community center,True,False,,,,,,,,,,,,,,,
457240056,-7,-199522335,-199522335,1622723336,2021-06-03 14:28:56,58.007406,56.255823,58.00763133477656,56.255145877976155,47.106964425157685,"https://sun9-15.userapi.com/s/v1/if2/VXai8K9mlIYkHCnljN0KcrxwIK_8FPK6ZOVxSfq3QIIZKjv5UqZwAyuZUWsrNdTraPT5Zhz89gD505CpeYb-RlQl.jpg?quality=96&as=32x15,48x22,72x34,108x50,160x75,240x112,360x168,480x224,540x252,640x299,720x337,1080x505,1280x598,1440x673,1600x748&from=bu&cs=1600x0",,False,,or avner habad community center,True,False,,,,,,,,,,,,,,,
457240062,-7,-199522335,-199522335,1622826626,2021-06-04 19:10:26,58.007322,56.255757,58.00763133477656,56.255145877976155,49.79248770914125,"https://sun9-9.userapi.com/s/v1/if2/fNpmorkcPIvRONZgouhBCj0T3MjP5LwsXgZFZs_w5EQ8IOAI-9Z3jE9pQFwvd_uuSoRx5kXn0e9gSozSOm-khMRF.jpg?quality=96&as=32x15,48x22,72x34,108x50,160x75,240x112,360x168,480x224,540x252,640x299,720x337,1080x505,1280x598,1440x673,1600x748&from=bu&cs=1600x0",,False,,or avner habad community center,True,False,,,,,,,,,,,,,,,
457240059,-7,-199522335,-199522335,1622826626,2021-06-04 19:10:26,58.007343,56.25573,58.00763133477656,56.255145877976155,47.03300183316054,"https://sun9-60.userapi.com/s/v1/if2/7Rz2aSokvgVP4qEHJtRcrf__8uQjqtrNdWqEcsN-LNUVSHMkSk_r587EdtYqQlDOsxCQxF3rXxHn067AaoF_Be4E.jpg?quality=96&as=32x15,48x22,72x34,108x50,160x75,240x112,360x168,480x224,540x252,640x299,720x337,1080x505,1280x598,1440x673,1600x748&from=bu&cs=1600x0",,False,,or avner habad community center,True,False,,,,,,,,,,,,,,,
457240057,-7,-199522335,-199522335,1622723336,2021-06-03 14:28:56,58.007385,56.255849,58.00763133477656,56.255145877976155,49.65968373632103,"https://sun9-5.userapi.com/s/v1/ig2/vmNMUTu2dswCrewaqofVBZtiBHzmDjNrms_J0dNYZAhJoKbceY-Hs5HCtpZSYaCcisOjVNWl0rrUvIVt4EiSGlRI.jpg?quality=96&as=32x69,48x103,72x155,108x232,160x344,240x515,360x773,480x1031,540x1160,640x1374,720x1546,745x1600&from=bu&cs=745x0",,False,,or avner habad community center,True,False,,,,,,,,,,,,,,,
457240054,-7,-199522335,-199522335,1622723336,2021-06-03 14:28:56,58.007343,56.256074,58.00763133477656,56.255145877976155,63.3842556879599,"https://sun9-25.userapi.com/s/v1/ig2/SjiJkIeQoAPQnY8gV2v_pnkRCkcEgZjCkEZSEq9X_P98lMCeIaMzGyZwAcbhTLkViiuADswNYQI1Dg3B2PpIwh9m.jpg?quality=96&as=32x43,48x64,72x96,108x144,160x213,240x320,360x480,480x640,540x720,640x853,720x960,1080x1440,1200x1600&from=bu&cs=1200x0",,False,,or avner habad community center,True,False,,,,,,,,,,,,,,,
457240063,-7,-199522335,-199522335,1622826626,2021-06-04 19:10:26,58.007448,56.25577,58.00763133477656,56.255145877976155,42.04149724399425,"https://sun9-17.userapi.com/s/v1/if2/Dn86P3iGCUGuSLtKOTsVOlFG_XU-te2GCHUimd1dcMNk61ERpvPPJRqiDb4P2rJVEzXE0ct78JrcVp2lyzUjID9a.jpg?quality=96&as=32x15,48x22,72x34,108x50,160x75,240x112,360x168,480x224,540x252,640x299,720x337,1080x505,1280x598,1440x673,1600x748&from=bu&cs=1600x0",,False,,or avner habad community center,True,False,,,,,,,,,,,,,,,
457240098,-7,-199296109,-199296109,1669034674,2022-11-21 13:44:34,58.008044,56.234728,58.00819896273859,56.23476395501453,17.360769632581672,"https://sun9-74.userapi.com/s/v1/ig2/hbju1fFx_BoGbrq-HMHi3TUy4686UwAmLsUNwh3IEBbonWWvFJspzGu6hvI8DJZTGQlzhghJwwESylQcpxcFSple.jpg?quality=96&as=32x43,48x64,72x96,108x144,160x213,240x320,360x480,480x640,540x720,640x853,720x960,1080x1440,1280x1707,1440x1920,1620x2160&from=bu&cs=1620x0",,False,,synagogue,True,True,,,,,,,,,,,,,,,
457240121,-7,-199296109,-199296109,1675669399,2023-02-06 08:43:19,58.008009,56.234715,58.00819896273859,56.23476395501453,21.318864649046265,"https://sun9-67.userapi.com/s/v1/if2/WUPtJPVyZ8nP6KmTah6Y2AoAN6JmjdTtF-gsf_owKMQhYLWzhhQdVSFPtvsDcxAsQ1RJr3BP6bR8CaPzhUf181JN.jpg?quality=95&as=32x24,48x36,72x54,108x81,160x120,240x180,360x270,480x360,540x405,640x480,720x540,1080x810,1280x960,1440x1080,2560x1920&from=bu&cs=2560x0",,False,261.0,synagogue,True,True,,,,,,,,,,,,,,,
457240099,-7,-199296109,-199296109,1669034674,2022-11-21 13:44:34,58.008009,56.234543,58.00819896273859,56.23476395501453,24.81150043284734,"https://sun9-13.userapi.com/s/v1/ig2/a7VCf7QtiLSHMR3H-q0iy6-Ut9hDrvP_e0IAOBDzMDG1hA-uFsGfwXNv2039uSI5LkON5XbdfyBgUJhAGp4AQ6Lm.jpg?quality=96&as=32x32,48x48,72x72,108x108,160x160,240x240,360x360,480x480,540x540,640x640,720x720,1080x1080,1280x1280,1440x1440,2160x2160&from=bu&cs=2160x0",,False,,synagogue,True,False,,,,,,,,,,,,,,,
457240100,-7,-199296109,-199296109,1669034674,2022-11-21 13:44:34,58.008023,56.234755,58.00819896273859,56.23476395501453,19.57327448011636,"https://sun9-25.userapi.com/s/v1/ig2/4OgCCTnriz78Yat5wYzYRv-Hq7_rF_CmSKqHahPCQacaFqJ6eLvX7dC5k6XmfGlDQbA8PBV7Or5fbyHQ300QaJcj.jpg?quality=96&as=32x43,48x64,72x96,108x144,160x213,240x320,360x480,480x640,540x720,640x853,720x960,1080x1440,1280x1707,1440x1920,1620x2160&from=bu&cs=1620x0",,False,,synagogue,True,True,,,,,,,,,,,,,,,
457240101,-7,-199296109,-199296109,1669034674,2022-11-21 13:44:34,58.007981,56.234636,58.00819896273859,56.23476395501453,25.38151967404469,"https://sun9-54.userapi.com/s/v1/ig2/XW7AUUMRHcNWjZHHBUN_W6HypxJ5d3NzN9mJm7YjKKgIl-NLq6gyOkvMyNQJcMH95yktfAUvkB0n-G6py7cWuPF5.jpg?quality=96&as=32x43,48x64,72x96,108x144,160x213,240x320,360x480,480x640,540x720,640x853,720x960,1080x1440,1280x1707,1440x1920,1620x2160&from=bu&cs=1620x0",,False,,synagogue,True,False,,,,,,,,,,,,,,,
457239067,-7,-199091530,-199091530,1682944678,2023-05-01 14:37:58,58.007911,56.235125,58.00819896273859,56.23476395501453,38.44052309171016,"https://sun9-80.userapi.com/s/v1/ig2/oV0P_6aqOrqI4AiwQd-QZzwRIKrr1drHA1CyJKa8EuK-briBPAWdgqCfdAD6Q36e9pkcQ05fC4NN3UWHXXwT6FrS.jpg?quality=95&as=32x43,48x64,72x96,108x144,160x213,240x320,360x480,480x640,540x720,640x853,720x960,1080x1440,1280x1707,1440x1920,1920x2560&from=bu&cs=1920x0",,False,,synagogue,True,False,,,,,,,,,,,,,,,
457239023,-6,-195562687,-195562687,1595026446,2020-07-18 00:54:06,58.007736,56.234201,58.00819896273859,56.23476395501453,61.23702930465642,"https://sun9-35.userapi.com/s/v1/ig1/GPXITOwg6V94Ac2gDn6QvfIgFOsl6E-HAu73W0xXWw1lzNMM3Mum4a3YEaBWbZpyrZvwtc8O.jpg?quality=96&as=32x32,48x48,72x72,108x109,160x161,240x241,360x362,480x483,540x543,640x644,720x724,1080x1087,1280x1288,1440x1449,2147x2160&from=bu&cs=2147x0",,False,8.0,synagogue,True,False,,,,,,,,,,,,,,,
457240400,-7,-194619161,-194619161,1653824396,2022-05-29 13:39:56,58.007729,56.23461,58.00819896273859,56.23476395501453,53.038688480875976,"https://sun9-78.userapi.com/s/v1/ig2/eNUWUB9g7L82OuOxHtjQF292WkVNLWDYLDWUl_MZtTJwUoRwHSpoYiBpOgBLPpSKaM1LYzhtsSkOv7ArrbIcryI1.jpg?quality=96&as=32x43,48x64,72x96,108x144,160x213,240x320,360x480,480x640,540x721,640x854,720x961,1080x1441,1280x1708,1388x1852&from=bu&cs=1388x0",,False,,synagogue,True,False,,,,,,,,,,,,,,,
457242745,-7,-194619161,-194619161,1680007834,2023-03-28 14:50:34,58.007799,56.234808,58.00819896273859,56.23476395501453,44.54945572405847,"https://sun9-51.userapi.com/s/v1/ig2/8PiFti314CmaTugCGVXrLOpAltoZyAuhJhR753qG8RZ_Chx7qKLre-t4vZOY9kcXAL_0geHmmFedxTaRh-_kXE1i.jpg?quality=95&as=32x43,48x64,72x96,108x144,160x213,240x320,360x480,480x640,540x720,640x853,720x960,1080x1440,1280x1707,1440x1920,1920x2560&from=bu&cs=1920x0",,False,,synagogue,True,False,,,,,,,,,,,,,,,
457240686,-7,-194619161,-194619161,1657969385,2022-07-16 13:03:05,58.007702,56.235906,58.00819896273859,56.23476395501453,87.06401057124822,"https://sun9-59.userapi.com/s/v1/ig2/-NfU1kYUmCvMJNdilczY8UCVGfT2PnltuOnmWGc_7CXtJLdm6csfEXl27d1wXo8UBsBZKzht4adV345J2pRYMDf2.jpg?quality=95&as=32x43,48x64,72x96,108x144,160x213,240x320,360x480,480x640,540x721,640x854,720x961,1080x1441,1280x1708,1388x1852&from=bu&cs=1388x0",,False,,synagogue,True,False,,,,,,,,,,,,,,,
457245709,-7,-194619161,-194619161,1730360510,2024-10-31 08:41:50,58.007912,56.235984,58.00819896273859,56.23476395501453,78.63883718955343,"https://sun9-58.userapi.com/s/v1/ig2/Dzwwo5Ko5WQNCSWf1PRKR38y1AuIhgPlo5zrP9Vw6A3g5H-FoMIaBgO9DxANaNgRb3uKQ2QvVawaUzuMiCPkbAkW.jpg?quality=95&as=32x43,48x64,72x96,108x144,160x213,240x320,360x480,480x640,540x720,640x853,720x960,1080x1440,1280x1707,1440x1920,1920x2560&from=bu&cs=1920x0",,False,,synagogue,True,False,,,,,,,,,,,,,,,
457240360,-7,-194619161,-194619161,1652857444,2022-05-18 09:04:04,58.007842,56.235443,58.00819896273859,56.23476395501453,56.3538374152652,"https://sun9-24.userapi.com/s/v1/ig2/cGDj3ug9E2Pa-sMlFYtFHgWiluMT7ZyVrB0Rd8v4wvUvlQpsrK9xoUAcP9lk9KR3JPCBgVZyGFlFyFLTNfdMHVZ7.jpg?quality=96&as=32x43,48x64,72x96,108x144,160x213,240x320,360x480,480x640,540x721,640x854,720x961,1080x1441,1280x1708,1388x1852&from=bu&cs=1388x0",,False,,synagogue,True,False,,,,,,,,,,,,,,,
457240584,-7,-194619161,-194619161,1656403091,2022-06-28 09:58:11,58.00782,56.23461,58.00819896273859,56.23476395501453,43.10373252508328,"https://sun9-6.userapi.com/s/v1/ig2/OUxPAJjoD7bILM3sLEfxlMh3AVbYWubDhABU20eP3aI6zMv3CCWmAs8qbdxhWq3BCjvXjj_N0QYcnAYQqvx7-Mos.jpg?quality=95&as=32x43,48x64,72x96,108x144,160x213,240x320,360x480,480x640,540x721,640x854,720x961,1080x1441,1280x1708,1388x1852&from=bu&cs=1388x0",,False,,synagogue,True,False,,,,,,,,,,,,,,,
457244945,302992630,-194619161,-194619161,1716100396,2024-05-19 08:33:16,58.007813,56.23502,58.00819896273859,56.23476395501453,45.490675569552515,"https://sun9-8.userapi.com/s/v1/ig2/qqmjLuiNm9VMTSsefodlQNfneOTPDSiKdsODKeu02h9znl2weqDoYSWZEdNO2Z2OddRIZaxgZ6ALRbrYpg0f3ZWo.jpg?quality=95&as=32x43,48x64,72x96,108x144,160x213,240x320,360x480,480x640,540x720,640x853,720x960,1080x1440,1280x1707,1440x1920,1920x2560&from=bu&cs=1920x0",,False,,synagogue,True,False,,,,,,,,,,,,,,,
457241240,-7,-194619161,-194619161,1663861610,2022-09-22 17:46:50,58.007813,56.23502,58.00819896273859,56.23476395501453,45.490675569552515,"https://sun9-52.userapi.com/s/v1/ig2/e4kPyN_v2MTI3o_qYjXE88un6Bq9tByIBUiobApa_0Aa-G_xmdd51V5_kdZ88w0JjyCIsNfE9j_t5IbRMHtYWxTJ.jpg?quality=95&as=32x43,48x64,72x96,108x144,160x213,240x320,360x480,480x640,540x721,640x854,720x961,1080x1441,1280x1708,1388x1852&from=bu&cs=1388x0",,False,,synagogue,True,False,,,,,,,,,,,,,,,
457243442,-7,-194619161,-194619161,1690796106,2023-07-31 11:35:06,58.007617,56.234293,58.00819896273859,56.23476395501453,70.40819997247725,"https://sun9-62.userapi.com/s/v1/ig2/QsZocco9U_gmToQxcJBZbALAlFbEmU03Cxmq0dpKK2rqW4QeZO5oTiwIgdoNcfDeuuv8d5UuyxHu9OpyMiItz6R3.jpg?quality=95&as=32x43,48x64,72x96,108x144,160x213,240x320,360x480,480x640,540x720,640x853,720x960,1080x1440,1280x1707,1440x1920,1920x2560&from=bu&cs=1920x0",,False,,synagogue,True,False,,,,,,,,,,,,,,,
457242644,-7,-194619161,-194619161,1678088801,2023-03-06 08:46:41,58.007694,56.234597,58.00819896273859,56.23476395501453,57.00421853451046,"https://sun9-49.userapi.com/s/v1/ig2/URT3G3uXOaKo1fJC_kmicZQBbnCmjXim_iR8txh_ME1PexEJ5naYvWYT33hr81oIgTatObyWw0blj_MVP3rbg_-5.jpg?quality=95&as=32x43,48x64,72x96,108x144,160x213,240x320,360x480,480x640,540x720,640x853,720x960,1080x1440,1280x1707,1440x1920,1920x2560&from=bu&cs=1920x0",,False,,synagogue,True,False,,,,,,,,,,,,,,,
457242479,-7,-194619161,-194619161,1675753334,2023-02-07 08:02:14,58.007694,56.234597,58.00819896273859,56.23476395501453,57.00421853451046,"https://sun9-40.userapi.com/s/v1/ig2/cln-LyufZRE48i_yNhNeG2qaPGUC1-ClBluGCg0BF064ga39-afgpwli5O2n9xOxDOJLOlnjDyONAqUxxmu2eP9I.jpg?quality=95&as=32x43,48x64,72x96,108x144,160x213,240x320,360x480,480x640,540x720,640x853,720x960,1080x1440,1280x1707,1440x1920,1920x2560&from=bu&cs=1920x0",,False,,synagogue,True,False,,,,,,,,,,,,,,,
457242645,-7,-194619161,-194619161,1678088801,2023-03-06 08:46:41,58.007694,56.234597,58.00819896273859,56.23476395501453,57.00421853451046,"https://sun9-64.userapi.com/s/v1/ig2/FuRN7upVbAoheEiLWcm_Bu5JpcDv7dMVkodg_L1LxKQTmgLNHf-VU_DD2kJgo5SKNNCPF_x8Z3FzTku-QysgDD1v.jpg?quality=95&as=32x43,48x64,72x96,108x144,160x213,240x320,360x480,480x640,540x720,640x853,720x960,1080x1440,1280x1707,1440x1920,1920x2560&from=bu&cs=1920x0",,False,,synagogue,True,False,,,,,,,,,,,,,,,
457242631,-7,-194619161,-194619161,1677995142,2023-03-05 06:45:42,58.007813,56.23502,58.00819896273859,56.23476395501453,45.490675569552515,"https://sun9-88.userapi.com/s/v1/ig2/hhAzfoH5DqElG4wYUuCRnJWO043nM_qGOor655y5S8IC3kqdpY6fVmg5XIvwIFfovlb_OYhlVnRjFnHGOOE0flKg.jpg?quality=95&as=32x43,48x64,72x96,108x144,160x213,240x320,360x480,480x640,540x720,640x853,720x960,1080x1440,1280x1707,1440x1920,1920x2560&from=bu&cs=1920x0",,False,,synagogue,True,False,,,,,,,,,,,,,,,
457240344,-7,-194619161,-194619161,1652603955,2022-05-15 10:39:15,58.007757,56.234861,58.00819896273859,56.23476395501453,49.47543482571901,"https://sun9-39.userapi.com/s/v1/ig2/HQL7OWT87fMS7z4gCceC8IDRiM7g8Ft6z_bUCu6_xEwkeqE2Qzv2-eRKVVcW8in30pZB2SQrCzHOpGAXuY61TDTC.jpg?quality=96&as=32x43,48x64,72x96,108x144,160x213,240x320,360x480,480x640,540x721,640x854,720x961,1080x1441,1280x1708,1388x1852&from=bu&cs=1388x0",,False,,synagogue,True,False,,,,,,,,,,,,,,,
457240786,-7,-194619161,-194619161,1659559024,2022-08-03 22:37:04,58.007813,56.234676,58.00819896273859,56.23476395501453,43.22875901210856,"https://sun9-79.userapi.com/s/v1/ig2/_kj3pCkso3H0WF6CUqee6LlUa4kbk4MJ88gU7BJVJJC3SZfwRH3ntPNbJfKTm7WQKRxCYOmgMdagLLqD3jKI-koN.jpg?quality=95&as=32x43,48x64,72x96,108x144,160x213,240x320,360x480,480x640,540x721,640x854,720x961,1080x1441,1280x1708,1388x1852&from=bu&cs=1388x0",,False,,synagogue,True,False,,,,,,,,,,,,,,,
457242639,-7,-194619161,-194619161,1677995142,2023-03-05 06:45:42,58.007701,56.234703,58.00819896273859,56.23476395501453,55.48724836944938,"https://sun9-16.userapi.com/s/v1/ig2/s2t7kPBGwIpfMzvc5Rwby7gLG2pGP7-E1n1rqAsWPSXY6HQrEk436uMTfUyNf1BH9p4RqUZ92XfAV-mXkBdJAzeH.jpg?quality=95&as=32x43,48x64,72x96,108x144,160x213,240x320,360x480,480x640,540x720,640x853,720x960,1080x1440,1280x1707,1440x1920,1920x2560&from=bu&cs=1920x0",,False,,synagogue,True,False,,,,,,,,,,,,,,,
457240152,-7,-194619161,-194619161,1650866205,2022-04-25 07:56:45,58.007842,56.235443,58.00819896273859,56.23476395501453,56.3538374152652,"https://sun9-78.userapi.com/s/v1/ig2/CX17L_9m2ExDgx2ytBAZXVChgWQpRxUV3Edjsv1YY7SOL7nnMuCLQwYME6yPsHgA2br7bKv0SvOU1yTIL3U0-Xeh.jpg?quality=96&as=32x43,48x64,72x96,108x144,160x213,240x320,360x480,480x640,540x721,640x854,720x961,1080x1441,1280x1708,1388x1852&from=bu&cs=1388x0",,False,,synagogue,True,False,,,,,,,,,,,,,,,
457242410,-7,-194619161,-194619161,1675062402,2023-01-30 08:06:42,58.007716,56.235602,58.00819896273859,56.23476395501453,72.9481739764952,"https://sun9-83.userapi.com/s/v1/ig2/ExYc4lvrFKCC3jQdo-L9EMKt2bYzoKJFt3rlGMnFiFuwsV3hxrVnI6RuSiZ5krzjufSEqlMCkMchEFBPsNoYwLcD.jpg?quality=95&as=32x43,48x64,72x96,108x144,160x213,240x320,360x480,480x640,540x720,640x853,720x960,1080x1440,1280x1707,1440x1920,1920x2560&from=bu&cs=1920x0",,False,,synagogue,True,False,,,,,,,,,,,,,,,
457240153,-7,-194619161,-194619161,1650866205,2022-04-25 07:56:45,58.007842,56.235443,58.00819896273859,56.23476395501453,56.3538374152652,"https://sun9-61.userapi.com/s/v1/ig2/u5op8UNUN4VdfegeELlD6r3AkWF6df1y4S482RsK1kn9ZPFTpDIXh31qgbPAN0XNfbU-yb9m9O3ojEogtpWZAmq7.jpg?quality=96&as=32x43,48x64,72x96,108x144,160x213,240x320,360x480,480x640,540x721,640x854,720x961,1080x1441,1280x1708,1388x1852&from=bu&cs=1388x0",,False,,synagogue,True,False,,,,,,,,,,,,,,,
457239520,-7,-194619161,-194619161,1647026661,2022-03-11 20:24:21,58.007842,56.235443,58.00819896273859,56.23476395501453,56.3538374152652,"https://sun9-81.userapi.com/s/v1/ig2/D4fDctfjq0AM93jm_UA5U-nJ4c2D9Gq6nUIINn8b6ZKDFLekWZ0AdjDykg7PoxiuefiVooFIKias5APqchL9PKi0.jpg?quality=96&as=32x43,48x64,72x96,108x144,160x213,240x320,360x480,480x640,540x721,640x854,720x961,1080x1441,1280x1708,1388x1852&from=bu&cs=1388x0",,False,,synagogue,True,False,,,,,,,,,,,,,,,
457242636,-7,-194619161,-194619161,1677995142,2023-03-05 06:45:42,58.007708,56.234809,58.00819896273859,56.23476395501453,54.65702261040432,"https://sun9-6.userapi.com/s/v1/ig2/0BMluwbtXM7KcAXPGm4wmVriqBh738rnngx_a1Za9BtPyLRuPCrZNqrOUX0EwrKimd2sWIhZ7OY1BpDZLIy22Ce1.jpg?quality=95&as=32x43,48x64,72x96,108x144,160x213,240x320,360x480,480x640,540x720,640x853,720x960,1080x1440,1280x1707,1440x1920,1920x2560&from=bu&cs=1920x0",,False,,synagogue,True,False,,,,,,,,,,,,,,,
457240159,-7,-194619161,-194619161,1650866267,2022-04-25 07:57:47,58.007842,56.235443,58.00819896273859,56.23476395501453,56.3538374152652,"https://sun9-68.userapi.com/s/v1/ig2/URPx3NZT50UukthvB1gBIpXxqGFLy_q9Emmg6l9SRmcgUu0BCOKKtdOzaN4AQ6Xc4tOyDHpGaaAUS88-CKercr3m.jpg?quality=96&as=32x43,48x64,72x96,108x144,160x213,240x320,360x480,480x640,540x721,640x854,720x961,1080x1441,1280x1708,1388x1852&from=bu&cs=1388x0",,False,,synagogue,True,False,,,,,,,,,,,,,,,
457240580,-7,-194619161,-194619161,1656403091,2022-06-28 09:58:11,58.00782,56.23461,58.00819896273859,56.23476395501453,43.10373252508328,"https://sun9-58.userapi.com/s/v1/ig2/1wwpGxbxGWizv0FwZR8TYUVoJfkFUxXr8V9tmo0T8_BZDKfvIabsXruvb26PuMqOenyE-4vWWywdkk8VdnyJmBf4.jpg?quality=95&as=32x43,48x65,72x97,108x145,160x215,240x323,360x485,480x646,540x727,640x861,720x969,1080x1454,1280x1723,1376x1852&from=bu&cs=1376x0",,False,,synagogue,True,False,,,,,,,,,,,,,,,
457239794,-7,-194619161,-194619161,1647935039,2022-03-22 08:43:59,58.007842,56.235443,58.00819896273859,56.23476395501453,56.3538374152652,"https://sun9-17.userapi.com/s/v1/ig2/0eFhY6oxwtP3WsISFJkTgE0hp6SXrTk3t_TDkrq_0x33V4Iv-OV_FZ5XCHdWTIne6YFonNU56BZtk95kZw3faDUP.jpg?quality=96&as=32x43,48x64,72x96,108x144,160x213,240x320,360x480,480x640,540x721,640x854,720x961,1080x1441,1280x1708,1388x1852&from=bu&cs=1388x0",,False,,synagogue,True,False,,,,,,,,,,,,,,,
457240140,-7,-194619161,-194619161,1650602939,2022-04-22 06:48:59,58.007842,56.235443,58.00819896273859,56.23476395501453,56.3538374152652,"https://sun9-38.userapi.com/s/v1/ig2/BqRTy6_xt63Jgs2FGZw9P6uWi6SPssUdWLdAEoCuYCmgX5RtQZKc87NeAlo2kayluIhw6YxIseDBglZxSbQb_QNt.jpg?quality=96&as=32x43,48x64,72x96,108x144,160x213,240x320,360x480,480x640,540x721,640x854,720x961,1080x1441,1280x1708,1388x1852&from=bu&cs=1388x0",,False,,synagogue,True,False,,,,,,,,,,,,,,,
457239793,-7,-194619161,-194619161,1647935039,2022-03-22 08:43:59,58.007842,56.235443,58.00819896273859,56.23476395501453,56.3538374152652,"https://sun9-15.userapi.com/s/v1/ig2/Q4TmwySPn7Fjsg9kx9uizCleSm6zwqkECTKNHI4wCoRiTYJXwCquP4yURmYduIV9zfg7sN7rEHlJXO3EQT463Xe2.jpg?quality=96&as=32x43,48x64,72x96,108x144,160x213,240x320,360x480,480x640,540x721,640x854,720x961,1080x1441,1280x1708,1388x1852&from=bu&cs=1388x0",,False,,synagogue,True,False,,,,,,,,,,,,,,,
457241268,-7,-194619161,-194619161,1664693987,2022-10-02 08:59:47,58.007722,56.234505,58.00819896273859,56.23476395501453,55.186284082187015,"https://sun9-55.userapi.com/s/v1/ig2/ty1kKVGMG1mABxpY41dkvFbyMcS_rHRIqp8OaRjXb93E30dPP0WcI0m1hguNJZdRfYgEcE0g4jG9Pe1fbyFJoLzr.jpg?quality=95&as=32x43,48x64,72x96,108x144,160x213,240x320,360x480,480x640,540x721,640x854,720x961,1080x1441,1280x1708,1388x1852&from=bu&cs=1388x0",,False,,synagogue,True,False,,,,,,,,,,,,,,,
457245762,-7,-194619161,-194619161,1731139339,2024-11-09 09:02:19,58.007799,56.234808,58.00819896273859,56.23476395501453,44.54945572405847,"https://sun9-77.userapi.com/s/v1/ig2/Aoq7eDC9qGJjVw2iNEkg3V3AyB5smaUkalSUvGOCm2GL2YXRVEmc4wqxEIAZ_US0Ajj-awMBcU_vFB_tR-Q2BB2L.jpg?quality=95&as=32x43,48x64,72x96,108x144,160x213,240x320,360x480,480x640,540x720,640x853,720x960,1080x1440,1280x1707,1440x1920,1920x2560&from=bu&cs=1920x0",,False,,synagogue,True,False,,,,,,,,,,,,,,,
457245779,-7,-194619161,-194619161,1731574557,2024-11-14 09:55:57,58.007806,56.234914,58.00819896273859,56.23476395501453,44.580569031556806,"https://sun9-23.userapi.com/s/v1/ig2/82LQWKBLKgZEIAqYDT3HoyqBHcplMkAzgZU94-BIdhRCyeDZpPUUPu8I9Ou5f_ZT7RGy6kS59eC5z6YRZMRSj9yj.jpg?quality=95&as=32x43,48x64,72x96,108x144,160x213,240x320,360x480,480x640,540x720,640x853,720x960,1080x1440,1280x1707,1440x1920,1920x2560&from=bu&cs=1920x0",,False,,synagogue,True,False,,,,,,,,,,,,,,,
457244991,-7,-194619161,-194619161,1716537394,2024-05-24 09:56:34,58.007919,56.235918,58.00819896273859,56.23476395501453,74.77435095139248,"https://sun9-37.userapi.com/s/v1/ig2/Q8WUJ9NQSEbWW9iPuvTBdTUbxlhg7ZaTQRkrcdhn2w-TS9LCg-cXsQNtpDnndh1oFbBaTFaFShCURdYyRTmuxj-o.jpg?quality=95&as=32x43,48x64,72x96,108x144,160x213,240x320,360x480,480x640,540x720,640x853,720x960,1080x1440,1280x1707,1440x1920,1920x2560&from=bu&cs=1920x0",,False,,synagogue,True,False,,,,,,,,,,,,,,,
457242777,-7,-194619161,-194619161,1680507766,2023-04-03 09:42:46,58.007702,56.235906,58.00819896273859,56.23476395501453,87.06401057124822,"https://sun9-56.userapi.com/s/v1/ig2/KsUmZl856o_ogGv_Zk76W5pUOAkjp_JvyENdgVie7x58FxbAek-J2yf7-RGKC8wpcNt3TfVbJ4FlxcrXFpzkPq1q.jpg?quality=95&as=32x43,48x64,72x96,108x144,160x213,240x320,360x480,480x640,540x720,640x853,720x960,1080x1440,1280x1707,1440x1920,1920x2560&from=bu&cs=1920x0",,False,,synagogue,True,False,,,,,,,,,,,,,,,
457239795,-7,-194619161,-194619161,1647935039,2022-03-22 08:43:59,58.007842,56.235443,58.00819896273859,56.23476395501453,56.3538374152652,"https://sun9-43.userapi.com/s/v1/ig2/eW_tNAYpby3bweOPu33xxFKZlb4SHQhNgGZCvY6AVA3lX0lweOdAeH8zJ89CAwrk__Db86Tw1f5SreaFvNJABpob.jpg?quality=96&as=32x43,48x64,72x96,108x144,160x213,240x320,360x480,480x640,540x721,640x854,720x961,1080x1441,1280x1708,1388x1852&from=bu&cs=1388x0",,False,,synagogue,True,False,,,,,,,,,,,,,,,
457242643,-7,-194619161,-194619161,1678088801,2023-03-06 08:46:41,58.007694,56.234597,58.00819896273859,56.23476395501453,57.00421853451046,"https://sun9-50.userapi.com/s/v1/ig2/EGjbxeybI7R4xahspfJ4m3Wh4MzpghN84ZF7v_0_Oaa8_KZl_oGyaAgKOhRJxQStIMeG5lGlATkuPDCGWBGYMHBb.jpg?quality=95&as=32x43,48x64,72x96,108x144,160x213,240x320,360x480,480x640,540x720,640x853,720x960,1080x1440,1280x1707,1440x1920,1920x2560&from=bu&cs=1920x0",,False,,synagogue,True,False,,,,,,,,,,,,,,,
457245798,-7,-194619161,-194619161,1731913582,2024-11-18 08:06:22,58.008205,56.234926,58.00819896273859,56.23476395501453,9.56978033944169,"https://sun9-88.userapi.com/s/v1/ig2/Kgr8dGk3eqxXJxl3gfnZFYOQEPpwtH8aXVKP-39EpPglhFGDSedyrV8g1TWHca1cdsGfaXBpNYeDlcMIO2ZJ8EWm.jpg?quality=95&as=32x43,48x64,72x96,108x144,160x213,240x320,360x480,480x640,540x720,640x853,720x960,1080x1440,1280x1707,1440x1920,1920x2560&from=bu&cs=1920x0",,False,,synagogue,True,False,,,,,,,,,,,,,,,
457239617,-7,-194619161,-194619161,1647246411,2022-03-14 09:26:51,58.007905,56.235363,58.00819896273859,56.23476395501453,48.10262183342313,"https://sun9-86.userapi.com/s/v1/ig2/7QL63BG23RiiM0UHpXlsNyU_IfSwiHqKrg38wtCt_C1nT5mgryggExM8GJFMQJY0ffU4yP0-tJ1jF8K2-2gyIOe1.jpg?quality=96&as=32x43,48x64,72x96,108x144,160x213,240x320,360x480,480x640,540x721,640x854,720x961,1080x1441,1280x1708,1388x1852&from=bu&cs=1388x0",,False,,synagogue,True,False,,,,,,,,,,,,,,,
457242809,-7,-194619161,-194619161,1681282611,2023-04-12 08:56:51,58.007723,56.235707,58.00819896273859,56.23476395501453,76.72991767250984,"https://sun9-66.userapi.com/s/v1/ig2/RtY_-JAiGa7XcUVwDzMoTvuYXamIl3PFVPxCZkM8g0wsX5W2oqojKLVBcMYAsy3cOfIRwpbjF52E-enqHSUB1WrA.jpg?quality=95&as=32x43,48x64,72x96,108x144,160x213,240x320,360x480,480x640,540x720,640x853,720x960,1080x1440,1280x1707,1440x1920,1920x2560&from=bu&cs=1920x0",,False,,synagogue,True,False,,,,,,,,,,,,,,,
457240707,-7,-194619161,-194619161,1658389860,2022-07-21 09:51:00,58.007813,56.23502,58.00819896273859,56.23476395501453,45.490675569552515,"https://sun9-18.userapi.com/s/v1/ig2/JdPzgLt-Kw7s2DKFkewdCA2M70eeWqecNZnt6w-O1Nv4Imlzy3U9cFriTiMA7rVJbppUZni1jjG4ULw7nX92pVby.jpg?quality=95&as=32x43,48x64,72x96,108x144,160x213,240x320,360x480,480x640,540x721,640x854,720x961,1080x1441,1280x1708,1388x1852&from=bu&cs=1388x0",,False,,synagogue,True,False,,,,,,,,,,,,,,,
457242743,-7,-194619161,-194619161,1680007834,2023-03-28 14:50:34,58.007806,56.234914,58.00819896273859,56.23476395501453,44.580569031556806,"https://sun9-32.userapi.com/s/v1/ig2/jUlOLpqVsUqD3P3JG99gm6bbtmhR0G0phW3XRfO_jGF_Lw4fqhmYwSwiPxfylqyzy5o8bUQWTpjk_KgttqZwZUxE.jpg?quality=95&as=32x43,48x64,72x96,108x144,160x213,240x320,360x480,480x640,540x720,640x853,720x960,1080x1440,1280x1707,1440x1920,1920x2560&from=bu&cs=1920x0",,False,,synagogue,True,False,,,,,,,,,,,,,,,
457242808,-7,-194619161,-194619161,1681282611,2023-04-12 08:56:51,58.007723,56.235707,58.00819896273859,56.23476395501453,76.72991767250984,"https://sun9-15.userapi.com/s/v1/ig2/brIE2PWEcMcKK_mkvdC0MPVuDbUOmLNxHAU2JQA-yiXwU0-6atn26LmUljKazWreVsSU8OjY_TNxpenO2dzh115N.jpg?quality=95&as=32x43,48x64,72x96,108x144,160x213,240x320,360x480,480x640,540x720,640x853,720x960,1080x1440,1280x1707,1440x1920,1920x2560&from=bu&cs=1920x0",,False,,synagogue,True,False,,,,,,,,,,,,,,,
457243547,-7,-194619161,-194619161,1692429689,2023-08-19 09:21:29,58.007694,56.234597,58.00819896273859,56.23476395501453,57.00421853451046,"https://sun9-10.userapi.com/s/v1/ig2/MJnD9314LPLSzzEj0mq-r4FuM_RcNouoE5o8kCQHNHvRZzvzhTUnroFPebfmzLKuxEEOU36PEy6xsxprk-LFtexl.jpg?quality=95&as=32x43,48x64,72x96,108x144,160x213,240x320,360x480,480x640,540x720,640x853,720x960,1080x1440,1280x1707,1440x1920,1920x2560&from=bu&cs=1920x0",,False,,synagogue,True,False,,,,,,,,,,,,,,,
457242375,-7,-194619161,-194619161,1674886923,2023-01-28 07:22:03,58.007716,56.235602,58.00819896273859,56.23476395501453,72.9481739764952,"https://sun9-77.userapi.com/s/v1/ig2/1axvpsFqGCHBw4_BzqXF_XLaU7jXNJW7KOFDlU_S6opCCBETtzW8bUUZIQfnEF29IHNXZm6Yns9OwG1LaBxKaoLF.jpg?quality=95&as=32x43,48x64,72x96,108x144,160x213,240x320,360x480,480x640,540x720,640x853,720x960,1080x1440,1280x1707,1440x1920,1920x2560&from=bu&cs=1920x0",,False,,synagogue,True,False,,,,,,,,,,,,,,,
457240738,-7,-194619161,-194619161,1658481496,2022-07-22 11:18:16,58.007806,56.234914,58.00819896273859,56.23476395501453,44.580569031556806,"https://sun9-51.userapi.com/s/v1/ig2/5RFYz8YJaqFyIvB-DmS7Df0rqqLHHNqOQuoKB2BZDnljgXVFiDdKzyAtuVyVwrt5st-rkmrnlK3DoaVEDPDm4z2O.jpg?quality=95&as=32x43,48x64,72x96,108x144,160x213,240x320,360x480,480x640,540x721,640x854,720x961,1080x1441,1280x1708,1388x1852&from=bu&cs=1388x0",,False,,synagogue,True,False,,,,,,,,,,,,,,,
457240703,-7,-194619161,-194619161,1658314446,2022-07-20 12:54:06,58.007918,56.234887,58.00819896273859,56.23476395501453,32.07153468146177,"https://sun9-35.userapi.com/s/v1/ig2/N3qT9FPnXeuzLgXTxLxast_4_DuaoiRRRXvXdcSEgET46NwU-dnjny-4y26sypD-E7hdz49jhxW_tZ0qaGkUokFL.jpg?quality=95&as=32x43,48x64,72x96,108x144,160x213,240x320,360x480,480x640,540x721,640x854,720x961,1080x1441,1280x1708,1388x1852&from=bu&cs=1388x0",,False,,synagogue,True,False,,,,,,,,,,,,,,,
457240354,-7,-194619161,-194619161,1652856688,2022-05-18 08:51:28,58.00775,56.234927,58.00819896273859,56.23476395501453,50.83801069446789,"https://sun9-54.userapi.com/s/v1/ig2/XaVUBp2Uc7nF6zDBAIuFqj7sfmdGtxd1fYmuUROweCyAWhpWZe6TyQorcuucu4SyajXHIvwFaMMdJiu7_DK5IRCT.jpg?quality=96&as=32x43,48x64,72x96,108x144,160x213,240x320,360x480,480x640,540x721,640x854,720x961,1080x1441,1280x1708,1388x1852&from=bu&cs=1388x0",,False,,synagogue,True,False,,,,,,,,,,,,,,,
457244639,-7,-194619161,-194619161,1709537670,2024-03-04 08:34:30,58.00801,56.235403,58.00819896273859,56.23476395501453,43.11346849991991,"https://sun9-53.userapi.com/s/v1/ig2/Ca1TGnpnY2MukAwIAfGGNbQYIrcSonTg7DdyyILXupiOASVtuOA4d1UjFmbuHS8Y1hcXMkKm9npJ2xXzy44ph1k9.jpg?quality=95&as=32x43,48x64,72x96,108x144,160x213,240x320,360x480,480x640,540x720,640x853,720x960,1080x1440,1280x1707,1440x1920,1920x2560&from=bu&cs=1920x0",,False,,synagogue,True,False,,,,,,,,,,,,,,,
457245773,-7,-194619161,-194619161,1731323951,2024-11-11 12:19:11,58.008212,56.234688,58.00819896273859,56.23476395501453,4.703548266871273,"https://sun9-33.userapi.com/s/v1/ig2/zm-bbx2-yQuVkRbHTjTfD4W3q_CukliGAOAsgi5pACCH3z8DrtxaF43fL_WNu2X9G73cg5yrKOoH9q2Zbp3yjHwB.jpg?quality=95&as=32x43,48x64,72x96,108x144,160x213,240x320,360x480,480x640,540x720,640x853,720x960,1080x1440,1280x1707,1440x1920,1920x2560&from=bu&cs=1920x0",,False,,synagogue,True,True,,,,,,,,,,,,,,,
457245784,-7,-194619161,-194619161,1731574557,2024-11-14 09:55:57,58.007813,56.23502,58.00819896273859,56.23476395501453,45.490675569552515,"https://sun9-63.userapi.com/s/v1/ig2/IVbE1YfTPOb0sfmdygUaJpVCob4CwFDtruSEips8_1tsCtJT_nD3xPjCut_YliT4NFQeDBAZO5NRaToGlXboUxDq.jpg?quality=95&as=32x43,48x64,72x96,108x144,160x213,240x320,360x480,480x640,540x720,640x853,720x960,1080x1440,1280x1707,1440x1920,1920x2560&from=bu&cs=1920x0",,False,,synagogue,True,False,,,,,,,,,,,,,,,
457245802,-7,-194619161,-194619161,1731913582,2024-11-18 08:06:22,58.00782,56.23461,58.00819896273859,56.23476395501453,43.10373252508328,"https://sun9-54.userapi.com/s/v1/ig2/mdaw87svUmU1WN9iRmBgKIRdyB8wJtmcSQNaQ-KGsqKuREJPOxo1obqwOgPSK9LWGaTuIesvXxXfE-mkZCsP6mwA.jpg?quality=95&as=32x43,48x64,72x96,108x144,160x213,240x320,360x480,480x640,540x720,640x853,720x960,1080x1440,1280x1707,1440x1920,1920x2560&from=bu&cs=1920x0",,False,,synagogue,True,False,,,,,,,,,,,,,,,
457242764,-7,-194619161,-194619161,1680257105,2023-03-31 12:05:05,58.007813,56.23502,58.00819896273859,56.23476395501453,45.490675569552515,"https://sun9-36.userapi.com/s/v1/ig2/VRcIrQMaoRlmQEfSAJMhTB4mIaXlzgQ8BvjF3pkKJ1BaVruPjPCO0LTKdglqbfsHLUOu4lYflJQCGFSF348_hK97.jpg?quality=95&as=32x43,48x64,72x96,108x144,160x213,240x320,360x480,480x640,540x720,640x853,720x960,1080x1440,1280x1707,1440x1920,1920x2560&from=bu&cs=1920x0",,False,,synagogue,True,False,,,,,,,,,,,,,,,
457242810,-7,-194619161,-194619161,1681282611,2023-04-12 08:56:51,58.007723,56.235707,58.00819896273859,56.23476395501453,76.72991767250984,"https://sun9-35.userapi.com/s/v1/ig2/98zNOWdezWdts5LVVY3a9ArYEzLowXslMwD5kcnxj385CNb_UcDp_YU7Csv1DaJoTvU0l-ntGjcgxBNZYarlQ9iV.jpg?quality=95&as=32x43,48x64,72x96,108x144,160x213,240x320,360x480,480x640,540x720,640x853,720x960,1080x1440,1280x1707,1440x1920,1920x2560&from=bu&cs=1920x0",,False,,synagogue,True,False,,,,,,,,,,,,,,,
457240154,-7,-194619161,-194619161,1650866205,2022-04-25 07:56:45,58.007842,56.235443,58.00819896273859,56.23476395501453,56.3538374152652,"https://sun9-86.userapi.com/s/v1/ig2/XgfvK9C--qyXs6qLDBypjggvl9sxCIsOY7-3kJlSYCFlSS5zgMFlCisegnH9aWPFSlZ9znWQuRBv_rbIxdfCS2cl.jpg?quality=96&as=32x43,48x64,72x96,108x144,160x213,240x320,360x480,480x640,540x721,640x854,720x961,1080x1441,1280x1708,1388x1852&from=bu&cs=1388x0",,False,,synagogue,True,False,,,,,,,,,,,,,,,
457240542,-7,-194619161,-194619161,1655711443,2022-06-20 09:50:43,58.007813,56.23502,58.00819896273859,56.23476395501453,45.490675569552515,"https://sun9-66.userapi.com/s/v1/ig2/BH0ePkj3lJp4oXwn3S1pW_XQpnjpQ6FZAVviUpgTdyqcjnL5paGqI5hqlacpb66R01JtInhnOK8JpJa3CX2ik5iy.jpg?quality=95&as=32x43,48x64,72x96,108x144,160x213,240x320,360x480,480x640,540x721,640x854,720x961,1080x1441,1280x1708,1388x1852&from=bu&cs=1388x0",,False,,synagogue,True,False,,,,,,,,,,,,,,,
457242376,-7,-194619161,-194619161,1674886923,2023-01-28 07:22:03,58.007716,56.235602,58.00819896273859,56.23476395501453,72.9481739764952,"https://sun9-40.userapi.com/s/v1/ig2/bfI3lgO1vmTVNMPlqHwkY_pORHIXJMA9uTBUFxXYdIRIvxr4Z9G786zHa8S0QQ7avnzp2ZoTUDZirOgLynbg_-TW.jpg?quality=95&as=32x43,48x64,72x96,108x144,160x213,240x320,360x480,480x640,540x720,640x853,720x960,1080x1440,1280x1707,1440x1920,1920x2560&from=bu&cs=1920x0",,False,,synagogue,True,False,,,,,,,,,,,,,,,
457241838,-7,-194619161,-194619161,1669875741,2022-12-01 07:22:21,58.007813,56.23502,58.00819896273859,56.23476395501453,45.490675569552515,"https://sun9-61.userapi.com/s/v1/ig2/L3Vk_9ECZ8p9Y6lTJycYIVARFKol_VuzUB_8-ybOZ2XNi80yRybawdDQIPdrM3AVjLKER-DDUTqylPqTo6FH4_7y.jpg?quality=95&as=32x32,48x48,72x72,108x108,160x160,240x240,360x361,480x481,540x541,640x641,720x721,1080x1082,1280x1282,1440x1442,1917x1920&from=bu&cs=1917x0",,False,,synagogue,True,False,,,,,,,,,,,,,,,
457242759,-7,-194619161,-194619161,1680257105,2023-03-31 12:05:05,58.007708,56.234809,58.00819896273859,56.23476395501453,54.65702261040432,"https://sun9-83.userapi.com/s/v1/ig2/HQiuKdKwnbwp2xjoVfIY8XruJwDy9XuoeXNpYfRW3J2F-9q-7qI7NFkIO_ZPbB5Ot4ddMIGRaJz-4X92lcfMGGmE.jpg?quality=95&as=32x43,48x64,72x96,108x144,160x213,240x320,360x480,480x640,540x720,640x853,720x960,1080x1440,1280x1707,1440x1920,1920x2560&from=bu&cs=1920x0",,False,,synagogue,True,False,,,,,,,,,,,,,,,
457245761,-7,-194619161,-194619161,1731139339,2024-11-09 09:02:19,58.008016,56.234821,58.00819896273859,56.23476395501453,20.620215962568057,"https://sun9-2.userapi.com/s/v1/ig2/fkGQ-OjZJ6-7I7Bd8iPp_NR04LT1graxrzQfMOmZYu6L61Zi5R1LHn0XslR51MUqEFo6RfEZ7qtT8gLLhYtpbczh.jpg?quality=95&as=32x43,48x64,72x96,108x144,160x213,240x320,360x480,480x640,540x720,640x853,720x960,1080x1440,1280x1707,1440x1920,1920x2560&from=bu&cs=1920x0",,False,,synagogue,True,True,,,,,,,,,,,,,,,
457242642,-7,-194619161,-194619161,1678088801,2023-03-06 08:46:41,58.007701,56.234703,58.00819896273859,56.23476395501453,55.48724836944938,"https://sun9-62.userapi.com/s/v1/ig2/g6BZIqNwvwaE10r9cXOIX1OnKoVz3mcKjzgdVyqnDOdtjyJG01luKMjnsmGRmcZMflKTM0GKvgsiASb53o1X9ZzQ.jpg?quality=95&as=32x43,48x64,72x96,108x144,160x213,240x320,360x480,480x640,540x720,640x853,720x960,1080x1440,1280x1707,1440x1920,1920x2560&from=bu&cs=1920x0",,False,,synagogue,True,False,,,,,,,,,,,,,,,
457242805,-7,-194619161,-194619161,1681282611,2023-04-12 08:56:51,58.007716,56.235602,58.00819896273859,56.23476395501453,72.9481739764952,"https://sun9-67.userapi.com/s/v1/ig2/JKS-7TtU3cZJY0Lh7njqDxNKMfZ4EnxGKadGeegfcORLq3rAlQXXB8wddHf2OEDCFGdx8H6hW9xH2NoTU3F-lghw.jpg?quality=95&as=32x43,48x64,72x96,108x144,160x213,240x320,360x480,480x640,540x720,640x853,720x960,1080x1440,1280x1707,1440x1920,1920x2560&from=bu&cs=1920x0",,False,,synagogue,True,False,,,,,,,,,,,,,,,
457239967,-7,-194619161,-194619161,1649058564,2022-04-04 09:49:24,58.007842,56.235443,58.00819896273859,56.23476395501453,56.3538374152652,"https://sun9-61.userapi.com/s/v1/ig2/udLr84hvvg425zs1TjF6s_7d007hH9dh6BcYpYTAvMIgWBKl7TDGkBMdv9NuBGyc6ZTUvtRJQSfScezBb2qKSrXB.jpg?quality=96&as=32x43,48x64,72x96,108x144,160x213,240x320,360x480,480x640,540x721,640x854,720x961,1080x1441,1280x1708,1388x1852&from=bu&cs=1388x0",,False,,synagogue,True,False,,,,,,,,,,,,,,,
457240763,-7,-194619161,-194619161,1658948069,2022-07-27 20:54:29,58.007694,56.234597,58.00819896273859,56.23476395501453,57.00421853451046,"https://sun9-75.userapi.com/s/v1/ig2/1Bhbx3i7ntl3YRQJH3w5XOyNzm-Q7FFzW8RR-Sn7pKamz6qli-C275-THkJ-SjGbwy6LjSjyJizCa3U3uKcbq4jh.jpg?quality=95&as=32x43,48x64,72x96,108x144,160x213,240x320,360x480,480x640,540x721,640x854,720x961,1080x1441,1280x1708,1388x1852&from=bu&cs=1388x0",,False,,synagogue,True,False,,,,,,,,,,,,,,,
457240355,-7,-194619161,-194619161,1652856688,2022-05-18 08:51:28,58.007771,56.234901,58.00819896273859,56.23476395501453,48.267285587856335,"https://sun9-75.userapi.com/s/v1/ig2/8dYntdKd0fo0-rVQAJ7MWwANxQejckDanXkPL_JHR-oDnHd8HFipeghWJs0XQkGPHuO0fEuKF0W5caKpj42NXwlU.jpg?quality=96&as=32x43,48x64,72x96,108x144,160x213,240x320,360x480,480x640,540x721,640x854,720x961,1080x1441,1280x1708,1388x1852&from=bu&cs=1388x0",,False,,synagogue,True,False,,,,,,,,,,,,,,,
457245778,-7,-194619161,-194619161,1731574557,2024-11-14 09:55:57,58.007806,56.234914,58.00819896273859,56.23476395501453,44.580569031556806,"https://sun9-71.userapi.com/s/v1/ig2/sFKNpAHX0KqdphSPRSEpiiM2Je0htMxvbdjPLhtwdqfIueTYWasvixHA7zU9VNvr7xgHUoSswVzSpmTQ9nu_WLmW.jpg?quality=95&as=32x42,48x64,72x95,108x143,160x212,240x318,360x478,480x637,540x716,640x849,720x955,1080x1433,1280x1698,1440x1910,1930x2560&from=bu&cs=1930x0",,False,,synagogue,True,False,,,,,,,,,,,,,,,
