photo_id,album_id,owner_id,user_id,date,date_human,lat,long,poi_lat,poi_lon,distance_meters,image_url,text,has_tags,post_id,poi_name,inside_poi_area,inside_poi_building,human_annotation_text_description,human_annotation_location_type,human_annotation_photo_type,human_annotation_is_advertisement,human_annotation_situation_summary,human_annotation_city_objects,human_annotation_city_activities,human_annotation_user_intent,human_annotation_has_building,human_annotation_has_synagogue,human_annotation_has_feor,human_annotation_has_other_building,human_annotation_confidence,human_model_version,human_model_timestamp
456240808,-7,-224628741,-224628741,1722168129,2024-07-28 14:02:09,58.007618,56.235496,58.00819896273859,56.23476395501453,77.67240860423085,"https://sun9-62.userapi.com/s/v1/ig2/YDeybMP91Wvg7Z9Wnccorch_Bu0GbWNdcFukxe-vG9S3TYnY0gCc5q41WKf6SXchDgqxvHyxTasd9qjdiM-SOJAx.jpg?quality=95&as=32x43,48x64,72x96,108x144,160x213,240x320,360x480,480x640,540x720,640x853,720x960,1080x1440,1280x1707,1440x1920,1920x2560&from=bu&cs=1920x0",,False,,synagogue,False,False,,,,,,,,,,,,,,,
457255043,-7,-39004558,-39004558,1680673925,2023-04-05 07:52:05,58.0085,56.235586,58.00819896273859,56.23476395501453,58.870075827117816,"https://sun9-5.userapi.com/s/v1/ig2/4J0ze9iLzO3dTkVTpCT0BoszyjeM1Ky9DMIXrB9p1eitF0PqCjFRik2LABoFWH8nIrIr9XAZIzRYGeT_3_-eH2CL.jpg?quality=95&as=32x57,48x85,72x128,108x192,160x284,240x427,360x640,480x853,540x960,640x1138,720x1280,1080x1920,1280x2276,1440x2560&from=bu&cs=1440x0",,False,,synagogue,False,False,,,,,,,,,,,,,,,
361867360,-7,231298051,231298051,1429378789,2015-04-18 19:39:49,58.008808,56.235255,58.00819896273859,56.23476395501453,73.6414081983081,"https://sun9-67.userapi.com/s/v1/if1/LdbWHiokUoNmLTi8gjNaBowQoVHjgHME_j_ubEM4pZH-_1KOekhLC7r6z-rmqbCmQ55JK1Tp.jpg?quality=96&as=32x24,48x36,72x54,108x81,160x120,240x180,360x270,480x360,540x405,640x480&from=bu&cs=640x0",,False,,synagogue,False,False,,,,,,,,,,,,,,,
456240100,-7,-20826401,-20826401,1543312190,2018-11-27 10:49:50,58.007624,56.234571,58.00819896273859,56.23476395501453,64.93562001690061,"https://sun9-32.userapi.com/s/v1/ig1/avs0aDnaWnigEyRJlGa5zHA1a18y0an65tEXKZOJc_BSi5ytdMAbfb7kJPR27od1ccJQTBpL.jpg?quality=96&as=32x43,48x64,72x96,108x144,160x213,240x320,360x480,480x640,540x720,640x853,720x960,1080x1440,1280x1707,1440x1920,1620x2160&from=bu&cs=1620x0",,False,,synagogue,False,False,,,,,,,,,,,,,,,
366621519,-7,243524378,243524378,1432797529,2015-05-28 09:18:49,58.007415,56.235523,58.00819896273859,56.23476395501453,97.97264105917492,"https://sun9-10.userapi.com/s/v1/ig1/m1OFN233S_oR8NGNiMdy5C05ou-b_Pgw7gCzjjpD_ZUv4Ny0cKS6TN0fTg5lNlJmOANj4POi.jpg?quality=96&as=32x56,48x84,72x126,108x189,160x281,240x421,360x632,480x842,540x947,640x1123,720x1263,912x1600&from=bu&cs=912x0",,False,,synagogue,False,False,,,,,,,,,,,,,,,
456241161,-7,137306715,137306715,1559058069,2019-05-28 17:41:09,58.008808,56.235771,58.00819896273859,56.23476395501453,90.03192674316176,"https://sun9-8.userapi.com/s/v1/ig1/osP0hBwyDwTf_wkLBUqcyr9iylkJk6FhnCW25wkdWXyOCaZtBV4DVnQc8Q89iP3scxC2XDaS.jpg?quality=96&as=32x43,48x64,72x96,108x144,160x213,240x320,360x480,480x640,540x720,640x853,720x960,1000x1333&from=bu&cs=1000x0",,False,,synagogue,False,False,,,,,,,,,,,,,,,
282764615,-7,158723408,158723408,1336140781,2012-05-04 16:13:01,58.007995,56.234504,58.00819896273859,56.23476395501453,27.36586051718784,"https://sun9-77.userapi.com/s/v1/if1/5tpDiuMWdaPQH9vQAWjSl1R5swQkTYLJGKx_LhuFGpH_OtYcu9ICsUx146YYF7W88RocMA.jpg?quality=96&as=32x18,48x27,72x40,108x61,160x90,240x135,360x202,480x270,540x304,640x360,720x405,1080x607,1280x719,1440x809,2560x1439&from=bu&cs=2560x0",,False,311.0,synagogue,True,False,,,,,,,,,,,,,,,
457244966,302992630,-194619161,-194619161,1716100434,2024-05-19 08:33:54,58.007715,56.235086,58.00819896273859,56.23476395501453,57.06056115055682,"https://sun9-82.userapi.com/s/v1/ig2/1emsC-kMw5aT1bPPSmbuIOGYEap3VtXRb8bxOKhFHeF5-gQQF7Nwa3tXHDLl4hIMsj0H4TBraNc5vNn3Vrp_lUwO.jpg?quality=95&as=32x43,48x64,72x96,108x144,160x213,240x320,360x480,480x640,540x720,640x853,720x960,1080x1440,1280x1707,1440x1920,1920x2560&from=bu&cs=1920x0",,False,,synagogue,False,False,,,,,,,,,,,,,,,
457256376,-7,-170690865,-170690865,1679747829,2023-03-25 13:37:09,58.007722,56.234505,58.00819896273859,56.23476395501453,55.186284082187015,"https://sun9-4.userapi.com/s/v1/ig2/gAXlHIKnaBOD2DtksjHvj7rSGp7xo1YXrYD0DEDIncYRISPiw8BM5XdCjDTwS5frFjLfqEt0CXgIc8Qa2VbQFYhR.jpg?quality=95&as=32x43,48x64,72x96,108x144,160x214,240x320,360x481,480x641,540x721,640x855,720x961,1080x1442,1280x1709,1342x1792&from=bu&cs=1342x0",,False,,synagogue,True,False,,,,,,,,,,,,,,,
457240147,-7,-199522335,-199522335,1624973123,2021-06-29 15:25:23,58.006993,56.256286,58.00763133477656,56.255145877976155,97.7217273760142,"https://sun9-73.userapi.com/s/v1/ig2/v80nywWbfOtgf0BRTiQGzbO5zStC-HJV-PTZ8sofCwUpPXCE3Y5MpHmGu3po3EKTPvdUngeyTY1cmdVl5vWHFc_v.jpg?quality=96&as=32x68,48x103,72x154,108x231,160x342,240x513,360x770,480x1027,540x1155,640x1369,720x1540,748x1600&from=bu&cs=748x0",,False,,or avner habad community center,False,False,,,,,,,,,,,,,,,
438995476,-7,-39105410,-39105410,1478086802,2016-11-02 12:40:02,58.008653,56.234132,58.00819896273859,56.23476395501453,62.728635303360285,"https://sun9-52.userapi.com/s/v1/ig1/FoshxxuMdAdJzwsr1J2m5Y_6MyGiD9ky3RveQf89RVOh1AhqqLzn00wVU8o1Ly5oOLHyAA.jpg?quality=96&as=32x36,48x54,72x80,108x120,160x178,240x268,360x401,480x535,540x602,640x714,720x803,861x960&from=bu&cs=861x0",,False,,synagogue,False,False,,,,,,,,,,,,,,,
420823433,-7,-27046955,-27046955,1468926709,2016-07-19 13:11:49,58.008968,56.233907,58.00819896273859,56.23476395501453,99.30283812852122,"https://sun9-41.userapi.com/s/v1/ig1/JTMstQo9i0FdrUNEGU3lyTKl3ywTNKbusyo5p9MDogzMO6VrZzE3mllfgSPWKHTrs2_wez2r.jpg?quality=96&as=32x32,48x48,72x72,108x108,160x160,240x240,360x360,480x480,540x540,640x640,720x720,1080x1080,1280x1280,1440x1440,2160x2160&from=bu&cs=2160x0",,False,,synagogue,False,False,,,,,,,,,,,,,,,
457247207,-7,-101847722,-101847722,1660301721,2022-08-12 12:55:21,58.007505,56.235007,58.00819896273859,56.23476395501453,78.48227077708103,"https://sun9-65.userapi.com/s/v1/ig2/BtzDrN65se2HCgEw3xy4SzS24Fj2VlEOd_XpW-C66odWlKWuiC7bEG3NvR-BHheTXiAOVWIRGss6Jn8oQ2njZhfj.jpg?quality=95&as=32x33,48x50,72x75,108x112,160x166,240x248,360x373,480x497,540x559,640x662,720x745,1080x1118,1280x1325,1440x1490,1546x1600&from=bu&cs=1546x0",,False,6725.0,synagogue,False,False,,,,,,,,,,,,,,,
457253732,-7,-170690865,-170690865,1664014862,2022-09-24 12:21:02,58.007505,56.234492,58.00819896273859,56.23476395501453,78.81077810686118,"https://sun9-63.userapi.com/s/v1/ig2/ltEg3Q3d3P7BElvnK5IKU5iMFK3xW1vauJCbzxPqYqWVpTfiZfRtKPA3fffvLxlkd-CGvSeVfFFhCSt0HtdTdwTg.jpg?quality=95&as=32x43,48x64,72x96,108x144,160x213,240x320,360x480,480x640,540x720,640x853,720x960,1080x1440,1280x1707,1344x1792&from=bu&cs=1344x0",,False,,synagogue,False,False,,,,,,,,,,,,,,,
457256616,-7,-170690865,-170690865,1681401120,2023-04-13 17:52:00,58.007911,56.234094,58.00819896273859,56.23476395501453,50.82307597422893,"https://sun9-53.userapi.com/s/v1/ig2/vgctYI3oQSDddUlZXrieoqFDVlJbCx71xXM40NuXo7mIq9xcr8fvZP0zhndXgsMnmFxwRu_unSAGY-pmnSWBwtwG.jpg?quality=95&as=32x43,48x64,72x96,108x144,160x214,240x320,360x481,480x641,540x721,640x855,720x961,1080x1442,1280x1709,1342x1792&from=bu&cs=1342x0",,False,,synagogue,False,False,,,,,,,,,,,,,,,
456241416,-7,-224628741,-224628741,1728391501,2024-10-08 14:45:01,58.007702,56.235906,58.00819896273859,56.23476395501453,87.06401057124822,"https://sun9-29.userapi.com/s/v1/ig2/f9zTB5nuVQix_IU6EyKKO5ZeMu6dVpHOCRHKNe4S6c2e3FhhTVfhq0YuMo0rXQOiqS_iyDnb33vrSG7bVooS22Wv.jpg?quality=95&as=32x40,48x60,72x90,108x135,160x200,240x300,360x450,480x600,540x675,640x800,720x900,1080x1350,1280x1600,1440x1800,2048x2560&from=bu&cs=2048x0",,False,,synagogue,True,False,,,,,,,,,,,,,,,
457253119,-7,-170690865,-170690865,1661259778,2022-08-23 15:02:58,58.008016,56.234306,58.00819896273859,56.23476395501453,33.78969930208058,"https://sun9-82.userapi.com/s/v1/ig2/yA8jYVt1nkM_i43hJ-sGXrFLUfwDpw3WN8pS9SONQOvl_1UMrEObHyTqwhMeHrM4pdLiFEGXwRWS8lvR8ilnCqlh.jpg?quality=95&as=32x43,48x64,72x96,108x144,160x214,240x320,360x481,480x641,540x721,640x855,720x961,1080x1442,1280x1709,1342x1792&from=bu&cs=1342x0",,False,,synagogue,False,False,,,,,,,,,,,,,,,
457239688,292620556,-209485236,-209485236,1674889171,2023-01-28 07:59:31,58.007202,56.255506,58.00763133477656,56.255145877976155,52.241678049115166,"https://sun9-6.userapi.com/s/v1/ig2/bXJyJHwFufQ1e65Yt8zdrkaSo_yAmqyz6CIOV8oVs_PnjDBJPN7hDB_qsBcE4T4pO0yFDw12oitDyvtMaZ-CSW8J.jpg?quality=95&as=32x43,48x64,72x96,108x144,160x213,240x320,360x480,480x640,540x720,640x853,720x960,1080x1440,1280x1707,1440x1920,1920x2560&from=bu&cs=1920x0",,False,,or avner habad community center,False,False,,,,,,,,,,,,,,,
456239077,-7,111287387,111287387,1506929824,2017-10-02 09:37:04,58.008108,56.23568,58.00819896273859,56.23476395501453,54.90474809516682,"https://sun9-75.userapi.com/s/v1/ig1/_350umFQDE5uyG_K71EPzzkSX9H69UPiXJIXJy6Vy1db0ZphpQ3MZRmkazmIkcRS7n_wnEbf.jpg?quality=96&as=32x43,48x64,72x96,108x144,160x213,240x320,360x480,480x640,540x720,640x853,720x960,1080x1440,1280x1707,1440x1920,1620x2160&from=bu&cs=1620x0",,False,,synagogue,False,False,,,,,,,,,,,,,,,
377583352,-6,178282279,178282279,1440531445,2015-08-25 21:37:25,58.008395,56.235375,58.00819896273859,56.23476395501453,42.08274429832294,"https://sun9-57.userapi.com/s/v1/ig1/wet600uQbvdAyElb3pAHcVZfbm2ZO8inOZEDovwcdOPvhSptGvWV7hbU4ZETGEn2P-32q2dX.jpg?quality=96&as=32x53,48x80,72x120,108x180,160x267,240x400,360x600,480x800,540x900,640x1067,720x1200,1080x1800&from=bu&cs=1080x0",,False,488.0,synagogue,False,False,,,,,,,,,,,,,,,
457255807,-7,-39004558,-39004558,1683454580,2023-05-07 12:16:20,58.008318,56.235415,58.00819896273859,56.23476395501453,40.57332761901682,"https://sun9-26.userapi.com/s/v1/ig2/TfjvnK4N3cvwogN1pDv5er02GwJXEvUWEFxlabJ4acafZSbCdaYGlmetz8ygW5du9hofJWdi6JkKB6XmeyK8JrEA.jpg?quality=95&as=32x57,48x85,72x128,108x192,160x284,240x427,360x640,480x853,540x960,640x1138,720x1280,1080x1920,1280x2276,1440x2560&from=bu&cs=1440x0",,False,,synagogue,False,False,,,,,,,,,,,,,,,
457239164,-7,316951982,316951982,1573333505,2019-11-09 22:05:05,58.007757,56.234174,58.00819896273859,56.23476395501453,60.19170500574144,"https://sun9-45.userapi.com/s/v1/ig1/z-wdE3I0qSxlRpcGZeE-ptHhe6F-J-yJFn8PU7a4hv70oaVQAyyx-qLBSxzq9sCFgCzLst3n.jpg?quality=96&as=32x43,48x64,72x96,108x144,160x213,240x320,360x480,480x640,540x720,640x853,720x960,1080x1440,1280x1707,1440x1920,1620x2160&from=bu&cs=1620x0",,False,,synagogue,True,False,,,,,,,,,,,,,,,
457244526,300751413,152717257,152717257,1709967988,2024-03-09 08:06:28,58.008906,56.235704,58.00819896273859,56.23476395501453,96.16493913264662,"https://sun9-26.userapi.com/s/v1/if2/9rGBvPjFvbuNgVmtID4470A_t5NVrMaAxfI_uJZpQgfyuQg_DPQsS6ORkMvDAKEr0MTzKRfhPpB0qGq-90sGiL-W.jpg?quality=95&as=32x18,48x27,72x40,108x61,160x90,240x135,360x202,480x270,540x304,640x360,720x405,1080x607,1280x720,1440x810,2560x1440&from=bu&cs=2560x0",,False,,synagogue,False,False,,,,,,,,,,,,,,,
456246790,-7,212470699,212470699,1530511682,2018-07-02 08:08:02,58.008961,56.234145,58.00819896273859,56.23476395501453,92.24694697482452,"https://sun9-52.userapi.com/s/v1/ig1/NcIM8EhI2GTG-c_r_6OjAWgYrGOv1eLoM9vsQ7R7reNtNbFfvosvVcxKBFbgikYqQdmdGBIs.jpg?quality=96&as=32x32,48x48,72x72,108x108,160x160,240x240,360x360,480x480,540x540,640x640,720x720,960x960&from=bu&cs=960x0",,False,,synagogue,False,False,,,,,,,,,,,,,,,
457250796,-7,261660768,261660768,1597983570,2020-08-21 06:19:30,58.007996,56.23605,58.00819896273859,56.23476395501453,79.05216913219736,"https://sun9-74.userapi.com/s/v1/ig2/JJyy5uxqvbCpUJ139AfQ_T4Xndpjmv6hogzvvQvgmXhFqwMsNC9t63tEyt1p585DieVSouczYiy8iBMaesaHRJdN.jpg?quality=96&as=32x43,48x64,72x96,108x144,160x214,240x320,360x481,480x641,540x721,640x855,720x961,1080x1442,1280x1709,1342x1792&from=bu&cs=1342x0",,False,,synagogue,True,False,,,,,,,,,,,,,,,
457240441,-7,27380407,27380407,1578768580,2020-01-11 19:49:40,58.00871,56.234978,58.00819896273859,56.23476395501453,58.20696934741225,"https://sun9-87.userapi.com/s/v1/ig2/hPs-4fbiYFcfTyJ8Hie5Ao32dcvhnhvYkJFYyHT1LDtVFdfOOWEFljTXT0OGCI8qZb1AVA-_1pkodcEadFOgjPdt.jpg?quality=96&as=32x43,48x64,72x96,108x144,160x213,240x320,360x480,480x640,540x720,640x853,720x960,780x1040&from=bu&cs=780x0",,False,,synagogue,False,False,,,,,,,,,,,,,,,
457268568,-7,-102792364,-102792364,1607666343,2020-12-11 06:59:03,58.0084,56.255715,58.00763133477656,56.255145877976155,91.8123560595079,"https://sun9-7.userapi.com/s/v1/ig2/GMmM_NAtMU61EbxKrc8XVdvzHukn4YXbiscRcLRAHWQ6JnY1WFx50QadL6ZAPPgnGoVjeq6CBwiXe3fbESizPyQj.jpg?quality=96&as=32x43,48x64,72x96,108x144,160x213,240x320,360x480,480x640,540x720,640x853,720x960,1080x1440,1218x1624&from=bu&cs=1218x0",,False,50072.0,or avner habad community center,False,False,,,,,,,,,,,,,,,
457255743,-7,-39004558,-39004558,1683094682,2023-05-03 08:18:02,58.008318,56.235415,58.00819896273859,56.23476395501453,40.57332761901682,"https://sun9-41.userapi.com/s/v1/ig2/swohfjXqBJ-1X4Tc1CsIodhQ8-OTIR0SVGzpZQcDyc8BqFB9mdokkAEN65Ecd69RGQ6DQIsqORFgVj77BmRGMinC.jpg?quality=95&as=32x57,48x85,72x128,108x192,160x284,240x427,360x640,480x853,540x960,640x1138,720x1280,1080x1920,1280x2276,1440x2560&from=bu&cs=1440x0",,False,,synagogue,False,False,,,,,,,,,,,,,,,
457240881,-7,-108946670,-108946670,1639130662,2021-12-10 11:04:22,58.00695,56.255824,58.00763133477656,56.255145877976155,85.64874356342781,"https://sun9-6.userapi.com/s/v1/ig2/IQeXFIy0Il4w3akU2E8XfSRa89FHPEhC_bESX4qTRsRYitEMEi1lWGiV6zyHAhfwdPB-NnhJozq0p_GH-178Pr1S.jpg?quality=96&as=32x40,48x60,72x90,108x135,160x200,240x300,360x450,480x600,540x675,640x800,720x900,1080x1350,1280x1600&from=bu&cs=1280x0",,False,2453.0,or avner habad community center,False,False,,,,,,,,,,,,,,,
457242297,-7,-76634753,-76634753,1635174233,2021-10-25 17:03:53,58.007587,56.254792,58.00763133477656,56.255145877976155,21.42253589234213,"https://sun9-65.userapi.com/s/v1/ig2/f4Oj5ulerXsKqoYVrN5KcygCHnKIyPgT_H7wgeheXH5nKMzLt5Y-EqUMJ3r-9oWYCP5Any7mA0v5XTYBNaz-wVxS.jpg?quality=96&as=32x43,48x64,72x96,108x144,160x213,240x320,360x480,480x640,540x721,640x854,720x961,1080x1441,1280x1708,1388x1852&from=bu&cs=1388x0",,False,,or avner habad community center,True,True,,,,,,,,,,,,,,,
410523657,-7,312981173,312981173,1461078609,2016-04-19 17:10:09,58.007119,56.256127,58.00763133477656,56.255145877976155,81.15612207778744,"https://sun9-79.userapi.com/s/v1/if1/_mBkGxxBMUoI3_Gy2G8q1wh1k_AJ43JiOgkU6KJ7cmQfR8nXVcxnVtJ1C-nd5NQcAklWgQ.jpg?quality=96&as=32x24,48x36,72x54,108x81,160x120,240x180,360x270,480x360,540x405,640x480,720x540,1080x810,1280x960,1440x1080,1600x1200&from=bu&cs=1600x0",,False,,or avner habad community center,False,False,,,,,,,,,,,,,,,
457253670,289375661,2426676,2426676,1668519666,2022-11-15 14:41:06,58.007609,56.2335,58.00819896273859,56.23476395501453,99.2368537513353,"https://sun9-53.userapi.com/s/v1/if2/AJZntAY7zGUDNuPV8y2gfVTgMuK8Qp10d9TKuKgWDQFkBsdSUx7s0muXEaOMkqzUW3_gBD7chljWwyOOoC0TFMw8.jpg?quality=95&as=32x27,48x40,72x61,108x91,160x135,240x202,360x303,480x404,540x454,640x538,720x606,749x630&from=bu&cs=749x0",Описание https://vk.com/wall-216919326_99,False,,synagogue,False,False,,,,,,,,,,,,,,,
457321788,301537621,-43730800,-43730800,1758116841,2025-09-17 15:47:21,58.007695,56.2358,58.00819896273859,56.23476395501453,82.8583389920959,"https://sun9-11.userapi.com/s/v1/ig2/J7avigtrf3oShfIquVo8e6I455kWrAR6PnTCYZUls4Wagv2l_DPf2zLtuEO2Bv6fKhhLRib6vApmImXP0amYxvrV.jpg?quality=95&as=32x43,48x64,72x96,108x144,160x213,240x320,360x480,480x640,540x720,640x853,720x960,1080x1440,1280x1707,1440x1920,1920x2560&from=bu&cs=1920x0",Продано,False,,synagogue,True,False,,,,,,,,,,,,,,,
424900019,-7,-107411067,-107411067,1467311016,2016-06-30 20:23:36,58.008079,56.233883,58.00819896273859,56.23476395501453,53.58475635462518,"https://sun9-82.userapi.com/s/v1/if1/aC1GcYOKyAX0fdD7bOJFzMxyQOo-VO3x20QYWG5sQb2hoez1EhXGhHnI_ofdt0jqno4til-K.jpg?quality=96&as=32x24,48x36,72x54,108x81,160x120,240x180,360x270,480x360,540x405,640x480,720x540,960x720&from=bu&cs=960x0",,False,,synagogue,False,False,,,,,,,,,,,,,,,
457253314,-7,-170690865,-170690865,1662033099,2022-09-01 13:51:39,58.008107,56.234305,58.00819896273859,56.23476395501453,28.906591112890062,"https://sun9-44.userapi.com/s/v1/ig2/eIeBvkUFDupHFWAamcjmHojbSfXDC81rlEgPui0O3hilGeIGKtVxj7Lxy0QmxROuOo8CfOa_wbQAEyXvaqf463Cg.jpg?quality=95&as=32x43,48x64,72x96,108x144,160x214,240x320,360x481,480x641,540x721,640x855,720x961,1080x1442,1280x1709,1342x1792&from=bu&cs=1342x0",,False,,synagogue,False,False,,,,,,,,,,,,,,,
457240298,300940532,-224421397,-224421397,1711279834,2024-03-24 12:30:34,58.008611,56.234185,58.00819896273859,56.23476395501453,57.11744669129449,"https://sun9-65.userapi.com/s/v1/ig2/HX0NGvmAGKCkoTqgxG48poxNOJU8ES55qUdezPWEX9OajVovxg8lIrXzSlnKwfv_zw-GDMtDBmIvJjJiEjgxc6wH.jpg?quality=95&as=32x43,48x64,72x96,108x144,160x213,240x320,360x480,480x640,540x720,640x853,720x960,1080x1440,1280x1707,1440x1920,1920x2560&from=bu&cs=1920x0",,False,,synagogue,False,False,,,,,,,,,,,,,,,
457239619,-7,-194619161,-194619161,1647246411,2022-03-14 09:26:51,58.007723,56.235535,58.00819896273859,56.23476395501453,69.74443084319054,"https://sun9-48.userapi.com/s/v1/ig2/ca2C1QkC2NGGrrQkafu24br4kKmYdbCZGqmYlvP2EhqM_35qBPJb2EddDkUyf4EXaQsL6aKlVoCXoeNvKjBayCFX.jpg?quality=96&as=32x43,48x64,72x96,108x144,160x213,240x320,360x480,480x640,540x721,640x854,720x961,1080x1441,1280x1708,1388x1852&from=bu&cs=1388x0",,False,,synagogue,False,False,,,,,,,,,,,,,,,
457254600,-7,-170690865,-170690865,1668853157,2022-11-19 11:19:17,58.007897,56.234398,58.00819896273859,56.23476395501453,39.902113118787824,"https://sun9-71.userapi.com/s/v1/ig2/5_wP9PkK8Phf8Ck3OhpTrtm7BbKBTx7msHa35hMsmtjJt-vh5X-Xupvb9F2JYRD8iIvWNRAHNDEmCirTfIJVl0vr.jpg?quality=95&as=32x43,48x64,72x96,108x144,160x213,240x320,360x480,480x640,540x720,640x853,720x960,1080x1440,1280x1707,1344x1792&from=bu&cs=1344x0",,False,,synagogue,True,False,,,,,,,,,,,,,,,
456240096,-7,-20826401,-20826401,1543311955,2018-11-27 10:45:55,58.007575,56.23469,58.00819896273859,56.23476395501453,69.51814802153838,"https://sun9-82.userapi.com/s/v1/ig1/ZuywXOr8h2bsCigkCtjSaF6RXR548rnl-xncqJ1SRq_fj248wZVR7xnZ8hRezBwczgyC0T57.jpg?quality=96&as=32x43,48x64,72x96,108x144,160x213,240x320,360x480,480x640,540x720,640x853,720x960,1080x1440,1280x1707,1440x1920,1620x2160&from=bu&cs=1620x0",,False,,synagogue,False,False,,,,,,,,,,,,,,,
456239391,251159164,-83608704,-83608704,1544503155,2018-12-11 05:39:15,58.007911,56.234438,58.00819896273859,56.23476395501453,37.3364536686451,"https://sun9-79.userapi.com/s/v1/ig1/OH_-J2za4oe6SDugd95M3V1zU0FmlO8bUH7HM-fbIBSumFwp_dKEUiZHniOWyyHUeTDtKsb8.jpg?quality=96&as=32x43,48x64,72x96,108x144,160x213,240x320,360x480,480x640,540x720,640x853,720x960,1000x1333&from=bu&cs=1000x0",,False,,synagogue,True,False,,,,,,,,,,,,,,,
288181023,-7,137084712,137084712,1345965390,2012-08-26 09:16:30,58.00885,56.235202,58.00819896273859,56.23476395501453,76.85391524294626,"https://sun9-24.userapi.com/s/v1/if1/25Qsy0z39Pq9BIahSv3zGHiL1GmyLCkBIZgc-8ps1EEKMW1lNmIspsdY3A_Qgp-CAAL_5g.jpg?quality=96&as=32x24,48x36,72x54,108x81,160x120,240x180,360x270,480x360,540x405,640x480,720x540,1080x810,1280x960&from=bu&cs=1280x0",,False,,synagogue,False,False,,,,,,,,,,,,,,,
456241402,252382065,-161325318,-161325318,1554912912,2019-04-10 18:15:12,58.008225,56.255478,58.00763133477656,56.255145877976155,68.8511161674692,"https://sun9-80.userapi.com/s/v1/if1/C7nOc1jQOQjFyHkJYawDJbNRO01j_fQcCH78oixeSu2vIg09D6VEr-Y9HlyA_tFzmcaHzzyZ.jpg?quality=96&as=32x24,48x36,72x54,108x81,160x120,240x180,360x270,480x360,540x405,640x480,720x540,960x720&from=bu&cs=960x0",,False,,or avner habad community center,False,False,,,,,,,,,,,,,,,
457252480,276646045,-34115285,-34115285,1610290055,2021-01-10 15:47:35,58.008724,56.235877,58.00819896273859,56.23476395501453,87.79415301654137,"https://sun9-19.userapi.com/s/v1/if2/_obd7fHp0sQH8t6V5qghKY8BMJjTssDyq9XNn4kn4hIE8_ncIqWtgVLo7c4bongL4V1I46qu4FNN8KcWbEWMly9A.jpg?quality=96&as=32x18,48x27,72x41,108x61,160x90,240x135,360x203,480x270,540x304,640x360,720x406,1080x608,1280x721,1440x811,2560x1442&from=bu&cs=2560x0",,False,,synagogue,False,False,,,,,,,,,,,,,,,
457244897,-7,-194619161,-194619161,1715835312,2024-05-16 06:55:12,58.007505,56.234835,58.00819896273859,56.23476395501453,77.2785573460762,"https://sun9-55.userapi.com/s/v1/ig2/tNRiD7_9txxwFohuJ0D_Bav14e4j72sCrrYZiv-uGHfd7Gb9hpV-tpE5vM0DsUkupMSgGlOfbe7AUFkmNs1Mj8NM.jpg?quality=95&as=32x43,48x64,72x96,108x144,160x213,240x320,360x480,480x640,540x720,640x853,720x960,1080x1440,1280x1707,1440x1920,1920x2560&from=bu&cs=1920x0",,False,,synagogue,False,False,,,,,,,,,,,,,,,
457240329,-7,-20826401,-20826401,1569494293,2019-09-26 12:38:13,58.008416,56.235521,58.00819896273859,56.23476395501453,50.70903702825913,"https://sun9-80.userapi.com/s/v1/ig1/O-TSz9kk8xQXzIif2USPlsluvtq9cxebL5Ja4xGa5p5flNKHQE504V79Lfq7bSCVbreJ0pML.jpg?quality=96&as=32x32,48x48,72x72,108x108,160x160,240x240,360x360,480x480,540x540,640x640,720x720,1080x1080,1280x1280,1440x1440,2160x2160&from=bu&cs=2160x0",,False,,synagogue,False,False,,,,,,,,,,,,,,,
457247918,-7,-170690865,-170690865,1651658872,2022-05-04 12:07:52,58.008037,56.234451,58.00819896273859,56.23476395501453,25.772925586861483,"https://sun9-60.userapi.com/s/v1/ig2/6FIgM_VMBcKTiAP-a0DoBBP1T62H8LGmznTJhhR1P4cM5dEZ6F0pONnW3tr1Jyxe2gCeoHSSPKm-tYmE3Eg4JjaE.jpg?quality=96&as=32x43,48x64,72x96,108x144,160x214,240x320,360x481,480x641,540x721,640x855,720x961,1080x1442,1280x1709,1342x1792&from=bu&cs=1342x0",,False,,synagogue,True,False,,,,,,,,,,,,,,,
456240745,-7,-114203518,-114203518,1514567852,2017-12-29 18:17:32,58.008885,56.235559,58.00819896273859,56.23476395501453,89.51462707899451,"https://sun9-21.userapi.com/s/v1/ig1/UHsKnb29Z2QCjcnCZzy0tynCpFlnHpABsXltOQ1DoPlFXih6iA-TISTFvqBR3pgkc7nKqO30.jpg?quality=96&as=32x43,48x64,72x96,108x144,160x213,240x320,360x480,480x640,540x720,640x853,720x960,1080x1440,1152x1536&from=bu&cs=1152x0",,False,2188.0,synagogue,False,False,,,,,,,,,,,,,,,
456239035,-7,296177013,296177013,1478757815,2016-11-10 07:03:35,58.007568,56.234584,58.00819896273859,56.23476395501453,70.95628849201286,"https://sun9-74.userapi.com/s/v1/if1/vbTmHFpQnvpbIkkZhaFaSpRIB8LMIemF-UcjTTonyLBBEcjW-sCXgRijrdIcG2STBfd3Bp95.jpg?quality=96&as=32x24,48x36,72x54,108x81,160x120,240x180,360x270,480x360,540x405,640x480,720x540,960x720&from=bu&cs=960x0",,False,,synagogue,False,False,,,,,,,,,,,,,,,
457242603,-7,-96197086,-96197086,1729318552,2024-10-19 08:15:52,58.009011,56.2354,58.00819896273859,56.23476395501453,97.76015439301456,"https://sun9-61.userapi.com/s/v1/ig2/-Kf1U_sHKM3ui2ParArhjMPsXNM7L471QNYagYJqp6WaLKHphsWC6S94EssNe0gF2cspuARfkjxTiugApAlmh5xX.jpg?quality=95&as=32x39,48x58,72x87,108x131,160x194,240x291,360x436,480x582,540x654,640x775,720x872,1080x1308,1280x1551,1440x1745,2113x2560&from=bu&cs=2113x0",,False,,synagogue,False,False,,,,,,,,,,,,,,,
457242291,-7,-95724190,-95724190,1612271050,2021-02-02 14:04:10,58.008078,56.255835,58.00763133477656,56.255145877976155,64.14772003280514,"https://sun9-48.userapi.com/s/v1/ig2/XHXU5xDr-8NjLohKPQLIG4HiUuwoRPDGYXSDxRPPo_wlyMseHHssp1BNdgQJVqkf1rKx9hJWRw0ePlbc5qliAFmN.jpg?quality=96&as=32x32,48x48,72x72,108x108,160x160,240x240,360x360,480x480,540x540,640x640,720x720,1080x1080,1280x1280,1440x1440,1600x1600&from=bu&cs=1600x0",,False,,or avner habad community center,False,False,,,,,,,,,,,,,,,
457242201,-7,-69074087,-69074087,1572585475,2019-11-01 06:17:55,58.007757,56.234518,58.00819896273859,56.23476395501453,51.23553374200081,"https://sun9-75.userapi.com/s/v1/ig1/krxXadPptUMX0gaEV7WIR5D4Pf6U4YmvZ9-5THk8uNnDDn5O6OtkfDZB71Hi9hcGsD7cAYFC.jpg?quality=96&as=32x43,48x64,72x96,108x144,160x214,240x321,360x481,480x641,540x721,640x855,720x962,958x1280&from=bu&cs=958x0",,False,,synagogue,True,False,,,,,,,,,,,,,,,
457256075,-7,-170690865,-170690865,1678274680,2023-03-08 12:24:40,58.007722,56.234505,58.00819896273859,56.23476395501453,55.186284082187015,"https://sun9-77.userapi.com/s/v1/ig2/F4TxI62zJG75MNpIJU0I6zKZp-0yIbR7fqxE0D3q8r0PI7HNOUVzpNhr0IKDiW9DtcJofrsLsXzmCIM2hP8AXezN.jpg?quality=95&as=32x43,48x64,72x96,108x144,160x214,240x320,360x481,480x641,540x721,640x855,720x961,1080x1442,1280x1709,1342x1792&from=bu&cs=1342x0",,False,,synagogue,True,False,,,,,,,,,,,,,,,
436164182,-7,-39105410,-39105410,1476619980,2016-10-16 14:13:00,58.00894,56.234171,58.00819896273859,56.23476395501453,89.49790099788521,"https://sun9-38.userapi.com/s/v1/ig1/mxwv8pwHxKajmvCEjFp9nO2pwu8k1EEFWOUzfZrgSquDkNrA5iKkQvLR7ZmmHmdtuDxxBw.jpg?quality=96&as=32x38,48x56,72x85,108x127,160x188,240x282,360x423,480x564,540x635,640x752,720x846,817x960&from=bu&cs=817x0",,False,,synagogue,False,False,,,,,,,,,,,,,,,
457245772,-7,-194619161,-194619161,1731323951,2024-11-11 12:19:11,58.00831,56.234794,58.00819896273859,56.23476395501453,12.473002149656551,"https://sun9-44.userapi.com/s/v1/ig2/rqIuNUwW31DEcGcQA4Bn3ctkI_oARJxF4IMnjOIrrhMf6Q470jT2HVcMRuhjFSf-18QG-jWpkmQg3gbwZIkACj1f.jpg?quality=95&as=32x43,48x64,72x96,108x144,160x213,240x320,360x480,480x640,540x720,640x853,720x960,1080x1440,1280x1707,1440x1920,1920x2560&from=bu&cs=1920x0",,False,,synagogue,True,False,,,,,,,,,,,,,,,
457240353,-7,-194619161,-194619161,1652856688,2022-05-18 08:51:28,58.007715,56.234914,58.00819896273859,56.23476395501453,54.535328999557485,"https://sun9-71.userapi.com/s/v1/ig2/64okNsorxc84fqL29SIu6TnePb6hQk7r8_EwopnmuhWBR0Gjg7-oaSvKzpxCueh-Z4fJL-pZR3h_qw8V_k6YEgse.jpg?quality=96&as=32x43,48x64,72x96,108x144,160x213,240x320,360x480,480x640,540x721,640x854,720x961,1080x1441,1280x1708,1388x1852&from=bu&cs=1388x0",,False,,synagogue,False,False,,,,,,,,,,,,,,,
457256493,-7,-170690865,-170690865,1680693867,2023-04-05 13:24:27,58.007603,56.234426,58.00819896273859,56.23476395501453,69.19418746572408,"https://sun9-88.userapi.com/s/v1/ig2/fC_m6crG2tUYZYysK3nIotJ3KPXz3Ujt-23WxnPAGFBQC0-liDLqhHj6NpngbXOnI3tC5IPE7Pzpv4rOTTt9kRej.jpg?quality=95&as=32x43,48x64,72x96,108x144,160x214,240x320,360x481,480x641,540x721,640x855,720x961,1080x1442,1280x1709,1342x1792&from=bu&cs=1342x0",,False,,synagogue,False,False,,,,,,,,,,,,,,,
339893341,-7,243524378,243524378,1411721710,2014-09-26 10:55:10,58.008304,56.235891,58.00819896273859,56.23476395501453,67.41452665415308,"https://sun9-40.userapi.com/s/v1/ig2/70RAebxRJ0_ndqKrPi7IMF-bNzXGXuKLKbkJFcq_RwGB3ooWHRj-PEn3Ba9xq_B3MwYnCCyo1J6wVwD4QZaoddNE.jpg?quality=96&as=32x40,48x60,72x90,108x136,160x201,240x302,360x452,480x603,540x678,640x804,720x905,815x1024&from=bu&cs=815x0",,False,187.0,synagogue,False,False,,,,,,,,,,,,,,,
456239107,-7,178177660,178177660,1509452746,2017-10-31 13:25:46,58.008864,56.235757,58.00819896273859,56.23476395501453,94.29070569310528,"https://sun9-47.userapi.com/s/v1/ig1/4o_ybZnkdqC4hgnZ6TTROp8XA741Wa3l93IZ7jT_0Nfb-TSYyj35Zy8pU5p3HhqKzufkKvJk.jpg?quality=96&as=32x57,48x85,72x128,108x192,160x284,240x427,360x640,480x853,540x960,640x1138,720x1280,1080x1920,1215x2160&from=bu&cs=1215x0",,False,,synagogue,False,False,,,,,,,,,,,,,,,
456239815,-7,217802900,217802900,1532689941,2018-07-27 13:12:21,58.007947,56.235826,58.00819896273859,56.23476395501453,68.55273978324111,"https://sun9-70.userapi.com/s/v1/if1/YeoGM4LESOIA-eo05Fy1G_pdX2f8FFamvlK4xyHHFYLWy0LVfXyByumqDfphqY2V3oAfoqXD.jpg?quality=96&as=32x24,48x36,72x54,108x81,160x120,240x180,360x270,480x360,540x405,640x480,720x540,960x720&from=bu&cs=960x0",,False,1178.0,synagogue,True,False,,,,,,,,,,,,,,,
457272468,-7,-32557779,-32557779,1628684490,2021-08-11 14:21:30,58.007617,56.235152,58.00819896273859,56.23476395501453,68.6304852984064,"https://sun9-49.userapi.com/s/v1/ig2/Ad4P54sACxRCStVKy-1O11AeW4qb5M6aAq_Qd_gfV1dMiremuOgQnTcLIAIXzwV_PQ_mdtfJMhvLojvo9NYRxH9Z.jpg?quality=96&as=32x43,48x64,72x96,108x144,160x213,240x320,360x480,480x640,540x720,640x853,720x960,1080x1440,1218x1624&from=bu&cs=1218x0",,False,,synagogue,False,False,,,,,,,,,,,,,,,
457239265,-7,-214801568,-214801568,1666500671,2022-10-23 06:51:11,58.00831,56.234622,58.00819896273859,56.23476395501453,14.91232142906437,"https://sun9-83.userapi.com/s/v1/ig2/xktzd9UbhJBE1O3UCiW7nfUVki_fs-l3wmZAWD_tkO2EcO1ZvYgsaWuCW4dekOnLNgtVr5IO1Sl5odwdcmn_Fg9h.jpg?quality=95&as=32x43,48x64,72x96,108x144,160x214,240x321,360x481,480x642,540x722,640x855,720x962,1080x1444,1197x1600&from=bu&cs=1197x0",,False,,synagogue,True,True,,,,,,,,,,,,,,,
457247056,-7,399236598,399236598,1659973523,2022-08-08 17:45:23,58.00871,56.235493,58.00819896273859,56.23476395501453,71.22929634911168,"https://sun9-78.userapi.com/s/v1/ig2/vV8_iQxfMNvKRbxm_3c3VHZfOBat9_NjFdQysbu-cs-tloalMKho20qeWYvqyATe1HVjuNaUs4qi0t8JGeU0ohBx.jpg?quality=95&as=32x43,48x64,72x96,108x144,160x213,240x320,360x480,480x640,540x720,640x853,720x960,810x1080&from=bu&cs=810x0",,False,2789.0,synagogue,False,False,,,,,,,,,,,,,,,
457240708,301013678,-224421397,-224421397,1711791894,2024-03-30 10:44:54,58.008604,56.234423,58.00819896273859,56.23476395501453,49.31399479698315,"https://sun9-25.userapi.com/s/v1/ig2/fo3CTIwrQiUhzyy3Rdf17TWJegxhayXL8ljdTAYHS0s_JhBwFX00DUb7y3mHJWMCfWixmCwU2j5uDOlxr-vvtqle.jpg?quality=95&as=32x43,48x64,72x96,108x144,160x213,240x320,360x480,480x640,540x720,640x853,720x960,1080x1440,1280x1707,1440x1920,1920x2560&from=bu&cs=1920x0",,False,,synagogue,False,False,,,,,,,,,,,,,,,
414071271,-7,-27046955,-27046955,1464698120,2016-05-31 14:35:20,58.008716,56.233881,58.00819896273859,56.23476395501453,77.5300369220604,"https://sun9-6.userapi.com/s/v1/ig1/roKy_sw-7sv_iSyp1k8ucatkBugiZDMUBoLGho7kySZIw79rMPVnCF0Wp2xUcCfUd4tu3Q.jpg?quality=96&as=32x32,48x48,72x72,108x108,160x160,240x240,360x360,480x480,540x540,640x640,720x720,1080x1080,1280x1280,1440x1440,2160x2160&from=bu&cs=2160x0",,False,16056.0,synagogue,False,False,,,,,,,,,,,,,,,
457255419,-7,-170690865,-170690865,1674217661,2023-01-20 13:27:41,58.008205,56.234411,58.00819896273859,56.23476395501453,20.803708394636256,"https://sun9-73.userapi.com/s/v1/ig2/6e90tMXhOlPJEV4NB49kmd4-gD1Xgr-7D-RRTRMcHu4ykyGLQIXvb5zqQAIgl9WHr08S2VLftoNAfOqPKeERODEL.jpg?quality=95&as=32x43,48x64,72x96,108x144,160x213,240x320,360x480,480x640,540x720,640x853,720x960,1080x1440,1280x1707,1344x1792&from=bu&cs=1344x0",,False,,synagogue,True,False,,,,,,,,,,,,,,,
457257795,-7,-170690865,-170690865,1688043387,2023-06-29 14:56:27,58.007596,56.234492,58.00819896273859,56.23476395501453,68.93402153006282,"https://sun9-85.userapi.com/s/v1/ig2/PUH_jPqB_zYwfud0fN8UqD8ENDLEve8DKb8u_XdT9fBgKhT6KLF7xK9x1pcWbfzjJXqr07K0gr0MrUBkF1J_JWMl.jpg?quality=95&as=32x43,48x64,72x96,108x144,160x213,240x320,360x480,480x640,540x720,640x853,720x960,1080x1440,1280x1707,1398x1864&from=bu&cs=1398x0",,False,,synagogue,False,False,,,,,,,,,,,,,,,
457273151,-7,-32557779,-32557779,1638870449,2021-12-07 10:47:29,58.007736,56.23506,58.00819896273859,56.23476395501453,54.353151576930024,"https://sun9-38.userapi.com/s/v1/if2/SRIj2i-4droNKjKT96i60wUgEZba_stOL4DotCvzGcjUmSFbhiiFWOKGz7_ONELxQl63MjM85BwLozow6MpS9LPL.jpg?quality=96&as=32x24,48x36,72x54,108x81,160x120,240x180,360x270,480x360,540x405,640x480,720x540,1080x810,1280x960,1440x1080,1920x1440&from=bu&cs=1920x0",,False,,synagogue,False,False,,,,,,,,,,,,,,,
457243746,-6,199266018,199266018,1596372644,2020-08-02 14:50:44,58.007561,56.235338,58.00819896273859,56.23476395501453,78.5867216922049,"https://sun9-55.userapi.com/s/v1/ig2/gq7K3Vc-LeGK9P2oglemM3OM177akR8HtlpePi8_vj1p1WAgesnIhcyp3uhVxQPRShdEZHDI8_DueP_VDvKL7VCJ.jpg?quality=96&as=32x43,48x64,72x96,108x144,160x213,240x320,360x480,480x640,540x720,640x853,720x960,1080x1440,1280x1707,1440x1920,1620x2160&from=bu&cs=1620x0",,False,4110.0,synagogue,False,False,,,,,,,,,,,,,,,
457239640,-7,-148724804,-148724804,1637153126,2021-11-17 13:45:26,58.007533,56.235258,58.00819896273859,56.23476395501453,79.5659774473215,"https://sun9-73.userapi.com/s/v1/ig2/T8Rq7xhsA7tfSwRDhFJXSnDNe0Dhd5iW67_N8N1psQjlx97pSIB90VqzE40Nj2yGQuYKcU25hKp7P3GU3dYQ3aYk.jpg?quality=96&as=32x43,48x64,72x96,108x144,160x213,240x320,360x480,480x640,540x721,640x854,720x961,1080x1441,1280x1708,1388x1852&from=bu&cs=1388x0",,False,,synagogue,False,False,,,,,,,,,,,,,,,
457250177,-7,-39004558,-39004558,1663845860,2022-09-22 13:24:20,58.008311,56.235481,58.00819896273859,56.23476395501453,44.04042022475451,"https://sun9-8.userapi.com/s/v1/ig2/OguFxpjQqq4ygsD_rijZC5g2SDQM0nduNL_ve0v31UooJxCwyEZVVmKqHdKAnXMLE_v7wWueh5w8-v8cbHXt1jKT.jpg?quality=95&as=32x43,48x64,72x96,108x144,160x213,240x320,360x480,480x640,540x720,640x853,720x960,1080x1440,1280x1707,1440x1920&from=bu&cs=1440x0",,False,,synagogue,False,False,,,,,,,,,,,,,,,
456239795,-7,238663528,238663528,1490274815,2017-03-23 14:13:35,58.008199,56.235336,58.00819896273859,56.23476395501453,33.69965032183746,"https://sun9-57.userapi.com/s/v1/if1/UQVRZEh-5imKPyySxf6O0gxhAOWlxZen-b87ajr4Sbb3TMF_p-M7QC5RvSqvH2DilJrl20ap.jpg?quality=96&as=32x20,48x31,72x46,108x69,160x102,240x153,360x229,480x306,540x344,640x408,720x459,960x612&from=bu&cs=960x0",,False,2673.0,synagogue,False,False,,,,,,,,,,,,,,,
456240306,-7,-167874142,-167874142,1552489078,2019-03-13 15:57:58,58.007624,56.234915,58.00819896273859,56.23476395501453,64.54920417159433,"https://sun9-9.userapi.com/s/v1/ig1/cYcXAcy9Q-HrQ81BJCciQcMHYTp1-ZBpvvv6P7nVJYd3T-9WbY1tAYBbpRQ8ga65o4lrsA.jpg?quality=96&as=32x43,48x64,72x96,108x144,160x213,240x320,360x480,480x640,540x720,640x853,720x960,1080x1440,1280x1707,1440x1920,1620x2160&from=bu&cs=1620x0",,False,,synagogue,False,False,,,,,,,,,,,,,,,
457256694,-7,-170690865,-170690865,1681655000,2023-04-16 16:23:20,58.007722,56.234505,58.00819896273859,56.23476395501453,55.186284082187015,"https://sun9-82.userapi.com/s/v1/ig2/dTCoP_-EGf62y_K7y8_BBaDoTFHzt0fN-mOlANVSA6SXF8XSrTmsrfdMAJqaGu6tZN7o9ROa5t5yeRzCHP7pfcaB.jpg?quality=95&as=32x43,48x64,72x96,108x144,160x214,240x320,360x481,480x641,540x721,640x855,720x961,1080x1442,1280x1709,1342x1792&from=bu&cs=1342x0",,False,,synagogue,True,False,,,,,,,,,,,,,,,
456239254,-7,218070578,218070578,1498405210,2017-06-25 17:40:10,58.009046,56.235241,58.00819896273859,56.23476395501453,98.2894482982379,"https://sun9-16.userapi.com/s/v1/ig1/stRC7E571Pr9DRhgXQNL22fOVaMsVEcXKK9AViMBYmzOxQzNb6yEaNNgSM30feuBcwDd_nPT.jpg?quality=96&as=32x43,48x64,72x96,108x144,160x213,240x320,360x480,480x640,540x720,640x853,720x960&from=bu&cs=720x0",,False,,synagogue,False,False,,,,,,,,,,,,,,,
456245712,-7,212470699,212470699,1526804777,2018-05-20 10:26:17,58.008982,56.234118,58.00819896273859,56.23476395501453,95.02210978371764,"https://sun9-81.userapi.com/s/v1/ig1/i1jPDZOgJLYoptRoE_zasB7S8T40GGpUQGXmMgbgB6C3vfdr3UZRSBu1WR6ZUHiOkEVPf6Gc.jpg?quality=96&as=32x40,48x60,72x90,108x135,160x200,240x300,360x450,480x600,540x675,640x800,720x900,768x960&from=bu&cs=768x0",,False,15216.0,synagogue,False,False,,,,,,,,,,,,,,,
457240528,-7,331902019,331902019,1594482176,2020-07-11 17:42:56,58.008787,56.235282,58.00819896273859,56.23476395501453,72.15808889116514,"https://sun9-26.userapi.com/s/v1/ig2/ahhjReWu1hLLERyTSfFJDSUrDRYRjTXx5ZRUoaEwSLV3B_buGFk3EHHyUuT6mYVgVKajBbsV5QhgOWXSA-i6PzET.jpg?quality=96&as=32x43,48x64,72x96,108x144,160x213,240x320,360x480,480x640,540x720,640x853,720x960,816x1088&from=bu&cs=816x0",,False,,synagogue,False,False,,,,,,,,,,,,,,,
363898081,214613749,301873034,301873034,1429456437,2015-04-19 17:13:57,58.007729,56.23461,58.00819896273859,56.23476395501453,53.038688480875976,"https://sun9-41.userapi.com/s/v1/ig1/Y_QCKY67gmEIFpBDChAqf_YroOV4cEh3kware04MwdO0Rtmh1l_oAZQlSegJtdQ-WeN0uR7k.jpg?quality=96&as=32x43,48x64,72x97,108x145,160x215,240x322,360x483,480x644,540x724,640x858,716x960&from=bu&cs=716x0",,False,,synagogue,True,False,,,,,,,,,,,,,,,
457239787,-7,-218196818,-218196818,1703061104,2023-12-20 09:31:44,58.007806,56.234914,58.00819896273859,56.23476395501453,44.580569031556806,"https://sun9-44.userapi.com/s/v1/ig2/XyagAy_YMeruvV-Bh9n2fVppnFuskwai2c1g7-4c_g1a-K-EXttl15p_XOvI7xbtEbl0G5DjFRmurzQ0YNgJGr1i.jpg?quality=95&as=32x43,48x64,72x96,108x144,160x213,240x320,360x480,480x640,540x720,640x853,720x960,1080x1440,1280x1707,1440x1920,1920x2560&from=bu&cs=1920x0",,False,,synagogue,True,False,,,,,,,,,,,,,,,
457240322,300940670,-224421397,-224421397,1711280169,2024-03-24 12:36:09,58.008604,56.234423,58.00819896273859,56.23476395501453,49.31399479698315,"https://sun9-22.userapi.com/s/v1/ig2/OEgx5N0kIC_pHwhhUpxNiX5ur3sJfdmqHyOfoOgtTZ6jysimCnAZ01ovBFJEXbTPZnxLowRyBmHj-AkQ4A1Cpx7b.jpg?quality=95&as=32x43,48x64,72x96,108x144,160x213,240x320,360x480,480x640,540x720,640x853,720x960,1080x1440,1280x1707,1440x1920,1920x2560&from=bu&cs=1920x0",,False,,synagogue,False,False,,,,,,,,,,,,,,,
457239447,-7,-141558168,-141558168,1723028976,2024-08-07 13:09:36,58.009011,56.2354,58.00819896273859,56.23476395501453,97.76015439301456,"https://sun9-23.userapi.com/s/v1/ig2/XXgDIeKg3XgZLUc5Zd0s5-z57hY-DgF-14FbYx0Vs7-GXkSBaSUK5lMWnwqVVSzA6R3yCAR7-QU02pkbdlXzMC_y.jpg?quality=95&as=32x43,48x64,72x96,108x144,160x213,240x320,360x480,480x640,540x720,640x853,720x960,1080x1440,1280x1707,1440x1920,1920x2560&from=bu&cs=1920x0",,False,,synagogue,False,False,,,,,,,,,,,,,,,
457253840,-7,-119441997,-119441997,1741957265,2025-03-14 14:01:05,58.008696,56.235797,58.00819896273859,56.23476395501453,82.20793038009836,"https://sun9-60.userapi.com/s/v1/ig2/9MEpxPI-OkeIckJ7e22y0jt8vJau4fCLfftkdvbkyy1uaNtClCWi9D34QD5a6bZ53C2EzxZ4XDUaKy-8hFoPsFxA.jpg?quality=95&as=32x57,48x85,72x128,108x192,160x284,240x427,360x640,480x853,540x960,640x1138,720x1280,1080x1920,1280x2276,1440x2560&from=bu&cs=1440x0",,False,,synagogue,False,False,,,,,,,,,,,,,,,
457254110,-7,-170690865,-170690865,1666090117,2022-10-18 12:48:37,58.007596,56.234492,58.00819896273859,56.23476395501453,68.93402153006282,"https://sun9-68.userapi.com/s/v1/ig2/LvN8Ud_YoTKXXHlq84xUh6-UuJxFp9NAtkDUN8tZnNhnb_0v-GcGw_l-vHHf0Bw2kSSA_a611Pe6f3lDq30q3Yyq.jpg?quality=95&as=32x43,48x64,72x96,108x144,160x213,240x320,360x480,480x640,540x720,640x853,720x960,1080x1440,1280x1707,1344x1792&from=bu&cs=1344x0",,False,,synagogue,False,False,,,,,,,,,,,,,,,
457254572,-7,-170690865,-170690865,1668684426,2022-11-17 12:27:06,58.007806,56.234399,58.00819896273859,56.23476395501453,48.698462152861765,"https://sun9-39.userapi.com/s/v1/ig2/3JXvOnA6ya79ZGLfZhtqgRvv-iLFXOtAZOfjYqu80l5q1v5AKcrKDRDEQi_koWAJmC9eBs2xbcSza9v_DuDCPM-K.jpg?quality=95&as=32x43,48x64,72x96,108x144,160x213,240x320,360x480,480x640,540x720,640x853,720x960,1080x1440,1280x1707,1344x1792&from=bu&cs=1344x0",,False,,synagogue,True,False,,,,,,,,,,,,,,,
457255163,-7,-170690865,-170690865,1672820010,2023-01-04 09:13:30,58.0081,56.2342,58.00819896273859,56.23476395501453,34.99809122761084,"https://sun9-77.userapi.com/s/v1/ig2/SAVzHmBKzPXFei6GL0-gg5F3Ym4KjpWtwizb4xKkxhq8nOHukUqnSsdC1yiAfjosssc79XP42d7nnDEjtvm5rzu7.jpg?quality=95&as=32x43,48x64,72x96,108x144,160x213,240x320,360x480,480x640,540x720,640x853,720x960,1080x1440,1280x1707,1344x1792&from=bu&cs=1344x0",,False,,synagogue,False,False,,,,,,,,,,,,,,,
456239021,-7,522600039,522600039,1545473624,2018-12-22 11:13:44,58.008885,56.235215,58.00819896273859,56.23476395501453,80.77905397664411,"https://sun9-49.userapi.com/s/v1/ig1/ddGORLKganIDHA7_xXBVRrzVfkD3xxffyoWMM_sbL6niZw_yH0PtIGLfT0AINb5vCQMJJYF5.jpg?quality=96&as=32x32,48x48,72x72,108x108,160x160,240x240,360x360,480x480,540x540,640x640,720x720,960x960&from=bu&cs=960x0",,False,2.0,synagogue,False,False,,,,,,,,,,,,,,,
457240305,-7,70091818,70091818,1571497275,2019-10-19 17:01:15,58.008822,56.23581,58.00819896273859,56.23476395501453,92.7194576366204,"https://sun9-16.userapi.com/s/v1/ig2/p7LKXARexWSV7Uos_zV4KvLTp5rU2QBXrxUD57b-G8M50Q-jfDowqCE3B5Z0QpOD1Yeh16E_qQhmgwHxaAP5dxEh.jpg?quality=96&as=32x43,48x64,72x96,108x144,160x213,240x320,360x480,480x640,540x720,640x853,720x960,1000x1333&from=bu&cs=1000x0",,False,,synagogue,False,False,,,,,,,,,,,,,,,
457248181,-7,-36630175,-36630175,1653653179,2022-05-27 14:06:19,58.008773,56.235242,58.00819896273859,56.23476395501453,69.76646874667867,"https://sun9-84.userapi.com/s/v1/ig2/AH91Bhp8-O9iKibSmhyOKJLSb_sWO2jirH3NwZyblyZkesSMQxPKaKxSmZU40YkranvzqtMfWWss49OcrsYFygAI.jpg?quality=96&as=32x43,48x64,72x96,108x144,160x213,240x320,360x480,480x640,540x720,640x853,720x960,1080x1440,1280x1707,1344x1792&from=bu&cs=1344x0",,False,,synagogue,False,False,,,,,,,,,,,,,,,
457255902,-7,-170690865,-170690865,1677332405,2023-02-25 14:40:05,58.008023,56.234411,58.00819896273859,56.23476395501453,28.55136751134135,"https://sun9-50.userapi.com/s/v1/ig2/S-xsK5F6qII1vOs6xifpEbWi0fjwVoYzbFLjmIhYOrLOvhOLqBEO3I6E948sWyX2uJQKx7Ws0YKiVPBg6_1bVQ8n.jpg?quality=95&as=32x43,48x64,72x96,108x144,160x214,240x320,360x481,480x641,540x721,640x855,720x961,1080x1442,1280x1709,1342x1792&from=bu&cs=1342x0",,False,,synagogue,False,False,,,,,,,,,,,,,,,
457240277,300940532,-224421397,-224421397,1711279802,2024-03-24 12:30:02,58.008611,56.234185,58.00819896273859,56.23476395501453,57.11744669129449,"https://sun9-61.userapi.com/s/v1/if2/dh1SzMxqx9RUx1_augxVSccz0vf6LL21LJwLf2VT-7dixXRaqgGJ3Lhzjm2i4UB1W9SyHHYc0-RPZgvSz2mbIqWU.jpg?quality=95&as=32x24,48x36,72x54,108x81,160x120,240x180,360x270,480x360,540x405,640x480,720x540,1080x810,1280x960,1440x1080,2560x1920&from=bu&cs=2560x0",,False,,synagogue,False,False,,,,,,,,,,,,,,,
457255491,-7,-170690865,-170690865,1674560480,2023-01-24 12:41:20,58.008023,56.234411,58.00819896273859,56.23476395501453,28.55136751134135,"https://sun9-81.userapi.com/s/v1/ig2/XwlmBOqEoMFwAX6cOz8KlxAgRXpxcGsucUAAI-EjnrzNG_mZ9oIsu5kToz2ypLy9JvGugSQHb1GOabTw4cphm0qR.jpg?quality=95&as=32x43,48x64,72x96,108x144,160x213,240x320,360x480,480x640,540x720,640x853,720x960,1080x1440,1280x1707,1344x1792&from=bu&cs=1344x0",,False,,synagogue,False,False,,,,,,,,,,,,,,,
456239130,-7,-224696905,-224696905,1715162731,2024-05-08 12:05:31,58.007603,56.235285,58.00819896273859,56.23476395501453,73.03193153050607,"https://sun9-4.userapi.com/s/v1/ig2/oXDB6IY-xwYJRVIUXUowqAID1oDNY0cd7kwJfzS9CUFE0vUl0QoIG2oX-Bt4b0_O0u1BvKe8bKDQE3nCE8QuVQze.jpg?quality=95&as=32x38,48x56,72x85,108x127,160x188,240x282,360x423,480x564,540x634,640x752,720x845,1080x1268,1280x1503,1440x1691,2180x2560&from=bu&cs=2180x0",,False,,synagogue,False,False,,,,,,,,,,,,,,,
457239758,-7,-194619161,-194619161,1647674262,2022-03-19 08:17:42,58.007842,56.235443,58.00819896273859,56.23476395501453,56.3538374152652,"https://sun9-85.userapi.com/s/v1/ig2/gakCkgrDN8AZ61htEUcWV1yUavunM9bXxJ6nZdpcmxamqUUgVFwhkAgO0I0w4ZAghtbzqAKn1QvTiR_TjO90WMO8.jpg?quality=96&as=32x43,48x64,72x96,108x144,160x213,240x320,360x480,480x640,540x721,640x854,720x961,1080x1441,1280x1708,1388x1852&from=bu&cs=1388x0",,False,,synagogue,True,False,,,,,,,,,,,,,,,
456239022,-7,351702276,351702276,1479913441,2016-11-23 16:04:01,58.00857,56.235441,58.00819896273859,56.23476395501453,57.38464790768188,"https://sun9-14.userapi.com/s/v1/ig1/jShdMFU6_ubMdSNN6hWT3Qa12NU6rg9mlB8kpWtsLT61XQru2iFFNqneTu4zzyAX8WqN0A.jpg?quality=96&as=32x43,48x64,72x96,108x144,160x213,240x319,360x479,480x639,540x719,640x852&from=bu&cs=640x0",,False,138.0,synagogue,False,False,,,,,,,,,,,,,,,
457279301,-7,-32557779,-32557779,1653050761,2022-05-20 14:46:01,58.007512,56.235285,58.00819896273859,56.23476395501453,82.32345992732049,"https://sun9-14.userapi.com/s/v1/ig2/a9coCVckV1JhOVAiKuWTBvQQboH_zycv0X94b4DWjXx7MLlXlF-D7P9VYBERB2YgCSSPq-26hYXC7vZsCcnEkl4z.jpg?quality=95&as=32x43,48x64,72x96,108x144,160x213,240x320,360x480,480x640,540x721,640x854,720x961,1080x1441,1280x1708,1388x1852&from=bu&cs=1388x0",,False,,synagogue,False,False,,,,,,,,,,,,,,,
286937089,161379169,16874169,16874169,1344765639,2012-08-12 12:00:39,58.008234,56.235349,58.00819896273859,56.23476395501453,34.68497448972285,"https://sun9-69.userapi.com/s/v1/if1/1HKwh30mMWyf3OFDfYT0TnlRWD-BChLftUuNaVO-gr0UD_X4AuhMUm8NNU8fH7vnDpuSOA.jpg?quality=96&as=32x21,48x32,72x48,108x72,160x107,240x160,360x240,480x320,540x360,640x426,720x480,1080x720,1280x853&from=bu&cs=1280x0",,False,,synagogue,False,False,,,,,,,,,,,,,,,
457240584,301013678,-224421397,-224421397,1711789850,2024-03-30 10:10:50,58.008604,56.234423,58.00819896273859,56.23476395501453,49.31399479698315,"https://sun9-69.userapi.com/s/v1/ig2/0HexGFPUGs2I0Izoa_Mv5gYm_3uIn4VAb90p6utG6gO364uJpkET2YzuGmxPl6jVp9BccLrnJH5EK_H1rFiY6HzB.jpg?quality=95&as=32x43,48x64,72x96,108x144,160x213,240x320,360x480,480x640,540x720,640x853,720x960,1080x1440,1280x1707,1440x1920,1920x2560&from=bu&cs=1920x0",,False,,synagogue,False,False,,,,,,,,,,,,,,,
457253603,-7,-170690865,-170690865,1663241357,2022-09-15 13:29:17,58.007715,56.234399,58.00819896273859,56.23476395501453,57.95011791683787,"https://sun9-55.userapi.com/s/v1/ig2/LsJgWa2xWTs5Y5_WCP0kPBOlJflZvlWUtSQ32RMlgMs_Zs6kiiZRY0A-k8tNIT6BD0sa_qwmvfSf39g1qXyYMaiG.jpg?quality=95&as=32x43,48x64,72x96,108x144,160x213,240x320,360x480,480x640,540x720,640x853,720x960,1080x1440,1280x1707,1344x1792&from=bu&cs=1344x0",,False,,synagogue,True,False,,,,,,,,,,,,,,,
457252837,-7,-106016546,-106016546,1619784338,2021-04-30 14:05:38,58.007813,56.234333,58.00819896273859,56.23476395501453,49.86412382494944,"https://sun9-79.userapi.com/s/v1/ig2/NyqSzpAloVA9pPDn-P60xdavTiLjo94KwDuBbiO1cLmxMNKUHiFwDAMfBkuFdmqYBQOk_NyWMhDg_jFhA5Bbub4P.jpg?quality=96&as=32x43,48x64,72x96,108x144,160x213,240x320,360x480,480x640,540x720,640x853,720x960,1080x1440,1280x1707,1440x1920&from=bu&cs=1440x0",,False,,synagogue,True,False,,,,,,,,,,,,,,,
434125730,-7,360281420,360281420,1475904947,2016-10-08 07:35:47,58.008099,56.233512,58.00819896273859,56.23476395501453,74.58671099078752,"https://sun9-50.userapi.com/s/v1/if1/lPhkR8W7OuwIIFTbgSsPwZvmgTYYu1KgmbSSrJp2p9dEV5wbWOY2Ywirmf008T3rBuiQ8w.jpg?quality=96&as=32x24,48x36,72x54,108x81,160x120,240x180,360x270,480x360,540x405,640x480,720x540,960x720&from=bu&cs=960x0",,False,,synagogue,False,False,,,,,,,,,,,,,,,
456239051,-7,296177013,296177013,1478932194,2016-11-12 07:29:54,58.007421,56.234598,58.00819896273859,56.23476395501453,87.05622430775611,"https://sun9-51.userapi.com/s/v1/if1/wI6YML3y1qgspdNgsF0ev-4u-XFZofqfb1u3H2pgMLcKJ3w1Uw9UVCZuF9UFnGLjhcY7HKKz.jpg?quality=96&as=32x21,48x31,72x47,108x70,160x104,240x156,360x234,480x312,540x351,640x416,720x468,960x624&from=bu&cs=960x0",,False,,synagogue,False,False,,,,,,,,,,,,,,,
457255736,-7,-170690865,-170690865,1676207756,2023-02-12 14:15:56,58.008002,56.234094,58.00819896273859,56.23476395501453,45.137191352424544,"https://sun9-57.userapi.com/s/v1/ig2/soUzdOh6X7T_6VwrWJDO-MctDV-tN-HSfiCddJXTdDseFWp4SX_f-YZ91lcl3A7QaD2pEuAw-shLxnX5jnEye824.jpg?quality=95&as=32x43,48x64,72x96,108x144,160x213,240x320,360x480,480x640,540x720,640x853,720x960,1080x1440,1280x1707,1344x1792&from=bu&cs=1344x0",,False,,synagogue,False,False,,,,,,,,,,,,,,,
457244835,-7,-194619161,-194619161,1714295516,2024-04-28 11:11:56,58.007708,56.23498,58.00819896273859,56.23476395501453,56.05655129592779,"https://sun9-34.userapi.com/s/v1/ig2/92A8M9Kp92R3DUQ763Rc3stZoaeG3Xf3hJH4bqeI6FD2Lt9hHySm1CkmLsmwqgPFMU5Nd8-8VTksKG0gx0aK7uL8.jpg?quality=95&as=32x43,48x64,72x96,108x144,160x213,240x320,360x480,480x640,540x720,640x853,720x960,1080x1440,1280x1707,1440x1920,1920x2560&from=bu&cs=1920x0",,False,,synagogue,False,False,,,,,,,,,,,,,,,
456244328,-7,261660768,261660768,1533637440,2018-08-07 12:24:00,58.008507,56.23552,58.00819896273859,56.23476395501453,56.18664527262024,"https://sun9-46.userapi.com/s/v1/ig1/_x-vtf1QhfpYZbN0NUEfQtOAsAIEATcL69j2kyyhz1jC4RShZHyReR4kVGr7kiZJ1FFE784y.jpg?quality=96&as=32x40,48x60,72x90,108x135,160x200,240x300,360x450,480x600,540x675,640x800,720x900,768x960&from=bu&cs=768x0",,False,,synagogue,False,False,,,,,,,,,,,,,,,
456241458,-7,-161325318,-161325318,1555781461,2019-04-20 19:31:01,58.008323,56.255068,58.00763133477656,56.255145877976155,77.04638262258393,"https://sun9-48.userapi.com/s/v1/if1/kVmN3Ivu2TEvntQly6ao6r_jTdPzZR5mGcE2NxNRCynJfflVc8i__7j5hjRUjahKrnQ4MHk6.jpg?quality=96&as=32x24,48x36,72x54,108x81,160x120,240x180,360x270,480x360,540x405,640x480,720x540,960x720&from=bu&cs=960x0",,False,,or avner habad community center,True,False,,,,,,,,,,,,,,,
457239967,-7,-194619161,-194619161,1649058564,2022-04-04 09:49:24,58.007842,56.235443,58.00819896273859,56.23476395501453,56.3538374152652,"https://sun9-61.userapi.com/s/v1/ig2/udLr84hvvg425zs1TjF6s_7d007hH9dh6BcYpYTAvMIgWBKl7TDGkBMdv9NuBGyc6ZTUvtRJQSfScezBb2qKSrXB.jpg?quality=96&as=32x43,48x64,72x96,108x144,160x213,240x320,360x480,480x640,540x721,640x854,720x961,1080x1441,1280x1708,1388x1852&from=bu&cs=1388x0",,False,,synagogue,True,False,,,,,,,,,,,,,,,
457246785,-7,-101847722,-101847722,1654237772,2022-06-03 08:29:32,58.007505,56.235007,58.00819896273859,56.23476395501453,78.48227077708103,"https://sun9-27.userapi.com/s/v1/ig2/h6tfJoaQASQUqiSVxAm59cOnsan6DihwXDHYli_6HTjk_3sauLqbwS_-V0NWJrGr6qcwOEfRhJM9I-qUeMi-P1LG.jpg?quality=95&as=32x46,48x69,72x103,108x155,160x229,240x344,360x516,480x688,540x774,640x918,720x1032,1080x1548,1116x1600&from=bu&cs=1116x0",,False,6426.0,synagogue,False,False,,,,,,,,,,,,,,,
366108640,-7,-79518989,-79518989,1431866831,2015-05-17 14:47:11,58.007639,56.235641,58.00819896273859,56.23476395501453,80.9104440004562,"https://sun9-21.userapi.com/s/v1/ig1/gKFQFRWtGGlVEG4iDLT-ma9Hu3rhwwawuqmxKC8q_GPjNM2BBQsJJMdN73l6EuC-uIhFWxLs.jpg?quality=96&as=32x51,48x77,72x116,108x174,160x257,240x386,360x578,480x771,540x868,640x1028,720x1157,900x1446&from=bu&cs=900x0",,False,,synagogue,False,False,,,,,,,,,,,,,,,
457256561,-7,-170690865,-170690865,1681041331,2023-04-09 13:55:31,58.007596,56.234492,58.00819896273859,56.23476395501453,68.93402153006282,"https://sun9-78.userapi.com/s/v1/ig2/5kDYtJ4cK3Mk4k2U6Xi1la2lUxp-AwTX5IrOiU5pfwLpxuKtWtIEqEYdi1dCIf7_WOOCHkTf6y83lJqpAS_3Cbgz.jpg?quality=95&as=32x43,48x64,72x96,108x144,160x214,240x320,360x481,480x641,540x721,640x855,720x961,1080x1442,1280x1709,1342x1792&from=bu&cs=1342x0",,False,,synagogue,False,False,,,,,,,,,,,,,,,
456243593,-7,261660768,261660768,1526839706,2018-05-20 20:08:26,58.007744,56.235681,58.00819896273859,56.23476395501453,74.01297281835267,"https://sun9-42.userapi.com/s/v1/ig1/UlCht003NkbicR0ZiNogvgjXgdp-lu26QXSte8eTw_e_cIAQWxnd20O9OoNV066fgb1n41ij.jpg?quality=96&as=32x34,48x50,72x76,108x113,160x168,240x252,360x378,480x504,540x567,640x672,720x756,914x960&from=bu&cs=914x0",,False,,synagogue,True,False,,,,,,,,,,,,,,,
457240700,-7,-194619161,-194619161,1658314446,2022-07-20 12:54:06,58.007806,56.235086,58.00819896273859,56.23476395501453,47.636456085795615,"https://sun9-77.userapi.com/s/v1/ig2/s0u4bXiRB1k5LknjagBFE4MhzPdmZ47ijRYZXAmusAkwbivWH3tqOp3p22IYIltOGsGQRPJys7em84xmvCV2R69_.jpg?quality=95&as=32x43,48x64,72x96,108x144,160x213,240x320,360x480,480x640,540x721,640x854,720x961,1080x1441,1280x1708,1388x1852&from=bu&cs=1388x0",,False,,synagogue,True,False,,,,,,,,,,,,,,,
457242759,273583808,-198654004,-198654004,1637320688,2021-11-19 12:18:08,58.008114,56.233896,58.00819896273859,56.23476395501453,51.99747304249632,"https://sun9-65.userapi.com/s/v1/ig2/idjfNCmgf4bo8uMM5GO8khjfe6-wk_FJluCuzBl8yai7RMdi4KOUvwIAJzlJC9SWCIg9dDwAtigfIevu5cxFL6Bv.jpg?quality=96&as=32x43,48x64,72x96,108x144,160x213,240x320,360x480,480x640,540x720,640x853,720x960,1080x1440,1104x1472&from=bu&cs=1104x0",,False,,synagogue,False,False,,,,,,,,,,,,,,,
457256058,-7,-170690865,-170690865,1678265024,2023-03-08 09:43:44,58.007904,56.234504,58.00819896273859,56.23476395501453,36.19748746981516,"https://sun9-58.userapi.com/s/v1/ig2/-DPHBvxdTcxZ3kHS4bLHSpnyro4Ypn34LEwjG27iZoA5wVLHmU2KIQjS8ggbagq4ioROxkGo_QCkWEJrY1dRF6B8.jpg?quality=95&as=32x43,48x64,72x96,108x144,160x214,240x320,360x481,480x641,540x721,640x855,720x961,1080x1442,1280x1709,1342x1792&from=bu&cs=1342x0",,False,,synagogue,True,False,,,,,,,,,,,,,,,
457257425,-7,-170690865,-170690865,1685454085,2023-05-30 15:41:25,58.007715,56.234399,58.00819896273859,56.23476395501453,57.95011791683787,"https://sun9-19.userapi.com/s/v1/ig2/nQJeJOVrgnIoUwN84lJLu7vOHgOiW7KYOR-NlHpdVMxkEvWwWip2mPASGvjJa-t_lRGakXVXjRs1YE64AF-W5S-S.jpg?quality=95&as=32x43,48x64,72x96,108x144,160x213,240x320,360x480,480x640,540x720,640x853,720x960,1080x1440,1280x1707,1398x1864&from=bu&cs=1398x0",,False,,synagogue,True,False,,,,,,,,,,,,,,,
457256086,-7,-170690865,-170690865,1678367501,2023-03-09 14:11:41,58.007722,56.234505,58.00819896273859,56.23476395501453,55.186284082187015,"https://sun9-7.userapi.com/s/v1/ig2/pyp9BgOat4iLVZ2yfCUVbxkVT1qx4ncdpm_0I0HN51hrAcotF2uoJ3T9BeoV70-IxVh9WtrW33kLOuJPYfUKsbau.jpg?quality=95&as=32x57,48x85,72x128,108x192,160x284,240x427,360x640,480x853,540x960,640x1138,720x1280,1008x1792&from=bu&cs=1008x0",,False,,synagogue,True,False,,,,,,,,,,,,,,,
456240562,-6,179178268,179178268,1532432947,2018-07-24 13:49:07,58.008037,56.234795,58.00819896273859,56.23476395501453,18.102060180453712,"https://sun9-14.userapi.com/s/v1/ig1/jwVJh5Lnq6ONYe3nRusn173D2moNVXixc5EcTw1OmthdDN-T3FmOVAB7ngfjn5a8kXKjKa8J.jpg?quality=96&as=32x43,48x64,72x96,108x144,160x213,240x320,360x480,480x640,540x720,640x853,720x960,1080x1440,1280x1707,1440x1920,1536x2048&from=bu&cs=1536x0",,False,8932.0,synagogue,True,True,,,,,,,,,,,,,,,
457255451,-7,-170690865,-170690865,1674292522,2023-01-21 10:15:22,58.007722,56.234505,58.00819896273859,56.23476395501453,55.186284082187015,"https://sun9-64.userapi.com/s/v1/ig2/CTV4KR6jg9XnXFdz3oI_3Jx7nDgbsUcePQPMAEHoMNlW5Wpo503mdlEV4Wsl335DYt-yBdJIa_1Db_8orlKlpx9m.jpg?quality=95&as=32x43,48x64,72x96,108x144,160x213,240x320,360x480,480x640,540x720,640x853,720x960,1080x1440,1280x1707,1344x1792&from=bu&cs=1344x0",,False,,synagogue,True,False,,,,,,,,,,,,,,,
457239047,-7,703451632,703451632,1669807163,2022-11-30 12:19:23,58.007603,56.234597,58.00819896273859,56.23476395501453,66.99395556104398,"https://sun9-50.userapi.com/s/v1/ig2/PxR2Mh_Okvak2yQuwaEekCGz-7CNI_6GCD9Zun-FYaF5uIgD-UY9WElf9d-wQILN40ntlLklhbQ55Y2MKSJdGmzg.jpg?quality=95&as=32x43,48x64,72x96,108x144,160x213,240x320,360x480,480x640,540x720,640x853,720x960,1080x1440,1280x1707,1440x1920&from=bu&cs=1440x0",,False,17.0,synagogue,False,False,,,,,,,,,,,,,,,
457250786,-7,261660768,261660768,1597902774,2020-08-20 07:52:54,58.008149,56.23494,58.00819896273859,56.23476395501453,11.765272683364431,"https://sun9-77.userapi.com/s/v1/ig2/2oRh-vbsqlhwNmkHuU50-NpPTqkGbWEQ_96lp49TpNjuNePKL2WnfYnrHxh7YBKFO_diUZXXXepM4xvp2-_vEzBk.jpg?quality=96&as=32x43,48x64,72x96,108x144,160x214,240x320,360x481,480x641,540x721,640x855,720x961,1080x1442,1280x1709,1342x1792&from=bu&cs=1342x0",,False,,synagogue,True,False,,,,,,,,,,,,,,,
457253575,-7,-170690865,-170690865,1663150943,2022-09-14 12:22:23,58.007722,56.234505,58.00819896273859,56.23476395501453,55.186284082187015,"https://sun9-37.userapi.com/s/v1/ig2/eIDWdG-nrbTaazpHlweZzaz_xzZnXlZxGq28UPDeVj_4AmIRwG8A_5RbG4rWL5CkUjzfPsK_UO-fRE_aM2EYSvxY.jpg?quality=95&as=32x43,48x64,72x96,108x144,160x213,240x320,360x480,480x640,540x720,640x853,720x960,1080x1440,1280x1707,1344x1792&from=bu&cs=1344x0",,False,,synagogue,True,False,,,,,,,,,,,,,,,
457257291,-7,-170690865,-170690865,1684673067,2023-05-21 14:44:27,58.008009,56.2342,58.00819896273859,56.23476395501453,39.36945999234532,"https://sun9-65.userapi.com/s/v1/ig2/BmJ36Yug91dW0Xpvd1YodugXamxVfZvPtFDoBsKn6zwRqs6U3M8gfZcOPg1sB6vs2wiR8LlkqdQeSfAW9GmKrz_L.jpg?quality=95&as=32x43,48x64,72x96,108x144,160x213,240x320,360x480,480x640,540x720,640x853,720x960,1080x1440,1280x1707,1398x1864&from=bu&cs=1398x0",,False,,synagogue,False,False,,,,,,,,,,,,,,,
457240414,-7,-20826401,-20826401,1581940540,2020-02-17 12:55:40,58.007582,56.234624,58.00819896273859,56.23476395501453,69.09680144060825,"https://sun9-59.userapi.com/s/v1/ig2/UMT9HA6-1-mT2PIGv9-DPf4StPAif6AMiBhrCeP_0PkZKFBSnwUjgSeZQJCideRa5LthfGfgh7JmJXQ1Nx46vbbx.jpg?quality=96&as=32x64,48x96,72x144,108x216,160x320,240x480,360x720,480x960,540x1080,640x1280,720x1440,1080x2160&from=bu&cs=1080x0",,False,,synagogue,False,False,,,,,,,,,,,,,,,
457251642,-7,-170690865,-170690865,1655203625,2022-06-14 12:47:05,58.007799,56.234293,58.00819896273859,56.23476395501453,52.41830941546784,"https://sun9-86.userapi.com/s/v1/ig2/xO0SEwB98KqYX9ekrJf9Be1FN3wx3rOBw8SsHx4cip0ZxZsqLVRhAbEDDwImFC2PQkjlh38QrYedLJUQlGW-ZNEK.jpg?quality=95&as=32x43,48x64,72x96,108x144,160x213,240x320,360x480,480x640,540x720,640x853,720x960,1080x1440,1280x1707,1344x1792&from=bu&cs=1344x0",,False,,synagogue,True,False,,,,,,,,,,,,,,,
457240062,-7,-199522335,-199522335,1622826626,2021-06-04 19:10:26,58.007322,56.255757,58.00763133477656,56.255145877976155,49.79248770914125,"https://sun9-9.userapi.com/s/v1/if2/fNpmorkcPIvRONZgouhBCj0T3MjP5LwsXgZFZs_w5EQ8IOAI-9Z3jE9pQFwvd_uuSoRx5kXn0e9gSozSOm-khMRF.jpg?quality=96&as=32x15,48x22,72x34,108x50,160x75,240x112,360x168,480x224,540x252,640x299,720x337,1080x505,1280x598,1440x673,1600x748&from=bu&cs=1600x0",,False,,or avner habad community center,True,False,,,,,,,,,,,,,,,
457321213,301537621,-43730800,-43730800,1753352393,2025-07-24 12:19:53,58.0078,56.236011,58.00819896273859,56.23476395501453,85.8203422920039,"https://sun9-85.userapi.com/s/v1/ig2/3KxHh5Ab3Ou1NI8qz1hX4QXVGnLF2HD_4gcFE0fBgablU9jD0JJtU1tILCas38piuNwRKoTG163pSp5L6EB4uOyT.jpg?quality=95&as=32x43,48x64,72x96,108x144,160x213,240x320,360x480,480x640,540x720,640x853,720x960,1080x1440,1280x1707,1440x1920,1920x2560&from=bu&cs=1920x0",Продано,False,,synagogue,True,False,,,,,,,,,,,,,,,
457322557,286691131,-43730800,-43730800,1761122857,2025-10-22 10:47:37,58.007695,56.2358,58.00819896273859,56.23476395501453,82.8583389920959,"https://sun9-66.userapi.com/s/v1/if2/wiANc0t_XpGW_rT4JqBwHtCsLPRp01M5l1t6e1IeP243myvLZzB_A7Xpj4I0x-Hvk3Yu9TCo__gcDC31ZO_yUcgq.jpg?quality=95&as=32x31,48x46,72x69,108x103,160x153,240x229,360x344,480x458,540x516,640x611,720x687,1080x1031,1280x1222,1440x1375,2560x2444&from=bu&cs=2560x0","6400-30%= 4200₽ (оплата наличными)

Размер 42/46",False,,synagogue,True,False,,,,,,,,,,,,,,,
456240009,-7,-13831720,-13831720,1551603053,2019-03-03 09:50:53,58.007988,56.234055,58.00819896273859,56.23476395501453,47.90212816640861,"https://sun9-31.userapi.com/s/v1/ig2/gldSBYAeI74-mOeu_yU1ZtkYzR47u93VvQLux5K__oNd30Ch8434fEkNLC4WFzSA2ZJcmMpknERxJKwLc5Cr7abS.jpg?quality=96&as=32x43,48x64,72x96,108x144,160x214,240x320,360x481,480x641,540x721,640x855,719x960&from=bu&cs=719x0",,False,2455.0,synagogue,False,False,,,,,,,,,,,,,,,
457250659,-7,-170690865,-170690865,1654167613,2022-06-02 13:00:13,58.008002,56.234094,58.00819896273859,56.23476395501453,45.137191352424544,"https://sun9-74.userapi.com/s/v1/ig2/FVbVnqxI5LAf2pxqCOA-0pg1pusDjBYZCYjI1wWin1G9y7A16ZYL35YfUlUWN3-wWqRyy3g5itFtl-UBBdhCQPca.jpg?quality=95&as=32x43,48x64,72x96,108x144,160x214,240x320,360x481,480x641,540x721,640x855,720x961,1080x1442,1280x1709,1342x1792&from=bu&cs=1342x0",,False,,synagogue,False,False,,,,,,,,,,,,,,,
456239672,-7,-53272954,-53272954,1540369351,2018-10-24 10:22:31,58.008618,56.234463,58.00819896273859,56.23476395501453,49.853876005314696,"https://sun9-7.userapi.com/s/v1/ig1/qfRYtVze7nzqbLrcacmhn8niBpw6N14Akqy5Quv3NVo1q_dm5wIdTi37GJF5peCJ2qazQZYm.jpg?quality=96&as=32x43,48x64,72x96,108x144,160x213,240x320,360x480,480x640,540x720,640x853,720x960,1080x1440,1280x1707,1440x1920,1536x2048&from=bu&cs=1536x0",,False,3238.0,synagogue,False,False,,,,,,,,,,,,,,,
457241074,-7,-53272954,-53272954,1568538931,2019-09-15 11:15:31,58.008583,56.23445,58.00819896273859,56.23476395501453,46.53622477281824,"https://sun9-49.userapi.com/s/v1/ig1/ldjDOebOfRFwVceQHlJGrBe9RJN02tBLq0wcQkusUbPTEeuzT9lgCYCL_9O_T3e4BadaKzck.jpg?quality=96&as=32x43,48x64,72x96,108x144,160x214,240x320,360x480,480x641,540x721,640x854,720x961,959x1280&from=bu&cs=959x0",,False,,synagogue,False,False,,,,,,,,,,,,,,,
457358439,-7,360619746,360619746,1633606449,2021-10-07 13:34:09,58.007637,56.233751,58.00819896273859,56.23476395501453,86.404407273766,"https://sun9-4.userapi.com/s/v1/if2/tERYDjBTiSXEjNZsjFBJyIFdCuxzqIU0m34efbnewJJwXoJov7CLXOP-_AJMNgfufJkrqOi-jnGBjhSVNzyuyQtc.jpg?quality=96&as=32x24,48x36,72x54,108x81,160x120,240x180,360x270,480x360,540x405,640x480&from=bu&cs=640x0",,False,408138.0,synagogue,True,False,,,,,,,,,,,,,,,
457256786,-7,-170690865,-170690865,1681909604,2023-04-19 15:06:44,58.008107,56.234305,58.00819896273859,56.23476395501453,28.906591112890062,"https://sun9-85.userapi.com/s/v1/ig2/Z2cErGmNRqquSfXA1lEg6HGdoTSvRA33j1OTgD0qH7t6A3jCs-Kh9uVBdTUpkHICJ23tURb0Tfol8GxLRpgtfgRX.jpg?quality=95&as=32x43,48x64,72x96,108x144,160x214,240x320,360x481,480x641,540x721,640x855,720x961,1080x1442,1280x1709,1342x1792&from=bu&cs=1342x0",,False,,synagogue,False,False,,,,,,,,,,,,,,,
457257887,-7,-170690865,-170690865,1688400586,2023-07-03 18:09:46,58.007806,56.234399,58.00819896273859,56.23476395501453,48.698462152861765,"https://sun9-40.userapi.com/s/v1/ig2/wIv-W3QsL7Bske_XmQXs5cOQjpSWZaTWdWX1cduidqbvnvQq8YRmevIXo8Xx_V6jOM0avTPRYGH_iCV0phP4aPdK.jpg?quality=95&as=32x43,48x64,72x96,108x144,160x213,240x320,360x480,480x640,540x720,640x853,720x960,1080x1440,1280x1707,1398x1864&from=bu&cs=1398x0",,False,,synagogue,True,False,,,,,,,,,,,,,,,
350861285,-7,243524378,243524378,1421843199,2015-01-21 13:26:39,58.007569,56.235615,58.00819896273859,56.23476395501453,86.14206251437155,"https://sun9-58.userapi.com/s/v1/ig1/NueoWA_Z6gk9YgnIt2zL1F3dAWvCYe07tiuPwI_Zflp-rXqqHEIjDbj997awYER3KR_K3vbn.jpg?quality=96&as=32x57,48x85,72x128,108x192,160x284,240x427,360x640,480x853,540x960,612x1088&from=bu&cs=612x0",,False,,synagogue,False,False,,,,,,,,,,,,,,,
378024147,-7,312858152,312858152,1440423267,2015-08-24 15:34:27,58.007638,56.234439,58.00819896273859,56.23476395501453,65.24772870988897,"https://sun9-76.userapi.com/s/v1/ig1/bfF3BqkKrmAvxkWbtd4g5qQVMYTL16Gy9CMUpvRkurpGocejXZ1X6LSEQvbelTBWKDbcgnlQ.jpg?quality=96&as=32x32,48x48,72x72,108x108,160x160,240x240,360x360,480x480,540x540,640x640,720x720,911x911&from=bu&cs=911x0",,False,42.0,synagogue,True,False,,,,,,,,,,,,,,,
457240336,-7,-20826401,-20826401,1569498781,2019-09-26 13:53:01,58.007582,56.234624,58.00819896273859,56.23476395501453,69.09680144060825,"https://sun9-23.userapi.com/s/v1/ig1/aqJDSpqslKn_0eihlNw0K47WYerlv7G6cwF0eTMQM2zxsVFE7mn3hc6_CIFtDglxJlJT7NCB.jpg?quality=96&as=32x48,48x72,72x108,108x162,160x239,240x359,360x539,480x718,540x808,640x958,720x1078,1080x1617,1280x1916,1440x2155,1443x2160&from=bu&cs=1443x0",,False,,synagogue,False,False,,,,,,,,,,,,,,,
456239445,-7,-28748157,-28748157,1487150659,2017-02-15 10:24:19,58.009032,56.235202,58.00819896273859,56.23476395501453,96.15685530593586,"https://sun9-56.userapi.com/s/v1/if1/DJLWWX7e1ogThjaYqp_bOrCT0eOt0-VFbMRnGHC6U_hA7ymdCKovq3J4XZqucsGbQVkslHD1.jpg?quality=96&as=32x24,48x36,72x54,108x81,160x120,240x180,360x270,480x359,540x404,640x479,720x539,960x719&from=bu&cs=960x0",,False,,synagogue,False,False,,,,,,,,,,,,,,,
457242142,-7,145952748,145952748,1615187015,2021-03-08 08:03:35,58.007659,56.234584,58.00819896273859,56.23476395501453,60.969869771828385,"https://sun9-15.userapi.com/s/v1/ig2/XNeIyt3jdFMXK_hFsawOVIaUJK5ixOpbxXL4G_BSnOSNjOF9wi6L0srYbaA2krrHnGzGjgf4Uppq-X4MjpCmGIBU.jpg?quality=96&as=32x40,48x60,72x90,108x135,160x200,240x301,360x451,480x601,540x676,640x801,720x902,932x1167&from=bu&cs=932x0",,False,3825.0,synagogue,False,False,,,,,,,,,,,,,,,
457239188,-7,-216111863,-216111863,1717433330,2024-06-03 18:48:50,58.008499,56.234212,58.00819896273859,56.23476395501453,46.587064112892776,"https://sun9-59.userapi.com/s/v1/ig2/MNPznIJA5br3h10wIs14lFh-nKED5aVog6RRt4yjbCoeb98df6UKU6tOvZFbB7rwSigf0uDsl9nFc5UuaomEFev-.jpg?quality=95&as=32x43,48x64,72x96,108x144,160x213,240x320,360x480,480x640,540x720,640x853,720x960,1080x1440,1280x1707,1440x1920,1920x2560&from=bu&cs=1920x0",,False,53.0,synagogue,False,False,,,,,,,,,,,,,,,
457256402,-7,-170690865,-170690865,1679915479,2023-03-27 13:11:19,58.007722,56.234505,58.00819896273859,56.23476395501453,55.186284082187015,"https://sun9-33.userapi.com/s/v1/ig2/8rmrY8y9ygg-O29wwnyDMZvBqKs7xZXrv7QuWWPZFw8cK3lRoby3yip7Ahasxy9ucCdon0O2QL0Wg7fh53_tC39a.jpg?quality=95&as=32x43,48x64,72x96,108x144,160x214,240x320,360x481,480x641,540x721,640x855,720x961,1080x1442,1280x1709,1342x1792&from=bu&cs=1342x0",,False,,synagogue,True,False,,,,,,,,,,,,,,,
457240472,306889750,7476568,7476568,1743945737,2025-04-06 15:22:17,58.008198,56.234992,58.00819896273859,56.23476395501453,13.434748137224169,"https://sun9-36.userapi.com/s/v1/ig2/PRvanr5rHHREqAB-dVC6oUbDGchOzE_M0TcyLSGbF8kV3yuPXNS57o54MZifpSZ_dJyNHT5oqkrAmtJRM9hLs_zI.jpg?quality=95&as=32x43,48x64,72x96,108x144,160x213,240x320,360x480,480x640,540x720,640x853,720x960,1080x1440,1280x1707,1440x1920,1920x2560&from=bu&cs=1920x0",,False,,synagogue,True,False,,,,,,,,,,,,,,,
344985381,203497207,250676269,250676269,1415706194,2014-11-11 12:43:14,58.008395,56.235032,58.00819896273859,56.23476395501453,26.91680874047628,"https://sun9-78.userapi.com/s/v1/ig1/KRVMQC9-NNf6l1-IFzfStGIKsfKkFhNue72-pJ8-gsk-fRDDJPKdpVV4g1X0eY_HQxqRZw.jpg?quality=96&as=32x43,48x64,72x96,108x144,160x213,240x320,360x480,480x640,540x720,640x853,720x960,960x1280&from=bu&cs=960x0",,False,,synagogue,False,False,,,,,,,,,,,,,,,
457248013,-7,261660768,261660768,1583331824,2020-03-04 15:23:44,58.007561,56.23465,58.00819896273859,56.23476395501453,71.25516618757753,"https://sun9-12.userapi.com/s/v1/ig1/mnn5BhrQqg2GfM1UzhBQgvsAVrOSVyVUibIR44yx9uXMVX3MKSYlULmFClglnmMjU8mjGyKo.jpg?quality=96&as=32x43,48x64,72x96,108x144,160x213,240x320,360x480,480x640,540x720,640x853,720x960,1080x1440,1104x1472&from=bu&cs=1104x0",,False,,synagogue,False,False,,,,,,,,,,,,,,,
403835947,-7,261660768,261660768,1456978138,2016-03-03 05:08:58,58.007737,56.235919,58.00819896273859,56.23476395501453,85.25725333106152,"https://sun9-76.userapi.com/s/v1/ig1/gPGF0VIY6jAJj79waKGhx5bnZXyjbKs5KZUy6qRHfgssse7fdt-8Hd_VxCmXjapl1wRSzpgN.jpg?quality=96&as=32x40,48x60,72x90,108x135,160x200,240x300,360x451,480x601,540x676,640x801,720x901,767x960&from=bu&cs=767x0",,False,,synagogue,True,False,,,,,,,,,,,,,,,
456239716,-6,306517791,306517791,1555500820,2019-04-17 13:33:40,58.008822,56.23581,58.00819896273859,56.23476395501453,92.7194576366204,"https://sun9-25.userapi.com/s/v1/ig1/rAgZ8N9nQ5mFmtLJlfgWDK63dH0Y10gNwXXL-awXso9ZHvqbiVBZZ8tx-Bwjr1U-5C26YlZp.jpg?quality=96&as=32x57,48x85,72x128,108x192,160x284,240x427,360x640,480x853,540x960,640x1138,720x1280,1080x1920,1152x2048&from=bu&cs=1152x0",,False,1342.0,synagogue,False,False,,,,,,,,,,,,,,,
457253139,-7,-170690865,-170690865,1661434239,2022-08-25 15:30:39,58.007799,56.234293,58.00819896273859,56.23476395501453,52.41830941546784,"https://sun9-31.userapi.com/s/v1/ig2/f7mNh_IkWm08dd1rA9M-F1oHD8ZZ5sO3zHo713vtLWGCzfHxPZjNgljhfGpjG_N_zvfHfkFw_i1Q-TnPwKGhla21.jpg?quality=95&as=32x43,48x64,72x96,108x144,160x213,240x320,360x480,480x640,540x720,640x853,720x960,1080x1440,1280x1707,1344x1792&from=bu&cs=1344x0",,False,,synagogue,True,False,,,,,,,,,,,,,,,
457243682,-7,117253296,117253296,1619014820,2021-04-21 16:20:20,58.009018,56.235334,58.00819896273859,56.23476395501453,97.06681277803938,"https://sun9-24.userapi.com/s/v1/ig2/hKQr3OnXsDHPj2TznnYQ_cANceAIADhom3UuzSjUgjyDDfLF7kLkQ3tTT2IdewFMOWOwz_M1-0ZvYml6cWThjUfA.jpg?quality=96&as=32x57,48x85,72x128,108x192,160x285,240x427,360x641,480x854,540x961,640x1139,720x1281,899x1600&from=bu&cs=899x0",,False,,synagogue,False,False,,,,,,,,,,,,,,,
457244899,-7,-194619161,-194619161,1715835312,2024-05-16 06:55:12,58.007407,56.234902,58.00819896273859,56.23476395501453,88.43695146676781,"https://sun9-77.userapi.com/s/v1/ig2/Lli4lpMrOf2eJcHHMCPsX7jPPRbxpsv-CuNy2zOAAprUtZFuFpddZgj7OcbIv9iU6g3IPJeE9tavSKhFnpnuwGtq.jpg?quality=95&as=32x43,48x64,72x96,108x144,160x213,240x320,360x480,480x640,540x720,640x853,720x960,1080x1440,1280x1707,1440x1920,1920x2560&from=bu&cs=1920x0",,False,,synagogue,False,False,,,,,,,,,,,,,,,
457256217,-7,-170690865,-170690865,1678978025,2023-03-16 15:47:05,58.007603,56.234426,58.00819896273859,56.23476395501453,69.19418746572408,"https://sun9-65.userapi.com/s/v1/ig2/uKbyf4Tz1ibyiom6-jRIXAwz7VOIXXacLenKLviar1Nkeu-AXG-2Yk0qiCA1OBg3SYK8hK7IBCSHu6o0ZGi36Tgh.jpg?quality=95&as=32x43,48x64,72x96,108x144,160x214,240x320,360x481,480x641,540x721,640x855,720x961,1080x1442,1280x1709,1342x1792&from=bu&cs=1342x0",,False,,synagogue,False,False,,,,,,,,,,,,,,,
457250529,-7,-170690865,-170690865,1653995413,2022-05-31 13:10:13,58.008002,56.234094,58.00819896273859,56.23476395501453,45.137191352424544,"https://sun9-67.userapi.com/s/v1/ig2/GjUBk-UJqNaEV5EtwCC78kV_Nbw24vmKpcDZcae-MlV-eRE6NZLJL-syB05MQJqQ6uR0iq0ebepIsZLdzIe2JkhJ.jpg?quality=95&as=32x43,48x64,72x96,108x144,160x214,240x320,360x481,480x641,540x721,640x855,720x961,1080x1442,1280x1709,1342x1792&from=bu&cs=1342x0",,False,,synagogue,False,False,,,,,,,,,,,,,,,
457244871,-7,-194619161,-194619161,1715071200,2024-05-07 10:40:00,58.007316,56.234902,58.00819896273859,56.23476395501453,98.5172112680998,"https://sun9-74.userapi.com/s/v1/ig2/RWD8DBfOaixWZKU5H1KCvzOsFqMUpzrgC-ZU9sBw2GgDYEPozKrb4lmwpm8XtyOAIh-Rvc8ruES3XU1_Yz7cCW9G.jpg?quality=95&as=32x43,48x64,72x96,108x144,160x213,240x320,360x480,480x640,540x720,640x853,720x960,1080x1440,1280x1707,1440x1920,1920x2560&from=bu&cs=1920x0",,False,,synagogue,False,False,,,,,,,,,,,,,,,
457239910,-7,-184638528,-184638528,1684425861,2023-05-18 18:04:21,58.007496,56.254792,58.00763133477656,56.255145877976155,25.711510492865916,"https://sun9-46.userapi.com/s/v1/ig2/Qs7EikQ_VQntNDkS0Qz61Y-LK7d2vb676CKtJZWpR8UjRAOJ9XQLn8DbFTwXGM64LZw3q7PAXu7amFhK4a4dFqJx.jpg?quality=95&as=32x43,48x64,72x96,108x144,160x213,240x320,360x480,480x640,540x720,640x853,720x960,1080x1440,1280x1707,1440x1920,1920x2560&from=bu&cs=1920x0",,False,,or avner habad community center,True,True,,,,,,,,,,,,,,,
457255543,-7,-170690865,-170690865,1674827264,2023-01-27 14:47:44,58.007897,56.234398,58.00819896273859,56.23476395501453,39.902113118787824,"https://sun9-13.userapi.com/s/v1/ig2/1_NyJlWJALBJOL71I5NkrrxcCYAG8LNKirAghSThMqVnuBC2i9O6HfxHPPFZxq93fZ5EGftdra-XjCm5XdlajmRy.jpg?quality=95&as=32x43,48x64,72x96,108x144,160x213,240x320,360x480,480x640,540x720,640x853,720x960,1080x1440,1280x1707,1344x1792&from=bu&cs=1344x0",,False,,synagogue,True,False,,,,,,,,,,,,,,,
355256547,-7,188691659,188691659,1424584330,2015-02-22 06:52:10,58.007379,56.234994,58.00819896273859,56.23476395501453,92.17739655460667,"https://sun9-62.userapi.com/s/v1/ig1/d4iIpaWnBMfEFSJ-OMIQKpGyQTZ-LuQ4tJrv5SlKqQbHW_jJq8hHEw8_ztcMNYWu3nViJnON.jpg?quality=96&as=32x59,48x88,72x133,108x199,160x295,240x442,360x663,480x884,540x995,640x1179,720x1326,1080x1989,1112x2048&from=bu&cs=1112x0",,False,,synagogue,False,False,,,,,,,,,,,,,,,
457244643,-7,79611517,79611517,1602961800,2020-10-17 21:10:00,58.007946,56.234967,58.00819896273859,56.23476395501453,30.565893184227996,"https://sun9-1.userapi.com/s/v1/ig2/IoMxdy1oFtuWszQYQVF7Fi85DaMj6xbWugO4_O2wh9OWRFIKeMPyTW1y0N693E5EqI6aHgu6dSUG85__bxnn1Jnv.jpg?quality=96&as=32x44,48x66,72x100,108x149,160x221,240x332,360x498,480x664,540x747,640x885,720x996,912x1261&from=bu&cs=912x0",,False,4454.0,synagogue,True,False,,,,,,,,,,,,,,,
457241029,-7,-53272954,-53272954,1567599694,2019-09-04 14:21:34,58.008548,56.234436,58.00819896273859,56.23476395501453,43.3540072554743,"https://sun9-15.userapi.com/s/v1/if1/Tb0P98FQyENHntfqe5ETO1xiRoo20MYMOz0FXUjkNFk2rOWL4UMb7kdedgW1jZ9CkyMQ2sH1.jpg?quality=96&as=32x23,48x35,72x52,108x79,160x116,240x175,360x262,480x349,540x393,640x466,720x524,1080x786,1280x932,1440x1048,2560x1864&from=bu&cs=2560x0",,False,,synagogue,False,False,,,,,,,,,,,,,,,
357801929,-7,-79518989,-79518989,1427097052,2015-03-23 08:50:52,58.007471,56.23551,58.00819896273859,56.23476395501453,92.10792771696642,"https://sun9-48.userapi.com/s/v1/ig1/pJn_R9sJMw81pdb2psitKFKY5GApiT3tBUm6-8__lg-KqRH8L9ABGeQNZfeMWKESxLe0ODTA.jpg?quality=96&as=32x57,48x85,72x128,108x192,160x284,240x427,360x640,480x853,540x960,612x1088&from=bu&cs=612x0",,False,,synagogue,False,False,,,,,,,,,,,,,,,
457256688,-7,-170690865,-170690865,1681551809,2023-04-15 11:43:29,58.007722,56.234505,58.00819896273859,56.23476395501453,55.186284082187015,"https://sun9-32.userapi.com/s/v1/ig2/_MpOayE8H780039sedn9aw36ct2r4dD7vY7gc8A0bC2ZmRu0ATuaHz0AB7lVlONhTrLQUBMuo6inGmhg39sYohBp.jpg?quality=95&as=32x43,48x64,72x96,108x144,160x214,240x320,360x481,480x641,540x721,640x855,720x961,1080x1442,1280x1709,1342x1792&from=bu&cs=1342x0",,False,,synagogue,True,False,,,,,,,,,,,,,,,
456243467,-7,261660768,261660768,1524483812,2018-04-23 13:43:32,58.007779,56.235522,58.00819896273859,56.23476395501453,64.61388831137427,"https://sun9-77.userapi.com/s/v1/ig1/dVaXanXym5aPHXWNNuB-SBN6Looxo2WN4faoSUlg09ex2Jorx3GdAFTeGfVvDkYppUmWSHTD.jpg?quality=96&as=32x40,48x60,72x90,108x135,160x200,240x300,360x450,480x600,540x675,640x800,720x900,768x960&from=bu&cs=768x0",,False,,synagogue,True,False,,,,,,,,,,,,,,,
456240304,-7,261660768,261660768,1491064913,2017-04-01 18:41:53,58.00773,56.235813,58.00819896273859,56.23476395501453,80.86123393239784,"https://sun9-83.userapi.com/s/v1/ig1/zz8s77SFWTn817a7lNuln-PLhVWV7q17fBTrbOt97-RqPLnzalsuaoxUB6QfgSvOB9xaKmLW.jpg?quality=96&as=32x32,48x48,72x72,108x108,160x160,240x240,360x360,480x480,540x540,640x640,720x720,960x960&from=bu&cs=960x0",,False,,synagogue,True,False,,,,,,,,,,,,,,,
457255931,-7,-170690865,-170690865,1677416710,2023-02-26 14:05:10,58.007722,56.234505,58.00819896273859,56.23476395501453,55.186284082187015,"https://sun9-27.userapi.com/s/v1/ig2/UK_7vdrj4-BSgUITAU3pVB16Lqc2ZqbTtGmyth6ot8BmOzFNiOvVwLOHdMIWqhRTt8DiBLSoWA3Nc1aitImxjlAc.jpg?quality=95&as=32x43,48x64,72x96,108x144,160x214,240x320,360x481,480x641,540x721,640x855,720x961,1080x1442,1280x1709,1342x1792&from=bu&cs=1342x0",,False,,synagogue,True,False,,,,,,,,,,,,,,,
457255830,-7,-170690865,-170690865,1676979943,2023-02-21 12:45:43,58.007603,56.234597,58.00819896273859,56.23476395501453,66.99395556104398,"https://sun9-25.userapi.com/s/v1/ig2/7cPS5pXtulRNpSVH-0WPkIistJiO_7zjJVVlIy5X50-w9riZ8Xdhj1cJkvsQpGGUxfIGyl5qz3CHLWnJGgtyO8eJ.jpg?quality=95&as=32x43,48x64,72x96,108x144,160x214,240x320,360x481,480x641,540x721,640x855,720x961,1080x1442,1280x1709,1342x1792&from=bu&cs=1342x0",,False,,synagogue,False,False,,,,,,,,,,,,,,,
456239022,-7,-107411067,-107411067,1479229840,2016-11-15 18:10:40,58.008114,56.233896,58.00819896273859,56.23476395501453,51.99747304249632,"https://sun9-49.userapi.com/s/v1/ig1/tvGk6grNzkoculr_7A6PEvERhYKPg8qgzcPs8IvyiSZnmCgoyib_7jTh3vjqBONkBSju0gam.jpg?quality=96&as=32x32,48x48,72x72,108x108,160x160,240x240,360x360,480x480,540x540,640x640,720x720,960x960&from=bu&cs=960x0",,False,344.0,synagogue,False,False,,,,,,,,,,,,,,,
457241281,-7,71732166,71732166,1609689374,2021-01-03 16:56:14,58.008612,56.23556,58.00819896273859,56.23476395501453,65.63937909958481,"https://sun9-38.userapi.com/s/v1/ig2/mZGgrhE5akA_ne67n_96xO6eiIccd76teXxc-g_aAmkWPFLnRr62ecEAKpzaU8D28epoXO_ll5MKqwCyNUlvC9sA.jpg?quality=96&as=32x43,48x64,72x96,108x144,160x213,240x320,360x480,480x640,540x720,640x853,720x960,1080x1440,1200x1600&from=bu&cs=1200x0",,False,,synagogue,False,False,,,,,,,,,,,,,,,
457240690,283039749,-211360110,-211360110,1669139732,2022-11-22 18:55:32,58.008416,56.235521,58.00819896273859,56.23476395501453,50.70903702825913,"https://sun9-16.userapi.com/s/v1/ig2/729paBf_y2Opb3YA3Q_ucG864QyhvSXwyoLFPGaJ0yhpkEDuXiOK4NuPt5hcOmk57di8sfLCGkBeVowZ5kYM2ibR.jpg?quality=95&as=32x45,48x68,72x102,108x153,160x226,240x339,360x509,480x678,540x763,640x904,720x1017,1080x1526,1280x1808,1440x2034,1812x2560&from=bu&cs=1812x0","Маникюр, покрытие гель-лак. Мастер Екатерина Будина",False,,synagogue,False,False,,,,,,,,,,,,,,,
457240520,-7,-215687711,-215687711,1731252955,2024-11-10 16:35:55,58.007715,56.235086,58.00819896273859,56.23476395501453,57.06056115055682,"https://sun9-28.userapi.com/s/v1/ig2/Qxb4ojisx57AC1cOOW8l5H7cYBdUsYqNbEFNcHCpOXiJmRKm_zTDJ1BEbBj5fxbr5rlZKNkYwFdZC4f3V_q9qoiE.jpg?quality=95&as=32x43,48x64,72x96,108x144,160x213,240x320,360x480,480x640,540x720,640x853,720x960,1080x1440,1280x1707,1440x1920,1920x2560&from=bu&cs=1920x0",,False,1412.0,synagogue,False,False,,,,,,,,,,,,,,,
457256118,-7,-170690865,-170690865,1678457671,2023-03-10 15:14:31,58.00852,56.234701,58.00819896273859,56.23476395501453,35.88985110265037,"https://sun9-35.userapi.com/s/v1/ig2/5VpUp2mcWj4T9C50wm80jETV0djkHtwFBJCa6cdUdItjLGMizZwx1eJOAB1MCfRyL6uKXo5FGxxNXuSbEHvmk_vd.jpg?quality=95&as=32x43,48x64,72x96,108x144,160x214,240x320,360x481,480x641,540x721,640x855,720x961,1080x1442,1280x1709,1342x1792&from=bu&cs=1342x0",,False,,synagogue,False,False,,,,,,,,,,,,,,,
335194085,-7,31203120,31203120,1406445436,2014-07-27 09:17:16,58.008794,56.235216,58.00819896273859,56.23476395501453,71.32311992945645,"https://sun9-36.userapi.com/s/v1/ig2/eXQKrx3Y8lDrEs1OcFd80-pgObS4OTDZR8Y9Hyya9p78_l8z50d40KpV6KNWaDOCShxDew_bNj3z7u43BtOvGz1v.jpg?quality=96&as=32x43,48x64,72x96,108x144,160x213,240x320,360x480,480x640&from=bu&cs=480x0",,False,,synagogue,False,False,,,,,,,,,,,,,,,
457245723,-7,-170690865,-170690865,1650364470,2022-04-19 12:34:30,58.007939,56.234345,58.00819896273859,56.23476395501453,38.00978402778725,"https://sun9-56.userapi.com/s/v1/ig2/_JxpP_AjWoHWVM36gwA5rQ-ioXfi7mXiIFAUJpdMaTO2lYc-vf74KHD4hjxRKKebAlx_0_HmRgt7LLul3tUSLi99.jpg?quality=96&as=32x43,48x64,72x96,108x144,160x214,240x320,360x481,480x641,540x721,640x855,720x961,1080x1442,1280x1709,1342x1792&from=bu&cs=1342x0",,False,,synagogue,True,False,,,,,,,,,,,,,,,
457255485,-7,-170690865,-170690865,1674396982,2023-01-22 15:16:22,58.007806,56.234399,58.00819896273859,56.23476395501453,48.698462152861765,"https://sun9-80.userapi.com/s/v1/ig2/6Ml3JcWSVN4CNKMSNqkhy48-kXqPeHtCFtJ_8_cNz6WJL-4m1UhBwC8rkEeJ6bsnPbstU27RZKbtWNei1tFIEBdo.jpg?quality=95&as=32x43,48x64,72x96,108x144,160x213,240x320,360x480,480x640,540x720,640x853,720x960,1080x1440,1280x1707,1344x1792&from=bu&cs=1344x0",,False,,synagogue,True,False,,,,,,,,,,,,,,,
457240598,301013678,-224421397,-224421397,1711789872,2024-03-30 10:11:12,58.008604,56.234423,58.00819896273859,56.23476395501453,49.31399479698315,"https://sun9-66.userapi.com/s/v1/ig2/XpveQxtXnB_mTiN_opo-pS-dowyJXczFk4O84cXyUx9D5Fmm6Zx8PvQO5j2sCdQOGijrLb38pkbPaxPZkUiOrNib.jpg?quality=95&as=32x43,48x64,72x96,108x144,160x213,240x320,360x480,480x640,540x720,640x853,720x960,1080x1440,1280x1707,1440x1920,1920x2560&from=bu&cs=1920x0",,False,,synagogue,False,False,,,,,,,,,,,,,,,
456239105,248125893,449298869,449298869,1507137897,2017-10-04 19:24:57,58.008199,56.235164,58.00819896273859,56.23476395501453,23.56698611518963,"https://sun9-77.userapi.com/s/v1/ig1/bvq1xtHI9Vmc-T9W1nZyTRN6zPRSku-3ZWkLm1RhEkjgQm76vm7945s03EG6wfeYNY0aXbRg.jpg?quality=96&as=32x43,48x64,72x96,108x144,160x214,240x320,360x481,480x641,540x721,640x855,719x960&from=bu&cs=719x0",,False,,synagogue,False,False,,,,,,,,,,,,,,,
457240239,300940532,-224421397,-224421397,1711279732,2024-03-24 12:28:52,58.008611,56.234185,58.00819896273859,56.23476395501453,57.11744669129449,"https://sun9-2.userapi.com/s/v1/ig2/YBImtlQb4oRuu5I1pEo2LC1uqHpVhdRsYK8NbwDec1K4jFYCRZf_GbypnjThDniw50xsL3jqBealgybdHDIVIcL0.jpg?quality=95&as=32x43,48x64,72x96,108x144,160x213,240x320,360x480,480x640,540x720,640x853,720x960,1080x1440,1280x1707,1440x1920,1920x2560&from=bu&cs=1920x0",,False,,synagogue,False,False,,,,,,,,,,,,,,,
456239785,-7,-224628741,-224628741,1713332457,2024-04-17 07:40:57,58.007702,56.235906,58.00819896273859,56.23476395501453,87.06401057124822,"https://sun9-7.userapi.com/s/v1/ig2/sDxRwFn5R4wzx784w0Jd-GQhu7fwuCYUM8pBKJYh8W7gXDpOeuDbc7ywvdTOa-gW_kBatq0s3YmQBLPFYyfituu_.jpg?quality=95&as=32x43,48x64,72x96,108x144,160x213,240x320,360x480,480x640,540x720,640x853,720x960,1080x1440,1280x1707,1440x1920,1920x2560&from=bu&cs=1920x0",,False,,synagogue,True,False,,,,,,,,,,,,,,,
426678299,-7,264901950,264901950,1470121930,2016-08-02 09:12:10,58.008961,56.234316,58.00819896273859,56.23476395501453,88.7488110408622,"https://sun9-85.userapi.com/s/v1/ig1/5R7Eesazw7q-SYZub4gT0a8SCgFcOhb04u4ynmaEe_zx9FGctbM0W1xo9H2-IgNvb7P7f66G.jpg?quality=96&as=32x43,48x64,72x96,108x144,160x213,240x320,360x480,480x640,540x720,640x853,720x960&from=bu&cs=720x0",,False,,synagogue,False,False,,,,,,,,,,,,,,,
457240235,300940532,-224421397,-224421397,1711279725,2024-03-24 12:28:45,58.008611,56.234185,58.00819896273859,56.23476395501453,57.11744669129449,"https://sun9-14.userapi.com/s/v1/ig2/g_oaaiVwQYTjkW7CNz0IIKYeyJN33K_4-KdQ_Ck9ivU_h8HzKvqZyB5F1zORi_dz6BU5IqmvnSJ6Xot1vyl32YTv.jpg?quality=95&as=32x43,48x64,72x96,108x144,160x213,240x320,360x480,480x640,540x720,640x853,720x960,1080x1440,1280x1707,1440x1920,1920x2560&from=bu&cs=1920x0",,False,,synagogue,False,False,,,,,,,,,,,,,,,
456239102,-7,-75252175,-75252175,1479661491,2016-11-20 18:04:51,58.007779,56.235694,58.00819896273859,56.23476395501453,71.99046738569211,"https://sun9-87.userapi.com/s/v1/ig1/zMoppRX1noJ8y-Ag0k8KwTz0-ZHhgWv3UVZ9GKvie1_LQG30paeIRkG_wUzHDAVydv3zK5B5.jpg?quality=96&as=32x43,48x64,72x96,108x144,160x213,240x320,360x480,480x640,540x720,640x853,720x960&from=bu&cs=720x0",,False,,synagogue,True,False,,,,,,,,,,,,,,,
457240702,-7,-194619161,-194619161,1658314446,2022-07-20 12:54:06,58.00801,56.235403,58.00819896273859,56.23476395501453,43.11346849991991,"https://sun9-13.userapi.com/s/v1/ig2/4Ydh1eheasKkKJtTZbztKBe3UTwNzrLEKwDnT8oSbYNAZ4qD69ZnTb1r4dAQclAjwDUBAgeYZQ1jWCayg1DJVOea.jpg?quality=95&as=32x43,48x64,72x96,108x144,160x213,240x320,360x480,480x640,540x721,640x854,720x961,1080x1441,1280x1708,1388x1852&from=bu&cs=1388x0",,False,,synagogue,True,False,,,,,,,,,,,,,,,
457239671,-7,-138821516,-138821516,1569650352,2019-09-28 07:59:12,58.007512,56.235285,58.00819896273859,56.23476395501453,82.32345992732049,"https://sun9-25.userapi.com/s/v1/ig1/hjKPfIBKtDo8pz0Ha3trnGFW71Hr2ffoh7c9l9IJpGlGFx2JPsEJxkeeg06ZCBVRi-BAYx83.jpg?quality=96&as=32x43,48x64,72x96,108x144,160x213,240x320,360x480,480x640,540x720,640x853,720x960,1080x1440,1280x1707,1440x1920,1620x2160&from=bu&cs=1620x0",,False,207.0,synagogue,False,False,,,,,,,,,,,,,,,
457254411,-7,-170690865,-170690865,1667986327,2022-11-09 10:32:07,58.007813,56.234504,58.00819896273859,56.23476395501453,45.567571879464026,"https://sun9-27.userapi.com/s/v1/ig2/QmOpd_pZbO9y2dB3DUlYcHX65_PzrJCqcobw_CZVjUAe04arczd0MgCQIqeWfImoBj-ZV-3xl-5_K5ERHTWsk7GH.jpg?quality=95&as=32x43,48x64,72x96,108x144,160x213,240x320,360x480,480x640,540x720,640x853,720x960,1080x1440,1280x1707,1344x1792&from=bu&cs=1344x0",,False,,synagogue,True,False,,,,,,,,,,,,,,,
381988520,-7,243524378,243524378,1444229875,2015-10-07 16:57:55,58.007422,56.235457,58.00819896273859,56.23476395501453,95.5558898557505,"https://sun9-15.userapi.com/s/v1/ig1/G4JbzAmIOzN9gxUHXPthH5ji2W7yz75-XLjbBHLA61Fk-e_TbuI7LCf5jN71wX2taL2XGo6p.jpg?quality=96&as=32x47,48x71,72x106,108x159,160x236,240x354,360x531,480x708,540x796,640x944,720x1062,859x1267&from=bu&cs=859x0",,False,,synagogue,False,False,,,,,,,,,,,,,,,
457239890,-7,-179988268,-179988268,1570576183,2019-10-09 01:09:43,58.00789,56.234636,58.00819896273859,56.23476395501453,35.17233476161751,"https://sun9-65.userapi.com/s/v1/ig1/CIUcXzGHuGERHE_eTTgz1UNTJGiqNxGqvzDwRHjH6unbdQe1a7QGjCb4VrEhYODKIFspvJ6B.jpg?quality=96&as=32x43,48x64,72x96,108x144,160x213,240x320,360x480,480x640,540x720,640x853,720x960,1080x1440,1280x1707,1440x1920,1620x2160&from=bu&cs=1620x0",,False,,synagogue,True,False,,,,,,,,,,,,,,,
457241115,-7,222633515,222633515,1621612549,2021-05-21 17:55:49,58.008668,56.235203,58.00819896273859,56.23476395501453,58.215655674668525,"https://sun9-36.userapi.com/s/v1/ig2/FUgKFaW6fDRqUyQcP1M0adM5aXnP08K9L799MCwVDh0UGvmaM49sazS_gJlIVmqOOMkkiZ1BVBnsMbM8IOMPWjol.jpg?quality=96&as=32x43,48x64,72x96,108x144,160x213,240x320,360x480,480x640,540x720,640x853,720x960,1080x1440,1200x1600&from=bu&cs=1200x0",,False,1044.0,synagogue,False,False,,,,,,,,,,,,,,,
457240535,301013678,-224421397,-224421397,1711788318,2024-03-30 09:45:18,58.008604,56.234423,58.00819896273859,56.23476395501453,49.31399479698315,"https://sun9-86.userapi.com/s/v1/ig2/8FXCP4sorJHSmTczHUUfD-z6wh_8spqxXWF9-08okUS-INt-CRwu-tWPwYgr_QSMJ7Sgdyl0M9F26qPGezen4kJS.jpg?quality=95&as=32x43,48x64,72x96,108x144,160x213,240x320,360x480,480x640,540x720,640x853,720x960,1080x1440,1280x1707,1440x1920,1920x2560&from=bu&cs=1920x0",,False,,synagogue,False,False,,,,,,,,,,,,,,,
457255327,-7,-170690865,-170690865,1673702630,2023-01-14 14:23:50,58.008107,56.234305,58.00819896273859,56.23476395501453,28.906591112890062,"https://sun9-12.userapi.com/s/v1/ig2/kJuF4lV3wlItJkA74OB38uc1LkvnXFNjIozsaH5CblmrJM3-v5K3KpBj9QXVil4o5iN7jvzXI8YrJzpY-CeI56aD.jpg?quality=95&as=32x43,48x64,72x96,108x144,160x213,240x320,360x480,480x640,540x720,640x853,720x960,1080x1440,1280x1707,1344x1792&from=bu&cs=1344x0",,False,,synagogue,False,False,,,,,,,,,,,,,,,
427054663,-7,-39105410,-39105410,1471449302,2016-08-17 17:55:02,58.00894,56.234171,58.00819896273859,56.23476395501453,89.49790099788521,"https://sun9-31.userapi.com/s/v1/ig1/FPqpdPJ4-fzoCuQhLvdzg47vaTYZbeTpLd_ueHSkTtvDs3kwUwfFd0W2GZnhkd-l3q0a_vR4.jpg?quality=96&as=32x32,48x48,72x72,108x108,160x160,240x240,360x360,480x480,540x540,640x640,720x720,960x960&from=bu&cs=960x0",,False,,synagogue,False,False,,,,,,,,,,,,,,,
456240041,-7,-224628741,-224628741,1714239452,2024-04-27 19:37:32,58.007604,56.235628,58.00819896273859,56.23476395501453,83.47301787765298,"https://sun9-80.userapi.com/s/v1/ig2/OBD1A5Rx4SP1vdseTYk2xRmy3OV6eaqbNSSR2qvnWf6liBMXnN1vSMj__v4auSr_4KSgnuoOV-TTM0wxtVb7p9zm.jpg?quality=95&as=32x43,48x64,72x96,108x144,160x213,240x320,360x480,480x640,540x720,640x853,720x960,1080x1440,1280x1707,1440x1920,1920x2560&from=bu&cs=1920x0",,False,,synagogue,False,False,,,,,,,,,,,,,,,
457256487,-7,-170690865,-170690865,1680534382,2023-04-03 17:06:22,58.007813,56.234504,58.00819896273859,56.23476395501453,45.567571879464026,"https://sun9-73.userapi.com/s/v1/ig2/94XSOloiOgBef5EhC-zfZl2vZm614MtEGEPYTFe4_XH_lRkf44Cl6rQ3fqdenyH23TLI47ozPJCljovlNtV1RZ8x.jpg?quality=95&as=32x43,48x64,72x96,108x144,160x214,240x320,360x481,480x641,540x721,640x855,720x961,1080x1442,1280x1709,1342x1792&from=bu&cs=1342x0",,False,,synagogue,True,False,,,,,,,,,,,,,,,
456377962,241944707,-8131189,118130077,1491855708,2017-04-10 22:21:48,58.008491,56.2552,58.00763133477656,56.255145877976155,95.6435704531828,"https://sun9-73.userapi.com/s/v1/ig1/6X5ptlxldE-codtsoWxIrkTepq5yzuEYaEeEvGOkVEeNHJWsJz8ftSuoomFJjzqjkUSxttow.jpg?quality=96&as=32x32,48x48,72x72,108x108,160x160,240x240,360x360,480x480,540x540,640x640,720x720,960x960&from=bu&cs=960x0",,False,,or avner habad community center,True,False,,,,,,,,,,,,,,,
457242637,-7,-194619161,-194619161,1677995142,2023-03-05 06:45:42,58.007694,56.234597,58.00819896273859,56.23476395501453,57.00421853451046,"https://sun9-21.userapi.com/s/v1/ig2/o-98ZQvTocuSuPj49Eb0f-ofOUNCSotwtzzbQ8s6LlhS_WmGRrFsh0tVdosQg3ukOaruYoIp0dcIJq85NCqMciC-.jpg?quality=95&as=32x43,48x64,72x96,108x144,160x213,240x320,360x480,480x640,540x720,640x853,720x960,1080x1440,1280x1707,1440x1920,1920x2560&from=bu&cs=1920x0",,False,,synagogue,True,False,,,,,,,,,,,,,,,
457256748,-7,-170690865,-170690865,1681805902,2023-04-18 10:18:22,58.007806,56.234399,58.00819896273859,56.23476395501453,48.698462152861765,"https://sun9-57.userapi.com/s/v1/ig2/qG6AwOvkEQwRdRS0KblHU9GRcYIMiQb4jB2Q_TKp2q6zslUZPPRwP61GfHAd-P3sc58oJ-frmqO8GxZIn7L0XGX5.jpg?quality=95&as=32x43,48x64,72x96,108x144,160x214,240x320,360x481,480x641,540x721,640x855,720x961,1080x1442,1280x1709,1342x1792&from=bu&cs=1342x0",,False,,synagogue,True,False,,,,,,,,,,,,,,,
457240689,301013678,-224421397,-224421397,1711791862,2024-03-30 10:44:22,58.008604,56.234423,58.00819896273859,56.23476395501453,49.31399479698315,"https://sun9-22.userapi.com/s/v1/ig2/0Doprdzla9bUNK2Ev71SoCNr2NLsYRHRpkXBz1VsnQnanL8T9TfXu2yfzIUCrLsZ0zb0OqYi7jwQRrPDIAj5PtTF.jpg?quality=95&as=32x43,48x64,72x96,108x144,160x213,240x320,360x480,480x640,540x720,640x853,720x960,1080x1440,1280x1707,1440x1920,1920x2560&from=bu&cs=1920x0",,False,,synagogue,False,False,,,,,,,,,,,,,,,
457240592,-7,-114109418,-114109418,1726056492,2024-09-11 14:08:12,58.007806,56.235086,58.00819896273859,56.23476395501453,47.636456085795615,"https://sun9-32.userapi.com/s/v1/ig2/oSovbXlfJjhgJW5_qPvJKHs0iRxj_429KfM0-96JpGzCD9g5RoXL8tK7nlRF0bNeIF33cWGIqHtrXWV2JaLejYbC.jpg?quality=95&as=32x43,48x64,72x96,108x144,160x213,240x320,360x480,480x640,540x720,640x853,720x960,1080x1440,1280x1707,1440x1920,1920x2560&from=bu&cs=1920x0",,False,,synagogue,True,False,,,,,,,,,,,,,,,
457255020,-7,-39004558,-39004558,1680603568,2023-04-04 12:19:28,58.008318,56.235415,58.00819896273859,56.23476395501453,40.57332761901682,"https://sun9-29.userapi.com/s/v1/ig2/lAV_A6t8SB-Mj4MIsg60QPbgeGWKlX3GJlFpsKHXov_Nd0FFLY5NUKw_QC7dSs2_VIEg_kNdEzVzTpK8erpKry4F.jpg?quality=95&as=32x43,48x64,72x96,108x144,160x213,240x320,360x480,480x640,540x720,640x853,720x960,1080x1440,1280x1707,1440x1920,1920x2560&from=bu&cs=1920x0",,False,,synagogue,False,False,,,,,,,,,,,,,,,
457240622,-7,-192973897,-192973897,1674477187,2023-01-23 13:33:07,58.008906,56.235704,58.00819896273859,56.23476395501453,96.16493913264662,"https://sun9-32.userapi.com/s/v1/ig2/j65-0OG561lcXr8lodp-25R9k8d5rH9n5rKankyGIkFvy0s4MEueU_1gnMO3ILe11Qz-ZIwUOmia95bb9Hy6liUK.jpg?quality=95&as=32x43,48x64,72x96,108x144,160x213,240x320,360x480,480x640,540x720,640x853,720x960,1080x1440,1280x1707,1440x1920,1920x2560&from=bu&cs=1920x0",,False,,synagogue,False,False,,,,,,,,,,,,,,,
456245204,-7,212470699,212470699,1524745823,2018-04-26 14:30:23,58.008996,56.234158,58.00819896273859,56.23476395501453,95.54541657911076,"https://sun9-16.userapi.com/s/v1/ig1/vJQO2SjO2FdMgatOoGrCSYFJrTZ1ALsfaNSirQRSv9FFmTNPSsD7op00gssyEQ0X6V9JArNw.jpg?quality=96&as=32x43,48x64,72x96,108x144,160x213,240x320,360x480,480x640,540x720,640x853,720x960&from=bu&cs=720x0",,False,,synagogue,False,False,,,,,,,,,,,,,,,
426904547,-7,261660768,261660768,1470986299,2016-08-12 09:18:19,58.007751,56.235786,58.00819896273859,56.23476395501453,78.14337228715888,"https://sun9-34.userapi.com/s/v1/ig1/CYlX2el30GIbd_tlrQeFPb5jryoY39Ay1OzgqCnUA_klvkfxWH7JGWZz68mlcTxLYxfIsMUw.jpg?quality=96&as=32x32,48x48,72x72,108x108,160x160,240x240,360x360,480x480,540x540,640x640,720x720,960x960&from=bu&cs=960x0",,False,7114.0,synagogue,True,False,,,,,,,,,,,,,,,
408396392,174359428,-44048829,188631215,1456487541,2016-02-26 12:52:21,58.008239,56.233393,58.00819896273859,56.23476395501453,80.88667368337765,"https://sun9-13.userapi.com/s/v1/ig1/O0qWndG_pYLkN1k0R_6NLSVaVTffAmC75bSmxPLEtCHTQRBuFYMxHj0D2DMZDaXfB78V40b2.jpg?quality=96&as=32x43,48x64,72x96,108x144,160x213,240x320,360x480,480x640,540x720,640x853,720x960,1080x1440,1280x1707,1440x1920,1620x2160&from=bu&cs=1620x0",Ниже❗️,False,,synagogue,False,False,,,,,,,,,,,,,,,
457240522,301013678,-224421397,-224421397,1711788023,2024-03-30 09:40:23,58.008604,56.234423,58.00819896273859,56.23476395501453,49.31399479698315,"https://sun9-88.userapi.com/s/v1/ig2/Xj27MBg25fEEPOS5IQIaOaPHYDjfoUC6nzEyjDQjSDdoOJxVTN7eO0tQHEy3TzbUOQ4i4bQtwNqarutsk84WPzl3.jpg?quality=95&as=32x43,48x64,72x96,108x144,160x213,240x320,360x480,480x640,540x720,640x853,720x960,1080x1440,1280x1707,1440x1920,1920x2560&from=bu&cs=1920x0",,False,,synagogue,False,False,,,,,,,,,,,,,,,
457242759,-7,-194619161,-194619161,1680257105,2023-03-31 12:05:05,58.007708,56.234809,58.00819896273859,56.23476395501453,54.65702261040432,"https://sun9-83.userapi.com/s/v1/ig2/HQiuKdKwnbwp2xjoVfIY8XruJwDy9XuoeXNpYfRW3J2F-9q-7qI7NFkIO_ZPbB5Ot4ddMIGRaJz-4X92lcfMGGmE.jpg?quality=95&as=32x43,48x64,72x96,108x144,160x213,240x320,360x480,480x640,540x720,640x853,720x960,1080x1440,1280x1707,1440x1920,1920x2560&from=bu&cs=1920x0",,False,,synagogue,True,False,,,,,,,,,,,,,,,
457240358,-7,-194619161,-194619161,1652857444,2022-05-18 09:04:04,58.007842,56.235443,58.00819896273859,56.23476395501453,56.3538374152652,"https://sun9-80.userapi.com/s/v1/ig2/qdPJZrxRDBe-A9TseSveZFkMxM7jgZAe4HPoULq_boFkZzU6v87sNjYrET8fYL5GXEA18SfMg7vRfMzUaDbd_BV8.jpg?quality=96&as=32x43,48x64,72x96,108x144,160x213,240x320,360x480,480x640,540x721,640x854,720x961,1080x1441,1280x1708,1388x1852&from=bu&cs=1388x0",,False,,synagogue,True,False,,,,,,,,,,,,,,,
457239484,-7,-217376784,-217376784,1709098327,2024-02-28 06:32:07,58.007421,56.234598,58.00819896273859,56.23476395501453,87.05622430775611,"https://sun9-60.userapi.com/s/v1/ig2/3K1akFpS7AhnEuZK7FBhsbz5OdGMxrz1WxwbYC4KJPoMv4xXLld6h7iNgZtZ-gL8ugDYOnTwlw9mZ4AygCCSEfDo.jpg?quality=95&as=32x43,48x64,72x96,108x144,160x213,240x320,360x480,480x640,540x720,640x853,720x960,1080x1440,1280x1707,1440x1920,1920x2560&from=bu&cs=1920x0",,False,,synagogue,False,False,,,,,,,,,,,,,,,
457240621,301013678,-224421397,-224421397,1711789909,2024-03-30 10:11:49,58.008604,56.234423,58.00819896273859,56.23476395501453,49.31399479698315,"https://sun9-1.userapi.com/s/v1/ig2/OJ2PId0OFt4OVcz5kfm-dI9xL-AJ2nydT7vDgNvrq-m_yKKLPfhSj_6YQNoBDy34aEo1MgFuqGiT4jzkmSafWLW9.jpg?quality=95&as=32x43,48x64,72x96,108x144,160x213,240x320,360x480,480x640,540x720,640x853,720x960,1080x1440,1280x1707,1440x1920,1920x2560&from=bu&cs=1920x0",,False,,synagogue,False,False,,,,,,,,,,,,,,,
456239145,-7,-39105410,-39105410,1479131738,2016-11-14 14:55:38,58.008968,56.234079,58.00819896273859,56.23476395501453,94.55511995194716,"https://sun9-54.userapi.com/s/v1/ig1/JoDWqw7qJxtHNgex68vtI_i9em0UIVOHMP-WWcVFUUIAC_vek-CwpRN2kXAxDErApSGHYSoH.jpg?quality=96&as=32x32,48x48,72x72,108x108,160x160,240x240,360x360,480x480,540x540,640x640,720x720,960x960&from=bu&cs=960x0",,False,,synagogue,False,False,,,,,,,,,,,,,,,
361983003,214443807,-91891710,-91891710,1430072926,2015-04-26 20:28:46,58.007884,56.235905,58.00819896273859,56.23476395501453,75.79654129947852,"https://sun9-5.userapi.com/s/v1/ig1/vQDEJCgnVMnjSwaF_ErlC-iBZyTi_r2FjPAv0SCG1-KlDyRjAwYyRiKfewadz6-9FeJb7ZjY.jpg?quality=96&as=32x32,48x48,72x72,108x108,160x160,240x240,360x360,480x480,540x540,640x640,720x720,1024x1024&from=bu&cs=1024x0","Туфли Vitacci, размеры: 31, 32, 33, 35, 36. Цена 1100 руб.",False,,synagogue,True,False,,,,,,,,,,,,,,,
456242275,-7,261660768,261660768,1511423472,2017-11-23 08:51:12,58.007821,56.235813,58.00819896273859,56.23476395501453,74.73693356164176,"https://sun9-87.userapi.com/s/v1/ig1/h4dDcjK5Dn0-mLv36vW1RZQg29cWLYMseIluWxlEspwImqJP4jZ8lerpu_rkG3YFgViu4Rsk.jpg?quality=96&as=32x39,48x58,72x87,108x131,160x194,240x292,360x437,480x583,540x656,640x778,720x875,790x960&from=bu&cs=790x0",,False,,synagogue,True,False,,,,,,,,,,,,,,,
456239066,-7,-58954545,-58954545,1484209795,2017-01-12 09:29:55,58.00782,56.234438,58.00819896273859,56.23476395501453,46.30771521577833,"https://sun9-24.userapi.com/s/v1/ig1/FA8uTjjpxdpfZ6aox9c3j3TkyLynCXKDSU1oS8VPoQvSJsBVZ3OCZhdOkHOGvQ0cElARG80a.jpg?quality=96&as=32x42,48x62,72x93,108x140,160x208,240x311,360x467,480x623,540x701,640x830,720x934,740x960&from=bu&cs=740x0",,False,,synagogue,True,False,,,,,,,,,,,,,,,
457256878,-7,-170690865,-170690865,1682436891,2023-04-25 17:34:51,58.007596,56.234492,58.00819896273859,56.23476395501453,68.93402153006282,"https://sun9-60.userapi.com/s/v1/ig2/iSfc7wtllwtjPMuYatgVxW_YJw8jy3qaoMKgTbOM64KuEWSIrUwBlI1Q-RfbuTGrfvCo-733zi1Y70cTlYdrQ7zs.jpg?quality=95&as=32x43,48x64,72x96,108x144,160x213,240x320,360x480,480x640,540x720,640x853,720x960,1080x1440,1280x1707,1398x1864&from=bu&cs=1398x0",,False,,synagogue,False,False,,,,,,,,,,,,,,,
382371508,160336817,4231370,4231370,1444468290,2015-10-10 11:11:30,58.007133,56.255995,58.00763133477656,56.255145877976155,74.65176942300953,"https://sun9-18.userapi.com/s/v1/ig1/3Zxw0ajpDBuRbm2r0q_ApBOEDjbQ-SwSA7BZ0O3WwD6BJ3GX-qxSYZluBHYWI0hZI9KVb-rX.jpg?quality=96&as=32x43,48x64,72x96,108x144,160x213,240x320,360x480,480x640,540x720,640x853,720x960,960x1280&from=bu&cs=960x0",есть ещё вопросы на кого похож мой младшенький?????????,False,,or avner habad community center,False,False,,,,,,,,,,,,,,,
422760548,-7,15108621,15108621,1467210783,2016-06-29 16:33:03,58.008206,56.235614,58.00819896273859,56.23476395501453,50.08297183811499,"https://sun9-68.userapi.com/s/v1/if1/vzN7tNTwdTJR4tG4FlQIkzEKUXieCGrTFr-Gfe8q14AndpWqQVa5f9wUA999QzEy5ikNYreC.jpg?quality=96&as=32x24,48x36,72x54,108x81,160x120,240x180,360x270,480x360,540x405,640x480,720x540,1080x810,1280x960,1440x1080,1632x1224&from=bu&cs=1632x0",,False,,synagogue,False,False,,,,,,,,,,,,,,,
457252307,-7,-53041106,-53041106,1641923347,2022-01-11 18:49:07,58.007624,56.235258,58.00819896273859,56.23476395501453,70.24608442622167,"https://sun9-13.userapi.com/s/v1/ig2/UdwmVA1cweGj_yWoBHZGGL4M61beu4chfLAVJJ0JE64nUFXFOXGt1V7eh_pzieKEL6M7Ic7VcxFS-1VWFTBRvkN2.jpg?quality=96&as=32x43,48x64,72x96,108x144,160x213,240x320,360x480,480x640,540x720,640x853,720x960,1080x1440,1280x1707,1440x1920&from=bu&cs=1440x0",,False,,synagogue,False,False,,,,,,,,,,,,,,,
457240852,-7,-214073951,-214073951,1743956632,2025-04-06 18:23:52,58.008218,56.2552,58.00763133477656,56.255145877976155,65.31206836813678,"https://sun9-80.userapi.com/s/v1/if2/2bGEc7TbWGLm_8Lv70QW4N1LK6JoPlABa5vzO2PXFMDpTO2q3iSjx-ALMYdGwObR2nBhqIEDooFACeoPa8FZ3w0c.jpg?quality=95&as=32x24,48x36,72x54,108x81,160x120,240x180,360x270,480x360,540x405,640x480,720x540,1080x810,1280x960,1440x1080,2560x1920&from=bu&cs=2560x0",,False,,or avner habad community center,True,False,,,,,,,,,,,,,,,
457317292,301537621,-43730800,-43730800,1741271554,2025-03-06 15:32:34,58.007597,56.235694,58.00819896273859,56.23476395501453,86.50021038098853,"https://sun9-84.userapi.com/s/v1/ig2/oGsewrhKkoGfqJpl3Iz0Yr91GO5BuoS9Ldp-vCp68CF8kIwpSMYBgeezoMa_7KIFx-q9eb3vpeVxZ0Z4kxX64f3i.jpg?quality=95&as=32x43,48x64,72x96,108x144,160x213,240x320,360x480,480x640,540x720,640x853,720x960,1080x1440,1280x1707,1440x1920,1920x2560&from=bu&cs=1920x0",Продано,False,,synagogue,False,False,,,,,,,,,,,,,,,
456240006,-7,-223740962,-223740962,1744634852,2025-04-14 14:47:32,58.008905,56.233814,58.00819896273859,56.23476395501453,96.41174561309607,"https://sun9-75.userapi.com/s/v1/ig2/_SKUFpUfKnTH82ZbJVX_oBjfAv0vzVPhwyfu8uiOxzJLlpyX_NpoQ_eBsVcEBWZfR01oJtruw4O3ssXHz_88EdsY.jpg?quality=95&as=32x43,48x64,72x96,108x144,160x213,240x320,360x480,480x640,540x720,640x853,720x960,1080x1440,1280x1707,1440x1920,1920x2560&from=bu&cs=1920x0",,False,,synagogue,False,False,,,,,,,,,,,,,,,
309770586,-7,97847485,97847485,1374770319,2013-07-25 18:38:39,58.008017,56.235508,58.00819896273859,56.23476395501453,48.2770062583902,"https://sun9-8.userapi.com/s/v1/ig2/zOBjYCe4WTXOW-fzD2VSfFqw_drvrdVQ7BgpUd3y8GknvtXBvbUHM5Yjg0hvVgdMOWWj-aEz_1_9pmOh8A840W3P.jpg?quality=96&as=32x43,48x64,72x97,108x145,160x215,240x322,360x483,480x644,540x724,640x858,716x960&from=bu&cs=716x0",,False,,synagogue,True,False,,,,,,,,,,,,,,,
457240435,-7,-179988268,-179988268,1597236063,2020-08-12 14:41:03,58.008183,56.233406,58.00819896273859,56.23476395501453,80.01797603754054,"https://sun9-26.userapi.com/s/v1/ig2/Xtj4bkzVosLc579MyZrxHUUX72yUypxtmjsyNxazGlhTS_I1ZSzBzIopFg1H404WvxyzQa_v1AoE1XvmDHbHmW_N.jpg?quality=96&as=32x43,48x64,72x96,108x144,160x213,240x320,360x480,480x640,540x720,640x853,720x960,1080x1440,1280x1707,1440x1920,1620x2160&from=bu&cs=1620x0",,False,,synagogue,False,False,,,,,,,,,,,,,,,
456239073,-7,-140006825,-140006825,1501258907,2017-07-28 18:21:47,58.008738,56.235744,58.00819896273859,56.23476395501453,83.2219943683028,"https://sun9-59.userapi.com/s/v1/ig1/3gvtqXMHA_OOzz-RmOFgTwhYkrI3X6dj37smkitW1Z04TJfE4gt-r_hy0NANVKx5ftKskr3z.jpg?quality=96&as=32x32,48x48,72x72,108x108,160x160,240x240,360x360,480x480,540x540,640x640,720x720,960x960&from=bu&cs=960x0",,False,,synagogue,False,False,,,,,,,,,,,,,,,
456239074,-7,-167874142,-167874142,1529490538,2018-06-20 12:28:58,58.007561,56.235338,58.00819896273859,56.23476395501453,78.5867216922049,"https://sun9-51.userapi.com/s/v1/ig1/DGgd9YlQ5yCY3wqZ86l5GX8wB-skgYumkJ-qOvb3HhaJPaRdMFr48-C7fC10hM0nZzHJVh30.jpg?quality=96&as=32x43,48x64,72x96,108x144,160x213,240x320,360x480,480x640,540x720,640x853,720x960,1080x1440,1280x1707,1440x1920,1620x2160&from=bu&cs=1620x0",,False,,synagogue,False,False,,,,,,,,,,,,,,,
457240524,-7,418440478,418440478,1563704455,2019-07-21 12:20:55,58.008787,56.235797,58.00819896273859,56.23476395501453,89.32529634490363,"https://sun9-32.userapi.com/s/v1/if1/mI9lK8FYSTrzYe05xvCwlLe7d-2ta7y3zEG7zxOs_mzhTR7Wtjo2qzn8M7J6V_66LnNnxFsi.jpg?quality=96&as=32x24,48x36,72x54,108x81,160x120,240x180,360x270,480x360,540x405,640x480,720x540,1080x810,1280x960,1304x978&from=bu&cs=1304x0",,False,,synagogue,False,False,,,,,,,,,,,,,,,
456239088,-7,-166810589,-166810589,1536240559,2018-09-06 15:29:19,58.007783,56.255003,58.00763133477656,56.255145877976155,18.84826178994875,"https://sun9-4.userapi.com/s/v1/if1/o9Ykn76PeoogB3vC5iIjtC4CW7vrL8RQLJG4wegrDJBX4am6Cm2JTxGmBszDKZVkWP3MLCYv.jpg?quality=96&as=32x24,48x36,72x54,108x81,160x120,240x180,360x270,480x360,540x405,640x480,720x540,1080x810,1280x960,1440x1080,2560x1920&from=bu&cs=2560x0",,False,,or avner habad community center,True,True,,,,,,,,,,,,,,,
457257204,-7,-170690865,-170690865,1684321482,2023-05-17 13:04:42,58.007596,56.234492,58.00819896273859,56.23476395501453,68.93402153006282,"https://sun9-26.userapi.com/s/v1/ig2/3yfFM6EBpLMjLe_nsPVLvuWAWvoC2PHH96RmCw_ofVUSmSR7P_nvIbe03lsVDYoXHsFHmfqt-k1FP78vO3RF6_Vm.jpg?quality=95&as=32x43,48x64,72x96,108x144,160x213,240x320,360x480,480x640,540x720,640x853,720x960,1080x1440,1280x1707,1398x1864&from=bu&cs=1398x0",,False,,synagogue,False,False,,,,,,,,,,,,,,,
457240394,300940854,-224421397,-224421397,1711282387,2024-03-24 13:13:07,58.008618,56.234291,58.00819896273859,56.23476395501453,54.28967513662061,"https://sun9-37.userapi.com/s/v1/ig2/d9L0zFNfPeyr-PjMfTO0h0YnImgHMbXaZ6K6EqrEl3r_rQVuVcFIotxh0jiWJkT29RcbPfLp971kukwJwP74XZrl.jpg?quality=95&as=32x43,48x64,72x96,108x144,160x213,240x320,360x480,480x640,540x720,640x853,720x960,1080x1440,1280x1707,1440x1920,1920x2560&from=bu&cs=1920x0",,False,,synagogue,False,False,,,,,,,,,,,,,,,
457257488,-7,-170690865,-170690865,1685893859,2023-06-04 17:50:59,58.007596,56.234492,58.00819896273859,56.23476395501453,68.93402153006282,"https://sun9-37.userapi.com/s/v1/ig2/s7IR3hQ_od3yvVx71_D5jhHJH3BotG9rEPUQp20a7IrM_L44qG1ZUMO89-pNlQaqPZGmAh27lXfOE8QwDBSGMgJF.jpg?quality=95&as=32x43,48x64,72x96,108x144,160x213,240x320,360x480,480x640,540x720,640x853,720x960,1080x1440,1280x1707,1398x1864&from=bu&cs=1398x0",,False,,synagogue,False,False,,,,,,,,,,,,,,,
457255304,-7,-170690865,-170690865,1673584358,2023-01-13 05:32:38,58.008016,56.234306,58.00819896273859,56.23476395501453,33.78969930208058,"https://sun9-79.userapi.com/s/v1/ig2/5Vnc5iBgB2roPRfA7gipIpcJUroDgLD5dDB4uUKyWEpuI1O_ZHHa0k7B_bhs9y73tI-3WusLICrbUJhmTgPwl1Mm.jpg?quality=95&as=32x43,48x64,72x96,108x144,160x213,240x320,360x480,480x640,540x720,640x853,720x960,1080x1440,1280x1707,1344x1792&from=bu&cs=1344x0",,False,,synagogue,False,False,,,,,,,,,,,,,,,
457240338,-7,-209485236,-209485236,1679626889,2023-03-24 04:01:29,58.007112,56.256022,58.00763133477656,56.255145877976155,77.45188747241512,"https://sun9-40.userapi.com/s/v1/ig2/7K1NzZubww6Uznk3ENmdZGohfMHl4PFh3XGZ8WySUocacVnA-9j0eUEWgL9Is9v74OFCjH3-XSQ48zdLQ-DPQZwd.jpg?quality=95&as=32x43,48x64,72x96,108x144,160x213,240x320,360x480,480x640,540x720,640x853,720x960,1080x1440,1280x1707,1440x1920,1920x2560&from=bu&cs=1920x0",,False,,or avner habad community center,False,False,,,,,,,,,,,,,,,
457240769,-7,-128344713,-128344713,1747123309,2025-05-13 10:01:49,58.007596,56.235007,58.00819896273859,56.23476395501453,68.55820546222087,"https://sun9-54.userapi.com/s/v1/ig2/qWEZViLDG8N9D9jCin-Od-MyS-1coj2DgrfK0cHUlnugxi-FFeyYussfV_BWHbUNfKQEOAuzwjWLfI3wiJ4aG562.jpg?quality=95&as=32x43,48x64,72x96,108x144,160x213,240x320,360x480,480x640,540x720,640x853,720x960,1080x1440,1280x1707,1440x1920,1920x2560&from=bu&cs=1920x0",,False,,synagogue,False,False,,,,,,,,,,,,,,,
457241950,-7,-224421397,-224421397,1727957473,2024-10-03 14:11:13,58.008618,56.234291,58.00819896273859,56.23476395501453,54.28967513662061,"https://sun9-30.userapi.com/s/v1/ig2/iieGAbEwAvdZuAvMEyh9PoQqDK_tqKiMHPPrZmT6WEE0tY6A_AzGPyGfoQ0ZrmejZ4vwSjfD5M2jnIYbhQYz-a6B.jpg?quality=95&as=32x43,48x64,72x96,108x144,160x213,240x320,360x480,480x640,540x720,640x853,720x960,1080x1440,1280x1707,1440x1920,1920x2560&from=bu&cs=1920x0",,False,,synagogue,False,False,,,,,,,,,,,,,,,
457245701,-7,423472035,423472035,1580840210,2020-02-04 19:16:50,58.007765,56.235482,58.00819896273859,56.23476395501453,64.17053552289427,"https://sun9-21.userapi.com/s/v1/ig1/SR3Bwr1WgVQBHOkylhl7atzdW5CBHhysviBAHhJicyBfhRIIxjqkcOTNXUtWJqmB3DJOPhYs.jpg?quality=96&as=32x43,48x64,72x96,108x144,160x213,240x320,360x480,480x640,540x720,640x853,720x960,1080x1440,1104x1472&from=bu&cs=1104x0","Посмотрите какая милашка😍наша совместная работа с ученицей на моем базовом курсе для визажистов💄кстати, фото сделано на дневной свет☀️я люблю такое освещение больше, чем лампы и видеосвет)
·
В последнее время очень много запросов по поводу записи на лето🌼выпускницы уже во всю готовятся) поэтому я подумала, почему бы не открыть уже запись?😅в общем, кто хотел и хочет... бронируйте даты🥰
_
#макияж #визажист #макияжпермь #пермь #пермьактивная #makeup #makeup_kovabeauty #визажистпермь #прически #прическипермь #кудрипермь #стилистпермь #свадебнаяприческапермь #свадебныйстилистпермь #причёскапермь #выпускной #макияжнавыпускной #смокиайс #свадебныймакияж #свадебныймакияжпермь",False,,synagogue,False,False,,,,,,,,,,,,,,,
456241703,158454793,145984131,145984131,1529772927,2018-06-23 18:55:27,58.008738,56.235916,58.00819896273859,56.23476395501453,90.54599016647894,"https://sun9-18.userapi.com/s/v1/ig2/nLcTZu6OdDQDeQB3uzrfoKrHo2k1bd8D-wx5v7zKqYgwpGjnnYKn_kyx4Mcky9KYf_0VDNurcs9g5gQgP3Qj0Ibb.jpg?quality=96&as=32x43,48x64,72x96,108x144,160x213,240x320,360x480,480x640,540x720,640x853,720x960,1080x1440,1280x1707,1440x1920,1620x2160&from=bu&cs=1620x0",Зашли перекусить.,False,,synagogue,False,False,,,,,,,,,,,,,,,
456239732,-7,-53272954,-53272954,1546080055,2018-12-29 11:40:55,58.008513,56.23408,58.00819896273859,56.23476395501453,53.31811472047423,"https://sun9-41.userapi.com/s/v1/ig1/EzzNxPnNfDTnY3upnGV4Bz0NUQ79F00Wm4LEoyFNNno1PXhtyuSOsi_TmWu9Q8pV8sU6Bma2.jpg?quality=96&as=32x43,48x64,72x96,108x144,160x213,240x320,360x480,480x640,540x720,640x853,720x960,1080x1440,1280x1707,1440x1920,1536x2048&from=bu&cs=1536x0",,False,3319.0,synagogue,False,False,,,,,,,,,,,,,,,
456239099,-7,537376289,537376289,1558172342,2019-05-18 11:39:02,58.007743,56.234478,58.00819896273859,56.23476395501453,53.42613256074397,"https://sun9-38.userapi.com/s/v1/ig1/EHeYEAAVuN7A8G7KbP_48GDpxxdj6dzIwB5skjWPDY-fc2L9Ht29SGQb7b-2AaZLi3yEewDQ.jpg?quality=96&as=32x43,48x64,72x96,108x144,160x213,240x320,360x480,480x640,540x720,640x853,720x960,1008x1344&from=bu&cs=1008x0",,False,,synagogue,True,False,,,,,,,,,,,,,,,
457314849,301537621,-43730800,-43730800,1734350891,2024-12-16 13:08:11,58.007702,56.235906,58.00819896273859,56.23476395501453,87.06401057124822,"https://sun9-23.userapi.com/s/v1/ig2/SZiJTQiM9ahZxe4otXdQA6HrogsdPTcJC7a6p6018hDHG_mDqkraLTAm0sVvZFI96zPfLexi4Yfdk8_6C1ItZTb0.jpg?quality=95&as=32x39,48x58,72x87,108x131,160x193,240x290,360x435,480x580,540x653,640x774,720x871,1080x1306,1280x1548,1440x1741,2117x2560&from=bu&cs=2117x0",Продано,False,,synagogue,True,False,,,,,,,,,,,,,,,
456239204,-7,-75252175,-75252175,1482478747,2016-12-23 08:39:07,58.008241,56.235798,58.00819896273859,56.23476395501453,61.09549760654485,"https://sun9-16.userapi.com/s/v1/ig1/gX0I9ymYKp4ysFITNky-rEHG-aQoUQW_HnQ1bVKyuiVul5dl8KpnJs4ed5yTpOOukW3XiC9H.jpg?quality=96&as=32x32,48x48,72x72,108x108,160x160,240x240,360x360,480x480,540x540,640x640,720x720,960x960&from=bu&cs=960x0",,False,161.0,synagogue,False,False,,,,,,,,,,,,,,,
457255024,-7,-39004558,-39004558,1680606205,2023-04-04 13:03:25,58.008318,56.235415,58.00819896273859,56.23476395501453,40.57332761901682,"https://sun9-68.userapi.com/s/v1/ig2/_9BNUnrJv-ePJI5KgtpYrFhLWm1i7v-fqAlbrW6xRcD1oH7r19O-9I1iEzQsqqZ33XNt8IKZkf1sRMVK1Io56GGj.jpg?quality=95&as=32x57,48x85,72x128,108x192,160x284,240x427,360x640,480x853,540x960,640x1138,720x1280,1080x1920,1280x2276,1440x2560&from=bu&cs=1440x0",,False,,synagogue,False,False,,,,,,,,,,,,,,,
457255899,-7,-170690865,-170690865,1677332350,2023-02-25 14:39:10,58.007603,56.234597,58.00819896273859,56.23476395501453,66.99395556104398,"https://sun9-2.userapi.com/s/v1/ig2/iLsLT0lLBAOYBBiyDJ6qode9mVtXn0jdLQmpVXdjyyeNUggDkTjEhKs49OJ1iSjJ_69SEPTLw5fnYSebTaxOh1cd.jpg?quality=95&as=32x43,48x64,72x96,108x144,160x214,240x320,360x481,480x641,540x721,640x855,720x961,1080x1442,1280x1709,1342x1792&from=bu&cs=1342x0",,False,,synagogue,False,False,,,,,,,,,,,,,,,
312766243,-7,95432435,95432435,1381246790,2013-10-08 17:39:50,58.008443,56.234741,58.00819896273859,56.23476395501453,27.16937995497787,"https://sun9-38.userapi.com/s/v1/if2/wiEOZ5CMqbpno2KUfY-ZfwSmGiBbqhpVRw9krbxH8i4Dk4sl_rx8uHT8Gh1rrgcwbxtnBSn9XAsYwDVtaorW1Qcx.jpg?quality=96&as=32x19,48x29,72x43,108x65,160x96,240x143,360x215,480x287,540x323,640x382,720x430,1080x645,1280x765&from=bu&cs=1280x0",,False,,synagogue,False,False,,,,,,,,,,,,,,,
457311465,301537621,-43730800,-43730800,1724842119,2024-08-28 12:48:39,58.007695,56.2358,58.00819896273859,56.23476395501453,82.8583389920959,"https://sun9-3.userapi.com/s/v1/ig2/d-bHSHMNHR0XPEZ7fVUOQ0sEDRzoJke1MaI3fG-gTtXqAc-g60eVKbHDvAsE4a7I8TIvaTQkI2iz_duveR_hL0zl.jpg?quality=95&as=32x33,48x49,72x74,108x110,160x164,240x245,360x368,480x491,540x552,640x654,720x736,1080x1104,1280x1309,1440x1472,2504x2560&from=bu&cs=2504x0",Продано,False,,synagogue,True,False,,,,,,,,,,,,,,,
457240344,-7,-209485236,-209485236,1679626889,2023-03-24 04:01:29,58.007202,56.255506,58.00763133477656,56.255145877976155,52.241678049115166,"https://sun9-80.userapi.com/s/v1/ig2/idRVaQG1ZiRMN46H1jl8uujCsA5T3h0Q7iBgI53TQrOJBjHQNzD3W0AVKYcGQo_TTJ7FF5Wm7BWwVSGZ_RAZ9d93.jpg?quality=95&as=32x43,48x64,72x96,108x144,160x213,240x320,360x480,480x640,540x720,640x853,720x960,1080x1440,1280x1707,1440x1920,1920x2560&from=bu&cs=1920x0",,False,,or avner habad community center,False,False,,,,,,,,,,,,,,,
418208036,-7,-39105410,-39105410,1465973534,2016-06-15 08:52:14,58.009017,56.234131,58.00819896273859,56.23476395501453,98.30751741077076,"https://sun9-82.userapi.com/s/v1/ig1/xQnEjg8NjvsSGlrkVW54YJx4b96J7KAFf0ZDW5d5giT3G1Ya-4bovtQKVhKeYoOgTZhJs6Ok.jpg?quality=96&as=32x40,48x60,72x90,108x135,160x200,240x300,360x450,480x600,540x675,640x800,720x900,768x960&from=bu&cs=768x0",,False,,synagogue,False,False,,,,,,,,,,,,,,,
457240914,-7,-194619161,-194619161,1660809315,2022-08-18 09:55:15,58.007813,56.234676,58.00819896273859,56.23476395501453,43.22875901210856,"https://sun9-68.userapi.com/s/v1/ig2/KJR1UVFk6yZZMMk_sP0xJnxRUkoDNDrJCW9f4K1mxtK4mPAkq-54tjsQZ5wsX_I3e_zTCmh7O53MezKHy-ODyMK4.jpg?quality=95&as=32x43,48x64,72x96,108x144,160x213,240x320,360x480,480x640,540x721,640x854,720x961,1080x1441,1280x1708,1388x1852&from=bu&cs=1388x0",,False,,synagogue,True,False,,,,,,,,,,,,,,,
456239140,-7,-39105410,-39105410,1479124416,2016-11-14 12:53:36,58.008982,56.234118,58.00819896273859,56.23476395501453,95.02210978371764,"https://sun9-88.userapi.com/s/v1/ig1/h6cc7KBgjOW_m7ZB3iXPJt_-VycDYKOiVoHyLT9hUq2wpAEP0FJ_gpLZUtR9wtBp2LjVR6RY.jpg?quality=96&as=32x32,48x48,72x72,108x108,160x160,240x240,360x360,480x480,540x540,640x640,720x720,960x960&from=bu&cs=960x0",,False,,synagogue,False,False,,,,,,,,,,,,,,,
457243266,-7,-194619161,-194619161,1688212443,2023-07-01 13:54:03,58.007806,56.235086,58.00819896273859,56.23476395501453,47.636456085795615,"https://sun9-77.userapi.com/s/v1/ig2/JwFpPQXAJ336j76p6zs4r_5YItQJCOxFVBsF9eBP3YgVR3J1-yP3LQj34Oho1PuV_k1LR7OX8sbQgxflA7Lk6kQj.jpg?quality=95&as=32x42,48x64,72x96,108x143,160x212,240x318,360x478,480x637,540x717,640x849,720x956,1080x1433,1280x1699,1440x1911,1929x2560&from=bu&cs=1929x0",,False,,synagogue,True,False,,,,,,,,,,,,,,,
457242233,-7,-152436168,-152436168,1619695645,2021-04-29 13:27:25,58.00784,56.233209,58.00819896273859,56.23476395501453,99.92255473874002,"https://sun9-6.userapi.com/s/v1/ig2/XNKjCsMCixhKVukfe_RIthG5Cea_b8fj7rRcMxG33aLze4WvaeLLcl53Dwc5I7sVXszyZ0sPlYL0tHkkvnZXT0EX.jpg?quality=96&as=32x43,48x64,72x96,108x144,160x213,240x320,360x480,480x640,540x720,640x853,720x960,1080x1440,1280x1707,1440x1920&from=bu&cs=1440x0",,False,,synagogue,False,False,,,,,,,,,,,,,,,
456239050,-7,445884933,445884933,1513065991,2017-12-12 09:06:31,58.007694,56.234597,58.00819896273859,56.23476395501453,57.00421853451046,"https://sun9-3.userapi.com/s/v1/if1/wmK4WgRNlPnCytRzgICUey2jEjOilTjEeDiYCDG0e-b_yMG7uHCi_pv8c2OkJX90A4QC6hEr.jpg?quality=96&as=32x18,48x27,72x40,108x61,160x90,240x135,360x202,480x270,540x304,640x360,720x405,1080x607,1280x720&from=bu&cs=1280x0",,False,,synagogue,True,False,,,,,,,,,,,,,,,
457240189,300940532,-224421397,-224421397,1711279397,2024-03-24 12:23:17,58.008618,56.234291,58.00819896273859,56.23476395501453,54.28967513662061,"https://sun9-18.userapi.com/s/v1/ig2/PBs-vc8JapxbVf-IIrDy7TbPJBFBtDZmuS3BpxVemaigN20FpSmy73wSnLfH5erBQ3CPiQMR60LPyjsNflgvI7nB.jpg?quality=95&as=32x43,48x64,72x96,108x144,160x213,240x320,360x480,480x640,540x720,640x853,720x960,1080x1440,1280x1707,1440x1920,1920x2560&from=bu&cs=1920x0",,False,,synagogue,False,False,,,,,,,,,,,,,,,
457252313,-7,-53041106,-53041106,1641923347,2022-01-11 18:49:07,58.007596,56.235179,58.00819896273859,56.23476395501453,71.36570389328034,"https://sun9-64.userapi.com/s/v1/ig2/HpReQ5rd-4T2yw56jJvmL2X6Ci47MjCyuXKGqTVOZNEt7uwM9yFV4RozyLXIkNEc9EblO6lCQXwMV81btdqd5yQ9.jpg?quality=96&as=32x43,48x64,72x96,108x144,160x213,240x320,360x480,480x640,540x720,640x853,720x960,1080x1440,1280x1707,1440x1920&from=bu&cs=1440x0",,False,,synagogue,False,False,,,,,,,,,,,,,,,
457254222,-7,-170690865,-170690865,1666781474,2022-10-26 12:51:14,58.007897,56.234398,58.00819896273859,56.23476395501453,39.902113118787824,"https://sun9-8.userapi.com/s/v1/ig2/IwZ7IhJlGSVQH-uRyhW-6UVotwu4gzp8dM2dGE387nInoAxZ9cY8Dd8HskpPjXbyJEBFPGao9p3b3YTZuAuy44ab.jpg?quality=95&as=32x43,48x64,72x96,108x144,160x213,240x320,360x480,480x640,540x720,640x853,720x960,1080x1440,1280x1707,1344x1792&from=bu&cs=1344x0",,False,,synagogue,True,False,,,,,,,,,,,,,,,
457247257,-7,261660768,261660768,1564376439,2019-07-29 07:00:39,58.00747,56.234651,58.00819896273859,56.23476395501453,81.32964252452784,"https://sun9-40.userapi.com/s/v1/ig1/YCcE2GLepDv0NzShy6GV2R5BJ_Ag2in9PVXzph1YdWUoD7lYiuIdNndmnPcRrcYVAqrPoYyu.jpg?quality=96&as=32x43,48x64,72x96,108x144,160x214,240x321,360x481,480x642,540x722,640x856,718x960&from=bu&cs=718x0",,False,18818.0,synagogue,False,False,,,,,,,,,,,,,,,
457239660,-7,566882973,566882973,1630154448,2021-08-28 14:40:48,58.008864,56.235757,58.00819896273859,56.23476395501453,94.29070569310528,"https://sun9-49.userapi.com/s/v1/if2/d_U7MRyNYLRVs8XtSFoRQb31O5vnnPg0s187HqoO_JA55D5xrog3IX4M4vXTKkWcxZWCfZku3emvsSj50RWHrUfd.jpg?quality=96&as=32x24,48x36,72x54,108x81,160x120,240x180,360x270,480x360,540x405,640x480,720x540,1080x810,1280x960,1440x1080,1600x1200&from=bu&cs=1600x0",,False,369.0,synagogue,False,False,,,,,,,,,,,,,,,
456239740,-6,204247214,204247214,1512137085,2017-12-01 15:04:45,58.007785,56.23391,58.00819896273859,56.23476395501453,68.18838911082449,"https://sun9-30.userapi.com/s/v1/ig1/NN6Dw-Kj0HL2zfJfJMXZNXCPY9nvDax3WzoZJiWf5VZ3e5wFuodYjVirFoUdsyyjgOLrApzY.jpg?quality=96&as=32x32,48x48,72x72,108x108,160x160,240x240,360x360,480x480,540x540,640x640,720x720,1080x1080,1280x1280,1440x1440,1932x1932&from=bu&cs=1932x0",,False,1265.0,synagogue,True,False,,,,,,,,,,,,,,,
457304692,302576705,108825536,108825536,1727593367,2024-09-29 09:02:47,58.008414,56.255411,58.00763133477656,56.255145877976155,88.41880241594436,"https://sun9-58.userapi.com/s/v1/ig2/K28ACG_2_pphmACcFRsgv3Jpkcxn7McNAiNu6N7aCuU3D6ZezFnbz7RPZiIn5QK_VSH9lv0V179u-u8vNaxQKxgI.jpg?quality=95&as=32x46,48x69,72x104,108x155,160x230,240x345,360x518,480x691,540x777,640x921,720x1036,1080x1554,1280x1842,1440x2072,1779x2560&from=bu&cs=1779x0",,False,,or avner habad community center,False,False,,,,,,,,,,,,,,,
307864726,144611530,4350736,4350736,1375974705,2013-08-08 17:11:45,58.007835,56.236024,58.00819896273859,56.23476395501453,84.54632475130688,"https://sun9-15.userapi.com/s/v1/if1/pQcpzXWxVFUTA2a-JJVe6964Yi9y6c0Tfk3cK1Wzd31PWjTp5Nxdpmvb7Rs7SuOt-1mTfA.jpg?quality=96&as=32x24,48x36,72x54,108x81,160x119,240x179,360x269,480x358,540x403,640x478,720x538,1080x807,1280x956&from=bu&cs=1280x0","витрина динозавров #Schleich
(живьем - в парке горького и колизее-синема, на этаже с кинотеатрами)",False,,synagogue,True,False,,,,,,,,,,,,,,,
457242365,-7,-194619161,-194619161,1674808233,2023-01-27 09:30:33,58.0074,56.234796,58.00819896273859,56.23476395501453,88.86065843618229,"https://sun9-65.userapi.com/s/v1/ig2/QCY9wN54uvwnEHn6pIFotHaAyVoro9yub6X3O-fLFWI6KsyFqsRSh65P_iVrtoiqr0FPUAe0gX4J2P8WVvA3mURS.jpg?quality=95&as=32x43,48x64,72x96,108x144,160x213,240x320,360x480,480x640,540x720,640x853,720x960,1080x1440,1280x1707,1440x1920,1920x2560&from=bu&cs=1920x0",,False,,synagogue,False,False,,,,,,,,,,,,,,,
457241870,-7,-76634753,-76634753,1612113729,2021-01-31 18:22:09,58.007721,56.255598,58.00763133477656,56.255145877976155,28.440204154808978,"https://sun9-68.userapi.com/s/v1/ig2/LD6d8-UvwOcX0uOFsfpRCHaz2z98Iwr5GkW0Skx4ap6CFj2ui7jID4sQ6qaA-GZXw6QD4o8cog7R8WgDSXCRdh69.jpg?quality=96&as=32x43,48x64,72x96,108x144,160x214,240x320,360x481,480x641,540x721,640x855,720x961,1080x1442,1280x1709,1342x1792&from=bu&cs=1342x0",,False,,or avner habad community center,True,False,,,,,,,,,,,,,,,
456239123,-7,469432307,469432307,1542551057,2018-11-18 15:24:17,58.00892,56.235229,58.00819896273859,56.23476395501453,84.72707153361529,"https://sun9-67.userapi.com/s/v1/ig1/12A17QD3Zi6OAbstkyxUoNyL07OExYC7BzxFIrqj9eB34zMkppoomsMvDojQCnmZ9bUUDRt0.jpg?quality=96&as=32x37,48x55,72x82,108x124,160x183,240x275,360x412,480x550,540x619,640x733,720x825,838x960&from=bu&cs=838x0",,False,,synagogue,False,False,,,,,,,,,,,,,,,
456241921,254474562,-101303987,25345202,1532612051,2018-07-26 15:34:11,58.0073,56.253722,58.00763133477656,56.255145877976155,91.61790440141876,"https://sun9-68.userapi.com/s/v1/ig1/OrDsb62t7nYWRGYTtynGGAqNTqjf3MW0BKFVFgsShYFzlcUfd6yC8oo7Litmckxt7Svl_8AI.jpg?quality=96&as=32x57,48x85,72x128,108x192,160x284,240x427,360x640,480x853,540x960,640x1138,720x1280,1080x1920,1215x2160&from=bu&cs=1215x0",,False,,or avner habad community center,False,False,,,,,,,,,,,,,,,
457240755,-7,-194619161,-194619161,1658909516,2022-07-27 10:11:56,58.007694,56.234597,58.00819896273859,56.23476395501453,57.00421853451046,"https://sun9-36.userapi.com/s/v1/ig2/5-XcxA4Hg2Z35ri9IBRPyEH8J4_FwuMZ9Q_ACHI8SV-1ihwRrCzB1GU81BMay2YI8PxA5lyRT95lsrggtMnX_qnv.jpg?quality=95&as=32x43,48x64,72x96,108x144,160x213,240x320,360x480,480x640,540x721,640x854,720x961,1080x1441,1280x1708,1388x1852&from=bu&cs=1388x0",,False,,synagogue,True,False,,,,,,,,,,,,,,,
456239470,-7,-138821516,-138821516,1540298390,2018-10-23 14:39:50,58.007793,56.235562,58.00819896273859,56.23476395501453,65.17671233064395,"https://sun9-44.userapi.com/s/v1/ig1/0ko0eYIVtaYqmR1QpDlW6m4gD7u2JsLALK6T3DszeHmzeSHgAhN50bQNqOWHc00fsuvd3-Hv.jpg?quality=96&as=32x43,48x64,72x96,108x144,160x213,240x320,360x480,480x640,540x720,640x853,720x960,1080x1440,1280x1707,1440x1920,1620x2160&from=bu&cs=1620x0",,False,,synagogue,True,False,,,,,,,,,,,,,,,
457334820,-7,-119127509,-119127509,1575138485,2019-11-30 19:28:05,58.007994,56.233129,58.00819896273859,56.23476395501453,98.97654492879916,"https://sun9-27.userapi.com/s/v1/ig2/tOVvErRjxUd6b0d_9hD7g3i1Tq0RM-8Xi8hmtJl8QkpwsFkkF6ZDD21wvowQ6iS52nzVHWhUWwBTNIEaHAixnCWP.jpg?quality=96&as=32x43,48x64,72x96,108x144,160x214,240x320,360x480,480x641,540x721,640x854,720x961,959x1280&from=bu&cs=959x0",,False,,synagogue,False,False,,,,,,,,,,,,,,,
457253116,-7,-170690865,-170690865,1661259675,2022-08-23 15:01:15,58.007995,56.234504,58.00819896273859,56.23476395501453,27.36586051718784,"https://sun9-5.userapi.com/s/v1/ig2/LwcjCUDTCN-kPiui33I1g-Nd-JZ6PQvhhHEM5ree6VoElxZhiOLFjzeMlRT1We257Qxqq4hIV5Ku4466jciDbzuu.jpg?quality=95&as=32x43,48x64,72x96,108x144,160x214,240x320,360x481,480x641,540x721,640x855,720x961,1080x1442,1280x1709,1342x1792&from=bu&cs=1342x0",,False,,synagogue,True,False,,,,,,,,,,,,,,,
457255264,-7,-39004558,-39004558,1681536811,2023-04-15 07:33:31,58.008318,56.235415,58.00819896273859,56.23476395501453,40.57332761901682,"https://sun9-27.userapi.com/s/v1/ig2/Mxw70eCvDJZwY8xJk8qCuBcERtgNjOv5qVP3F7QgiNCJrxqzP4Pvt6DCBt5X3HSDenU2ac93woQ_6o4C-ZvnS3GL.jpg?quality=95&as=32x43,48x64,72x96,108x144,160x213,240x320,360x480,480x640,540x720,640x853,720x960,1080x1440,1280x1707,1440x1920,1920x2560&from=bu&cs=1920x0",,False,,synagogue,False,False,,,,,,,,,,,,,,,
390547118,-7,261660768,261660768,1449043813,2015-12-02 09:10:13,58.008227,56.236274,58.00819896273859,56.23476395501453,89.01259490381514,"https://sun9-6.userapi.com/s/v1/ig1/sA9ytLUQGPsZH71mAFNxfH6lm1EtC_oJTy-ajDXpZoXBPmETdvf8TXptj8aAzd5jkzt8lz94.jpg?quality=96&as=32x40,48x60,72x90,108x135,160x200,240x300,360x451,480x601,540x676,640x801,720x901,767x960&from=bu&cs=767x0",,False,3792.0,synagogue,False,False,,,,,,,,,,,,,,,
456240835,-7,-224628741,-224628741,1722344329,2024-07-30 14:58:49,58.007695,56.2358,58.00819896273859,56.23476395501453,82.8583389920959,"https://sun9-65.userapi.com/s/v1/ig2/JWQXZ81HaGezIm9YY2VrvzREwRBoGLkMGwGsTvDs06UoQf0vZcf9sMguFK6SGCUJ1lEYomv5_4-LuEkj16ZpZH9A.jpg?quality=95&as=32x43,48x64,72x96,108x144,160x213,240x320,360x480,480x640,540x720,640x853,720x960,1080x1440,1280x1707,1440x1920,1920x2560&from=bu&cs=1920x0",,False,,synagogue,True,False,,,,,,,,,,,,,,,
457257492,-7,-170690865,-170690865,1685893935,2023-06-04 17:52:15,58.007715,56.234399,58.00819896273859,56.23476395501453,57.95011791683787,"https://sun9-25.userapi.com/s/v1/ig2/UvJBBsy9B2ags4gAnv25SbxRX68OpcaryItcaOufvntbxbKaoUopjYhEOarFhpg5A9mnyCiAaYrRYU5Xetw6uoFt.jpg?quality=95&as=32x43,48x64,72x96,108x144,160x213,240x320,360x480,480x640,540x720,640x853,720x960,1080x1440,1280x1707,1398x1864&from=bu&cs=1398x0",,False,,synagogue,True,False,,,,,,,,,,,,,,,
457258330,143326222,20338102,20338102,1686808800,2023-06-15 08:00:00,58.0084,56.2552,58.00763133477656,56.255145877976155,85.53112147213741,"https://sun9-7.userapi.com/s/v1/if2/Ie-HNHEA1hpVC06g3mBfbWYWPH0iJSvCpRV-vedOxkq5orE5Ilaa8DA6YhdzEA1GL4g5eZv5qv12sUg1xBW7bewN.jpg?quality=95&as=32x24,48x36,72x54,108x81,160x120,240x180,360x270,480x360,540x405,640x480,720x540,1080x810,1280x960,1440x1080,2560x1920&from=bu&cs=2560x0",Пермь-300,False,,or avner habad community center,False,False,,,,,,,,,,,,,,,
456239301,-7,-39105410,-39105410,1479647394,2016-11-20 14:09:54,58.008968,56.234079,58.00819896273859,56.23476395501453,94.55511995194716,"https://sun9-44.userapi.com/s/v1/ig1/p2fD7iPMW1Mn7n6ROtMu5ccX3MQMlC_i4KhRXHc09QgQTqG7DyI8iGLqFQH85Te6fiXcykwQ.jpg?quality=96&as=32x40,48x60,72x90,108x135,160x200,240x300,360x450,480x600,540x675,640x800,720x900,768x960&from=bu&cs=768x0",,False,,synagogue,False,False,,,,,,,,,,,,,,,
457239108,-7,-218734459,-218734459,1709370183,2024-03-02 10:03:03,58.008007,56.255121,58.00763133477656,56.255145877976155,41.79776974759802,"https://sun9-48.userapi.com/s/v1/ig2/N0SKSLkzd_yy-8aJTEyc9ItlLJzgQOSW5wigtmHih4lGTl-00qWJHO-g5C8IBkh-Gc7EocL9vHemX5TzPVgSlINt.jpg?quality=95&as=32x43,48x64,72x96,108x144,160x213,240x320,360x480,480x640,540x720,640x853,720x960,1080x1440,1280x1707,1440x1920,1920x2560&from=bu&cs=1920x0",,False,,or avner habad community center,True,False,,,,,,,,,,,,,,,
457243461,284502313,22200984,22200984,1662920111,2022-09-11 20:15:11,58.00812,56.25561,58.00763133477656,56.255145877976155,60.82851517436424,"https://sun9-55.userapi.com/s/v1/if2/YVIS1KRAjg1EAilbJ5sVv0i8NIiu7vugkTs-z0HxIRxcLxu07--VWhpnTDZee8PJAKZ4rOS0lKvriAVRFtjL_ZQb.jpg?quality=95&as=32x21,48x32,72x48,108x71,160x106,240x159,360x238,480x318,540x357,640x423,720x476,1080x715,1200x794&from=bu&cs=1200x0",Улица Малая Ямская 10/1 (офисный центр) и 10 (поликлиника № 1).,False,,or avner habad community center,True,False,,,,,,,,,,,,,,,
457253386,-7,-170690865,-170690865,1662379317,2022-09-05 14:01:57,58.007806,56.234399,58.00819896273859,56.23476395501453,48.698462152861765,"https://sun9-78.userapi.com/s/v1/ig2/9Tp-Fhx91qQ9SD6iAkO67zJDOGiOIvCQ40uk2DHOdfn71D4OfrLJuVuESDA2-KtCRALUac0341GxcWsu1SD6ALyV.jpg?quality=95&as=32x43,48x64,72x96,108x144,160x213,240x320,360x480,480x640,540x720,640x853,720x960,1080x1440,1280x1707,1344x1792&from=bu&cs=1344x0",,False,,synagogue,True,False,,,,,,,,,,,,,,,
456240171,-7,-20826401,-20826401,1554452042,2019-04-05 10:14:02,58.00754,56.234677,58.00819896273859,56.23476395501453,73.45216058347516,"https://sun9-84.userapi.com/s/v1/ig1/yn7yilB35IqURhYzSgiVZoCJNXzwFt1bIKyJUoFKIC8YDouOUBl6gqe-4k-bgXuJzJ8AJI7b.jpg?quality=96&as=32x64,48x96,72x144,108x216,160x320,240x480,360x720,480x960,540x1080,640x1280,720x1440,960x1920&from=bu&cs=960x0",,False,,synagogue,False,False,,,,,,,,,,,,,,,
457240100,-7,-194619161,-194619161,1650174287,2022-04-17 07:44:47,58.007645,56.234888,58.00819896273859,56.23476395501453,62.02980252362804,"https://sun9-62.userapi.com/s/v1/ig2/NKCaqYVHIByfUv8YO8gTUNMRD_m6bSFKDjIsN9oZLhvF2b2EWp1V5GDPFuoEatm2oKGj-tg8_Mnh0EJPqreXmvoz.jpg?quality=96&as=32x43,48x64,72x96,108x144,160x213,240x320,360x480,480x640,540x721,640x854,720x961,1080x1441,1280x1708,1388x1852&from=bu&cs=1388x0",,False,,synagogue,False,False,,,,,,,,,,,,,,,
457257170,-7,-170690865,-170690865,1683904572,2023-05-12 17:16:12,58.007722,56.234505,58.00819896273859,56.23476395501453,55.186284082187015,"https://sun9-71.userapi.com/s/v1/ig2/pz7vC0319gx4qaizFDfAdCRY7HAi67Mw36RZtpUHu37O93Tx7h0UOCrUXQZZdXeynIjiKgT3sO6UvROjckz5WLuc.jpg?quality=95&as=32x43,48x64,72x96,108x144,160x213,240x320,360x480,480x640,540x720,640x853,720x960,1080x1440,1280x1707,1398x1864&from=bu&cs=1398x0",,False,,synagogue,True,False,,,,,,,,,,,,,,,
457241844,-7,-169271002,-169271002,1741415514,2025-03-08 07:31:54,58.00681,56.255084,58.00763133477656,56.255145877976155,91.40098432136593,"https://sun9-67.userapi.com/s/v1/ig2/kOCe3igYEHLmwqKcDmCV1tXO6N_bT5VagBDahfJS2ShYYo65d0KbQ30OgVBBJ3V_i23UXMLJshpcmmHiNDLlQrD0.jpg?quality=95&as=32x48,48x71,72x107,108x161,160x238,240x357,360x535,480x714,540x803,640x952,720x1071,1080x1606,1280x1904,1440x2142,1721x2560&from=bu&cs=1721x0",,False,2403.0,or avner habad community center,False,False,,,,,,,,,,,,,,,
456239226,236004905,-76269120,-76269120,1483460684,2017-01-03 17:24:44,58.007505,56.235007,58.00819896273859,56.23476395501453,78.48227077708103,"https://sun9-3.userapi.com/s/v1/if1/O8n1l8-8TFdOufU1DBVTH0cp15NVndsBpH9MF_OBLw1IcLNnlgz-nlXV8SKUeK0CDJZ35qZj.jpg?quality=96&as=32x18,48x27,72x41,108x62,160x91,240x137,360x206,480x274,540x309,640x366,720x411,1080x617,1280x731,1440x823,2560x1463&from=bu&cs=2560x0","Фотограф Ирина Лежнева
т. 8909 72 90 235",False,,synagogue,False,False,,,,,,,,,,,,,,,
357817310,-7,243524378,243524378,1427618776,2015-03-29 10:46:16,58.007512,56.234769,58.00819896273859,56.23476395501453,76.38734951237727,"https://sun9-8.userapi.com/s/v1/ig1/7FQNrvubOSRgmB5xOlvFHPWgULkFCXtjmk_9hphHNVUYuZWpFp3dpqbQbe1RU9OV1U22Ato3.jpg?quality=96&as=32x51,48x77,72x115,108x173,160x256,240x385,360x577,480x769,540x866,640x1026,720x1154,909x1457&from=bu&cs=909x0",,False,,synagogue,False,False,,,,,,,,,,,,,,,
457254106,-7,-170690865,-170690865,1666089446,2022-10-18 12:37:26,58.007799,56.234293,58.00819896273859,56.23476395501453,52.41830941546784,"https://sun9-21.userapi.com/s/v1/ig2/Wec8KP_kJ5FVWqEEqcGN8KM35wO3TLBkc6m_WCWmVI5QR1Xw67yCwsR_4lus3QV1MBuoCa4mkh5dBnLgR1NKxDPn.jpg?quality=95&as=32x43,48x64,72x96,108x144,160x213,240x320,360x480,480x640,540x720,640x853,720x960,1080x1440,1280x1707,1344x1792&from=bu&cs=1344x0",,False,,synagogue,True,False,,,,,,,,,,,,,,,
456240007,-7,16399083,16399083,1495167565,2017-05-19 06:19:25,58.007995,56.233988,58.00819896273859,56.23476395501453,51.02919569868162,"https://sun9-45.userapi.com/s/v1/ig2/Rujqltn56h-OuG1QGhr6rNhJUBJmYFEClGpFVLK2fIrJDs12OgY-hapeVY-sIpVY28UVBZN4cZDckhZ_NJv25zMZ.jpg?quality=96&as=32x32,48x48,72x72,108x109,160x161,240x241,360x362,480x483,540x543,640x643,720x724,955x960&from=bu&cs=955x0",,False,,synagogue,False,False,,,,,,,,,,,,,,,
457257547,-7,-170690865,-170690865,1686231868,2023-06-08 15:44:28,58.007897,56.234398,58.00819896273859,56.23476395501453,39.902113118787824,"https://sun9-40.userapi.com/s/v1/ig2/PBlSXzbG47r6V0BR4JNI3FVGL0EL9U3P_7k2LfrCRqzrWnRmmUcSWl-jL5dx3sdpL4_lWdCv3kieED5j3szTS9ic.jpg?quality=95&as=32x43,48x64,72x96,108x144,160x213,240x320,360x480,480x640,540x720,640x853,720x960,1080x1440,1280x1707,1398x1864&from=bu&cs=1398x0",,False,,synagogue,True,False,,,,,,,,,,,,,,,
414320596,-7,-27046955,-27046955,1464849488,2016-06-02 08:38:08,58.008954,56.234211,58.00819896273859,56.23476395501453,90.0542812611743,"https://sun9-10.userapi.com/s/v1/ig1/e8Dd1nST1Ek4gtMVDcEvMFTS0grHt5Sz1csLwAAhBNu4mF02FgedhSc0wSCjpDPAVcM62g.jpg?quality=96&as=32x32,48x48,72x72,108x108,160x160,240x240,360x360,480x480,540x540,640x640,720x720,1080x1080,1280x1280,1440x1440,2160x2160&from=bu&cs=2160x0",,False,16072.0,synagogue,False,False,,,,,,,,,,,,,,,
457317286,301537621,-43730800,-43730800,1741271173,2025-03-06 15:26:13,58.007695,56.2358,58.00819896273859,56.23476395501453,82.8583389920959,"https://sun9-2.userapi.com/s/v1/ig2/xHy0MARDeayQltnKW7s99YYSJj51ASqjvM6dP1pSTJztfBubqBydMSnf6_ZsrgmBcK5dded8dKcNvhZPQbmhzsRg.jpg?quality=95&as=32x43,48x64,72x96,108x144,160x213,240x320,360x480,480x640,540x720,640x853,720x960,1080x1440,1280x1707,1440x1920,1920x2560&from=bu&cs=1920x0",Продано,False,,synagogue,True,False,,,,,,,,,,,,,,,
457254022,-7,-170690865,-170690865,1665659345,2022-10-13 13:09:05,58.007904,56.234332,58.00819896273859,56.23476395501453,41.51239618653149,"https://sun9-46.userapi.com/s/v1/ig2/a7FcHL-kPm3_zoym7umraYYBSQ9Vk58yGiMDnXocVXi74JkshJNCqsMNXIsEpVttD2aV_oJbyuC-lVaYJj99tZ49.jpg?quality=95&as=32x43,48x64,72x96,108x144,160x213,240x320,360x480,480x640,540x720,640x853,720x960,1080x1440,1280x1707,1344x1792&from=bu&cs=1344x0",,False,,synagogue,True,False,,,,,,,,,,,,,,,
428978327,-7,8602214,8602214,1471583295,2016-08-19 07:08:15,58.008246,56.255623,58.00763133477656,56.255145877976155,73.90164977209103,"https://sun9-47.userapi.com/s/v1/ig1/YW-sCe2oAYtyWMTcbj_KGjMRUQp49iW6StFei_SB2uF8A9b_PE4KF8gJq5ugIYvsltghpknY.jpg?quality=96&as=32x32,48x48,72x72,108x108,160x160,240x240,360x360,480x480,540x540,640x640,720x720,960x960&from=bu&cs=960x0",,False,,or avner habad community center,False,False,,,,,,,,,,,,,,,
456239049,-6,259675918,259675918,1489068029,2017-03-09 15:00:29,58.009046,56.235241,58.00819896273859,56.23476395501453,98.2894482982379,"https://sun9-32.userapi.com/s/v1/ig1/kWWhqFOaomYFjTfuhbFp2dYouLqadjbAdgAB7rmqd6uhYRWNFm2fk6JyTryEzwv7IS9PDazA.jpg?quality=96&as=32x43,48x64,72x96,108x144,160x213,240x320,360x480,480x640,540x720,640x853,720x960,1080x1440,1280x1707,1440x1920,1620x2160&from=bu&cs=1620x0",,False,128.0,synagogue,False,False,,,,,,,,,,,,,,,
457794512,268292142,-8131189,568102464,1576922351,2019-12-21 10:59:11,58.007498,56.23473,58.00819896273859,56.23476395501453,77.9691643587267,"https://sun9-55.userapi.com/s/v1/ig1/dBnpXUje7B5ANCW5xrHrp8F5aXfP64adJNuNCgau3y_QOpcMu3WDF67M2f9vIKiT3l5l3leL.jpg?quality=96&as=32x38,48x57,72x85,108x128,160x190,240x285,360x427,480x570,540x641,640x760,720x855,1032x1225&from=bu&cs=1032x0","новая
рост 128
750руб.
вопросы в лс",False,,synagogue,False,False,,,,,,,,,,,,,,,
457240907,-7,-198654004,-198654004,1613055361,2021-02-11 15:56:01,58.008253,56.233261,58.00819896273859,56.23476395501453,88.74392517651171,"https://sun9-52.userapi.com/s/v1/ig2/f83sLsZTMhQ4ipCVkGB56My_kPlg8BufKcyKJuHy2flc06LhSHBYyk6coZ6kaOFv8K0LsUGVl-JbpDFEavAEPspq.jpg?quality=96&as=32x43,48x64,72x96,108x144,160x213,240x319,360x479,480x639,540x719,640x852,720x958,1080x1437,1106x1472&from=bu&cs=1106x0",,False,640.0,synagogue,False,False,,,,,,,,,,,,,,,
457257869,-7,135702092,135702092,1648886052,2022-04-02 09:54:12,58.008213,56.235204,58.00819896273859,56.23476395501453,25.970362496691727,"https://sun9-38.userapi.com/s/v1/ig2/iH1VRB9wV5EY2--Dum578547HCIzJXnPGyZsJo5E1vsrEg4IbvjHPW_BkqAQtAmCs5R-0v1acLd2hLXoVYC973VI.jpg?quality=95&as=32x43,48x64,72x96,108x144,160x213,240x320,360x480,480x640,540x720,640x853,720x960,1080x1440,1266x1688&from=bu&cs=1266x0",,False,,synagogue,False,False,,,,,,,,,,,,,,,
457255629,-7,-170690865,-170690865,1675513912,2023-02-04 13:31:52,58.007715,56.234399,58.00819896273859,56.23476395501453,57.95011791683787,"https://sun9-67.userapi.com/s/v1/ig2/hyfzrPcIVecAZSnlxRW1ZCcj5raGD6SheGbKEMPlUYsXATTXyqyMtFCvvo9OAmqYpT-AUQxioPcrC3j7mJK-U3cg.jpg?quality=95&as=32x43,48x64,72x96,108x144,160x213,240x320,360x480,480x640,540x720,640x853,720x960,1080x1440,1280x1707,1344x1792&from=bu&cs=1344x0",,False,,synagogue,True,False,,,,,,,,,,,,,,,
456240904,-7,-224628741,-224628741,1723040202,2024-08-07 16:16:42,58.007695,56.2358,58.00819896273859,56.23476395501453,82.8583389920959,"https://sun9-62.userapi.com/s/v1/ig2/mn5sNkO7HW7heTj6VScmkTDXAp_eH41HzBLfUmoFn4ogGRMwpzuJvOlvRiZz88VkRW_uIttCbN9e5qy9UeOTA3I_.jpg?quality=95&as=32x43,48x64,72x96,108x144,160x213,240x320,360x480,480x640,540x720,640x853,720x960,1080x1440,1280x1707,1440x1920,1920x2560&from=bu&cs=1920x0",,False,,synagogue,True,False,,,,,,,,,,,,,,,
457254739,-7,-170690865,-170690865,1669618410,2022-11-28 07:53:30,58.008023,56.234411,58.00819896273859,56.23476395501453,28.55136751134135,"https://sun9-9.userapi.com/s/v1/ig2/Dy2_HjVLWiJfkYlP-pba9HjSwycsbLdSmOa5fuIo1oRJ9sNJz1MjJhNUGtGdp2tKavttYoiwJyBq-h9iRC-_Tpub.jpg?quality=95&as=32x43,48x64,72x96,108x144,160x213,240x320,360x480,480x640,540x720,640x853,720x960,1080x1440,1280x1707,1344x1792&from=bu&cs=1344x0",,False,,synagogue,False,False,,,,,,,,,,,,,,,
457239133,-7,-221687163,-221687163,1693835536,2023-09-04 15:52:16,58.008619,56.235494,58.00819896273859,56.23476395501453,63.49078940730879,"https://sun9-7.userapi.com/s/v1/ig2/ZjlkGq6jKtlEP0q05gUNc7rRv_rT9WplVLg5zGChasWrXmTFikv-wtJVekvbdKAeKgL_gbuCBy97x0CYeX7JHXGd.jpg?quality=95&as=32x43,48x64,72x96,108x144,160x213,240x320,360x480,480x640,540x720,640x853,720x960,1080x1440,1280x1707,1440x1920,1920x2560&from=bu&cs=1920x0",,False,,synagogue,False,False,,,,,,,,,,,,,,,
456241723,-7,269898165,269898165,1548063366,2019-01-21 10:36:06,58.008128,56.234451,58.00819896273859,56.23476395501453,20.054081315952764,"https://sun9-85.userapi.com/s/v1/ig1/t2xISypPP37mPnHfOAeRPHc7IH4zphc4M7FoJKV0FuCz3YE5R5QooqwqvKEn9Wj7V3h-kKaX.jpg?quality=96&as=32x40,48x60,72x90,108x135,160x200,240x300,360x450,480x600,540x675,640x800,720x900,768x960&from=bu&cs=768x0",,False,886.0,synagogue,True,False,,,,,,,,,,,,,,,
457316353,-7,222199696,222199696,1666952552,2022-10-28 12:22:32,58.0081,56.234887,58.00819896273859,56.23476395501453,13.17706229634948,"https://sun9-56.userapi.com/s/v1/ig2/TfnXqhSnDpBYmoJvzfb-vJF6eVv0rxwbX2E-yCrQ-UfJaSqiAUJE77b6ZtGzCUxmQ79k-02suXv1EZp6JKJgebR-.jpg?quality=95&as=32x43,48x64,72x96,108x144,160x214,240x320,360x480,480x641,540x721,640x854,720x961,1080x1441,1280x1708,1440x1922,1918x2560&from=bu&cs=1918x0",,False,,synagogue,True,True,,,,,,,,,,,,,,,
383120398,221266594,-7319142,12447334,1443522634,2015-09-29 12:30:34,58.007666,56.234518,58.00819896273859,56.23476395501453,61.00836138371684,"https://sun9-75.userapi.com/s/v1/if1/aAmVoGRaqa7K1tNdHxJSvIWOcGGxuL3ftoYitbSZ4zHBprMTP-37VhA_oRC0iP8BCoyY9BHf.jpg?quality=96&as=32x24,48x36,72x54,108x81,160x120,240x180,360x270,480x360,540x405,640x480,720x540,1000x750&from=bu&cs=1000x0","Людмила и Сергей Сергеевы
Пермь
май 2013",False,,synagogue,True,False,,,,,,,,,,,,,,,
457243230,-7,-194619161,-194619161,1687677234,2023-06-25 09:13:54,58.007323,56.235008,58.00819896273859,56.23476395501453,98.45795589393066,"https://sun9-86.userapi.com/s/v1/ig2/TUaf206CldFuQ6jGhgFBkjPKQL7sKIS-GaJfMC16JNdESqwC21ZKw0cGtaQAzb-VrHGFj8amX7-bQUuPE77cP5S4.jpg?quality=95&as=32x43,48x64,72x96,108x144,160x213,240x320,360x480,480x640,540x720,640x853,720x960,1080x1440,1280x1707,1440x1920,1920x2560&from=bu&cs=1920x0",,False,,synagogue,False,False,,,,,,,,,,,,,,,
457244943,302992630,-194619161,-194619161,1716100393,2024-05-19 08:33:13,58.007715,56.235086,58.00819896273859,56.23476395501453,57.06056115055682,"https://sun9-31.userapi.com/s/v1/ig2/9OydNW53P6I8tE5EOeX_RQVfGjzOnx9bN24RNt7ffajCscpSHemR3aZ4ZttGlehUeyVAwJJSDVn_myEELfpQPPMG.jpg?quality=95&as=32x43,48x64,72x96,108x144,160x213,240x320,360x480,480x640,540x720,640x853,720x960,1080x1440,1280x1707,1440x1920,1920x2560&from=bu&cs=1920x0",,False,,synagogue,False,False,,,,,,,,,,,,,,,
457245714,-7,-170690865,-170690865,1650356549,2022-04-19 10:22:29,58.007897,56.234227,58.00819896273859,56.23476395501453,46.13044614621745,"https://sun9-86.userapi.com/s/v1/ig2/5qGilON1JcK9yxRK1kyZVnpvJe9pdxKeKMbraLLBJUdyQWBHAWgA1Y0rsIrMvxCNHLGR_fcklu4qn25vgUlyjC3e.jpg?quality=96&as=32x43,48x64,72x96,108x144,160x213,240x320,360x480,480x640,540x720,640x853,720x960,1080x1440,1280x1707,1344x1792&from=bu&cs=1344x0",,False,,synagogue,True,False,,,,,,,,,,,,,,,
416403426,-7,-27046955,-27046955,1466148738,2016-06-17 09:32:18,58.008877,56.234079,58.00819896273859,56.23476395501453,85.51313072350341,"https://sun9-79.userapi.com/s/v1/ig1/rcWeu4ngKeZ4GCdgW5f-mkNQhtZ5IFB1lcYFr3EJSByWZbeHCpchZCvisRhg1jQTPeHjHUz8.jpg?quality=96&as=32x32,48x48,72x72,108x108,160x160,240x240,360x360,480x480,540x540,640x640,720x720,1080x1080,1280x1280,1440x1440,2160x2160&from=bu&cs=2160x0",,False,,synagogue,False,False,,,,,,,,,,,,,,,
457256410,-7,-170690865,-170690865,1680100039,2023-03-29 16:27:19,58.007596,56.234492,58.00819896273859,56.23476395501453,68.93402153006282,"https://sun9-15.userapi.com/s/v1/ig2/vEVwKjY9q_0KAJ10BAHQ6CKjEsuE4iR4umUf8JiXmDJLZDu7bkkrDCIBD1LeuGqbBuzHFI7ifsLgXBAzdoKtziqb.jpg?quality=95&as=32x43,48x64,72x96,108x144,160x214,240x320,360x481,480x641,540x721,640x855,720x961,1080x1442,1280x1709,1342x1792&from=bu&cs=1342x0",,False,,synagogue,False,False,,,,,,,,,,,,,,,
352020333,-7,243524378,243524378,1422821871,2015-02-01 21:17:51,58.007457,56.235642,58.00819896273859,56.23476395501453,97.37727521048066,"https://sun9-68.userapi.com/s/v1/ig1/IqRO855da3FQfBnmEIx53vwsBOriJHrCBizv51jeML5M1QKj-8GRmp_MyAAkHdZlBA2RkwJd.jpg?quality=96&as=32x57,48x85,72x128,108x192,160x284,240x427,360x640,480x853,540x960,612x1088&from=bu&cs=612x0",,False,1689.0,synagogue,False,False,,,,,,,,,,,,,,,
457242787,-7,-194619161,-194619161,1680758762,2023-04-06 07:26:02,58.007806,56.234914,58.00819896273859,56.23476395501453,44.580569031556806,"https://sun9-9.userapi.com/s/v1/ig2/N95MKQhHSk_Kgjevp4TkjaFsHQyB4gMXfPBjkmPrJp9hfvzp4xlV4zUmVpzhRi01KX0EIXbiywNRLSZ4i10n7q7C.jpg?quality=95&as=32x43,48x64,72x96,108x144,160x213,240x320,360x480,480x640,540x720,640x853,720x960,1080x1440,1280x1707,1440x1920,1920x2560&from=bu&cs=1920x0",,False,,synagogue,True,False,,,,,,,,,,,,,,,
365526033,-7,-79518989,-79518989,1431413359,2015-05-12 08:49:19,58.007407,56.235417,58.00819896273859,56.23476395501453,96.09912276893724,"https://sun9-84.userapi.com/s/v1/ig1/MaqsdObW0-RooQ6MP1irJ_-1uYeZKUgTG32ljZ5ZxamhtKIwQS1t6OGwm4zrFavz5T3aC8XK.jpg?quality=96&as=32x66,48x99,72x148,108x223,160x330,240x495,360x742,480x990,540x1113,640x1320,720x1485,775x1598&from=bu&cs=775x0",,False,,synagogue,False,False,,,,,,,,,,,,,,,
457239018,-6,839096291,839096291,1702738111,2023-12-16 15:48:31,58.008294,56.254817,58.00763133477656,56.255145877976155,76.18960669830648,"https://sun9-11.userapi.com/s/v1/ig2/r8JCZVkdYVEvqNOmACUGez9B_XOt8A86sMELsCH8LqIDeqNcDJS78hBRmdjrskhKdppxyfxCBEzj26MomwD1zTI-.jpg?quality=96&as=32x43,48x64,72x96,108x144,160x213,240x320,360x480,480x640,540x720,640x853,720x960,1080x1440,1280x1707,1440x1920,1620x2160&from=bu&cs=1620x0",,False,1.0,or avner habad community center,False,False,,,,,,,,,,,,,,,
456241395,-7,-161325318,-161325318,1554912624,2019-04-10 18:10:24,58.00819,56.255465,58.00763133477656,56.255145877976155,64.90317640364077,"https://sun9-76.userapi.com/s/v1/ig2/22uv_7kf4oVOjhm6gX2YKwxlhzGy-DrzouxyDikXuDeeLgHZQyChcE6j7hNe0om32LRS-QbH6NRmTQ7JEfhVG4Zu.jpg?quality=96&as=32x43,48x64,72x96,108x144,160x213,240x320,360x480,480x640,540x720,640x853,720x960&from=bu&cs=720x0",,False,,or avner habad community center,False,False,,,,,,,,,,,,,,,
457240840,273583808,-198654004,-198654004,1612710916,2021-02-07 16:15:16,58.00826,56.233367,58.00819896273859,56.23476395501453,82.57511531158801,"https://sun9-42.userapi.com/s/v1/ig2/Eq9-lXThB-4pMj_UCBJqjH2a1FLx5DQrf2oDgdGJ6m4lUGH1HUB0fSOTYlDvCBCT_1pMXparjYAXivBPzpLEmB3X.jpg?quality=96&as=32x43,48x64,72x96,108x144,160x213,240x320,360x480,480x640,540x720,640x853,720x960,1080x1440,1104x1472&from=bu&cs=1104x0",,False,,synagogue,False,False,,,,,,,,,,,,,,,
457241396,-7,151029691,151029691,1591955891,2020-06-12 11:58:11,58.008212,56.233829,58.00819896273859,56.23476395501453,55.09804880859421,"https://sun9-82.userapi.com/s/v1/ig2/wpjPJcYDO-p9D7_cyPw_pTibOhRJc3qaiHqxY4hpbVeGR4_e7T0sJVDSeUepQfVHd4Z5TImhFv-2uOddXH7sIpOt.jpg?quality=96&as=32x32,48x48,72x72,108x108,160x160,240x240,360x360,480x480,540x540,640x640,720x720&from=bu&cs=720x0",,False,2033.0,synagogue,False,False,,,,,,,,,,,,,,,
457240288,300940532,-224421397,-224421397,1711279820,2024-03-24 12:30:20,58.008611,56.234185,58.00819896273859,56.23476395501453,57.11744669129449,"https://sun9-9.userapi.com/s/v1/ig2/EYOcleZKw58mI5PNY2eXdVrXD0B1M9FnPghNfpI9z8OJ5BMw40s4QUN8qWnywHDO9Ojebo0rPzEP7_x7eqjEc9dh.jpg?quality=95&as=32x43,48x64,72x96,108x144,160x213,240x320,360x480,480x640,540x720,640x853,720x960,1080x1440,1280x1707,1440x1920,1920x2560&from=bu&cs=1920x0",,False,,synagogue,False,False,,,,,,,,,,,,,,,
456244214,-7,212470699,212470699,1516555931,2018-01-21 18:32:11,58.009031,56.234171,58.00819896273859,56.23476395501453,98.89297094081668,"https://sun9-68.userapi.com/s/v1/ig1/XjtkPpsp7Xy4mSRDMwA0BgNJ-MKLC7FsqLFhAB7nAUCnpCZwRTX1lkJ-nBGivtfVW1YeaOyL.jpg?quality=96&as=32x40,48x60,72x90,108x135,160x200,240x300,360x450,480x600,540x675,640x800,720x900,768x960&from=bu&cs=768x0",,False,,synagogue,False,False,,,,,,,,,,,,,,,
457255869,-7,-170690865,-170690865,1677154247,2023-02-23 13:10:47,58.008016,56.234306,58.00819896273859,56.23476395501453,33.78969930208058,"https://sun9-27.userapi.com/s/v1/ig2/QwdEhn7Hta-kL62Apyp8EwZBxOlu2yZlP37MUl31yduNY7-GoK7MgDKVaqHIZ3vb7kLQ6yBzlAujboqAc1-p9L9y.jpg?quality=95&as=32x43,48x64,72x96,108x144,160x214,240x320,360x481,480x641,540x721,640x855,720x961,1080x1442,1280x1709,1342x1792&from=bu&cs=1342x0",,False,,synagogue,False,False,,,,,,,,,,,,,,,
457253783,-7,-170690865,-170690865,1664271402,2022-09-27 11:36:42,58.007813,56.234504,58.00819896273859,56.23476395501453,45.567571879464026,"https://sun9-53.userapi.com/s/v1/ig2/7yZV4x__tKLUxmkOHU-yCLAaXY5UY7-3kLWf-FRzdT1YXFj0YNftoxJe4yhFz6GAcuaDzRionApP9-96BVOTXSQS.jpg?quality=95&as=32x43,48x64,72x96,108x144,160x213,240x320,360x480,480x640,540x720,640x853,720x960,1080x1440,1280x1707,1344x1792&from=bu&cs=1344x0",,False,,synagogue,True,False,,,,,,,,,,,,,,,
457249186,303968234,-204032068,-204032068,1724418810,2024-08-23 15:13:30,58.00871,56.235322,58.00819896273859,56.23476395501453,65.64903512000912,"https://sun9-31.userapi.com/s/v1/if2/DCErqOKeQU3cKThFzIeE3v5Ur7r0V6YRYKWOjOcoYPmHerVR7LePgaSv6IECvPrSrtj5GZlQelxG6P3hiMTlqhCJ.jpg?quality=95&as=32x24,48x36,72x54,108x81,160x120,240x180,360x270,480x360,540x405,640x480,720x540,1080x810,1280x960,1440x1080,2560x1920&from=bu&cs=2560x0",,False,,synagogue,False,False,,,,,,,,,,,,,,,
456240025,-7,-13831720,-13831720,1552324497,2019-03-11 18:14:57,58.007722,56.234161,58.00819896273859,56.23476395501453,63.83203591763468,"https://sun9-77.userapi.com/s/v1/ig1/ANq64mbtSMbHo4i30Xprmj8s_cHuALCIYK3kk9pJn-MVdfSTOZpVE5AR4Jh-HnNr0MRZsA.jpg?quality=96&as=32x32,48x49,72x73,108x110,160x162,240x244,360x365,480x487,540x548,640x649,720x731,946x960&from=bu&cs=946x0",,False,2469.0,synagogue,True,False,,,,,,,,,,,,,,,
432667359,-7,-39105410,-39105410,1474661113,2016-09-23 22:05:13,58.008961,56.234145,58.00819896273859,56.23476395501453,92.24694697482452,"https://sun9-80.userapi.com/s/v1/ig1/t6qUbtbMb5obqmo-nGqxouwFGhh_MjHnw3UWTQDCB5TOun4V1KzOH41ESyE54aJjrD7jM2n2.jpg?quality=96&as=32x32,48x48,72x72,108x108,160x160,240x240,360x360,480x480,540x540,640x640,720x720,960x960&from=bu&cs=960x0",,False,,synagogue,False,False,,,,,,,,,,,,,,,
457240656,301013678,-224421397,-224421397,1711791814,2024-03-30 10:43:34,58.008604,56.234423,58.00819896273859,56.23476395501453,49.31399479698315,"https://sun9-84.userapi.com/s/v1/ig2/HGzsfFw_tl9td0RGTiAATxOEDfGj7IiKVJeQ0ber5T039Q8O07qRORPWsq4K5CZMiRSa4GLUU-xRQkXlbv8WXJ5n.jpg?quality=95&as=32x43,48x64,72x96,108x144,160x213,240x320,360x480,480x640,540x720,640x853,720x960,1080x1440,1280x1707,1440x1920,1920x2560&from=bu&cs=1920x0",,False,,synagogue,False,False,,,,,,,,,,,,,,,
457242033,-7,-76634753,-76634753,1622705347,2021-06-03 09:29:07,58.007658,56.255505,58.00763133477656,56.255145877976155,21.363268785127715,"https://sun9-27.userapi.com/s/v1/ig2/BXbDQ_66zMbKOQ95KhudDEE52ycThMRLNCb0mD0MvU_BEk80VWtNJuESp_RVSzJMQD2fzMZL6AX9f4RY5nMEeQ8l.jpg?quality=96&as=32x43,48x64,72x96,108x144,160x214,240x320,360x481,480x641,540x721,640x855,720x961,1080x1442,1280x1709,1342x1792&from=bu&cs=1342x0",,False,,or avner habad community center,True,False,,,,,,,,,,,,,,,
457250307,-7,23725597,23725597,1651659847,2022-05-04 12:24:07,58.008493,56.235309,58.00819896273859,56.23476395501453,45.82549139666184,"https://sun9-57.userapi.com/s/v1/ig2/IjJS12cMC0QVXJLsCy6WE1VyjZVBhMZ7TEmGsZjqWAaAdS6YgY65MdFop6cGMPouZoyT8aWy5QRJqa9hAvk6Xb7X.jpg?quality=96&as=32x43,48x64,72x96,108x144,160x213,240x320,360x480,480x640,540x720,640x853,720x960,1080x1440,1280x1707,1440x1920,1620x2160&from=bu&cs=1620x0",,False,,synagogue,False,False,,,,,,,,,,,,,,,
457256924,-7,-170690865,-170690865,1682586061,2023-04-27 11:01:01,58.007715,56.234399,58.00819896273859,56.23476395501453,57.95011791683787,"https://sun9-22.userapi.com/s/v1/ig2/TdIa_GZOGH4fa_bCw2iJUqkAx06ifsRLEtwp4GBixGqVnmxbahR0lZXsNCTmtCWwksuK-kX6apGVXhZYK8fZHZyF.jpg?quality=95&as=32x43,48x64,72x96,108x144,160x213,240x320,360x480,480x640,540x720,640x853,720x960,1080x1440,1280x1707,1398x1864&from=bu&cs=1398x0",,False,,synagogue,True,False,,,,,,,,,,,,,,,
456247751,-7,-14753367,-14753367,1482203699,2016-12-20 04:14:59,58.007954,56.236275,58.00819896273859,56.23476395501453,93.09140550819303,"https://sun9-87.userapi.com/s/v1/if1/sepAbz7Uzsib-8LLjpTyacKL2FDQx43Yqcjdc9maaNHaFw1Xv4I8WZRGpz7ZBD5UrYSDNbI0.jpg?quality=96&as=32x24,48x36,72x54,108x81,160x120,240x180,360x270,480x360,540x405,640x480,720x540,960x720&from=bu&cs=960x0",,False,,synagogue,True,False,,,,,,,,,,,,,,,
457239422,-7,617798013,617798013,1637179538,2021-11-17 21:05:38,58.007609,56.233672,58.00819896273859,56.23476395501453,91.87835052616713,"https://sun9-77.userapi.com/s/v1/ig2/M3HR2-OTr6Or7VAB4nTJL_Isp9Zn7AElLqF4lEdEDUh-i1fFF0Wd4rqPSwDNgSUVyk8ypw_VuydEqSvdPaw-_WWF.jpg?quality=96&as=32x46,48x69,72x103,108x155,160x230,240x344,360x517,480x689,540x775,640x918,720x1033,1080x1550,1115x1600&from=bu&cs=1115x0",,False,,synagogue,True,False,,,,,,,,,,,,,,,
457240217,-7,-209485236,-209485236,1677769021,2023-03-02 15:57:01,58.007112,56.256022,58.00763133477656,56.255145877976155,77.45188747241512,"https://sun9-38.userapi.com/s/v1/if2/PtfKFWr4vlAYdhEJk5uckmUpmckbs8V34lnR6kcRVEFtegfjzVeeNqdas4Fu4TxmMKTBRuZLBUjsMNLblFaS7ngp.jpg?quality=95&as=32x24,48x36,72x54,108x81,160x120,240x180,360x270,480x360,540x405,640x480,720x540,1080x810,1280x960,1440x1080,2560x1920&from=bu&cs=2560x0",,False,,or avner habad community center,False,False,,,,,,,,,,,,,,,
457253754,-7,-170690865,-170690865,1664184801,2022-09-26 11:33:21,58.008016,56.234306,58.00819896273859,56.23476395501453,33.78969930208058,"https://sun9-67.userapi.com/s/v1/ig2/Ln9oS8w0rsGQgqAWES_AB80MPpROe9ouPTdAa9RqIGfV4SlsUgSg3vGtlgLDHOzI7V9vMh5PjoBcRaPyi6pHTPIz.jpg?quality=95&as=32x43,48x64,72x96,108x144,160x213,240x320,360x480,480x640,540x720,640x853,720x960,1080x1440,1280x1707,1344x1792&from=bu&cs=1344x0",,False,,synagogue,False,False,,,,,,,,,,,,,,,
456239075,-7,419898567,419898567,1499445007,2017-07-07 18:30:07,58.00852,56.234014,58.00819896273859,56.23476395501453,56.799859763156945,"https://sun9-42.userapi.com/s/v1/if1/uNpSP4YutnobpaE4XhAEPX35WuKU0941qR-K8jJmGWJWXVqhW3iHWpgKo_xa-W7SuwmsdTVA.jpg?quality=96&as=32x24,48x36,72x54,108x81,160x120,240x180,360x270,480x360,540x405,640x480,720x540,1080x810,1280x960&from=bu&cs=1280x0",,False,182.0,synagogue,False,False,,,,,,,,,,,,,,,
340555087,-7,243524378,243524378,1412363879,2014-10-03 21:17:59,58.008255,56.236182,58.00819896273859,56.23476395501453,83.77021764002086,"https://sun9-59.userapi.com/s/v1/if1/lOkYCJ1GNwfax18T3NzIxwFDK-u-nHnCzqiVWP_PZg1UvpBiU1fSopt6wDT_41p6iWjJ9g.jpg?quality=96&as=32x23,48x34,72x51,108x76,160x113,240x169,360x254,480x339,540x381,640x452,720x508,1080x763,1280x904&from=bu&cs=1280x0",,False,,synagogue,False,False,,,,,,,,,,,,,,,
456239852,-7,-167874142,-167874142,1544074693,2018-12-06 06:38:13,58.007555,56.235404,58.00819896273859,56.23476395501453,80.92631638672592,"https://sun9-19.userapi.com/s/v1/ig1/dvRnNJE_2ZVaNqaaKgAAYgM83iCeRelcgzoZSQAcPpGWv6zCa23sCnbl9ztUin_KbHzbn5MX.jpg?quality=96&as=32x43,48x64,72x96,108x144,160x213,240x320,360x480,480x640,540x720,640x853,720x960,1080x1440,1280x1707,1440x1920,1620x2160&from=bu&cs=1620x0",,False,72.0,synagogue,False,False,,,,,,,,,,,,,,,
457239140,-7,292571918,292571918,1563079788,2019-07-14 06:49:48,58.008703,56.235044,58.00819896273859,56.23476395501453,58.424029287104176,"https://sun9-88.userapi.com/s/v1/if1/KvXshqDmu2o8jHno0DDnwouTIfQtfZyAq1NsEKWHC6TdNW6PnraFashCKKKIW3xfQmCIiviv.jpg?quality=96&as=32x30,48x45,72x68,108x102,160x150,240x226,360x338,480x451,540x508,640x602,720x677,1080x1015,1280x1203,1440x1354,1651x1552&from=bu&cs=1651x0",,False,,synagogue,False,False,,,,,,,,,,,,,,,
456239030,-7,302721030,302721030,1479925631,2016-11-23 19:27:11,58.007231,56.256616,58.00763133477656,56.255145877976155,97.37835929725168,"https://sun9-46.userapi.com/s/v1/if1/jJBgG8G68gmL7qm5RE3l5I4EoPcN-JU1MD3s0DK2o0E1CWXBkFL1eG6INNkJyH9Nbq-K9xOd.jpg?quality=96&as=32x18,48x27,72x40,108x61,160x90,240x135,360x202,480x269,540x303,640x359,720x404,1080x606,1280x719,1334x749&from=bu&cs=1334x0",,False,,or avner habad community center,False,False,,,,,,,,,,,,,,,
457239909,-7,-184638528,-184638528,1684425861,2023-05-18 18:04:21,58.007594,56.254897,58.00763133477656,56.255145877976155,15.238251134304964,"https://sun9-60.userapi.com/s/v1/ig2/6WdQNmGvsWGOzh7Gyx-PqtAEMjqrKDb3OmG3OQAEJO9p-LtV4MbGh6DVD1PbjL4g2OA4SrhbaIFE-F2MvoANEFsY.jpg?quality=95&as=32x43,48x64,72x96,108x144,160x213,240x320,360x480,480x640,540x720,640x853,720x960,1080x1440,1280x1707,1440x1920,1920x2560&from=bu&cs=1920x0",,False,,or avner habad community center,True,True,,,,,,,,,,,,,,,
457240591,-7,-114109418,-114109418,1726056492,2024-09-11 14:08:12,58.007702,56.23539,58.00819896273859,56.23476395501453,66.43683652288182,"https://sun9-20.userapi.com/s/v1/ig2/bQAPmzcVsdyMPoG3XrR-r0otCHf3bvHKHApGP5hZ4PKQjr7k4qfCJjZhnPsWGaLzzXP4cYyiJG-RLkm3tc_iDvTb.jpg?quality=95&as=32x43,48x64,72x96,108x144,160x213,240x320,360x480,480x640,540x720,640x853,720x960,1080x1440,1280x1707,1440x1920,1920x2560&from=bu&cs=1920x0",,False,,synagogue,False,False,,,,,,,,,,,,,,,
457241135,-7,-224421397,-224421397,1717075746,2024-05-30 15:29:06,58.008618,56.234291,58.00819896273859,56.23476395501453,54.28967513662061,"https://sun9-40.userapi.com/s/v1/if2/oFTzH71fINfRjFWFr8Ayu5CIlqRdKS-ZnftkWBezYA2K0_k3-Oz_0B0IQn5PPHbHqf0vSiP7KjXNRoMqnd7CvLaL.jpg?quality=95&as=32x24,48x36,72x54,108x81,160x120,240x180,360x270,480x360,540x405,640x480,720x540,1080x810,1280x960,1440x1080,2560x1920&from=bu&cs=2560x0",,False,,synagogue,False,False,,,,,,,,,,,,,,,
456240907,-7,-224628741,-224628741,1723040237,2024-08-07 16:17:17,58.007597,56.235694,58.00819896273859,56.23476395501453,86.50021038098853,"https://sun9-26.userapi.com/s/v1/ig2/4qdm2TA4YsMlK-s-E5fYD1VTdXmiEyof-9xFNC7Zg7tftTeUQjs4FbthkfoeoFt81ENuBp6Pg9uBW8Gq7aP-5EDO.jpg?quality=95&as=32x43,48x64,72x96,108x144,160x213,240x320,360x480,480x640,540x720,640x853,720x960,1080x1440,1280x1707,1440x1920,1920x2560&from=bu&cs=1920x0",,False,,synagogue,False,False,,,,,,,,,,,,,,,
456247595,-7,-62924427,-62924427,1494774548,2017-05-14 17:09:08,58.007471,56.23551,58.00819896273859,56.23476395501453,92.10792771696642,"https://sun9-66.userapi.com/s/v1/ig1/C3kI5q8t0yR-W6RnHx-G9fcfcCxYeDyXFtYbiyT9MbtIHH7uG-K5hc74eux8-t-dfA2ze2ws.jpg?quality=96&as=32x43,48x64,72x96,108x144,160x213,240x320,360x480,480x640,540x720,640x853,720x960,960x1280&from=bu&cs=960x0",,False,32289.0,synagogue,False,False,,,,,,,,,,,,,,,
457240399,-7,-108946670,-108946670,1579180437,2020-01-16 14:13:57,58.006986,56.25618,58.00763133477656,56.255145877976155,94.13159007230888,"https://sun9-61.userapi.com/s/v1/ig1/ZTelxycPXqgomwKpZKcDpt-s3wyn8rub4L2wM7F8G1VLWTy2MXgYdQfmTU_jg4aDiqKU8zvm.jpg?quality=96&as=32x40,48x60,72x90,108x135,160x200,240x301,360x451,480x601,540x676,640x802,720x902,1022x1280&from=bu&cs=1022x0",,False,1904.0,or avner habad community center,False,False,,,,,,,,,,,,,,,
359136220,-7,243524378,243524378,1428734769,2015-04-11 08:46:09,58.007415,56.235523,58.00819896273859,56.23476395501453,97.97264105917492,"https://sun9-81.userapi.com/s/v1/ig1/GS3Y63JTPDOnVA8VsBlFTOU_rMMdU03GER0AZHNqYIfm8jZ9yu0ZG3roTER38Fchi70USL0T.jpg?quality=96&as=32x53,48x79,72x118,108x178,160x263,240x395,360x592,480x789,540x888,640x1052,720x1184,896x1473&from=bu&cs=896x0",,False,,synagogue,False,False,,,,,,,,,,,,,,,
456239038,-7,-167784131,-167784131,1529214212,2018-06-17 07:43:32,58.008891,56.233775,58.00819896273859,56.23476395501453,96.51757949287962,"https://sun9-40.userapi.com/s/v1/ig1/Sc4wREvbHEAYYRVK4uP9pNGoXcaR2OKJtbH2JUUKwvUR-q6mMC-nspUBxg_Id0IWi99Jvcv6.jpg?quality=96&as=32x43,48x64,72x96,108x144,160x213,240x320,360x480,480x640,540x720,640x853,720x960&from=bu&cs=720x0",,False,,synagogue,False,False,,,,,,,,,,,,,,,
457243525,-6,199266018,199266018,1592032638,2020-06-13 09:17:18,58.007393,56.235206,58.00819896273859,56.23476395501453,93.32588524513284,"https://sun9-19.userapi.com/s/v1/ig2/dkZeV_xPzn-CNmOnXwZp_ssNm4ZD54E0pEDB2NYb_KAGxZx6SkmTVv_agYmXM4fMcfjEz_rD6gxRmeio0IChXlWn.jpg?quality=96&as=32x43,48x64,72x96,108x144,160x213,240x320,360x480,480x640,540x720,640x853,720x960,1080x1440,1280x1707,1440x1920,1620x2160&from=bu&cs=1620x0",,False,4062.0,synagogue,False,False,,,,,,,,,,,,,,,
457241475,-7,-194619161,-194619161,1666676102,2022-10-25 07:35:02,58.007806,56.234914,58.00819896273859,56.23476395501453,44.580569031556806,"https://sun9-63.userapi.com/s/v1/ig2/OBjXglcqtUZXW5Kb_xKJpYNWajib-LNzRkRkjbN66ZK6gECcbxe_m-Qzr185buiu3DhBAxHkzqEwoaUeaPT36IB9.jpg?quality=95&as=32x43,48x64,72x96,108x144,160x213,240x320,360x480,480x640,540x719,640x853,720x959,1080x1439,1280x1705,1390x1852&from=bu&cs=1390x0",,False,,synagogue,True,False,,,,,,,,,,,,,,,
457252479,276646045,-34115285,-34115285,1610290039,2021-01-10 15:47:19,58.008724,56.235877,58.00819896273859,56.23476395501453,87.79415301654137,"https://sun9-9.userapi.com/s/v1/if2/B2Jkarp-TYzLOF9lgi81gsiB2OawcHyNeBzqDmkaZHQkm9XWat6ZHqHxIJ1wpD58DPGRcVVC5sRn6QPbLvmcNbma.jpg?quality=96&as=32x18,48x27,72x41,108x61,160x90,240x135,360x203,480x270,540x304,640x360,720x406,1080x608,1280x721,1440x811,2560x1442&from=bu&cs=2560x0",,False,,synagogue,False,False,,,,,,,,,,,,,,,
457256978,-7,-170690865,-170690865,1682866741,2023-04-30 16:59:01,58.007813,56.234504,58.00819896273859,56.23476395501453,45.567571879464026,"https://sun9-77.userapi.com/s/v1/ig2/FYu63hEKKeQ6i64Fi3Cgt8hALxcY06S6CM1-KsTKJudx3JDFWjX6GaaAb5-SEdFxSGiyBrI1Efg0r_z2_o-A0PSX.jpg?quality=95&as=32x43,48x64,72x96,108x144,160x213,240x320,360x480,480x640,540x720,640x853,720x960,1080x1440,1280x1707,1398x1864&from=bu&cs=1398x0",,False,,synagogue,True,False,,,,,,,,,,,,,,,
456239310,-7,436951572,436951572,1503298938,2017-08-21 09:02:18,58.008975,56.234184,58.00819896273859,56.23476395501453,92.80879387638277,"https://sun9-37.userapi.com/s/v1/ig1/cB6eVPD-xfyvMT7uKLMn5hxF7osEO7NxuNiRwEyx5dxl1TleRBcoaXqJIFxpdt_YyfStv25c.jpg?quality=96&as=32x32,48x48,72x72,108x108,160x160,240x240,360x360,480x480,540x540,640x640,720x720,960x960&from=bu&cs=960x0",,False,,synagogue,False,False,,,,,,,,,,,,,,,
457254656,-7,-170690865,-170690865,1669197967,2022-11-23 11:06:07,58.007904,56.234504,58.00819896273859,56.23476395501453,36.19748746981516,"https://sun9-33.userapi.com/s/v1/ig2/w6bwNCipQFpWSm4t_PHSJjVeUEtGZqxjBVptmR-exVyQQeZf1DKQbWJbvkBPwPwp0J3OGn78pq9S7NMdR9xnzu1D.jpg?quality=95&as=32x43,48x64,72x96,108x144,160x213,240x320,360x480,480x640,540x720,640x853,720x960,1080x1440,1280x1707,1344x1792&from=bu&cs=1344x0",,False,,synagogue,True,False,,,,,,,,,,,,,,,
457257054,-7,-170690865,-170690865,1683121191,2023-05-03 15:39:51,58.008114,56.234411,58.00819896273859,56.23476395501453,22.83853256185169,"https://sun9-81.userapi.com/s/v1/ig2/6k8bABXu5SuJOmnp0fB805UR45HCXxf6O7XCzLYNF1ncx1ywZYeGY9AOk1Q4A_lMtORPOgMVifJEHjsBm7L37qlz.jpg?quality=95&as=32x43,48x64,72x96,108x144,160x213,240x320,360x480,480x640,540x720,640x853,720x960,1080x1440,1280x1707,1398x1864&from=bu&cs=1398x0",,False,,synagogue,True,False,,,,,,,,,,,,,,,
457245481,-7,-170690865,-170690865,1650182181,2022-04-17 09:56:21,58.007925,56.233962,58.00819896273859,56.23476395501453,56.213951838071935,"https://sun9-81.userapi.com/s/v1/ig2/2Eb_--_XXMEDFSadzLFHJvd1oaqTL4KSBNB4Epv4hycTAOJ4BWsudwDYlTXYvxt5rTshpEZO1mB5nCmk24eSoG47.jpg?quality=96&as=32x43,48x64,72x96,108x144,160x213,240x320,360x480,480x640,540x720,640x853,720x960,1080x1440,1280x1707,1344x1792&from=bu&cs=1344x0",,False,,synagogue,False,False,,,,,,,,,,,,,,,
457243707,-7,-199918028,-199918028,1728803762,2024-10-13 09:16:02,58.008696,56.235797,58.00819896273859,56.23476395501453,82.20793038009836,"https://sun9-34.userapi.com/s/v1/ig2/PBK_upnAkBmC_3Pymg1Xm6NFCTTn9qhJmMJ-urkVvJVj_jSSNQ2An3QgYABaPMJRoX3qGaeb8U9eqpktOmAvY3gu.jpg?quality=95&as=32x59,48x89,72x134,108x200,160x297,240x446,360x668,480x891,540x1002,640x1188,720x1337,1080x2005,1280x2376,1379x2560&from=bu&cs=1379x0",,False,,synagogue,False,False,,,,,,,,,,,,,,,
457290770,-7,-210911959,-210911959,1692645229,2023-08-21 21:13:49,58.0078,56.236011,58.00819896273859,56.23476395501453,85.8203422920039,"https://sun9-6.userapi.com/s/v1/ig2/fS9sYoSfs8WzaBn_SECX3LXsUBiifgCd_T0g46dQZpcC5djLHWnikLJtwTV5ao0Gq1GnfOgO6OrnyEA85Q4qNmeC.jpg?quality=95&as=32x43,48x64,72x96,108x144,160x213,240x320,360x480,480x640,540x720,640x853,720x960,1080x1440,1280x1707,1440x1920,1920x2560&from=bu&cs=1920x0",,False,,synagogue,True,False,,,,,,,,,,,,,,,
457257330,-7,-170690865,-170690865,1684941044,2023-05-24 17:10:44,58.007799,56.234293,58.00819896273859,56.23476395501453,52.41830941546784,"https://sun9-9.userapi.com/s/v1/ig2/x4oBkiKFIEHYRc8XIvOrywaSsHSI0yZE9OrYJ7sCGu37oLgtM-ZLs2GsT_Kju6FWxWPzuV_YFWsO_jn9CxgooV4M.jpg?quality=95&as=32x43,48x64,72x96,108x144,160x213,240x320,360x480,480x640,540x720,640x853,720x960,1080x1440,1280x1707,1398x1864&from=bu&cs=1398x0",,False,,synagogue,True,False,,,,,,,,,,,,,,,
457256571,-7,-170690865,-170690865,1681211372,2023-04-11 13:09:32,58.007596,56.234492,58.00819896273859,56.23476395501453,68.93402153006282,"https://sun9-21.userapi.com/s/v1/ig2/c4UIfK54UohF9wNJfAamP8-esJMb9Cqjp5g3reJJgHKzUmzBQ5B3GXU46qNdNud-u7UgYRFifYkOcCfFUWDbZe9w.jpg?quality=95&as=32x43,48x64,72x96,108x144,160x214,240x320,360x481,480x641,540x721,640x855,720x961,1080x1442,1280x1709,1342x1792&from=bu&cs=1342x0",,False,,synagogue,False,False,,,,,,,,,,,,,,,
457253066,-7,-170690865,-170690865,1660988904,2022-08-20 11:48:24,58.008016,56.234306,58.00819896273859,56.23476395501453,33.78969930208058,"https://sun9-51.userapi.com/s/v1/ig2/_Xe6iSYREgVoZSok4p-64xIvZX1sYO0TuWIcrkeaA2Uc4Mp4iBkxe6OctpSpdWAA4xIRhv4Bpfl9ZmJsQ8EArwsT.jpg?quality=95&as=32x43,48x64,72x96,108x144,160x213,240x320,360x480,480x640,540x720,640x853,720x960,1080x1440,1280x1707,1344x1792&from=bu&cs=1344x0",,False,,synagogue,False,False,,,,,,,,,,,,,,,
457239049,-7,574791409,574791409,1594196967,2020-07-08 10:29:27,58.007954,56.23576,58.00819896273859,56.23476395501453,64.69200289317165,"https://sun9-43.userapi.com/s/v1/ig2/43JCIZsbe5akiy8mc6Ujg_B-lADZrOOSLNNGjrXix5WxpPEUH-ycW2pnJef2lrFKzL3EwVF7s7BF1Fsdw-WCKgcY.jpg?quality=96&as=32x32,48x48,72x73,108x109,160x162,240x242,360x363,480x485,540x545,640x646,720x727,1080x1091,1280x1292,1438x1452&from=bu&cs=1438x0",,False,14.0,synagogue,True,False,,,,,,,,,,,,,,,
457347139,-7,360619746,360619746,1615741559,2021-03-14 18:05:59,58.007609,56.233844,58.00819896273859,56.23476395501453,85.09203608792201,"https://sun9-27.userapi.com/s/v1/if2/Wh7a6KUzZDoXMvUkXG7tCFr9w8IbumWKDiLCWQoWPgGPSPUxkQQv4N0hKHn8gBunWXMeGKhQSJDvfkoo6k_V8meJ.jpg?quality=96&as=32x24,48x36,72x54,108x81,160x120,240x180,360x270,480x360,540x405,640x480&from=bu&cs=640x0",,False,377763.0,synagogue,True,False,,,,,,,,,,,,,,,
457274977,-7,-32557779,-32557779,1643021408,2022-01-24 11:50:08,58.007624,56.235258,58.00819896273859,56.23476395501453,70.24608442622167,"https://sun9-87.userapi.com/s/v1/if2/gcnpvZZh9ooLUo4W0ON15nEM7u3MdtjMf4_fZ5nGxuxHsnH6GgOroke0MgSAMZNIApYDTYgRP1wd8vCLONDmpIYR.jpg?quality=96&as=32x24,48x36,72x54,108x81,160x120,240x180,360x270,480x360,540x405,640x480,720x540,1080x810,1280x960,1440x1080,1920x1440&from=bu&cs=1920x0",,False,,synagogue,False,False,,,,,,,,,,,,,,,
457264137,305095331,170819655,170819655,1732908798,2024-11-29 20:33:18,58.008696,56.235797,58.00819896273859,56.23476395501453,82.20793038009836,"https://sun9-11.userapi.com/s/v1/if2/SK62lfY43asbUw-cNeFZ9PiQ2ls3KlmxVqz2SIy4eRlJjNRHhu_zutuAg_8sCnmd4lSege28-HHjQBbXo-wdTsK-.jpg?quality=95&as=32x15,48x22,72x33,108x50,160x74,240x111,360x166,480x222,540x249,640x295,720x332,1080x499,1280x591,1440x665,2560x1182&from=bu&cs=2560x0",,False,,synagogue,False,False,,,,,,,,,,,,,,,
457257329,-7,-170690865,-170690865,1684941044,2023-05-24 17:10:44,58.007799,56.234293,58.00819896273859,56.23476395501453,52.41830941546784,"https://sun9-48.userapi.com/s/v1/ig2/ks0qTxBpeljAmgV4z4RAlqo_fVs4-44sI88NZijE9EmgtHGx4fWRB2X2PUB1GG5ToagyznXmKXJs9fzbufGeGflR.jpg?quality=95&as=32x43,48x64,72x96,108x144,160x213,240x320,360x480,480x640,540x720,640x853,720x960,1080x1440,1280x1707,1398x1864&from=bu&cs=1398x0",,False,,synagogue,True,False,,,,,,,,,,,,,,,
457242281,-7,-76634753,-76634753,1634806603,2021-10-21 10:56:43,58.007581,56.255545,58.00763133477656,56.255145877976155,24.169968794546957,"https://sun9-18.userapi.com/s/v1/ig2/q7fs-pj2YULpTm5iIiJeSb9SoZCB7Igz0gdKs-Xta2weLTm_HlRI4jBzX8c7jDdrKdcf0GmzlcLz0Np4aWIjaq__.jpg?quality=96&as=32x43,48x64,72x96,108x144,160x213,240x320,360x480,480x640,540x721,640x854,720x961,1080x1441,1280x1708,1388x1852&from=bu&cs=1388x0",,False,,or avner habad community center,True,False,,,,,,,,,,,,,,,
456239488,-7,-138821516,-138821516,1542087993,2018-11-13 06:46:33,58.007512,56.235285,58.00819896273859,56.23476395501453,82.32345992732049,"https://sun9-15.userapi.com/s/v1/ig1/QUetIw91LksGG34rr5cz48pnap4j9KfTF8FA4t6XM0w3k-rNSYa45DIEmsaq5l_0xwUoc25B.jpg?quality=96&as=32x43,48x64,72x96,108x144,160x213,240x320,360x480,480x640,540x720,640x853,720x960,1080x1440,1280x1707,1440x1920,1620x2160&from=bu&cs=1620x0",,False,,synagogue,False,False,,,,,,,,,,,,,,,
433657242,236004905,-76269120,-76269120,1474260293,2016-09-19 06:44:53,58.007449,56.235192,58.00819896273859,56.23476395501453,87.12128868216463,"https://sun9-37.userapi.com/s/v1/if1/kmTfRKmBuf8xE1Llcbea4IysVTLGXKdGNZbyzt0TBO5HKc_odu39xVd1ihtbatG7bQzHCVF5.jpg?quality=96&as=32x17,48x26,72x39,108x58,160x86,240x130,360x195,480x259,540x292,640x346,720x389,1080x584,1280x692,1440x778,2560x1384&from=bu&cs=2560x0","Фотограф Ирина Лежнева
т. 8909 72 90 235",False,,synagogue,False,False,,,,,,,,,,,,,,,
457240253,-7,-152436168,-152436168,1563208265,2019-07-15 18:31:05,58.007749,56.233553,58.00819896273859,56.23476395501453,87.13544840059372,"https://sun9-7.userapi.com/s/v1/if1/VIOtw9beJ3Fu-0Bqj50kibDuojRNgrvbgXf4pMLMvuxv5oWs5gJ6oI46CBzXsYq7VQhONokT.jpg?quality=96&as=32x24,48x36,72x54,108x81,160x120,240x180,360x270,480x360,540x405,640x480,720x541,959x720&from=bu&cs=959x0",,False,,synagogue,False,False,,,,,,,,,,,,,,,
457242330,-6,199266018,199266018,1564470007,2019-07-30 09:00:07,58.007547,56.235298,58.00819896273859,56.23476395501453,79.02741656828928,"https://sun9-52.userapi.com/s/v1/ig1/y6POsySRsR6a_5fl4Txg66kL3FOCPaHQLl2i4hKSt1QwXLHWx6gShn7cPqvu1TK0reEtIbpJ.jpg?quality=96&as=32x43,48x64,72x96,108x144,160x213,240x320,360x480,480x640,540x720,640x853,720x960,1080x1440,1280x1707,1440x1920,1620x2160&from=bu&cs=1620x0",,False,3532.0,synagogue,False,False,,,,,,,,,,,,,,,
396238801,-7,-107411067,-107411067,1450439315,2015-12-18 12:48:35,58.00794,56.236235,58.00819896273859,56.23476395501453,91.31958931610778,"https://sun9-45.userapi.com/s/v1/ig1/L7KNJuGaC0zOLZkWyB0HU8xZoPYT7FYwSBLdjlOmQkulmDtQxt8Ztuz2FSHfFt1LTdrq_A.jpg?quality=96&as=32x32,48x48,72x72,108x108,160x160,240x240,360x360,480x480,540x540,640x640,720x720,960x960&from=bu&cs=960x0",,False,32.0,synagogue,True,False,,,,,,,,,,,,,,,
457444559,-7,-54097808,-54097808,1685435646,2023-05-30 10:34:06,58.008514,56.235282,58.00819896273859,56.23476395501453,46.45974159554349,"https://sun9-60.userapi.com/s/v1/ig2/thaVhKaROdvgFEGydB-aCq1Y8oun7cqCdELDtXRIASjFjHb0X3ihXONbrFq_kkFaWU2VpunW0hgJcAxJpKAC2y0a.jpg?quality=95&as=32x43,48x64,72x96,108x144,160x213,240x320,360x479,480x639,540x719,640x852,720x959,1080x1438,1280x1705,1440x1918,1922x2560&from=bu&cs=1922x0",,False,,synagogue,False,False,,,,,,,,,,,,,,,
456242736,-7,261660768,261660768,1515329753,2018-01-07 13:55:53,58.007386,56.234756,58.00819896273859,56.23476395501453,90.39854685120837,"https://sun9-26.userapi.com/s/v1/ig2/WJu3fsBhdBYabk_cGuAKpbJLTMzJo_nf0j3ZAJiNCMux03usOHkF-HTI66uCqWxeqLb_vIhg-G_jakxdihEPw07o.jpg?quality=96&as=32x40,48x60,72x90,108x135,160x200,240x300,360x449,480x599,540x674,640x799,720x899,769x960&from=bu&cs=769x0",,False,,synagogue,False,False,,,,,,,,,,,,,,,
457252501,296301656,-117758009,-117758009,1693613765,2023-09-02 02:16:05,58.007421,56.235113,58.00819896273859,56.23476395501453,88.91585995978309,"https://sun9-60.userapi.com/s/v1/if2/fJdkKkRgzHlXGzKjpg-HJwbkSDW0wY5BUZbYF_UQbfg6JRZHEWwQtEQQhA1rX0KpkppkG1WLJdvm_vFBC3D7eWzh.jpg?quality=95&as=32x24,48x36,72x54,108x81,160x120,240x180,360x270,480x360,540x405,640x480,720x540,1080x810,1280x960,1440x1080,2560x1920&from=bu&cs=2560x0",,False,,synagogue,False,False,,,,,,,,,,,,,,,
415848177,-7,-27046955,-27046955,1465796792,2016-06-13 07:46:32,58.008828,56.234026,58.00819896273859,56.23476395501453,82.35486930298175,"https://sun9-37.userapi.com/s/v1/ig1/CM62AqAdY21C0CaZCZUmVOehB9SZa24WnqLNXb8ev0CyAA36voFKYgjLFlIGvcLwXM0QPQUE.jpg?quality=96&as=32x32,48x48,72x72,108x108,160x160,240x240,360x360,480x480,540x540,640x640,720x720,1080x1080,1280x1280,1440x1440,2160x2160&from=bu&cs=2160x0",,False,16242.0,synagogue,False,False,,,,,,,,,,,,,,,
457253003,-7,-170690865,-170690865,1660813202,2022-08-18 11:00:02,58.007904,56.234332,58.00819896273859,56.23476395501453,41.51239618653149,"https://sun9-21.userapi.com/s/v1/ig2/FX5o0kONR2YTOnHT3WcC7og_Cv61fEGlidCff_4JvLrlj8E7FN577V_gWBYT4w86dKGPNYMN9mw0NLWCHZ7O346_.jpg?quality=95&as=32x43,48x64,72x96,108x144,160x213,240x320,360x480,480x640,540x720,640x853,720x960,1080x1440,1280x1707,1344x1792&from=bu&cs=1344x0",,False,,synagogue,True,False,,,,,,,,,,,,,,,
457283104,-7,-32557779,-32557779,1661861946,2022-08-30 14:19:06,58.007505,56.235179,58.00819896273859,56.23476395501453,80.94630307241057,"https://sun9-86.userapi.com/s/v1/ig2/8OY6jNTdqgUIQYVbElgkzG4nmOlysEb9jqeUroDj1erkgqe47h7udy1U6jl73tJspvbTaLlkBjsS2kLJy4HI-MAs.jpg?quality=95&as=32x43,48x64,72x96,108x144,160x213,240x320,360x480,480x640,540x721,640x854,720x961,1080x1441,1280x1708,1388x1852&from=bu&cs=1388x0",,False,,synagogue,False,False,,,,,,,,,,,,,,,
400357654,227741275,-107272158,147055234,1454659844,2016-02-05 09:10:44,58.008024,56.23527,58.00819896273859,56.23476395501453,35.59814265133196,"https://sun9-36.userapi.com/s/v1/if1/Top8ViwDDjvgyVEQoeYeJ5-_mBDOX0W_Vok1HWJhcf3UmURWX9Rv7CCpyJMJrc43sWDhAWJg.jpg?quality=96&as=32x24,48x36,72x54,108x81,160x120,240x180,360x270,480x360,540x405,640x480,720x540,1080x810,1280x960,1440x1080,2560x1920&from=bu&cs=2560x0",,False,,synagogue,True,False,,,,,,,,,,,,,,,
457255182,-7,-170690865,-170690865,1672922169,2023-01-05 13:36:09,58.007813,56.234504,58.00819896273859,56.23476395501453,45.567571879464026,"https://sun9-84.userapi.com/s/v1/ig2/OpSFfgavHmUn5PVjUQpvd5LozCMPwL78EMfzhqAyC37lCJiwW0Ww829CaTkJqmmM2ajyc0O-2E0UYorQ4EnWzcVf.jpg?quality=95&as=32x43,48x64,72x96,108x144,160x213,240x320,360x480,480x640,540x720,640x853,720x960,1080x1440,1280x1707,1344x1792&from=bu&cs=1344x0",,False,,synagogue,True,False,,,,,,,,,,,,,,,
411549823,-6,7514963,7514963,1460885762,2016-04-17 11:36:02,58.008899,56.235255,58.00819896273859,56.23476395501453,83.04193621368262,"https://sun9-32.userapi.com/s/v1/ig1/N3RFUkFycD-BQTRfSP8B8BaISsUMN8f9H0e1CAneJkSJep6HM11gh8VCzLg5fIYd-y5jFKrN.jpg?quality=96&as=32x32,48x48,72x72,108x108,160x160,240x240,360x360,480x480,540x540,640x640&from=bu&cs=640x0",,False,1104.0,synagogue,False,False,,,,,,,,,,,,,,,
456239421,-7,-167874142,-167874142,1536750809,2018-09-12 13:13:29,58.007561,56.235338,58.00819896273859,56.23476395501453,78.5867216922049,"https://sun9-75.userapi.com/s/v1/ig1/5vzYYCClg6M64z7L5C_KnIaeR-SD5WYk7M7d4vsv3tlM0thUoxe1qWvSD8Ree3QYNE-9dbqI.jpg?quality=96&as=32x43,48x64,72x96,108x144,160x213,240x320,360x480,480x640,540x720,640x853,720x960,1080x1440,1280x1707,1440x1920,1620x2160&from=bu&cs=1620x0",,False,29.0,synagogue,False,False,,,,,,,,,,,,,,,
457244994,-7,-147257986,-147257986,1643372397,2022-01-28 13:19:57,58.007463,56.235232,58.00819896273859,56.23476395501453,86.35567006550573,"https://sun9-48.userapi.com/s/v1/ig2/UojitrMMImzJ9KYD0n8rqPCHCcUuehIaz0fS6VmBJFkS8PzKSetavohk3FHaCGjVxAV3byHTui62YLg8UQfHBiiV.jpg?quality=96&as=32x43,48x64,72x96,108x144,160x213,240x320,360x480,480x640,540x720,640x853,720x960,1080x1440,1200x1600&from=bu&cs=1200x0",,False,,synagogue,False,False,,,,,,,,,,,,,,,
457257087,-7,-170690865,-170690865,1683287831,2023-05-05 13:57:11,58.008121,56.234001,58.00819896273859,56.23476395501453,45.774760602957585,"https://sun9-40.userapi.com/s/v1/ig2/R1tkEiz213199cj8ngS1Kunt8QmpoY2-Lj5hYzL8myoY6JUcJsbOP0FHt13YizEFAK-EEyhhYdF7CWROcQp0zHrC.jpg?quality=95&as=32x43,48x64,72x96,108x144,160x213,240x320,360x480,480x640,540x720,640x853,720x960,1080x1440,1280x1707,1398x1864&from=bu&cs=1398x0",,False,,synagogue,False,False,,,,,,,,,,,,,,,
457240884,-7,-209485236,-209485236,1698922766,2023-11-02 11:59:26,58.007315,56.255995,58.00763133477656,56.255145877976155,61.15242598481541,"https://sun9-55.userapi.com/s/v1/ig2/_C4SGksU07iDBqMQiowQZ8QasMTgRzulcwpm8jZc3V-Q5GaAX40GO2P9Jmc9sl1ZUKvylN9pSNazaOEAfSPDYMLk.jpg?quality=95&as=32x43,48x64,72x96,108x144,160x213,240x320,360x480,480x640,540x720,640x853,720x960,1080x1440,1280x1707,1440x1920,1920x2560&from=bu&cs=1920x0",,False,,or avner habad community center,True,False,,,,,,,,,,,,,,,
457242727,-7,-194619161,-194619161,1679724521,2023-03-25 07:08:41,58.007505,56.234835,58.00819896273859,56.23476395501453,77.2785573460762,"https://sun9-46.userapi.com/s/v1/ig2/TXqxBbyQeKzIq4t35OoFUqOtwM6MetIPl6A-VnokCWMnT5f58TpYtA9YCsej1ILPs5W3rWcWAt7uPGwKDgEAEbPI.jpg?quality=95&as=32x43,48x64,72x96,108x144,160x213,240x320,360x480,480x640,540x720,640x853,720x960,1080x1440,1280x1707,1440x1920,1920x2560&from=bu&cs=1920x0",,False,,synagogue,False,False,,,,,,,,,,,,,,,
457245195,-6,224152582,224152582,1728197978,2024-10-06 08:59:38,58.007911,56.234094,58.00819896273859,56.23476395501453,50.82307597422893,"https://sun9-47.userapi.com/s/v1/ig2/2xRuSUv68BdjX5XZFxtAgT2V5S3YSKfFi3Wa3OERPNaTkKLqMX72TO3-oskkeiiLbGL0z35jv4fxaMPZcD4rEcEl.jpg?quality=95&as=32x43,48x64,72x96,108x144,160x213,240x320,360x480,480x640,540x720,640x853,720x960,1080x1440,1280x1707,1440x1920,1920x2560&from=bu&cs=1920x0",,False,4836.0,synagogue,False,False,,,,,,,,,,,,,,,
456239530,-7,-28748157,-28748157,1490012107,2017-03-20 13:15:07,58.009032,56.235202,58.00819896273859,56.23476395501453,96.15685530593586,"https://sun9-77.userapi.com/s/v1/ig1/C5M-zfJs5xe_oTingNjl2WY4WCToQzH_xTKFvPsXTCq-fXRH4HilKvKDkkcPD5KIYfxfRX-t.jpg?quality=96&as=32x43,48x64,72x96,108x144,160x213,240x320,360x480,480x640,540x720,640x853,720x960,1080x1440,1280x1707,1440x1920,1536x2048&from=bu&cs=1536x0",,False,,synagogue,False,False,,,,,,,,,,,,,,,
418432311,-7,261660768,261660768,1465705994,2016-06-12 06:33:14,58.007828,56.235918,58.00819896273859,56.23476395501453,79.52110193239112,"https://sun9-6.userapi.com/s/v1/ig1/XA3gHkUtV8qikbG9MA24MSPmwUTehEddQk2k_5hZt5vgXPGsye89JXCA2fCs8LAdzslFTRvB.jpg?quality=96&as=32x32,48x48,72x72,108x108,160x160,240x240,360x360,480x480,540x540,640x640,720x720,960x960&from=bu&cs=960x0",,False,6615.0,synagogue,True,False,,,,,,,,,,,,,,,
457257212,-7,-170690865,-170690865,1684321807,2023-05-17 13:10:07,58.007715,56.234399,58.00819896273859,56.23476395501453,57.95011791683787,"https://sun9-26.userapi.com/s/v1/ig2/s8F08CqesjDzE8H-JgHtPDgkq5O47jufQHsKIYfaYZjwM5Rs5tJ9yO2qeRJb7J383wRvPg112mp4byV_wGButSqE.jpg?quality=95&as=32x43,48x64,72x96,108x144,160x213,240x320,360x480,480x640,540x720,640x853,720x960,1080x1440,1280x1707,1398x1864&from=bu&cs=1398x0",,False,,synagogue,True,False,,,,,,,,,,,,,,,
457321113,301537621,-43730800,-43730800,1752744437,2025-07-17 11:27:17,58.0078,56.236011,58.00819896273859,56.23476395501453,85.8203422920039,"https://sun9-55.userapi.com/s/v1/ig2/0UVbQKXqch_nahtnvKMVwos03fN73e17zcv4kNMskJ0sU8V8jq2-GqDBhplFPS5J8S4ZK9jtyoJ9XBrgRlUOvx2V.jpg?quality=95&as=32x46,48x68,72x102,108x154,160x228,240x341,360x512,480x683,540x768,640x910,720x1024,1080x1536,1280x1820,1440x2048,1800x2560&from=bu&cs=1800x0",Продано,False,,synagogue,True,False,,,,,,,,,,,,,,,
457322814,290827652,-43730800,-43730800,1762181633,2025-11-03 15:53:53,58.007702,56.235906,58.00819896273859,56.23476395501453,87.06401057124822,"https://sun9-70.userapi.com/s/v1/ig2/XYES9yXUp8pXpkbSbm0Gny09_P8kwECBiv0QKKZH8ciBiR2OWq5TZKoBtAxRtJJICvJeO2Xtt02vmr6rGqgsTDtN.jpg?quality=95&as=32x35,48x53,72x79,108x119,160x177,240x265,360x397,480x530,540x596,640x706,720x794,1080x1192,1280x1412,1440x1589,2320x2560&from=bu&cs=2320x0","5100-40%= 3000₽ (оплата наличными)

Размер единый",False,,synagogue,True,False,,,,,,,,,,,,,,,
377471008,-7,161626011,161626011,1440959409,2015-08-30 20:30:09,58.008079,56.234226,58.00819896273859,56.23476395501453,34.384335816328516,"https://sun9-80.userapi.com/s/v1/if1/0Ob_nsv4-pCDSXzm_MgPttkLBjtDMrZ6ARCHpOK5d7xQiThKSbULSvlrpsjh-dEPwBvFndsd.jpg?quality=96&as=32x24,48x36,72x54,108x81,160x120,240x180,360x270,480x360,540x405,640x480,720x540,960x720&from=bu&cs=960x0",,False,,synagogue,False,False,,,,,,,,,,,,,,,
457242443,-7,-194619161,-194619161,1675404696,2023-02-03 07:11:36,58.007407,56.234902,58.00819896273859,56.23476395501453,88.43695146676781,"https://sun9-84.userapi.com/s/v1/ig2/IzpCS3py4LihxExOuA1VSi_qdmesLpu6RvdWs3UoXAlm7lPN0x236dOyYnz16iWjwycU_tDPg0r-5pjSWZJunkcA.jpg?quality=95&as=32x43,48x64,72x96,108x144,160x213,240x320,360x480,480x640,540x720,640x853,720x960,1080x1440,1280x1707,1440x1920,1920x2560&from=bu&cs=1920x0",,False,,synagogue,False,False,,,,,,,,,,,,,,,
370068166,-7,-79518989,-79518989,1434702470,2015-06-19 10:27:50,58.007457,56.23547,58.00819896273859,56.23476395501453,92.39444349015146,"https://sun9-79.userapi.com/s/v1/ig1/aM8lzaVlVU1nJOjvRscIPQTlvFvwBzH0E8qmm7Cia3umTWrNwW_o2t5iE9Coh3bY3o1_WA.jpg?quality=96&as=32x65,48x97,72x146,108x219,160x325,240x487,360x731,480x974,540x1096,640x1299,720x1462,736x1494&from=bu&cs=736x0",,False,,synagogue,False,False,,,,,,,,,,,,,,,
457245012,-7,-194619161,-194619161,1716870023,2024-05-28 06:20:23,58.007603,56.234597,58.00819896273859,56.23476395501453,66.99395556104398,"https://sun9-62.userapi.com/s/v1/ig2/_QmvnCiYz6BTLwEc_ICZ53pXxQIFLUmP1Ec4fnAHBs8UgTOJinukAB9gIJZ5zGnx81JlqMXwPZSvF5do3Q05jzi7.jpg?quality=95&as=32x43,48x64,72x96,108x144,160x213,240x320,360x480,480x640,540x720,640x853,720x960,1080x1440,1280x1707,1440x1920,1920x2560&from=bu&cs=1920x0",,False,,synagogue,False,False,,,,,,,,,,,,,,,
456239484,-7,-124299091,-124299091,1553943687,2019-03-30 12:01:27,58.008072,56.234464,58.00819896273859,56.23476395501453,22.617653464539075,"https://sun9-16.userapi.com/s/v1/ig1/27T4PCG2yt1NuFfXIjOzNk7l6G8OAEJPVIJV0wSu0Ukw7vfnh6wROUDYgHEHcuw8XV4TLXEm.jpg?quality=96&as=32x32,48x48,72x72,108x108,160x160,240x240,360x360,480x480,540x540,640x640,720x720,1080x1080,1280x1280,1440x1440,1500x1500&from=bu&cs=1500x0",,False,384.0,synagogue,True,False,,,,,,,,,,,,,,,
457257071,-7,-170690865,-170690865,1683121842,2023-05-03 15:50:42,58.008016,56.234306,58.00819896273859,56.23476395501453,33.78969930208058,"https://sun9-55.userapi.com/s/v1/ig2/w9BWR3AkIs5FsUmH5IQJO4joyc24zx6c-d69-3Ps85YvdLlARE8ojH1ypcCDakZs7QKnEYCcMgBKsD7LxDCo0N-q.jpg?quality=95&as=32x43,48x64,72x96,108x144,160x213,240x320,360x480,480x640,540x720,640x853,720x960,1080x1440,1280x1707,1398x1864&from=bu&cs=1398x0",,False,,synagogue,False,False,,,,,,,,,,,,,,,
457254413,-7,-170690865,-170690865,1667986692,2022-11-09 10:38:12,58.007722,56.234505,58.00819896273859,56.23476395501453,55.186284082187015,"https://sun9-4.userapi.com/s/v1/ig2/3pdkp7kswXECoWFzngKVggCXwu0eW-LPtkbxM4GfDkKD6SwnJ3Qv2N8fCfyftKXzsAFiKQQyIt4KI3xzRYGC3PCo.jpg?quality=95&as=32x43,48x64,72x96,108x144,160x213,240x320,360x480,480x640,540x720,640x853,720x960,1080x1440,1280x1707,1344x1792&from=bu&cs=1344x0",,False,,synagogue,True,False,,,,,,,,,,,,,,,
457254323,-7,-170690865,-170690865,1667305067,2022-11-01 13:17:47,58.00782,56.23461,58.00819896273859,56.23476395501453,43.10373252508328,"https://sun9-61.userapi.com/s/v1/ig2/pB9LXRURnsuqUoFzlv0KvHH5libNdvFix551_e0J4yy6IIS6PmVqiROPwxtq3jMaYnD1wr4DdNWbxCyNE2TLuMeF.jpg?quality=95&as=32x43,48x64,72x96,108x144,160x213,240x320,360x480,480x640,540x720,640x853,720x960,1080x1440,1280x1707,1344x1792&from=bu&cs=1344x0",,False,,synagogue,True,False,,,,,,,,,,,,,,,
457257451,-7,-170690865,-170690865,1685633492,2023-06-01 17:31:32,58.007918,56.2342,58.00819896273859,56.23476395501453,45.605044690392624,"https://sun9-58.userapi.com/s/v1/ig2/Hxy0TGD4NoE04ZXQQ6L-7Rnv9Oxkrw0qZDbAiOaJimuht1pgx2UFeyeBmbtrs_VW2VzJ8Vo1I8zg5U2-iQLRJDLL.jpg?quality=95&as=32x43,48x64,72x96,108x144,160x213,240x320,360x480,480x640,540x720,640x853,720x960,1080x1440,1280x1707,1398x1864&from=bu&cs=1398x0",,False,,synagogue,True,False,,,,,,,,,,,,,,,
364728440,-7,-79518989,-79518989,1430826892,2015-05-05 13:54:52,58.007407,56.235417,58.00819896273859,56.23476395501453,96.09912276893724,"https://sun9-15.userapi.com/s/v1/ig1/tCf3Nd-PebDvWiZontOQhZ33F2cg5XEm8pNw6l6aOTxh2ABEmR98qIwnps6_StpmZelc49FP.jpg?quality=96&as=32x52,48x78,72x117,108x176,160x260,240x390,360x585,480x780,540x878,640x1041,720x1171,866x1408&from=bu&cs=866x0",,False,,synagogue,False,False,,,,,,,,,,,,,,,
457253834,-7,-119441997,-119441997,1741957265,2025-03-14 14:01:05,58.008696,56.235797,58.00819896273859,56.23476395501453,82.20793038009836,"https://sun9-6.userapi.com/s/v1/if2/ssZnj6lMYUzGEgdeiMdainfbnQxx21Eilh8gz8MTATY4nCmjXJhE2o2UwxdmWSXCwS5aGBOEHpu5sY6tCpqMb5hI.jpg?quality=95&as=32x18,48x27,72x40,108x61,160x90,240x135,360x202,480x270,540x304,640x360,720x405,1080x607,1280x720,1440x810,2560x1440&from=bu&cs=2560x0",,False,,synagogue,False,False,,,,,,,,,,,,,,,
456239546,-7,-138821516,-138821516,1547291366,2019-01-12 12:09:26,58.007512,56.235285,58.00819896273859,56.23476395501453,82.32345992732049,"https://sun9-20.userapi.com/s/v1/ig1/1UCutsQoiKxXRhIsxArYECKxMtukDQOi0b-toeODXUbCrmWLeDu4Vk3Zg-JFxCfSYnNu7Tgo.jpg?quality=96&as=32x43,48x64,72x96,108x144,160x213,240x320,360x480,480x640,540x720,640x853,720x960,1080x1440,1280x1707,1440x1920,1620x2160&from=bu&cs=1620x0",,False,,synagogue,False,False,,,,,,,,,,,,,,,
456239758,-7,47377719,47377719,1545549850,2018-12-23 08:24:10,58.007869,56.235178,58.00819896273859,56.23476395501453,44.05827773051322,"https://sun9-32.userapi.com/s/v1/ig1/gxQbR0BUE57mNJYS7oowrV6Usliq_Vq_k2csn2Li2S6wHyS6qUD6-jkxu2D1kCEEVSCV2H-e.jpg?quality=96&as=32x43,48x64,72x96,108x144,160x213,240x320,360x479,480x639,540x719,640x852,720x959,721x960&from=bu&cs=721x0",,False,,synagogue,True,False,,,,,,,,,,,,,,,
457255583,-7,-170690865,-170690865,1675343807,2023-02-02 14:16:47,58.007806,56.234399,58.00819896273859,56.23476395501453,48.698462152861765,"https://sun9-28.userapi.com/s/v1/ig2/fjNVR5tti64GMCVOy6Nx4_tzv69jozGZ54-3BJcJGKyiE3VimdhpTyo383AenpVC87q29cVF251UI_XmmYtpfgIw.jpg?quality=95&as=32x43,48x64,72x96,108x144,160x213,240x320,360x480,480x640,540x720,640x853,720x960,1080x1440,1280x1707,1344x1792&from=bu&cs=1344x0",,False,,synagogue,True,False,,,,,,,,,,,,,,,
405235286,181715992,138168288,138168288,1456669664,2016-02-28 15:27:44,58.008329,56.255002,58.00763133477656,56.255145877976155,78.03850367786016,"https://sun9-9.userapi.com/s/v1/if1/Ib7eWMOr5j7-p6GSsdltpaZ_9jofp1t7LPYiao4LtIJKYu2_SOfXB0xH4wnbMfoMXg3ubAnt.jpg?quality=96&as=32x24,48x36,72x54,108x81,160x120,240x180,360x270,480x360,540x405,640x480,720x540,1080x810,1280x960,1440x1080,1600x1200&from=bu&cs=1600x0",,False,,or avner habad community center,False,False,,,,,,,,,,,,,,,
457367985,-7,360619746,360619746,1650201398,2022-04-17 15:16:38,58.007651,56.233791,58.00819896273859,56.23476395501453,83.6534786134201,"https://sun9-42.userapi.com/s/v1/if2/bWfEapwdGbbEHkHcTSNh86XdMKggmaJMf4U5hO2zISBDwW_vUfK7FIC9revUk-D9IRloqG2LXWO6d5Ba-kMlaS9n.jpg?quality=96&as=32x24,48x36,72x54,108x81,160x120,240x180,360x270,480x360,540x405,640x480&from=bu&cs=640x0",,False,,synagogue,True,False,,,,,,,,,,,,,,,
384669581,-7,243524378,243524378,1446014356,2015-10-28 07:39:16,58.008535,56.235771,58.00819896273859,56.23476395501453,70.11216851288069,"https://sun9-16.userapi.com/s/v1/ig1/TWqFwyL16MaJWcqQ48EPkTbKDKxoPnhrs3MqS4YKirlNnjGoH8XmVMyR20vZB_lbgDFgmjST.jpg?quality=96&as=32x51,48x76,72x115,108x172,160x255,240x382,360x573,480x764,540x860,640x1019,720x1147,901x1435&from=bu&cs=901x0",,False,,synagogue,False,False,,,,,,,,,,,,,,,
457256737,-7,-170690865,-170690865,1681741496,2023-04-17 16:24:56,58.007596,56.234492,58.00819896273859,56.23476395501453,68.93402153006282,"https://sun9-84.userapi.com/s/v1/ig2/Cw7PfK2nbCmGnKYWsE56Kf649C2vxNkWQcokaXJ0BOP4CZCJvUpeSpd6G_32xFObboosGo--wd0-miCVIepRyu6H.jpg?quality=95&as=32x43,48x64,72x96,108x144,160x214,240x320,360x481,480x641,540x721,640x855,720x961,1080x1442,1280x1709,1342x1792&from=bu&cs=1342x0",,False,,synagogue,False,False,,,,,,,,,,,,,,,
357271603,-7,137080431,137080431,1427036818,2015-03-22 16:06:58,58.008197,56.255398,58.00763133477656,56.255145877976155,64.6289715440721,"https://sun9-70.userapi.com/s/v1/ig1/9qmjwjLgrgY2FGe41zAkIdwL4lkQlreaDXK4G2JLBfm5ZWQgOfivnuOEV53ijg3vcENdBlSf.jpg?quality=96&as=32x43,48x64,72x96,108x144,160x213,240x320,360x480,480x640,540x720,640x853,720x960&from=bu&cs=720x0",,False,,or avner habad community center,True,False,,,,,,,,,,,,,,,
353522469,-7,185411263,185411263,1423335826,2015-02-07 20:03:46,58.008794,56.235216,58.00819896273859,56.23476395501453,71.32311992945645,"https://sun9-55.userapi.com/s/v1/ig1/9S860SNvEeiupINetkziWJn_Ae2hpdXo67X0iMMQfPJ6Y1td70XngHNWnja-aq75YABHR3NP.jpg?quality=96&as=32x43,48x64,72x96,108x144,160x213,240x320,360x480,480x640,540x720,640x853,720x960&from=bu&cs=720x0",,False,,synagogue,False,False,,,,,,,,,,,,,,,
457239730,292620556,-209485236,-209485236,1674889747,2023-01-28 08:09:07,58.007202,56.255506,58.00763133477656,56.255145877976155,52.241678049115166,"https://sun9-70.userapi.com/s/v1/ig2/Vw79iMF-PedtcPJfyRcotEjJ2leJcBObvn4rsWMOaMKIa_LTzp03PJnkCZV7MQVn2gnzw-YEU3qypspwv0cxgafm.jpg?quality=95&as=32x43,48x64,72x96,108x144,160x213,240x320,360x480,480x640,540x720,640x853,720x960,1080x1440,1280x1707,1440x1920,1920x2560&from=bu&cs=1920x0",,False,,or avner habad community center,False,False,,,,,,,,,,,,,,,
457250649,-7,-170690865,-170690865,1654167392,2022-06-02 12:56:32,58.007799,56.234293,58.00819896273859,56.23476395501453,52.41830941546784,"https://sun9-2.userapi.com/s/v1/ig2/mlC_kKkSbPFZ4KugI75roV5VhHBVkIa8BcNxJUEKBqGA0veXhRvfTfl2k6f9YCp85hb3BQ8avZvhexfoIxjTZdEv.jpg?quality=95&as=32x43,48x64,72x96,108x144,160x214,240x320,360x481,480x641,540x721,640x855,720x961,1080x1442,1280x1709,1342x1792&from=bu&cs=1342x0",,False,,synagogue,True,False,,,,,,,,,,,,,,,
456240602,-7,261660768,261660768,1493313356,2017-04-27 19:15:56,58.007905,56.236222,58.00819896273859,56.23476395501453,91.9043136294957,"https://sun9-34.userapi.com/s/v1/ig1/sxUdiDeQSlxLMzS1pJLE_ZA6TJv8zUkbJKQ5-WMZw-gIWu7GXu-CEcCyat4KdvJQe5LLV5Zf.jpg?quality=96&as=32x43,48x64,72x96,108x144,160x213,240x320,360x480,480x640,540x720,640x853,720x960&from=bu&cs=720x0",,False,,synagogue,True,False,,,,,,,,,,,,,,,
456269285,-7,-169879213,-169879213,1549819058,2019-02-10 18:17:38,58.008702,56.234872,58.00819896273859,56.23476395501453,56.296168206329575,"https://sun9-30.userapi.com/s/v1/ig1/-QXvUhmJXVeyM28meQzzYaorzQuQcp88N6NrXLaq-wFiwxwXm1EV8YQk97xNUwDKHL6EtLM_.jpg?quality=96&as=32x43,48x64,72x96,108x144,160x213,240x320,360x480,480x640,540x720,640x853,720x960&from=bu&cs=720x0",,False,,synagogue,False,False,,,,,,,,,,,,,,,
457242781,-7,-194619161,-194619161,1680589823,2023-04-04 08:30:23,58.007695,56.2358,58.00819896273859,56.23476395501453,82.8583389920959,"https://sun9-82.userapi.com/s/v1/ig2/EDVoWV3ZVLDSynH19umXXrEUOi3lfZ-beNjymWaWKREvykaAPOAXdiwK-QUr7hzIzYZJqluokIcaZvrb9s47-MIz.jpg?quality=95&as=32x43,48x64,72x96,108x144,160x213,240x320,360x480,480x640,540x720,640x853,720x960,1080x1440,1280x1707,1440x1920,1920x2560&from=bu&cs=1920x0",,False,,synagogue,True,False,,,,,,,,,,,,,,,
457239138,-7,-225765287,-225765287,1720260520,2024-07-06 12:08:40,58.0081,56.234887,58.00819896273859,56.23476395501453,13.17706229634948,"https://sun9-77.userapi.com/s/v1/ig2/ReAVvFp6ZmJfJ4HsSNdUjOniOB9qWwLM8lVYbnrlEIpsakW3_tTOJufcXstk9QVVPsmZWdq9i7VijH9DL1XYd3E5.jpg?quality=95&as=32x43,48x64,72x96,108x144,160x213,240x320,360x480,480x640,540x720,640x853,720x960,1080x1440,1280x1707,1440x1920,1920x2560&from=bu&cs=1920x0",,False,,synagogue,True,True,,,,,,,,,,,,,,,
457257515,-7,-170690865,-170690865,1686149005,2023-06-07 16:43:25,58.007722,56.234505,58.00819896273859,56.23476395501453,55.186284082187015,"https://sun9-77.userapi.com/s/v1/ig2/5D1MGkwg7DZiBNQnD8-sbUxG6JUAc8ug8YrGcR1IkcCbwWcLv8d1_Alz7tfkaZNUPtXmPFDlGixpqx7Jfr3CwFOo.jpg?quality=95&as=32x43,48x64,72x96,108x144,160x213,240x320,360x480,480x640,540x720,640x853,720x960,1080x1440,1280x1707,1398x1864&from=bu&cs=1398x0",,False,,synagogue,True,False,,,,,,,,,,,,,,,
457253895,-7,-170690865,-170690865,1664959158,2022-10-05 10:39:18,58.007722,56.234505,58.00819896273859,56.23476395501453,55.186284082187015,"https://sun9-34.userapi.com/s/v1/ig2/3IXGS42VikmQG0y-nXsLuNFq_bpQpTQPAHFZqIYUdR9xfu6x_8gsRRwlvhwTFDNavvhK-QD2MdPIqCp_4rz8efQI.jpg?quality=95&as=32x43,48x64,72x96,108x144,160x213,240x320,360x480,480x640,540x720,640x853,720x960,1080x1440,1280x1707,1344x1792&from=bu&cs=1344x0",,False,,synagogue,True,False,,,,,,,,,,,,,,,
457248494,-7,-36630175,-36630175,1655897409,2022-06-22 13:30:09,58.008808,56.235083,58.00819896273859,56.23476395501453,70.28159987357412,"https://sun9-79.userapi.com/s/v1/ig2/Wv6y72Acvh5-ZalTKhre4c-4Qe2H11ZrHX0LB30bKEET9GRHQ0wd0rxYHk4hUK77c8BUCpzO8T22jCB7UgGGBSTo.jpg?quality=95&as=32x43,48x64,72x96,108x144,160x213,240x320,360x480,480x640,540x720,640x853,720x960,1080x1440,1280x1707,1344x1792&from=bu&cs=1344x0",,False,,synagogue,False,False,,,,,,,,,,,,,,,
456240395,-7,36433674,36433674,1484847949,2017-01-19 18:45:49,58.009003,56.234263,58.00819896273859,56.23476395501453,94.14961214179252,"https://sun9-81.userapi.com/s/v1/ig1/qUEilH9b_wV8-e_AP4MSSAjTgQdvpG-tK47vyVUc-uV_95kej8_TQJoNKpmXpCRdBzCNj0mn.jpg?quality=96&as=32x32,48x48,72x72,108x108,160x160,240x240,360x360,480x480,540x540,640x640,720x720,960x960&from=bu&cs=960x0",,False,8113.0,synagogue,False,False,,,,,,,,,,,,,,,
456239031,-7,-139376495,-139376495,1525951431,2018-05-10 13:23:51,58.007652,56.23465,58.00819896273859,56.23476395501453,61.18886246769741,"https://sun9-52.userapi.com/s/v1/ig1/ZYvp8kv60uLVrFYgk-7AIPDXKsiJ63-KZ5RdFa3PsjiVFDdQ0rmz0MRfiUWwtLd7BAeY-tvw.jpg?quality=96&as=32x43,48x64,72x96,108x144,160x213,240x320,360x480,480x640,540x720,640x853,720x960&from=bu&cs=720x0",,False,,synagogue,False,False,,,,,,,,,,,,,,,
457239323,-7,544984846,544984846,1576519884,2019-12-16 19:11:24,58.008682,56.23507,58.00819896273859,56.23476395501453,56.65647944359439,"https://sun9-43.userapi.com/s/v1/ig2/qH2AeuoZfwN3XrmynEDnkAPr52KPgceEytORha4hFXiJfmzvZt4IGVsUegMtoVmKOMmeBRJWeTtJBG3JmU5clvYm.jpg?quality=96&as=32x48,48x73,72x109,108x164,160x243,240x364,360x546,480x728,540x819,640x970,720x1091,791x1199&from=bu&cs=791x0",,False,115.0,synagogue,False,False,,,,,,,,,,,,,,,
456239129,-7,-224696905,-224696905,1715162731,2024-05-08 12:05:31,58.007813,56.235192,58.00819896273859,56.23476395501453,49.777058200489776,"https://sun9-11.userapi.com/s/v1/ig2/50m1ort7pKJwMJ2WpqPD_i5ZdJZCSPGjVfVBlvb7YEOMt0iXxRkohO7UxeEIc_wh7znhbBwtYghmxIj4A5oM1zQ_.jpg?quality=95&as=32x38,48x57,72x86,108x129,160x191,240x287,360x430,480x573,540x645,640x765,720x860,1080x1290,1280x1529,1440x1720,2143x2560&from=bu&cs=2143x0",,False,,synagogue,True,False,,,,,,,,,,,,,,,
457250954,-7,261660768,261660768,1601316932,2020-09-28 20:15:32,58.007912,56.235984,58.00819896273859,56.23476395501453,78.63883718955343,"https://sun9-59.userapi.com/s/v1/ig2/4OIPRaoU0zJ8xx7jqqSIlSU02F8nLkkEEsw8we6Y054v3BC_mHPndUXFFYBdkIUh6KKC45H04f3wRxyjtk9M49cz.jpg?quality=96&as=32x43,48x64,72x96,108x144,160x214,240x320,360x481,480x641,540x721,640x855,720x961,1080x1442,1280x1709,1342x1792&from=bu&cs=1342x0",,False,,synagogue,True,False,,,,,,,,,,,,,,,
457240294,300940532,-224421397,-224421397,1711279828,2024-03-24 12:30:28,58.008611,56.234185,58.00819896273859,56.23476395501453,57.11744669129449,"https://sun9-5.userapi.com/s/v1/ig2/av0OTfGmgTtjH6RD7fA21MpdKNpPAqW8SLa6cijSaX-m15I9duTNYTCf3H2mQn09tlB0B7tyCZ46Q4iy0i9r9nVq.jpg?quality=95&as=32x43,48x64,72x96,108x144,160x213,240x320,360x480,480x640,540x720,640x853,720x960,1080x1440,1280x1707,1440x1920,1920x2560&from=bu&cs=1920x0",,False,,synagogue,False,False,,,,,,,,,,,,,,,
457240558,301013678,-224421397,-224421397,1711788358,2024-03-30 09:45:58,58.008604,56.234423,58.00819896273859,56.23476395501453,49.31399479698315,"https://sun9-79.userapi.com/s/v1/ig2/vRdDGdYi99sVPYKSmdt80aOokg1AhPvUMbVZRHSEW6xMsB5sbzPtgT6zj5IqiK475SZ4W8Ffl74oQzEVvfzdtA6Y.jpg?quality=95&as=32x43,48x64,72x96,108x144,160x213,240x320,360x480,480x640,540x720,640x853,720x960,1080x1440,1280x1707,1440x1920,1920x2560&from=bu&cs=1920x0",,False,,synagogue,False,False,,,,,,,,,,,,,,,
457240687,301013678,-224421397,-224421397,1711791859,2024-03-30 10:44:19,58.008604,56.234423,58.00819896273859,56.23476395501453,49.31399479698315,"https://sun9-79.userapi.com/s/v1/ig2/3cYNwljnQe7Z6JAjPeYEUDAr0B6Onxw_00xZXgnA3Oqne0ibZt-Sts3ubtTRp7awozPir1MyzCNnA5BMAO4lXMis.jpg?quality=95&as=32x43,48x64,72x96,108x144,160x213,240x320,360x480,480x640,540x720,640x853,720x960,1080x1440,1280x1707,1440x1920,1920x2560&from=bu&cs=1920x0",,False,,synagogue,False,False,,,,,,,,,,,,,,,
457255486,-7,-170690865,-170690865,1674396982,2023-01-22 15:16:22,58.008023,56.234411,58.00819896273859,56.23476395501453,28.55136751134135,"https://sun9-36.userapi.com/s/v1/ig2/9Y1D99vE7V_i2BuivTQ5oi49o8KaQGd5UFj6tvwEBKsZjtQ36S7lYJnEEkOmOKn-6piitg08clgnkdeAcTbH3-Yn.jpg?quality=95&as=32x43,48x64,72x96,108x144,160x213,240x320,360x480,480x640,540x720,640x853,720x960,1080x1440,1280x1707,1344x1792&from=bu&cs=1344x0",,False,,synagogue,False,False,,,,,,,,,,,,,,,
457257038,-7,-170690865,-170690865,1683031263,2023-05-02 14:41:03,58.008009,56.2342,58.00819896273859,56.23476395501453,39.36945999234532,"https://sun9-77.userapi.com/s/v1/ig2/KTyTt44pd-105VlOAruhGcAtJTCkIfzqvVDK-LxnyHwGS9tv59MJQnwUkbuVs83gBDkNqJBzmPTsVJsnBbd3IYWL.jpg?quality=95&as=32x43,48x64,72x96,108x144,160x213,240x320,360x480,480x640,540x720,640x853,720x960,1080x1440,1280x1707,1398x1864&from=bu&cs=1398x0",,False,,synagogue,False,False,,,,,,,,,,,,,,,
457255296,-7,-170690865,-170690865,1673436309,2023-01-11 12:25:09,58.007715,56.234399,58.00819896273859,56.23476395501453,57.95011791683787,"https://sun9-25.userapi.com/s/v1/ig2/go7RrN5OLr56Qk1CZaYLZvIOTFhlMrIIcGEvW56wkMIA0Yy6BU2Naxlj3q0MXfqAl5W99pcmjDQZdv3nco26PDf9.jpg?quality=95&as=32x43,48x64,72x96,108x144,160x213,240x320,360x480,480x640,540x720,640x853,720x960,1080x1440,1280x1707,1344x1792&from=bu&cs=1344x0",,False,,synagogue,True,False,,,,,,,,,,,,,,,
457247823,-7,-160596758,-160596758,1679293921,2023-03-20 07:32:01,58.007302,56.234691,58.00819896273859,56.23476395501453,99.8302653682451,"https://sun9-77.userapi.com/s/v1/ig2/9akprixWINiysXe3OJ-IIQli8Xoy8BjgqWQZEwgdenXyyFILbpNqPPJBGF-8ooPC7uRwLuC6WrwQyMkb3gwza3Qg.jpg?quality=95&as=32x43,48x64,72x96,108x143,160x213,240x319,360x478,480x638,540x717,640x850,720x957,1080x1435,1280x1700,1440x1913,1927x2560&from=bu&cs=1927x0",,False,21174.0,synagogue,False,False,,,,,,,,,,,,,,,
399023940,-7,246075307,246075307,1453488296,2016-01-22 19:44:56,58.008836,56.235163,58.00819896273859,56.23476395501453,74.6341819364846,"https://sun9-72.userapi.com/s/v1/ig1/9HbFz6OXovFN76p8BYTGGqFZrK3wFgYw8Bo_Ej8KMEajmsqABVDT1nQEETVBHYKuwflttS62.jpg?quality=96&as=32x43,48x64,72x96,108x144,160x213,240x320,360x480,480x640,540x720,640x853,720x960,1080x1440,1280x1707,1440x1920,1620x2160&from=bu&cs=1620x0",,False,,synagogue,False,False,,,,,,,,,,,,,,,
457239199,-7,558593013,558593013,1571735986,2019-10-22 11:19:46,58.008626,56.236115,58.00819896273859,56.23476395501453,92.67927810984544,"https://sun9-85.userapi.com/s/v1/ig1/deJPZp85_cSdoJxWrNpAXsambsf5GP9959grNSO0gCSTTf8phBIteDF7v0oe2S5KBpWKg_GB.jpg?quality=96&as=32x43,48x64,72x96,108x144,160x213,240x320,360x480,480x640,540x720,640x853,720x960,966x1288&from=bu&cs=966x0",,False,,synagogue,False,False,,,,,,,,,,,,,,,
457248963,236578038,-20170464,-20170464,1571925511,2019-10-24 15:58:31,58.007506,56.235695,58.00819896273859,56.23476395501453,94.5819301235133,"https://sun9-41.userapi.com/s/v1/ig1/iHs8fh3eoAhz7i7hTLuAJuKrYtQb7lcPK5wPsgID73_-LvlwoMXo4UWQbQOICYva4z-Nnk7X.jpg?quality=96&as=32x32,48x48,72x72,108x108,160x160,240x240,360x360,480x480,540x540,640x640,720x720,1080x1080,1280x1280,1440x1440,2160x2160&from=bu&cs=2160x0","Фетровые основы для резинок 
белые 3см 10шт/6руб
белые 4см 10шт/12руб
черные 4см 10шт/12руб

фиксаторы шт/3руб",False,,synagogue,False,False,,,,,,,,,,,,,,,
457257060,-7,-170690865,-170690865,1683121484,2023-05-03 15:44:44,58.007813,56.233989,58.00819896273859,56.23476395501453,62.658750872493414,"https://sun9-45.userapi.com/s/v1/ig2/DgPKy96_eCcA8fWlTlYGYjznnZstVU8PP02H2ceFsC8jGgWPU5DHbIcd_n0V6lJq0Ov6W6zFZQmlua2vqBFnL7dF.jpg?quality=95&as=32x43,48x64,72x96,108x144,160x213,240x320,360x480,480x640,540x720,640x853,720x960,1080x1440,1280x1707,1398x1864&from=bu&cs=1398x0",,False,,synagogue,True,False,,,,,,,,,,,,,,,
456239093,-7,-166810589,-166810589,1536330915,2018-09-07 16:35:15,58.007783,56.255003,58.00763133477656,56.255145877976155,18.84826178994875,"https://sun9-82.userapi.com/s/v1/if1/1LJ9XddYQsIE5KI2uWHdeYVMMUIyeQRFwVKc_CRCCC_yLU1MPcEDr1ToGqJhLg-mnvJ4uZ6P.jpg?quality=96&as=32x24,48x36,72x54,108x81,160x120,240x180,360x270,480x360,540x405,640x480,720x540,1080x810,1280x960,1440x1080,2560x1920&from=bu&cs=2560x0",,False,,or avner habad community center,True,True,,,,,,,,,,,,,,,
457239274,-7,297066504,297066504,1656518203,2022-06-29 17:56:43,58.00761,56.234875,58.00819896273859,56.23476395501453,65.81559026681253,"https://sun9-79.userapi.com/s/v1/ig2/Ink8gUxMwMCbHFEcTeF71zE4zHByn6saRxoEEUZQE7ezG0MMyb0uJeVeXSJIXcHHIBp4CcKamTG_q5FeAE-Scend.jpg?quality=95&as=32x57,48x85,72x128,108x192,160x284,240x427,360x640,480x853,540x960,640x1138,720x1280,900x1600&from=bu&cs=900x0",,False,,synagogue,False,False,,,,,,,,,,,,,,,
457257362,-7,-170690865,-170690865,1685104371,2023-05-26 14:32:51,58.007715,56.234399,58.00819896273859,56.23476395501453,57.95011791683787,"https://sun9-64.userapi.com/s/v1/ig2/utdjDy1VJpVE3CB8JVoae72P5FVq-0eZcERY4DZbLCMpv6y3p9lPQrKRbxbIb1XlIaWD1ezuzGge0mwN7wdJtT0B.jpg?quality=95&as=32x43,48x64,72x96,108x144,160x213,240x320,360x480,480x640,540x720,640x853,720x960,1080x1440,1280x1707,1398x1864&from=bu&cs=1398x0",,False,,synagogue,True,False,,,,,,,,,,,,,,,
401590415,-7,261660768,261660768,1455637175,2016-02-16 16:39:35,58.007989,56.235773,58.00819896273859,56.23476395501453,63.864272403377186,"https://sun9-39.userapi.com/s/v1/ig1/5otuP4_GTi8i-Wa_OmLbUDAFvhyIMshNBsEXxYbGtADKNHJ7FLR1nM80LA__pxdgcStTEGCa.jpg?quality=96&as=32x43,48x64,72x96,108x144,160x213,240x320,360x480,480x640,540x720,640x853,720x960&from=bu&cs=720x0",,False,,synagogue,True,False,,,,,,,,,,,,,,,
457257458,-7,-170690865,-170690865,1685633700,2023-06-01 17:35:00,58.008002,56.234094,58.00819896273859,56.23476395501453,45.137191352424544,"https://sun9-21.userapi.com/s/v1/ig2/BXr1bArKFbBcmzrNdaJidf5_BGCfOKr65JKkdgobRIPQDhNA4vkpQtlvulXdVp6fHE4vj9nzHfXuwZuHCBF2PIju.jpg?quality=95&as=32x43,48x64,72x96,108x144,160x213,240x320,360x480,480x640,540x720,640x853,720x960,1080x1440,1280x1707,1398x1864&from=bu&cs=1398x0",,False,,synagogue,False,False,,,,,,,,,,,,,,,
456239044,-7,412631202,412631202,1486822834,2017-02-11 15:20:34,58.007694,56.234597,58.00819896273859,56.23476395501453,57.00421853451046,"https://sun9-25.userapi.com/s/v1/if1/l2jEz--xsinnt7KgPW5I-MwaAT44BukGIkHtmEpe0AG0y6zscT0AFsZ6_jENny-qhhFNCkRq.jpg?quality=96&as=32x24,48x36,72x54,108x81,160x120,240x180,360x270,480x360,540x405,640x480,720x540,1080x810,1280x960,1440x1080,1600x1200&from=bu&cs=1600x0",,False,,synagogue,True,False,,,,,,,,,,,,,,,
457248526,185616862,34473694,34473694,1622780936,2021-06-04 06:28:56,58.008358,56.255425,58.00763133477656,56.255145877976155,82.45766059954795,"https://sun9-66.userapi.com/s/v1/ig2/uUU38eSszeuX6Qjtm8gnib79VhDFtpusIicnlZ-epSMrrdLni9CScSvCSkiIThsi9mecolu3bO-ihKc_qWpGg6Jv.jpg?quality=96&as=32x43,48x64,72x96,108x144,160x213,240x320,360x480,480x640,540x720,640x853,720x960,1080x1440,1104x1472&from=bu&cs=1104x0",,False,,or avner habad community center,False,False,,,,,,,,,,,,,,,
457242251,273583808,-198654004,-198654004,1626182386,2021-07-13 15:19:46,58.008092,56.233578,58.00819896273859,56.23476395501453,70.87085283344912,"https://sun9-57.userapi.com/s/v1/ig2/eUObRuePeIwSdWNFfdVyY8dyWoRhjuaVDIMHYixwYoOuozAdKJ01MkB5cB8CGkJVT5TeecpCY4Z1aFFMkiHDC16U.jpg?quality=96&as=32x43,48x64,72x96,108x144,160x213,240x320,360x480,480x640,540x720,640x853,720x960,1080x1440,1104x1472&from=bu&cs=1104x0",,False,,synagogue,False,False,,,,,,,,,,,,,,,
412258112,-7,363307411,363307411,1462452568,2016-05-05 14:49:28,58.008332,56.235283,58.00819896273859,56.23476395501453,33.96773911249139,"https://sun9-5.userapi.com/s/v1/ig1/gmGchmAH3-2cNvKqpn9CXmiHG5IIpzhngdoRu_JAaBRXyNfjbqeQoWSDFKWhZlXnmXsQzLqw.jpg?quality=96&as=32x43,48x64,72x96,108x144,160x213,240x320,360x480,480x640,540x720,640x853,720x960&from=bu&cs=720x0",Любимочка моя,False,8.0,synagogue,False,False,,,,,,,,,,,,,,,
457255207,-7,-170690865,-170690865,1673007458,2023-01-06 13:17:38,58.008114,56.234411,58.00819896273859,56.23476395501453,22.83853256185169,"https://sun9-71.userapi.com/s/v1/ig2/xfwv2Uy5-T3UopG4nP3K-8J1KpFLupD9p9u5N1PwGsIsFeTuzi5N2r0ILn_lGVuNYVFpkkI3F9kXIFiOO2u82pRr.jpg?quality=95&as=32x43,48x64,72x96,108x144,160x213,240x320,360x480,480x640,540x720,640x853,720x960,1080x1440,1280x1707,1344x1792&from=bu&cs=1344x0",,False,,synagogue,True,False,,,,,,,,,,,,,,,
398542188,-7,261660768,261660768,1453887697,2016-01-27 10:41:37,58.007968,56.235971,58.00819896273859,56.23476395501453,75.60386350871407,"https://sun9-15.userapi.com/s/v1/ig1/FkcGX-uWCUFYGlQD2-Wofz9cBkv_GPKXd2OyQkahsu986soRpE3dQbCpSPt5apRB0UKM61kT.jpg?quality=96&as=32x43,48x64,72x96,108x144,160x213,240x320,360x480,480x640,540x720,640x853,720x960&from=bu&cs=720x0",,False,,synagogue,True,False,,,,,,,,,,,,,,,
380098940,132974811,135864381,135864381,1442072611,2015-09-12 17:43:31,58.009004,56.235123,58.00819896273859,56.23476395501453,91.981012872098,"https://sun9-15.userapi.com/s/v1/if1/3x72BwKY1knSXc1X5rRZf543upPu4fufIF-vGSn0nSfdeLDlPpwHWm9L4GpW4pwtSrg35jWF.jpg?quality=96&as=32x24,48x36,72x54,108x81,160x120,240x180,360x270,480x360,540x405,640x480,720x540,960x720&from=bu&cs=960x0",,False,,synagogue,False,False,,,,,,,,,,,,,,,
457243315,-7,-194619161,-194619161,1689223912,2023-07-13 06:51:52,58.007407,56.234902,58.00819896273859,56.23476395501453,88.43695146676781,"https://sun9-14.userapi.com/s/v1/ig2/uxmJ971YLzn2h2Udf6a4G-Wsti07WVOHQ4FfBuUr_don5qgL-hH9tfa1ttrBKX6f0szUOShVaRLvK3oDCySakD18.jpg?quality=95&as=32x43,48x64,72x96,108x144,160x213,240x320,360x480,480x640,540x720,640x853,720x960,1080x1440,1280x1707,1440x1920,1920x2560&from=bu&cs=1920x0",,False,,synagogue,False,False,,,,,,,,,,,,,,,
456239052,-7,-75252175,-75252175,1478875335,2016-11-11 15:42:15,58.007835,56.235681,58.00819896273859,56.23476395501453,67.50182802548635,"https://sun9-42.userapi.com/s/v1/ig1/a09MqDbHZYQOSTFY48N5ud3w9Fbmt0MLrreXhI5JBRv40CSGRpQkgGoSBGAkk2KbzJx93NOa.jpg?quality=96&as=32x32,48x48,72x72,108x108,160x160,240x240,360x360,480x480,540x540,640x640,720x720,960x960&from=bu&cs=960x0",,False,,synagogue,True,False,,,,,,,,,,,,,,,
456241758,254474562,-101303987,25345202,1532067058,2018-07-20 08:10:58,58.007314,56.253761,58.00763133477656,56.255145877976155,88.88967884042967,"https://sun9-2.userapi.com/s/v1/if1/djPYDC-8BJgUof81ULiKtmSwfMc_Bx9oDn1razV9Og9tiEvwP6AlJL6vBtDjZIfVA5cOOFrb.jpg?quality=96&as=32x18,48x27,72x40,108x61,160x90,240x135,360x202,480x270,540x304,640x360,720x405,1080x607,1280x720,1440x810,2560x1440&from=bu&cs=2560x0",,False,,or avner habad community center,False,False,,,,,,,,,,,,,,,
457253837,-7,-119441997,-119441997,1741957265,2025-03-14 14:01:05,58.008696,56.235797,58.00819896273859,56.23476395501453,82.20793038009836,"https://sun9-59.userapi.com/s/v1/if2/5C9rfb1ZOe9w5MUlN6e21IsSWv4i4Co1L3nG7UlrMhFOfXzzoX2L3v8QfZgh2KKKvHTBbRzI42g4ywZmNKslkZ-e.jpg?quality=95&as=32x18,48x27,72x40,108x61,160x90,240x135,360x202,480x270,540x304,640x360,720x405,1080x607,1280x720,1440x810,2560x1440&from=bu&cs=2560x0",,False,,synagogue,False,False,,,,,,,,,,,,,,,
457244080,-7,477362616,477362616,1614782514,2021-03-03 15:41:54,58.008302,56.233142,58.00819896273859,56.23476395501453,96.23504449580528,"https://sun9-86.userapi.com/s/v1/ig2/rEM2R6ul44b3Cs0mQs3mwHyrtD9UQsSZNlSDU7aib64_3l5AO2z3r38WCoYwthMxsnvoNcVXshOpRlqAia7e-aYg.jpg?quality=96&as=32x43,48x64,72x96,108x144,160x213,240x320,360x480,480x640,540x720,640x853,720x960,1080x1440,1218x1624&from=bu&cs=1218x0",,False,,synagogue,False,False,,,,,,,,,,,,,,,
457253112,-7,-170690865,-170690865,1661259599,2022-08-23 14:59:59,58.008016,56.234306,58.00819896273859,56.23476395501453,33.78969930208058,"https://sun9-82.userapi.com/s/v1/ig2/kJlXHVrxe5gLR8POdZdP0BO732qnChWDDnHXwNkdPKd2JuYJQ8UHEeJvp6mgYM-1_OV9e17UAxLUa3itDt1cY-NB.jpg?quality=95&as=32x43,48x64,72x96,108x144,160x214,240x320,360x481,480x641,540x721,640x855,720x961,1080x1442,1280x1709,1342x1792&from=bu&cs=1342x0",,False,,synagogue,False,False,,,,,,,,,,,,,,,
457239106,293285421,-216111863,-216111863,1678087956,2023-03-06 08:32:36,58.008204,56.233208,58.00819896273859,56.23476395501453,91.664320347806,"https://sun9-32.userapi.com/s/v1/if2/y-LSiUNGavekQGO4K5wIrq71GuIOxg1CqsYj2C3ebSmVC9RFUMquG3MkPsGyOU2qgBMlWJ61V_p3RSEbmaBn6xXT.jpg?quality=95&as=32x30,48x45,72x68,108x102,160x151,240x227,360x340,480x454,540x511,640x605,720x681,1080x1021,1280x1210,1440x1362,2560x2421&from=bu&cs=2560x0",,False,,synagogue,False,False,,,,,,,,,,,,,,,
456245052,-7,212470699,212470699,1524394662,2018-04-22 12:57:42,58.009017,56.234131,58.00819896273859,56.23476395501453,98.30751741077076,"https://sun9-75.userapi.com/s/v1/ig1/MAf87XkmaoSvE9qF6rCD4pdfenaKK3ULlpZPKpeOEikJ1QN4L7VT7kg5baelRyEylE8ci0oK.jpg?quality=96&as=32x43,48x64,72x96,108x144,160x213,240x320,360x480,480x640,540x720,640x853,720x960&from=bu&cs=720x0",,False,14854.0,synagogue,False,False,,,,,,,,,,,,,,,
457255575,-7,-170690865,-170690865,1675343293,2023-02-02 14:08:13,58.0081,56.2342,58.00819896273859,56.23476395501453,34.99809122761084,"https://sun9-45.userapi.com/s/v1/ig2/7paEV97pk9jh0scodZbQpM2rP5IurFSWZAZ4u3-4JzZFRRlzFcY9gvbe2AG6orIOlKJVc0_Sf3JaTHL7_NWNJ6wR.jpg?quality=95&as=32x43,48x64,72x96,108x144,160x213,240x320,360x480,480x640,540x720,640x853,720x960,1080x1440,1280x1707,1344x1792&from=bu&cs=1344x0",,False,,synagogue,False,False,,,,,,,,,,,,,,,
457239037,-7,692901053,692901053,1639645585,2021-12-16 10:06:25,58.008427,56.25442,58.00763133477656,56.255145877976155,98.2662214048622,"https://sun9-69.userapi.com/s/v1/ig2/HGTyNMj0I7Wizd4XJzUe4v-IyQXwfHVFoVSXhe1NA0OP2ZiM0qdMEAJ6Hdj4d7vl_vagbKgjsPlg-vMBuhDMrcln.jpg?quality=96&as=32x43,48x64,72x96,108x144,160x213,240x320,360x480,480x640,540x720,640x853,720x960,1080x1440,1200x1600&from=bu&cs=1200x0",,False,,or avner habad community center,False,False,,,,,,,,,,,,,,,
457248622,-7,-170690865,-170690865,1652179412,2022-05-10 12:43:32,58.007932,56.23424,58.00819896273859,56.23476395501453,42.824634741370105,"https://sun9-21.userapi.com/s/v1/ig2/qk-_LtfbI5simSSwnqdwWDDUoFxvoEAGNDbocqf8Gta4AjQ3Km0_bzCn3pu7JUoSRd1c2eG5tn5auV-CnSV2UlCt.jpg?quality=96&as=32x43,48x64,72x96,108x144,160x213,240x320,360x480,480x640,540x720,640x853,720x960,1080x1440,1280x1707,1344x1792&from=bu&cs=1344x0",,False,,synagogue,True,False,,,,,,,,,,,,,,,
457245588,-7,-170690865,-170690865,1650268657,2022-04-18 09:57:37,58.007771,56.234385,58.00819896273859,56.23476395501453,52.56369058928058,"https://sun9-25.userapi.com/s/v1/ig2/57dMqj90ncfue_ZDgf8vUblYoBg3Bt6PZ_oNDmzj2Jvb5KOj_rHGzHRX7Q77zK5DIyyfirrCWJxCDHjx_p3W2HXM.jpg?quality=96&as=32x43,48x64,72x96,108x144,160x213,240x320,360x480,480x640,540x720,640x853,720x960,1080x1440,1280x1707,1344x1792&from=bu&cs=1344x0",,False,,synagogue,True,False,,,,,,,,,,,,,,,
456239942,-7,-53272954,-53272954,1553599395,2019-03-26 12:23:15,58.008485,56.234,58.00819896273859,56.23476395501453,55.1096126663283,"https://sun9-64.userapi.com/s/v1/ig1/0gR5MCjsGb4KbRFb7zLDhiAXAx4YIZDZc5e_BJ3LRpYJQHDp1CJ4Au3TCIl3ZVNC1b2D4w.jpg?quality=96&as=32x40,48x60,72x90,108x135,160x200,240x300,360x450,480x600,540x675,640x800,720x900,1080x1350,1280x1600,1440x1800,1536x1920&from=bu&cs=1536x0",,False,,synagogue,False,False,,,,,,,,,,,,,,,
456245221,-7,212470699,212470699,1524750507,2018-04-26 15:48:27,58.008828,56.234026,58.00819896273859,56.23476395501453,82.35486930298175,"https://sun9-47.userapi.com/s/v1/ig1/mAw1NnYLnoHsrDXyR_jJ63ME6dvbhJ2nUIzWTFbn4AfO9xewOBEJwhNllR011vett-s6rKZ2.jpg?quality=96&as=32x32,48x48,72x72,108x108,160x160,240x240,360x360,480x480,540x540,640x640,720x720,960x960&from=bu&cs=960x0",,False,,synagogue,False,False,,,,,,,,,,,,,,,
457254579,-7,-170690865,-170690865,1668684643,2022-11-17 12:30:43,58.007813,56.234504,58.00819896273859,56.23476395501453,45.567571879464026,"https://sun9-66.userapi.com/s/v1/ig2/4XsOax23hFrcZGRqusIlkqTVspGI-YWgb9GtjXRr2ouIGC44tx_4VUQt7bsM5YG0zUN2paqYW709JdoeoQHIg8mX.jpg?quality=95&as=32x43,48x64,72x96,108x144,160x213,240x320,360x480,480x640,540x720,640x853,720x960,1080x1440,1280x1707,1344x1792&from=bu&cs=1344x0",,False,,synagogue,True,False,,,,,,,,,,,,,,,
457256593,-7,-170690865,-170690865,1681221521,2023-04-11 15:58:41,58.007603,56.234426,58.00819896273859,56.23476395501453,69.19418746572408,"https://sun9-2.userapi.com/s/v1/ig2/OLEGvKPOvgMS-IGVg3ZDLnWnuRE2mkYabyLTsDm94YEbIBNNMeFS3Iot0BDpotj93kdxo6hLSGQigBLim252YFmj.jpg?quality=95&as=32x43,48x64,72x96,108x144,160x214,240x320,360x481,480x641,540x721,640x855,720x961,1080x1442,1280x1709,1342x1792&from=bu&cs=1342x0",,False,,synagogue,False,False,,,,,,,,,,,,,,,
457256113,-7,-170690865,-170690865,1678457556,2023-03-10 15:12:36,58.007603,56.234426,58.00819896273859,56.23476395501453,69.19418746572408,"https://sun9-15.userapi.com/s/v1/ig2/9p-rvKFiE3U7myT_LiVlhTFe5nhsnXpiBMNOFSuq7Ha0mvvAILZgL0dnUZAOREBtytaYbU-iu3qFms2Ec8fj3mpZ.jpg?quality=95&as=32x43,48x64,72x96,108x144,160x214,240x320,360x481,480x641,540x721,640x855,720x961,1080x1442,1280x1709,1342x1792&from=bu&cs=1342x0",,False,,synagogue,False,False,,,,,,,,,,,,,,,
457239236,-7,-195889082,-195889082,1595435625,2020-07-22 18:33:45,58.007422,56.235457,58.00819896273859,56.23476395501453,95.5558898557505,"https://sun9-15.userapi.com/s/v1/ig1/LRiD7Rm6myHdRz-b78IS67PeDHfmuFLijHS7KDIGmM8fKARNSAd0cqAJ9rCye5v9fv9lARBC.jpg?quality=96&as=32x43,48x64,72x96,108x144,160x213,240x320,360x480,480x640,540x720,640x854,720x960,1080x1441,1216x1622&from=bu&cs=1216x0",,False,,synagogue,False,False,,,,,,,,,,,,,,,
457240578,282454029,643202033,643202033,1652157655,2022-05-10 06:40:55,58.008947,56.23462,58.00819896273859,56.23476395501453,83.60914220503112,"https://sun9-3.userapi.com/s/v1/ig2/7a62VWwd5spwLo2PX7AyKEgb6APplMZuj2CCagJbsQnYI6-KDUcrcQx4ZOM0NEbg5JLuqIByQtQG4sPQSabjZpYJ.jpg?quality=96&as=32x43,48x64,72x96,108x144,160x213,240x320,360x480,480x640,540x720,640x853,720x960,1080x1440,1280x1707,1440x1920,1620x2160&from=bu&cs=1620x0",,False,,synagogue,False,False,,,,,,,,,,,,,,,
457255332,-7,-170690865,-170690865,1673702753,2023-01-14 14:25:53,58.007904,56.234332,58.00819896273859,56.23476395501453,41.51239618653149,"https://sun9-76.userapi.com/s/v1/ig2/woFle75_HdgQqLrTvvmdVPNwQPXEmtmYM2iovBVATkntyqtXv5HkIs6oFeSnHcaC2pfPGW8h5BVC7IEU1D0qiYSA.jpg?quality=95&as=32x43,48x64,72x96,108x144,160x213,240x320,360x480,480x640,540x720,640x853,720x960,1080x1440,1280x1707,1344x1792&from=bu&cs=1344x0",,False,,synagogue,True,False,,,,,,,,,,,,,,,
457255198,-7,-39004558,-39004558,1681298014,2023-04-12 13:13:34,58.008311,56.235481,58.00819896273859,56.23476395501453,44.04042022475451,"https://sun9-55.userapi.com/s/v1/ig2/BeOenNgdGMYyS4JEdK3BdQLCPIwIjRRRtlhoChSsXvHzrwOi76cfbdwHPTom8dLoH2amFMOrI_LQzz0Gno1mcFVM.jpg?quality=95&as=32x43,48x64,72x96,108x144,160x213,240x320,360x480,480x640,540x720,640x853,720x960,1080x1440,1280x1707,1440x1920,1920x2560&from=bu&cs=1920x0",,False,,synagogue,False,False,,,,,,,,,,,,,,,
456273267,-7,-96797607,-96797607,1548755922,2019-01-29 10:58:42,58.008681,56.234727,58.00819896273859,56.23476395501453,53.64429125475994,"https://sun9-61.userapi.com/s/v1/ig1/KGDF6RmhZJainPES2RwEcisof6ogsyMhEQfh4Qs9HqO6ta2pOOiBtKOavwFCKaauH1p7v6BM.jpg?quality=96&as=32x32,48x48,72x72,108x108,160x160,240x240,360x360,480x480,540x540,640x640,720x720,750x750&from=bu&cs=750x0",,False,,synagogue,False,False,,,,,,,,,,,,,,,
457242110,273583808,-198654004,-198654004,1624185920,2021-06-20 12:45:20,58.008274,56.233406,58.00819896273859,56.23476395501453,80.43213323478794,"https://sun9-11.userapi.com/s/v1/ig2/UY3e3Y-sxbhLaIXShz6qs_GYBtyn88FazxWqrr4HCWkBocvfR-daszq_uwt-gIUSBsFOYkQ1x8oTI2G5emI1CHt1.jpg?quality=96&as=32x43,48x64,72x96,108x144,160x213,240x320,360x480,480x640,540x720,640x853,720x960,1080x1440,1104x1472&from=bu&cs=1104x0",,False,,synagogue,False,False,,,,,,,,,,,,,,,
457255649,-7,-170690865,-170690865,1675692997,2023-02-06 15:16:37,58.008016,56.234306,58.00819896273859,56.23476395501453,33.78969930208058,"https://sun9-38.userapi.com/s/v1/ig2/gbd05sC3HfHgc2F3AQCtaqrAr5M_Hpvacdn9e3ygxKMzip9whHkaXNL2R9It_Kdz75ZNXhL_sguwKuFG3BJTYpyX.jpg?quality=95&as=32x43,48x64,72x96,108x144,160x213,240x320,360x480,480x640,540x720,640x853,720x960,1080x1440,1280x1707,1344x1792&from=bu&cs=1344x0",,False,,synagogue,False,False,,,,,,,,,,,,,,,
457243070,-7,-194619161,-194619161,1685868922,2023-06-04 10:55:22,58.007505,56.234835,58.00819896273859,56.23476395501453,77.2785573460762,"https://sun9-70.userapi.com/s/v1/ig2/MRlNMGTsdqrZzTO0k8SV-bu13mrLetEwMM861wFpXWvBVK9II_t8-CD0wrBBao35PYv10wGuT8KMUYRdZGr3XeOb.jpg?quality=95&as=32x43,48x64,72x96,108x144,160x213,240x320,360x480,480x640,540x720,640x853,720x960,1080x1440,1280x1707,1440x1920,1920x2560&from=bu&cs=1920x0",,False,,synagogue,False,False,,,,,,,,,,,,,,,
457272338,-7,-102792364,-102792364,1622098456,2021-05-27 08:54:16,58.008302,56.255438,58.00763133477656,56.255145877976155,76.53447163598608,"https://sun9-35.userapi.com/s/v1/ig2/S7NUIMeY7e8VYKn_JYvEKAyuvN4iLl4rN3eNO6nSW2wATdE1Qd6-ommNql_XAWE2Y9-mrO1br-D-vlgIUbkZgM0j.jpg?quality=96&as=32x43,48x64,72x96,108x144,160x213,240x320,360x480,480x640,540x720,640x853,720x960,1080x1440,1218x1624&from=bu&cs=1218x0",,False,,or avner habad community center,False,False,,,,,,,,,,,,,,,
456240542,-7,261660768,261660768,1492937735,2017-04-23 10:55:35,58.008024,56.235786,58.00819896273859,56.23476395501453,63.27480350008265,"https://sun9-31.userapi.com/s/v1/if1/urvC32XxLfwyZwhn8mUYO-MkNGgw4WQdhYrkeuUQYrygGWxVPnLjtMaD8MaQFSfn8jI3HJDj.jpg?quality=96&as=32x27,48x40,72x60,108x90,160x133,240x199,360x299,480x399,540x449,640x532,720x598,959x797&from=bu&cs=959x0",,False,,synagogue,True,False,,,,,,,,,,,,,,,
456239139,-7,-39105410,-39105410,1479124416,2016-11-14 12:53:36,58.008954,56.234039,58.00819896273859,56.23476395501453,94.19433282992053,"https://sun9-36.userapi.com/s/v1/ig1/9TLsj7kF-vvX-zM8vcd0KsUftf8FeOqhzFcQLoN_DQSFm2HlX-ISJng20E_ziWMkRs0-nU-x.jpg?quality=96&as=32x32,48x48,72x72,108x108,160x160,240x240,360x360,480x480,540x540,640x640,720x720,960x960&from=bu&cs=960x0",,False,,synagogue,False,False,,,,,,,,,,,,,,,
439144566,-7,-39105410,-39105410,1478165298,2016-11-03 10:28:18,58.008947,56.234105,58.00819896273859,56.23476395501453,91.7905245256942,"https://sun9-49.userapi.com/s/v1/ig1/8AmU3QO4_oXUpPggHQzlpPQCsGkPiIqLOroZz3Z-PryI5xTKd7eUFJog0d9KBQZriKYHtw.jpg?quality=96&as=32x32,48x48,72x72,108x108,160x160,240x240,360x360,480x480,540x540,640x640,720x720,960x960&from=bu&cs=960x0",,False,,synagogue,False,False,,,,,,,,,,,,,,,
456240029,-7,-143272825,-143272825,1532076871,2018-07-20 10:54:31,58.008239,56.233221,58.00819896273859,56.23476395501453,91.00568200176838,"https://sun9-54.userapi.com/s/v1/if1/8VT-ITTPkn9aE6kcycUMvL5VKvvc0dcryJawNcDVNnALuvx1yda9riJtPDP0AHv5N3TOxzLR.jpg?quality=96&as=32x24,48x36,72x54,108x81,160x120,240x180,360x269,480x359,540x404,640x479,720x539,1080x808,1280x957,1440x1077,2560x1915&from=bu&cs=2560x0",,False,,synagogue,False,False,,,,,,,,,,,,,,,
457255437,-7,-170690865,-170690865,1674292160,2023-01-21 10:09:20,58.007701,56.234703,58.00819896273859,56.23476395501453,55.48724836944938,"https://sun9-46.userapi.com/s/v1/ig2/5HlzqO8QNU4cjVSK5Nf-CW-WalSuusUuhreDB79JBSf6ITs8KARqUTZBQoubJgcTYEeJ4WQNli137KOxCUv2PADI.jpg?quality=95&as=32x43,48x64,72x96,108x144,160x213,240x320,360x480,480x640,540x720,640x853,720x960,1080x1440,1280x1707,1344x1792&from=bu&cs=1344x0",,False,,synagogue,True,False,,,,,,,,,,,,,,,
457239850,-7,52525173,52525173,1580456440,2020-01-31 08:40:40,58.008954,56.234383,58.00819896273859,56.23476395501453,86.90404047170486,"https://sun9-34.userapi.com/s/v1/ig1/O0kPbI9tVHNKhXzJt0wdYo8bAmYo4M_kEr7bEYbZyW0cFT08cFA2WStzy_BzLhNH4edD92HP.jpg?quality=96&as=32x43,48x64,72x96,108x144,160x213,240x320,360x480,480x640,540x720,640x853,720x960,1080x1440,1280x1707,1440x1920&from=bu&cs=1440x0",,False,,synagogue,False,False,,,,,,,,,,,,,,,
457253468,-7,-170690865,-170690865,1662636270,2022-09-08 13:24:30,58.007812,56.233817,58.00819896273859,56.23476395501453,70.45236637341944,"https://sun9-82.userapi.com/s/v1/ig2/M_Q53sHbuCpSuqwTw9gc_i3KvA53VCKm-orm8eVL17D28sTUqxlsP6vmKvXoIhUe2Vrq7MbBoOZdZKJRUV1PFLZ5.jpg?quality=95&as=32x43,48x64,72x96,108x144,160x213,240x320,360x480,480x640,540x720,640x853,720x960,1080x1440,1280x1707,1344x1792&from=bu&cs=1344x0",,False,,synagogue,True,False,,,,,,,,,,,,,,,
355934691,-7,221807643,221807643,1425910425,2015-03-09 15:13:45,58.008822,56.235638,58.00819896273859,56.23476395501453,86.31784552733669,"https://sun9-45.userapi.com/s/v1/if1/rf0y8_IhaP0l1IBISCk2n5JmLgykZn6LxHjBkyQVkn0aGYCMiLrY-w41bEfOviT_Uki1ciJL.jpg?quality=96&as=32x24,48x36,72x54,108x81,160x120,240x180,360x270,480x360,540x405,640x480,720x540,960x720&from=bu&cs=960x0",,False,,synagogue,False,False,,,,,,,,,,,,,,,
457240338,-7,-20826401,-20826401,1569838697,2019-09-30 12:18:17,58.007582,56.234624,58.00819896273859,56.23476395501453,69.09680144060825,"https://sun9-81.userapi.com/s/v1/if1/tA1Ed5D5ENZUDee96AremvuS7CH2kSb97729ETnA3MUcu_pxNDa7AYzDv1OQsjIKgfxYhF0C.jpg?quality=96&as=32x21,48x32,72x48,108x72,160x106,240x159,360x238,480x318,540x358,640x424,720x477,1080x715,1280x848,1440x954,1454x963&from=bu&cs=1454x0",,False,,synagogue,False,False,,,,,,,,,,,,,,,
457256088,-7,-170690865,-170690865,1678367561,2023-03-09 14:12:41,58.007596,56.234492,58.00819896273859,56.23476395501453,68.93402153006282,"https://sun9-62.userapi.com/s/v1/ig2/biila4hZBUEGNvOcCrQ69VTQS6uNd9S6T7Oy6Yj4lCEZlyYif8ejmlrb3Yok3lgYFaPVKR-rDvqHzzFZ5pHIk64q.jpg?quality=95&as=32x43,48x64,72x96,108x144,160x214,240x320,360x481,480x641,540x721,640x855,720x961,1080x1442,1280x1709,1342x1792&from=bu&cs=1342x0",,False,,synagogue,False,False,,,,,,,,,,,,,,,
433576392,-7,15586399,15586399,1473281625,2016-09-07 22:53:45,58.008738,56.235401,58.00819896273859,56.23476395501453,70.71762570138534,"https://sun9-77.userapi.com/s/v1/ig1/K96QoUDIfky_ddAbG-3ZNuMNkyKPNQ4iqN3LcJc0tjViUyUj9bBra0B3kwdQ1_llGoQxBt7g.jpg?quality=96&as=32x32,48x48,72x72,108x108,160x160,240x240,360x360,480x480,540x540,640x640,720x720,1080x1080,1280x1280,1440x1440,2133x2133&from=bu&cs=2133x0",,False,34599.0,synagogue,False,False,,,,,,,,,,,,,,,
457257456,-7,-170690865,-170690865,1685633700,2023-06-01 17:35:00,58.008009,56.2342,58.00819896273859,56.23476395501453,39.36945999234532,"https://sun9-75.userapi.com/s/v1/ig2/Pkdfn-L6gjAWi2mtbtp44WKKOyErybsbhC-i-aw9mglaz97SCAk-e8x4jDQEBSq_nXXWCjgP-AKsCOnhOfPYLmiG.jpg?quality=95&as=32x43,48x64,72x96,108x144,160x213,240x320,360x480,480x640,540x720,640x853,720x960,1080x1440,1280x1707,1398x1864&from=bu&cs=1398x0",,False,,synagogue,False,False,,,,,,,,,,,,,,,
457256101,-7,-170690865,-170690865,1678368008,2023-03-09 14:20:08,58.007904,56.234332,58.00819896273859,56.23476395501453,41.51239618653149,"https://sun9-64.userapi.com/s/v1/ig2/uvs2VPmGaDZOvQsOhoxWD8GKzagVms9MVlR1z-ea4im_mOVkHk2miPJttjRAgdXk7IH1mEz7KnfNYl5uNCLoZFSE.jpg?quality=95&as=32x43,48x64,72x96,108x144,160x214,240x320,360x481,480x641,540x721,640x855,720x961,1080x1442,1280x1709,1342x1792&from=bu&cs=1342x0",,False,,synagogue,True,False,,,,,,,,,,,,,,,
411463379,231183861,-12543191,-12543191,1461136625,2016-04-20 09:17:05,58.009003,56.234263,58.00819896273859,56.23476395501453,94.14961214179252,"https://sun9-65.userapi.com/s/v1/ig1/1ddbJiRcido8SD4eu08MdEBJO0StD1Fdmy_Ho3x9HXbgq9lh0YdhEBxzh53BM8Qrqgl7Uial.jpg?quality=96&as=32x32,48x48,72x72,108x108,160x160,240x240,360x360,480x480,540x540,640x640,720x720,960x960&from=bu&cs=960x0",,False,,synagogue,False,False,,,,,,,,,,,,,,,
457313779,301537621,-43730800,-43730800,1731594927,2024-11-14 15:35:27,58.007702,56.235906,58.00819896273859,56.23476395501453,87.06401057124822,"https://sun9-78.userapi.com/s/v1/ig2/Djs2d2eE_40VlIM7BvkVo6X1mM8SpiWGuP7g5ScL4ZHZp2pZAltT-PoCMu7fVZ8JQVLRd9B8ulgFMRyVxYCPk4Uj.jpg?quality=95&as=32x43,48x64,72x96,108x144,160x213,240x320,360x480,480x640,540x720,640x853,720x960,1080x1440,1280x1707,1440x1920,1920x2560&from=bu&cs=1920x0",Продано,False,,synagogue,True,False,,,,,,,,,,,,,,,
358868579,-7,243524378,243524378,1428498685,2015-04-08 15:11:25,58.007506,56.235523,58.00819896273859,56.23476395501453,89.08909651322395,"https://sun9-63.userapi.com/s/v1/ig1/sv5ulim1KqCZStVfvmsmHNDGEYp5aDtDl0eMTtv9VEKzk1z7CG2QCAW0OKfFnOOLBM9yZoIm.jpg?quality=96&as=32x54,48x81,72x122,108x183,160x271,240x407,360x611,480x814,540x916,640x1086,720x1221,807x1369&from=bu&cs=807x0",,False,2137.0,synagogue,False,False,,,,,,,,,,,,,,,
457240148,-7,-194619161,-194619161,1650866205,2022-04-25 07:56:45,58.007842,56.235443,58.00819896273859,56.23476395501453,56.3538374152652,"https://sun9-21.userapi.com/s/v1/ig2/IA-3puph_IZy4nFMaTR1J6n0o6bva9rcHbd3_xlcEBke1j4nb9d0Qc7GhWYlymn4c63u753F_BiHm6_V-o6INCcR.jpg?quality=96&as=32x43,48x64,72x96,108x144,160x213,240x320,360x480,480x640,540x721,640x854,720x961,1080x1441,1280x1708,1388x1852&from=bu&cs=1388x0",,False,,synagogue,True,False,,,,,,,,,,,,,,,
457317721,301537621,-43730800,-43730800,1742207036,2025-03-17 11:23:56,58.007716,56.236117,58.00819896273859,56.23476395501453,96.11256814457457,"https://sun9-50.userapi.com/s/v1/ig2/CwoL00URM1ulOw2aNOMQD4VIY3cM05Sjk5DQN_BaD5I8vdIECX8o4ipAsQvjqnwbk_9gue4vULQsTIOmw_bmPrBU.jpg?quality=95&as=32x43,48x64,72x96,108x144,160x213,240x320,360x480,480x640,540x720,640x853,720x960,1080x1440,1280x1707,1440x1920,1920x2560&from=bu&cs=1920x0",Продано,False,,synagogue,True,False,,,,,,,,,,,,,,,
457253874,-7,-170690865,-170690865,1664958418,2022-10-05 10:26:58,58.007722,56.234505,58.00819896273859,56.23476395501453,55.186284082187015,"https://sun9-88.userapi.com/s/v1/ig2/CPry3_cRtJZmpGnBa0QPMpEB4xYacog5yczIPAA4bePKBoPvY85yjZjOGJz2VMC4hNFerdXz7FYzG5GQIf7Zz6xf.jpg?quality=95&as=32x43,48x64,72x96,108x144,160x213,240x320,360x480,480x640,540x720,640x853,720x960,1080x1440,1280x1707,1344x1792&from=bu&cs=1344x0",,False,,synagogue,True,False,,,,,,,,,,,,,,,
456244953,-7,212470699,212470699,1523539470,2018-04-12 15:24:30,58.008835,56.23396,58.00819896273859,56.23476395501453,85.11749569327313,"https://sun9-17.userapi.com/s/v1/ig1/Cy-22w3Freg-ip2gIwS9cEIGZwAaMxlLlMvZcBSjHY_w0inYx3N8bxsmvGYzL8nky-Sj1OUB.jpg?quality=96&as=32x45,48x67,72x101,108x152,160x225,240x337,360x506,480x675,540x759,640x900,683x960&from=bu&cs=683x0",,False,,synagogue,False,False,,,,,,,,,,,,,,,
457243569,-6,199266018,199266018,1592910728,2020-06-23 13:12:08,58.007442,56.235259,58.00819896273859,56.23476395501453,89.0796698707291,"https://sun9-50.userapi.com/s/v1/ig2/OAZq1TKpiznjjV3gIsvsXXbM4CMpQkehKALrzr-4EM0M7RVXneLnSwgb6s4g-2VpBpSYmFTrjFvQ36a-vI9CH1bF.jpg?quality=96&as=32x43,48x64,72x96,108x144,160x213,240x320,360x480,480x640,540x720,640x853,720x960,1080x1440,1280x1707,1440x1920,1620x2160&from=bu&cs=1620x0",,False,4078.0,synagogue,False,False,,,,,,,,,,,,,,,
457240421,-6,210174323,210174323,1577171450,2019-12-24 08:10:50,58.008717,56.235255,58.00819896273859,56.23476395501453,64.45873535311398,"https://sun9-67.userapi.com/s/v1/ig1/2ymybWq_rhyDFXNpEvsHtUKcVrWvwiLjn7T4jPIjB078sLBViwPJXlqUzeHmQkOOBTJoUch1.jpg?quality=96&as=32x40,48x60,72x90,108x135,160x200,240x300,360x450,480x600,540x675,640x800,720x900,1080x1349,1280x1599,1440x1799,1639x2048&from=bu&cs=1639x0",,False,2628.0,synagogue,False,False,,,,,,,,,,,,,,,
457254255,-7,-170690865,-170690865,1666956149,2022-10-28 13:22:29,58.007694,56.234597,58.00819896273859,56.23476395501453,57.00421853451046,"https://sun9-45.userapi.com/s/v1/ig2/02QoFye3zVAYNPufB2-i2GSF0N8SQmikgWz09cabLcHszhza6QNORWqpMoonMgWtJY5PIgQTY2XFyC67AhVV73X6.jpg?quality=95&as=32x43,48x64,72x96,108x144,160x213,240x320,360x480,480x640,540x720,640x853,720x960,1080x1440,1280x1707,1344x1792&from=bu&cs=1344x0",,False,,synagogue,True,False,,,,,,,,,,,,,,,
457256991,-7,-170690865,-170690865,1682952125,2023-05-01 16:42:05,58.007722,56.234505,58.00819896273859,56.23476395501453,55.186284082187015,"https://sun9-33.userapi.com/s/v1/ig2/R_6v5oISFMRvt4o66vH0vrJWTXYoGmv3le3HuIQuo7VKJxdJXd9AaPJmgiAJH0mdTP7aUi72G84ENj85Rbt81Xpr.jpg?quality=95&as=32x43,48x64,72x96,108x144,160x213,240x320,360x480,480x640,540x720,640x853,720x960,1080x1440,1280x1707,1398x1864&from=bu&cs=1398x0",,False,,synagogue,True,False,,,,,,,,,,,,,,,
457269092,104542910,55649855,55649855,1752240305,2025-07-11 15:25:05,58.007708,56.234121,58.00819896273859,56.23476395501453,66.44574108469159,"https://sun9-88.userapi.com/s/v1/ig2/CvceUFJbalqeVWLEsn4gy491Gl2U4ckT65wSdGWmsf5Zwv3GQaqwDmic6uQPG8GjWVpS8vykrAXE7Egnm9rbwL58.jpg?quality=95&as=32x43,48x64,72x96,108x144,160x213,240x320,360x480,480x640,540x720,640x853,720x960,1080x1440,1280x1707,1440x1920,1920x2560&from=bu&cs=1920x0",,False,,synagogue,True,False,,,,,,,,,,,,,,,
358143358,-7,243524378,243524378,1427876683,2015-04-01 10:24:43,58.007407,56.235417,58.00819896273859,56.23476395501453,96.09912276893724,"https://sun9-9.userapi.com/s/v1/ig1/ivtXB8Itx5wfSCJIGJm68rlnHoh85nPXcFo9KOmvO_hJmOaHuVfire_sJ4BsECsgUwbVFJpU.jpg?quality=96&as=32x49,48x74,72x111,108x167,160x248,240x371,360x557,480x743,540x835,640x990,720x1114,817x1264&from=bu&cs=817x0",,False,,synagogue,False,False,,,,,,,,,,,,,,,
457254080,-7,-170690865,-170690865,1665917966,2022-10-16 12:59:26,58.007806,56.234399,58.00819896273859,56.23476395501453,48.698462152861765,"https://sun9-46.userapi.com/s/v1/ig2/awVfzfavuWkHkbQZMGo4i8zLF0-fzsvay73mcloPBs7vQ87BBCtmHdOGNwBJwZQZXVfX-B1_0MfGEFDJ9p1uxnzU.jpg?quality=95&as=32x43,48x64,72x96,108x144,160x213,240x320,360x480,480x640,540x720,640x853,720x960,1080x1440,1280x1707,1344x1792&from=bu&cs=1344x0",,False,,synagogue,True,False,,,,,,,,,,,,,,,
457250207,295254949,-117758009,-117758009,1691331365,2023-08-06 16:16:05,58.00761,56.235219,58.00819896273859,56.23476395501453,70.76389014246918,"https://sun9-73.userapi.com/s/v1/ig2/yYI4lgiLstD1NJ9xs4ab42Fi8z2yldeQQoSf43HAJplmATmQ0ZILzZLe0kzzDf9PYrVzj69jlztzLC0XcP1mRvet.jpg?quality=95&as=32x43,48x64,72x96,108x144,160x213,240x320,360x480,480x640,540x720,640x853,720x960,1080x1440,1280x1707,1440x1920,1920x2560&from=bu&cs=1920x0",,False,,synagogue,False,False,,,,,,,,,,,,,,,
456239907,-6,158663892,158663892,1520529865,2018-03-08 18:24:25,58.008619,56.235837,58.00819896273859,56.23476395501453,78.5965141099375,"https://sun9-5.userapi.com/s/v1/ig1/xArOuRiHC5XJ9x-wjUD5rhSr-uO889EtyJiwxZcjEcn8xZv5nuowtVr5_WfkrfuTUGFbY4MZ.jpg?quality=96&as=32x43,48x64,72x96,108x144,160x213,240x320,360x480,480x640,540x720,640x853,720x960,1080x1440,1280x1707,1440x1920,1596x2128&from=bu&cs=1596x0",,False,1073.0,synagogue,False,False,,,,,,,,,,,,,,,
457250493,-7,180930841,180930841,1609446289,2020-12-31 21:24:49,58.00742,56.256034,58.00763133477656,56.255145877976155,57.35596308667012,"https://sun9-10.userapi.com/s/v1/if2/eklyFY70yEtlLWCfDFEMBeLa74NDOOfecgsTJg1M1TxwnqF8xY0obPXIYokHP267jSMivIpQB4J-J_C_pJiU1UML.jpg?quality=96&as=32x24,48x36,72x54,108x81,160x120,240x180,360x270,480x360,540x405,640x480,720x540,1080x810,1280x960,1440x1080,1600x1200&from=bu&cs=1600x0",,False,,or avner habad community center,False,False,,,,,,,,,,,,,,,
456240075,197103965,-62300260,-62300260,1538512936,2018-10-02 22:42:16,58.008364,56.254843,58.00763133477656,56.255145877976155,83.3997051178825,"https://sun9-59.userapi.com/s/v1/ig1/Vz3XEn8n16_c6COA7mdXY6cI38sPjDBJYxGQWE9ezInaLa3qjDNMEmTBorra8U3a9AgkmXGs.jpg?quality=96&as=32x43,48x64,72x96,108x144,160x213,240x320,360x480,480x640,540x720,640x853,720x960,1080x1440,1280x1707,1440x1920,1620x2160&from=bu&cs=1620x0",,False,,or avner habad community center,False,False,,,,,,,,,,,,,,,
457247435,-7,137192957,137192957,1670142444,2022-12-04 09:27:24,58.00871,56.235493,58.00819896273859,56.23476395501453,71.22929634911168,"https://sun9-8.userapi.com/s/v1/if2/PsC_C7Or9rP5OVHJqcmN-4gkQqth4nY2gJ_oRqq7AZOcvLJy2abcOcp4F0nR2Zm0PjZ18txFTU9FESWNoWPKAXzM.jpg?quality=95&as=32x24,48x36,72x54,108x81,160x120,240x180,360x270,480x360,540x405,640x480,720x540,1080x810,1280x960,1440x1080,2560x1920&from=bu&cs=2560x0",,False,,synagogue,False,False,,,,,,,,,,,,,,,
456240067,-7,-20826401,-20826401,1543310626,2018-11-27 10:23:46,58.007596,56.234663,58.00819896273859,56.23476395501453,67.30966438609275,"https://sun9-2.userapi.com/s/v1/ig1/W1d_Q25DZhO5tlJ5j0zpx0tJL6p3A24qFHzkXrCioiQS0rxfdWARTktr01Mq5XvRc3rcEPNU.jpg?quality=96&as=32x43,48x64,72x96,108x144,160x213,240x320,360x480,480x640,540x720,640x853,720x960,1080x1440,1280x1707,1440x1920,1620x2160&from=bu&cs=1620x0",,False,,synagogue,False,False,,,,,,,,,,,,,,,
457255720,-7,-53041106,-53041106,1672822978,2023-01-04 10:02:58,58.007611,56.23539,58.00819896273859,56.23476395501453,75.06372741117083,"https://sun9-82.userapi.com/s/v1/ig2/gXJHdjEscvA5kvjkRIV8zGK0Ka-HwVFQUvij9146Sm0cALNipim8qsOrmnuf2VMxwjgxsTY6b4PeG6zFddMbs6O8.jpg?quality=95&as=32x43,48x64,72x96,108x144,160x213,240x320,360x480,480x640,540x720,640x853,720x960,1080x1440,1280x1707,1440x1920&from=bu&cs=1440x0",,False,,synagogue,False,False,,,,,,,,,,,,,,,
457255604,-7,-170690865,-170690865,1675435224,2023-02-03 15:40:24,58.008212,56.234001,58.00819896273859,56.23476395501453,44.969684429141665,"https://sun9-63.userapi.com/s/v1/ig2/aDRRior6xP6A3Eq2qFSfR0cBfp5pxqwZEsd0o_vyhK0aznyqEBC_nuhVUkIVOA2G3tNgCW5lgVQ8eC0yS2d5omMw.jpg?quality=95&as=32x43,48x64,72x96,108x144,160x213,240x320,360x480,480x640,540x720,640x853,720x960,1080x1440,1280x1707,1344x1792&from=bu&cs=1344x0",,False,,synagogue,False,False,,,,,,,,,,,,,,,
457273152,-7,-32557779,-32557779,1638870449,2021-12-07 10:47:29,58.007652,56.235166,58.00819896273859,56.23476395501453,65.26858369733286,"https://sun9-51.userapi.com/s/v1/ig2/-cZfydG-InX4Mv6sk0-DKdxdMQdlYI29epWk0OWCwVXnKDiQ7b_aBcR-P_qDtQ9l2sDAAEgCbfYTpgiKZemm7lh9.jpg?quality=96&as=32x43,48x64,72x96,108x144,160x213,240x320,360x480,480x640,540x721,640x854,720x961,1080x1441,1280x1708,1388x1852&from=bu&cs=1388x0",,False,,synagogue,False,False,,,,,,,,,,,,,,,
456239317,-7,335494011,335494011,1492519738,2017-04-18 14:48:58,58.008619,56.235837,58.00819896273859,56.23476395501453,78.5965141099375,"https://sun9-6.userapi.com/s/v1/ig1/XAOPI8aO9FWdkDaj34zeYcEiXkc_5ntICk8XGSJZ3Bkg835LC2_sR1WNgmFFcMpnqxxCT3u7.jpg?quality=96&as=32x43,48x64,72x96,108x144,160x213,240x320,360x480,480x640,540x720,640x853,720x960,966x1288&from=bu&cs=966x0",,False,88.0,synagogue,False,False,,,,,,,,,,,,,,,
457239614,100960323,59059013,59059013,1612079019,2021-01-31 08:43:39,58.007834,56.235165,58.00819896273859,56.23476395501453,46.95836248694766,"https://sun9-79.userapi.com/s/v1/ig2/uHp7aIJRuon2CU6c8Xm735_wRQc3kZWKhxHaDScCYt20JmC72pKLLD9ohoyO4e5XfMgSm1C25B0NAfByfU-CV0IY.jpg?quality=96&as=32x43,48x64,72x96,108x144,160x213,240x320,360x480,480x640,540x720,640x853,720x960,1080x1440,1280x1707,1440x1920,1620x2160&from=bu&cs=1620x0",,False,,synagogue,True,False,,,,,,,,,,,,,,,
358698841,-7,-70421467,-70421467,1426055235,2015-03-11 07:27:15,58.0081,56.233856,58.00819896273859,56.23476395501453,54.60867493512217,"https://sun9-85.userapi.com/s/v1/if1/J-yLl3O1rkL7z6QxHNSI82svC11PGOkoXUdtxQnOjnXDtO03-UNdCVL01xiSsNsKWQ29tf2e.jpg?quality=96&as=32x24,48x36,72x54,108x81,160x120,240x180,360x270,480x360,540x405,640x480,720x540,960x720&from=bu&cs=960x0",,False,,synagogue,False,False,,,,,,,,,,,,,,,
436195177,-7,-39105410,-39105410,1476630836,2016-10-16 17:13:56,58.008905,56.234158,58.00819896273859,56.23476395501453,86.24234466855995,"https://sun9-66.userapi.com/s/v1/ig1/wPp2bA-JR8q7NUKcn3yOZkKE4deJBe8Fuo-Q5YLtgdR4vNSnJjvsJmd9OYIqv139LuhvjQ.jpg?quality=96&as=32x32,48x48,72x72,108x108,160x160,240x240,360x360,480x480,540x540,640x640,720x720,960x960&from=bu&cs=960x0",,False,,synagogue,False,False,,,,,,,,,,,,,,,
457239287,-7,-188951905,-188951905,1615787775,2021-03-15 06:56:15,58.008863,56.233696,58.00819896273859,56.23476395501453,97.00567628854584,"https://sun9-69.userapi.com/s/v1/ig2/x5BczpxYo0FlieWfHbAAUa4yKMYLtHZJZsj-eyl577FDGYF8yGHqVg7pN8nF44kiJwhusEczIeb8P8JSrfp4QBOW.jpg?quality=96&as=32x40,48x60,72x90,108x135,160x200,240x300,360x450,480x600,540x675,640x800,720x900,1080x1350,1280x1600,1440x1800,1638x2048&from=bu&cs=1638x0",,False,48.0,synagogue,False,False,,,,,,,,,,,,,,,
