photo_id,album_id,owner_id,user_id,date,date_human,lat,long,poi_lat,poi_lon,distance_meters,image_url,text,has_tags,post_id,poi_name,inside_poi_area,inside_poi_building,human_annotation_text_description,human_annotation_location_type,human_annotation_photo_type,human_annotation_is_advertisement,human_annotation_situation_summary,human_annotation_city_objects,human_annotation_city_activities,human_annotation_user_intent,human_annotation_has_building,human_annotation_has_synagogue,human_annotation_has_feor,human_annotation_has_other_building,human_annotation_confidence,human_model_version,human_model_timestamp
457239080,-7,-232751538,-232751538,1758807063,2025-09-25 15:31:03,58.007909,56.255188,58.00763133477656,56.255145877976155,30.974523758435367,"https://sun9-30.userapi.com/s/v1/ig2/jWzZmgiRhFiJ1M6Qvyh4L9lV4JJxmIk6mM4Lm62jPBhyJpEUCSUaDVsQBwXyOV1mV-ufcuf2gVjwFCagzKev4iF0.jpg?quality=95&as=32x43,48x64,72x96,108x144,160x213,240x320,360x480,480x640,540x720,640x853,720x960,1080x1440,1280x1707,1440x1920,1920x2560&from=bu&cs=1920x0",,False,,or avner habad community center,True,False,,,,,,,,,,,,,,,
457239112,-7,-227807623,-227807623,1731900430,2024-11-18 04:27:10,58.007708,56.234293,58.00819896273859,56.23476395501453,61.23812560383689,"https://sun9-66.userapi.com/s/v1/ig2/URHEuLjnax2l3xySveOh5MH6bvOPUg5IkdIlCGsnwT7IVONWBWpTEHk45biGZPr7WTlnZPiSvDNvbstaa3LXKgNa.jpg?quality=95&as=32x40,48x60,72x90,108x135,160x200,240x300,360x450,480x600,540x675,640x800,720x900,1080x1350,1280x1600,1440x1800,1536x1920&from=bu&cs=1536x0",,False,32.0,synagogue,True,False,,,,,,,,,,,,,,,
457239071,-7,-226932693,-226932693,1723637595,2024-08-14 14:13:15,58.008008,56.255293,58.00763133477656,56.255145877976155,42.770638607245566,"https://sun9-51.userapi.com/s/v1/ig2/-ALO3ZmpdeTr4yU5curXoIEjKxrw5cUqxG5N-LfgdHkiRUnvmgHCFxO6CiFE-JFnXBGNk-U6YeD3FHbFEU2-RPco.jpg?quality=95&as=32x43,48x64,72x96,108x144,160x213,240x320,360x480,480x640,540x720,640x853,720x960,1080x1440,1280x1707,1440x1920,1920x2560&from=bu&cs=1920x0",,False,,or avner habad community center,True,False,,,,,,,,,,,,,,,
457239138,-7,-225765287,-225765287,1720260520,2024-07-06 12:08:40,58.0081,56.234887,58.00819896273859,56.23476395501453,13.17706229634948,"https://sun9-77.userapi.com/s/v1/ig2/ReAVvFp6ZmJfJ4HsSNdUjOniOB9qWwLM8lVYbnrlEIpsakW3_tTOJufcXstk9QVVPsmZWdq9i7VijH9DL1XYd3E5.jpg?quality=95&as=32x43,48x64,72x96,108x144,160x213,240x320,360x480,480x640,540x720,640x853,720x960,1080x1440,1280x1707,1440x1920,1920x2560&from=bu&cs=1920x0",,False,,synagogue,True,True,,,,,,,,,,,,,,,
456239129,-7,-224696905,-224696905,1715162731,2024-05-08 12:05:31,58.007813,56.235192,58.00819896273859,56.23476395501453,49.777058200489776,"https://sun9-11.userapi.com/s/v1/ig2/50m1ort7pKJwMJ2WpqPD_i5ZdJZCSPGjVfVBlvb7YEOMt0iXxRkohO7UxeEIc_wh7znhbBwtYghmxIj4A5oM1zQ_.jpg?quality=95&as=32x38,48x57,72x86,108x129,160x191,240x287,360x430,480x573,540x645,640x765,720x860,1080x1290,1280x1529,1440x1720,2143x2560&from=bu&cs=2143x0",,False,,synagogue,True,False,,,,,,,,,,,,,,,
456239735,-7,-224628741,-224628741,1713170953,2024-04-15 10:49:13,58.007702,56.235906,58.00819896273859,56.23476395501453,87.06401057124822,"https://sun9-67.userapi.com/s/v1/ig2/jYv5DIRnaEaX9bUjPPPm1RPdtj2KuImmMmztg7ICHmdOJQNQlhMQqxqyjNnqmOEsaRBfnKhEguS6qmKm1oYzlY6V.jpg?quality=95&as=32x57,48x85,72x128,108x192,160x284,240x427,360x640,480x853,540x960,640x1138,720x1280,1080x1920,1179x2096&from=bu&cs=1179x0",,False,,synagogue,True,False,,,,,,,,,,,,,,,
457239132,-7,-224558018,-224558018,1716309037,2024-05-21 18:30:37,58.008317,56.2349,58.00819896273859,56.23476395501453,15.37861529780568,"https://sun9-57.userapi.com/s/v1/ig2/JvIe56N9E64XRISrJ2FNXUb3MdHwzkUh-8A_LlNWdZdFrgu1196hWnsWG6v-Vq5aSpSqoCfWBk6JI8b_gsWK2yeK.jpg?quality=95&as=32x43,48x64,72x96,108x144,160x213,240x320,360x480,480x640,540x720,640x853,720x960,1080x1440,1280x1707,1440x1920,1920x2560&from=bu&cs=1920x0",,False,,synagogue,True,False,,,,,,,,,,,,,,,
457244752,307261016,-224421397,-224421397,1756970550,2025-09-04 09:22:30,58.008513,56.234423,58.00819896273859,56.23476395501453,40.28402547163133,"https://sun9-44.userapi.com/s/v1/ig2/IKVu0dCts6yMP5M_8W0JKTwK4BA2mnUqXAuV3OOf31ZqnYhWjyvBhAltNJCE3cs716QdP1SE8rATtia7j4v_5BLZ.jpg?quality=95&as=32x43,48x64,72x96,108x144,160x213,240x320,360x480,480x640,540x720,640x853,720x960,1080x1440,1280x1707,1440x1920,1920x2560&from=bu&cs=1920x0",,False,,synagogue,True,False,,,,,,,,,,,,,,,
457239454,-7,-220032319,-220032319,1718880017,2024-06-20 12:40:17,58.008211,56.25561,58.00763133477656,56.255145877976155,70.0152903822313,"https://sun9-86.userapi.com/s/v1/ig2/QrX9U5oOnqjyNMvXu2vflVuia3SrOJ25eNLwEMrntqiyEfipMdQMM6hjGkbykffywQWmFsOcqA82DqAtLlyeMkGN.jpg?quality=95&as=32x43,48x64,72x96,108x144,160x213,240x320,360x480,480x640,540x720,640x853,720x960,1080x1440,1280x1707,1440x1920,1920x2560&from=bu&cs=1920x0",,False,,or avner habad community center,True,False,,,,,,,,,,,,,,,
457239108,-7,-218734459,-218734459,1709370183,2024-03-02 10:03:03,58.008007,56.255121,58.00763133477656,56.255145877976155,41.79776974759802,"https://sun9-48.userapi.com/s/v1/ig2/N0SKSLkzd_yy-8aJTEyc9ItlLJzgQOSW5wigtmHih4lGTl-00qWJHO-g5C8IBkh-Gc7EocL9vHemX5TzPVgSlINt.jpg?quality=95&as=32x43,48x64,72x96,108x144,160x213,240x320,360x480,480x640,540x720,640x853,720x960,1080x1440,1280x1707,1440x1920,1920x2560&from=bu&cs=1920x0",,False,,or avner habad community center,True,False,,,,,,,,,,,,,,,
457239787,-7,-218196818,-218196818,1703061104,2023-12-20 09:31:44,58.007806,56.234914,58.00819896273859,56.23476395501453,44.580569031556806,"https://sun9-44.userapi.com/s/v1/ig2/XyagAy_YMeruvV-Bh9n2fVppnFuskwai2c1g7-4c_g1a-K-EXttl15p_XOvI7xbtEbl0G5DjFRmurzQ0YNgJGr1i.jpg?quality=95&as=32x43,48x64,72x96,108x144,160x213,240x320,360x480,480x640,540x720,640x853,720x960,1080x1440,1280x1707,1440x1920,1920x2560&from=bu&cs=1920x0",,False,,synagogue,True,False,,,,,,,,,,,,,,,
457239018,-7,-217873352,-217873352,1671606450,2022-12-21 08:07:30,58.007609,56.255796,58.00763133477656,56.255145877976155,38.380289245400654,"https://sun9-33.userapi.com/s/v1/if2/rnhSJ1xngG1wBb7rVEiCjseYCuWM30kNK3-xUI88TCXkhg-pXqEjUn6Dek0vRV4fCPtWBD_NJif3sBM1BwQSYiwP.jpg?quality=95&as=32x24,48x36,72x54,108x81,160x120,240x180,360x270,480x360,540x405,640x480,720x540,1080x810,1280x960,1440x1080,1920x1440&from=bu&cs=1920x0",,False,,or avner habad community center,True,False,,,,,,,,,,,,,,,
457239076,-7,-216919326,-216919326,1667378733,2022-11-02 09:45:33,58.0081,56.234715,58.00819896273859,56.23476395501453,11.375798198195302,"https://sun9-11.userapi.com/s/v1/if2/vVj5obVFowFLSAflc_OeelpqEZkc_ZmUo6aHNdUU_VGTxpom8qZD8vY6lI_MZowPI8sQyH93M2fjgJznIqWmyCfz.jpg?quality=95&as=32x24,48x36,72x54,108x81,160x120,240x180,360x270,480x360,540x405,640x480,720x540,1080x810,1280x960&from=bu&cs=1280x0",Путеводитель https://vk.cc/cia0XM,False,46.0,synagogue,True,True,,,,,,,,,,,,,,,
457239069,293285421,-216111863,-216111863,1675588955,2023-02-05 10:22:35,58.008205,56.234411,58.00819896273859,56.23476395501453,20.803708394636256,"https://sun9-74.userapi.com/s/v1/ig2/XuBQMu9Q2D-0VG18Ni3ZURPaEA7lFFk9s_SVseGWK73MAmkW7YUmNuYUl5bXHCJ546Yo8f_lUO7ZN2SDCyRuIExm.jpg?quality=95&as=32x35,48x53,72x79,108x119,160x176,240x264,360x397,480x529,540x595,640x705,720x793,1080x1190,1280x1410,1440x1586,2324x2560&from=bu&cs=2324x0",,False,,synagogue,True,False,,,,,,,,,,,,,,,
457240245,-7,-215880081,-215880081,1687089903,2023-06-18 14:05:03,58.008303,56.234688,58.00819896273859,56.23476395501453,12.403628167392649,"https://sun9-74.userapi.com/s/v1/ig2/8Uu7x0pJMaXd6XGhyCgQolurecF7WdyB0RYyDz0YdFZKziYVCO9G3Km1VI3YqVsJLDv8saJqJIRRE5ll3umgGE13.jpg?quality=95&as=32x43,48x65,72x97,108x145,160x215,240x323,360x484,480x646,540x726,640x861,720x968,1080x1453,1280x1722,1440x1937,1840x2475&from=bu&cs=1840x0",,False,,synagogue,True,True,,,,,,,,,,,,,,,
457239258,-7,-214801568,-214801568,1666341136,2022-10-21 10:32:16,58.008205,56.234926,58.00819896273859,56.23476395501453,9.56978033944169,"https://sun9-61.userapi.com/s/v1/ig2/XRF5Eq-kWpuEjAKEg37WlwOrzl1TPIm2IxNOLJ18LcW8quc1vYmvqYYe1oJyUbeEOlQTURxvPs9B7qN1DSpBE5lK.jpg?quality=95&as=32x72,48x108,72x162,108x243,160x361,240x541,360x811,480x1082,540x1217,640x1442,710x1600&from=bu&cs=710x0",,False,,synagogue,True,False,,,,,,,,,,,,,,,
457241021,-7,-214779270,-214779270,1702042466,2023-12-08 14:34:26,58.007911,56.235125,58.00819896273859,56.23476395501453,38.44052309171016,"https://sun9-7.userapi.com/s/v1/ig2/O_d6gEbMcaDGsisRi-KrgYkdl7Z5_CnVRLKWjyPxQl951p5KQGkngDR007YS3oCQzXrItclogZT_o4AZIeg1XUCR.jpg?quality=95&as=32x43,48x64,72x96,108x144,160x213,240x320,360x480,480x640,540x720,640x853,720x960,1080x1440,1280x1707,1440x1920,1920x2560&from=bu&cs=1920x0",,False,876.0,synagogue,True,False,,,,,,,,,,,,,,,
457240852,-7,-214073951,-214073951,1743956632,2025-04-06 18:23:52,58.008218,56.2552,58.00763133477656,56.255145877976155,65.31206836813678,"https://sun9-80.userapi.com/s/v1/if2/2bGEc7TbWGLm_8Lv70QW4N1LK6JoPlABa5vzO2PXFMDpTO2q3iSjx-ALMYdGwObR2nBhqIEDooFACeoPa8FZ3w0c.jpg?quality=95&as=32x24,48x36,72x54,108x81,160x120,240x180,360x270,480x360,540x405,640x480,720x540,1080x810,1280x960,1440x1080,2560x1920&from=bu&cs=2560x0",,False,,or avner habad community center,True,False,,,,,,,,,,,,,,,
457239732,-7,-213603898,-213603898,1664624123,2022-10-01 13:35:23,58.008009,56.234887,58.00819896273859,56.23476395501453,22.332046222560862,"https://sun9-6.userapi.com/s/v1/ig2/bhxjNj31VtsufatEmja-prEBC1WrAmAf6uFmbsYA-AgsTmDksAVC7tvZJYxmJ3_CkqZWM4btxQmRvtRNHDFzEB7y.jpg?quality=95&as=32x43,48x64,72x96,108x144,160x213,240x320,360x480,480x640,540x720,640x853,720x960,1080x1440,1280x1707,1440x1920&from=bu&cs=1440x0",,False,1139.0,synagogue,True,False,,,,,,,,,,,,,,,
457240166,-7,-212182812,-212182812,1730815366,2024-11-05 15:02:46,58.007904,56.235191,58.00819896273859,56.23476395501453,41.33571569174063,"https://sun9-43.userapi.com/s/v1/ig2/nFEjsHhUAiUr7OmlWW6oV_WTffYLNJPM_IDLinPJfustjGxBD_dKNEoY1mgox1gMmZQFhxoeq9xYo7cuV_xp2quI.jpg?quality=95&as=32x38,48x57,72x85,108x128,160x190,240x285,360x427,480x569,540x641,640x759,720x854,1080x1281,1280x1518,1440x1708,2158x2560&from=bu&cs=2158x0",,False,,synagogue,True,False,,,,,,,,,,,,,,,
457239039,-7,-212059541,-212059541,1649482196,2022-04-09 07:29:56,58.007617,56.234122,58.00819896273859,56.23476395501453,74.9518876264359,"https://sun9-18.userapi.com/s/v1/ig2/JjJI7Tod4Di4VtIcWSm2xtRJ6yYnS9CIurjLSV7eI_ovYs3qHKR2cHU7EiSQO2Wu7L9M-zvAFIglICbKCFz2KCsD.jpg?quality=95&as=32x32,48x48,72x72,108x108,160x160,240x240,360x360,480x480,540x540,640x640,720x720,1080x1080,1280x1280,1440x1440,1852x1852&from=bu&cs=1852x0",,False,5.0,synagogue,True,False,,,,,,,,,,,,,,,
457239810,283258576,-211963435,-211963435,1668553237,2022-11-16 00:00:37,58.007813,56.234504,58.00819896273859,56.23476395501453,45.567571879464026,"https://sun9-54.userapi.com/s/v1/ig2/_lM8QAzP-Fzf1JcNuYGHaD2PleWiuUQaohcfL5XLQX_1Ye2nynzmR4chXl6oi_z_fhpi0EUN-16LrDId0x4teI5U.jpg?quality=95&as=32x43,48x64,72x96,108x144,160x213,240x320,360x480,480x640,540x720,640x853,720x960,1080x1440,1280x1707,1440x1920&from=bu&cs=1440x0",,False,,synagogue,True,False,,,,,,,,,,,,,,,
457239031,283184316,-211669242,-211669242,1647318549,2022-03-15 05:29:09,58.007729,56.233923,58.00819896273859,56.23476395501453,72.0084893021234,"https://sun9-45.userapi.com/s/v1/if2/BjolcvYHcXzhXpAnClOyYHS-fmkhcAVvg2MFDZeVRcH2rFEeIOZtbqIVb-JPZ0Rk-7BuF4OTlBWznNFmOlocPjuV.jpg?quality=96&as=32x22,48x33,72x50,108x75,160x111,240x166,360x249,480x332,540x374,640x443,720x499,1080x748,1280x887,1440x997,1920x1330&from=bu&cs=1920x0",,False,,synagogue,True,False,,,,,,,,,,,,,,,
457239266,-7,-211080765,-211080765,1680953247,2023-04-08 13:27:27,58.008303,56.234688,58.00819896273859,56.23476395501453,12.403628167392649,"https://sun9-53.userapi.com/s/v1/ig2/aXFVuV3oBpJ4rEqncDVRolQjZU73pLUhwM_qjrYnltlzOC1oblNl30bBZAot-PrreUO-pkCEqdeNzIG3_eV60zMm.jpg?quality=95&as=32x43,48x64,72x96,108x144,160x213,240x320,360x480,480x640,540x720,640x854,720x960,1080x1440,1280x1707,1440x1921,1690x2254&from=bu&cs=1690x0",,False,87.0,synagogue,True,True,,,,,,,,,,,,,,,
457290778,-7,-210911959,-210911959,1692645306,2023-08-21 21:15:06,58.007814,56.235879,58.00819896273859,56.23476395501453,78.40494941846167,"https://sun9-51.userapi.com/s/v1/ig2/v3rE54h49kwF-2F2uaj_xvD71phxbDYYowrshOYSqv-ofyGsvUfTgGZ32GRuBqPkU8CLiXHA5Ke_fvFhgzz2qTE-.jpg?quality=95&as=32x43,48x64,72x96,108x144,160x213,240x320,360x480,480x640,540x720,640x853,720x960,1080x1440,1280x1707,1440x1920,1920x2560&from=bu&cs=1920x0",,False,,synagogue,True,False,,,,,,,,,,,,,,,
457240244,-7,-209731930,-209731930,1740306606,2025-02-23 11:30:06,58.007904,56.234332,58.00819896273859,56.23476395501453,41.51239618653149,"https://sun9-26.userapi.com/s/v1/ig2/6Edj5NsowDCsY_GBD9SaWlL9yZkJdMtFkqJSlsUIbkoj8sFI_f26Mt47lZ7xeADOHG7JoW5snKmpkI7C__Q1CKZu.jpg?quality=95&as=32x43,48x64,72x96,108x144,160x213,240x320,360x480,480x640,540x720,640x853,720x960,1080x1440,1280x1707,1440x1920,1539x2052&from=bu&cs=1539x0",,False,,synagogue,True,False,,,,,,,,,,,,,,,
457240694,-7,-209485236,-209485236,1692884123,2023-08-24 15:35:23,58.007223,56.255308,58.00763133477656,56.255145877976155,46.39841029675962,"https://sun9-31.userapi.com/s/v1/if2/uVIzzRDpVim56gvt-89mMH0bLEYyi2I7-JHJ4j7uKFiSezCIRUTntexKFf6OTawTfQ18dbwT63MR4X97HFJQq90N.jpg?quality=95&as=32x24,48x36,72x54,108x81,160x120,240x180,360x270,480x360,540x405,640x480,720x540,1080x810,1280x960,1440x1080,2560x1920&from=bu&cs=2560x0",,False,,or avner habad community center,True,False,,,,,,,,,,,,,,,
457240885,-7,-208987945,-208987945,1721302589,2024-07-18 13:36:29,58.007799,56.234293,58.00819896273859,56.23476395501453,52.41830941546784,"https://sun9-47.userapi.com/s/v1/ig2/zxJD1AvIp5m27ldamh_JKJfdnUBOSF3q08kEHMR3-JjXHO40fLXRYgtIBjoU72VlDgNq0UqknmwLhMQAE_mkgxe-.jpg?quality=95&as=32x40,48x60,72x90,108x135,160x200,240x300,360x450,480x600,540x675,640x800,720x900,1080x1349,1280x1599,1440x1799,2049x2560&from=bu&cs=2049x0",,False,,synagogue,True,False,,,,,,,,,,,,,,,
457256188,-7,-201309330,-201309330,1654773414,2022-06-09 13:16:54,58.007912,56.235297,58.00819896273859,56.23476395501453,44.76910842408243,"https://sun9-79.userapi.com/s/v1/ig2/Z_11qCjrUyH3kyJgjiWH1xz84z09O_7RaolN3Cn5gXkwSgU76FSRQNKWBE9TmddvPnTLB0ng_BXXmL4DD1gqddo7.jpg?quality=95&as=32x43,48x64,72x96,108x144,160x213,240x320,360x480,480x640,540x720,640x853,720x960,1080x1440,1280x1707,1440x1920&from=bu&cs=1440x0",,False,,synagogue,True,False,,,,,,,,,,,,,,,
457240055,-7,-199522335,-199522335,1622723336,2021-06-03 14:28:56,58.007427,56.255968,58.00763133477656,56.255145877976155,53.4974763029751,"https://sun9-25.userapi.com/s/v1/ig2/OsY62XBlWp3S_n_PjZH0EdR90frnwT0S7_kUNpFMWnnHRtQ0H5KPd5VUltWN69opJth2nYhzwlhRnoWphOls95Ht.jpg?quality=96&as=32x68,48x103,72x154,108x231,160x342,240x513,360x770,480x1027,540x1155,640x1369,720x1540,748x1600&from=bu&cs=748x0",,False,,or avner habad community center,True,False,,,,,,,,,,,,,,,
457240098,-7,-199296109,-199296109,1669034674,2022-11-21 13:44:34,58.008044,56.234728,58.00819896273859,56.23476395501453,17.360769632581672,"https://sun9-74.userapi.com/s/v1/ig2/hbju1fFx_BoGbrq-HMHi3TUy4686UwAmLsUNwh3IEBbonWWvFJspzGu6hvI8DJZTGQlzhghJwwESylQcpxcFSple.jpg?quality=96&as=32x43,48x64,72x96,108x144,160x213,240x320,360x480,480x640,540x720,640x853,720x960,1080x1440,1280x1707,1440x1920,1620x2160&from=bu&cs=1620x0",,False,,synagogue,True,True,,,,,,,,,,,,,,,
457239067,-7,-199091530,-199091530,1682944678,2023-05-01 14:37:58,58.007911,56.235125,58.00819896273859,56.23476395501453,38.44052309171016,"https://sun9-80.userapi.com/s/v1/ig2/oV0P_6aqOrqI4AiwQd-QZzwRIKrr1drHA1CyJKa8EuK-briBPAWdgqCfdAD6Q36e9pkcQ05fC4NN3UWHXXwT6FrS.jpg?quality=95&as=32x43,48x64,72x96,108x144,160x213,240x320,360x480,480x640,540x720,640x853,720x960,1080x1440,1280x1707,1440x1920,1920x2560&from=bu&cs=1920x0",,False,,synagogue,True,False,,,,,,,,,,,,,,,
457239023,-6,-195562687,-195562687,1595026446,2020-07-18 00:54:06,58.007736,56.234201,58.00819896273859,56.23476395501453,61.23702930465642,"https://sun9-35.userapi.com/s/v1/ig1/GPXITOwg6V94Ac2gDn6QvfIgFOsl6E-HAu73W0xXWw1lzNMM3Mum4a3YEaBWbZpyrZvwtc8O.jpg?quality=96&as=32x32,48x48,72x72,108x109,160x161,240x241,360x362,480x483,540x543,640x644,720x724,1080x1087,1280x1288,1440x1449,2147x2160&from=bu&cs=2147x0",,False,8.0,synagogue,True,False,,,,,,,,,,,,,,,
457240400,-7,-194619161,-194619161,1653824396,2022-05-29 13:39:56,58.007729,56.23461,58.00819896273859,56.23476395501453,53.038688480875976,"https://sun9-78.userapi.com/s/v1/ig2/eNUWUB9g7L82OuOxHtjQF292WkVNLWDYLDWUl_MZtTJwUoRwHSpoYiBpOgBLPpSKaM1LYzhtsSkOv7ArrbIcryI1.jpg?quality=96&as=32x43,48x64,72x96,108x144,160x213,240x320,360x480,480x640,540x721,640x854,720x961,1080x1441,1280x1708,1388x1852&from=bu&cs=1388x0",,False,,synagogue,True,False,,,,,,,,,,,,,,,
457245685,-7,-192835844,-192835844,1596790682,2020-08-07 10:58:02,58.007638,56.234267,58.00819896273859,56.23476395501453,68.90494477226193,"https://sun9-55.userapi.com/s/v1/ig1/TPNwDKiVXz5-sMV_p4Ui__7Q4Tn9Gnx61JU8AR4lBrsq0eTY03wEDfFDCBRW8v0YTFD9TYmK.jpg?quality=96&as=32x43,48x64,72x96,108x144,160x213,240x320,360x480,480x640,540x720,640x853,720x960,1080x1440,1280x1707,1440x1920,1620x2160&from=bu&cs=1620x0",,False,,synagogue,True,False,,,,,,,,,,,,,,,
457239113,-7,-192831848,-192831848,1601012023,2020-09-25 07:33:43,58.007575,56.234003,58.00819896273859,56.23476395501453,82.60399862849859,"https://sun9-69.userapi.com/s/v1/ig2/BCDCPThKx3-7w4p_Tu1dcGItF0p-Uh18vRaHV4Tr1M6vj4CqQeHafE8bc6hxXhFL0VaWLavWuOBv4X0sm1PLomjm.jpg?quality=96&as=32x43,48x64,72x96,108x144,160x213,240x320,360x480,480x640,540x720,640x853,720x960,1080x1440,1280x1707,1440x1920&from=bu&cs=1440x0",,False,,synagogue,True,False,,,,,,,,,,,,,,,
457241526,-7,-192347302,-192347302,1656418290,2022-06-28 14:11:30,58.007722,56.234505,58.00819896273859,56.23476395501453,55.186284082187015,"https://sun9-9.userapi.com/s/v1/ig2/QrtGmkArClEJSfBRFgjQZL7VBPop0314AIRZCuUiyrbpc61iPeGm-uwzPFpfCM5hgSgItY7HijhqcXlUbyY-JmIP.jpg?quality=95&as=32x43,48x64,72x96,108x144,160x213,240x320,360x480,480x640,540x720,640x853,720x960,1080x1440,1280x1707,1440x1920&from=bu&cs=1440x0",,False,1095.0,synagogue,True,False,,,,,,,,,,,,,,,
457239065,-7,-192007365,-192007365,1581946907,2020-02-17 14:41:47,58.008052,56.235693,58.00819896273859,56.23476395501453,57.11847247120681,"https://sun9-14.userapi.com/s/v1/ig2/Jjr4dIkEac4tRoATBE2MPYJ4busISYfQo_th9xjFrDt4rBe9gR9TPJUzKxW4BVOrdZPgoFnY16ch1s-TEmtYg7Wx.jpg?quality=96&as=32x57,48x85,72x128,108x192,160x284,240x427,360x640,480x853,540x960,640x1138,720x1280,756x1344&from=bu&cs=756x0",,False,,synagogue,True,False,,,,,,,,,,,,,,,
457241340,-7,-189727324,-189727324,1648957630,2022-04-03 05:47:10,58.007701,56.234703,58.00819896273859,56.23476395501453,55.48724836944938,"https://sun9-5.userapi.com/s/v1/ig2/pLRFD1LFue4AXrW7kP5jp7h19EYbsDEwkbU3LPzkLGu1njOF13Q1GR4MaXV8o-4dP-CbR0wY1n09cni1__xdLAg3.jpg?quality=95&as=32x43,48x64,72x96,108x144,160x213,240x320,360x480,480x640,540x720,640x853,720x960,1080x1440,1200x1600&from=bu&cs=1200x0",,False,,synagogue,True,False,,,,,,,,,,,,,,,
457239059,-7,-189270316,-189270316,1578203798,2020-01-05 06:56:38,58.007511,56.23391,58.00819896273859,56.23476395501453,91.55764581367976,"https://sun9-44.userapi.com/s/v1/ig1/3FgGiPbie7e91CrUqSCzVKJSuHiMIWS9TiJTJ5wP42ksDikGoSeTnhnZU7aqfj8WgAwuSH_d.jpg?quality=96&as=32x32,48x48,72x72,108x108,160x160,240x240,360x360,480x480,540x540,640x640,720x720,1032x1032&from=bu&cs=1032x0",,False,23.0,synagogue,True,False,,,,,,,,,,,,,,,
457277641,-7,-184864215,-184864215,1696480128,2023-10-05 06:28:48,58.008198,56.234992,58.00819896273859,56.23476395501453,13.434748137224169,"https://sun9-78.userapi.com/s/v1/ig2/bSPZpftAiouGpgzxeYCYCQsyL6Op4vnLfL5gK3Jd9QkP_l6rJUOlths4mxMPJNUQm-uWz9nG2be7COZU5wEKKjjD.jpg?quality=95&as=32x43,48x64,72x96,108x144,160x213,240x320,360x480,480x640,540x720,640x853,720x960,1080x1440,1280x1707,1440x1920,1920x2560&from=bu&cs=1920x0",,False,,synagogue,True,False,,,,,,,,,,,,,,,
457239906,-7,-184638528,-184638528,1684425861,2023-05-18 18:04:21,58.007622,56.254805,58.00763133477656,56.255145877976155,20.10853623610149,"https://sun9-56.userapi.com/s/v1/if2/zqwC6pMm5Zi6L60W7YOcb5q4i9efnwm20bRsHI4mldt2iiHaaLl3KDpzI9-NygPwT4_Kl3uGvlLTYjXXpr3j7Qol.jpg?quality=95&as=32x31,48x46,72x69,108x104,160x153,240x230,360x345,480x460,540x518,640x613,720x690,1080x1035,1280x1227,1440x1380,2560x2454&from=bu&cs=2560x0",,False,,or avner habad community center,True,True,,,,,,,,,,,,,,,
456239320,-7,-179988268,-179988268,1558071205,2019-05-17 07:33:25,58.007764,56.234623,58.00819896273859,56.23476395501453,49.073308952397014,"https://sun9-82.userapi.com/s/v1/if1/opg7_WihcD2ayRnZPQqsXxQ1EA648zYLqyN-GxerGQr6AtuXVnTe-x-u_FEeALDwKntTJN4W.jpg?quality=96&as=32x24,48x36,72x54,108x81,160x120,240x180,360x270,480x360,540x405,640x480,720x540,1080x810,1280x960,1440x1080,2560x1920&from=bu&cs=2560x0",,False,,synagogue,True,False,,,,,,,,,,,,,,,
457239445,-7,-179672049,-179672049,1612234464,2021-02-02 03:54:24,58.007981,56.23498,58.00819896273859,56.23476395501453,27.374955238104853,"https://sun9-79.userapi.com/s/v1/ig2/bAQVlF1VTbHBQ7j4Ad69f1L71vsHzRjxlV7Dqm44-n7pZTpiK6JiaJst2t1YUvU8oa3bettBzxOJB0FgGsZhsR6V.jpg?quality=96&as=32x43,48x64,72x96,108x144,160x213,240x320,360x480,480x640,540x720,640x853,720x960,1080x1440,1218x1624&from=bu&cs=1218x0",,False,311.0,synagogue,True,False,,,,,,,,,,,,,,,
456239153,-7,-179516639,-179516639,1561784148,2019-06-29 06:55:48,58.008205,56.234926,58.00819896273859,56.23476395501453,9.56978033944169,"https://sun9-55.userapi.com/s/v1/ig1/KNgx7loUBJaYaXEzdcURvtQNOGkcaQlJTwQwy1ik1E_Cjwgr9E3gNERenCdHXxYIQNVMdw.jpg?quality=96&as=32x43,48x64,72x96,108x144,160x213,240x320,360x480,480x640,540x721,640x854&from=bu&cs=640x0",,False,,synagogue,True,False,,,,,,,,,,,,,,,
456239116,261323484,-178934461,-178934461,1553080878,2019-03-20 12:21:18,58.007792,56.234531,58.00819896273859,56.23476395501453,47.2874140870424,"https://sun9-27.userapi.com/s/v1/if1/L4VQfZyrVcYWqh1w2v8Lj2UVHR1vRgOkGpygHwh2gpH5zI1yT89C3R8XJ45Ccq2xaJWa0-sN.jpg?quality=96&as=32x24,48x36,72x54,108x81,160x120,240x180,360x270,480x360,540x405,640x480,720x540,960x720&from=bu&cs=960x0",,False,,synagogue,True,False,,,,,,,,,,,,,,,
457241696,-7,-178889453,-178889453,1695453189,2023-09-23 09:13:09,58.008198,56.234992,58.00819896273859,56.23476395501453,13.434748137224169,"https://sun9-27.userapi.com/s/v1/ig2/Gw_CLG6W_4mHzFAnOBJHn4bYKTcesroXVuWJ2IB1UQibvvkiLEyv8z_ziC-o-4-RTM0AH1h1Q4aMk6G2ZRhL_KNH.jpg?quality=95&as=32x43,48x64,72x96,108x144,160x213,240x320,360x480,480x640,540x720,640x853,720x960,1080x1440,1280x1707,1440x1920,1920x2560&from=bu&cs=1920x0",,False,,synagogue,True,False,,,,,,,,,,,,,,,
457239614,-7,-177668542,-177668542,1592244867,2020-06-15 20:14:27,58.007926,56.235508,58.00819896273859,56.23476395501453,53.31542642689422,"https://sun9-87.userapi.com/s/v1/ig2/8b5cwtVQsVjgB-V5G4J9MavMYewYAnb7Qr0dth-s7xjsJ0fw9n0a9OoWqr39SAwZZarT9-mTHlAkO7_iUP6JIKt-.jpg?quality=96&as=32x43,48x64,72x96,108x144,160x213,240x320,360x480,480x640,540x720,640x853,720x960,1080x1440,1218x1624&from=bu&cs=1218x0",,False,,synagogue,True,False,,,,,,,,,,,,,,,
456239021,-7,-177248733,-177248733,1549796820,2019-02-10 12:07:00,58.007869,56.234319,58.00819896273859,56.23476395501453,45.09190688665277,"https://sun9-15.userapi.com/s/v1/if2/hFDo42nxwxqjuqvxNVMCBYUMdKs4ZROmU4up-E6FWNXQWVpzyCYP5F8BMJjwW7YtYYNiJECK6Atevi3trrGaT3nX.jpg?quality=96&as=32x24,48x36,72x54,108x81,160x120,240x180,360x270,480x360,540x405,640x480,720x540,854x640&from=bu&cs=854x0",,False,12.0,synagogue,True,False,,,,,,,,,,,,,,,
456239017,-7,-174896114,-174896114,1544028555,2018-12-05 17:49:15,58.007891,56.235839,58.00819896273859,56.23476395501453,71.9971941060956,"https://sun9-39.userapi.com/s/v1/if1/qh4UxW7gy_KQanF5EBsmi34vDcwJRWfd3AkSXJ-BLGrap8JiiWeJ6tK-qUBH_mDRmEe601jp.jpg?quality=96&as=32x24,48x36,72x54,108x81,160x120,240x180,360x270,480x360,540x405,640x480,720x540,854x640&from=bu&cs=854x0",,False,,synagogue,True,False,,,,,,,,,,,,,,,
457240429,-7,-171698498,-171698498,1697644374,2023-10-18 17:52:54,58.007707,56.233778,58.00819896273859,56.23476395501453,79.7886801271709,"https://sun9-21.userapi.com/s/v1/if2/GkSJd7hG1E1aPkPv1aktN-L4MahoLt1ZmBKdZlisp9yAWwzphXztGRjxLbj_jANpsiNWOGP7Fz2mdwjnNi8-gwOP.jpg?quality=95&as=32x24,48x36,72x54,108x81,160x120,240x180,360x270,480x360,540x405,640x480,720x540,1080x810,1280x960,1440x1080,2560x1920&from=bu&cs=2560x0",,False,1317.0,synagogue,True,False,,,,,,,,,,,,,,,
457253991,-7,-170690865,-170690865,1665566327,2022-10-12 11:18:47,58.007813,56.234504,58.00819896273859,56.23476395501453,45.567571879464026,"https://sun9-20.userapi.com/s/v1/ig2/QBH_idrFT7y1xgvK9gFHFexvyjBLz2jP6uH9gK8EnKuC2vwwprP6Svd6jXwSDlYcWUv9j0BFEYyU1XJlSrHwVLsu.jpg?quality=95&as=32x43,48x64,72x96,108x144,160x213,240x320,360x480,480x640,540x720,640x853,720x960,1080x1440,1280x1707,1344x1792&from=bu&cs=1344x0",,False,,synagogue,True,False,,,,,,,,,,,,,,,
457254460,-7,-168777886,-168777886,1602220251,2020-10-09 07:10:51,58.008038,56.23531,58.00819896273859,56.23476395501453,36.81208807069945,"https://sun9-49.userapi.com/s/v1/ig2/R7DbZx0keO6FgFUmj44o0zRL-MK_BLZOAdS1O7I2m35e4jXaduYUTkrZ-hg8IaRrQFFxTPy10qYr4Qt3o2U_NQWd.jpg?quality=96&as=32x43,48x64,72x96,108x144,160x213,240x320,360x480,480x640,540x720,640x853,720x960,1080x1440,1280x1707,1440x1920&from=bu&cs=1440x0",,False,,synagogue,True,False,,,,,,,,,,,,,,,
456239409,-7,-167874142,-167874142,1536291376,2018-09-07 05:36:16,58.007778,56.235178,58.00819896273859,56.23476395501453,52.782941623753565,"https://sun9-42.userapi.com/s/v1/ig1/3M0l2A2aZdYHnYkkv57SEhgHr5IB-eLMM1Y3ZT_G-jGt1o39d8AVceW2taVmhiuPd1mdxde_.jpg?quality=96&as=32x43,48x64,72x96,108x144,160x213,240x320,360x480,480x640,540x720,640x853,720x960,1080x1440,1280x1707,1440x1920,1620x2160&from=bu&cs=1620x0",,False,,synagogue,True,False,,,,,,,,,,,,,,,
456239047,-7,-167098860,-167098860,1527866373,2018-06-01 17:19:33,58.007835,56.235681,58.00819896273859,56.23476395501453,67.50182802548635,"https://sun9-54.userapi.com/s/v1/ig1/YcgtzOUMrxLzdPDzvlChmDJjVJPRW6fZV_hHPaLlZ4RRqWsU0eMRq4KNUvEHoudIRyPLSUjg.jpg?quality=96&as=32x32,48x48,72x72,108x108,160x160,240x240,360x360,480x480,540x540,640x640,720x720,960x960&from=bu&cs=960x0",,False,,synagogue,True,False,,,,,,,,,,,,,,,
456239145,-7,-166810589,-166810589,1541067576,2018-11-01 11:19:36,58.008064,56.25528,58.00763133477656,56.255145877976155,48.75469249669591,"https://sun9-7.userapi.com/s/v1/if2/392gQ5VxJipG6H5wRRvTR80IhTua1cXAdsS_fViyjbxBXQ376ip1LTSOOLzNJjaXlG0MvcjVawSuED3BQugv7xGq.jpg?quality=96&as=32x24,48x36,72x54,108x81,160x120,240x180,360x270,480x360,540x405,640x480,720x540,1080x810,1280x960,1440x1080,2560x1920&from=bu&cs=2560x0",,False,,or avner habad community center,True,False,,,,,,,,,,,,,,,
456239396,-7,-166609801,-166609801,1533040074,2018-07-31 14:27:54,58.007996,56.235535,58.00819896273859,56.23476395501453,50.7206671448086,"https://sun9-11.userapi.com/s/v1/ig1/LQqlvgv-8MQ6YpYf4mvFw7wID4jW54_MdKmQ0wEqQah4-HPiopz_i51fbb8rgaptOY9LsMpg.jpg?quality=96&as=32x43,48x64,72x96,108x144,160x213,240x320,360x480,480x640,540x720,640x853,720x960,1080x1440,1280x1707,1440x1920,1620x2160&from=bu&cs=1620x0",,False,,synagogue,True,False,,,,,,,,,,,,,,,
456241458,-7,-161325318,-161325318,1555781461,2019-04-20 19:31:01,58.008323,56.255068,58.00763133477656,56.255145877976155,77.04638262258393,"https://sun9-48.userapi.com/s/v1/if1/kVmN3Ivu2TEvntQly6ao6r_jTdPzZR5mGcE2NxNRCynJfflVc8i__7j5hjRUjahKrnQ4MHk6.jpg?quality=96&as=32x24,48x36,72x54,108x81,160x120,240x180,360x270,480x360,540x405,640x480,720x540,960x720&from=bu&cs=960x0",,False,,or avner habad community center,True,False,,,,,,,,,,,,,,,
457239804,-7,-157842570,-157842570,1566181624,2019-08-19 04:27:04,58.00768,56.234558,58.00819896273859,56.23476395501453,58.96775872819908,"https://sun9-60.userapi.com/s/v1/ig1/xfN8dTcgrdwT6cFX-wc0-UorkumFvRsHwu0ok6f5aJE4P6V9BVtHUIPRLyMsnnleFttKfKSG.jpg?quality=96&as=32x57,48x85,72x128,108x192,160x285,240x427,360x640,480x854,540x960,640x1138,720x1280,1024x1821&from=bu&cs=1024x0",,False,,synagogue,True,False,,,,,,,,,,,,,,,
456239065,-7,-154449283,-154449283,1514549198,2017-12-29 13:06:38,58.007793,56.235733,58.00819896273859,56.23476395501453,72.77843806531625,"https://sun9-28.userapi.com/s/v1/ig1/pu-ucimkP1hkdsYcvV2Kthu1K65EjFZG_Qj--ifXmYy-rHtx2t0F9avIe7jUVFS3xFJRsv-q.jpg?quality=96&as=32x35,48x53,72x79,108x119,160x176,240x264,360x396,480x528,540x594,640x705,720x793,872x960&from=bu&cs=872x0",,False,52.0,synagogue,True,False,,,,,,,,,,,,,,,
457245938,-7,-153579243,-153579243,1567258051,2019-08-31 15:27:31,58.007588,56.233699,58.00819896273859,56.23476395501453,92.47346630044552,"https://sun9-85.userapi.com/s/v1/if1/Ov5aG9icK5VuXOqZlbaZwp3kx_Qq9F_-aYnLc3Ny_C-N2TaeBy-AUWZ_FH14GF0BLPWT57T-.jpg?quality=96&as=32x24,48x36,72x54,108x81,160x119,240x179,360x269,480x358,540x403,640x478,720x538,1080x807,1280x956,1440x1075,2560x1912&from=bu&cs=2560x0",,False,,synagogue,True,False,,,,,,,,,,,,,,,
456239235,-7,-153031231,-153031231,1512320731,2017-12-03 18:05:31,58.00833,56.255174,58.00763133477656,56.255145877976155,77.70569090092835,"https://sun9-56.userapi.com/s/v1/if1/AqxVpgEFKb8FYwche9IQtldVS5paKxcqZwWmxYUKPbdJNGdywHSE5KrGE_SHrOUE5TD8Rpbl.jpg?quality=96&as=32x24,48x36,72x54,108x81,160x120,240x180,360x270,480x360,540x405,640x480,720x540,960x720&from=bu&cs=960x0",,False,,or avner habad community center,True,False,,,,,,,,,,,,,,,
457242208,-7,-152436168,-152436168,1618482274,2021-04-15 12:24:34,58.007497,56.233871,58.00819896273859,56.23476395501453,94.12676160721404,"https://sun9-29.userapi.com/s/v1/if2/7fUX-7Cc-J_hDVNN_xxtDLF_weumcgRBI_eMZuesrRe6LZ3TEEFQaOwSJrSyjujgfL4fwg82aFPQ45V1yGdZpknq.jpg?quality=96&as=32x24,48x36,72x54,108x81,160x120,240x180,360x270,480x360,540x405,640x480,720x540,1080x810,1280x960,1440x1080,1920x1440&from=bu&cs=1920x0",,False,,synagogue,True,False,,,,,,,,,,,,,,,
456239164,-7,-151869011,-151869011,1515266376,2018-01-06 20:19:36,58.008408,56.234384,58.00819896273859,56.23476395501453,32.26910039354387,"https://sun9-7.userapi.com/s/v1/if1/6QSMJLtfBbyzfqV9j1K5T0ZQbCqiSOITe6q2VzspHAc7vEovUeedB0EtB4oYlwuJAoKSlJvl.jpg?quality=96&as=32x24,48x36,72x54,108x81,160x120,240x180,360x270,480x360,540x405,640x480,720x540,1080x810,1280x960,1440x1080,2160x1620&from=bu&cs=2160x0","Кто откуда? Все с России, но с разных ГОРОДОВ. #отмечаемнакарте #markonthemap #myword",False,142.0,synagogue,True,False,,,,,,,,,,,,,,,
456239232,-7,-151293443,-151293443,1503427616,2017-08-22 20:46:56,58.007919,56.235575,58.00819896273859,56.23476395501453,57.02619840156533,"https://sun9-43.userapi.com/s/v1/ig1/svjx4m27uu-RUbVbJ-3WDZWqeV4GMuZxo94hfqGXsqAdP4HJjjRTao2cnMimCpyoxBitikZQ.jpg?quality=96&as=32x32,48x48,72x72,108x108,160x160,240x240,360x360,480x480,540x540,640x640,720x720,960x960&from=bu&cs=960x0",,False,,synagogue,True,False,,,,,,,,,,,,,,,
456303993,-7,-150103939,-150103939,1545314594,2018-12-20 15:03:14,58.007946,56.234451,58.00819896273859,56.23476395501453,33.631814399293866,"https://sun9-50.userapi.com/s/v1/ig1/oFYqbLWwI8cmCejrgl3Yp-D3QVGiYGomfPpSuGfP2-1_V_F24vB8bXEi57bmwHiHocIBrArk.jpg?quality=96&as=32x32,48x48,72x72,108x108,160x160,240x240,360x360,480x480,540x540,640x640,720x720,1080x1080,1258x1258&from=bu&cs=1258x0",,False,,synagogue,True,False,,,,,,,,,,,,,,,
457239132,-7,-149672656,-149672656,1572162925,2019-10-27 08:55:25,58.008148,56.255174,58.00763133477656,56.255145877976155,57.47443394504203,"https://sun9-21.userapi.com/s/v1/ig1/cw78iZ0UsO1XtuVvJxscqpAJkBaFwVueASUN9mjdr4fe_TXLXGvhqgr_PI2-Q3cSTGhZx7BT.jpg?quality=96&as=32x68,48x101,72x152,108x228,160x338,240x507,360x761,480x1014,540x1141,640x1353,720x1522,1022x2160&from=bu&cs=1022x0",,False,,or avner habad community center,True,False,,,,,,,,,,,,,,,
456239658,-7,-148841088,-148841088,1523107661,2018-04-07 15:27:41,58.007518,56.233672,58.00819896273859,56.23476395501453,99.35605982528496,"https://sun9-57.userapi.com/s/v1/if1/tqi4J5_04S8TelFutzI7U9IfEahR9IepyvZKPkRJwPdtO6rABbZaIxPTTMYyYGpJwDEJ16IZ.jpg?quality=96&as=32x24,48x36,72x54,108x81,160x119,240x179,360x269,480x358,540x403,640x478,720x538,1080x807,1280x956,1440x1075,2560x1912&from=bu&cs=2560x0",,False,,synagogue,True,False,,,,,,,,,,,,,,,
456239221,-7,-148691966,-148691966,1532514191,2018-07-25 12:23:11,58.007939,56.234861,58.00819896273859,56.23476395501453,29.46645996039624,"https://sun9-27.userapi.com/s/v1/ig1/gJ_5eyQABAuwaNK-7CrVDAYH5zUQWsUQ6Ym0PWaiOzzfK5KMtpakKWQKss7a5hEF5Z8_5AEy.jpg?quality=96&as=32x32,48x48,72x72,108x108,160x160,240x240,360x360,480x480,540x540,640x640,720x720,960x960&from=bu&cs=960x0",,False,606.0,synagogue,True,False,,,,,,,,,,,,,,,
457240302,273194003,-147917661,-147917661,1592109011,2020-06-14 06:30:11,58.007469,56.255915,58.00763133477656,56.255145877976155,48.7736398729257,"https://sun9-76.userapi.com/s/v1/if2/o6Cj2wJsieQVe9gWWrwRslPyzzkdAobBZppG_Swxol1AIX--VGy8agSiEJkrbeRGmzz4Q0A4lJsHPo1vOAkVtNpp.jpg?quality=96&as=32x18,48x27,72x41,108x62,160x92,240x137,360x206,480x275,540x309,640x367,720x412,915x524&from=bu&cs=915x0",,False,,or avner habad community center,True,False,,,,,,,,,,,,,,,
457293496,-7,-146280590,-146280590,1599109210,2020-09-03 07:00:10,58.00744,56.255149,58.00763133477656,56.255145877976155,21.276251433773187,"https://sun9-8.userapi.com/s/v1/ig2/L12QQLnjOLlKGbb4jiPlDUITEsWv-Yznf4zI9AUARGPPyMFf-ZgoH9JPhms7qmWi3SvVrLEIN5SzsuG2lT44cnCv.jpg?quality=96&as=32x43,48x64,72x96,108x144,160x213,240x320,360x480,480x640,540x720,640x853,720x960,1000x1333&from=bu&cs=1000x0",,False,,or avner habad community center,True,False,,,,,,,,,,,,,,,
456239564,-7,-145795246,-145795246,1527252744,2018-05-25 14:52:24,58.007989,56.235429,58.00819896273859,56.23476395501453,45.60729562413595,"https://sun9-78.userapi.com/s/v1/if1/xPO_nScxK1-a0ld7RPmumTgqRdnAtTcBqMx4HWs-Awl1iW2HNsnNzpOwPHKz1oxVBulC06lO.jpg?quality=96&as=32x16,48x24,72x36,108x55,160x81,240x121,360x182,480x243,540x273,640x324,720x364,1024x518&from=bu&cs=1024x0",,False,,synagogue,True,False,,,,,,,,,,,,,,,
456239685,-7,-145634070,-145634070,1544465318,2018-12-10 19:08:38,58.007224,56.255823,58.00763133477656,56.255145877976155,60.35539311097882,"https://sun9-44.userapi.com/s/v1/ig2/YhFoegGbw31gOdDEEOUEcMrwXPfBXaARqWQK7mwXgiCHXmYg6YBk3hKegcpK-kq3T9Ic9aXDo7nm-C4zHedus9yr.jpg?quality=96&as=32x43,48x64,72x96,108x144,160x213,240x320,360x480,480x640,540x720,640x853,720x960,1008x1344&from=bu&cs=1008x0",,False,,or avner habad community center,True,False,,,,,,,,,,,,,,,
456240406,-7,-143866081,-143866081,1540797687,2018-10-29 08:21:27,58.00789,56.234464,58.00819896273859,56.23476395501453,38.63321109970668,"https://sun9-16.userapi.com/s/v1/if2/ooG_5IkBUCaa008Qcjsd6AVbaXKBUyCps6Iv_A9A1IbQMfubq_UyO7odYv2cV0JPY0FhA1VzP72hTg09LtqU8oCN.jpg?quality=96&as=32x24,48x36,72x54,108x81,160x120,240x180,360x270,480x360,540x405,640x480,720x540,1080x810,1280x960,1440x1080,2560x1920&from=bu&cs=2560x0",,False,,synagogue,True,False,,,,,,,,,,,,,,,
456239633,-7,-143272825,-143272825,1524032795,2018-04-18 08:26:35,58.007524,56.255386,58.00763133477656,56.255145877976155,18.508282365430095,"https://sun9-25.userapi.com/s/v1/if1/sv64HYGNG-ocej-RyzYkZvn5HBV07VpkrUWwOgWHQpLmB86giptPCUrFKh6UikWsEL21624R.jpg?quality=96&as=32x24,48x36,72x54,108x81,160x120,240x180,360x269,480x359,540x404,640x479,720x539,1080x808,1280x957,1440x1077,2560x1915&from=bu&cs=2560x0","Эти измельченные ветки улучшат структуру почвы, принесите/привезите сколько сможете к Дубу на ул. Революции 3. В удобное время, просто насыпьте кучкой на землю, мы потом разровняем.
Адрес - 25 октября 45а",False,,or avner habad community center,True,True,,,,,,,,,,,,,,,
456240510,-7,-142719703,-142719703,1554370205,2019-04-04 11:30:05,58.007813,56.234161,58.00819896273859,56.23476395501453,55.709989763387846,"https://sun9-8.userapi.com/s/v1/ig1/dA-Ol-L8-ovsy9JoEYCWukZRgxXXTZuEAhRc43AYnsUy0MV2-lXk5XBIViQL8qJKmjOMvGeL.jpg?quality=96&as=32x43,48x64,72x96,108x144,160x213,240x320,360x480,480x640,540x720,640x853,720x960,1080x1440,1280x1707,1440x1920,1620x2160&from=bu&cs=1620x0",,False,1425.0,synagogue,True,False,,,,,,,,,,,,,,,
457239975,-7,-142555021,-142555021,1699187195,2023-11-05 13:26:35,58.007799,56.234293,58.00819896273859,56.23476395501453,52.41830941546784,"https://sun9-32.userapi.com/s/v1/ig2/X-NmmA37m83GQv4xwxERR6I6LqonoGGrKTdJpiK3MVmOmVTYF_i-RDNpQCHdXPtw22RH6zOh833YEEzvU34wKIz2.jpg?quality=95&as=32x43,48x64,72x96,108x144,160x213,240x320,360x480,480x640,540x720,640x853,720x960,1080x1440,1280x1707,1440x1920,1920x2560&from=bu&cs=1920x0",,False,,synagogue,True,False,,,,,,,,,,,,,,,
457239349,-7,-141929201,-141929201,1688545532,2023-07-05 10:25:32,58.007314,56.255479,58.00763133477656,56.255145877976155,40.376225178662175,"https://sun9-43.userapi.com/s/v1/ig2/Yk3b4jL1k0iqnul7SJobWWyQEzoF-YuuZoMUZQwMF1mZaWpbq3qvC-NLqL42oxr_O_8QDYVzR1l47wW3hmRfDaob.jpg?quality=95&as=32x43,48x64,72x96,108x144,160x213,240x320,360x480,480x640,540x720,640x853,720x960,1080x1440,1280x1707,1440x1920,1920x2560&from=bu&cs=1920x0",,False,,or avner habad community center,True,False,,,,,,,,,,,,,,,
456239606,-7,-141285886,-141285886,1561646608,2019-06-27 16:43:28,58.007356,56.255598,58.00763133477656,56.255145877976155,40.58046661986968,"https://sun9-30.userapi.com/s/v1/ig1/P-O31Ijrnqk7KSgfznByFXyM3ivxRjpmqBW98xX2y46gFZ3UgfGQXieLpX9XolS3m5dpV7wX.jpg?quality=96&as=32x32,48x48,72x72,108x108,160x160,240x240,360x360,480x480,540x540,640x640,720x720,960x960&from=bu&cs=960x0",,False,,or avner habad community center,True,False,,,,,,,,,,,,,,,
457240857,-7,-139376495,-139376495,1695297562,2023-09-21 13:59:22,58.00782,56.23461,58.00819896273859,56.23476395501453,43.10373252508328,"https://sun9-63.userapi.com/s/v1/ig2/xClCWibFP4rkrddbxjf5kVQ3AuMLFHB26uNCMifizZZZTAFDgMBkI-yHzAZJbGVlNVLfi0U0akYqWKWG9qKaRgA5.jpg?quality=95&as=32x47,48x70,72x105,108x157,160x233,240x350,360x525,480x699,540x787,640x932,720x1049,1080x1574,1280x1865,1440x2098,1757x2560&from=bu&cs=1757x0",,False,,synagogue,True,False,,,,,,,,,,,,,,,
457290514,-7,-139031873,-139031873,1652868291,2022-05-18 12:04:51,58.007912,56.235297,58.00819896273859,56.23476395501453,44.76910842408243,"https://sun9-80.userapi.com/s/v1/ig2/FI5ItA2yGvrxc9nvzC9CIoieCtkIjHkK1zNg2qLrylE94K2LycAk1qa5eBEOAItpNLghiE1gvbqmDnSvxciDZayO.jpg?quality=95&as=32x43,48x64,72x96,108x144,160x213,240x320,360x480,480x640,540x720,640x853,720x960,1080x1440,1280x1707,1440x1920&from=bu&cs=1440x0",,False,,synagogue,True,False,,,,,,,,,,,,,,,
456239470,-7,-138821516,-138821516,1540298390,2018-10-23 14:39:50,58.007793,56.235562,58.00819896273859,56.23476395501453,65.17671233064395,"https://sun9-44.userapi.com/s/v1/ig1/0ko0eYIVtaYqmR1QpDlW6m4gD7u2JsLALK6T3DszeHmzeSHgAhN50bQNqOWHc00fsuvd3-Hv.jpg?quality=96&as=32x43,48x64,72x96,108x144,160x213,240x320,360x480,480x640,540x720,640x853,720x960,1080x1440,1280x1707,1440x1920,1620x2160&from=bu&cs=1620x0",,False,,synagogue,True,False,,,,,,,,,,,,,,,
457245095,293998190,-138579220,-138579220,1687340446,2023-06-21 11:40:46,58.008203,56.254989,58.00763133477656,56.255145877976155,64.23459711641874,"https://sun9-60.userapi.com/s/v1/if2/9xvUkGMMALMirda8zfmkMyjstJpqvZ9hEeGbLrMhRRxV-Gtpncurud71g7PHQtFYlnpjcnROwBbdNjyjgZqV3acM.jpg?quality=95&as=32x24,48x36,72x54,108x81,160x120,240x180,360x270,480x360,540x405,640x480,720x540,1080x810,1280x960,1440x1080,2560x1920&from=bu&cs=2560x0",,False,,or avner habad community center,True,False,,,,,,,,,,,,,,,
456239646,-7,-135912484,-135912484,1540277081,2018-10-23 08:44:41,58.007174,56.255083,58.00763133477656,56.255145877976155,50.98804263847164,"https://sun9-61.userapi.com/s/v1/if1/hAfJT62X1qHTyVtQ2DLXJ3pYWIZVrSklZ6IIWwPODU1GKMaxwaiZkTlknSn8bc5qmfg6Sny4.jpg?quality=96&as=32x24,48x36,72x54,108x81,160x120,240x180,360x271,480x361,540x406,640x481,720x541,960x722&from=bu&cs=960x0",,False,536.0,or avner habad community center,True,False,,,,,,,,,,,,,,,
456243536,-7,-134717676,-134717676,1540296868,2018-10-23 14:14:28,58.007713,56.254805,58.00763133477656,56.255145877976155,22.0393960369034,"https://sun9-59.userapi.com/s/v1/ig1/kxLWfh4-_Gj0l9wqMCQqNLhqJpXEcHc2v6bRtvPuxVIu5chSHEoyMk8G0XeB_RezH_wja6sz.jpg?quality=96&as=32x43,48x64,72x96,108x144,160x213,240x320,360x480,480x640,540x721,640x854&from=bu&cs=640x0",,False,,or avner habad community center,True,True,,,,,,,,,,,,,,,
456239055,237710961,-132802525,-132802525,1478817502,2016-11-10 23:38:22,58.007856,56.235826,58.00819896273859,56.23476395501453,73.27257258107922,"https://sun9-66.userapi.com/s/v1/ig1/Z3W63VFOPEQCVsBFB586EJj-Dqb_3kXX1C-ds0l2s7LdaMKhRLZzTcMDUn8cvBMOrFB_I2bM.jpg?quality=96&as=32x43,48x64,72x96,108x144,160x213,240x320,360x480,480x640,540x720,640x853,720x960,1080x1440,1224x1632&from=bu&cs=1224x0",,False,,synagogue,True,False,,,,,,,,,,,,,,,
457247692,-7,-131633742,-131633742,1652701949,2022-05-16 13:52:29,58.007715,56.233883,58.00819896273859,56.23476395501453,74.76219782182167,"https://sun9-14.userapi.com/s/v1/ig2/11mlrjx78_VIHEXLWVlhVZHaQEGtLdHGd7jDStvXs3dlXHhBJnnEjnvcGvskqzdI8y-HLJNc2e6ge4jYl4HFN3Rh.jpg?quality=95&as=32x43,48x64,72x96,108x144,160x213,240x320,360x480,480x640,540x720,640x853,720x960,1080x1440,1200x1600&from=bu&cs=1200x0",,False,,synagogue,True,False,,,,,,,,,,,,,,,
435640469,237983843,-130907893,-130907893,1477339001,2016-10-24 21:56:41,58.008017,56.235508,58.00819896273859,56.23476395501453,48.2770062583902,"https://sun9-36.userapi.com/s/v1/if1/dU4ztnwQQG6lR8yoSyce6trPRC5WFshVdPuMS9WPGeHybLpNI8ewt8ZKXHOHyPtLpMprkw.jpg?quality=96&as=32x24,48x36,72x54,108x81,160x120,240x180,360x270,480x360,540x405,640x480,720x540,960x720&from=bu&cs=960x0",,False,,synagogue,True,False,,,,,,,,,,,,,,,
456241773,-7,-130189803,-130189803,1482203730,2016-12-20 04:15:30,58.007954,56.236275,58.00819896273859,56.23476395501453,93.09140550819303,"https://sun9-31.userapi.com/s/v1/if1/z2-qO6QfNvGM51d2ePkY6R36I_1VpJxoKtg2mwQM1cAtybBHLf2XI7adBHTKsLDr_la4pDWu.jpg?quality=96&as=32x24,48x36,72x54,108x81,160x120,240x180,360x270,480x360,540x405,640x480,720x540,960x720&from=bu&cs=960x0",,False,,synagogue,True,False,,,,,,,,,,,,,,,
456240406,-7,-129131427,-129131427,1517569501,2018-02-02 12:05:01,58.008359,56.234503,58.00819896273859,56.23476395501453,23.516043925034463,"https://sun9-74.userapi.com/s/v1/if1/HknEN6QafmXIns16jrq6hiRceIV7Q4Vdrg4833V2LKPNt5IyBnBrRnAzX4P0Af-pAHYokyNc.jpg?quality=96&as=32x25,48x37,72x56,108x84,160x125,240x187,360x280,480x374,540x421,640x498,720x561,1080x841,1280x997,1440x1122,2560x1994&from=bu&cs=2560x0",,False,,synagogue,True,True,,,,,,,,,,,,,,,
456248242,-7,-129075842,-129075842,1550822941,2019-02-22 09:09:01,58.007785,56.234425,58.00819896273859,56.23476395501453,50.17512051177066,"https://sun9-24.userapi.com/s/v1/ig1/ox8ARMXp9L3w14ql4eRVGu00gydCa7zbjz7q3fyKFlkSMLo7Eaov_M3wZpn5lfZgTIBdBT2s.jpg?quality=96&as=32x32,48x48,72x72,108x108,160x160,240x240,360x360,480x480,540x540,640x640,720x720,1080x1080,1270x1270&from=bu&cs=1270x0",,False,,synagogue,True,False,,,,,,,,,,,,,,,
457240536,-7,-128344713,-128344713,1666849044,2022-10-27 07:37:24,58.008016,56.234993,58.00819896273859,56.23476395501453,24.41245746986248,"https://sun9-7.userapi.com/s/v1/ig2/6pO_Ge_hjXL-QmbbAVHOpLGUWJIE90NqWo9IQBxma1YLyLtQxSz5EpEgYaxRXKwGrSKR7PJk2AlLLmMgHBsHBD9M.jpg?quality=95&as=32x50,48x76,72x113,108x170,160x252,240x378,360x567,480x757,540x851,640x1009,720x1135,1080x1702,1218x1920&from=bu&cs=1218x0",,False,,synagogue,True,False,,,,,,,,,,,,,,,
456239186,-7,-128233485,-128233485,1481288579,2016-12-09 14:02:59,58.007848,56.235033,58.00819896273859,56.23476395501453,42.12109371068939,"https://sun9-42.userapi.com/s/v1/ig1/oiuaW8alm4LTxalSdieEFcxYgmjdAZ6MnOsXUZ9MaSE8MG3yIvZSKzqucnQCKmhPkklVNb3H.jpg?quality=96&as=32x32,48x48,72x72,108x108,160x160,240x240,360x360,480x480,540x540,640x640,720x720,960x960&from=bu&cs=960x0","Пятничное обновление кранов! Коллаборация Molotov & GAS - Sea Buckthorn - облепиховый сэйзон , и Plan B - Bathory - охмеленный красный эль. Подробности позже, бежим разливать #molotovbar #молотовбар #molotov #молотов #molotovbeer #bar #perm #barperm #craftbeer #craft #beer #крафтовоепиво #крафт #пиво",False,252.0,synagogue,True,False,,,,,,,,,,,,,,,
457241999,-7,-125242811,-125242811,1584963914,2020-03-23 12:45:14,58.007813,56.234504,58.00819896273859,56.23476395501453,45.567571879464026,"https://sun9-5.userapi.com/s/v1/ig1/EWj2eMhjcgyzT59zQUy894_0Bt1GkG6s1SnA7hL_rXYl2csZ7sRjMoR8EbMziGbM-LXPwaWB.jpg?quality=96&as=32x43,48x64,72x96,108x144,160x213,240x320,360x480,480x640,540x720,640x853,720x960,1080x1440,1280x1707,1440x1920&from=bu&cs=1440x0",,False,,synagogue,True,False,,,,,,,,,,,,,,,
456239351,-7,-124299091,-124299091,1548511406,2019-01-26 15:03:26,58.007974,56.23453,58.00819896273859,56.23476395501453,28.560358847207404,"https://sun9-80.userapi.com/s/v1/ig2/CBrAGKn9hG6fqQtng6o6BPRnXp2oZqIbgcrrNnLDBURavPlj0REZvtWY9z-J30oY3zKgm4zVCGlmyVYW-tqA6CEV.jpg?quality=96&as=32x32,48x48,72x72,108x108,160x160,240x240,360x360,480x480,540x540,640x640,720x720,1080x1080,1280x1280,1440x1440,1500x1500&from=bu&cs=1500x0",,False,,synagogue,True,False,,,,,,,,,,,,,,,
456347401,-7,-124019223,-124019223,1548513959,2019-01-26 15:45:59,58.008072,56.234464,58.00819896273859,56.23476395501453,22.617653464539075,"https://sun9-1.userapi.com/s/v1/ig1/c41QTRzQ5Lqm4XfBZJeM7aJ3_BRPg43KjkkcxiW_N0n_ify3W5QW9BCtwI3-0aEAB1nyUouF.jpg?quality=96&as=32x32,48x48,72x72,108x108,160x160,240x240,360x360,480x480,540x540,640x640,720x720,1080x1080,1230x1230&from=bu&cs=1230x0",,False,,synagogue,True,False,,,,,,,,,,,,,,,
456243727,-7,-124008451,-124008451,1482203787,2016-12-20 04:16:27,58.007954,56.236275,58.00819896273859,56.23476395501453,93.09140550819303,"https://sun9-21.userapi.com/s/v1/if1/phHEbcCU_5olFziGDCbDCmmNVgjzJH0RGjXpjhvhB_wrqYj7rJY6UjnBGtXxmARKZQS3pgSk.jpg?quality=96&as=32x24,48x36,72x54,108x81,160x120,240x180,360x270,480x360,540x405,640x480,720x540,960x720&from=bu&cs=960x0",,False,,synagogue,True,False,,,,,,,,,,,,,,,
457243186,-7,-121675624,-121675624,1580149495,2020-01-27 19:24:55,58.008031,56.235204,58.00819896273859,56.23476395501453,31.95062401689504,"https://sun9-68.userapi.com/s/v1/ig1/w87VIX4rAV3v8vtQ3tWTqPt82MXrTl84ZC49W5UANm24KprFQZZ1qk6sZaQ6DaolgYaZBsh5.jpg?quality=96&as=32x43,48x64,72x96,108x144,160x213,240x320,360x480,480x640,540x720,640x853,720x960,1080x1440,1280x1707,1440x1920&from=bu&cs=1440x0",,False,,synagogue,True,False,,,,,,,,,,,,,,,
456326804,-7,-121133864,-121133864,1548513918,2019-01-26 15:45:18,58.008072,56.234636,58.00819896273859,56.23476395501453,16.00398949728151,"https://sun9-37.userapi.com/s/v1/ig1/nraF09sMTRE2asF37hqdNiwmm6x8XzEbnkF_BNFCah3TbMpqFNtwIG42xALsi8q4XCfL5Lf_.jpg?quality=96&as=32x32,48x48,72x72,108x108,160x160,240x240,360x360,480x480,540x540,640x640,720x720,1080x1080,1230x1230&from=bu&cs=1230x0",,False,,synagogue,True,True,,,,,,,,,,,,,,,
457252543,296301656,-117758009,-117758009,1693615192,2023-09-02 02:39:52,58.007708,56.234293,58.00819896273859,56.23476395501453,61.23812560383689,"https://sun9-14.userapi.com/s/v1/if2/hkxRUJ4h2LS7Jqghl8RuQheGrBJ1aH8jMgv-nB22nYWwH0yW186VscAELudmQT7UK05x1oOXNpKZnFPMQUiGeA8Z.jpg?quality=95&as=32x24,48x36,72x54,108x81,160x120,240x180,360x270,480x360,540x405,640x480,720x540,1080x810,1280x960,1440x1080,2560x1920&from=bu&cs=2560x0",,False,,synagogue,True,False,,,,,,,,,,,,,,,
410824750,-7,-115520718,-115520718,1463483483,2016-05-17 13:11:23,58.007729,56.234782,58.00819896273859,56.23476395501453,52.268283741751546,"https://sun9-74.userapi.com/s/v1/if1/IAl-H5dZk_buZQe0e5a4AUZKvK3jUTvzjROjG2LILOjKT_noxtQZfHdK0OLIb9Y28byNbQ.jpg?quality=96&as=32x24,48x36,72x54,108x81,160x120,240x180,360x270,480x360,540x405,640x480,720x540,960x720&from=bu&cs=960x0",,False,,synagogue,True,False,,,,,,,,,,,,,,,
403263622,228691919,-115070311,-115070311,1455882144,2016-02-19 12:42:24,58.007666,56.234518,58.00819896273859,56.23476395501453,61.00836138371684,"https://sun9-11.userapi.com/s/v1/if1/sX46rzwbSFKXK9RDb2xAkBQZY7gOWjTqsftD25ihEsZnexV9KfNvGt87jjEp49PCCVy8n-zm.jpg?quality=96&as=32x24,48x36,72x54,108x81,160x120,240x180,360x270,480x360,540x405,640x480,720x540,1000x750&from=bu&cs=1000x0",,False,,synagogue,True,False,,,,,,,,,,,,,,,
457240586,-7,-114109418,-114109418,1725556265,2024-09-05 19:11:05,58.007806,56.234914,58.00819896273859,56.23476395501453,44.580569031556806,"https://sun9-58.userapi.com/s/v1/ig2/WXfVMLMMBNLwW5elT25T5QEVtzHuInp0OP3qSoLllvU3KDTkw-qBW3KO771Ae7zZH3GCCv01IiDz_dhmNpiQ-5XU.jpg?quality=95&as=32x43,48x64,72x96,108x144,160x213,240x320,360x480,480x640,540x720,640x853,720x960,1080x1440,1280x1707,1440x1920,1920x2560&from=bu&cs=1920x0",,False,,synagogue,True,False,,,,,,,,,,,,,,,
457309466,-7,-113401884,-113401884,1653383053,2022-05-24 11:04:13,58.007904,56.235191,58.00819896273859,56.23476395501453,41.33571569174063,"https://sun9-1.userapi.com/s/v1/ig2/w9tgniOW2W4MoZMwgj_-PVP06CmXMOw5LZqTCdJFaScQ40ArYAhPkIoYvd9BfNdc8ViuiiR0seP8SYrwZCJ6BhzL.jpg?quality=95&as=32x43,48x64,72x96,108x144,160x213,240x320,360x480,480x640,540x720,640x853,720x960,1080x1440,1280x1707,1440x1920&from=bu&cs=1440x0",,False,,synagogue,True,False,,,,,,,,,,,,,,,
456239090,-7,-110071762,-110071762,1525162621,2018-05-01 10:17:01,58.007793,56.235562,58.00819896273859,56.23476395501453,65.17671233064395,"https://sun9-62.userapi.com/s/v1/if2/z-MLGGGYcI_cKpAut89sLUEi4QzCP53IFvXje1am5rnFuZd7hIJ0Cm8ue4PyCfw2KXpmcrqwCIazYkIrcnLe1bWy.jpg?quality=96&as=32x24,48x36,72x54,108x81,160x120,240x180,360x270,480x360,540x405,640x480,720x540,960x720&from=bu&cs=960x0",,False,,synagogue,True,False,,,,,,,,,,,,,,,
456239195,-7,-107983481,-107983481,1487245946,2017-02-16 12:52:26,58.00772,56.25491,58.00763133477656,56.255145877976155,17.038203041533716,"https://sun9-8.userapi.com/s/v1/ig1/cdOEUyV9eS5ZL02YGhF7nH-WqTtB4ULuoTXwRgpqzW79sb-Wwzv31DKS3BBgjBSbIMQjfbAl.jpg?quality=96&as=32x43,48x64,72x96,108x144,160x213,240x320,360x480,480x640,540x720,640x853,720x960,1080x1440,1280x1707,1440x1920,1620x2160&from=bu&cs=1620x0",,False,,or avner habad community center,True,True,,,,,,,,,,,,,,,
457638905,-7,-107920064,-107920064,1692337694,2023-08-18 07:48:14,58.008107,56.234821,58.00819896273859,56.23476395501453,10.763838839568535,"https://sun9-74.userapi.com/s/v1/ig2/OzMO5cBcMCKicJcKAVJ1b7mXJapeIX6IZeyPUMG6gjZI4J1H7rbSK3GTizdaKcswe729YIq0Ri9lokSQYaeTHHa9.jpg?quality=95&as=32x57,48x85,72x128,108x192,160x284,240x427,360x640,480x853,540x960,640x1138,720x1280,1080x1920,1280x2276,1440x2560&from=bu&cs=1440x0",,False,,synagogue,True,True,,,,,,,,,,,,,,,
457240585,-7,-107908787,-107908787,1604661325,2020-11-06 12:15:25,58.008414,56.255068,58.00763133477656,56.255145877976155,87.14924791400803,"https://sun9-8.userapi.com/s/v1/ig2/sMMs8_H9AicM1JUSP2jgVWKbD6lGn7UjNgxuMWxb2248M_PTRLHj26-R9THd3K4Hb6Nv6iILeaOmCECiDo9d7zuq.jpg?quality=96&as=32x43,48x64,72x96,108x144,160x213,240x320,360x480,480x640,540x720,640x853,720x960,1080x1440,1280x1707,1440x1920&from=bu&cs=1440x0",,False,,or avner habad community center,True,False,,,,,,,,,,,,,,,
404281769,-7,-107411067,-107411067,1455103418,2016-02-10 12:23:38,58.007947,56.236341,58.00819896273859,56.23476395501453,97.03792513124144,"https://sun9-41.userapi.com/s/v1/if1/nEmQICHitmKzthXbeX36YdVjWLP_ykuHtbGuYE22f9UQiC2OQe9G_ozYtrHCHDHYGNl-FzcH.jpg?quality=96&as=32x24,48x36,72x54,108x81,160x120,240x180,360x270,480x360,540x405,640x480,720x540,960x720&from=bu&cs=960x0",,False,109.0,synagogue,True,False,,,,,,,,,,,,,,,
456245444,-7,-106104108,-106104108,1503510259,2017-08-23 19:44:19,58.007736,56.234201,58.00819896273859,56.23476395501453,61.23702930465642,"https://sun9-2.userapi.com/s/v1/if1/rwu3zmbqTGGWtDHVIpi0eEyN2-DaFOWtJRfPI0tv14p1iJ0fLLMt9QOPjJzHCKhQwMx9XZZy.jpg?quality=96&as=32x21,48x32,72x48,108x72,160x107,240x160,360x240,480x320,540x360,640x427,720x480,750x500&from=bu&cs=750x0",,False,,synagogue,True,False,,,,,,,,,,,,,,,
456239636,-7,-106041176,-106041176,1527504100,2018-05-28 12:41:40,58.008169,56.255491,58.00763133477656,56.255145877976155,63.14821631988284,"https://sun9-58.userapi.com/s/v1/ig1/zEHQVslHf7CDOKh8n1GbY6FZ9AwL6oN3d73e5CI9mk9yESYRpx-Ksy0hT8Bo_M-qzHicHvFi.jpg?quality=96&as=32x40,48x60,72x90,108x135,160x200,240x300,360x450,480x600,540x675,640x800,720x900,768x960&from=bu&cs=768x0",,False,594.0,or avner habad community center,True,False,,,,,,,,,,,,,,,
457252837,-7,-106016546,-106016546,1619784338,2021-04-30 14:05:38,58.007813,56.234333,58.00819896273859,56.23476395501453,49.86412382494944,"https://sun9-79.userapi.com/s/v1/ig2/NyqSzpAloVA9pPDn-P60xdavTiLjo94KwDuBbiO1cLmxMNKUHiFwDAMfBkuFdmqYBQOk_NyWMhDg_jFhA5Bbub4P.jpg?quality=96&as=32x43,48x64,72x96,108x144,160x213,240x320,360x480,480x640,540x720,640x853,720x960,1080x1440,1280x1707,1440x1920&from=bu&cs=1440x0",,False,,synagogue,True,False,,,,,,,,,,,,,,,
456239134,-7,-105985518,-105985518,1517759698,2018-02-04 16:54:58,58.007743,56.234134,58.00819896273859,56.23476395501453,62.831699661422014,"https://sun9-3.userapi.com/s/v1/ig2/HQrfv3U0QU8EnPEIgzRYgUqwjVOQ9mKDZk9x_Pjjjl7J8mhaU-NIPKUMrelotPAS6svFM_lu2ZdlLspNpwDJorcg.jpg?quality=96&as=32x43,48x64,72x96,108x144,160x213,240x320,360x480,480x640,540x720,640x853,720x960&from=bu&cs=720x0",,False,956.0,synagogue,True,False,,,,,,,,,,,,,,,
391359448,-7,-105171581,-105171581,1449138795,2015-12-03 11:33:15,58.008239,56.255174,58.00763133477656,56.255145877976155,67.58959692553202,"https://sun9-79.userapi.com/s/v1/ig1/9qc8SXsgSd3QtW7_Yen9QfvYrQosLmyGL_6-FwW0Qp4eSjstLEgZnDp47eCZUySzOxwOrV00.jpg?quality=96&as=32x39,48x58,72x87,108x131,160x193,240x290,360x435,480x580,540x653,640x774,720x871,794x960&from=bu&cs=794x0",,False,,or avner habad community center,True,False,,,,,,,,,,,,,,,
457242326,267657930,-103343395,-103343395,1571935968,2019-10-24 18:52:48,58.007638,56.234267,58.00819896273859,56.23476395501453,68.90494477226193,"https://sun9-57.userapi.com/s/v1/if1/vyQ1K8UBSTISFGR7uBi1BmJdsgNhO81Qe3ke9gyqenQ5ABaf8EQ9sDsduIfbbAAqoi5U5LfS.jpg?quality=96&as=32x24,48x36,72x54,108x81,160x120,240x180,360x270,480x360,540x405,640x480,720x540,1080x810,1280x960,1440x1080,2560x1920&from=bu&cs=2560x0",,False,,synagogue,True,False,,,,,,,,,,,,,,,
457279351,-7,-102792364,-102792364,1661247352,2022-08-23 11:35:52,58.008225,56.255306,58.00763133477656,56.255145877976155,66.68312818688851,"https://sun9-80.userapi.com/s/v1/ig2/rk30rdwANbRIGBpfc3AWbBQt8nJkZ1Wnr7ckm1zUMFak_4AmmN63ONZp6RJP78uCq6zKbt6ao-ogktwEwd8ZWOfi.jpg?quality=95&as=32x57,48x85,72x128,108x192,160x285,240x427,360x641,480x855,540x962,640x1140,720x1282,948x1688&from=bu&cs=948x0",,True,,or avner habad community center,True,False,,,,,,,,,,,,,,,
456273790,-7,-102077192,-102077192,1494887977,2017-05-16 00:39:37,58.007666,56.234174,58.00819896273859,56.23476395501453,68.70214064869789,"https://sun9-31.userapi.com/s/v1/if1/-0-WVSnQ86HztwNXOZN30ERhrnMmifzFMhqXkBObPtytLTrImSKjc8Ks9pDoNr6-46RJXFcs.jpg?quality=96&as=32x24,48x36,72x54,108x81,160x120,240x180,360x270,480x360,540x405,640x480,720x540,960x720&from=bu&cs=960x0",,False,,synagogue,True,False,,,,,,,,,,,,,,,
457249110,-7,-101847722,-101847722,1712055151,2024-04-02 12:52:31,58.007806,56.235086,58.00819896273859,56.23476395501453,47.636456085795615,"https://sun9-68.userapi.com/s/v1/ig2/o6ndvF7SXvNEzF_9bbolcWEa6HIfmZeq1PQ4_HODkh2k26ZWFrPAI2xvS5aTpeS4m5QB__Yak8Bq5ijEdb8BNl64.jpg?quality=95&as=32x43,48x64,72x96,108x144,160x213,240x320,360x480,480x640,540x720,640x853,720x960,1080x1440,1280x1707,1440x1920,1920x2560&from=bu&cs=1920x0",,False,,synagogue,True,False,,,,,,,,,,,,,,,
457241421,-7,-101621744,-101621744,1647244877,2022-03-14 09:01:17,58.007757,56.234518,58.00819896273859,56.23476395501453,51.23553374200081,"https://sun9-22.userapi.com/s/v1/if2/2mSYTiZt43HqALC3RNeAli0Jt4tYEIVdb8m3VRXgMZ3taRMu15665JonieNQ30b1IoJnUkudF1f--oQm-i0h_0Wc.jpg?quality=96&as=32x24,48x36,72x54,108x81,160x120,240x180,360x270,480x360,540x405,640x480,720x540,1080x810,1280x960,1440x1080,1920x1440&from=bu&cs=1920x0",,False,1453.0,synagogue,True,False,,,,,,,,,,,,,,,
457239253,-7,-101263736,-101263736,1652874455,2022-05-18 13:47:35,58.007792,56.234187,58.00819896273859,56.23476395501453,56.595225951601826,"https://sun9-79.userapi.com/s/v1/ig2/D7QMAZ5Mz2j4lIN3rreR2Hcoo86s8IkSJfQ1VAWxU5nOkAkBzRrQZbHD6PasdLQfWU4Jt4sifrm5Rb5wnWy6XR-t.jpg?quality=96&as=32x40,48x60,72x90,108x135,160x200,240x300,360x450,480x600,540x675,640x800,720x900,1080x1350,1178x1472&from=bu&cs=1178x0",,False,122.0,synagogue,True,False,,,,,,,,,,,,,,,
457403148,-7,-100427130,-100427130,1593519840,2020-06-30 14:24:00,58.007757,56.234518,58.00819896273859,56.23476395501453,51.23553374200081,"https://sun9-59.userapi.com/s/v1/ig2/6yDEBzBGVong2WVzn3gvNKdbN493fwC10jBDPVQUCCKO104_ldbyIvox4kGafgyemzfSeefddbpOyOUKAt3WwJod.jpg?quality=96&as=32x32,48x48,72x72,108x108,160x160,240x240,360x359,480x479,540x539,640x639,720x719,1080x1078,1280x1278,1440x1438,1920x1917&from=bu&cs=1920x0",,False,110962.0,synagogue,True,False,,,,,,,,,,,,,,,
456241472,-7,-99638016,-99638016,1494888038,2017-05-16 00:40:38,58.007666,56.234174,58.00819896273859,56.23476395501453,68.70214064869789,"https://sun9-40.userapi.com/s/v1/if1/Aw-1ZKRhasCSzTYvLWhKdO9dCedU2pts5L8qMrdADlPzmQziIFjl7JU_pxmXqMMS7PKdqAuu.jpg?quality=96&as=32x24,48x36,72x54,108x81,160x120,240x180,360x270,480x360,540x405,640x480,720x540,960x720&from=bu&cs=960x0",,False,,synagogue,True,False,,,,,,,,,,,,,,,
456241658,-7,-98537863,-98537863,1548345451,2019-01-24 16:57:31,58.008072,56.234464,58.00819896273859,56.23476395501453,22.617653464539075,"https://sun9-62.userapi.com/s/v1/ig2/YwtQbAqoUVZYjnGtL-0FgAS-jWhaY9ekkKBt3naTAdb9F227BEeVI-GG6RmkkZhsMSVez7oNd4kvDS2apodH1DM4.jpg?quality=96&as=32x32,48x48,72x72,108x108,160x160,240x240,360x360,480x480,540x540,640x640,720x720,1080x1080,1230x1230&from=bu&cs=1230x0",,False,,synagogue,True,False,,,,,,,,,,,,,,,
438869005,-7,-94329480,-94329480,1478067330,2016-11-02 07:15:30,58.008148,56.255517,58.00763133477656,56.255145877976155,61.47007169371025,"https://sun9-16.userapi.com/s/v1/ig1/jj2RrXYxAMpM8skzvafuIxE04AuAyRL-o09m4iTTdK4BiQXa5GwlTeoBP2SObPnkEpJrqBW9.jpg?quality=96&as=32x32,48x48,72x72,108x108,160x161,240x241,360x361,480x482,540x542,640x642,720x723,1080x1084,1280x1285,1440x1445,1925x1932&from=bu&cs=1925x0",,False,,or avner habad community center,True,False,,,,,,,,,,,,,,,
367978549,-7,-93966796,-93966796,1432357601,2015-05-23 07:06:41,58.007973,56.25528,58.00763133477656,56.255145877976155,38.80438718873073,"https://sun9-79.userapi.com/s/v1/if1/zx7oqkjHV9Qqku-MwdZEQJPsC8_ZMcM1k3PNEehjiCl_Bg1FBc1eUGbx0Zb1BrOPxewnNg.jpg?quality=96&as=32x24,48x36,72x54,108x81,160x120,240x180,360x270,480x360,540x405,640x480,720x540,1080x810,1280x960,1440x1080,2560x1920&from=bu&cs=2560x0",,False,22.0,or avner habad community center,True,False,,,,,,,,,,,,,,,
456255929,-7,-93489435,-93489435,1506239296,2017-09-24 09:48:16,58.007104,56.2554,58.00763133477656,56.255145877976155,60.51792828820486,"https://sun9-34.userapi.com/s/v1/if1/4MI8kNtd6zT6k2YD_IoI0K5ps-W0uFZnykoZr67OBPKV6zUS502w3KGtfCGt2LnMBZ-rvA.jpg?quality=96&as=32x24,48x36,72x54,108x81,160x120,240x180,360x270,480x359,540x404,640x479,720x539,960x719&from=bu&cs=960x0",,False,,or avner habad community center,True,False,,,,,,,,,,,,,,,
369100537,214820518,-91891710,-91891710,1435513239,2015-06-28 19:40:39,58.007709,56.236011,58.00819896273859,56.23476395501453,91.462131381659,"https://sun9-16.userapi.com/s/v1/ig1/MFPIZueASZagoH_NPvHkA-0-pnbt5xnZYuRZIBzVmWSEzqGWRtCpl6tFiLM7U3Jy34TwdQ.jpg?quality=96&as=32x41,48x62,72x93,108x139,160x206,240x309,360x463,480x617,540x695,640x823,720x926,960x1235&from=bu&cs=960x0","Обувь для пляжа, размер: 40. Цена: 435 руб.",False,,synagogue,True,False,,,,,,,,,,,,,,,
457248240,-7,-89885646,-89885646,1724759264,2024-08-27 13:47:44,58.008317,56.2349,58.00819896273859,56.23476395501453,15.37861529780568,"https://sun9-45.userapi.com/s/v1/ig2/_BtGHxcEbM8A7EydGXPYgOFEkYzzzB66h3FZOcu2cTxpvfd2Vf4gB3U8TZ6I1KsfZmMGDsyzBtCQM7JM6eCsdSVA.jpg?quality=95&as=32x43,48x64,72x96,108x144,160x213,240x320,360x480,480x640,540x720,640x853,720x960,1080x1440,1280x1707,1440x1920,1920x2560&from=bu&cs=1920x0",,False,10673.0,synagogue,True,False,,,,,,,,,,,,,,,
426755012,-7,-89696125,-89696125,1467480794,2016-07-02 19:33:14,58.007666,56.234518,58.00819896273859,56.23476395501453,61.00836138371684,"https://sun9-86.userapi.com/s/v1/if1/pWTN5jxDwQv4n_IE_46stRx3V9vIhzIlaoV6yyynqPmRyNFyw_klELukBr_QvoHBcBthZPEN.jpg?quality=96&as=32x24,48x36,72x54,108x81,160x120,240x180,360x270,480x360,540x405,640x480,720x540,1000x750&from=bu&cs=1000x0",,False,,synagogue,True,False,,,,,,,,,,,,,,,
457240045,-7,-89288568,-89288568,1571313978,2019-10-17 14:06:18,58.007758,56.236064,58.00819896273859,56.23476395501453,90.93854258897306,"https://sun9-10.userapi.com/s/v1/if1/8yhXLpwCV5CYTtTWSPQqULLP0sL3UyyfnIXRAvxPD7kZTfyFJEtsj43ZBFOlVRpAE43A0nrL.jpg?quality=96&as=32x24,48x36,72x54,108x81,160x120,240x180,360x270,480x360,540x405,640x480,720x540,1080x810,1280x960&from=bu&cs=1280x0",,False,,synagogue,True,False,,,,,,,,,,,,,,,
457244024,-7,-85052905,-85052905,1569433298,2019-09-25 19:41:38,58.00819,56.255293,58.00763133477656,56.255145877976155,62.7224495291624,"https://sun9-55.userapi.com/s/v1/ig1/PTdQzp95qTB2HCnt5uqAbs52jUsvrS8jSsWLy5ZZU7IPxGRZ5JEfciTkTLAroAgBfYxedjuN.jpg?quality=96&as=32x43,48x64,72x96,108x144,160x214,240x320,360x481,480x641,540x721,640x855,719x960&from=bu&cs=719x0",,False,,or avner habad community center,True,False,,,,,,,,,,,,,,,
456239401,251159164,-83608704,-83608704,1544503214,2018-12-11 05:40:14,58.007841,56.234412,58.00819896273859,56.23476395501453,44.88018947431314,"https://sun9-50.userapi.com/s/v1/ig1/j60qIe1RUQlw7zIz5lClSQIvIl5xfrXWLZfvTGOGdxd67JV5zAbFFpVYOCkhSlbNn-MS7YCb.jpg?quality=96&as=32x43,48x64,72x96,108x144,160x213,240x320,360x480,480x640,540x720,640x853,720x960,1000x1333&from=bu&cs=1000x0",,False,,synagogue,True,False,,,,,,,,,,,,,,,
381455112,-7,-82141760,-82141760,1443505208,2015-09-29 07:40:08,58.007784,56.255862,58.00763133477656,56.255145877976155,45.475182696559486,"https://sun9-38.userapi.com/s/v1/if1/4fpK-cViOzSRGZNpfQYEH_1SaTWFkm7x18IxVpmcCx4Z-glgUPuwfVrol1rOHxAJudBlc8DB.jpg?quality=96&as=32x18,48x27,72x41,108x61,160x90,240x135,360x203,480x270,540x304,640x360,720x405,1080x608,1280x720,1333x750&from=bu&cs=1333x0",,False,,or avner habad community center,True,False,,,,,,,,,,,,,,,
422260472,-7,-79968906,-79968906,1469193192,2016-07-22 15:13:12,58.008023,56.234755,58.00819896273859,56.23476395501453,19.57327448011636,"https://sun9-45.userapi.com/s/v1/if1/O3OsfOYJ-UsBUfTkkzQxqERjoJzyxbHrQMLludt8e4EnfCmj-Ew8-Hy9Qg_HekxvX0sDUNk6.jpg?quality=96&as=32x25,48x38,72x56,108x85,160x125,240x188,360x282,480x376,540x423,640x502,720x565,1080x847,1280x1004,1440x1129,2172x1703&from=bu&cs=2172x0",,False,162.0,synagogue,True,True,,,,,,,,,,,,,,,
362868497,-7,-79518989,-79518989,1429365761,2015-04-18 16:02:41,58.007653,56.235681,58.00819896273859,56.23476395501453,81.26574453369038,"https://sun9-86.userapi.com/s/v1/ig1/QTB9mS3IUWGm48MEXR-pbwPzIl9rnhqjfb8M4oSYNW77NVQZTl39BhpMmXVOa4VUk_6Zm3yr.jpg?quality=96&as=32x52,48x79,72x118,108x177,160x262,240x393,360x590,480x787,540x885,640x1049,720x1180,918x1505&from=bu&cs=918x0",,False,,synagogue,True,False,,,,,,,,,,,,,,,
457239319,-7,-78586781,-78586781,1564597963,2019-07-31 20:32:43,58.008211,56.25561,58.00763133477656,56.255145877976155,70.0152903822313,"https://sun9-79.userapi.com/s/v1/ig1/vP8O6SfrOtMIJwXpP_Ccx8CHoZNvxwhdAyR7LDc1bxng73GgFKLfQJUdrJ4wv9eiHlWynqP1.jpg?quality=96&as=32x43,48x64,72x96,108x144,160x213,240x320,360x480,480x640,540x720,640x853,720x960,1080x1440,1280x1707,1440x1920,1620x2160&from=bu&cs=1620x0",,False,,or avner habad community center,True,False,,,,,,,,,,,,,,,
457242281,-7,-76634753,-76634753,1634806603,2021-10-21 10:56:43,58.007581,56.255545,58.00763133477656,56.255145877976155,24.169968794546957,"https://sun9-18.userapi.com/s/v1/ig2/q7fs-pj2YULpTm5iIiJeSb9SoZCB7Igz0gdKs-Xta2weLTm_HlRI4jBzX8c7jDdrKdcf0GmzlcLz0Np4aWIjaq__.jpg?quality=96&as=32x43,48x64,72x96,108x144,160x213,240x320,360x480,480x640,540x721,640x854,720x961,1080x1441,1280x1708,1388x1852&from=bu&cs=1388x0",,False,,or avner habad community center,True,False,,,,,,,,,,,,,,,
337701033,201420978,-76170160,-76170160,1409050135,2014-08-26 12:48:55,58.007912,56.235641,58.00819896273859,56.23476395501453,60.72659197988801,"https://sun9-29.userapi.com/s/v1/ig2/pBdUjXTzs-Wr8eGH0c7tSUTNFyoN5nbaC0jc2FNuUosMQ7ZGEzM2-pFB3r8Wx2wDSg4rqSX8G89zu63gdRKvcE5B.jpg?quality=96&as=32x32,48x48,72x72,108x108,160x160,240x240,360x360,480x480,540x540,640x640,720x720,1024x1024&from=bu&cs=1024x0",,False,,synagogue,True,False,,,,,,,,,,,,,,,
456239284,-7,-75252175,-75252175,1484977517,2017-01-21 06:45:17,58.007912,56.235812,58.00819896273859,56.23476395501453,69.4994897265836,"https://sun9-49.userapi.com/s/v1/ig1/EnAkXh1aRb-qEMwrZpG-MWUSqQcA3Hv-BgVxCNjCM4JlXMTcYaFqaDM4N_QCJOU6TuH_vlZ0.jpg?quality=96&as=32x32,48x48,72x72,108x108,160x160,240x240,360x360,480x480,540x540,640x640,720x720,960x960&from=bu&cs=960x0",,False,,synagogue,True,False,,,,,,,,,,,,,,,
346203268,-7,-72846494,-72846494,1416727039,2014-11-23 08:17:19,58.007671,56.255029,58.00763133477656,56.255145877976155,8.176982696149054,"https://sun9-52.userapi.com/s/v1/if1/4PLgT12MDpjlwKARA8th9pNzjZ8pyKXCxdZ6PRAnFfapIcKq-a6VKcFCLNfV1yrmQL5q1Q.jpg?quality=96&as=32x24,48x36,72x54,108x81,160x120,240x180,360x270,480x360,540x405,640x480,720x540,1080x810,1280x960,1440x1080,2560x1920&from=bu&cs=2560x0",,False,,or avner habad community center,True,True,,,,,,,,,,,,,,,
457239343,284424720,-70968396,-70968396,1647011579,2022-03-11 16:12:59,58.007905,56.235535,58.00819896273859,56.23476395501453,55.961667216666235,"https://sun9-53.userapi.com/s/v1/ig2/9VIHpvkm0z4sdVRCEfTRXCnE17DCIlVzoGwbny-e3L7uJ7X61uW1SMa6LRrYNi-uTyPfWYnqmJVkpoq-F-LTp7Uw.jpg?quality=96&as=32x43,48x64,72x96,108x144,160x213,240x320,360x480,480x640,540x720,640x853,720x960,1080x1440,1280x1707,1440x1920,1620x2160&from=bu&cs=1620x0",,False,,synagogue,True,False,,,,,,,,,,,,,,,
457242243,-7,-69074087,-69074087,1574172431,2019-11-19 15:07:11,58.007799,56.234465,58.00819896273859,56.23476395501453,47.83405104017318,"https://sun9-40.userapi.com/s/v1/ig1/t9v1JlCJnXqCtD9NOY8OupOvv3ajwL_Rc4oEco91jBeYzMPQ_i2AgycixB7u8_6zFTTXnOZE.jpg?quality=96&as=32x44,48x67,72x100,108x150,160x222,240x334,360x500,480x667,540x750,640x889,720x1001,921x1280&from=bu&cs=921x0",,False,,synagogue,True,False,,,,,,,,,,,,,,,
457306593,-7,-67126544,-67126544,1589226294,2020-05-11 21:44:54,58.008394,56.234688,58.00819896273859,56.23476395501453,22.143946073653986,"https://sun9-66.userapi.com/s/v1/ig2/WqHI8Y_KOJKpjKxBKDSh04Z9CDshwMr-Stzwe8Ygw7lVYmd0mgX5lbIRPcUb8Jpczhl8UJMhhYBJBk1_fmCk-uZn.jpg?quality=96&as=32x43,48x64,72x96,108x144,160x213,240x320,360x480,480x640,540x721,640x854,720x961,990x1321&from=bu&cs=990x0",,False,,synagogue,True,False,,,,,,,,,,,,,,,
457240611,-7,-67125411,-67125411,1577519825,2019-12-28 08:57:05,58.008071,56.255557,58.00763133477656,56.255145877976155,54.55902535123132,"https://sun9-58.userapi.com/s/v1/if2/Ks39wpTWFP0turrkQpadE13UBLf0r0SLm5oleWSj5VIeoHOlcTtJyJFjpe3b8aGhHphnqTWnwtQcAWWbG9-t0v1B.jpg?quality=96&as=32x24,48x36,72x54,108x81,160x120,240x180,360x270,480x360,540x405,640x480,720x540,1080x810,1280x960,1440x1080,2560x1920&from=bu&cs=2560x0",,False,,or avner habad community center,True,False,,,,,,,,,,,,,,,
456466800,-7,-66768601,-66768601,1539258360,2018-10-11 13:46:00,58.007958,56.255068,58.00763133477656,56.255145877976155,36.61211123647016,"https://sun9-64.userapi.com/s/v1/if1/So_YRXa1TOrpscoBNqLjwZL6uQ8A9Qt-eCPjrEi-nfUVjnBA1tVFkklDI2emSD8vXCWuX8LH.jpg?quality=96&as=32x24,48x36,72x54,108x81,160x120,240x180,360x270,480x360,540x405,640x480,720x540,960x720&from=bu&cs=960x0",,False,,or avner habad community center,True,False,,,,,,,,,,,,,,,
394135164,-7,-64539764,-64539764,1448895527,2015-11-30 15:58:47,58.008317,56.234384,58.00819896273859,56.23476395501453,25.947782967266487,"https://sun9-76.userapi.com/s/v1/ig1/DK6MM3TFWMpnrQoaKyXNKkvfRx6exM0xHSL5tuPyYqeoZOGUwQB_KeMr3LA6LNAMT7DBHtUl.jpg?quality=96&as=32x43,48x64,72x96,108x144,160x213,240x320,360x480,480x640,540x720,640x853,720x960,1080x1440,1224x1632&from=bu&cs=1224x0",,False,1188.0,synagogue,True,False,,,,,,,,,,,,,,,
457253484,-7,-63010439,-63010439,1568370073,2019-09-13 12:21:13,58.007813,56.234161,58.00819896273859,56.23476395501453,55.709989763387846,"https://sun9-85.userapi.com/s/v1/ig1/SFdpXd1mFp6DBHqKgL9Ub4zkU_IHxxWxuiORHLJjTKJ-OHxLMKrXvHoOqCndyxROUEF3lWtw.jpg?quality=96&as=32x32,48x48,72x72,108x108,160x160,240x240,360x360,480x480,540x540,640x640,720x721,1080x1081,1279x1280&from=bu&cs=1279x0",,False,,synagogue,True,False,,,,,,,,,,,,,,,
456251395,-7,-62924427,-62924427,1505055017,2017-09-10 16:50:17,58.007835,56.235337,58.00819896273859,56.23476395501453,52.702357521241574,"https://sun9-19.userapi.com/s/v1/if1/liyDlGst3ofDomUKyL23M-H6PLsc5nv8VAtjnQlW7amq-apVM4sjC5iYbjWShb4lYA76y33t.jpg?quality=96&as=32x31,48x46,72x69,108x104,160x154,240x231,360x346,480x462,540x520,640x616,720x693,960x924&from=bu&cs=960x0",,False,,synagogue,True,False,,,,,,,,,,,,,,,
345170176,-7,-62313481,-62313481,1415021724,2014-11-03 14:35:24,58.007729,56.234095,58.00819896273859,56.23476395501453,65.45158156307099,"https://sun9-20.userapi.com/s/v1/ig1/jxYEwPs-6NsBqVTt1uoqYdroFHbGIb4gtEpVQMynE3UmJ3JcNsZrp9CdmVVfVfFbvYx1tw.jpg?quality=96&as=32x43,48x64,72x96,108x144,160x213,240x320,360x480,480x640,540x720,640x853,720x960,960x1280&from=bu&cs=960x0",,False,47.0,synagogue,True,False,,,,,,,,,,,,,,,
456239055,247181331,-59130396,-59130396,1501658048,2017-08-02 09:14:08,58.007932,56.234755,58.00819896273859,56.23476395501453,29.6895894734525,"https://sun9-58.userapi.com/s/v1/ig1/54b5RZzLy2qoZqMVNW8-q2PNXU9NZBQAkG2_Gv1ea2UwzcjtCEFxl8ITt-InE-RxJicCyA.jpg?quality=96&as=32x43,48x64,72x96,108x144,160x214,240x320,360x481,480x641,540x721,640x855,719x960&from=bu&cs=719x0",,False,,synagogue,True,False,,,,,,,,,,,,,,,
311439798,180001328,-59033936,-59033936,1380446485,2013-09-29 11:21:25,58.007911,56.234782,58.00819896273859,56.23476395501453,32.037637117550986,"https://sun9-86.userapi.com/s/v1/ig2/-CdyThHNOm8UmLQ-pMiHVi97misWF7pcbVIYc3RcKa9bYeSNJnZOKtQZECdAFF_cUltWzvuqajhMjll5pqHKmSei.jpg?quality=96&as=32x43,48x64,72x96,108x144,160x213,240x320,360x480,480x640,540x720,640x853,720x960&from=bu&cs=720x0",,False,,synagogue,True,False,,,,,,,,,,,,,,,
456239042,-7,-58954545,-58954545,1482393647,2016-12-22 09:00:47,58.007708,56.234809,58.00819896273859,56.23476395501453,54.65702261040432,"https://sun9-6.userapi.com/s/v1/ig1/Zl9k-ytUI9Dx1Nz4YoO4KT9XWDs81NiSHE-LyYYyGBvQG8BwIpqe0Ak_QIRORXeW5dFiSbnV.jpg?quality=96&as=32x43,48x64,72x96,108x144,160x213,240x320,360x480,480x640,540x720,640x853,720x960&from=bu&cs=720x0",,False,,synagogue,True,False,,,,,,,,,,,,,,,
457278035,-7,-58825873,-58825873,1626948586,2021-07-22 12:09:46,58.007849,56.235548,58.00819896273859,56.23476395501453,60.39641548066172,"https://sun9-62.userapi.com/s/v1/if2/o9526_XmSuynBWye4Mk_g6fjbIslqYu0gaMkJ36169QPoqWYEf-H41DQlX_yuF0r3myuJeTNzZLQqU8NZj_hF7qx.jpg?quality=96&as=32x24,48x36,72x54,108x81,160x120,240x180,360x270,480x360,540x405,640x480,720x540,1080x810,1280x960,1440x1080,2560x1920&from=bu&cs=2560x0",,False,36995.0,synagogue,True,False,,,,,,,,,,,,,,,
457265654,-7,-58452971,-58452971,1589227210,2020-05-11 22:00:10,58.008394,56.234688,58.00819896273859,56.23476395501453,22.143946073653986,"https://sun9-1.userapi.com/s/v1/ig2/gJjPx0OXK7FFh3Ck-hKpTueb87MKTWKvyDpxk0vRTvncRke7iEZoxgrxYkMh6ijQH3CFeDcX6KAJhUpU3nR8xUv9.jpg?quality=96&as=32x43,48x64,72x96,108x144,160x213,240x320,360x480,480x640,540x721,640x854,720x961,990x1321&from=bu&cs=990x0",,False,,synagogue,True,False,,,,,,,,,,,,,,,
426439547,235375970,-58351133,-58351133,1470424207,2016-08-05 21:10:07,58.008056,56.255174,58.00763133477656,56.255145877976155,47.24967176709179,"https://sun9-3.userapi.com/s/v1/ig1/6LT4HGzYpHxKRlNEG_ZNXzYQaOg1hGXETt65LWFW47HWQ8ANiokCv9VAHjGypL8j22ojxlai.jpg?quality=96&as=32x32,48x48,72x72,108x108,160x160,240x240,360x360,480x480,540x540,640x640,720x720,960x960&from=bu&cs=960x0",,False,,or avner habad community center,True,False,,,,,,,,,,,,,,,
423410026,-7,-58243202,-58243202,1467227480,2016-06-29 21:11:20,58.008066,56.235733,58.00819896273859,56.23476395501453,58.970809409678445,"https://sun9-32.userapi.com/s/v1/if1/jXK4fKHL6tig9gYpQQbKXH9iZWsqZrS8HOmWrfWq-5vIimehrcBFw0_g4ZwlhIrhzh-maVc5.jpg?quality=96&as=32x24,48x36,72x54,108x81,160x120,240x180,360x270,480x360,540x405,640x480,720x540,1080x810,1280x960,1440x1080,2560x1920&from=bu&cs=2560x0",,False,,synagogue,True,False,,,,,,,,,,,,,,,
457433959,-7,-54097808,-54097808,1681802491,2023-04-18 09:21:31,58.00801,56.235403,58.00819896273859,56.23476395501453,43.11346849991991,"https://sun9-53.userapi.com/s/v1/ig2/laVzNbaVlg96AxRv6VCZdDVclXhARRsTclOLbfJt4WXb_KbN0WR9gxoSy9oMQEk_56laHwOgIU9Zu5_WGRoleAQN.jpg?quality=95&as=32x43,48x64,72x96,108x144,160x213,240x320,360x479,480x639,540x719,640x852,720x959,1080x1438,1280x1705,1440x1918,1922x2560&from=bu&cs=1922x0",,False,,synagogue,True,False,,,,,,,,,,,,,,,
456239718,-7,-53272954,-53272954,1545030977,2018-12-17 08:16:17,58.00831,56.234278,58.00819896273859,56.23476395501453,31.17697599710091,"https://sun9-35.userapi.com/s/v1/ig1/61KJiSKwd1m3Wu_deOJXfyJ15YKxItthWNgSeKHSXeY7imHTmGtUKsolZGxPoDRJL_QOVNUt.jpg?quality=96&as=32x32,48x48,72x72,108x108,160x160,240x240,360x360,480x480,540x540,640x640,720x720,1080x1080,1280x1280,1440x1440,2160x2160&from=bu&cs=2160x0",,False,3305.0,synagogue,True,False,,,,,,,,,,,,,,,
457252253,-7,-53041106,-53041106,1640703871,2021-12-28 16:04:31,58.007799,56.23498,58.00819896273859,56.23476395501453,46.259157179456274,"https://sun9-34.userapi.com/s/v1/ig2/Mxjv1dpB-uq2CSwMuqfEQMfRrSRiLTlaG_hfU5r_ndKufR7uMupihdln5DGhpIGGvS6Wp7-LtYs9oeazASoH2avc.jpg?quality=96&as=32x32,48x48,72x72,108x108,160x160,240x240,360x360,480x479,540x539,640x639,720x719,1080x1079,1280x1279,1440x1438,1920x1918&from=bu&cs=1920x0",,False,,synagogue,True,False,,,,,,,,,,,,,,,
456239147,-7,-53012131,-53012131,1547479173,2019-01-14 16:19:33,58.007695,56.235972,58.00819896273859,56.23476395501453,90.58186252996494,"https://sun9-26.userapi.com/s/v1/ig2/VsFVHRbVP1nYQTPspu0KCaHFXZCmxYiSSo1t0G0zqAsQ3HpaoWpvXDK09IvnajmHPPn-pOvc7RyQ7K551Eaogp0a.jpg?quality=96&as=32x32,48x48,72x72,108x108,160x160,240x240,360x361,480x481,540x541,640x641,720x721,958x960&from=bu&cs=958x0",,False,777.0,synagogue,True,False,,,,,,,,,,,,,,,
457243092,-7,-50187499,-50187499,1733737214,2024-12-09 10:40:14,58.007806,56.234399,58.00819896273859,56.23476395501453,48.698462152861765,"https://sun9-77.userapi.com/s/v1/ig2/ByzA3sEYnjE1S6x2Icm4gAB2ztvk9968dwfQiA78-LL8yUHtJMAmt9g6Z6ISTwP1zl9XPy49Sg2BhPmxbHF4ipCz.jpg?quality=95&as=32x43,48x64,72x96,108x144,160x213,240x320,360x480,480x640,540x720,640x853,720x960,1080x1440,1280x1707,1440x1920,1920x2560&from=bu&cs=1920x0",,False,2062.0,synagogue,True,False,,,,,,,,,,,,,,,
457240138,-7,-49745068,-49745068,1579156443,2020-01-16 07:34:03,58.007722,56.234848,58.00819896273859,56.23476395501453,53.266446245787506,"https://sun9-64.userapi.com/s/v1/ig1/HNE7DiYv02ZhIDuZ5CJeI1-zlrm3Z01nXwrKj5uw9OE-roQzO9S--73UMOx2ukc6YVeJVBUt.jpg?quality=96&as=32x43,48x64,72x96,108x144,160x213,240x320,360x480,480x640,540x720,640x853,720x960,1000x1333&from=bu&cs=1000x0",,False,,synagogue,True,False,,,,,,,,,,,,,,,
456239263,-7,-47407131,-47407131,1498582067,2017-06-27 18:47:47,58.007827,56.235059,58.00819896273859,56.23476395501453,44.86417887070415,"https://sun9-38.userapi.com/s/v1/ig1/uyAh42TvGTu8N_kv6k5ush_O_NDEQ9Hj8Qvs_N-SDFSfT8CPIi-nTUYHuRDmLGn2HeWB4wnC.jpg?quality=96&as=32x32,48x48,72x72,108x108,160x160,240x240,360x360,480x480,540x540,640x640,720x720,960x960&from=bu&cs=960x0",,False,,synagogue,True,False,,,,,,,,,,,,,,,
456239661,247407234,-46008634,-46008634,1507630325,2017-10-10 12:12:05,58.008289,56.234649,58.00819896273859,56.23476395501453,12.0869782780856,"https://sun9-80.userapi.com/s/v1/ig1/u7Iy-JH51Nw9yC0tO9RwaLAsmtS_wofMw3v-P_Dnvs6ioKQPf36cwzexFMV6CdtCZuUSdNWG.jpg?quality=96&as=32x43,48x64,72x96,108x144,160x213,240x320,360x480,480x640&from=bu&cs=480x0",,False,,synagogue,True,True,,,,,,,,,,,,,,,
457243473,-7,-45599649,-45599649,1703420189,2023-12-24 13:16:29,58.00773,56.235813,58.00819896273859,56.23476395501453,80.86123393239784,"https://sun9-27.userapi.com/s/v1/if2/4C3XhPkJh62V69haKNOi5w2r4FEHnXPsUzNcnlh41HqB4tE80Y8TmxWiXJ_RUcJwKTVpL96avt47no9zySDcVnzL.jpg?quality=96&as=32x24,48x36,72x54,108x81,160x120,240x180,360x270,480x360,540x405,640x480,720x540,1080x810,1280x960,1440x1080,1837x1378&from=bu&cs=1837x0",,False,12188.0,synagogue,True,False,,,,,,,,,,,,,,,
456239428,-7,-45316740,-45316740,1489140051,2017-03-10 11:00:51,58.008059,56.236143,58.00819896273859,56.23476395501453,82.7181251120391,"https://sun9-72.userapi.com/s/v1/ig1/sYs9cDPDxoSLnZwDlgn2kLW8kR4EFnqoWu4UQ2k_qw5YnAorynK97O0uMsEO4QDg6NTrKoH4.jpg?quality=96&as=32x40,48x60,72x90,108x135,160x200,240x300,360x450,480x600,540x675,640x800,720x900,1080x1350,1280x1600,1440x1800,1728x2160&from=bu&cs=1728x0",,False,,synagogue,True,False,,,,,,,,,,,,,,,
457321184,301537621,-43730800,-43730800,1753253693,2025-07-23 08:54:53,58.0078,56.236011,58.00819896273859,56.23476395501453,85.8203422920039,"https://sun9-85.userapi.com/s/v1/ig2/NJQeeTWYm2m32at5WbePW1N_exRpjRGzfW7tADPG75tg8vFkhKPt46PAbXhtTIDwz13eDINQ440PNR-Y1uz2Rajq.jpg?quality=95&as=32x32,48x48,72x72,108x108,160x160,240x240,360x360,480x480,540x540,640x640,720x720,1080x1080,1280x1280,1440x1441,2559x2560&from=bu&cs=2559x0",Продано,False,,synagogue,True,False,,,,,,,,,,,,,,,
395616733,-7,-41613717,-41613717,1451877874,2016-01-04 04:24:34,58.007813,56.234504,58.00819896273859,56.23476395501453,45.567571879464026,"https://sun9-84.userapi.com/s/v1/ig1/49CLnp_6tHiNLVGpa05hppCPeBcydWGIXjw3PkPFK5Oi6yKabN4t7HWPV0H3GJ77ApRFOntt.jpg?quality=96&as=32x32,48x48,72x72,108x108,160x160,240x240,360x360,480x480,540x540,640x640,720x720,960x960&from=bu&cs=960x0",,False,,synagogue,True,False,,,,,,,,,,,,,,,
456246449,-7,-40805870,-40805870,1527096012,2018-05-23 19:20:12,58.007321,56.255413,58.00763133477656,56.255145877976155,37.9265320582487,"https://sun9-7.userapi.com/s/v1/if1/T09guwesTOPg31-DHsNWVcTgjIXFHSSjqiNqz8SPGuRAFRAPo9nHuxhh8xgJLmrj72dE8Sw-.jpg?quality=96&as=32x24,48x36,72x54,108x81,160x120,240x180,360x270,480x360,540x405,640x480,720x540,1080x810,1280x960,1440x1080,2560x1920&from=bu&cs=2560x0",,False,,or avner habad community center,True,False,,,,,,,,,,,,,,,
457239434,-7,-40076944,-40076944,1661170554,2022-08-22 14:15:54,58.008198,56.234992,58.00819896273859,56.23476395501453,13.434748137224169,"https://sun9-31.userapi.com/s/v1/ig2/3gqEzZ3_g3WP-Np7GbnHDU24Mx_Jnadnn4jZmTMAVyLF25uo7oGMe0v8BLL-tnhiEPvAc5vFc3_PCDBeC-hRNO97.jpg?quality=95&as=32x43,48x64,72x96,108x144,160x213,240x320,360x480,480x640,540x720,640x853,720x960,1080x1440,1200x1600&from=bu&cs=1200x0",,False,,synagogue,True,False,,,,,,,,,,,,,,,
456240477,-7,-38130267,-38130267,1491283646,2017-04-04 07:27:26,58.008359,56.234503,58.00819896273859,56.23476395501453,23.516043925034463,"https://sun9-67.userapi.com/s/v1/ig2/d2nHGlMVXn5kx6YvelvMEwXMebjtfCdiCZmCyx095Q5jC_fuD5ILP5iBlqRcfatywooba70yJMf3FbF6Dqldnw4y.jpg?quality=96&as=32x32,48x48,72x72,108x108,160x160,240x240,360x360,480x480,540x540,640x640,720x720,960x960&from=bu&cs=960x0",,False,58364.0,synagogue,True,True,,,,,,,,,,,,,,,
314770739,-7,-38027280,-38027280,1383111557,2013-10-30 06:39:17,58.007771,56.235073,58.00819896273859,56.23476395501453,50.95111130841567,"https://sun9-5.userapi.com/s/v1/if2/RRGfzz0l-RI9zzlcO8a19XZbn8c5AF1ZNM47egGmCKJDrWviT9cwlhXmlZbkyyEuZJaziTEw7CvzeIvIIfxr8zuL.jpg?quality=96&as=32x24,48x36,72x54,108x81,160x120,240x180,360x270,448x336&from=bu&cs=448x0",,False,1075.0,synagogue,True,False,,,,,,,,,,,,,,,
457239114,-7,-36626791,-36626791,1700025461,2023-11-15 06:17:41,58.007807,56.235429,58.00819896273859,56.23476395501453,58.6050251154996,"https://sun9-55.userapi.com/s/v1/ig2/NixAK0hAx3k6q2NE64A3JtSC-j2bwxZsIO4VF-7wRcPRR0iCHYgFQ9CQ9Jj3ItDbKS16nqj8xTNi5FLGS47axYwX.jpg?quality=95&as=32x43,48x64,72x96,108x144,160x213,240x320,360x480,480x640,540x720,640x853,720x960,1080x1440,1280x1707,1440x1920,1920x2560&from=bu&cs=1920x0",,False,,synagogue,True,False,,,,,,,,,,,,,,,
457243821,-7,-35464396,-35464396,1660751070,2022-08-17 17:44:30,58.008197,56.255398,58.00763133477656,56.255145877976155,64.6289715440721,"https://sun9-31.userapi.com/s/v1/ig2/ns4W0WJ1DHFo6wZW1TzSn14R0StZE_-R88px3mT-KDBPBMZSjWvyd8Yh_o2rX66QkluVxfqkh_rADmo479MsQJQZ.jpg?quality=95&as=32x43,48x64,72x96,108x144,160x214,240x320,360x481,480x641,540x721,640x855,720x962,1080x1442,1264x1688&from=bu&cs=1264x0",,False,25349.0,or avner habad community center,True,False,,,,,,,,,,,,,,,
456239111,-7,-34355441,-34355441,1478754520,2016-11-10 06:08:40,58.007979,56.255042,58.00763133477656,56.255145877976155,39.139974828660094,"https://sun9-44.userapi.com/s/v1/if1/hJ75ReV9sEfdtMrE16bNoCJ0qrpw3HgqZoUNNzqbnKc8twX5PtbUujAL80KDqKybsgNatcsv.jpg?quality=96&as=32x24,48x36,72x54,108x81,160x120,240x180,360x270,480x360,540x405,640x480,720x540,960x720&from=bu&cs=960x0",,False,336344.0,or avner habad community center,True,False,,,,,,,,,,,,,,,
457278136,-7,-32557779,-32557779,1650015184,2022-04-15 11:33:04,58.007821,56.235297,58.00819896273859,56.23476395501453,52.46349254372161,"https://sun9-2.userapi.com/s/v1/ig2/3aDj3aqsrzSpdDrDAWmt5K23LYekjVoYvD4VckIa1tzuui9k7RU2UT-X_PA0FUA9ibBuW0MIg91D8iu9NNcagH1M.jpg?quality=95&as=32x43,48x64,72x96,108x144,160x213,240x320,360x480,480x640,540x721,640x854,720x961,1080x1441,1280x1708,1388x1852&from=bu&cs=1388x0",,False,,synagogue,True,False,,,,,,,,,,,,,,,
456240380,-7,-31142686,-31142686,1514016713,2017-12-23 09:11:53,58.00761,56.234016,58.00819896273859,56.23476395501453,78.93317690810512,"https://sun9-7.userapi.com/s/v1/ig1/XKNu55m20yx5Os4puIGkCDXU3hBA05d-U9xzuYh32VhlBH9bwKhTJnolK4BqMr8BKiopa9V2.jpg?quality=96&as=32x43,48x64,72x96,108x144,160x213,240x320,360x480,480x640,540x720,640x853,720x960,1080x1440,1200x1600&from=bu&cs=1200x0",,False,,synagogue,True,False,,,,,,,,,,,,,,,
312370979,-7,-30767742,-30767742,1381676361,2013-10-13 16:59:21,58.007883,56.234874,58.00819896273859,56.23476395501453,35.72656119167864,"https://sun9-6.userapi.com/s/v1/ig2/VFZgD_H8EtyQ5nFDBdLpacatE0CKq2eXrOoarsEPKDJY-kstg1mzBQl0V-FTubk9M6zkfa6LUcA1Y1wmAA6k8S0j.jpg?quality=96&as=32x43,48x64,72x96,108x144,160x213,240x320,360x480,480x640,540x720,640x853,720x960&from=bu&cs=720x0",,False,,synagogue,True,False,,,,,,,,,,,,,,,
336718593,-7,-30404520,-30404520,1408990298,2014-08-25 20:11:38,58.007982,56.235323,58.00819896273859,56.23476395501453,40.8248148107269,"https://sun9-10.userapi.com/s/v1/ig2/MQJnlDd6roP03D8HnADw6FpAUdI_IHTtlnh5KEn7tXVQ8MjyvUTudPfQiyMbjmY5aaoEibYca5mKVtP729EQZwtp.jpg?quality=96&as=32x43,48x64,72x97,108x145,160x215,240x322,360x483,480x644,540x724,640x858,716x960&from=bu&cs=716x0",,False,,synagogue,True,False,,,,,,,,,,,,,,,
456242542,-7,-27046955,-27046955,1512650782,2017-12-07 13:46:22,58.007883,56.234359,58.00819896273859,56.23476395501453,42.46745523538351,"https://sun9-58.userapi.com/s/v1/ig1/vYSxzli_Bkk8nEhPWZ4ZyNf5WBvMinMLA1i6w7C1Efxo2oL4-Q8n8kfR6huJLCjU4hDjTZS5.jpg?quality=96&as=32x32,48x48,72x72,108x108,160x160,240x240,360x360,480x480,540x540,640x640,720x720,960x960&from=bu&cs=960x0",,False,,synagogue,True,False,,,,,,,,,,,,,,,
456242995,-7,-24545541,-24545541,1482203661,2016-12-20 04:14:21,58.007954,56.236275,58.00819896273859,56.23476395501453,93.09140550819303,"https://sun9-29.userapi.com/s/v1/if1/P5tX9pOH2NOaloVs8xsocrMf3JYoOmlXrPJ7kmHu44qJCPT2_g937AUwENg1VBOzagVhnOp0.jpg?quality=96&as=32x24,48x36,72x54,108x81,160x120,240x180,360x270,480x360,540x405,640x480,720x540,960x720&from=bu&cs=960x0",,False,,synagogue,True,False,,,,,,,,,,,,,,,
457243540,-7,-22724466,-22724466,1687324877,2023-06-21 07:21:17,58.007911,56.235125,58.00819896273859,56.23476395501453,38.44052309171016,"https://sun9-51.userapi.com/s/v1/ig2/BhfDtGXCsEpa06Q7kkoe8h6N0_eAadZtiZflm8STHKodlnfyy9Pf9yz4GTTwjTsAnVipASA1E1GIj9RSCRuh6-z0.jpg?quality=95&as=32x43,48x64,72x96,108x144,160x214,240x320,360x480,480x641,540x721,640x854,720x961,1080x1441,1280x1708,1440x1922,1918x2560&from=bu&cs=1918x0",,False,,synagogue,True,False,,,,,,,,,,,,,,,
456239426,-7,-21289422,-21289422,1484241033,2017-01-12 18:10:33,58.00716,56.254528,58.00763133477656,56.255145877976155,63.81073755838088,"https://sun9-37.userapi.com/s/v1/ig1/uNm-7UZnEs9xVw9GeeFZVzJfFH6IqegU3VTtWKg4aGiD4R3T0KmN8uID6YwDUuJeCX-xnnrn.jpg?quality=96&as=32x40,48x60,72x90,108x135,160x200,240x300,360x450,480x600,540x675,640x800,720x900,768x960&from=bu&cs=768x0",,False,8115.0,or avner habad community center,True,False,,,,,,,,,,,,,,,
456239277,-7,-20826401,-20826401,1496140852,2017-05-30 12:40:52,58.00824,56.234939,58.00819896273859,56.23476395501453,11.276541771189992,"https://sun9-31.userapi.com/s/v1/ig1/hgLBiqlzYp0HtcskBEzFdkJ8G4JorF1XMCCuC6TNS-URn9V3mO1m2OggPIpO67r4ah-lw1Bl.jpg?quality=96&as=32x43,48x64,72x96,108x144,160x213,240x320,360x480,480x640,540x720,640x853,720x960,1080x1440,1200x1600&from=bu&cs=1200x0","скидка на рубашку 50% 
цена со скидкой 2200
размеры 52.54,56",False,,synagogue,True,False,,,,,,,,,,,,,,,
457253451,-7,-20170464,-20170464,1595511039,2020-07-23 15:30:39,58.007905,56.235879,58.00819896273859,56.23476395501453,73.3718646047749,"https://sun9-42.userapi.com/s/v1/ig2/LmbazmAq_w_XdvvBxmuOeOe7DCtFO37pJPB0SU2RKtyCzCh0VjxNEtG1Qx2fbQOwCg6_NBDc8OHV289GNywTAuXA.jpg?quality=96&as=32x43,48x64,72x96,108x144,160x213,240x320,360x480,480x640,540x720,640x853,720x960,1080x1440,1280x1707,1440x1920,1620x2160&from=bu&cs=1620x0",,False,,synagogue,True,False,,,,,,,,,,,,,,,
456247751,-7,-14753367,-14753367,1482203699,2016-12-20 04:14:59,58.007954,56.236275,58.00819896273859,56.23476395501453,93.09140550819303,"https://sun9-87.userapi.com/s/v1/if1/sepAbz7Uzsib-8LLjpTyacKL2FDQx43Yqcjdc9maaNHaFw1Xv4I8WZRGpz7ZBD5UrYSDNbI0.jpg?quality=96&as=32x24,48x36,72x54,108x81,160x120,240x180,360x270,480x360,540x405,640x480,720x540,960x720&from=bu&cs=960x0",,False,,synagogue,True,False,,,,,,,,,,,,,,,
456239326,-7,-13831720,-13831720,1510504860,2017-11-12 17:41:00,58.007792,56.234187,58.00819896273859,56.23476395501453,56.595225951601826,"https://sun9-35.userapi.com/s/v1/ig2/5mcrtegLEN8vA-T9T7B8-6IUsiTWaOlacv-vykXFDDvL-hM4ZD970XVQDrblCjHuNVlmCDmhlYf0xv21mewJo2BX.jpg?quality=96&as=32x43,48x64,72x96,108x144,160x213,240x320,360x480,480x640,540x720,640x853,720x960,1008x1344&from=bu&cs=1008x0",,False,,synagogue,True,False,,,,,,,,,,,,,,,
457251479,-7,-8146466,-8146466,1686054048,2023-06-06 14:20:48,58.007615,56.255386,58.00763133477656,56.255145877976155,14.262149805351068,"https://sun9-23.userapi.com/s/v1/if2/-RF5QhjRqNrTG65610GC4J_PCD5DzBP3DYgBuj2f9DlTwbUYxXuq96R_KSxRDegBMzJnU6rqfvk3Im7hxflTiMGC.jpg?quality=95&as=32x24,48x36,72x54,108x81,160x120,240x180,360x270,480x360,540x405,640x480,720x540,1080x810,1280x960,1440x1080,2560x1920&from=bu&cs=2560x0",,False,,or avner habad community center,True,False,,,,,,,,,,,,,,,
457248475,-7,-116518,-116518,1640072804,2021-12-21 08:46:44,58.007911,56.23461,58.00819896273859,56.23476395501453,33.27970507679034,"https://sun9-74.userapi.com/s/v1/if2/dxAtdSbt8VjAIRF8x3gaayvZAXx6Vdp5EOaQ0WIqQrMDiXf8Kl-kB4JMMJwi_pjE7x5E_Riue6plx_w0YvlhBMWx.jpg?quality=96&as=32x24,48x36,72x54,108x81,160x120,240x180,360x270,480x360,540x405,640x480,720x540,1080x810,1280x960,1440x1080,2560x1920&from=bu&cs=2560x0",,False,,synagogue,True,False,,,,,,,,,,,,,,,
306386051,-7,571869,571869,1372467861,2013-06-29 03:04:21,58.008003,56.236156,58.00819896273859,56.23476395501453,84.85231837542011,"https://sun9-29.userapi.com/s/v1/ig2/SErhVGlJ_RrYyFv5PFggOBH3OSTCui9HEUle7JHMX5WTJms2NueDqpoHIgRAtvv51zakwhcCzO5rXcV7JT254yVW.jpg?quality=96&as=32x32,48x48,72x72,108x108,160x160,240x239,360x359,480x479,540x538,640x638,719x717&from=bu&cs=719x0",,False,,synagogue,True,False,,,,,,,,,,,,,,,
457239851,-7,2142291,2142291,1594960407,2020-07-17 06:33:27,58.007321,56.254898,58.00763133477656,56.255145877976155,37.47032883787466,"https://sun9-77.userapi.com/s/v1/ig2/Pn258CSkmfEhavUayZEVsYIX_M-6B2FzhZQy276wX0AGrO4phU2qqtyhD-gBPAvhOT2EmUBfK4HJkrmrtCpDBYnG.jpg?quality=96&as=32x43,48x64,72x96,108x144,160x213,240x320,360x480,480x640,540x720,640x853,720x960,1000x1333&from=bu&cs=1000x0",,False,,or avner habad community center,True,False,,,,,,,,,,,,,,,
456244138,3858524,2256634,2256634,1516648026,2018-01-22 20:07:06,58.007827,56.235059,58.00819896273859,56.23476395501453,44.86417887070415,"https://sun9-4.userapi.com/s/v1/ig1/7Vaz-0NKsi8BFX6g1oNb7QBuiFlDIoJddVJt2Bf0662Gqeb3wmq1YzWCZDv6RReydTnS-2MK.jpg?quality=96&as=32x32,48x48,72x72,108x108,160x160,240x240,360x360,480x480,540x540,640x640&from=bu&cs=640x0",,False,,synagogue,True,False,,,,,,,,,,,,,,,
457253623,289375661,2426676,2426676,1668519604,2022-11-15 14:40:04,58.007701,56.234187,58.00819896273859,56.23476395501453,64.97077480891858,"https://sun9-21.userapi.com/s/v1/if2/m4XBKKbVIvv3yissJF0YI70Oyuo39In38exzS3CdD6Fi8EUHcU9Zr0GwM7_KIjPAHqxpFGOKFYfLeyn5eq4DM4XE.jpg?quality=95&as=32x21,48x31,72x47,108x71,160x105,240x157,360x236,480x315,540x354,640x419,720x472,972x637&from=bu&cs=972x0",Описание https://vk.com/wall-216919326_98,False,,synagogue,True,False,,,,,,,,,,,,,,,
457248659,307362762,2475850,2475850,1748443045,2025-05-28 16:37:25,58.007503,56.255413,58.00763133477656,56.255145877976155,21.24336140368652,"https://sun9-76.userapi.com/s/v1/ig2/LZEg3T-UVxpl2vkgNversDY2HQxEfbZsrWSsNc43-GbkFYN-1zULsbaEopdDb7ls_nSDFrkTmyWkKoZz1tWykal3.jpg?quality=95&as=32x43,48x64,72x96,108x144,160x213,240x320,360x480,480x640,540x720,640x853,720x960,1080x1440,1280x1707,1440x1920,1920x2560&from=bu&cs=1920x0",,False,,or avner habad community center,True,False,,,,,,,,,,,,,,,
356555520,-7,4000424,4000424,1426588776,2015-03-17 11:39:36,58.008443,56.234397,58.00819896273859,56.23476395501453,34.69387773524608,"https://sun9-76.userapi.com/s/v1/ig1/Cojh_NQZCloRFNM-moa0BWDXC-bW-PJM-gBziLnEIN1Dkcag-tnFGHUkrtl5ekYrhNRVLf3A.jpg?quality=96&as=32x40,48x60,72x91,108x136,160x201,240x302,360x453,480x604,540x679,640x805,720x906,763x960&from=bu&cs=763x0",,False,1145.0,synagogue,True,False,,,,,,,,,,,,,,,
456239443,-7,4215035,4215035,1517832048,2018-02-05 13:00:48,58.0078,56.235839,58.00819896273859,56.23476395501453,77.32402621441274,"https://sun9-15.userapi.com/s/v1/if1/DTfWm3wJty8RalJDf_w-iDMzXtNThcERn5ttIBH6gxyB8S7Rr4-V1Rb-Vwi-yH4REBie0HuK.jpg?quality=96&as=32x18,48x27,72x40,108x61,160x90,240x135,360x202,480x270,540x304,640x360,720x405,1024x576&from=bu&cs=1024x0",,False,,synagogue,True,False,,,,,,,,,,,,,,,
307864726,144611530,4350736,4350736,1375974705,2013-08-08 17:11:45,58.007835,56.236024,58.00819896273859,56.23476395501453,84.54632475130688,"https://sun9-15.userapi.com/s/v1/if1/pQcpzXWxVFUTA2a-JJVe6964Yi9y6c0Tfk3cK1Wzd31PWjTp5Nxdpmvb7Rs7SuOt-1mTfA.jpg?quality=96&as=32x24,48x36,72x54,108x81,160x119,240x179,360x269,480x358,540x403,640x478,720x538,1080x807,1280x956&from=bu&cs=1280x0","витрина динозавров #Schleich
(живьем - в парке горького и колизее-синема, на этаже с кинотеатрами)",False,,synagogue,True,False,,,,,,,,,,,,,,,
456240023,144026826,4354785,4354785,1514444800,2017-12-28 08:06:40,58.008085,56.255769,58.00763133477656,56.255145877976155,62.38810300492234,"https://sun9-1.userapi.com/s/v1/ig1/OLUxUnjf7eGhQ8m3OypLvZU4r_UUmZYpy074861NBbUeOHqcuK0fNkrQM8F-iiEjZJx44ag7.jpg?quality=96&as=32x43,48x64,72x96,108x144,160x213,240x320,360x480,480x640,540x720,640x853,720x960&from=bu&cs=720x0",,False,,or avner habad community center,True,False,,,,,,,,,,,,,,,
456239207,-7,4549132,4549132,1481023017,2016-12-06 12:16:57,58.007932,56.23424,58.00819896273859,56.23476395501453,42.824634741370105,"https://sun9-38.userapi.com/s/v1/ig1/5FNN_7YrkELh0outb5p4L6x4GNAIRJejxBxI6Q894bWwfO0nZecCaEqxvWP5Ut8zFPCFoCRV.jpg?quality=96&as=32x32,48x48,72x72,108x108,160x160,240x240,360x360,480x480,540x540,640x640,720x720,960x960&from=bu&cs=960x0",,False,2366.0,synagogue,True,False,,,,,,,,,,,,,,,
456239735,-7,4894031,4894031,1509451361,2017-10-31 13:02:41,58.007954,56.235588,58.00819896273859,56.23476395501453,55.66500568925781,"https://sun9-52.userapi.com/s/v1/if1/23OCBHMFAmY5UB-6TcyVWWEKPim5ixEMU6z0KdPVGPBeTWI_PiilSAV7j1M5dcHPozLwDEPb.jpg?quality=96&as=32x27,48x40,72x60,108x90,160x133,240x200,360x300,480x400,540x450,640x533,720x600,960x800&from=bu&cs=960x0",,False,8110.0,synagogue,True,False,,,,,,,,,,,,,,,
399676303,186235388,4920290,4920290,1453879706,2016-01-27 08:28:26,58.008204,56.255332,58.00763133477656,56.255145877976155,64.6145828160097,"https://sun9-29.userapi.com/s/v1/ig1/ulbqIexGBDk7Ur8xvHN3D_ZJe_3faaxktwbnCdf8ZOSRhkE2znfAKp3sjy45PjUaWDOCHKB8.jpg?quality=96&as=32x57,48x85,72x128,108x192,160x285,240x427,360x641,480x855,540x962,640x1140,720x1282,1080x1923,1213x2160&from=bu&cs=1213x0",,False,,or avner habad community center,True,False,,,,,,,,,,,,,,,
457241889,284378198,5448470,5448470,1610468896,2021-01-12 17:28:16,58.007349,56.255492,58.00763133477656,56.255145877976155,37.434981649816514,"https://sun9-44.userapi.com/s/v1/if2/4GFGU7Y_ZIngKOQzh69vq5hCNbDXcOjfrZ5rTs5Z5YIuoSWCx4iqPYwZgqEH-hBXcmluumfI4g_23mmbEM8-smja.jpg?quality=96&as=32x24,48x36,72x54,108x81,160x120,240x180,360x270,480x360,540x405,640x480,720x540,1080x810,1280x960,1440x1080,1600x1200&from=bu&cs=1600x0",,False,,or avner habad community center,True,False,,,,,,,,,,,,,,,
457264437,-7,5803386,5803386,1714409885,2024-04-29 18:58:05,58.008317,56.2349,58.00819896273859,56.23476395501453,15.37861529780568,"https://sun9-60.userapi.com/s/v1/ig2/WVGLPi4tsffyuq_xgn3TKnF4xPJTcODqfbeMn5NqFhk5v3IgxrKusjxHqUV0e3e-0TxZcNiHVt0E-eM76VQspWll.jpg?quality=95&as=32x43,48x64,72x96,108x144,160x214,240x321,360x481,480x642,540x722,640x856,720x962,1080x1444,1280x1711,1440x1925,1915x2560&from=bu&cs=1915x0",,False,,synagogue,True,False,,,,,,,,,,,,,,,
407131381,-7,6046746,6046746,1459506301,2016-04-01 12:25:01,58.007939,56.235033,58.00819896273859,56.23476395501453,32.96667485209574,"https://sun9-47.userapi.com/s/v1/ig1/apwICrNuEf60I0xImZbqk_9q2JTIqGjZq-eohtqYs7qgzhG1IpizBY8y-aLMNuY48gJnDVLP.jpg?quality=96&as=32x43,48x64,72x96,108x144,160x213,240x320,360x480,480x640,540x720,640x853,720x960&from=bu&cs=720x0",,False,,synagogue,True,False,,,,,,,,,,,,,,,
305115570,176338856,6137617,6137617,1372651405,2013-07-01 06:03:25,58.007834,56.235165,58.00819896273859,56.23476395501453,46.95836248694766,"https://sun9-54.userapi.com/s/v1/if2/xqFFw9J-gWWbZrcSjifhJpOYTIJT3z2Px9Xacp6XGxn4wHNwq7UVDMcCBR5CcmXfsBRr9cd71VqSgk9G2avPyN5f.jpg?quality=96&as=32x24,48x36,72x54,108x81,160x120,240x180,360x270,480x360,540x405,640x480,720x540,960x720&from=bu&cs=960x0",,False,,synagogue,True,False,,,,,,,,,,,,,,,
457243861,308357906,6409491,6409491,1756056133,2025-08-24 19:22:13,58.008003,56.235984,58.00819896273859,56.23476395501453,75.10451941752339,"https://sun9-32.userapi.com/s/v1/ig2/oX3MD7x7kxZaqcVgB1eX0vUaUrbU3WkKZjfJ0Fn3WbpVU_btwHdOroOMM66eRmNWkapeaOtZAt7dir3VFnkWooTr.jpg?quality=95&as=32x42,48x64,72x96,108x143,160x212,240x319,360x478,480x637,540x717,640x850,720x956,1080x1434,1280x1700,1440x1912,1928x2560&from=bu&cs=1928x0",,False,,synagogue,True,False,,,,,,,,,,,,,,,
337906239,-7,6423687,6423687,1410384230,2014-09-10 23:23:50,58.007792,56.234359,58.00819896273859,56.23476395501453,51.15552279181774,"https://sun9-42.userapi.com/s/v1/ig1/4f_o2tnSQhH1RX2PeI1lMZo1xtR8WZap5kkhBo1U9eolnimw2dQtBnXXHk1BjyH3GzUG-Q.jpg?quality=96&as=32x43,48x64,72x96,108x144,160x213,240x320,360x480,480x640&from=bu&cs=480x0",,False,7752.0,synagogue,True,False,,,,,,,,,,,,,,,
397101108,226324441,6663076,6663076,1452366482,2016-01-09 20:08:02,58.008051,56.234662,58.00819896273859,56.23476395501453,17.514759031160747,"https://sun9-60.userapi.com/s/v1/ig1/Y_JTif6q18RNp-KQuYwqj7s0Y4zAIaY9FtBY_vZOpR4CKyRi9Ib6Uj4iEBEKqquTffvm5W7t.jpg?quality=96&as=32x32,48x48,72x72,108x108,160x160,240x240,360x360,480x480,540x540,640x640,720x720,960x960&from=bu&cs=960x0",,False,,synagogue,True,True,,,,,,,,,,,,,,,
457240642,-6,7450415,7450415,1727520333,2024-09-28 12:45:33,58.00801,56.235403,58.00819896273859,56.23476395501453,43.11346849991991,"https://sun9-82.userapi.com/s/v1/ig2/fQpHwlkxMy1FA4SlXKuqVLcp6aozNuLD0Tjm0PPCZHwXLdCsb2ixU-eZNr0PkVbdM_fnNQNSOCM2A6bWJuvud4q1.jpg?quality=95&as=32x57,48x85,72x128,108x192,160x284,240x427,360x640,480x853,540x960,640x1138,720x1280,1080x1920,1280x2276,1440x2560&from=bu&cs=1440x0",,False,,synagogue,True,False,,,,,,,,,,,,,,,
457240470,306889750,7476568,7476568,1743945733,2025-04-06 15:22:13,58.008198,56.234992,58.00819896273859,56.23476395501453,13.434748137224169,"https://sun9-39.userapi.com/s/v1/ig2/DyWhkcTSq8PBH3yqN-Y6QPxwuhnjkn5lsD2HTOf-s-GZ5LwYNEfn0vg1IHI6iFLsIUW8sn9hKjko4Ami8MBf9HmU.jpg?quality=95&as=32x43,48x64,72x96,108x144,160x213,240x320,360x480,480x640,540x720,640x853,720x960,1080x1440,1280x1707,1440x1920,1920x2560&from=bu&cs=1920x0",,False,,synagogue,True,False,,,,,,,,,,,,,,,
457245303,-7,7697009,7697009,1654869900,2022-06-10 16:05:00,58.007315,56.255995,58.00763133477656,56.255145877976155,61.15242598481541,"https://sun9-47.userapi.com/s/v1/ig2/G5rROPcyIq-0JZQf0F0DrE1GwhESfCLtO6wuK7_FkPYi9jbxI7cA1iESBNyx81VZxMH11DBPS-Sei1J1y4sc7KN8.jpg?quality=95&as=32x43,48x64,72x96,108x144,160x213,240x320,360x480,480x640,540x720,640x853,720x960,1080x1440,1200x1600&from=bu&cs=1200x0",,False,,or avner habad community center,True,False,,,,,,,,,,,,,,,
457240094,-7,7857463,7857463,1577959241,2020-01-02 11:00:41,58.007427,56.255796,58.00763133477656,56.255145877976155,44.532343633366885,"https://sun9-83.userapi.com/s/v1/ig1/2cURUoyF7YIyszE08NV3buQkZPaQiJxaYN1bGlT1H1p9dI9UlEHv_sz5G_SBhZANR3iV8tsN.jpg?quality=96&as=32x43,48x64,72x96,108x144,160x213,240x320,360x480,480x640,540x721,640x854,720x961,981x1309&from=bu&cs=981x0",,False,,or avner habad community center,True,False,,,,,,,,,,,,,,,
355068544,-7,7906893,7906893,1425842383,2015-03-08 20:19:43,58.007994,56.255425,58.00763133477656,56.255145877976155,43.55017363767067,"https://sun9-49.userapi.com/s/v1/ig1/-tz0aJ-FrF-w94OH-tK4R-zUFRm36FGV1E2EDOlkEl3LnCRIbTkkroTAhOi2Hk8VoLD7dHsV.jpg?quality=96&as=32x32,48x48,72x72,108x108,160x160,240x240,360x360,480x480,540x540,640x640,720x720,960x960&from=bu&cs=960x0",,False,6003.0,or avner habad community center,True,False,,,,,,,,,,,,,,,
456239557,-6,7967111,7967111,1506843921,2017-10-01 09:45:21,58.007911,56.234438,58.00819896273859,56.23476395501453,37.3364536686451,"https://sun9-36.userapi.com/s/v1/ig1/64xvfN-dOuF-2xCkdmqrjxIl9bx-JICzU_6y-WD2iotHyHX_Ks75JBxTvK5OvjZwsIejDXWp.jpg?quality=96&as=32x43,48x64,72x96,108x144,160x213,240x320,360x480,480x640,540x720,640x853,720x960,1080x1439,1280x1706,1440x1919,1536x2047&from=bu&cs=1536x0",,False,1930.0,synagogue,True,False,,,,,,,,,,,,,,,
457244167,-7,8083113,8083113,1629729851,2021-08-23 16:44:11,58.007667,56.235892,58.00819896273859,56.23476395501453,88.96694168762951,"https://sun9-19.userapi.com/s/v1/ig2/yjHt98onzETK7_wX7Bk15qdNwW519DavF7gK4YPYHZox7JaK0m-_-fv3lfNM6EUd0YbpQiUeWC937AhOe2q4tWZW.jpg?quality=96&as=32x43,48x64,72x96,108x144,160x213,240x320,360x480,480x640,540x720,640x853,720x960,1080x1440,1200x1600&from=bu&cs=1200x0",,False,,synagogue,True,False,,,,,,,,,,,,,,,
319081063,185549258,8096518,8096518,1389511175,2014-01-12 08:19:35,58.008002,56.234438,58.00819896273859,56.23476395501453,29.127217293097633,"https://sun9-79.userapi.com/s/v1/ig2/HGu8NtYEiR_LhzckC8XF_Dnz85hCVzLctFiE8sYj613NqFTf4ld7jIy87JwfEjIZNRntSV0WYuXXQlZgiJh-SR7Z.jpg?quality=96&as=32x43,48x64,72x96,108x144,160x213,240x320,360x480,480x640,540x720,640x853,720x960,960x1280&from=bu&cs=960x0",,False,,synagogue,True,False,,,,,,,,,,,,,,,
457239364,178011777,8165138,8165138,1622259475,2021-05-29 05:37:55,58.007328,56.255519,58.00763133477656,56.255145877976155,40.25972745291791,"https://sun9-84.userapi.com/s/v1/if2/sXDedQmmhE7nfNkpkbFb9g7xCu2uMuJTflbE27tVESrKIhBB75c31vgeZq1t0Qz9EauL7Xy-SmeNCOb0LqhTH8Td.jpg?quality=96&as=32x24,48x36,72x54,108x81,160x120,240x180,360x270,480x360,540x405,640x480,720x540,1080x810,1280x960,1440x1080,2560x1920&from=bu&cs=2560x0",,False,,or avner habad community center,True,False,,,,,,,,,,,,,,,
438330932,-7,8602214,8602214,1476980108,2016-10-20 18:15:08,58.008141,56.255584,58.00763133477656,56.255145877976155,62.27287981974824,"https://sun9-35.userapi.com/s/v1/ig1/98uhzHnskqut5kF6Llae7pxrOFKEhLeJ8hvfPhrGpRJDGcziFnpT4LHFel8T-RpxNp67sA.jpg?quality=96&as=32x32,48x48,72x72,108x108,160x160,240x240,360x360,480x480,540x540,640x640,720x720,960x960&from=bu&cs=960x0",,False,2272.0,or avner habad community center,True,False,,,,,,,,,,,,,,,
344879090,-7,8857296,8857296,1416120154,2014-11-16 07:42:34,58.007636,56.255016,58.00763133477656,56.255145877976155,7.668906435108493,"https://sun9-33.userapi.com/s/v1/if1/uIOoljg4oqonRFVQpvntMwSBzUkmAe8_TWTMfI5NnzRUEjQSb_qXQxEtUejEtiQ0IAE-WQ.jpg?quality=96&as=32x24,48x36,72x54,108x81,160x120,240x180,360x270,480x360,540x405,640x480,720x540,960x720&from=bu&cs=960x0",,False,,or avner habad community center,True,True,,,,,,,,,,,,,,,
457242053,-7,9220411,9220411,1596009641,2020-07-29 10:00:41,58.008316,56.255134,58.00763133477656,56.255145877976155,76.13451501741417,"https://sun9-63.userapi.com/s/v1/ig2/mtPqb9PBbnOimlxQveGfm-S_ko4SrzCap5MtFpj_zPiYRHSM2DajluFqlmJseyFahL23G0WVvuwFats04owdMrvf.jpg?quality=96&as=32x32,48x48,72x72,108x108,160x160,240x240,360x360,480x480,540x540,640x640,720x720,1080x1080,1280x1280,1440x1440,2160x2160&from=bu&cs=2160x0",,False,1610.0,or avner habad community center,True,False,,,,,,,,,,,,,,,
456246187,-7,9666156,9666156,1555856665,2019-04-21 16:24:25,58.008275,56.234437,58.00819896273859,56.23476395501453,21.035187791968703,"https://sun9-8.userapi.com/s/v1/if1/XWYHsTfqTM_MCCIKqfXXW4qwqFT46lF0PvJ2WpbU2fsTYna8NSOK2ZXLoPaFkSwNLjVvmMZp.jpg?quality=96&as=32x18,48x27,72x40,108x61,160x90,240x135,360x202,480x270,540x304,640x360,720x405,1080x607,1280x720,1440x810,2560x1440&from=bu&cs=2560x0",,False,,synagogue,True,False,,,,,,,,,,,,,,,
390234292,-7,9841575,9841575,1448360582,2015-11-24 11:23:02,58.008169,56.255491,58.00763133477656,56.255145877976155,63.14821631988284,"https://sun9-14.userapi.com/s/v1/if1/dh7CqQj-ERM0s1OuGA_K--x6MOS94fsgqAwOYVKaK9fjyIw_2CA-Ga3GvJUhtvhDfg1zmQ.jpg?quality=96&as=32x24,48x36,72x54,108x81,160x120,240x180,360x270,480x360,540x405,640x480,720x540,1080x810,1280x960,1440x1080,2560x1920&from=bu&cs=2560x0",,False,1154.0,or avner habad community center,True,False,,,,,,,,,,,,,,,
457240051,267510247,-89288568,10566756,1571314232,2019-10-17 14:10:32,58.007912,56.235641,58.00819896273859,56.23476395501453,60.72659197988801,"https://sun9-42.userapi.com/s/v1/ig1/tQnIot5KFt7GrudWY2D2SfRU28DD0nLZqoRU7ScquSB2T5S6WO9k1r_Gbt86oomwDEnadbOG.jpg?quality=96&as=32x43,48x64,72x96,108x144,160x214,240x320,360x480,480x641,540x721,640x854,720x961,959x1280&from=bu&cs=959x0",,False,,synagogue,True,False,,,,,,,,,,,,,,,
457239856,-7,11693795,11693795,1565028548,2019-08-05 20:09:08,58.008211,56.25561,58.00763133477656,56.255145877976155,70.0152903822313,"https://sun9-19.userapi.com/s/v1/ig1/f-fkd7oAR0Llu3iUfl8pe0WKFZ4Z2b8X2T-50kyvFUO17H3CrePfUO0zFVpJCefuPRSJRHUx.jpg?quality=96&as=32x43,48x64,72x96,108x144,160x213,240x320,360x480,480x640,540x720,640x853,720x960,1080x1440,1280x1707,1440x1920,1620x2160&from=bu&cs=1620x0",,False,808.0,or avner habad community center,True,False,,,,,,,,,,,,,,,
383120398,221266594,-7319142,12447334,1443522634,2015-09-29 12:30:34,58.007666,56.234518,58.00819896273859,56.23476395501453,61.00836138371684,"https://sun9-75.userapi.com/s/v1/if1/aAmVoGRaqa7K1tNdHxJSvIWOcGGxuL3ftoYitbSZ4zHBprMTP-37VhA_oRC0iP8BCoyY9BHf.jpg?quality=96&as=32x24,48x36,72x54,108x81,160x120,240x180,360x270,480x360,540x405,640x480,720x540,1000x750&from=bu&cs=1000x0","Людмила и Сергей Сергеевы
Пермь
май 2013",False,,synagogue,True,False,,,,,,,,,,,,,,,
345437136,-7,12761825,12761825,1416831268,2014-11-24 13:14:28,58.007861,56.255478,58.00763133477656,56.255145877976155,32.17128051970098,"https://sun9-34.userapi.com/s/v1/ig1/mgHxCTOaXibAIJVRuUjNJxJbpjp9TfqvdFo5Kw7Oa9Vn7DLL4ROUTvQu2oiN1OcQV5i2GA.jpg?quality=96&as=32x43,48x64,72x96,108x144,160x213,240x320,360x480,480x640,540x720,640x853,720x960&from=bu&cs=720x0",,False,1132.0,or avner habad community center,True,False,,,,,,,,,,,,,,,
457254907,-7,12955766,12955766,1654430215,2022-06-05 13:56:55,58.008107,56.234993,58.00819896273859,56.23476395501453,16.930285459496016,"https://sun9-82.userapi.com/s/v1/ig2/0TIKqB8XRZvPYjXFh9puYMp-S2uPCjPxGQDDZcKlx_sfDiRfhHdw0LkMS_1iwIq_C8GYjVauroEPR6SU97S4bnQ1.jpg?quality=95&as=32x43,48x64,72x96,108x144,160x213,240x320,360x480,480x640,540x720,640x853,720x960,1080x1440,1266x1688&from=bu&cs=1266x0",,False,,synagogue,True,False,,,,,,,,,,,,,,,
456239305,-7,13308455,13308455,1493025933,2017-04-24 11:25:33,58.007848,56.234346,58.00819896273859,56.23476395501453,46.14352568516455,"https://sun9-16.userapi.com/s/v1/ig1/Fhd0nd_HCWhGdLTvbzx5-7TBJDp676yH0RUybUhHQPFzgD4Ghp2eSA0aKrHi4dEYllyVHS_0.jpg?quality=96&as=32x43,48x64,72x96,108x144,160x213,240x320,360x480,480x640,540x720,640x853,720x960&from=bu&cs=720x0",,False,,synagogue,True,False,,,,,,,,,,,,,,,
331676255,-7,13852926,13852926,1402413934,2014-06-10 17:25:34,58.007217,56.255889,58.00763133477656,56.255145877976155,63.55480674562671,"https://sun9-24.userapi.com/s/v1/ig2/u4FnldikPwqUX3ucGBAz5MGmVaecOrhQ9s4zvys1EXJYqKZTgFTe9z2ADwjBdeSTFanoY8H9h-m1wn95d-JWVj2-.jpg?quality=96&as=32x40,48x61,72x91,108x136,160x202,240x303,360x455,480x606,540x682,640x808,720x909,760x960&from=bu&cs=760x0",,False,,or avner habad community center,True,False,,,,,,,,,,,,,,,
374836867,-7,14027065,14027065,1438330764,2015-07-31 10:19:24,58.008239,56.255174,58.00763133477656,56.255145877976155,67.58959692553202,"https://sun9-67.userapi.com/s/v1/ig1/qP6m9ZzhOvbRHxC8_yfqb_JdB9hGzDwMSG6Z5_2Xdz-o6dTPo5As-aK3dT25OsCjdMsD8nEn.jpg?quality=96&as=32x39,48x58,72x87,108x131,160x193,240x290,360x435,480x580,540x653,640x774,720x871,794x960&from=bu&cs=794x0",,False,1004.0,or avner habad community center,True,False,,,,,,,,,,,,,,,
456244082,-7,14258997,14258997,1544789974,2018-12-14 13:19:34,58.007786,56.2358,58.00819896273859,56.23476395501453,76.37940821476096,"https://sun9-87.userapi.com/s/v1/ig1/F0_vSODl7ZelzCfTb_z0Ka1l_IMl5r4dadVwIqckvwF0tde4bYmJzUfDcCg6nvn9LlorL7pX.jpg?quality=96&as=32x44,48x66,72x99,108x148,160x219,240x329,360x493,480x657,540x740,640x876,701x960&from=bu&cs=701x0",,False,,synagogue,True,False,,,,,,,,,,,,,,,
457285504,-7,14340157,14340157,1651732556,2022-05-05 08:35:56,58.008198,56.234992,58.00819896273859,56.23476395501453,13.434748137224169,"https://sun9-40.userapi.com/s/v1/ig2/pRDJagKx5aFu6y_LfEbDumifpCmE0r6Ie8FomOKxEBhaBiMp8SVsyzg5X1_7YHoQGT_TKANeoXl8GnDVgicQt3xz.jpg?quality=95&as=32x43,48x64,72x96,108x144,160x213,240x320,360x480,480x640,540x720,640x853,720x960,1080x1440,1200x1600&from=bu&cs=1200x0",,False,13852.0,synagogue,True,False,,,,,,,,,,,,,,,
456240397,-7,14544569,14544569,1513263095,2017-12-14 15:51:35,58.007786,56.235456,58.00819896273859,56.23476395501453,61.40614202543758,"https://sun9-8.userapi.com/s/v1/ig1/S7hoKSeP3csmYbTf5gRTXrn3mK2gbizeUp2qHKk05PsM7Iqm_flEWmMHf0XJO9yg-A7dJOyZ.jpg?quality=96&as=32x43,48x64,72x96,108x144,160x214,240x320,360x481,480x641,540x721,640x855,719x960&from=bu&cs=719x0",,False,,synagogue,True,False,,,,,,,,,,,,,,,
440111890,-7,14722266,14722266,1476334409,2016-10-13 06:53:29,58.008184,56.234609,58.00819896273859,56.23476395501453,9.278914774160056,"https://sun9-29.userapi.com/s/v1/ig1/pfW86YLq5SJY0rbo-iDvlvVmAb3Ic_8qaZQQSGrB5V5gAP18ft4iTQPK4ZWu7UrxkRzHUw.jpg?quality=96&as=32x32,48x48,72x72,108x108,160x160,240x240,360x360,480x480,540x540,640x640,720x720,960x960&from=bu&cs=960x0",,False,,synagogue,True,True,,,,,,,,,,,,,,,
456239257,-7,14924030,14924030,1505601923,2017-09-17 00:45:23,58.007841,56.23424,58.00819896273859,56.23476395501453,50.369516000436874,"https://sun9-39.userapi.com/s/v1/if1/RFmgQFlSnk5Ha6FoVzI3u4NwI4Z-Qs0TK_JucoyMnXc-3VH9rg1Khpzn4-xAkVA7ymAUbzh1.jpg?quality=96&as=32x24,48x36,72x54,108x81,160x120,240x180,360x270,480x360,540x406,640x481,720x541,960x721&from=bu&cs=960x0",,False,,synagogue,True,False,,,,,,,,,,,,,,,
456252497,-7,15586399,15586399,1533914813,2018-08-10 17:26:53,58.007729,56.234095,58.00819896273859,56.23476395501453,65.45158156307099,"https://sun9-26.userapi.com/s/v1/ig1/w2oUbYUtymSk-KFn_LA1tW9GWexZqjFcP4Vt9SZ59jRJd_YWJ4Yas12yE8KRwiPFB_wV89Xc.jpg?quality=96&as=32x40,48x60,72x90,108x135,160x200,240x300,360x450,480x600,540x675,640x800,720x900,1080x1350,1280x1600,1440x1800,1638x2048&from=bu&cs=1638x0",,False,35520.0,synagogue,True,False,,,,,,,,,,,,,,,
307010001,-7,15708125,15708125,1371803395,2013-06-21 10:29:55,58.008016,56.234993,58.00819896273859,56.23476395501453,24.41245746986248,"https://sun9-58.userapi.com/s/v1/ig2/OBHgUbj6GSJR2OIrZIBUl94IvbURcJG8WfwbuSn3wETA0DaQF3NpzQozBT94O-K8wvBPnOhEihUbj8_uqX6ilEVP.jpg?quality=96&as=32x32,48x48,72x72,108x108,160x160,240x240,360x360,395x395&from=bu&cs=395x0",,False,,synagogue,True,False,,,,,,,,,,,,,,,
395666895,-7,16083971,16083971,1451798431,2016-01-03 06:20:31,58.007567,56.255849,58.00763133477656,56.255145877976155,42.03539340460487,"https://sun9-75.userapi.com/s/v1/ig1/a0NvqCuob04t7MCgpsc_DbuZFy_X7BHfSjlEHvTqqXIHXbKFuS-sYfsK7RBufg1OUECk8Q.jpg?quality=96&as=32x32,48x48,72x72,108x108,160x160,240x240,360x360,480x480,540x540,640x640,720x720,750x750&from=bu&cs=750x0",,False,5138.0,or avner habad community center,True,False,,,,,,,,,,,,,,,
364329911,214533765,-59570608,16960332,1429470606,2015-04-19 21:10:06,58.008052,56.23535,58.00819896273859,56.23476395501453,38.196651630492134,"https://sun9-12.userapi.com/s/v1/ig1/GyLrtf4YvwORgV-FSFR7pMCtZCL72be2um7jixTDFT7pSiLo784bqN6vN0M3z_5EX8sXVltL.jpg?quality=96&as=32x43,48x64,72x96,108x145,160x214,240x322,360x483,480x643,540x724,640x858,720x965,764x1024&from=bu&cs=764x0",,False,,synagogue,True,False,,,,,,,,,,,,,,,
456241290,263876392,19751322,19751322,1561025497,2019-06-20 12:11:37,58.008051,56.235006,58.00819896273859,56.23476395501453,21.771851987115156,"https://sun9-21.userapi.com/s/v1/if1/Q42a6W6l6xey7Vh2iqVWYYVSPTegnnyIQUMBpZ07vd_IyDRgzr-8bP4zCy9eua8xdrWejE8S.jpg?quality=96&as=32x24,48x36,72x54,108x81,160x120,240x180,360x271,480x361,540x406,640x481,720x541,1080x812,1280x962,1333x1002&from=bu&cs=1333x0",,False,,synagogue,True,False,,,,,,,,,,,,,,,
457240483,-7,21326179,21326179,1605437653,2020-11-15 11:54:13,58.007532,56.255664,58.00763133477656,56.255145877976155,32.46058289963323,"https://sun9-30.userapi.com/s/v1/if2/kgHAfmPpD_5Hgq-cfDNCRgAGfw0P78HsUv6AdgU06YCPZ0gfrMyN5DSAVN9JCZsZV4r4N6oYRRCWLbz3aaWKcx3E.jpg?quality=96&as=32x24,48x36,72x54,108x81,160x120,240x180,360x270,480x360,540x405,640x480,720x540,1080x810,1280x960,1440x1080,1600x1200&from=bu&cs=1600x0",,False,,or avner habad community center,True,False,,,,,,,,,,,,,,,
457240241,283434369,21585801,21585801,1695125318,2023-09-19 14:08:38,58.007911,56.235125,58.00819896273859,56.23476395501453,38.44052309171016,"https://sun9-11.userapi.com/s/v1/ig2/y0EVmELQm7GjntPMe4gqlG76nX5lrLFfMpTvFnv6Z8Y2nLSZ0lMdYVWuVAfl0KHrvmbyvEVwPpzgHB_SjyYI_aRW.jpg?quality=95&as=32x43,48x64,72x96,108x144,160x213,240x320,360x480,480x640,540x720,640x853,720x960,1080x1440,1280x1707,1440x1920,1920x2560&from=bu&cs=1920x0",,False,,synagogue,True,False,,,,,,,,,,,,,,,
457292198,158014259,22007981,22007981,1654172363,2022-06-02 14:19:23,58.00838,56.23482,58.00819896273859,56.23476395501453,20.3993846813716,"https://sun9-27.userapi.com/s/v1/ig2/OIHGW5BDIhbxaBFYuoEY7Kqg526O8OVq2UX_R3dxIqkVXMwHpf9Wt76n96-YVyZMtlyy6rc4vALfPyzELBButNTU.jpg?quality=95&as=32x43,48x64,72x96,108x144,160x213,240x320,360x480,480x640,540x720,640x853,720x960,1080x1440,1280x1707,1440x1920,1620x2160&from=bu&cs=1620x0",,False,,synagogue,True,False,,,,,,,,,,,,,,,
456239829,-7,22191394,22191394,1544986605,2018-12-16 19:56:45,58.008464,56.234371,58.00819896273859,56.23476395501453,37.47551937094801,"https://sun9-25.userapi.com/s/v1/if1/dIPIcYpKLyauzM2CAvWFobZNH4CX6bhMzW1tMt8PPMRug5UEcVKZt6u42X11uEc7ai7J6kgD.jpg?quality=96&as=32x18,48x27,72x41,108x61,160x90,240x135,360x203,480x270,540x304,640x360,720x405,1080x608,1280x720,1386x780&from=bu&cs=1386x0",,False,1036.0,synagogue,True,False,,,,,,,,,,,,,,,
457243461,284502313,22200984,22200984,1662920111,2022-09-11 20:15:11,58.00812,56.25561,58.00763133477656,56.255145877976155,60.82851517436424,"https://sun9-55.userapi.com/s/v1/if2/YVIS1KRAjg1EAilbJ5sVv0i8NIiu7vugkTs-z0HxIRxcLxu07--VWhpnTDZee8PJAKZ4rOS0lKvriAVRFtjL_ZQb.jpg?quality=95&as=32x21,48x32,72x48,108x71,160x106,240x159,360x238,480x318,540x357,640x423,720x476,1080x715,1200x794&from=bu&cs=1200x0",Улица Малая Ямская 10/1 (офисный центр) и 10 (поликлиника № 1).,False,,or avner habad community center,True,False,,,,,,,,,,,,,,,
457241017,-7,23345868,23345868,1659625963,2022-08-04 17:12:43,58.008506,56.234489,58.00819896273859,56.23476395501453,37.788548192568626,"https://sun9-80.userapi.com/s/v1/ig2/lQJ-NbtlrcJHli5eK_bqB8nK2jsEra8SbLf-SuAV9OAhI6RSrjeaewjXbQ63Do5z8uvfYm6rLeIH-vNpk-PnRS2n.jpg?quality=95&as=32x43,48x64,72x96,108x144,160x213,240x320,360x480,480x640,540x720,640x853,720x960,1080x1440,1200x1600&from=bu&cs=1200x0",,False,,synagogue,True,False,,,,,,,,,,,,,,,
457240034,-6,26059202,26059202,1616311094,2021-03-21 08:18:14,58.007981,56.235152,58.00819896273859,56.23476395501453,33.31645277407271,"https://sun9-46.userapi.com/s/v1/ig2/Nz7EWsNtqnRYlKRdCRzA9dNPe05PzXKZTNBV0ADOUlcCT6jORS_sOtD6me_2uKL76__qL9RcHOOgT4Sr6qLyRyWj.jpg?quality=96&as=32x40,48x60,72x90,108x135,160x200,240x300,360x450,480x600,540x675,640x800,720x901,1080x1351,1280x1601,1440x1801,1727x2160&from=bu&cs=1727x0",,False,3518.0,synagogue,True,False,,,,,,,,,,,,,,,
457251110,-7,26103747,26103747,1661948146,2022-08-31 14:15:46,58.007694,56.234597,58.00819896273859,56.23476395501453,57.00421853451046,"https://sun9-65.userapi.com/s/v1/ig2/19eJjfJZ9FcrN8NjD6Sb7qA_J0kYvAOocuTz_i43oXXuQ43pY5FurWBnsqOfvj70ARYBoBfCimso16FPTHayJY07.jpg?quality=95&as=32x49,48x73,72x110,108x165,160x244,240x366,360x549,480x731,540x823,640x975,720x1097,1050x1600&from=bu&cs=1050x0",,False,,synagogue,True,False,,,,,,,,,,,,,,,
456240603,-7,27447795,27447795,1533910161,2018-08-10 16:09:21,58.007799,56.235152,58.00819896273859,56.23476395501453,50.00509281829425,"https://sun9-59.userapi.com/s/v1/if1/WhhdytybwtrC-3_z8EoM_FG1MpZrypNoJRFviHTSPrYRwQgPvJJaIysMFIv7Fe629gIQP5Os.jpg?quality=96&as=32x18,48x27,72x40,108x61,160x90,240x135,360x202,480x270,540x304,640x360,720x405,1080x607,1280x720,1440x810,2560x1440&from=bu&cs=2560x0",,False,,synagogue,True,False,,,,,,,,,,,,,,,
437106344,-7,28319563,28319563,1476266526,2016-10-12 12:02:06,58.007989,56.235773,58.00819896273859,56.23476395501453,63.864272403377186,"https://sun9-78.userapi.com/s/v1/if1/yRqqu3nj9R3FMRMpUv1DUzjYRL33fh5XSq76CHfVZZNnJ36XY_OpfrYImb5q3HA3ggxdXw.jpg?quality=96&as=32x24,48x36,72x54,108x81,160x120,240x180,360x270,480x360,540x405,640x480,720x540,1080x810,1280x960&from=bu&cs=1280x0",,False,808.0,synagogue,True,False,,,,,,,,,,,,,,,
421519131,-7,28689330,28689330,1467387617,2016-07-01 17:40:17,58.007954,56.235416,58.00819896273859,56.23476395501453,47.09005899652475,"https://sun9-69.userapi.com/s/v1/ig1/v9mB1ggoIEvbNbu2K9UwVhFsRZnW5nBQHjWU4jj9hWQIyFcEYuW1DftnRtdZTxmyYF0rSVS4.jpg?quality=96&as=32x43,48x64,72x96,108x144,160x213,240x320,360x480,480x640,540x720,640x853,720x960,768x1024&from=bu&cs=768x0",,False,,synagogue,True,False,,,,,,,,,,,,,,,
456256836,-7,29082038,29082038,1558007434,2019-05-16 13:50:34,58.008065,56.234702,58.00819896273859,56.23476395501453,15.33660253181931,"https://sun9-76.userapi.com/s/v1/ig1/nU3AuEyHHMMh6k6qSedrVq0JZEnT4jt7WnlXIdg2yqXnpk8oRuiX96VKQjc-IVkmrMzbKTsM.jpg?quality=96&as=32x48,48x71,72x107,108x161,160x238,240x357,360x536,480x714,540x804,640x953,720x1072,860x1280&from=bu&cs=860x0",,False,1520.0,synagogue,True,True,,,,,,,,,,,,,,,
301295385,-7,29508671,29508671,1366441839,2013-04-20 09:10:39,58.008017,56.23568,58.00819896273859,56.23476395501453,57.63351034029182,"https://sun9-59.userapi.com/s/v1/if1/H_fnwXUjNfG2pycm_XNbNvxT_9FudYINdGcfwywZrrnzFtQTqTGDZIM0Fqiul_Cc5S6wwQ.jpg?quality=96&as=32x24,48x36,72x54,108x81,160x119,240x179,360x269,480x358,540x403,640x478,720x538,1080x807,1280x956&from=bu&cs=1280x0",,False,2961.0,synagogue,True,False,,,,,,,,,,,,,,,
349881268,211984954,30580629,30580629,1420070269,2015-01-01 00:57:49,58.007841,56.234068,58.00819896273859,56.23476395501453,57.14270472425379,"https://sun9-78.userapi.com/s/v1/if1/BuMJEdpoq0pdTxDrLC11frFBUauJLdz4WLSA7hla0WlOPRODxrlnRn0Bbt_vD0arQWkYLw.jpg?quality=96&as=32x24,48x36,72x54,108x81,160x119,240x179,360x268,480x358,540x403,640x477,720x537,960x716&from=bu&cs=960x0",НГ ночь 2015г.,False,,synagogue,True,False,,,,,,,,,,,,,,,
457242770,-7,31313732,31313732,1682936706,2023-05-01 12:25:06,58.007504,56.255585,58.00763133477656,56.255145877976155,29.490811130874935,"https://sun9-17.userapi.com/s/v1/ig2/0x_eVXth7sgKhwR6H1UusonLiV7tKCC9evOIO12y2stWyWHyX8vceMxbRQu3IkWRvkmrKPToa5JVZ3ZHM-Muko6t.jpg?quality=95&as=32x43,48x64,72x96,108x144,160x213,240x320,360x480,480x640,540x720,640x853,720x960,1080x1440,1280x1707,1440x1920,1920x2560&from=bu&cs=1920x0","1 мая,  +16",False,,or avner habad community center,True,False,,,,,,,,,,,,,,,
457245530,-7,31653135,31653135,1611037634,2021-01-19 07:27:14,58.007694,56.234425,58.00819896273859,56.23476395501453,59.59425229650816,"https://sun9-33.userapi.com/s/v1/ig2/_QYP1CcJNbq3sbvgSFkKLgaLbb4MBIJeUDEg5Ho8zZsmxmFjaVwT0I9bJiASKofAsTfPbzscKAI9gHcTqsaHsSR-.jpg?quality=96&as=32x43,48x64,72x96,108x144,160x213,240x320,360x480,480x640,540x720,640x853,720x960,1080x1440,1200x1600&from=bu&cs=1200x0",,False,,synagogue,True,False,,,,,,,,,,,,,,,
457244164,159779885,33433452,33433452,1584981416,2020-03-23 17:36:56,58.008107,56.234649,58.00819896273859,56.23476395501453,12.264916938799782,"https://sun9-57.userapi.com/s/v1/if2/fDIOpfU7wPvvNaieoIvFUhGbMAkCiviaNBEcNKVPJorrSjUbYoRsApeQ6uOuB2IlWHY-guCFZpWkTUx3ypIWax-q.jpg?quality=96&as=32x24,48x36,72x54,108x81,160x120,240x180,360x270,480x360,540x405,640x480,720x540,1080x810,1280x960,1440x1080,2560x1920&from=bu&cs=2560x0",,False,,synagogue,True,True,,,,,,,,,,,,,,,
456253344,253079278,34348858,34348858,1523559778,2018-04-12 21:02:58,58.007517,56.255109,58.00763133477656,56.255145877976155,12.897740593638147,"https://sun9-16.userapi.com/s/v1/ig1/PzYLAgz20fPA_J9hf4OWfYx94au4i9w-pXb0nd8h5Y0ba05agHRNxa6BDIbgdaNPUIV31mva.jpg?quality=96&as=32x43,48x64,72x96,108x144,160x214,240x320,360x481,480x641,540x721,640x855,719x960&from=bu&cs=719x0",,False,,or avner habad community center,True,True,,,,,,,,,,,,,,,
456239357,-7,34465106,34465106,1500570362,2017-07-20 19:06:02,58.008085,56.255425,58.00763133477656,56.255145877976155,53.057639129309905,"https://sun9-23.userapi.com/s/v1/ig1/0zPSnxxK71DVb0I9BKod9jwGOJN5IhFKrCCdyAekL5jMqJ5guZ0M_5vWc1QlOsiGV5_TaA.jpg?quality=96&as=32x43,48x64,72x96,108x144,160x214,240x320,360x481,480x641,540x721,640x855,719x960&from=bu&cs=719x0",,False,1591.0,or avner habad community center,True,False,,,,,,,,,,,,,,,
457248875,185616862,34473694,34473694,1647767057,2022-03-20 10:04:17,58.007855,56.23428,58.00819896273859,56.23476395501453,47.70393405944041,"https://sun9-28.userapi.com/s/v1/ig2/XuBrrgHmSCscKpEGqm2waWd3Bk3npE_ZtjrJrdSAzCjlfKeWoLQagSki6vRup4gpySWwLIaL02H9FB6vcls4T_k2.jpg?quality=96&as=32x43,48x64,72x96,108x144,160x213,240x320,360x480,480x640,540x720,640x853,720x960,1080x1440,1104x1472&from=bu&cs=1104x0",,False,,synagogue,True,False,,,,,,,,,,,,,,,
393057888,-7,34615554,34615554,1450354419,2015-12-17 13:13:39,58.008127,56.255544,58.00763133477656,56.255145877976155,59.898244701116845,"https://sun9-77.userapi.com/s/v1/if1/O4lV0uztsMOONEkSxl1B0f9HY56p615QUpzJRRZzYA9Y_eGsRWoVdopVBDk2oUrJU-PyFqzh.jpg?quality=96&as=32x23,48x34,72x51,108x77,160x114,240x171,360x256,480x342,540x385,640x456,720x513,960x684&from=bu&cs=960x0",,False,1979.0,or avner habad community center,True,False,,,,,,,,,,,,,,,
333661337,190215637,-67729205,34712003,1403956895,2014-06-28 14:01:35,58.008031,56.235376,58.00819896273859,56.23476395501453,40.60619190135894,"https://sun9-42.userapi.com/s/v1/if2/uSIRqewSnQrpmLIWaTGEV5V-gPwmkrVD1g08XvrzVEM_kRFhsr9DDQtJNbN4W058qmZu4Fd1E4fL7jLoQJ5Iunhk.jpg?quality=96&as=32x24,48x36,72x54,108x81,160x119,240x179,360x269,480x358,540x403,640x478,720x538,1080x807,1280x956&from=bu&cs=1280x0",,False,,synagogue,True,False,,,,,,,,,,,,,,,
294261772,-7,34734078,34734078,1354985482,2012-12-08 17:51:22,58.007835,56.236024,58.00819896273859,56.23476395501453,84.54632475130688,"https://sun9-68.userapi.com/s/v1/if2/SvtEQfUUqZ-tRwIlVnEAxmj1HztdGt4PIglpihvJX3KkTi4mGLn66brmZjIPatcYo2ZEk_4_8vYTNylnxP-_fwzQ.jpg?quality=96&as=32x24,48x36,72x54,108x81,160x120,240x180,360x270,480x360,540x405,640x480,720x540,1080x810,1280x960,1440x1080,1920x1440&from=bu&cs=1920x0",,False,,synagogue,True,False,,,,,,,,,,,,,,,
457239788,305774157,35677100,35677100,1751113535,2025-06-28 14:25:35,58.007708,56.234121,58.00819896273859,56.23476395501453,66.44574108469159,"https://sun9-39.userapi.com/s/v1/ig2/0SeXKL4_NR3pyROKQXwEe6wwbgnL-UqH8zkoU2JkITmPkTAsFBrcRb4Xpfl_9ys2uxmH8rxgDVo9HQs47ThWz8Bq.jpg?quality=95&as=32x69,48x104,72x156,108x234,160x347,240x520,360x780,480x1040,540x1170,640x1386,720x1559,1080x2339,1182x2560&from=bu&cs=1182x0",,False,,synagogue,True,False,,,,,,,,,,,,,,,
456245573,-7,36433674,36433674,1505629442,2017-09-17 08:24:02,58.007701,56.234359,58.00819896273859,56.23476395501453,60.29152511439691,"https://sun9-52.userapi.com/s/v1/ig1/FHx15oPnBEMkHYqMdRZxym1ZG-exI2j497vw8db7U2GLGM-LSgBLTZpslcLIrnhPsQ0bAw.jpg?quality=96&as=32x32,48x48,72x72,108x108,160x160,240x240,360x360,480x480,540x540,640x640,720x720,960x960&from=bu&cs=960x0",,False,8742.0,synagogue,True,False,,,,,,,,,,,,,,,
411067525,-7,40610551,40610551,1460917304,2016-04-17 20:21:44,58.008218,56.255372,58.00763133477656,56.255145877976155,66.58042631655987,"https://sun9-76.userapi.com/s/v1/if1/UnFZhwi7iykqEeQ9iAQX9aihhSE-1RXlvGdX_XOGHR1Gc1iVQLPxFEIo7knmZINoXWlYTxBc.jpg?quality=96&as=32x24,48x36,72x54,108x81,160x120,240x180,360x270,480x359,540x404,640x479,720x539,960x719&from=bu&cs=960x0",,False,,or avner habad community center,True,False,,,,,,,,,,,,,,,
456244204,-7,42224173,42224173,1537633185,2018-09-22 18:19:45,58.007723,56.236051,58.00819896273859,56.23476395501453,92.46568574583628,"https://sun9-77.userapi.com/s/v1/ig1/avj1Ayr23QenaPpRodJmhcpgJfGrQMYIBshvSfT9imSHwSJAYdjpeKgbP-7IG4_iihq0-w.jpg?quality=96&as=32x43,48x64,72x96,108x144,160x213,240x320,360x480,480x640,540x720,640x853,720x960&from=bu&cs=720x0",,False,6472.0,synagogue,True,False,,,,,,,,,,,,,,,
456239275,241508628,-76201644,43383088,1488299097,2017-02-28 17:24:57,58.007765,56.235654,58.00819896273859,56.23476395501453,71.25851791575037,"https://sun9-68.userapi.com/s/v1/ig1/_WRT-OziI7lHSSNcwbmAzEd_NpiaiRHQScxlPca0QcEPD_E0rNnJwutGRJ3LZY2k8PTNWjkn.jpg?quality=96&as=32x43,48x64,72x96,108x144,160x213,240x320,360x480,480x640,540x720,640x853,720x960,1080x1440,1280x1707,1440x1920,1620x2160&from=bu&cs=1620x0",,False,,synagogue,True,False,,,,,,,,,,,,,,,
456239758,-7,47377719,47377719,1545549850,2018-12-23 08:24:10,58.007869,56.235178,58.00819896273859,56.23476395501453,44.05827773051322,"https://sun9-32.userapi.com/s/v1/ig1/gxQbR0BUE57mNJYS7oowrV6Usliq_Vq_k2csn2Li2S6wHyS6qUD6-jkxu2D1kCEEVSCV2H-e.jpg?quality=96&as=32x43,48x64,72x96,108x144,160x213,240x320,360x479,480x639,540x719,640x852,720x959,721x960&from=bu&cs=721x0",,False,,synagogue,True,False,,,,,,,,,,,,,,,
456242571,-7,47656126,47656126,1558284955,2019-05-19 18:55:55,58.008043,56.255478,58.00763133477656,56.255145877976155,49.78130455029694,"https://sun9-80.userapi.com/s/v1/ig1/aMQs4tUkfM0YVA31o-JsIT5XvhXJqvHFYG6vMv-4M1B3cJLOuCTfIuGIWmW-FvenfrFpPTlW.jpg?quality=96&as=32x43,48x64,72x96,108x144,160x213,240x320,360x480,480x640,540x720,640x853,720x960&from=bu&cs=720x0",,False,,or avner habad community center,True,False,,,,,,,,,,,,,,,
457240381,-7,49452630,49452630,1570851017,2019-10-12 05:30:17,58.00794,56.235376,58.00819896273859,56.23476395501453,46.14349723185105,"https://sun9-80.userapi.com/s/v1/ig1/FKw8M3-Z9of5jhtkYXrW2MXQRUOatfCRkzX1IV8r0tenajXOX393gL_YSGIOfOm06BsElCG5.jpg?quality=96&as=32x43,48x64,72x96,108x144,160x213,240x320,360x480,480x640,540x720,640x853,720x960,960x1280&from=bu&cs=960x0",,False,1967.0,synagogue,True,False,,,,,,,,,,,,,,,
457240312,-7,49524464,49524464,1662200879,2022-09-03 12:27:59,58.008317,56.2349,58.00819896273859,56.23476395501453,15.37861529780568,"https://sun9-26.userapi.com/s/v1/ig2/xu7hPSXc2Dd-UNi65aSTt_jGHLIKHjP-P6msY_g1DlPnKwdjIl9nk8LhQ9mx7qL-9RGjWsvkGfHHPX3vCVoxKxkJ.jpg?quality=95&as=32x43,48x64,72x96,108x144,160x213,240x320,360x480,480x639,540x719,640x853,720x959,1080x1439,1201x1600&from=bu&cs=1201x0",,False,2880.0,synagogue,True,False,,,,,,,,,,,,,,,
323349181,-6,49780367,49780367,1393236419,2014-02-24 11:06:59,58.007919,56.235403,58.00819896273859,56.23476395501453,48.85066406409761,"https://sun9-40.userapi.com/s/v1/ig2/ZbCyXqVdMsO-SJ5xiqZuNmZTSJ-QKRIf1uL-N-bumI7updunXimUrsFuk_51QLKGy4eYODxiiIb-aYQqA3lfwkin.jpg?quality=96&as=32x32,48x48,72x72,108x108,160x160,240x240,360x360,480x480&from=bu&cs=480x0",,False,2554.0,synagogue,True,False,,,,,,,,,,,,,,,
456242514,247248283,50203773,50203773,1499672495,2017-07-10 09:41:35,58.008052,56.235693,58.00819896273859,56.23476395501453,57.11847247120681,"https://sun9-20.userapi.com/s/v1/ig1/4zTshp3aDTmbtIsdmygm52WUKK-7-09Gqqf_gVH_RJn0HfLCA4WE_XGfJdsW5h2SG-e7Tms5.jpg?quality=96&as=32x43,48x64,72x96,108x144,160x213,240x320,360x480,480x640,540x720,640x853,720x960&from=bu&cs=720x0","Ресторан ""Одесса"" г. Пермь",False,,synagogue,True,False,,,,,,,,,,,,,,,
325257621,-6,51403243,51403243,1395741474,2014-03-25 10:57:54,58.008003,56.235469,58.00819896273859,56.23476395501453,46.9036798386652,"https://sun9-31.userapi.com/s/v1/ig2/7BJFjoHhAHvL4atBwFpfp-OkvZfKoFNlT1KEMxTQXpags-rqnARGXlMTHtxvnF4OPhZ8-5hTIebxqKqEgLCpToWh.jpg?quality=96&as=32x43,48x64,72x96,108x144,160x213,240x320,360x480,480x640,540x720,640x853,720x960,1080x1440,1280x1707,1440x1920,1536x2048&from=bu&cs=1536x0",,False,1894.0,synagogue,True,False,,,,,,,,,,,,,,,
456239092,-7,53328115,53328115,1481957490,2016-12-17 07:51:30,58.007575,56.234003,58.00819896273859,56.23476395501453,82.60399862849859,"https://sun9-36.userapi.com/s/v1/ig2/-E8WgSQqTPguELJ_UsT9sYGGDm3NAGz_FaVtCNN1NnbUY3tFjN5wddW6Snt9ZoNal_kD8NPYGWAwEQdK_akBJNuT.jpg?quality=96&as=32x43,48x64,72x96,108x144,160x213,240x320,360x480,480x640,540x720,640x853,720x960&from=bu&cs=720x0",,False,,synagogue,True,False,,,,,,,,,,,,,,,
457269095,275149773,55649855,55649855,1752240480,2025-07-11 15:28:00,58.007715,56.234399,58.00819896273859,56.23476395501453,57.95011791683787,"https://sun9-61.userapi.com/s/v1/ig2/gre5mIiZIEd7HdpWy0KQAr0LhM0Md6HBINVZriTmPSvdsDC4OVwl5IjybtRTiLAbhOO-kw9vvZYFc350QTFr1Zbw.jpg?quality=95&as=32x43,48x64,72x96,108x144,160x213,240x320,360x480,480x640,540x720,640x853,720x960,1080x1440,1280x1707,1440x1920,1920x2560&from=bu&cs=1920x0",,False,,synagogue,True,False,,,,,,,,,,,,,,,
456240243,-7,56056049,56056049,1497560171,2017-06-15 22:56:11,58.007293,56.255334,58.00763133477656,56.255145877976155,39.21955119931195,"https://sun9-70.userapi.com/s/v1/ig1/fLaeNq0pMeXQDUppHmPm4fS_imF1GpG-0WzCJNZ5q2RKy1RSbD0TzYKduLz9LLlMUya0Oai4.jpg?quality=96&as=32x43,48x64,72x96,108x144,160x213,240x320,360x480,480x640,540x720,640x853,720x960,1080x1440,1280x1707,1440x1920,1536x2048&from=bu&cs=1536x0",,False,,or avner habad community center,True,False,,,,,,,,,,,,,,,
456239722,-7,57433552,57433552,1491759230,2017-04-09 19:33:50,58.007981,56.235152,58.00819896273859,56.23476395501453,33.31645277407271,"https://sun9-40.userapi.com/s/v1/ig1/yluDyKME-XZZmXC-dUblha7zJ9UDxjalgaTSHwDuWace87qL9w87XQrAHDbVxZ_mxyAnKLhu.jpg?quality=96&as=32x43,48x64,72x96,108x144,160x213,240x320,360x480,480x640,540x720,640x854,720x960,866x1155&from=bu&cs=866x0",,False,,synagogue,True,False,,,,,,,,,,,,,,,
457239614,100960323,59059013,59059013,1612079019,2021-01-31 08:43:39,58.007834,56.235165,58.00819896273859,56.23476395501453,46.95836248694766,"https://sun9-79.userapi.com/s/v1/ig2/uHp7aIJRuon2CU6c8Xm735_wRQc3kZWKhxHaDScCYt20JmC72pKLLD9ohoyO4e5XfMgSm1C25B0NAfByfU-CV0IY.jpg?quality=96&as=32x43,48x64,72x96,108x144,160x213,240x320,360x480,480x640,540x720,640x853,720x960,1080x1440,1280x1707,1440x1920,1620x2160&from=bu&cs=1620x0",,False,,synagogue,True,False,,,,,,,,,,,,,,,
375421314,-7,59243597,59243597,1437252827,2015-07-18 22:53:47,58.007793,56.235562,58.00819896273859,56.23476395501453,65.17671233064395,"https://sun9-69.userapi.com/s/v1/ig1/ATpDS_sfT31r9NbKRM9mhDBLEpBxnXkfGTxNBRpcO_L3UVclJwJTOXHgOJj6EQoAT_h0Li5U.jpg?quality=96&as=32x43,48x64,72x96,108x144,160x213,240x320,360x480,480x640,540x720,640x853,720x960,1080x1440,1280x1707,1440x1920,1536x2048&from=bu&cs=1536x0",,False,,synagogue,True,False,,,,,,,,,,,,,,,
457240720,99192259,59367689,59367689,1688976627,2023-07-10 10:10:27,58.008107,56.234993,58.00819896273859,56.23476395501453,16.930285459496016,"https://sun9-74.userapi.com/s/v1/ig2/7bLDUrx1VYyADdw4svtemdW0xNBr1J3Yp4y-ZGuqvwbpPqa6jhN8JmMCH3j3JaMpa1g9G5TGV8XPBVf2tkOS23Zd.jpg?quality=95&as=32x43,48x64,72x96,108x144,160x213,240x320,360x480,480x640,540x720,640x853,720x960,1080x1440,1280x1707,1440x1920,1920x2560&from=bu&cs=1920x0",,False,,synagogue,True,False,,,,,,,,,,,,,,,
457260159,-7,61489946,61489946,1662322612,2022-09-04 22:16:52,58.00831,56.234794,58.00819896273859,56.23476395501453,12.473002149656551,"https://sun9-59.userapi.com/s/v1/ig2/E2zTSPlJmTwajI3mXuf5sZEd5livUL8atQ5HzN7v2e9LrZBte_aL9fL8FYOAdRSd52uNmimlVBhzonimoHxYS8hC.jpg?quality=95&as=32x43,48x64,72x96,108x144,160x214,240x321,360x481,480x642,540x722,640x855,720x962,1080x1444,1197x1600&from=bu&cs=1197x0",,False,,synagogue,True,False,,,,,,,,,,,,,,,
456239258,-6,62110046,62110046,1480857879,2016-12-04 14:24:39,58.007996,56.23605,58.00819896273859,56.23476395501453,79.05216913219736,"https://sun9-83.userapi.com/s/v1/ig1/Kt8GxeCoS-g0yYYje-7uEgy7JlubbyJv2axGuBiD4zZuM-QkrE3y5whyQV0yHs8sRTmqoRRu.jpg?quality=96&as=32x40,48x60,72x90,108x135,160x200,240x300,360x450,480x599,540x674,640x799,720x899,960x1199&from=bu&cs=960x0",,False,4691.0,synagogue,True,False,,,,,,,,,,,,,,,
457261053,-7,63059081,63059081,1644846199,2022-02-14 14:43:19,58.007855,56.234967,58.00819896273859,56.23476395501453,40.07376077662802,"https://sun9-45.userapi.com/s/v1/ig2/oJdZbK2W71K6rVdNz7B5G1iudrdmwCGhX7mip2txGrTg50arHLDX5sRBrSWZ5WGH1i99o4l8DGxIL_HEy_zl5vgy.jpg?quality=96&as=32x43,48x64,72x96,108x144,160x213,240x320,360x480,480x640,540x720,640x853,720x960,1080x1440,1266x1688&from=bu&cs=1266x0",,False,18253.0,synagogue,True,False,,,,,,,,,,,,,,,
457240759,-7,63064211,63064211,1662634465,2022-09-08 12:54:25,58.0081,56.234887,58.00819896273859,56.23476395501453,13.17706229634948,"https://sun9-39.userapi.com/s/v1/ig2/S1INRRtpLdV6cEs6aU1Oz1-HISaF5FJ0bpqluJXROHACFZ5UrGB4HBZHSVa_f1PEXTpGhBiqIZLEDpZd_BKKzJ1C.jpg?quality=95&as=32x43,48x64,72x96,108x144,160x213,240x320,360x480,480x640,540x720,640x853,720x960,1080x1440,1266x1688&from=bu&cs=1266x0",,False,,synagogue,True,True,,,,,,,,,,,,,,,
365452440,-6,63458646,63458646,1433053054,2015-05-31 08:17:34,58.007939,56.234345,58.00819896273859,56.23476395501453,38.00978402778725,"https://sun9-8.userapi.com/s/v1/ig1/goFN7DDoqMqKU_LqxueridRC-tbsKXooWol9lrmo2O2BZBaOWz_FsfZzYjyOLOKMoDCe-g.jpg?quality=96&as=32x43,48x64,72x96,108x144,160x213,240x320,360x480,480x640&from=bu&cs=480x0",,False,840.0,synagogue,True,False,,,,,,,,,,,,,,,
456239507,-7,63468162,63468162,1518350032,2018-02-11 12:53:52,58.007855,56.234795,58.00819896273859,56.23476395501453,38.2906136658068,"https://sun9-22.userapi.com/s/v1/ig1/AbKr6I2kXivg4vTZPc4zYgGc7g7afwcWk0Ej0DQgvQHV3iO2LjI4d1d0y1Z-ejRKnDnrvyEm.jpg?quality=96&as=32x43,48x64,72x96,108x144,160x213,240x320,360x480,480x640,540x720,605x807&from=bu&cs=605x0",,False,857.0,synagogue,True,False,,,,,,,,,,,,,,,
286598800,-7,64373016,64373016,1342282178,2012-07-14 18:09:38,58.007835,56.235337,58.00819896273859,56.23476395501453,52.702357521241574,"https://sun9-56.userapi.com/s/v1/if2/a1-hXdR6HwSrDpGDugSra0dBVieNzqkT_Tz8PAiwcnpbNuYA7rJAfKDBs0tdhYlepBAiWMur9pb1qkwsIMSjTIjf.jpg?quality=96&as=32x24,48x36,72x54,108x81,160x120,240x180,360x270,480x360,540x405,640x480,720x540,1080x810,1280x960&from=bu&cs=1280x0",,False,,synagogue,True,False,,,,,,,,,,,,,,,
456245966,244462745,64750510,64750510,1495812345,2017-05-26 17:25:45,58.0078,56.235324,58.00819896273859,56.23476395501453,55.28629907749113,"https://sun9-70.userapi.com/s/v1/ig1/c0asPdlyxA2Q9-Fydf9fRlcN9Or8yY00cwkNRjmjIihNYLsjXVa3seITwXFQCsFywgpU9Zyt.jpg?quality=96&as=32x66,48x98,72x147,108x221,160x328,240x491,360x737,480x983,540x1106,640x1310,720x1474,1055x2160&from=bu&cs=1055x0","РЕКОМЕНДУЮ!
Очки Dior позолоченные  2 250 руб https://vk.com/top_optic_perm
Куртка 2 000 руб, кофта 1200 руб, джинсы - 1200 руб https://vk.com/club40002445
Рюкзак 1000 руб https://vk.com/trendavenue
Чехол 600 руб https://vk.com/sota_perm",False,,synagogue,True,False,,,,,,,,,,,,,,,
456239130,-7,65630065,65630065,1518613535,2018-02-14 14:05:35,58.007694,56.234597,58.00819896273859,56.23476395501453,57.00421853451046,"https://sun9-25.userapi.com/s/v1/if1/WTMlrBhW0NRBh4ImFJnaWJSkPoxVO6kogd93FaMAcsrLKRBA2NHxuo19oXE7l4NAbl54Q6fZ.jpg?quality=96&as=32x18,48x27,72x40,108x61,160x90,240x135,360x202,480x270,540x304,640x360,720x405,1080x607,1280x720&from=bu&cs=1280x0",,False,,synagogue,True,False,,,,,,,,,,,,,,,
456239258,-7,66054386,66054386,1495153411,2017-05-19 02:23:31,58.007785,56.234597,58.00819896273859,56.23476395501453,47.06962407051395,"https://sun9-35.userapi.com/s/v1/ig1/2OohVUehAZ4XcL1lCv9EJ29uBOUFKVKL6c07i6xPLZ8Fgkdgrspg83ahP58trdcvwO_VRA.jpg?quality=96&as=32x43,48x64,72x96,108x144,160x213,240x320,360x480,480x640,540x720,640x853,720x960&from=bu&cs=720x0",,False,,synagogue,True,False,,,,,,,,,,,,,,,
363126926,114929317,66248987,66248987,1430205459,2015-04-28 09:17:39,58.007807,56.235429,58.00819896273859,56.23476395501453,58.6050251154996,"https://sun9-18.userapi.com/s/v1/ig1/g7rHWxTPiEszq5MACrDLXgS56U3veZ58GNNFmQ-PV9iCyraoSRxmaLL7pf0BLyc7uuE-lEEM.jpg?quality=96&as=32x43,48x64,72x96,108x144,160x213,240x320,360x480,480x640,540x720,640x853,720x960,960x1280&from=bu&cs=960x0",,False,,synagogue,True,False,,,,,,,,,,,,,,,
300387587,-7,68188995,68188995,1365333275,2013-04-07 13:14:35,58.007674,56.235654,58.00819896273859,56.23476395501453,78.464773208833,"https://sun9-2.userapi.com/s/v1/if2/hjI6VKkUVBy-DHqXd_SzPC0bh2PsIJ5sp1Yg3kIRTjD8Iyke0sIjBJPUO2l3uBDr1cB6YWa2XJCbjb98XQ2D2-w-.jpg?quality=96&as=32x24,48x36,72x54,108x81,160x120,240x180,360x270,480x360,540x405,640x480,720x540,1080x810,1280x960&from=bu&cs=1280x0",,False,,synagogue,True,False,,,,,,,,,,,,,,,
340032576,-7,68528414,68528414,1410585599,2014-09-13 07:19:59,58.008204,56.255332,58.00763133477656,56.255145877976155,64.6145828160097,"https://sun9-34.userapi.com/s/v1/ig2/z5_5B8koj1m8u0oAvwLazTND9K08iwVDoS4XdNbl50slNHXz7WW_iEASKG9RlOl1MRgMfZYmgO2HBHgRN9wplJLZ.jpg?quality=96&as=32x43,48x64,72x96,108x144,160x213,240x320,360x480,480x640,540x720,640x853,720x960,1080x1440,1280x1707,1440x1920,1536x2048&from=bu&cs=1536x0",,False,,or avner habad community center,True,False,,,,,,,,,,,,,,,
456240927,-7,69515590,69515590,1520433169,2018-03-07 15:32:49,58.008038,56.235654,58.00819896273859,56.23476395501453,55.40406105219163,"https://sun9-25.userapi.com/s/v1/ig1/XjSZzFspK9n6R25WfKwzJhmEoq9asHkEcfFsGadpnCoUp2ukTIu12Uw34fspfRyUsOoGmPYd.jpg?quality=96&as=32x42,48x64,72x96,108x143,160x212,240x319,360x478,480x637,540x717,640x850,720x956,976x1296&from=bu&cs=976x0",,False,,synagogue,True,False,,,,,,,,,,,,,,,
457245649,199790062,69603355,69603355,1618568551,2021-04-16 12:22:31,58.007982,56.235495,58.00819896273859,56.23476395501453,49.36350398026458,"https://sun9-77.userapi.com/s/v1/ig2/ZpmcM1pLQgD5gKICjWx8qWBRlLvDxxWnTXR4AEuu9zEMvoRuUqSxwrGhLoBHxCHtTz6mmjd0dmZN7xz9R__ONm55.jpg?quality=96&as=32x43,48x64,72x96,108x144,160x213,240x320,360x480,480x640,540x720,640x853,720x960,1080x1440,1200x1600&from=bu&cs=1200x0",,False,,synagogue,True,False,,,,,,,,,,,,,,,
457242767,-7,69632276,69632276,1570522938,2019-10-08 10:22:18,58.007841,56.234412,58.00819896273859,56.23476395501453,44.88018947431314,"https://sun9-43.userapi.com/s/v1/if1/ZRk7UJU4oLwk8afBpQZPlRAZO8CnAL_xkpabsmjE60iH9j-tTZKr2Vscp2CcrZIiZNKaLl7D.jpg?quality=96&as=32x24,48x36,72x54,108x81,160x120,240x180,360x270,480x360,540x405,640x480,720x540,1080x810,1280x960,1440x1080,1536x1152&from=bu&cs=1536x0",,False,2016.0,synagogue,True,False,,,,,,,,,,,,,,,
457266732,-7,70618621,70618621,1658579403,2022-07-23 14:30:03,58.008198,56.234992,58.00819896273859,56.23476395501453,13.434748137224169,"https://sun9-76.userapi.com/s/v1/ig2/tkSLEJCiTCrEJQWrePckw82SAWwI3kJ46jHRtOIQEnnmk6-aZQEfoFjpn4JvFO_8fkSTguOMNJDdAFaQDHB_WzEz.jpg?quality=95&as=32x43,48x64,72x96,108x144,160x213,240x320,360x480,480x640,540x720,640x853,720x960,1080x1440,1280x1707,1440x1920&from=bu&cs=1440x0",,False,,synagogue,True,False,,,,,,,,,,,,,,,
457240486,-7,75695901,75695901,1623421025,2021-06-11 16:17:05,58.007933,56.235786,58.00819896273859,56.23476395501453,67.0806851405364,"https://sun9-29.userapi.com/s/v1/ig2/N2KdOAsShdbevKxK2V6sBj1J6774MJWPurrf5V1t3mM5oyGLkfy-Z0zwYXxMLulBo2KJqdJ-CwolqeSYvNHPhgW1.jpg?quality=96&as=32x43,48x64,72x96,108x144,160x213,240x320,360x480,480x640,540x720,640x853,720x960,1080x1440,1280x1707,1440x1920&from=bu&cs=1440x0",,False,,synagogue,True,False,,,,,,,,,,,,,,,
457292008,246877651,76946578,76946578,1705113434,2024-01-13 03:37:14,58.007912,56.235297,58.00819896273859,56.23476395501453,44.76910842408243,"https://sun9-13.userapi.com/s/v1/ig2/zF-inDosw5fmnBB317fAMBI8maGGM7ZVtPMXyVGkbVOQaU-6FB7FDTJQwoazr2WFOm1BZap_GM_uBbvKYjgUiNqk.jpg?quality=95&as=32x43,48x64,72x96,108x144,160x213,240x320,360x480,480x640,540x720,640x853,720x960,1080x1440,1280x1707,1440x1920,1920x2560&from=bu&cs=1920x0",,False,,synagogue,True,False,,,,,,,,,,,,,,,
457245461,-7,78739222,78739222,1589885995,2020-05-19 12:59:55,58.007667,56.235892,58.00819896273859,56.23476395501453,88.96694168762951,"https://sun9-84.userapi.com/s/v1/ig2/I322a4WAWoQZ2L_qAhTdN4KkrZaVMuLoKbhVVgBi7ansSuhET3SFaqoMqaK1i94EuR-w_qBNHBAKe-ZB11-3sqQ7.jpg?quality=96&as=32x43,48x65,72x97,108x146,160x216,240x323,360x485,480x647,540x728,640x862,720x970,1045x1408&from=bu&cs=1045x0",,False,,synagogue,True,False,,,,,,,,,,,,,,,
457244643,-7,79611517,79611517,1602961800,2020-10-17 21:10:00,58.007946,56.234967,58.00819896273859,56.23476395501453,30.565893184227996,"https://sun9-1.userapi.com/s/v1/ig2/IoMxdy1oFtuWszQYQVF7Fi85DaMj6xbWugO4_O2wh9OWRFIKeMPyTW1y0N693E5EqI6aHgu6dSUG85__bxnn1Jnv.jpg?quality=96&as=32x44,48x66,72x100,108x149,160x221,240x332,360x498,480x664,540x747,640x885,720x996,912x1261&from=bu&cs=912x0",,False,4454.0,synagogue,True,False,,,,,,,,,,,,,,,
457239645,-7,87075154,87075154,1564141731,2019-07-26 13:48:51,58.007952,56.255478,58.00763133477656,56.255145877976155,40.67180744954363,"https://sun9-44.userapi.com/s/v1/ig1/_TL5nY7lkq93aYr9UHC_6osZawLnwgsTRHlqFwUJejY-yNVvFN7FfSmvym-koeUk3PjEylyk.jpg?quality=96&as=32x43,48x64,72x96,108x144,160x213,240x320,360x480,480x640,540x720,640x853,720x960,992x1322&from=bu&cs=992x0",,False,157.0,or avner habad community center,True,False,,,,,,,,,,,,,,,
412447378,-7,91579362,91579362,1461258901,2016-04-21 19:15:01,58.007855,56.23428,58.00819896273859,56.23476395501453,47.70393405944041,"https://sun9-23.userapi.com/s/v1/ig1/s81xYs436QDqL5O-AnRg8H8NhDvhLGeaK9by_VIEKrvjtero8IbQJD86i5meAe0RBg0sNw.jpg?quality=96&as=32x32,48x48,72x72,108x108,160x160,240x240,360x360,480x480,540x540,640x640&from=bu&cs=640x0",,False,,synagogue,True,False,,,,,,,,,,,,,,,
457250505,-7,91867065,91867065,1649513330,2022-04-09 16:08:50,58.008016,56.234993,58.00819896273859,56.23476395501453,24.41245746986248,"https://sun9-38.userapi.com/s/v1/ig2/8yTGGeHuq_qK_G8R-wlg2-TRfnG630xnEWaMaKo_eSw5rsEDXn7l19B7tWZBaHWQPIr2_ZI4F1CgHnKTcMfLMesP.jpg?quality=95&as=32x57,48x85,72x128,108x192,160x284,240x427,360x640,480x853,540x960,640x1138,720x1280,828x1472&from=bu&cs=828x0",,False,5688.0,synagogue,True,False,,,,,,,,,,,,,,,
457261204,305287651,91875183,91875183,1716139223,2024-05-19 19:20:23,58.008009,56.234715,58.00819896273859,56.23476395501453,21.318864649046265,"https://sun9-44.userapi.com/s/v1/ig2/-Kghwr-RBL924zaZbZeBEV77wNsi89Lia-FZ9ytS70iv698y3q5XO8Xah2k7oKpbQlDturjWWHzeeGcINrLVzhw5.jpg?quality=95&as=32x32,48x48,72x72,108x108,160x160,240x240,360x360,480x480,540x540,640x640,720x720,1080x1080,1280x1280,1440x1440,1560x1560&from=bu&cs=1560x0",,False,,synagogue,True,True,,,,,,,,,,,,,,,
457242323,-7,92313677,92313677,1653383955,2022-05-24 11:19:15,58.008016,56.234993,58.00819896273859,56.23476395501453,24.41245746986248,"https://sun9-8.userapi.com/s/v1/ig2/FcwwcETcm80650WQWQuKSWunw-bUmSLvh1oNzkxaDuFUYmJcuuHBeNZZKFQJyW4qxYaimPuf8qbQip6Q6u-0iA3d.jpg?quality=95&as=32x43,48x64,72x96,108x144,160x213,240x320,360x480,480x640,540x720,640x853,720x960,1080x1440,1280x1707,1440x1920&from=bu&cs=1440x0",,False,,synagogue,True,False,,,,,,,,,,,,,,,
456239043,-6,92697119,92697119,1516167912,2018-01-17 06:45:12,58.008219,56.234966,58.00819896273859,56.23476395501453,12.10937327292056,"https://sun9-7.userapi.com/s/v1/if1/RT-48Y32SqRqGMC6_-6XZSXqj4LUcxqfy43MDGHUi6yX_qDBXf4OmKWUijyw6lSXWDTNPIoi.jpg?quality=96&as=32x18,48x27,72x40,108x61,160x90,240x135,360x202,480x270,540x304,640x360,720x405,1080x607,1280x720,1440x810,2560x1440&from=bu&cs=2560x0",,False,1027.0,synagogue,True,False,,,,,,,,,,,,,,,
457245515,-7,92812230,92812230,1659805552,2022-08-06 19:05:52,58.00831,56.234794,58.00819896273859,56.23476395501453,12.473002149656551,"https://sun9-27.userapi.com/s/v1/ig2/5VHztNHDI90h1LarEFSb6tpO8PHLK36DkocqgcQPDpACZWj22YqSTYPILntYzMMhojZtSqwcNUy_zlMtFriFPKDQ.jpg?quality=95&as=32x43,48x64,72x96,108x144,160x213,240x320,360x480,480x640,540x720,640x853,720x960,1080x1440,1280x1707,1440x1920&from=bu&cs=1440x0",,False,,synagogue,True,False,,,,,,,,,,,,,,,
456239821,-7,93069489,93069489,1540645787,2018-10-27 15:09:47,58.007778,56.235007,58.00819896273859,56.23476395501453,48.94979211215381,"https://sun9-27.userapi.com/s/v1/ig1/_6y-fjjFxB3GR9J5C5XRtzfExaQg1yRqKihWcO6sZDqyT3aPrVhl0J_Bjy8qATQojASWA9eY.jpg?quality=96&as=32x43,48x64,72x96,108x144,160x213,240x320,360x480,480x640,540x720,640x853,720x960,780x1040&from=bu&cs=780x0",,False,,synagogue,True,False,,,,,,,,,,,,,,,
456239137,118890887,93315487,93315487,1486187139,2017-02-04 06:45:39,58.008072,56.234464,58.00819896273859,56.23476395501453,22.617653464539075,"https://sun9-85.userapi.com/s/v1/ig1/qIHc3aGFUKk7D6lsDuIOErnDqMfX8ny4MAouH5LB-4R-aJnxCrUDeuuiwyh9RqIyw7-hAf-X.jpg?quality=96&as=32x57,48x85,72x128,108x192,160x284,240x427,360x640,480x853,540x960,640x1138,720x1280,1080x1920,1161x2064&from=bu&cs=1161x0",,False,,synagogue,True,False,,,,,,,,,,,,,,,
456239192,-7,93821781,93821781,1503202631,2017-08-20 06:17:11,58.007877,56.235284,58.00819896273859,56.23476395501453,47.119795256605805,"https://sun9-75.userapi.com/s/v1/ig1/kalijKHFDQt-Ex99l3RVClx_0zcrg7w6gySIDPu7Ey2_EBvzxgEF2XvzFpC6tAELpKtjL4DW.jpg?quality=96&as=32x43,48x64,72x96,108x144,160x213,240x320,360x480,480x640,540x720,640x853,720x960&from=bu&cs=720x0",,False,,synagogue,True,False,,,,,,,,,,,,,,,
457245118,-7,97492331,97492331,1616673174,2021-03-25 12:52:54,58.007567,56.255677,58.00763133477656,56.255145877976155,32.09672897505787,"https://sun9-26.userapi.com/s/v1/ig2/Bgt94pJx53qDJjvpw2BnOqIcGUR-zTlJYwEeO-4Q3A3zn_ivwrCdvauPWNw9t6erbhZdFCRYveUrGg5t0Msg87XG.jpg?quality=96&as=32x36,48x55,72x82,108x123,160x182,240x274,360x410,480x547,540x616,640x730,720x821,750x855&from=bu&cs=750x0",,False,2307.0,or avner habad community center,True,False,,,,,,,,,,,,,,,
334463051,-6,97847485,97847485,1402744524,2014-06-14 13:15:24,58.007673,56.233936,58.00819896273859,56.23476395501453,76.15451673423102,"https://sun9-23.userapi.com/s/v1/ig2/GaNNkF6BNL1z-gzE-kUuSxao5kEAdTASfAe_-N-rtMKlh7vR3sm_CFm5AwMQ2P4Bpwo8VUPsZOqLKqw1b8NbWeX4.jpg?quality=96&as=32x43,48x64,72x97,108x145,160x215,240x322,360x483,480x644,540x724,640x858,716x960&from=bu&cs=716x0",,False,2773.0,synagogue,True,False,,,,,,,,,,,,,,,
457246722,-7,99542068,99542068,1581526382,2020-02-12 17:53:02,58.007322,56.2561,58.00763133477656,56.255145877976155,65.8983883952975,"https://sun9-77.userapi.com/s/v1/ig2/HkstudRNDd4DLsX3dt3Nff9YY1o1KaFDi9zhqxIE4BGm6ihI-j13gItmbXoT4O2sQIels8cWaTU1KnC2uFH2xWVG.jpg?quality=96&as=32x43,48x64,72x96,108x144,160x213,240x320,360x480,480x640,540x720,640x853,720x960,768x1024&from=bu&cs=768x0",,False,,or avner habad community center,True,False,,,,,,,,,,,,,,,
293593439,-6,101902704,101902704,1353414162,2012-11-20 13:22:42,58.007722,56.233989,58.00819896273859,56.23476395501453,69.97890397902638,"https://sun9-52.userapi.com/s/v1/if2/6ldwlg7p0ohE8mv3GE74ma5_VoGcPOsQn253UEZHSWqG1jl8ZtF1y8WTMeGlip8pgfTpkvi_mcDIWyS7VG0uFycp.jpg?quality=96&as=32x24,48x36,72x54,108x81,160x120,240x180,360x270,480x360,540x405,640x480,720x540,1080x810,1280x960,1440x1080,2560x1920&from=bu&cs=2560x0",,False,479.0,synagogue,True,False,,,,,,,,,,,,,,,
456239719,-7,103774887,103774887,1529015040,2018-06-15 00:24:00,58.007807,56.235601,58.00819896273859,56.23476395501453,65.811792084815,"https://sun9-2.userapi.com/s/v1/ig1/jv0dzW0-qU9CplXcNO_5h_bkQmGYKR8P103M8ImqwlUsQw3aw2o31xkmPe5yw6AG8TQG9g.jpg?quality=96&as=32x57,48x85,72x128,108x192,160x284,240x427,360x640,480x853,540x960,640x1138,720x1280,1080x1920,1215x2160&from=bu&cs=1215x0",,False,,synagogue,True,False,,,,,,,,,,,,,,,
302135048,-7,105059489,105059489,1368467842,2013-05-13 19:57:22,58.007835,56.236024,58.00819896273859,56.23476395501453,84.54632475130688,"https://sun9-69.userapi.com/s/v1/if2/_x6c28gkwU97L2PbZGwF5HqH2EpGb3vIt2YZv9VwY8DUB3aFIXGETkhQJ_mzRjLdksV1pZBq_ezo8yzCGKmILuEy.jpg?quality=96&as=32x24,48x36,72x54,108x81,160x119,240x179,360x269,480x358,540x403,640x478,720x538,1080x807,1280x956,1440x1075,2560x1912&from=bu&cs=2560x0",,False,,synagogue,True,False,,,,,,,,,,,,,,,
456241743,121319126,107962883,107962883,1540551140,2018-10-26 12:52:20,58.008198,56.234821,58.00819896273859,56.23476395501453,3.362272649159694,"https://sun9-80.userapi.com/s/v1/ig1/oHAI2Ip8vWj6ll5LVxGiH-iQ7QR0UP_TOuT3T7gCThlTK6j-mxmgwm2G3x3OMPLHiat4g8V9.jpg?quality=96&as=32x38,48x58,72x87,108x130,160x192,240x289,360x433,480x577,540x650,640x770,720x866,798x960&from=bu&cs=798x0",,False,,synagogue,True,False,,,,,,,,,,,,,,,
340992791,-7,108518319,108518319,1413103424,2014-10-12 10:43:44,58.007755,56.25458,58.00763133477656,56.255145877976155,36.06150165431568,"https://sun9-80.userapi.com/s/v1/ig2/tv-NAMr7OinP08kA7Xtwb_ltxlGLgDt-BR_hZPJ0nID0VVNRxfT4QqrgmP1niy8LFIHQ-NtmRxv35AuVrGdXVaJg.jpg?quality=96&as=32x57,48x85,72x128,108x192,160x285,240x427,360x641,480x855,540x962,640x1140,720x1282,1080x1923,1150x2048&from=bu&cs=1150x0",офис,False,,or avner habad community center,True,True,,,,,,,,,,,,,,,
456247911,-7,108825536,108825536,1553344700,2019-03-23 13:38:20,58.007062,56.254938,58.00763133477656,56.255145877976155,64.48078772722211,"https://sun9-33.userapi.com/s/v1/if1/ZuBFJbi66wvRVOLVTI4Y9BQUEkNotI1VD5HKHOOXRgNKrQORy_MsUKvOFh_aItVJy8rq1Ke4.jpg?quality=96&as=32x24,48x36,72x54,108x81,160x120,240x180,360x270,480x360,540x405,640x480,720x540,1080x810,1280x960,1386x1040&from=bu&cs=1386x0",,False,,or avner habad community center,True,False,,,,,,,,,,,,,,,
389797255,-7,109325853,109325853,1448466284,2015-11-25 16:44:44,58.007925,56.235165,58.00819896273859,56.23476395501453,38.551237023684344,"https://sun9-8.userapi.com/s/v1/ig1/OHsEFFwUKSQCsvoJeiUN-c5Yef-XLTVx0iSz-HlyHvFk28iDklN1xtlaXaucPmF53ree5AO-.jpg?quality=96&as=32x40,48x60,72x90,108x135,160x200,240x300,360x451,480x601,540x676,640x801,720x901,767x960&from=bu&cs=767x0",,False,523.0,synagogue,True,False,,,,,,,,,,,,,,,
292384618,-7,111012134,111012134,1351660024,2012-10-31 06:07:04,58.00789,56.234293,58.00819896273859,56.23476395501453,44.15912167447053,"https://sun9-1.userapi.com/s/v1/ig2/CBhxHWgK66H3zs64CQW50G2wVl-a0jXpyEqk4Sb1-3OWk3HSGSQhFszshMQtSGxEEZ2U1q7YwlImNNBLDYxxFwhO.jpg?quality=96&as=32x53,48x80,72x120,108x181,160x267,240x401,268x448&from=bu&cs=268x0","Уже в Продаже!!! Новинка от компании Best Electronics! 
Видеорегистратор Best Electronics 503, который сочетает в себе все основные требования покупателя на данный момент: высококачественную оптику, мощный производительный процессор Amb",False,129.0,synagogue,True,False,,,,,,,,,,,,,,,
381677850,-7,112787146,112787146,1443706539,2015-10-01 15:35:39,58.008024,56.235958,58.00819896273859,56.23476395501453,72.98317598234384,"https://sun9-82.userapi.com/s/v1/ig1/losjUjNkTUcdkHr00_Sy7OXZBjl4QwUrWBsKG3mD4Q1s-F6SHkKf5vyOzi2O-d6jtcBdJ_P5.jpg?quality=96&as=32x43,48x64,72x96,108x144,160x213,240x320,360x480,480x640,540x720,640x853,720x960&from=bu&cs=720x0",,False,,synagogue,True,False,,,,,,,,,,,,,,,
457243944,-7,113965692,113965692,1599033065,2020-09-02 09:51:05,58.007785,56.234425,58.00819896273859,56.23476395501453,50.17512051177066,"https://sun9-33.userapi.com/s/v1/ig2/ThjnurO5f4jK2swo39ZrtZGfwU3nm2lw8PGOeOs-IQVgiOluVCQatTWb72iQNSYkbIltDRCRJS1TBkFx2C0qT3Oh.jpg?quality=96&as=32x43,48x64,72x96,108x144,160x213,240x320,360x480,480x640,540x720,640x853,720x960,774x1032&from=bu&cs=774x0",,False,,synagogue,True,False,,,,,,,,,,,,,,,
393594278,225377777,114078533,114078533,1449813311,2015-12-11 06:55:11,58.007996,56.236222,58.00819896273859,56.23476395501453,88.81028785543154,"https://sun9-82.userapi.com/s/v1/ig1/-ir0sTg2XUgk-RpEi9zLGsnQy0bkQl836033_k_eLAkHP1-wnvgDGIz7nWAlyWzen-uAng.jpg?quality=96&as=32x43,48x64,72x96,108x144,160x213,240x320,360x480,480x640,540x720,640x853,720x960,960x1280&from=bu&cs=960x0",,False,,synagogue,True,False,,,,,,,,,,,,,,,
338681835,-7,114139388,114139388,1408557137,2014-08-20 19:52:17,58.007884,56.235561,58.00819896273859,56.23476395501453,58.57739680779228,"https://sun9-34.userapi.com/s/v1/ig2/jMWgdIe08b9IiPUwAHZtmC4KpKdZ1FJ_QZ71Dl05SFlno6fbayHHogz0OeJHxoQyJhxz9KhAjQdfV8gtY1HZEfxV.jpg?quality=96&as=32x43,48x64,72x97,108x145,160x215,240x322,360x483,480x644,540x724,640x858,716x960&from=bu&cs=716x0",Ням-ням :D,False,2273.0,synagogue,True,False,,,,,,,,,,,,,,,
306546942,176267686,117063180,117063180,1372494023,2013-06-29 10:20:23,58.007848,56.234517,58.00819896273859,56.23476395501453,41.648866276533354,"https://sun9-42.userapi.com/s/v1/if2/RMsQmkTiLEBUmByRaYVUU9MQ99BQ_Su6lzUZ6TpM3v29f97qdNX1H2S_o8JSvwM7_yMInRjlSDuhPNSSZUQeT8C1.jpg?quality=96&as=32x24,48x36,72x54,108x81,160x120,240x180,360x270,480x360,540x405,640x480,720x540,960x720&from=bu&cs=960x0",,False,,synagogue,True,False,,,,,,,,,,,,,,,
456376518,241944707,-8131189,118130077,1491702455,2017-04-09 03:47:35,58.008491,56.2552,58.00763133477656,56.255145877976155,95.6435704531828,"https://sun9-31.userapi.com/s/v1/ig1/j_h51ENtlCubdkQq4sbsr65eWdwl8RI3jbDjNaCk31T7TYmpjWfW4XdhnTOTAzVM02SShizL.jpg?quality=96&as=32x32,48x48,72x72,108x108,160x160,240x240,360x360,480x480,540x540,640x640,720x720,1080x1080,1280x1280,1440x1440,2048x2048&from=bu&cs=2048x0",,False,,or avner habad community center,True,False,,,,,,,,,,,,,,,
457248370,-7,120409908,120409908,1612450341,2021-02-04 15:52:21,58.008484,56.255094,58.00763133477656,56.255145877976155,94.861291005399,"https://sun9-46.userapi.com/s/v1/if2/GHw4ZW4xygRhrLQlRv9_e1aRtOjcYm62tcD0J-dTWJPKhSxIRQm87AunG5mWyhpzvTve2AhsG_V8ZIDFamW1Li9X.jpg?quality=96&as=32x28,48x41,72x62,108x93,160x138,240x207,360x311,480x414,540x466,640x552,720x621,1080x932,1280x1105,1440x1243,1920x1657&from=bu&cs=1920x0",,False,2801.0,or avner habad community center,True,False,,,,,,,,,,,,,,,
301347923,-7,124318855,124318855,1368091540,2013-05-09 11:25:40,58.007834,56.235165,58.00819896273859,56.23476395501453,46.95836248694766,"https://sun9-41.userapi.com/s/v1/if2/Uh1cZKVxkOJ85_bZE1oCg7oYnoRjI-3VOuVn-87W19WCf05WNVzwSzHdAt-SMUAsmdMyuMSFoeirvJGU41Cn-UmD.jpg?quality=96&as=32x24,48x36,72x54,108x81,160x120,240x180,360x270,480x360,540x405,640x480,720x540,1080x810,1280x960,1440x1080,2048x1536&from=bu&cs=2048x0",,False,,synagogue,True,False,,,,,,,,,,,,,,,
456242448,-7,124474976,124474976,1538836363,2018-10-06 16:32:43,58.007821,56.235813,58.00819896273859,56.23476395501453,74.73693356164176,"https://sun9-28.userapi.com/s/v1/ig1/I9GQbyQOx7k3aQuEzhrE5rgJy88d8uwdo1EnQBvqViZIqXZpDEgRfLTCUhm39G1NQ2TcgI0-.jpg?quality=96&as=32x43,48x64,72x96,108x144,160x213,240x320,360x480,480x640,540x721,640x854&from=bu&cs=640x0",,False,3263.0,synagogue,True,False,,,,,,,,,,,,,,,
457240517,-6,124979090,124979090,1741443057,2025-03-08 15:10:57,58.008205,56.234926,58.00819896273859,56.23476395501453,9.56978033944169,"https://sun9-45.userapi.com/s/v1/ig2/JHDMxcuCUr-72vu63sWnHGIVNcUXS173fyzR0j_-SPvwipY2R4KQPYEsd6dQnvEI95DMqkHJfG_k6esS3oYl6vOE.jpg?quality=95&as=32x43,48x64,72x96,108x144,160x213,240x320,360x480,480x640,540x720,640x853,720x960,1080x1440,1280x1707,1440x1920,1920x2560&from=bu&cs=1920x0",,False,1248.0,synagogue,True,False,,,,,,,,,,,,,,,
457268950,-7,127897487,127897487,1665045269,2022-10-06 10:34:29,58.008198,56.234992,58.00819896273859,56.23476395501453,13.434748137224169,"https://sun9-39.userapi.com/s/v1/ig2/YKCeeYtcgHo33Yr8vi6W2zocqDIBrN1TQXMH1WvXMINyBHuzy_GZSavIVgVmJWGmkK1Dgjmvq5yoMYy11e3MA22r.jpg?quality=95&as=32x43,48x64,72x96,108x144,160x213,240x320,360x480,480x640,540x720,640x853,720x960,1080x1440,1280x1707,1440x1920,1920x2560&from=bu&cs=1920x0",,False,,synagogue,True,False,,,,,,,,,,,,,,,
456241085,129890283,132940762,132940762,1544788920,2018-12-14 13:02:00,58.007841,56.234584,58.00819896273859,56.23476395501453,41.19124298443288,"https://sun9-13.userapi.com/s/v1/ig1/6QhTQO_1vKpbhNxmNA87Gy4k2oMc6nS0fTw4zWQ-OodFq7qj9_YFNZh3McOe5r1dVwDddrDD.jpg?quality=96&as=32x43,48x64,72x96,108x144,160x213,240x320,360x480,480x640,540x721,640x854&from=bu&cs=640x0",,False,,synagogue,True,False,,,,,,,,,,,,,,,
343707467,-7,134432154,134432154,1415122514,2014-11-04 18:35:14,58.007708,56.234121,58.00819896273859,56.23476395501453,66.44574108469159,"https://sun9-63.userapi.com/s/v1/ig2/IZPljo77FmhZy-NfC-KPfDc9jCUg8bXlF-SEmpvomgZpxip8K7BMUCkg09477syjRkWXd8qp4srZqnvJtS2RmdCs.jpg?quality=96&as=32x43,48x64,72x96,108x144,160x213,240x320,360x480,480x640,540x720,640x853,720x960,960x1280&from=bu&cs=960x0",,False,,synagogue,True,False,,,,,,,,,,,,,,,
403331612,200711249,-75340719,136559321,1456139826,2016-02-22 12:17:06,58.007986,56.255148,58.00763133477656,56.255145877976155,39.43717164131811,"https://sun9-8.userapi.com/s/v1/ig1/mQDmZcNEFhlzhijdz9oJBrLw7DGc-DHPhl76Y7jyWFfOZCAFwl7G0lBQx4Al7QckFNFx2bdg.jpg?quality=96&as=32x32,48x48,72x72,108x108,160x160,240x240,360x360,480x480,540x540,640x640,720x720,1080x1080,1138x1138&from=bu&cs=1138x0",,False,,or avner habad community center,True,False,,,,,,,,,,,,,,,
357271602,-7,137080431,137080431,1427036818,2015-03-22 16:06:58,58.007917,56.255637,58.00763133477656,56.255145877976155,42.96614022592054,"https://sun9-2.userapi.com/s/v1/ig1/4y9t8zGrJw7qg0fiy7O-BbikKKSbr7pi9L2_w7cYXQ77JtUz9scl88rBShwntgbGhkcd9cv5.jpg?quality=96&as=32x43,48x64,72x96,108x144,160x213,240x320,360x480,480x640,540x720,640x853,720x960&from=bu&cs=720x0",,False,,or avner habad community center,True,False,,,,,,,,,,,,,,,
456240043,-6,137843521,137843521,1541686332,2018-11-08 15:12:12,58.007884,56.235733,58.00819896273859,56.23476395501453,66.97418723013892,"https://sun9-23.userapi.com/s/v1/ig1/p5pa325Z17XUikAxa7rIYgs4CvcsQ5z9FxsTn7bHh9s__I8F1lQp0XcRQINjFmlXk0mDcjrR.jpg?quality=96&as=32x32,48x48,72x72,108x108,160x160,240x240,360x360,480x480,540x540,640x640,720x720,1080x1080,1280x1280,1440x1440,2048x2048&from=bu&cs=2048x0",,False,1640.0,synagogue,True,False,,,,,,,,,,,,,,,
308139447,-7,137907727,137907727,1376388269,2013-08-13 12:04:29,58.007834,56.234821,58.00819896273859,56.23476395501453,40.72091179641105,"https://sun9-88.userapi.com/s/v1/ig2/tmBkuvFrazIvPC4DUuf58RDK5SyDWU-0ct_yX171gZpY0IMYIQzXHaKgHp8PhLcS-DllFGsI_pOz2j4Np1WL3DAN.jpg?quality=96&as=32x43,48x64,72x96,108x144,160x213,240x320,360x480&from=bu&cs=360x0",,False,3169.0,synagogue,True,False,,,,,,,,,,,,,,,
330528001,-7,138593880,138593880,1401644368,2014-06-01 19:39:28,58.008008,56.255293,58.00763133477656,56.255145877976155,42.770638607245566,"https://sun9-19.userapi.com/s/v1/ig2/28K62B-44rnMoa8jUNQCZd4PmCEictjLP1XeCQy9LfZMfGbFkW6JBpbZTJq61ZxZvy8Cze8zvQ1qag68aGJnvY3f.jpg?quality=96&as=32x43,48x64,72x96,108x144,160x213,240x320,360x480,480x640,540x720,640x853,720x960&from=bu&cs=720x0",,False,392.0,or avner habad community center,True,False,,,,,,,,,,,,,,,
437063597,-7,139338115,139338115,1477333690,2016-10-24 20:28:10,58.008064,56.25528,58.00763133477656,56.255145877976155,48.75469249669591,"https://sun9-68.userapi.com/s/v1/ig1/emq6Nccoa3DW_HbXjnABgbM9oNECmCiQz0ly4ca8Hs_R262QNN6nBYMlpLBusvPiitwp4eHS.jpg?quality=96&as=32x43,48x64,72x96,108x144,160x213,240x320,360x480,480x640,540x720,640x853,720x960,966x1288&from=bu&cs=966x0",,False,1579.0,or avner habad community center,True,False,,,,,,,,,,,,,,,
457245173,-7,140140565,140140565,1580032917,2020-01-26 11:01:57,58.007862,56.234385,58.00819896273859,56.23476395501453,43.61516468955474,"https://sun9-67.userapi.com/s/v1/ig2/KDjs_Rt6kVPZhWx9JE_Xti4d1czvRl4F28oftV9ZRkWkvJfls3d1T2ESlgp7rG-ZQvv9zM6EMTrAkPbzGc2Y53Nr.jpg?quality=96&as=32x43,48x64,72x96,108x144,160x213,240x320,360x480,480x640,540x720,640x853,720x960,1080x1440,1280x1707,1440x1920&from=bu&cs=1440x0",,False,,synagogue,True,False,,,,,,,,,,,,,,,
457250160,-7,141325987,141325987,1621052321,2021-05-15 06:18:41,58.008002,56.23461,58.00819896273859,56.23476395501453,23.704925923656436,"https://sun9-57.userapi.com/s/v1/ig2/kBi8q02sI-We2-fmNukpccExBFlVDbMC2BU7fi0HuHKHPWcjc9-yc41UElXg-5rAzrdHHaTsfdcrngDCuRgt2ouH.jpg?quality=96&as=32x43,48x64,72x96,108x144,160x213,240x320,360x480,480x640,540x720,640x853,720x960,1080x1440,1200x1600&from=bu&cs=1200x0",,False,,synagogue,True,False,,,,,,,,,,,,,,,
376809716,-7,141906954,141906954,1441101844,2015-09-01 12:04:04,58.007687,56.23432,58.00819896273859,56.23476395501453,62.64812408045613,"https://sun9-42.userapi.com/s/v1/ig1/vu_XOzKmE1l3BQ5VDV2ps_GVJUg2M4_NDEdmlOTlTeP4nCW969nnjfhF2B8CBbARzxFqUf1j.jpg?quality=96&as=32x43,48x64,72x96,108x144,160x213,240x320,360x480,480x640,540x720,640x853,720x960&from=bu&cs=720x0",,False,,synagogue,True,False,,,,,,,,,,,,,,,
456239245,-7,142346848,142346848,1490126402,2017-03-21 21:00:02,58.007694,56.234597,58.00819896273859,56.23476395501453,57.00421853451046,"https://sun9-2.userapi.com/s/v1/ig1/C3x-QxPr6gIz7j1Se763m-zm1WWPuEyZkHoI04BTzv9FNj3O44AEygcyIc865pZHWXPPVzgy.jpg?quality=96&as=32x57,48x85,72x128,108x192,160x284,240x427,360x640,480x853,540x960,640x1138,720x1280,1080x1920&from=bu&cs=1080x0",,False,,synagogue,True,False,,,,,,,,,,,,,,,
457243388,-6,142538646,142538646,1701702094,2023-12-04 16:01:34,58.008197,56.255398,58.00763133477656,56.255145877976155,64.6289715440721,"https://sun9-77.userapi.com/s/v1/ig2/rkC2oLbev5PM-unhP9FfZCwwDT_rd-Sj5cr95x2PDrMK97kXFYxoB4Jb1Ce3PYh0tPuzBSFnIYn_AZN6JJJYwPWm.jpg?quality=95&as=32x43,48x64,72x96,108x144,160x213,240x320,360x480,480x640,540x720,640x853,720x960,1080x1440,1280x1707,1440x1920,1920x2560&from=bu&cs=1920x0",,False,,or avner habad community center,True,False,,,,,,,,,,,,,,,
340605848,-7,145952748,145952748,1413717145,2014-10-19 13:12:25,58.007785,56.234425,58.00819896273859,56.23476395501453,50.17512051177066,"https://sun9-53.userapi.com/s/v1/ig2/gqTicBOdjlHGwQzh5fehz_6WKF06rgxw7KWD5UCAjm2ZwKC0_lG6xgkXPbNa9GlbJGjY5-EGoUaJoE2UdYa7-qJW.jpg?quality=96&as=32x37,48x56,72x84,108x126,160x186,240x279,360x419,480x558,540x628,640x744,720x837,1037x1206&from=bu&cs=1037x0",,False,,synagogue,True,False,,,,,,,,,,,,,,,
329023584,-7,146772597,146772597,1398535365,2014-04-26 20:02:45,58.007814,56.235363,58.00819896273859,56.23476395501453,55.47756303733873,"https://sun9-14.userapi.com/s/v1/ig2/6OA1sCoDNCq6KoKcq1R9RhrXWWWnhoEtv4LTtyXS35BYPO8Am6DhYhx0FBzQ0JvyAeJm9xivuqGeOYiiEuFLHcPl.jpg?quality=96&as=32x32,48x48,72x72,108x108,160x160,240x240,360x360,480x480,540x540,640x640,720x720,960x960&from=bu&cs=960x0",,False,2500.0,synagogue,True,False,,,,,,,,,,,,,,,
424621846,-7,146799340,146799340,1468339051,2016-07-12 17:57:31,58.007814,56.235707,58.00819896273859,56.23476395501453,70.13415773561634,"https://sun9-43.userapi.com/s/v1/if1/Vp4wWkSnyr9aydfmLQriXv8He2Snq94gXnOilF2g7e5peMgWEwnu5njkOBZ08ruC5Q710C6z.jpg?quality=96&as=32x24,48x36,72x54,108x81,160x120,240x180,360x270,480x360,540x405,640x480,720x540,960x720&from=bu&cs=960x0",,False,593.0,synagogue,True,False,,,,,,,,,,,,,,,
299303666,-6,146958390,146958390,1362928943,2013-03-10 16:22:23,58.007834,56.234993,58.00819896273859,56.23476395501453,42.766438936428706,"https://sun9-64.userapi.com/s/v1/ig2/ryjoDEHTIf5VLoL3nZBDrjI60ScvHpY7-toGb4VsyK3bqKe5pAxQrUQ1LJN1hEeyRvPeyc0NBe8c_H6gto3yKV-A.jpg?quality=96&as=32x43,48x64,72x96,108x144,160x213,240x320,360x480,480x640,540x720,640x853,720x960,960x1280&from=bu&cs=960x0",,False,997.0,synagogue,True,False,,,,,,,,,,,,,,,
400357654,227741275,-107272158,147055234,1454659844,2016-02-05 09:10:44,58.008024,56.23527,58.00819896273859,56.23476395501453,35.59814265133196,"https://sun9-36.userapi.com/s/v1/if1/Top8ViwDDjvgyVEQoeYeJ5-_mBDOX0W_Vok1HWJhcf3UmURWX9Rv7CCpyJMJrc43sWDhAWJg.jpg?quality=96&as=32x24,48x36,72x54,108x81,160x120,240x180,360x270,480x360,540x405,640x480,720x540,1080x810,1280x960,1440x1080,2560x1920&from=bu&cs=2560x0",,False,,synagogue,True,False,,,,,,,,,,,,,,,
456254253,-7,148385946,148385946,1559932260,2019-06-07 20:31:00,58.007814,56.236051,58.00819896273859,56.23476395501453,87.07017908845762,"https://sun9-74.userapi.com/s/v1/ig1/9jdGQarXAaXhXFkLP3cdKMvQrMpLZ1Np50BHdcQPWTmDsRwLK9gLk0otvtePjuuWh31z5bCM.jpg?quality=96&as=32x43,48x64,72x96,108x144,160x213,240x320,360x480,480x640,540x720,640x853,720x960&from=bu&cs=720x0",,False,11481.0,synagogue,True,False,,,,,,,,,,,,,,,
352263658,-7,150979124,150979124,1420991660,2015-01-11 16:54:20,58.008008,56.255293,58.00763133477656,56.255145877976155,42.770638607245566,"https://sun9-63.userapi.com/s/v1/if2/Z1IK0FlBANARq5XPAqN98CEgcbElDMcW_nurRpTRRctgT8zLmMR28AETZgcR4KA_0tMgIjUXCfYlfXNZoMSVCiLx.jpg?quality=96&as=32x24,48x36,72x54,108x81,160x120,240x180,360x270,480x360,540x405,640x480,720x540,1080x810,1280x960&from=bu&cs=1280x0",,False,,or avner habad community center,True,False,,,,,,,,,,,,,,,
298580697,-7,151077902,151077902,1361194427,2013-02-18 14:33:47,58.007834,56.234993,58.00819896273859,56.23476395501453,42.766438936428706,"https://sun9-40.userapi.com/s/v1/ig2/W-0-3VDgf8rxuJ0fhhv7JgyDer7jBw1P2eKrStjdlN-gG8OIk2fOSUNylZM8GBalHQaTA_Elylc4NzXd6LNKjtkS.jpg?quality=96&as=32x43,48x64,72x96,108x144,160x213,240x320,360x480,480x640,540x720,640x853,720x960,768x1024&from=bu&cs=768x0",,False,,synagogue,True,False,,,,,,,,,,,,,,,
457241066,-7,155068312,155068312,1588926392,2020-05-08 10:26:32,58.008072,56.234464,58.00819896273859,56.23476395501453,22.617653464539075,"https://sun9-21.userapi.com/s/v1/ig2/wQUDSl07gMqM1xUJPFu7tjb2_8VAvjTVvxDLmRRv6ycocb0jG0QM3laYM0tuGIiTta7Ccu-CK3qPhh772xXl4GfA.jpg?quality=96&as=32x32,48x48,72x72,108x108,160x160,240x240,360x360,480x480,540x540,640x640,720x720,1080x1080,1280x1280,1440x1440,2160x2160&from=bu&cs=2160x0",,False,1015.0,synagogue,True,False,,,,,,,,,,,,,,,
367185721,-7,156073124,156073124,1430906800,2015-05-06 12:06:40,58.008059,56.235971,58.00819896273859,56.23476395501453,72.79137066510017,"https://sun9-41.userapi.com/s/v1/ig1/M_AaGYIngq0qOpPEuVuJKf7w6jSRX2Kwhhi4M6T4RwQMJPK3qiDSExTgeKWwYVWJnZP_hRHF.jpg?quality=96&as=32x43,48x64,72x96,108x144,160x213,240x320,360x480,480x640,540x720,640x853,720x960&from=bu&cs=720x0",,False,2582.0,synagogue,True,False,,,,,,,,,,,,,,,
297310620,-7,156435057,156435057,1360218839,2013-02-07 07:33:59,58.007848,56.234517,58.00819896273859,56.23476395501453,41.648866276533354,"https://sun9-69.userapi.com/s/v1/if2/wSMqfG4Y0NzyhkATZN4F4K9vrvyjdIsjza_qEtGl0sefEauoLrpDo20D1HeZylicKB6jdvFg3LN7iazAlhQ-EDN5.jpg?quality=96&as=32x24,48x36,72x54,108x81,160x120,240x180,360x270,480x360,540x405,640x480,720x540,1080x810,1280x960&from=bu&cs=1280x0",,False,,synagogue,True,False,,,,,,,,,,,,,,,
318216058,-7,156543211,156543211,1388597890,2014-01-01 18:38:10,58.007406,56.255995,58.00763133477656,56.255145877976155,55.947761908207426,"https://sun9-74.userapi.com/s/v1/ig2/YKTTkWpMLM_nhWlcM5u0k_kxYJA2nrrd9rC3wiyLnKOeeH-KFHfLWaglvO2UoyMmq0LppKNWhp2WMfEgjSpCJ7zC.jpg?quality=96&as=32x43,48x64,72x96,108x144,160x213,240x320,360x480,480x640,540x720,640x853,720x960&from=bu&cs=720x0",,False,,or avner habad community center,True,False,,,,,,,,,,,,,,,
456243119,-7,157249584,157249584,1551558637,2019-03-02 21:30:37,58.008169,56.255491,58.00763133477656,56.255145877976155,63.14821631988284,"https://sun9-63.userapi.com/s/v1/ig1/9IZvJNfnij0uYuVonDGSOcFHLw1mKoYDDAT0FWf5cVl-oYaaTPrSB9F26PwW_IjLuxakInSG.jpg?quality=96&as=32x43,48x64,72x96,108x144,160x213,240x320,360x480,480x640,540x720,640x853,720x960&from=bu&cs=720x0",,False,,or avner habad community center,True,False,,,,,,,,,,,,,,,
362767055,-7,157367314,157367314,1430137627,2015-04-27 14:27:07,58.00775,56.234927,58.00819896273859,56.23476395501453,50.83801069446789,"https://sun9-58.userapi.com/s/v1/ig1/iN1F_VWsn7VWRRBwLhrgrr1ww70lt76j87rtR66UrA8EVWGxMEBQPvJgYxU6eQG3I1Hs-ekP.jpg?quality=96&as=32x43,48x64,72x96,108x144,160x213,240x320,360x480,480x640,540x720,640x853,720x960&from=bu&cs=720x0",,False,,synagogue,True,False,,,,,,,,,,,,,,,
457249448,-7,158234514,158234514,1564092146,2019-07-26 00:02:26,58.007903,56.255597,58.00763133477656,56.255145877976155,40.234443537488175,"https://sun9-73.userapi.com/s/v1/ig1/HzGgXrzIKhJQa4AqInY28iu7kqiAQoJUiXizHKn1oz2PM8KwcJow0pc7akpnUkCXT3csN2G7.jpg?quality=96&as=32x40,48x60,72x90,108x135,160x200,240x300,360x450,480x600,540x675,640x800,720x900,768x960&from=bu&cs=768x0",,False,1501.0,or avner habad community center,True,False,,,,,,,,,,,,,,,
457253902,-7,158614612,158614612,1608802501,2020-12-24 10:35:01,58.007771,56.234557,58.00819896273859,56.23476395501453,49.12426865024542,"https://sun9-30.userapi.com/s/v1/ig2/lWvn4EedDb2sGNJAsoM4Vsf-IbP2NlCm8Tp8-VC2xAhAqsi-VntGdlTrbbbkfu4v3tzPUZuw9MYtgjHFDKPISin4.jpg?quality=96&as=32x43,48x64,72x96,108x144,160x213,240x320,360x480,480x640,540x720,640x853,720x960,1080x1440,1280x1707,1440x1920&from=bu&cs=1440x0",,False,,synagogue,True,False,,,,,,,,,,,,,,,
282764615,-7,158723408,158723408,1336140781,2012-05-04 16:13:01,58.007995,56.234504,58.00819896273859,56.23476395501453,27.36586051718784,"https://sun9-77.userapi.com/s/v1/if1/5tpDiuMWdaPQH9vQAWjSl1R5swQkTYLJGKx_LhuFGpH_OtYcu9ICsUx146YYF7W88RocMA.jpg?quality=96&as=32x18,48x27,72x40,108x61,160x90,240x135,360x202,480x270,540x304,640x360,720x405,1080x607,1280x719,1440x809,2560x1439&from=bu&cs=2560x0",,False,311.0,synagogue,True,False,,,,,,,,,,,,,,,
457282653,-7,159157326,159157326,1664900206,2022-10-04 18:16:46,58.00821,56.255094,58.00763133477656,56.255145877976155,64.41717683553165,"https://sun9-8.userapi.com/s/v1/ig2/1Pnnszs_h-yzAXVk7l1j-BlSn5Csr4xxJdY9AuDXAJuweztJsWKaR8Ww1XVG6-WktLJSVP6Jyrn0aIi7wHrOKZF6.jpg?quality=95&as=32x43,48x64,72x96,108x144,160x213,240x320,360x480,480x640,540x720,640x853,720x960,1080x1440,1200x1600&from=bu&cs=1200x0",,False,,or avner habad community center,True,False,,,,,,,,,,,,,,,
457244321,249027226,160133379,160133379,1640969870,2021-12-31 17:57:50,58.008052,56.235521,58.00819896273859,56.23476395501453,47.49787999700408,"https://sun9-83.userapi.com/s/v1/ig2/X-yRAgI5P8_6zEysmkBxpTYoeN21_iTXdHhj3oGZNOULOREiUjKsdcyeWYx5CVV8D2OCX-Ox7UEj9fzlsYhJ3E81.jpg?quality=96&as=32x43,48x64,72x96,108x144,160x213,240x320,360x480,480x640,540x720,640x853,720x960,1080x1440,1200x1600&from=bu&cs=1200x0",,False,,synagogue,True,False,,,,,,,,,,,,,,,
457265323,-7,160366316,160366316,1593713352,2020-07-02 20:09:12,58.00794,56.235892,58.00819896273859,56.23476395501453,72.42477485907304,"https://sun9-56.userapi.com/s/v1/ig2/9YpEWTxx8lybCHlJbNGonE8XtL4vyoc8Z-knUxeOJGLxWYt_RCRoJJaX4DISlwmSmfd2nY0QUzkudfRYWbkXd-AQ.jpg?quality=96&as=32x43,48x64,72x96,108x144,160x213,240x320,360x480,480x640,540x720,640x853,720x960,1080x1440,1104x1472&from=bu&cs=1104x0",,False,17068.0,synagogue,True,False,,,,,,,,,,,,,,,
456239066,-6,160452591,160452591,1501401843,2017-07-30 10:04:03,58.007792,56.234187,58.00819896273859,56.23476395501453,56.595225951601826,"https://sun9-71.userapi.com/s/v1/ig1/DxMmb8cV8uE25vNY64NhD81RJlQghPLkTyRN84sQeVNrDxlZP7Dj_1YfIm6mKPdwGbZayCdO.jpg?quality=96&as=32x57,48x85,72x128,108x192,160x284,240x427,360x640,480x853,540x960,640x1138,720x1280,1080x1920,1215x2160&from=bu&cs=1215x0",,False,1425.0,synagogue,True,False,,,,,,,,,,,,,,,
457256338,-7,161297621,161297621,1580791196,2020-02-04 05:39:56,58.007953,56.2349,58.00819896273859,56.23476395501453,28.49991359370714,"https://sun9-51.userapi.com/s/v1/ig2/Jpl3nC0LbpxZVaSHcR8ezX_aWfNPgHoqQF_Pc_MA5fp2mCoLmgV4O-gBvForZHJS0beWVdgwYNXDAzWd5pOPuwI4.jpg?quality=96&as=32x43,48x64,72x96,108x144,160x213,240x320,360x480,480x640,540x720,640x853,720x960,810x1080&from=bu&cs=810x0",,False,3932.0,synagogue,True,False,,,,,,,,,,,,,,,
456240381,-7,161334270,161334270,1515992369,2018-01-15 05:59:29,58.007398,56.255373,58.00763133477656,56.255145877976155,29.192572518935208,"https://sun9-52.userapi.com/s/v1/if1/EfFwhMXrst6v5JhMVIKsBSslAjEcjFnaj2al4edm94JY9IWtYKjIN47K8ALfpSE4MqpU4cTg.jpg?quality=96&as=32x24,48x36,72x54,108x81,160x120,240x180,360x270,480x360,540x405,640x480,720x540,1080x810,1280x960,1386x1040&from=bu&cs=1386x0",,False,,or avner habad community center,True,False,,,,,,,,,,,,,,,
377470990,-7,161626011,161626011,1440959403,2015-08-30 20:30:03,58.007939,56.234345,58.00819896273859,56.23476395501453,38.00978402778725,"https://sun9-64.userapi.com/s/v1/if1/3s_8NMLN_6OA73V_nA7vg9_2c_epaUvr9FjgZUEm3tRWdihG78L-kH9qZoH_Izxz9iEq3LFc.jpg?quality=96&as=32x24,48x36,72x54,108x81,160x120,240x180,360x270,480x360,540x405,640x480,720x540,960x720&from=bu&cs=960x0",,False,,synagogue,True,False,,,,,,,,,,,,,,,
457283119,-6,161632074,161632074,1720094990,2024-07-04 14:09:50,58.008198,56.234992,58.00819896273859,56.23476395501453,13.434748137224169,"https://sun9-85.userapi.com/s/v1/ig2/Wk6NjHsAgj8XuPU2NoZqGnIkfjjkNIgZN7CZDNS8NtWG8SsMC-ir3tpH7NuMBfGKMNerGNdGztmL47z1dW3-qS_x.jpg?quality=95&as=32x32,48x48,72x72,108x108,160x160,240x240,360x360,480x480,540x540,640x640,720x720,1080x1080,1280x1280,1440x1440,2560x2560&from=bu&cs=2560x0",,False,,synagogue,True,False,,,,,,,,,,,,,,,
368971919,-7,161926625,161926625,1433853570,2015-06-09 14:39:30,58.007778,56.234663,58.00819896273859,56.23476395501453,47.18523491506143,"https://sun9-77.userapi.com/s/v1/ig1/wmqb0t4sYhDAHUr4M-QjD5EUsH69qaMN6GOJjupaIRVE37Ue-eX1uccNtTof8s2VvNGmwA.jpg?quality=96&as=32x43,48x64,72x96,108x144,160x213,240x320,360x480,480x640,540x720,640x853,720x960&from=bu&cs=720x0",,False,398.0,synagogue,True,False,,,,,,,,,,,,,,,
413928399,-7,162312421,162312421,1461421789,2016-04-23 16:29:49,58.007567,56.255849,58.00763133477656,56.255145877976155,42.03539340460487,"https://sun9-8.userapi.com/s/v1/ig1/nwjcSjD10XqVDYFY9hG6OwT64PbcgRn5icLHv1GaiEUuceGE_KsLjHDZcF9PKkaVx3d7dP9L.jpg?quality=96&as=32x43,48x64,72x96,108x144,160x213,240x320,360x480,480x640,540x720,640x853,720x960,1080x1440,1224x1632&from=bu&cs=1224x0",,False,110.0,or avner habad community center,True,False,,,,,,,,,,,,,,,
456241463,-7,162396161,162396161,1552054612,2019-03-08 15:16:52,58.007632,56.235707,58.00819896273859,56.23476395501453,84.02938879448219,"https://sun9-45.userapi.com/s/v1/ig1/9VkOOivGzC-ACAB5YH29iJp0cqdh-NmCqDQ15dtHBne7V-s96ehsXdJTfZNpsKekLFqYEqvY.jpg?quality=96&as=32x43,48x64,72x96,108x144,160x213,240x320,360x480,480x640,540x720,640x853,720x960&from=bu&cs=720x0",,False,1592.0,synagogue,True,False,,,,,,,,,,,,,,,
457240899,-7,167573282,167573282,1664291274,2022-09-27 17:07:54,58.008205,56.234411,58.00819896273859,56.23476395501453,20.803708394636256,"https://sun9-20.userapi.com/s/v1/ig2/Ppyz-f3YYChBBatX6Hdjh-evn7C2jduMXV-ZkM7LMkeIB90PvGoE7oSbyDfDiR-rLlZST-e-D4b2fdA4c1WbKKp4.jpg?quality=95&as=32x35,48x53,72x79,108x119,160x176,240x265,360x397,480x529,540x595,640x705,720x794,1080x1190,1280x1411,1440x1587,1742x1920&from=bu&cs=1742x0",,False,,synagogue,True,False,,,,,,,,,,,,,,,
456239278,-7,169983622,169983622,1540583557,2018-10-26 21:52:37,58.007455,56.255876,58.00763133477656,56.255145877976155,47.271174792614424,"https://sun9-4.userapi.com/s/v1/ig1/sa8UJ131SCAncbTmkWzkmdF_wN0Dh8lCEe06mPC3iSqAultRmORwi71E-J_FgiAhjkvfMAXb.jpg?quality=96&as=32x43,48x64,72x96,108x144,160x213,240x320,360x480,480x640,540x720,640x853,720x960&from=bu&cs=720x0",,False,,or avner habad community center,True,False,,,,,,,,,,,,,,,
457362927,-6,170198655,170198655,1682531480,2023-04-26 19:51:20,58.00831,56.234622,58.00819896273859,56.23476395501453,14.91232142906437,"https://sun9-60.userapi.com/s/v1/ig2/XnYdjNF8qh5puIDzZ4eCNq7e6nDaJqAmNDiyUlasRFHZca7HVzHiQn7F9K8fF1JZR5X6oYAAF8OTdtcJ1k2anVlh.jpg?quality=95&as=32x43,48x64,72x96,108x144,160x213,240x320,360x480,480x640,540x720,640x853,720x960,1080x1440,1280x1707,1440x1920,1920x2560&from=bu&cs=1920x0",,False,6035.0,synagogue,True,True,,,,,,,,,,,,,,,
282580363,157146859,171041681,171041681,1336725399,2012-05-11 10:36:39,58.007856,56.235826,58.00819896273859,56.23476395501453,73.27257258107922,"https://sun9-36.userapi.com/s/v1/if1/rbqyUmrXLhElPsw2lFsNUjYjI3zELAxFSiI_9LERpwmLtQVghLA8in-yMKbfiOaS--s.jpg?quality=96&as=32x24,48x36,72x54,108x81,160x120,240x180,360x270,480x360,540x405,640x480&from=bu&cs=640x0",,False,,synagogue,True,False,,,,,,,,,,,,,,,
457239255,266815498,171481947,171481947,1572251036,2019-10-28 09:23:56,58.00824,56.234939,58.00819896273859,56.23476395501453,11.276541771189992,"https://sun9-41.userapi.com/s/v1/if1/LfUrhhl3yqRf4nInT457SBJF-lGtUuf6NpSkJYzEZPsmhpr9WtOPmeGt8w5LhseYweT30XZl.jpg?quality=96&as=32x24,48x36,72x54,108x81,160x120,240x180,360x270,480x360,540x405,640x480,720x540,1080x810,1280x960,1440x1080,2080x1560&from=bu&cs=2080x0",,False,,synagogue,True,False,,,,,,,,,,,,,,,
456240466,-7,172696607,172696607,1512269097,2017-12-03 03:44:57,58.0078,56.235839,58.00819896273859,56.23476395501453,77.32402621441274,"https://sun9-45.userapi.com/s/v1/ig1/d6Aamj1-sVm4aVyN5qaUFEOP_a1SsulxDa5BTL-FCGAXaYPHRzsR8Kz2LtsM2k7aVLOYvVjF.jpg?quality=96&as=32x40,48x60,72x90,108x135,160x200,240x300,360x450,480x600,540x675,640x800,720x900,1002x1253&from=bu&cs=1002x0",,False,,synagogue,True,False,,,,,,,,,,,,,,,
456240562,-6,179178268,179178268,1532432947,2018-07-24 13:49:07,58.008037,56.234795,58.00819896273859,56.23476395501453,18.102060180453712,"https://sun9-14.userapi.com/s/v1/ig1/jwVJh5Lnq6ONYe3nRusn173D2moNVXixc5EcTw1OmthdDN-T3FmOVAB7ngfjn5a8kXKjKa8J.jpg?quality=96&as=32x43,48x64,72x96,108x144,160x213,240x320,360x480,480x640,540x720,640x853,720x960,1080x1440,1280x1707,1440x1920,1536x2048&from=bu&cs=1536x0",,False,8932.0,synagogue,True,True,,,,,,,,,,,,,,,
309987542,-7,179778472,179778472,1378392786,2013-09-05 16:53:06,58.008016,56.235165,58.00819896273859,56.23476395501453,31.178288524155295,"https://sun9-54.userapi.com/s/v1/ig2/hsXguLAxls6mtxBEip4-M1i_HQdy-zFbEVC2gchZW7RSIIRWycq0c7Ybt5e3wiliJS-bOkJVzwTCK5lujF_YYTAl.jpg?quality=96&as=32x46,48x70,72x104,108x156,160x232,240x348,360x521,480x695,540x782,640x927,698x1011&from=bu&cs=698x0",,False,,synagogue,True,False,,,,,,,,,,,,,,,
457252787,-7,180930841,180930841,1641796613,2022-01-10 07:36:53,58.007413,56.255929,58.00763133477656,56.255145877976155,52.13318292451777,"https://sun9-84.userapi.com/s/v1/ig2/1mTtU2R7FgrGtrmXPGf_YyUc7PD4yPohdUlzX11Ic4USunXl1pM1MTmUZwDX35yGaE-NCQBEr3xDwIzh8_9JHN8u.jpg?quality=96&as=32x43,48x64,72x96,108x144,160x213,240x320,360x480,480x640,540x720,640x853,720x960,1080x1440,1200x1600&from=bu&cs=1200x0",,False,,or avner habad community center,True,False,,,,,,,,,,,,,,,
435680324,-7,182880307,182880307,1474900259,2016-09-26 16:30:59,58.008442,56.255147,58.00763133477656,56.255145877976155,90.14188428871203,"https://sun9-52.userapi.com/s/v1/if1/pPqA1crOA8FC14q7RZtafKuWdSLUXH2tHs-kQLHXunHLRq94HOBeQSvh9HX0hEoJbZmiDi5w.jpg?quality=96&as=32x29,48x43,72x65,108x98,160x145,240x217,360x325,480x434,540x488,640x579,720x651,960x868&from=bu&cs=960x0",,False,1864.0,or avner habad community center,True,False,,,,,,,,,,,,,,,
391278816,-7,183452788,183452788,1449136041,2015-12-03 10:47:21,58.007918,56.235059,58.00819896273859,56.23476395501453,35.751267561981756,"https://sun9-66.userapi.com/s/v1/ig1/4KV_2Jk5qFTDYf75SCOo2PkKJd7jjAiO62LQiLfXdChxDiWaPyQCBGU2au3V4-M6kmZlcT7x.jpg?quality=96&as=32x40,48x60,72x90,108x135,160x200,240x300,360x451,480x601,540x676,640x801,720x901,767x960&from=bu&cs=767x0",,False,135.0,synagogue,True,False,,,,,,,,,,,,,,,
294322688,-7,183550616,183550616,1357057575,2013-01-01 17:26:15,58.007834,56.234993,58.00819896273859,56.23476395501453,42.766438936428706,"https://sun9-42.userapi.com/s/v1/if2/PjqVehaX0MmJ6cFjhM9kI0wXO303oKJrvOIDaDcoxfnwPYtcRoHTnL_0rRIko7CWzu_K6MWvdVPnP87aBmGzubcI.jpg?quality=96&as=32x24,48x36,72x54,108x81,160x120,240x180,360x270,480x360,540x405,640x480,720x540,1080x810,1280x960&from=bu&cs=1280x0",,False,179.0,synagogue,True,False,,,,,,,,,,,,,,,
399056632,-7,185079229,185079229,1453639771,2016-01-24 13:49:31,58.007967,56.234253,58.00819896273859,56.23476395501453,39.64021076151551,"https://sun9-79.userapi.com/s/v1/ig1/mi9yt5MPEvyPOjTZVtBSnLUaz83skVGtoNAagr6sDlBLvuOsKW31fLELH_jRzt5qAu3T_2L8.jpg?quality=96&as=32x57,48x85,72x128,108x192,160x285,240x427,360x641,480x854,540x961,640x1139,720x1282,728x1296&from=bu&cs=728x0",,False,517.0,synagogue,True,False,,,,,,,,,,,,,,,
456239341,-6,185670488,185670488,1503849120,2017-08-27 17:52:00,58.007771,56.234901,58.00819896273859,56.23476395501453,48.267285587856335,"https://sun9-50.userapi.com/s/v1/ig1/ebbNSc84depcxvsByU7xgRetUoVyHGh216Nez4JlfZ2C7yAYRRBMunFkwEfiy0wfgnj7UgEZ.jpg?quality=96&as=32x43,48x64,72x96,108x144,160x213,240x320,360x480,480x640,540x720,640x853,720x960,1080x1440,1280x1707,1440x1920,1620x2160&from=bu&cs=1620x0",,False,623.0,synagogue,True,False,,,,,,,,,,,,,,,
456239387,-7,186896171,186896171,1504871020,2017-09-08 13:43:40,58.007722,56.234848,58.00819896273859,56.23476395501453,53.266446245787506,"https://sun9-3.userapi.com/s/v1/ig1/QAJi4L2Iv2w8WL9lO_gp9G_qkvRQzGHd2rsz3GxgC_MC2QDVIFvvxpUisxW6EbfIXkjpJXaA.jpg?quality=96&as=32x43,48x64,72x96,108x144,160x213,240x320,360x480,480x640,540x720,640x853,720x960,966x1288&from=bu&cs=966x0",,False,,synagogue,True,False,,,,,,,,,,,,,,,
457241748,-7,190760470,190760470,1660203505,2022-08-11 09:38:25,58.007813,56.234504,58.00819896273859,56.23476395501453,45.567571879464026,"https://sun9-78.userapi.com/s/v1/ig2/6wm-TN37SeLWZMOAGKfFLEKl-UhHZejH1ofDyXZ_kW24ou8M8H0mmJoIkb0pVIxTDKeDzYVXgaWp-k6OsJldIQcA.jpg?quality=95&as=32x43,48x64,72x96,108x144,160x213,240x320,360x480,480x640,540x720,640x853,720x960,1080x1440,1280x1707,1440x1920&from=bu&cs=1440x0",,False,1840.0,synagogue,True,False,,,,,,,,,,,,,,,
352650228,196791101,191783413,191783413,1423721032,2015-02-12 07:03:52,58.006936,56.254753,58.00763133477656,56.255145877976155,80.70771019898112,"https://sun9-25.userapi.com/s/v1/ig1/tRB7pwQi-6-6ezHXf6Tw9u3wSy6ZAciSkHToqMp9ezdHOtsNqPQxYB6blQeHu6unEvetf8Bw.jpg?quality=96&as=32x43,48x64,72x96,108x144,160x213,240x320,360x480,480x640,540x720,640x853,648x864&from=bu&cs=648x0",,False,,or avner habad community center,True,False,,,,,,,,,,,,,,,
456247243,246644270,192767690,192767690,1502427342,2017-08-11 06:55:42,58.007933,56.235614,58.00819896273859,56.23476395501453,58.1576739170479,"https://sun9-13.userapi.com/s/v1/if1/1lErPZYqC2452IhHti4KHbdd2eRK9QgT5JGOyW3JdBgkBF3l2kqrTtyA5zCspNoRuvEgu602.jpg?quality=96&as=32x20,48x30,72x45,108x67,160x100,240x150,360x225,480x300,540x337,640x400,690x431&from=bu&cs=690x0",екатерининская/красноуфимская,False,,synagogue,True,False,,,,,,,,,,,,,,,
457256994,303381976,193585525,193585525,1725730657,2024-09-07 19:37:37,58.008003,56.235297,58.00819896273859,56.23476395501453,38.22179769044088,"https://sun9-39.userapi.com/s/v1/ig2/xQpebluCbQf9FtJu4vP94hU4HtGeYd4I-ku14QdL0QeWAsuC3eAwoJJe0kcz0VhboOCsG_x5gwJk9XnX1Hma-tGe.jpg?quality=95&as=32x69,48x104,72x156,108x234,160x347,240x521,360x782,480x1042,540x1173,640x1390,720x1563,1080x2345,1179x2560&from=bu&cs=1179x0",,False,,synagogue,True,False,,,,,,,,,,,,,,,
325687258,-7,195527344,195527344,1396677503,2014-04-05 07:58:23,58.00796,56.235006,58.00819896273859,56.23476395501453,30.155665669850126,"https://sun9-86.userapi.com/s/v1/ig2/KmpfND-aP2hUqryzhM8JoXbB2MTOMQa1QrFhmBlLidrsAaQ4zGlwL9T9BjMUJxwgNIwWZT3kilI79tfCQbzjC7zf.jpg?quality=96&as=32x43,48x64,72x96,108x144,160x213,240x320,360x480,480x640,540x720,640x853,720x960&from=bu&cs=720x0",,False,1332.0,synagogue,True,False,,,,,,,,,,,,,,,
457249566,-7,196056796,196056796,1662307461,2022-09-04 18:04:21,58.007715,56.234399,58.00819896273859,56.23476395501453,57.95011791683787,"https://sun9-29.userapi.com/s/v1/if2/5VlEInU54yAio2ULLU3zsgVx0tFxOpoY15SNDXnMk3NCY4AOrAVVwAGuQK2KTz1vWi1ZSl4gWLKhOc2bBbyqP1Pt.jpg?quality=95&as=32x24,48x36,72x54,108x81,160x120,240x180,360x270,480x360,540x405,640x480,720x540,1080x810,1280x960,1440x1080,1920x1440&from=bu&cs=1920x0","Очень важная информация!!!
Я переехала по адресу 

Пермь, Ленина 76, 2 этаж",False,2224.0,synagogue,True,False,,,,,,,,,,,,,,,
456252011,-6,196938081,196938081,1516548266,2018-01-21 16:24:26,58.008176,56.255597,58.00763133477656,56.255145877976155,66.1384416218262,"https://sun9-53.userapi.com/s/v1/ig1/Lw7KnyFGWKbsfqBQa8BgOkdn_jWpRpbAxJ3k9qU0Qv-rFo1_9yY47sB4PLjEkUpgt3himjxy.jpg?quality=96&as=32x40,48x60,72x90,108x135,160x200,240x300,360x450,480x600,540x675,640x800,720x900,960x1200&from=bu&cs=960x0",,False,7889.0,or avner habad community center,True,False,,,,,,,,,,,,,,,
456241314,-7,199304685,199304685,1527263018,2018-05-25 17:43:38,58.007758,56.235549,58.00819896273859,56.23476395501453,67.4024455950621,"https://sun9-87.userapi.com/s/v1/ig1/NHKyDksewpsVIz2XmFGZbwNIypoEbpnNlbse9KYs_35lPjHP4SCKjosUmnZTlFmpTnruZ9Af.jpg?quality=96&as=32x43,48x64,72x96,108x144,160x213,240x320,360x480,480x640&from=bu&cs=480x0",,False,,synagogue,True,False,,,,,,,,,,,,,,,
456239219,-6,200098323,200098323,1506696234,2017-09-29 16:43:54,58.007694,56.234597,58.00819896273859,56.23476395501453,57.00421853451046,"https://sun9-35.userapi.com/s/v1/if1/XDQCKx90ERsAKxpHJcc_BTx7rHZzI2I0eeuO63ZauvnE3ZAQ4K8f5lIZyX6KkFpcKfNvh3qH.jpg?quality=96&as=32x18,48x27,72x40,108x61,160x90,240x135,360x202,480x270,540x304,640x360,720x405,966x543&from=bu&cs=966x0",,False,2299.0,synagogue,True,False,,,,,,,,,,,,,,,
456239034,-7,200175162,200175162,1481370495,2016-12-10 12:48:15,58.007715,56.234399,58.00819896273859,56.23476395501453,57.95011791683787,"https://sun9-37.userapi.com/s/v1/ig1/uDJqrjuyuxEWc-kKrwG1NV70F1VeH43feBKoN2drLSZqE78r0EUlwH8mkI4HjBht-fPj35-y.jpg?quality=96&as=32x43,48x64,72x96,108x144,160x213,240x320,360x480,480x640,540x720,640x853,720x960&from=bu&cs=720x0",,False,,synagogue,True,False,,,,,,,,,,,,,,,
407405141,203105471,200319530,200319530,1458743644,2016-03-23 15:34:04,58.008002,56.234953,58.00819896273859,56.23476395501453,24.570185962343903,"https://sun9-29.userapi.com/s/v1/ig1/2FpLXkp3kNkQHcdQPDXy8EcKj6J95o7SI0vnVbncHYUZZZYYTiCB2mx47WMBl8dix2BMZLTB.jpg?quality=96&as=32x57,48x85,72x128,108x192,160x285,240x427,360x641,480x854,540x961,640x1139,720x1282,728x1296&from=bu&cs=728x0",,False,,synagogue,True,False,,,,,,,,,,,,,,,
456239084,-7,200754043,200754043,1492699095,2017-04-20 16:38:15,58.007778,56.235007,58.00819896273859,56.23476395501453,48.94979211215381,"https://sun9-85.userapi.com/s/v1/ig1/9i8JXI3mv7qkplF86CpC-OqdV4E2XhEtHohdAaPce6LDTwXY67-uTzu8IjbLhWvOXtQkNjVB.jpg?quality=96&as=32x57,48x85,72x128,108x192,160x284,240x427,360x640,480x853,540x960,640x1138,720x1280&from=bu&cs=720x0",,False,63.0,synagogue,True,False,,,,,,,,,,,,,,,
413091093,231764033,201990401,201990401,1462460429,2016-05-05 17:00:29,58.008008,56.255293,58.00763133477656,56.255145877976155,42.770638607245566,"https://sun9-88.userapi.com/s/v1/if1/po5l_Bat5FavfuY3m0rbGDYS2a55nEHQA_V6vqZrYbeV_oDftGtp33mY4Q07n1M13vjAn3hH.jpg?quality=96&as=32x18,48x27,72x40,108x61,160x90,240x135,360x202,480x270,540x304,640x360,720x405,1080x607,1280x720&from=bu&cs=1280x0",,False,,or avner habad community center,True,False,,,,,,,,,,,,,,,
457239495,-7,204208346,204208346,1656352053,2022-06-27 19:47:33,58.008212,56.234688,58.00819896273859,56.23476395501453,4.703548266871273,"https://sun9-19.userapi.com/s/v1/if2/K1dwauK6z2mcd3b_jNz-6SNNTMsqpXLZ2-HgtbcYOotyYNNn8xKGkdS51hsLee39PPpFTnDPxvZ2dg3ycPBc3pCD.jpg?quality=95&as=32x24,48x36,72x54,108x81,160x120,240x180,360x270,480x360,540x405,640x480,720x540,1080x810,1280x960,1440x1080,2016x1512&from=bu&cs=2016x0",,False,,synagogue,True,True,,,,,,,,,,,,,,,
456239144,-7,204247214,204247214,1482678675,2016-12-25 16:11:15,58.007785,56.23391,58.00819896273859,56.23476395501453,68.18838911082449,"https://sun9-65.userapi.com/s/v1/ig1/jEmiuhndXbjr1ZlD6sggPGR8ChYNZZVp9XuMBeiTnqS58ojc5Jo7XQijET8BRxElidfSHgPI.jpg?quality=96&as=32x40,48x60,72x90,108x135,160x200,240x300,360x450,480x600,540x675,640x800,720x900,966x1208&from=bu&cs=966x0",,False,1194.0,synagogue,True,False,,,,,,,,,,,,,,,
457244578,-7,204947776,204947776,1608107935,2020-12-16 09:38:55,58.008128,56.234966,58.00819896273859,56.23476395501453,14.280623319906642,"https://sun9-65.userapi.com/s/v1/ig2/zfXiI1MAdA8V-6JG2Vh30sSCbr6KxUy0bwu9V4waIZLllRIKCkpJxbWHYvHGztla3K07VQR5mtpg9qyzcG9-LLt_.jpg?quality=96&as=32x43,48x64,72x96,108x144,160x213,240x320,360x480,480x640,540x720,640x853,720x960,1080x1440,1104x1472&from=bu&cs=1104x0",,False,1197.0,synagogue,True,False,,,,,,,,,,,,,,,
400032795,-6,205639604,205639604,1454854686,2016-02-07 15:18:06,58.008008,56.255293,58.00763133477656,56.255145877976155,42.770638607245566,"https://sun9-23.userapi.com/s/v1/ig1/rjb3UIaw2zKLx8ZN7Z1SpoFk7MEEOiuKrNLPvTQ-GR1l-46bJ-6b_gjV1zPPaKfYJsxRXiJV.jpg?quality=96&as=32x32,48x48,72x72,108x108,160x160,240x240,360x360,480x480,540x540,640x640,720x720,770x770&from=bu&cs=770x0",,False,1080.0,or avner habad community center,True,False,,,,,,,,,,,,,,,
385905084,-7,207080647,207080647,1446193413,2015-10-30 09:23:33,58.00765,56.255399,58.00763133477656,56.255145877976155,15.055606268344665,"https://sun9-43.userapi.com/s/v1/ig1/wUv06tTIFHZ55exg4C-vDW2pyQW5TGCcrC3uHObBvFEDwFm9tecoDtJDbrKb_Byligx-BmR5.jpg?quality=96&as=32x43,48x64,72x96,108x144,160x213,240x320,360x480,480x640&from=bu&cs=480x0",,False,,or avner habad community center,True,False,,,,,,,,,,,,,,,
456239753,-7,207919458,207919458,1521046545,2018-03-14 17:55:45,58.007938,56.255439,58.00763133477656,56.255145877976155,38.22272664132797,"https://sun9-46.userapi.com/s/v1/ig1/KcP_h2bJW-fmkZ45x8eBSUgCA46euG40WUTi0PWIe180iZQaJyicKDebQoh3I0561cGAdw.jpg?quality=96&as=32x43,48x64,72x96,108x144,160x213,240x320,360x480,480x640,540x720,640x853,720x960,1080x1440,1280x1707,1440x1920,1620x2160&from=bu&cs=1620x0",,False,,or avner habad community center,True,False,,,,,,,,,,,,,,,
322773072,-6,209621138,209621138,1392891468,2014-02-20 11:17:48,58.008,56.255187,58.00763133477656,56.255145877976155,41.0652217128847,"https://sun9-48.userapi.com/s/v1/ig2/Jfi4vTxIxZ7tRhqis7NmXk6yZdeZsdOxSBQ_qaAlHS6IzepSUTx2rpyeYoFJF_BHNy_EY-zyeSovdLtoa7K_x5Yw.jpg?quality=96&as=32x32,48x48,72x72,108x108,160x160,240x240,360x360,480x480,540x540,640x640,720x720,934x934&from=bu&cs=934x0",,False,47.0,or avner habad community center,True,False,,,,,,,,,,,,,,,
314033707,-7,210620929,210620929,1384092402,2013-11-10 15:06:42,58.007674,56.235998,58.00819896273859,56.23476395501453,93.23409977806308,"https://sun9-88.userapi.com/s/v1/ig2/gdvv5_WpQ6YwjKMWYZeF1cKL0jpcLv0TS6yMh49ykux1exL9BzQ4MFSj_AagfmVo5709tt9GjrqCHKjJV0fC0hF9.jpg?quality=96&as=32x43,48x64,72x96,108x144,160x213,240x320,360x480,480x640,540x720,640x853,720x960,1080x1440,1280x1707,1440x1920,1536x2048&from=bu&cs=1536x0",,False,,synagogue,True,False,,,,,,,,,,,,,,,
305062118,-7,211883514,211883514,1371119924,2013-06-13 12:38:44,58.008016,56.234649,58.00819896273859,56.23476395501453,21.442046431824508,"https://sun9-60.userapi.com/s/v1/if2/JRN4vHCUJjp1FKJxeo7HbGoMHU15EOKEASGvzTNtGeDe3E6i2hJJ65kk6CGOrFnTnjcQMDEFoHEPEJhT2aC09016.jpg?quality=96&as=32x24,48x36,72x54,108x81,160x120,240x180,360x270,480x360,540x405,640x480,720x540,1080x810,1280x960,1440x1080,2560x1920&from=bu&cs=2560x0",,False,,synagogue,True,True,,,,,,,,,,,,,,,
334506696,-7,212761732,212761732,1404145603,2014-06-30 18:26:43,58.008443,56.234397,58.00819896273859,56.23476395501453,34.69387773524608,"https://sun9-47.userapi.com/s/v1/if2/Nf4IbQVnF8rKgEvEPZTOVTJmj2XdbPsez59ehSJboU-Qjxm9-Y6ckArWFLO-iPCyLiFO5lfwYvBKd2LTi36SQPyI.jpg?quality=96&as=32x18,48x27,72x40,108x61,160x90,240x135,360x202,480x270,540x303,640x359,720x404,1080x607,1280x719&from=bu&cs=1280x0",,False,,synagogue,True,False,,,,,,,,,,,,,,,
456239123,-7,213712954,213712954,1488198962,2017-02-27 13:36:02,58.007694,56.234597,58.00819896273859,56.23476395501453,57.00421853451046,"https://sun9-37.userapi.com/s/v1/if1/WtO8wgewVZaXzXPOn_iCzbt2GzGUVE8swIBvqCFVTkMkiL2AzNVlWkyve61jPmbz234eo0Sq.jpg?quality=96&as=32x24,48x36,72x54,108x81,160x120,240x180,360x270,480x360,540x405,640x480,720x540,1080x810,1280x960,1440x1080,1600x1200&from=bu&cs=1600x0",,False,,synagogue,True,False,,,,,,,,,,,,,,,
360119325,-7,213995559,213995559,1428316742,2015-04-06 12:39:02,58.007981,56.235152,58.00819896273859,56.23476395501453,33.31645277407271,"https://sun9-78.userapi.com/s/v1/ig1/pzQgzAm18C9eIPYhobx5O8WqSvX4HIEkNGqqZsVSxbaFfFoVnUNWnKvyQP9OtKZM8QOElsWZ.jpg?quality=96&as=32x32,48x48,72x72,108x108,160x160,240x240,360x360,480x480,540x540,640x640,720x720,960x960&from=bu&cs=960x0",,False,497.0,synagogue,True,False,,,,,,,,,,,,,,,
457246322,180853454,214926871,214926871,1573749863,2019-11-14 17:44:23,58.007743,56.234994,58.00819896273859,56.23476395501453,52.480742096971795,"https://sun9-58.userapi.com/s/v1/ig1/ICEHfVK5A4avvsAG6mmoY96vWtMq2zzEuAwO1QI5gkbxsVuBrXAUbI1XUH8m9dkt-dz4BKZn.jpg?quality=96&as=32x43,48x64,72x96,108x144,160x213,240x320,360x480,480x640,540x720,640x853,720x960,1080x1440,1280x1707,1344x1792&from=bu&cs=1344x0",,False,,synagogue,True,False,,,,,,,,,,,,,,,
317507306,-6,216126991,216126991,1388844208,2014-01-04 15:03:28,58.008073,56.236182,58.00819896273859,56.23476395501453,84.70441831739531,"https://sun9-60.userapi.com/s/v1/if2/W7Zvt1VlHjS7IA-H3VNpH9X-nqOvNz3uPXcdVGtBJWxnzUw85c6KJymk8IhoKEnyO6X3F-JnOgD3cHXyB1QiwUdV.jpg?quality=96&as=32x21,48x32,72x48,108x72,160x107,240x160,360x240,480x320,540x360,640x427,720x480,1080x720,1280x853,1440x960,2560x1707&from=bu&cs=2560x0",,False,27.0,synagogue,True,False,,,,,,,,,,,,,,,
379391100,-7,216883448,216883448,1441443008,2015-09-05 10:50:08,58.007814,56.235707,58.00819896273859,56.23476395501453,70.13415773561634,"https://sun9-79.userapi.com/s/v1/if1/Tcz-CMAkKasEEss-_UN2RiQdMRicYV3YmNkeRJ45KXWvxiyD1paraw4ES2Ol9pFvgF-ntcSX.jpg?quality=96&as=32x29,48x43,72x65,108x97,160x144,240x215,360x323,480x431,540x485,640x575,720x646,960x862&from=bu&cs=960x0",,False,13.0,synagogue,True,False,,,,,,,,,,,,,,,
314987100,-7,217151020,217151020,1383579335,2013-11-04 16:35:35,58.007729,56.234782,58.00819896273859,56.23476395501453,52.268283741751546,"https://sun9-31.userapi.com/s/v1/ig2/RNCA_Fwtai_lEfkXB9YNuq59oVJDMqavawzLvpQH5CLsBjWriOsAGtQRj572jJboJn8bEiAHdJyzRZDEM-vRzeTv.jpg?quality=96&as=32x43,48x64,72x96,108x144,160x213,240x320,360x480,480x640,540x720,640x853,720x960,1080x1440,1280x1707,1440x1920,1536x2048&from=bu&cs=1536x0",,False,,synagogue,True,False,,,,,,,,,,,,,,,
456239815,-7,217802900,217802900,1532689941,2018-07-27 13:12:21,58.007947,56.235826,58.00819896273859,56.23476395501453,68.55273978324111,"https://sun9-70.userapi.com/s/v1/if1/YeoGM4LESOIA-eo05Fy1G_pdX2f8FFamvlK4xyHHFYLWy0LVfXyByumqDfphqY2V3oAfoqXD.jpg?quality=96&as=32x24,48x36,72x54,108x81,160x120,240x180,360x270,480x360,540x405,640x480,720x540,960x720&from=bu&cs=960x0",,False,1178.0,synagogue,True,False,,,,,,,,,,,,,,,
347100495,-7,218200193,218200193,1417163463,2014-11-28 09:31:03,58.007722,56.234161,58.00819896273859,56.23476395501453,63.83203591763468,"https://sun9-54.userapi.com/s/v1/if1/mta7Y_gAmju5Ltyt506yHyPikWIza7sv70d99i_HK3bjiBk1AT898qH3dxmFQWy7S_Y2gQ.jpg?quality=96&as=32x24,48x36,72x54,108x81,160x120,240x180,360x270,480x360,540x405,640x480,720x540,960x720&from=bu&cs=960x0",,False,,synagogue,True,False,,,,,,,,,,,,,,,
456240591,-6,220220170,220220170,1504801575,2017-09-07 18:26:15,58.007814,56.235363,58.00819896273859,56.23476395501453,55.47756303733873,"https://sun9-82.userapi.com/s/v1/ig1/LGwvpYfrXJW1UpLFkQMEm5ml6PayOvF7vmoJmkuaMrwYbgrYRmxT8ABw0jZTN_tB5AbMYSIk.jpg?quality=96&as=32x43,48x64,72x96,108x144,160x213,240x320,360x480,480x640,540x720,640x853,720x960&from=bu&cs=720x0",,False,7457.0,synagogue,True,False,,,,,,,,,,,,,,,
457241819,-6,221128069,221128069,1752673555,2025-07-16 15:45:55,58.008309,56.2552,58.00763133477656,56.255145877976155,75.4203595994605,"https://sun9-13.userapi.com/s/v1/ig2/lsoasJ2aJDXGScxEY6Tpcr1hzOBihVQilZV7KUxSRksHFQmuFn24Aba5_HlBUNvrLbLDvM-3NQLb8d3FaBJGW4lq.jpg?quality=95&as=32x48,48x72,72x108,108x162,160x240,240x360,360x540,480x720,540x810,640x960,720x1080,1080x1620,1280x1920,1440x2160,1707x2560&from=bu&cs=1707x0",,False,18411.0,or avner habad community center,True,False,,,,,,,,,,,,,,,
348285315,147353060,-10005800,221928518,1419561710,2014-12-26 03:41:50,58.008065,56.234702,58.00819896273859,56.23476395501453,15.33660253181931,"https://sun9-16.userapi.com/s/v1/if1/yx8egnaF2ZMz5UKZpg7VprEyshiaIDpz4w4bQ7HpQLTHEb6OXB138hwRB3YyEpcQq7mYObct.jpg?quality=96&as=32x24,48x36,72x54,108x81,160x120,240x180,360x270,480x360,540x405,640x480,720x540,960x720&from=bu&cs=960x0",,False,,synagogue,True,True,,,,,,,,,,,,,,,
457316344,-7,222199696,222199696,1666952535,2022-10-28 12:22:15,58.0081,56.234887,58.00819896273859,56.23476395501453,13.17706229634948,"https://sun9-43.userapi.com/s/v1/ig2/U-uu3VXbZ-CcKU0DfIAb1yTyRqt7RTMU2z4xYbj2NOyKZEF696U-XBm4_GFOjQb2a9IcmsBktq2UpzobOPm3tlJW.jpg?quality=95&as=32x43,48x64,72x96,108x144,160x214,240x320,360x480,480x641,540x721,640x854,720x961,1080x1441,1280x1708,1440x1922,1918x2560&from=bu&cs=1918x0",,False,,synagogue,True,True,,,,,,,,,,,,,,,
457247826,290499251,222751382,222751382,1673674758,2023-01-14 06:39:18,58.008303,56.234516,58.00819896273859,56.23476395501453,18.63327725472843,"https://sun9-49.userapi.com/s/v1/ig2/cVRjCD-8Y0Eu43A11qOfGqFY7fArlQXP8AJyssNCu2rMQfDcGeN9NzY-TwuobUl-JtIXJstGF07M-ADHwdG5QT_A.jpg?quality=95&as=32x43,48x64,72x96,108x144,160x213,240x319,360x479,480x639,540x719,640x852,720x958,1080x1438,1280x1704,1440x1917,1923x2560&from=bu&cs=1923x0",,False,,synagogue,True,True,,,,,,,,,,,,,,,
457244109,-6,223090379,223090379,1734277246,2024-12-15 16:40:46,58.00801,56.235574,58.00819896273859,56.23476395501453,52.141565843646546,"https://sun9-74.userapi.com/s/v1/ig2/oV7GFyimlBPJtfqkb3NUBnhUl7Ebk8BVHbrXzqcicK1tv2wQS8RHu0Wg2czDAH9Jm0AMvZZ3FpLc2-I7PbUvLUT4.jpg?quality=95&as=32x43,48x64,72x96,108x144,160x213,240x320,360x480,480x640,540x720,640x853,720x960,1080x1440,1280x1707,1440x1920,1920x2560&from=bu&cs=1920x0",,False,4164.0,synagogue,True,False,,,,,,,,,,,,,,,
456239036,-7,224616602,224616602,1503641721,2017-08-25 08:15:21,58.007939,56.234517,58.00819896273859,56.23476395501453,32.361138393410755,"https://sun9-40.userapi.com/s/v1/ig1/mHPx_1BYylwUSmP0BFjfR_xj05WZHU1Pwv1XsZqDs8plgMQn90Hqs-WS2EgG83xZBYPqJTOF.jpg?quality=96&as=32x43,48x64,72x96,108x144,160x214,240x320,360x481,480x641,540x721,640x855,719x960&from=bu&cs=719x0",,False,57.0,synagogue,True,False,,,,,,,,,,,,,,,
457245182,-7,224795654,224795654,1607787694,2020-12-12 16:41:34,58.007757,56.235033,58.00819896273859,56.23476395501453,51.63670352209518,"https://sun9-11.userapi.com/s/v1/ig2/uPtkY8w1A4mA7HCK74zXUfuIXn3gydTBgoS-ZI5qYqq7_fHeJXobECjJgWGGFTRQFQp64y5SRQxzcTA2ZPrXjsgr.jpg?quality=96&as=32x43,48x64,72x96,108x144,160x214,240x321,360x482,480x642,540x722,640x856,720x963,1080x1445,1196x1600&from=bu&cs=1196x0",,False,,synagogue,True,False,,,,,,,,,,,,,,,
430592867,-7,225018948,225018948,1474293241,2016-09-19 15:54:01,58.008017,56.235336,58.00819896273859,56.23476395501453,39.307250842971015,"https://sun9-87.userapi.com/s/v1/ig1/_v728DB_kueRxsiw5uXioIZ8dAKvuTDSXxLQ4GN9XnH069145sgvbKSQCIlZ3-nDu_eZIg.jpg?quality=96&as=32x43,48x64,72x96,108x144,160x213,240x320,360x480,480x640,540x720,640x853,720x960&from=bu&cs=720x0",,False,325.0,synagogue,True,False,,,,,,,,,,,,,,,
333224403,199841719,226719613,226719613,1406554639,2014-07-28 15:37:19,58.008045,56.235587,58.00819896273859,56.23476395501453,51.420022299034166,"https://sun9-77.userapi.com/s/v1/if2/N4BD2OfSoty8mrTFfZ0Ko47i9GOFLRj-gbcevt0dFHFje0ZiMkdFwzxt6KrhVoVlV6AEV1DeUdiM8Kv2sEyoja2D.jpg?quality=96&as=32x24,48x36,72x54,108x81,160x120,240x180,360x270,480x360,540x405,640x480,720x540,1080x810,1280x960&from=bu&cs=1280x0",,False,,synagogue,True,False,,,,,,,,,,,,,,,
456239425,-7,228500645,228500645,1550931323,2019-02-23 15:15:23,58.007559,56.2554,58.00763133477656,56.255145877976155,16.9946672044758,"https://sun9-13.userapi.com/s/v1/if1/UZTR8ZWKElh8fquYHZdNH0eQdRCqSO4DPCsz1BN4Ut7ajfoprx8ZATpZQtm0KoQwezN9-J1a.jpg?quality=96&as=32x24,48x36,72x54,108x81,160x119,240x179,360x269,480x358,540x403,640x478,720x538,1080x807,1280x956,1440x1075,2560x1912&from=bu&cs=2560x0",,False,,or avner habad community center,True,True,,,,,,,,,,,,,,,
456239232,-6,231363099,231363099,1497449278,2017-06-14 16:07:58,58.007694,56.234597,58.00819896273859,56.23476395501453,57.00421853451046,"https://sun9-23.userapi.com/s/v1/if1/8LLIALFNcOREDwD_-fca9qwnImW4k9UfEzSwMi7P3FXiO86rsr-teCuV_A94We5WQGUqGY_C.jpg?quality=96&as=32x24,48x36,72x54,108x81,160x120,240x180,360x270,480x360,540x405,544x408&from=bu&cs=544x0",,False,804.0,synagogue,True,False,,,,,,,,,,,,,,,
457259870,-7,237883497,237883497,1668440923,2022-11-14 16:48:43,58.008205,56.234926,58.00819896273859,56.23476395501453,9.56978033944169,"https://sun9-88.userapi.com/s/v1/ig2/6eHr1_2O13Z21op98I7iXwCre-hnHxEGFRwzhEa3Wyz9Yhhii2Wu1E7BdBQ2Q1WqAvH_RHgIC8y4LwuF-33I3tPI.jpg?quality=95&as=32x57,48x85,72x128,108x192,160x284,240x427,360x640,480x853,540x960,640x1138,720x1280,900x1600&from=bu&cs=900x0",,False,,synagogue,True,False,,,,,,,,,,,,,,,
456239275,-7,238663528,238663528,1481115471,2016-12-07 13:57:51,58.007954,56.235244,58.00819896273859,56.23476395501453,39.26445761898477,"https://sun9-51.userapi.com/s/v1/ig1/ZqSBkscxYFmXy3LYg5_HewZrbpdfyiR9d7T3GpDW9Jlr8wqxx1e3fc6NjjzTe1f0kPyO_eYY.jpg?quality=96&as=32x40,48x60,72x90,108x135,160x200,240x300,360x449,480x599,540x674,640x799&from=bu&cs=640x0",,False,2351.0,synagogue,True,False,,,,,,,,,,,,,,,
456239032,-7,238729961,238729961,1504027935,2017-08-29 19:32:15,58.007919,56.235403,58.00819896273859,56.23476395501453,48.85066406409761,"https://sun9-51.userapi.com/s/v1/ig1/NrxI00TTEd2Qrpal4kgOX03kT85ipe2L4FBTDwtMyOdeLnlLAcsOTh0ibdd4ANwfEIO18D8_.jpg?quality=96&as=32x43,48x64,72x96,108x144,160x213,240x320,360x480,480x640,540x720,640x853,720x960&from=bu&cs=720x0",,False,,synagogue,True,False,,,,,,,,,,,,,,,
337338008,200807322,239286065,239286065,1408779405,2014-08-23 09:36:45,58.007673,56.234108,58.00819896273859,56.23476395501453,70.09790476285052,"https://sun9-56.userapi.com/s/v1/ig2/CQZp15wpLLaCBEDAgbBLJa0lByGjRpTbyjH218BdivsxwZY3l7EESNXQ1MPIWT9I0Qv1VREfJBsSNwgNSLsiFZVA.jpg?quality=96&as=32x43,48x64,72x96,108x144,160x213,240x320,360x480,480x640,540x720,640x853,720x960&from=bu&cs=720x0",,False,,synagogue,True,False,,,,,,,,,,,,,,,
456239236,-7,240379326,240379326,1485677191,2017-01-29 09:06:31,58.007912,56.235297,58.00819896273859,56.23476395501453,44.76910842408243,"https://sun9-78.userapi.com/s/v1/ig1/QAfSjnuS_TBucwS53BP_Bjh-qWtbAE1sFTV9SmC433n2yyWJ4-GZd1unOqgepBg0tfAgZZPr.jpg?quality=96&as=32x43,48x64,72x96,108x144,160x213,240x320,360x480,480x640,540x720,640x853,720x960&from=bu&cs=720x0",,False,,synagogue,True,False,,,,,,,,,,,,,,,
319174141,-7,240503916,240503916,1390742686,2014-01-26 14:24:46,58.008155,56.255451,58.00763133477656,56.255145877976155,60.94023808097338,"https://sun9-73.userapi.com/s/v1/ig1/LXvPqQ2gAjg5L5ypr6-8f0Okg5TIfrYxfTg_S8XK9v7vnxuSFC4kmc6q7XAd8FzFznIZKw.jpg?quality=96&as=32x32,48x48,72x72,108x108,160x160,240x240,360x360,480x480,540x540,640x640,720x720,960x960&from=bu&cs=960x0",,False,,or avner habad community center,True,False,,,,,,,,,,,,,,,
456239648,-7,243251471,243251471,1558864513,2019-05-26 11:55:13,58.007674,56.235654,58.00819896273859,56.23476395501453,78.464773208833,"https://sun9-7.userapi.com/s/v1/ig1/qse7tDgUb9O8NN4sq96EARp0pgPs68AW7o8iSa6MMo6iIs5-yCKaX5vybt5KDQtdW042Uhyq.jpg?quality=96&as=32x43,48x64,72x96,108x144,160x213,240x320,360x480,480x640,540x720,640x853,720x960,864x1152&from=bu&cs=864x0",,False,,synagogue,True,False,,,,,,,,,,,,,,,
364763689,-7,243524378,243524378,1431417539,2015-05-12 09:58:59,58.007827,56.235231,58.00819896273859,56.23476395501453,49.67603931760233,"https://sun9-80.userapi.com/s/v1/ig1/--kU3yrxPAEwvoCNY373hUuTXAZe5iDm8Tz5QVykbOZgaAS8YvNUwOwJJls3zk8plQ2XlA.jpg?quality=96&as=32x56,48x84,72x126,108x189,160x280,240x420,360x629,480x839,540x944,640x1119,720x1259,918x1605&from=bu&cs=918x0",,False,,synagogue,True,False,,,,,,,,,,,,,,,
457250373,-7,244252115,244252115,1639282066,2021-12-12 05:07:46,58.007757,56.235033,58.00819896273859,56.23476395501453,51.63670352209518,"https://sun9-32.userapi.com/s/v1/ig2/K25zagbf8uOCTCiba3V3z9HIiy3o2GbJ39qhaegaILfz_iyCN2uGCKg9xDuxq-fwo0OKp_sJe6HZq-vo9dLK92SR.jpg?quality=96&as=32x43,48x64,72x96,108x144,160x213,240x320,360x480,480x640,540x720,640x853,720x960,1080x1440,1200x1600&from=bu&cs=1200x0",,False,,synagogue,True,False,,,,,,,,,,,,,,,
456244501,-7,244338036,244338036,1543127851,2018-11-25 07:37:31,58.0078,56.235496,58.00819896273859,56.23476395501453,61.86972331699838,"https://sun9-75.userapi.com/s/v1/ig1/-Wt5LRraX9ZjAFvWjf2djjAf9SXDaYd3TZsHidCq09HpDyCvhbs3y_uHJ5t0sQPXE7SAJvBQ.jpg?quality=96&as=32x43,48x64,72x96,108x144,160x213,240x320,360x480,480x640,540x720,640x853,720x960&from=bu&cs=720x0",,False,,synagogue,True,False,,,,,,,,,,,,,,,
456268329,-7,244959440,244959440,1546613080,2019-01-04 15:44:40,58.007947,56.235997,58.00819896273859,56.23476395501453,77.85574075867932,"https://sun9-56.userapi.com/s/v1/if1/FwsDr_5h86G2BBcZMikszRtT5J58SkZhc2zeaDuytvL3Ai84f5S_pN7abYzZ9Rzax6wnOmv6.jpg?quality=96&as=32x23,48x34,72x51,108x76,160x113,240x169,360x253,480x338,540x380,640x450,720x507,1080x760,1280x900,1440x1013,2560x1801&from=bu&cs=2560x0",,False,,synagogue,True,False,,,,,,,,,,,,,,,
392440907,-7,247762684,247762684,1451011062,2015-12-25 03:37:42,58.008485,56.234344,58.00819896273859,56.23476395501453,40.29482173183848,"https://sun9-86.userapi.com/s/v1/if1/tCbKL5uGIOZsHd9rtu2Dnwa-R5gFay41bhrQnvlYbU0uhG1bkgENdqCUr4a8fl682YRmkw.jpg?quality=96&as=32x24,48x36,72x54,108x81,160x120,240x180,360x270,480x360,540x405,640x480,720x540,960x720&from=bu&cs=960x0",,False,1193.0,synagogue,True,False,,,,,,,,,,,,,,,
456240337,-7,252068287,252068287,1507049705,2017-10-03 18:55:05,58.007855,56.234108,58.00819896273859,56.23476395501453,54.37013188767965,"https://sun9-19.userapi.com/s/v1/ig1/qox_m7eATUH7Gr76_e43dKQwBXc_Gum-sAYpnynzTYuKo4TuwDWe-KlFVyVUMNokOstbkDWe.jpg?quality=96&as=32x43,48x64,72x96,108x144,160x214,240x320,360x481,480x641,540x721,640x855,719x960&from=bu&cs=719x0",,False,,synagogue,True,False,,,,,,,,,,,,,,,
413310506,-7,252412478,252412478,1462802277,2016-05-09 15:57:57,58.007744,56.235853,58.00819896273859,56.23476395501453,81.70323206726104,"https://sun9-21.userapi.com/s/v1/ig1/MNprMlbHxYxwM9CYofi4vlsDhL0Ircnh6KLFZFvec286MY4EkpuQCemBwBa3QSydXyysZPcm.jpg?quality=96&as=32x43,48x64,72x96,108x144,160x214,240x320,360x481,480x641,540x721,640x855,719x960&from=bu&cs=719x0",,False,82.0,synagogue,True,False,,,,,,,,,,,,,,,
341645609,-7,255218675,255218675,1413357156,2014-10-15 09:12:36,58.007967,56.235112,58.00819896273859,56.23476395501453,32.94972239005099,"https://sun9-25.userapi.com/s/v1/ig2/EjyiBeyy-MJVOe6fdgjqr8gDMSsivf4p_nH1Dr7Zo2HC-suCuw48TW1XO56B8VRubS69quYSfwU2gvbENEcBDtWc.jpg?quality=96&as=32x43,48x64,72x96,108x144,160x213,240x320,360x480,480x640,540x720,640x853,720x960,768x1024&from=bu&cs=768x0",,False,,synagogue,True,False,,,,,,,,,,,,,,,
456241216,-7,256379341,256379341,1503834172,2017-08-27 13:42:52,58.007912,56.235469,58.00819896273859,56.23476395501453,52.376753544444,"https://sun9-88.userapi.com/s/v1/ig1/-lIYqrbxIUHCzCZjfAXCACXADgxvp-oMdbUvEa8pP2591Y2wq37Pos0tauB5oWNRbNSueVtU.jpg?quality=96&as=32x43,48x64,72x96,108x144,160x213,240x320,360x480,480x640,540x720,640x853,720x960&from=bu&cs=720x0",,False,1454.0,synagogue,True,False,,,,,,,,,,,,,,,
457240497,-7,260152867,260152867,1662808934,2022-09-10 13:22:14,58.008212,56.234688,58.00819896273859,56.23476395501453,4.703548266871273,"https://sun9-67.userapi.com/s/v1/ig2/hLqjPXPK6j9FPiulL9--hlhBz2qXt1GcWTe8HXbPbG1Q2gQ89Wo0AqubZr5jehEtaWkKP5MnqTOU9UP9nLP3nY63.jpg?quality=95&as=32x43,48x64,72x96,108x144,160x213,240x320,360x480,480x640,540x720,640x853,720x960,1080x1440,1104x1472&from=bu&cs=1104x0",,False,,synagogue,True,True,,,,,,,,,,,,,,,
401590412,-7,261660768,261660768,1455637175,2016-02-16 16:39:35,58.007926,56.235852,58.00819896273859,56.23476395501453,70.92099431340579,"https://sun9-7.userapi.com/s/v1/ig1/6uX3-3Qmk2Mef6YrLYA8ISlpPJp21je8bAq_e6GLoGL6npV8Cv9wJQChFTC_a1bvzCSFT9om.jpg?quality=96&as=32x43,48x64,72x96,108x144,160x213,240x320,360x480,480x640,540x720,640x853,720x960&from=bu&cs=720x0",,False,,synagogue,True,False,,,,,,,,,,,,,,,
456239032,-7,261699652,261699652,1516630189,2018-01-22 15:09:49,58.008338,56.234701,58.00819896273859,56.23476395501453,15.898855512938752,"https://sun9-75.userapi.com/s/v1/ig1/RTVZtgxaCO2XZPDY7Cn9fTrCY0_cs-QiRdv5rcc3ChmRTDRrbaI7y4ndxIHbNQWuI5q0ldWh.jpg?quality=96&as=32x43,48x64,72x96,108x144,160x213,240x320,360x480,480x640,540x720,640x853,720x960,1080x1440,1280x1707,1440x1920,1620x2160&from=bu&cs=1620x0",,False,43.0,synagogue,True,True,,,,,,,,,,,,,,,
344153229,-6,265799024,265799024,1415396017,2014-11-07 22:33:37,58.007716,56.235602,58.00819896273859,56.23476395501453,72.9481739764952,"https://sun9-5.userapi.com/s/v1/ig2/6dlRDUcqu3mF9Cck7GbgZSOE9_mP-wCHSHBw1Fj4SlnSNYIZ9aG2e0-_2Ttbg3Rz2ZKH8QjrpFStgKNBXmh6UuGO.jpg?quality=96&as=32x43,48x64,72x96,108x144,160x213,240x320,360x480,480x640,540x720,640x853,720x960&from=bu&cs=720x0",,False,74.0,synagogue,True,False,,,,,,,,,,,,,,,
424062411,-7,266060497,266060497,1468658815,2016-07-16 10:46:55,58.008045,56.235244,58.00819896273859,56.23476395501453,33.05818588852603,"https://sun9-45.userapi.com/s/v1/ig1/51Wi5juVyc3OwcT0Ih16RkJbR7C3dENon7IHc5vzWoru0157ZkAkLQz3nXMTJYfNiqxbWrGi.jpg?quality=96&as=32x32,48x48,72x72,108x108,160x160,240x240,360x360,480x480,540x540,640x640,720x720,1080x1080,1280x1280,1440x1440,2160x2160&from=bu&cs=2160x0",,False,4830.0,synagogue,True,False,,,,,,,,,,,,,,,
457241088,-7,269841433,269841433,1655720460,2022-06-20 12:21:00,58.008017,56.235336,58.00819896273859,56.23476395501453,39.307250842971015,"https://sun9-53.userapi.com/s/v1/ig2/V1BW7KHMCRkHigWY59BE-jE6gg3wtSiLun9TdHtFQpDHBaCaVszI_8whiJP0DWYiwqyGKAsKd1jXiV9aP_pFpDrw.jpg?quality=96&as=32x43,48x64,72x96,108x144,160x213,240x320,360x480,480x640,540x720,640x853,720x960,780x1040&from=bu&cs=780x0",,False,,synagogue,True,False,,,,,,,,,,,,,,,
456242413,-7,269898165,269898165,1559624968,2019-06-04 07:09:28,58.008086,56.234504,58.00819896273859,56.23476395501453,19.80657151507863,"https://sun9-9.userapi.com/s/v1/ig1/nbwxqt4dSymWSeI3BcTlhI0y9r0VcrTexAUG1aNwbE0pmHCMNgpxZ8cH4sQI7AvdrQRaZgdW.jpg?quality=96&as=32x40,48x60,72x90,108x135,160x200,240x300,360x451,480x601,540x676,640x801,720x901,767x960&from=bu&cs=767x0",,False,,synagogue,True,False,,,,,,,,,,,,,,,
341281978,-7,270500233,270500233,1411561245,2014-09-24 14:20:45,58.00784,56.255677,58.00763133477656,56.255145877976155,38.95348218980352,"https://sun9-81.userapi.com/s/v1/ig1/oEo0xJzc9KRMA8SkCzAqhqr6XjB9Y--8OVagW3vPci8f_YCoxbNnuY2-3cn9NT1JKJSCHg.jpg?quality=96&as=32x43,48x64,72x96,108x144,160x213,240x320,360x480&from=bu&cs=360x0",,False,,or avner habad community center,True,False,,,,,,,,,,,,,,,
345871329,-6,271864255,271864255,1417018117,2014-11-26 17:08:37,58.007925,56.234993,58.00819896273859,56.23476395501453,33.31785293489086,"https://sun9-31.userapi.com/s/v1/ig1/y4YT1mpxBDIWwJLtzK34a1B1QoyT6uw2_1DLMVrHeLQIk9_DPnrSvHm6GccA-6Of_zo5Sw.jpg?quality=96&as=32x43,48x64,72x96,108x144,160x213,240x320,360x480,480x640,540x720,616x821&from=bu&cs=616x0",,False,7.0,synagogue,True,False,,,,,,,,,,,,,,,
456260464,-6,276032859,276032859,1525619239,2018-05-06 17:07:19,58.008261,56.234741,58.00819896273859,56.23476395501453,7.0295283982989325,"https://sun9-30.userapi.com/s/v1/ig1/NPlY8sNUoqcoQKYmGvBHHwYiayWY8dUNo0PUX5eE77gELp1hmHyYUMp2yj9TzAk73SllKYOT.jpg?quality=96&as=32x32,48x48,72x72,108x108,160x160,240x240,360x360,480x480,540x540,640x640,720x720,1080x1080,1280x1280,1440x1440,2047x2047&from=bu&cs=2047x0",,False,1886.0,synagogue,True,True,,,,,,,,,,,,,,,
457243956,-7,276916085,276916085,1605421187,2020-11-15 07:19:47,58.007799,56.234808,58.00819896273859,56.23476395501453,44.54945572405847,"https://sun9-36.userapi.com/s/v1/ig2/3vl7Azo7BAGEcX2sfUljUmzSNQGyWeNPi_XuhcrrAl6PsNznCbECFFvDpYeeFef6QNBiKTaIaoDy4p3RprtE5Q3g.jpg?quality=96&as=32x43,48x64,72x96,108x144,160x213,240x320,360x480,480x640,540x720,640x853,720x960,1080x1440,1200x1600&from=bu&cs=1200x0",,False,,synagogue,True,False,,,,,,,,,,,,,,,
369385156,-7,277750442,277750442,1432908081,2015-05-29 16:01:21,58.007981,56.235152,58.00819896273859,56.23476395501453,33.31645277407271,"https://sun9-69.userapi.com/s/v1/ig1/aynGJfmq7VRnfeCN14_CBI0QuABckwq5GMkly1SQNDKYrsacjhJeC1nt740IVyjN54vQSHC4.jpg?quality=96&as=32x35,48x52,72x78,108x117,160x173,240x259,360x389,480x519,540x584,640x692,720x778,888x960&from=bu&cs=888x0",Сын Данил.,False,,synagogue,True,False,,,,,,,,,,,,,,,
456240173,-7,278784401,278784401,1520677538,2018-03-10 11:25:38,58.007785,56.235112,58.00819896273859,56.23476395501453,50.39062909770558,"https://sun9-38.userapi.com/s/v1/ig1/wvU7f4nmwy9v3mMA0z0gEG1n3DfT0byN0FfHaLd3YQKTfQv6eCZ_a_Kg0NBoU21BIs4CeHn9.jpg?quality=96&as=32x43,48x64,72x96,108x144,160x214,240x320,360x481,480x641,540x721,640x855,719x960&from=bu&cs=719x0",,False,869.0,synagogue,True,False,,,,,,,,,,,,,,,
347362283,-7,279110180,279110180,1416858154,2014-11-24 20:42:34,58.007996,56.235535,58.00819896273859,56.23476395501453,50.7206671448086,"https://sun9-76.userapi.com/s/v1/ig1/loZxy4XQ-dMUgeYz3TjfMLd5INjG1Cd10W4WCS20NAp3aOgJybuvbf-ziyDLFfGPacnFDg.jpg?quality=96&as=32x43,48x64,72x96,108x144,160x213,240x320,360x480,480x640,540x720,640x853,720x960,960x1280&from=bu&cs=960x0","Сапожки зимние для девочки ""Котофей"" - натуральные кожа и мех"", размеры: 23, 24, 25, 26. Цена 2250 руб.",False,,synagogue,True,False,,,,,,,,,,,,,,,
354596836,-7,281682010,281682010,1426332167,2015-03-14 12:22:47,58.007835,56.235509,58.00819896273859,56.23476395501453,59.70214156311746,"https://sun9-69.userapi.com/s/v1/if1/TtgcncZmzDC_1dmzRL3gNYh89PRqwKZBMFO-_irExtm0wuVHZlDnKS18n6hxyZWq06QNS7K0.jpg?quality=96&as=32x24,48x36,72x54,108x81,160x120,240x180,360x270,480x360&from=bu&cs=480x0",,False,,synagogue,True,False,,,,,,,,,,,,,,,
374451674,-7,282988421,282988421,1436400695,2015-07-09 02:11:35,58.007925,56.234993,58.00819896273859,56.23476395501453,33.31785293489086,"https://sun9-50.userapi.com/s/v1/ig1/2xhMv3BFkjip7ZJ5UkJ-v1LsEoBR02ZHQKf-LUxLNeImoftVWIDrjRA_jPi0eCQQFrYo79Bm.jpg?quality=96&as=32x43,48x64,72x96,108x144,160x213,240x320,360x480,480x640,540x720,640x853,720x960,1080x1440,1280x1707,1440x1920,1536x2048&from=bu&cs=1536x0",,False,143.0,synagogue,True,False,,,,,,,,,,,,,,,
368542116,-7,284884636,284884636,1435042910,2015-06-23 09:01:50,58.00794,56.235376,58.00819896273859,56.23476395501453,46.14349723185105,"https://sun9-36.userapi.com/s/v1/ig1/eTAUPi1iFP9m1sJam7Ju1xVHgOJwCEhhEYF8xDMWQh_6fX2chWPrDtDrVZNI3XG6pqnKqvi9.jpg?quality=96&as=32x57,48x85,72x128,108x192,160x284,240x427,360x640,480x853,540x960,640x1138,720x1280,900x1600&from=bu&cs=900x0",,False,,synagogue,True,False,,,,,,,,,,,,,,,
435898427,-7,285443753,285443753,1476183938,2016-10-11 13:05:38,58.00831,56.23445,58.00819896273859,56.23476395501453,22.23780595376135,"https://sun9-49.userapi.com/s/v1/ig1/35XJ-B0w67nradVQpdQ2uQZA8ztw2agC-YT3QOyIx4MgfBKNanWAO-i7OdbotM3XK7LOU0e7.jpg?quality=96&as=32x32,48x48,72x72,108x108,160x160,240x240,360x360,480x480,540x540,640x640,720x720,959x959&from=bu&cs=959x0",,False,,synagogue,True,False,,,,,,,,,,,,,,,
385897275,-7,285757210,285757210,1446533431,2015-11-03 07:50:31,58.007996,56.235535,58.00819896273859,56.23476395501453,50.7206671448086,"https://sun9-84.userapi.com/s/v1/ig1/3se43gHAl5pMiGkHM3ml4RZzoClRSczS3OGm__7QEFNGu9-vtLjvWLD_AEf2EmTZlO_dNb_S.jpg?quality=96&as=32x43,48x64,72x97,108x145,160x215,240x322,360x483,480x644,540x724,640x858,716x960&from=bu&cs=716x0",,False,,synagogue,True,False,,,,,,,,,,,,,,,
376554359,217489189,286474762,286474762,1438357397,2015-07-31 17:43:17,58.007954,56.235244,58.00819896273859,56.23476395501453,39.26445761898477,"https://sun9-9.userapi.com/s/v1/ig1/27YxDeV_fHE1pfsEH4wl3l3l3dXPbDgzE0I5rbia6lNe1eg3PV8IHJDCP9X5HQCuy12Teh9E.jpg?quality=96&as=32x57,48x85,72x128,108x192,160x285,240x427,360x641,480x855,540x962,640x1140,720x1282,749x1334&from=bu&cs=749x0",,False,,synagogue,True,False,,,,,,,,,,,,,,,
457240740,-7,286527564,286527564,1606019302,2020-11-22 05:28:22,58.007722,56.234333,58.00819896273859,56.23476395501453,58.7992782746542,"https://sun9-78.userapi.com/s/v1/ig2/Yz50ByyBUIRIxbZN5lLgckGDBvcNTfxXE6qvfeu6WAIuy0GKAk3IejkxOpGj3eD41jZM_RnRWBFtEyGZwZg6DvHX.jpg?quality=96&as=32x40,48x60,72x90,108x135,160x200,240x300,360x450,480x600,540x675,640x800,720x900,1080x1350,1242x1552&from=bu&cs=1242x0",,False,1152.0,synagogue,True,False,,,,,,,,,,,,,,,
351977209,-6,287352997,287352997,1421401355,2015-01-16 10:42:35,58.008163,56.234464,58.00819896273859,56.23476395501453,18.11743547660909,"https://sun9-74.userapi.com/s/v1/ig1/eZYY2lKDyXjj47Uyg9s4WNmaffHrLaaJ14z4gRWOvO3EDAzpDWrkHmLoWXBk1XtKmJukogb1.jpg?quality=96&as=32x32,48x48,72x72,108x108,160x160,240x240,360x360,480x480,540x541,640x641,720x721,959x960&from=bu&cs=959x0",,False,2.0,synagogue,True,False,,,,,,,,,,,,,,,
456239019,-6,290336927,290336927,1515944590,2018-01-14 16:43:10,58.007694,56.234597,58.00819896273859,56.23476395501453,57.00421853451046,"https://sun9-15.userapi.com/s/v1/if1/0Vz9EnICQow_OKOtwaOrDAhBPCR6_YGjoT0GH9bHkH4hFUtTk2twfjwV1ZhjvHbOKHS-CIVP.jpg?quality=96&as=32x24,48x36,72x54,108x81,160x120,240x180,360x270,480x360,540x405,640x480&from=bu&cs=640x0",,False,83.0,synagogue,True,False,,,,,,,,,,,,,,,
457255098,-7,290456628,290456628,1596551059,2020-08-04 16:24:19,58.007695,56.235628,58.00819896273859,56.23476395501453,75.70521465193478,"https://sun9-45.userapi.com/s/v1/ig2/iBJITumBvNUKwrHC6qlW5gy4go14uCqyM10VfM2V7O_Ng1sqCB3nba9IxSN_XLXr5evFKiiuXu4bCG12qOu-2DGX.jpg?quality=96&as=32x33,48x49,72x74,108x111,160x164,240x246,360x369,480x492,540x554,640x656,720x738,1080x1108,1280x1313,1440x1477,1872x1920&from=bu&cs=1872x0",,False,2102.0,synagogue,True,False,,,,,,,,,,,,,,,
457252757,-7,291747455,291747455,1566635639,2019-08-24 10:33:59,58.007744,56.235681,58.00819896273859,56.23476395501453,74.01297281835267,"https://sun9-61.userapi.com/s/v1/ig1/5e_IQuiiTBBgv1xfVD0hZzUxnuMi4M7wIeS5csi46BqrtjHrxMbWpVKC0Dm-aPXoYvvx0EZC.jpg?quality=96&as=32x43,48x64,72x96,108x144,160x213,240x320,360x480,480x640,540x720,640x853,720x960,1000x1333&from=bu&cs=1000x0",,False,,synagogue,True,False,,,,,,,,,,,,,,,
456239087,-7,292571918,292571918,1531538675,2018-07-14 05:24:35,58.007961,56.23535,58.00819896273859,56.23476395501453,43.49812682803051,"https://sun9-73.userapi.com/s/v1/if1/uzJCCdWW416ixNuNAztQ9CDOX7e-ZztV9gYZ8E4AdGXst-0hUHl0k2sZ0WL6E-ervmYaj-ij.jpg?quality=96&as=32x24,48x36,72x54,108x81,160x120,240x180,360x270,480x360,540x405,640x480,720x540,1080x810,1280x960,1440x1080,2560x1920&from=bu&cs=2560x0",,False,,synagogue,True,False,,,,,,,,,,,,,,,
456239938,-7,293857322,293857322,1491651133,2017-04-08 13:32:13,58.007897,56.235086,58.00819896273859,56.23476395501453,38.56596930828616,"https://sun9-46.userapi.com/s/v1/ig1/jW5ZW2peWCyAMCVlyj6l5aQlhLiqR6so8n-2Ek-9l7uUoURLoA4om27xN5-3P-PzFuY6A-05.jpg?quality=96&as=32x43,48x64,72x97,108x145,160x215,240x322,360x483,480x644,540x724,640x858,716x960&from=bu&cs=716x0",,False,1153.0,synagogue,True,False,,,,,,,,,,,,,,,
457239603,-6,294116652,294116652,1601742865,2020-10-03 18:34:25,58.007328,56.255175,58.00763133477656,56.255145877976155,33.77289291557371,"https://sun9-32.userapi.com/s/v1/ig2/ubiD0OQRCfvij1Ueusavv4r8uFLQlRgi7cDFrvXrguHyWvG5H2VnrbsoywRxn22a-VMJPXs1hGPeePlWo_zOcQvc.jpg?quality=96&as=32x43,48x64,72x96,108x144,160x213,240x320,360x480,480x640,540x720,640x853,720x960,1080x1440,1280x1707,1440x1920,1620x2160&from=bu&cs=1620x0",,False,246.0,or avner habad community center,True,False,,,,,,,,,,,,,,,
456239235,-7,294361184,294361184,1511027504,2017-11-18 18:51:44,58.007996,56.23605,58.00819896273859,56.23476395501453,79.05216913219736,"https://sun9-68.userapi.com/s/v1/if1/tCuBFYKTXQsq6peg6VdJawgHS6h_ieYL81zQ6leyDbXhhY6_MQytosOM2EbEuYLjXkjH6zsT.jpg?quality=96&as=32x24,48x36,72x54,108x81,160x120,240x180,360x270,480x360,540x405,640x480,720x540,960x720&from=bu&cs=960x0",,False,,synagogue,True,False,,,,,,,,,,,,,,,
457239458,-7,294750139,294750139,1573746181,2019-11-14 16:43:01,58.008086,56.234675,58.00819896273859,56.23476395501453,13.610210280128795,"https://sun9-77.userapi.com/s/v1/ig1/1WwmSJbtR-qXP9Lif4VTyABzMazRiMrxQDuweChChgNEsH7RceZgYNqslgiJZ8Q7RplPbdU_.jpg?quality=96&as=32x43,48x64,72x96,108x144,160x214,240x320,360x481,480x641,540x721,640x855,720x961,1002x1338&from=bu&cs=1002x0",,False,3117.0,synagogue,True,True,,,,,,,,,,,,,,,
456239802,212916756,295660503,295660503,1498506021,2017-06-26 21:40:21,58.0078,56.235839,58.00819896273859,56.23476395501453,77.32402621441274,"https://sun9-43.userapi.com/s/v1/ig1/2hLcQsmXVe5iYXtH3xXZAqzhJiQwl6M4JUOhw1k3-xtwtt--RpqqEc75NkLeg2BMkqhbPA.jpg?quality=96&as=32x43,48x64,72x96,108x144,160x213,240x320,360x480,480x640,540x720,640x853,720x960,1080x1440,1280x1706,1297x1729&from=bu&cs=1297x0",,False,,synagogue,True,False,,,,,,,,,,,,,,,
367510227,-7,297481495,297481495,1432880583,2015-05-29 08:23:03,58.007905,56.235535,58.00819896273859,56.23476395501453,55.961667216666235,"https://sun9-50.userapi.com/s/v1/ig1/lkggYkSDZdiGdMRJhmh6SaS3SEfBniOFOYhYyA9R01lsqKOkS-HYxQQN8PdjmW_L2EM7SPYr.jpg?quality=96&as=32x43,48x64,72x96,108x144,160x213,240x320,360x480,480x640,540x720,640x853,720x960&from=bu&cs=720x0",,False,,synagogue,True,False,,,,,,,,,,,,,,,
376791773,-7,297515445,297515445,1439484873,2015-08-13 18:54:33,58.007989,56.235944,58.00819896273859,56.23476395501453,73.33331789149635,"https://sun9-29.userapi.com/s/v1/ig1/ywu84Jq28NfApqs7n1lTkhpiVkVQ4XHEJdh_OFkjMiXMXf3J3FjuiFLu0elNDysAc3RkDh2B.jpg?quality=96&as=32x32,48x48,72x72,108x108,160x160,240x240,360x360,480x480,540x540,640x640,720x720,1080x1080,1280x1280,1440x1440,2048x2048&from=bu&cs=2048x0",,False,93.0,synagogue,True,False,,,,,,,,,,,,,,,
457239512,292217882,298975301,298975301,1681005044,2023-04-09 03:50:44,58.008198,56.234992,58.00819896273859,56.23476395501453,13.434748137224169,"https://sun9-88.userapi.com/s/v1/ig2/-84NkJG1rZ1j7dAiiiFmU_H92A0I1R2OY-rtCoGmjvwgJC2X4eXLPH2O8ONQBoNmrytlNT4OzfIrGOMA-YKzpyng.jpg?quality=95&as=32x43,48x64,72x96,108x144,160x213,240x320,360x479,480x639,540x719,640x852,720x959,1080x1438,1280x1705,1440x1918,1922x2560&from=bu&cs=1922x0",,False,,synagogue,True,False,,,,,,,,,,,,,,,
457248669,-7,301222089,301222089,1603722202,2020-10-26 15:23:22,58.007855,56.234451,58.00819896273859,56.23476395501453,42.45859061311944,"https://sun9-47.userapi.com/s/v1/if2/JDBp3MJwcD72bBGPNmCxlREhoZTN5tPzOIFgrovFm_iIGJsFBHEhOWAMYY34M_jILit6lT9UbVCxvj2jZXueUmPe.jpg?quality=96&as=32x21,48x32,72x48,108x72,160x107,240x160,360x241,480x321,540x361,640x428,720x481,1080x722,1280x856,1440x963,1920x1284&from=bu&cs=1920x0",,False,515.0,synagogue,True,False,,,,,,,,,,,,,,,
457274468,255926010,-7165191,301828947,1628232500,2021-08-06 08:48:20,58.007835,56.235509,58.00819896273859,56.23476395501453,59.70214156311746,"https://sun9-75.userapi.com/s/v1/ig2/q1mQ11pauLLuY9jKaIsVefH63xz5AfChemlYoo6XFTSvgh58FFm1_hBZ1gdeE1oKhg_TEWJFgzO5NsNHQ6EalVnO.jpg?quality=96&as=32x39,48x59,72x88,108x133,160x197,240x295,360x442,480x590,540x663,640x786,720x884,1080x1327,1280x1572,1322x1624&from=bu&cs=1322x0","Жакет
Цена 1999р
Размер 44

Шорты
Цена 999р
По размеру лучше уточнять",False,,synagogue,True,False,,,,,,,,,,,,,,,
363889501,-7,301873034,301873034,1429452325,2015-04-19 16:05:25,58.00768,56.234558,58.00819896273859,56.23476395501453,58.96775872819908,"https://sun9-42.userapi.com/s/v1/if1/DSYa6Shv_YedDxLfPgaW-uD-QFmAuGUszRJ8YHAKEeZcbBiool5CF189bjKfBdRcv3Y0ANZ4.jpg?quality=96&as=32x24,48x36,72x55,108x82,160x122,240x182,360x274,480x365,540x411,640x487,720x547,960x730&from=bu&cs=960x0",,False,,synagogue,True,False,,,,,,,,,,,,,,,
457242437,-7,308194550,308194550,1669999254,2022-12-02 17:40:54,58.008212,56.234688,58.00819896273859,56.23476395501453,4.703548266871273,"https://sun9-53.userapi.com/s/v1/ig2/5SeWTRKreMbI1kpNGqm7GGhg5C5i8Ya1a9Q0xnQfYl7CMe_GKOUrOfVQE2aY5PV39WL4r_yYs51a51syF-gW0BHf.jpg?quality=95&as=32x43,48x64,72x96,108x144,160x213,240x320,360x480,480x640,540x720,640x853,720x960,1080x1440,1280x1707,1440x1920,1920x2560&from=bu&cs=1920x0",,False,,synagogue,True,True,,,,,,,,,,,,,,,
456239082,-7,309998443,309998443,1485765251,2017-01-30 09:34:11,58.007855,56.234967,58.00819896273859,56.23476395501453,40.07376077662802,"https://sun9-65.userapi.com/s/v1/ig1/mQ54qV5wQNcS1yoJHklQnydUfKCPVmkTUB3-xS2LP6d_uR8lX6dpnNZFG_qAUb3pIEKv8Q.jpg?quality=96&as=32x32,48x48,72x72,108x108,160x160,240x240,360x360,480x480,540x540,640x640,720x720,960x960&from=bu&cs=960x0",,False,,synagogue,True,False,,,,,,,,,,,,,,,
381847133,-7,312858152,312858152,1443107710,2015-09-24 17:15:10,58.008387,56.234582,58.00819896273859,56.23476395501453,23.496307436294863,"https://sun9-36.userapi.com/s/v1/ig1/oLzaqqBrqwQWuTUCh0pKcWa2UOk-6B5PQ9ZVYmONSfjJ3V8dqMkevNxR2BlIO5paSolV0BSe.jpg?quality=96&as=32x32,48x48,72x72,108x108,160x160,240x240,360x360,480x480,540x540,640x640,720x720,960x960&from=bu&cs=960x0",,False,53.0,synagogue,True,False,,,,,,,,,,,,,,,
456239125,-7,313362122,313362122,1488542298,2017-03-03 12:58:18,58.008072,56.234979,58.00819896273859,56.23476395501453,18.9683406848956,"https://sun9-58.userapi.com/s/v1/ig1/Rb8Z5eWHM-NCnqJnvvUItSpLVJSX2tQGnDV1XAlgYCwGOlvS-23e6eoWPL5HNQhuIR3aCBrt.jpg?quality=96&as=32x32,48x48,72x72,108x108,160x160,240x240,360x360,480x480,540x540,640x640,720x720,960x960&from=bu&cs=960x0",,False,,synagogue,True,False,,,,,,,,,,,,,,,
457239164,-7,316951982,316951982,1573333505,2019-11-09 22:05:05,58.007757,56.234174,58.00819896273859,56.23476395501453,60.19170500574144,"https://sun9-45.userapi.com/s/v1/ig1/z-wdE3I0qSxlRpcGZeE-ptHhe6F-J-yJFn8PU7a4hv70oaVQAyyx-qLBSxzq9sCFgCzLst3n.jpg?quality=96&as=32x43,48x64,72x96,108x144,160x213,240x320,360x480,480x640,540x720,640x853,720x960,1080x1440,1280x1707,1440x1920,1620x2160&from=bu&cs=1620x0",,False,,synagogue,True,False,,,,,,,,,,,,,,,
429399596,-7,320627095,320627095,1472097935,2016-08-25 06:05:35,58.008066,56.235733,58.00819896273859,56.23476395501453,58.970809409678445,"https://sun9-63.userapi.com/s/v1/ig1/BR4gzkCYoDj3rDEFhAqNDNIN99QD6tZU7KUfYO3irRPCBYDYaq7jJOkn1i3WM9ocO9oqx9JN.jpg?quality=96&as=32x43,48x64,72x96,108x144,160x213,240x320,360x480,480x640,540x720,640x853,720x960&from=bu&cs=720x0",,False,,synagogue,True,False,,,,,,,,,,,,,,,
456239034,-7,322538669,322538669,1520683740,2018-03-10 13:09:00,58.00775,56.23424,58.00819896273859,56.23476395501453,58.69416218133622,"https://sun9-62.userapi.com/s/v1/ig1/wqudduLey_WoApabYRlMSmIM0ZKMmkONLckXkqT8Xz0Ju5p4kXY6eUK8eHSoGBz4676TknhO.jpg?quality=96&as=32x43,48x64,72x96,108x144,160x213,240x320,360x480,480x640,540x720,640x853,720x960,1080x1440,1280x1707,1440x1920,1620x2160&from=bu&cs=1620x0",,False,195.0,synagogue,True,False,,,,,,,,,,,,,,,
456239927,-7,322672714,322672714,1517759627,2018-02-04 16:53:47,58.007743,56.234134,58.00819896273859,56.23476395501453,62.831699661422014,"https://sun9-34.userapi.com/s/v1/ig1/pw5FtzsPgR5mPBqHgY1A39hoePZRhsA4TGRxpprnSzvobYy6k5YE6yscNiBvmYhmUyZ2Sc3d.jpg?quality=96&as=32x43,48x64,72x96,108x144,160x213,240x320,360x480,480x640,540x720,640x853,720x960&from=bu&cs=720x0",,False,3284.0,synagogue,True,False,,,,,,,,,,,,,,,
456239021,-6,324964859,324964859,1483960695,2017-01-09 12:18:15,58.007694,56.234597,58.00819896273859,56.23476395501453,57.00421853451046,"https://sun9-29.userapi.com/s/v1/ig1/Ao2xNN6-INxkfJpUf5X2KRcKQ3yDSD_sdvgVsApPHqQfbSna8VNT_S8_OZle65r6AU3nxFS6.jpg?quality=96&as=32x68,48x101,72x152,108x228,160x338,240x506,360x760,480x1013,490x1034&from=bu&cs=490x0",,False,111.0,synagogue,True,False,,,,,,,,,,,,,,,
456239029,-7,327809152,327809152,1488108577,2017-02-26 12:29:37,58.007694,56.234597,58.00819896273859,56.23476395501453,57.00421853451046,"https://sun9-42.userapi.com/s/v1/if1/GIBDkJoQnzXK9ulOPfHgUDaUDiiR_44aLQJzmds9a48iOBYkX0FwrHlHbKI5mT1i1zAKEAEk.jpg?quality=96&as=32x24,48x36,72x54,108x81,160x120,240x180,360x270,480x360,540x405,640x480,720x540,1080x810,1280x960&from=bu&cs=1280x0",,False,,synagogue,True,False,,,,,,,,,,,,,,,
385099607,222602131,329116320,329116320,1445271408,2015-10-19 18:16:48,58.007792,56.234187,58.00819896273859,56.23476395501453,56.595225951601826,"https://sun9-13.userapi.com/s/v1/ig1/wNOpsKAxJXYlJcRX9VJ18yYUzcjDJ9BajIWkuds35otbR9V08IHIdwAu5_aFcWBxnr1tICn3.jpg?quality=96&as=32x57,48x85,72x128,108x192,160x284,240x427,360x640,480x853,540x960,640x1138,720x1280,1080x1920,1152x2048&from=bu&cs=1152x0",,False,,synagogue,True,False,,,,,,,,,,,,,,,
456239209,-7,331098121,331098121,1501504931,2017-07-31 14:42:11,58.007841,56.234584,58.00819896273859,56.23476395501453,41.19124298443288,"https://sun9-62.userapi.com/s/v1/ig1/NBzqzUHtlfLs-Pj5V04EqYuG3vaDmOIzC1WgkJI2BD5wpSX7_P2MhBhf7YkuJpvCMozbdbom.jpg?quality=96&as=32x39,48x59,72x89,108x133,160x197,240x296,360x444,480x591,540x665,640x788,720x887,750x924&from=bu&cs=750x0",,False,852.0,synagogue,True,False,,,,,,,,,,,,,,,
456240734,-7,331323787,331323787,1552104299,2019-03-09 05:04:59,58.007856,56.235482,58.00819896273859,56.23476395501453,56.95343309352278,"https://sun9-83.userapi.com/s/v1/ig1/ekg4FqqScurssAv7APMPyZZATo64SerAfzGyxHGM8JpT1fMWkw4z5EMw-XxTh7IQuTwEe7b3.jpg?quality=96&as=32x42,48x63,72x94,108x141,160x209,240x314,360x471,480x628,540x706,640x837,720x942,734x960&from=bu&cs=734x0",,False,,synagogue,True,False,,,,,,,,,,,,,,,
