photo_id,album_id,owner_id,user_id,date,date_human,lat,long,poi_lat,poi_lon,distance_meters,image_url,text,has_tags,post_id,poi_name,inside_poi_area,inside_poi_building,human_annotation_text_description,human_annotation_location_type,human_annotation_photo_type,human_annotation_is_advertisement,human_annotation_situation_summary,human_annotation_city_objects,human_annotation_city_activities,human_annotation_user_intent,human_annotation_has_building,human_annotation_has_synagogue,human_annotation_has_feor,human_annotation_has_other_building,human_annotation_confidence,human_model_version,human_model_timestamp
457317291,301537621,-43730800,-43730800,1741271535,2025-03-06 15:32:15,58.007723,56.235707,58.00819896273859,56.23476395501453,76.72991767250984,"https://sun9-23.userapi.com/s/v1/ig2/w4vYc4Wnot1IZSsTgo4z1zSdsBnHyNuVL__6n792OwrO33W4vYiJa8_qvdTV_kFuHIl3ntXsvKc6FtD_Zu59F3Fg.jpg?quality=95&as=32x43,48x64,72x96,108x144,160x213,240x320,360x480,480x640,540x720,640x853,720x960,1080x1440,1280x1707,1440x1920,1920x2560&from=bu&cs=1920x0",Продано,False,,synagogue,True,False,,,,,,,,,,,,,,,
457255894,-7,158614612,158614612,1621839912,2021-05-24 09:05:12,58.007757,56.234518,58.00819896273859,56.23476395501453,51.23553374200081,"https://sun9-2.userapi.com/s/v1/ig2/x2rGCR2NLZ0JWRjwt0e11ak5uShuzIoF0i_GjIO48uNua8epg5Hm5EjpUab27x7s2jeCEhev_m4uHGAkFDKsan9f.jpg?quality=96&as=32x43,48x64,72x96,108x144,160x213,240x320,360x480,480x640,540x720,640x853,720x960,1080x1440,1218x1624&from=bu&cs=1218x0",,False,,synagogue,True,False,,,,,,,,,,,,,,,
457240058,267510247,-89288568,10566756,1571314240,2019-10-17 14:10:40,58.007989,56.235429,58.00819896273859,56.23476395501453,45.60729562413595,"https://sun9-59.userapi.com/s/v1/ig1/IJz_N7wcfh3pxZKEudiXFbCLyteHsmA3tTe3emDBnwfwYFbm60Z4wlHQrtrQRv9coasUcdXG.jpg?quality=96&as=32x43,48x64,72x96,108x144,160x214,240x320,360x480,480x641,540x721,640x854,720x961,959x1280&from=bu&cs=959x0",,False,,synagogue,True,False,,,,,,,,,,,,,,,
431237207,-7,261660768,261660768,1473612617,2016-09-11 18:50:17,58.007835,56.235681,58.00819896273859,56.23476395501453,67.50182802548635,"https://sun9-50.userapi.com/s/v1/ig1/BEkUxSJ7P4fDhLoA2L0POmKmWsmFzsh27YrURiV87xJ6jna1Wa85gLz8oupceedR8DcXGA.jpg?quality=96&as=32x32,48x48,72x72,108x108,160x160,240x240,360x360,480x480,540x540,640x640,720x720,960x960&from=bu&cs=960x0",,False,,synagogue,True,False,,,,,,,,,,,,,,,
456239310,-7,-75252175,-75252175,1486895668,2017-02-12 11:34:28,58.007828,56.235918,58.00819896273859,56.23476395501453,79.52110193239112,"https://sun9-78.userapi.com/s/v1/ig1/BkWarPJSDB_Gij3N8Dnc--VkEOyM5opMgqSEfGVna28N7uAFqUpX6RkQCQzj_2w3Qh6SaCFa.jpg?quality=96&as=32x32,48x48,72x72,108x108,160x160,240x240,360x360,480x480,540x540,640x640,720x720,960x960&from=bu&cs=960x0",,False,,synagogue,True,False,,,,,,,,,,,,,,,
456240807,-7,-224628741,-224628741,1722168129,2024-07-28 14:02:09,58.007716,56.235602,58.00819896273859,56.23476395501453,72.9481739764952,"https://sun9-53.userapi.com/s/v1/ig2/hCQgshC-zVOoZFZ0PvEalm34HlYLMd8YIcb2wQ4sEP5CC7gYeDPPgc99jfLQADHbbjooKFclxILlOHXxpKsPIU4a.jpg?quality=95&as=32x43,48x64,72x96,108x144,160x213,240x320,360x480,480x640,540x720,640x853,720x960,1080x1440,1280x1707,1440x1920,1920x2560&from=bu&cs=1920x0",,False,,synagogue,True,False,,,,,,,,,,,,,,,
457255283,-7,-170690865,-170690865,1673435653,2023-01-11 12:14:13,58.007813,56.234504,58.00819896273859,56.23476395501453,45.567571879464026,"https://sun9-50.userapi.com/s/v1/ig2/gIRtwg-rGT7cq12RqmkPF1FZW1exfuqpKkltkKA6dvHsHeMXYefIDODB5NSL4GnxfFD1jU1mvjizQxpKjcdlQYhV.jpg?quality=95&as=32x43,48x64,72x96,108x144,160x213,240x320,360x480,480x640,540x720,640x853,720x960,1080x1440,1280x1707,1344x1792&from=bu&cs=1344x0",,False,,synagogue,True,False,,,,,,,,,,,,,,,
457253225,-7,-170690865,-170690865,1661680459,2022-08-28 11:54:19,58.007715,56.234399,58.00819896273859,56.23476395501453,57.95011791683787,"https://sun9-82.userapi.com/s/v1/ig2/nSc7DsNrrVc3ZrCKwNncv3fdMHBg8W_8pZRbJNjIuLfeKjVGRQxM-iWHgEok1hkR5IV_zuDY3YzZUHzJ1FHmnZDV.jpg?quality=95&as=32x43,48x64,72x96,108x144,160x213,240x320,360x480,480x640,540x720,640x853,720x960,1080x1440,1280x1707,1344x1792&from=bu&cs=1344x0",,False,,synagogue,True,False,,,,,,,,,,,,,,,
457257519,-7,-170690865,-170690865,1686149064,2023-06-07 16:44:24,58.007904,56.234332,58.00819896273859,56.23476395501453,41.51239618653149,"https://sun9-15.userapi.com/s/v1/ig2/3XYXw5ZKl7mpZpmCLD3d9YfeVlperG_wS7dJ31w5-Am09kru95J2PwCtXRHqxEXT9aOdAAcxgXbchw8m5kCVfuP0.jpg?quality=95&as=32x43,48x64,72x96,108x144,160x213,240x320,360x480,480x640,540x720,640x853,720x960,1080x1440,1280x1707,1398x1864&from=bu&cs=1398x0",,False,,synagogue,True,False,,,,,,,,,,,,,,,
457321408,301537621,-43730800,-43730800,1755072682,2025-08-13 10:11:22,58.007716,56.236117,58.00819896273859,56.23476395501453,96.11256814457457,"https://sun9-87.userapi.com/s/v1/ig2/dAg9fmUiluvB6WMyeMj5RsoiFFJJ5OIEEdgjSEYad91bj33ogF0Uuk3z6Q0HWgAZetkWm_U_gZtzLEwx5xfKPXUK.jpg?quality=95&as=32x32,48x48,72x72,108x108,160x160,240x240,360x360,480x480,540x540,640x640,720x720,1080x1080,1280x1280,1440x1441,2559x2560&from=bu&cs=2559x0",Продано,False,,synagogue,True,False,,,,,,,,,,,,,,,
456239311,-7,-75252175,-75252175,1486895668,2017-02-12 11:34:28,58.007905,56.235707,58.00819896273859,56.23476395501453,64.45849538358107,"https://sun9-23.userapi.com/s/v1/ig1/iilrhBp4mMy4gMjE3wnkb3W2crz4jJa_hFSGmREScWYYHdo9bNZgooILo7gq1XaPrp4FWHCp.jpg?quality=96&as=32x32,48x48,72x72,108x108,160x160,240x240,360x360,480x480,540x540,640x640,720x720,960x960&from=bu&cs=960x0",,False,,synagogue,True,False,,,,,,,,,,,,,,,
457256911,-7,-170690865,-170690865,1682517768,2023-04-26 16:02:48,58.007722,56.234505,58.00819896273859,56.23476395501453,55.186284082187015,"https://sun9-6.userapi.com/s/v1/ig2/LmiVKHdjTjJCXVJI96x6zW-4Sbfca6zRjCWqSYQwJxCbbeUKZhmEA8Px9uMVXO8WeBVAOYjvGkPAuJBifQwITd9R.jpg?quality=95&as=32x43,48x64,72x96,108x144,160x213,240x320,360x480,480x640,540x720,640x853,720x960,1080x1440,1280x1707,1398x1864&from=bu&cs=1398x0",,False,,synagogue,True,False,,,,,,,,,,,,,,,
401590408,-7,261660768,261660768,1455637174,2016-02-16 16:39:34,58.007926,56.235852,58.00819896273859,56.23476395501453,70.92099431340579,"https://sun9-58.userapi.com/s/v1/ig1/5AZ_EODc7p5Hf8P5uA6Ot9AqIs3hJaLkitb_Bkn4ZYVSNvIvYUfeiFK97I8s74aF_9MLjtDh.jpg?quality=96&as=32x43,48x64,72x96,108x144,160x213,240x320,360x480,480x640,540x720,640x853,720x960&from=bu&cs=720x0",,False,,synagogue,True,False,,,,,,,,,,,,,,,
456241406,252382065,-161325318,-161325318,1554912918,2019-04-10 18:15:18,58.008246,56.255279,58.00763133477656,56.255145877976155,68.79611110117737,"https://sun9-25.userapi.com/s/v1/ig1/pKYlnq4pf8VVuSlt6Kuz2cZOC5IBsAGqOFWHuUJPf7EIdpZDk1YsbvD4jgJwspZuMIibG6ey.jpg?quality=96&as=32x43,48x64,72x96,108x144,160x213,240x320,360x480,480x640,540x720,640x853,720x960&from=bu&cs=720x0",,False,,or avner habad community center,True,False,,,,,,,,,,,,,,,
457240566,-7,-209485236,-209485236,1687364538,2023-06-21 18:22:18,58.007217,56.255889,58.00763133477656,56.255145877976155,63.55480674562671,"https://sun9-1.userapi.com/s/v1/if2/1Sg3v6Ogg3zx5gtULbAwLZm2bxms_H4g6hhQ8uVXO43tcFg1t35e8HjLvhSMqJ3tqMBOJ3NO9yq2zHo3velkwchv.jpg?quality=95&as=32x24,48x36,72x54,108x81,160x120,240x180,360x270,480x360,540x405,640x480,720x540,1080x810,1280x960,1440x1080,2560x1920&from=bu&cs=2560x0",,False,,or avner habad community center,True,False,,,,,,,,,,,,,,,
457254315,-7,-170690865,-170690865,1667304724,2022-11-01 13:12:04,58.007897,56.234398,58.00819896273859,56.23476395501453,39.902113118787824,"https://sun9-8.userapi.com/s/v1/ig2/chzJJwy-vGicmF6sLXH-R3v8xW19OISXkmkXe4UhCU5s-w7Aq-7h5YaERobbLoAg8KyfsFJsy-PisiGULS7L4ipp.jpg?quality=95&as=32x43,48x64,72x96,108x144,160x213,240x320,360x480,480x640,540x720,640x853,720x960,1080x1440,1280x1707,1344x1792&from=bu&cs=1344x0",,False,,synagogue,True,False,,,,,,,,,,,,,,,
457245801,-7,-194619161,-194619161,1731913582,2024-11-18 08:06:22,58.007911,56.234782,58.00819896273859,56.23476395501453,32.037637117550986,"https://sun9-38.userapi.com/s/v1/ig2/v_ddFiQYsVktHcHdqDQgycABNnddC1_Z-oIwCW2CRlR9WGRTxQlar_NTw3LgBQ5pF6i3Z0ZIsLwnBrCdydYIVVRt.jpg?quality=95&as=32x43,48x64,72x96,108x144,160x213,240x320,360x480,480x640,540x720,640x853,720x960,1080x1440,1280x1707,1440x1920,1920x2560&from=bu&cs=1920x0",,False,,synagogue,True,False,,,,,,,,,,,,,,,
457254037,-7,-170690865,-170690865,1665827945,2022-10-15 11:59:05,58.007799,56.234293,58.00819896273859,56.23476395501453,52.41830941546784,"https://sun9-44.userapi.com/s/v1/ig2/QZ6UIJyqS1UJgYzFlkRvHQGIhG4dSQxQEe-tfafUKWNjHPe2Ce7ltYxpbxGBqwPHXtskrLuocMSTHlwYjF6qvwxp.jpg?quality=95&as=32x43,48x64,72x96,108x144,160x214,240x320,360x481,480x641,540x721,640x855,720x961,1080x1442,1280x1709,1342x1792&from=bu&cs=1342x0",,False,,synagogue,True,False,,,,,,,,,,,,,,,
456239275,241508628,-76201644,43383088,1488299097,2017-02-28 17:24:57,58.007765,56.235654,58.00819896273859,56.23476395501453,71.25851791575037,"https://sun9-68.userapi.com/s/v1/ig1/_WRT-OziI7lHSSNcwbmAzEd_NpiaiRHQScxlPca0QcEPD_E0rNnJwutGRJ3LZY2k8PTNWjkn.jpg?quality=96&as=32x43,48x64,72x96,108x144,160x213,240x320,360x480,480x640,540x720,640x853,720x960,1080x1440,1280x1707,1440x1920,1620x2160&from=bu&cs=1620x0",,False,,synagogue,True,False,,,,,,,,,,,,,,,
457254051,-7,-170690865,-170690865,1665828331,2022-10-15 12:05:31,58.007715,56.234399,58.00819896273859,56.23476395501453,57.95011791683787,"https://sun9-27.userapi.com/s/v1/ig2/6FYBJ6JpnPXVtfgiG50P6lIV6FjktMH0CGRpdAUEQtpmth-mE8Wf5tp2j4wf4f_fvePD4LQdrVS3kI82j1sm4Q_k.jpg?quality=95&as=32x43,48x64,72x96,108x144,160x213,240x320,360x480,480x640,540x720,640x853,720x960,1080x1440,1280x1707,1344x1792&from=bu&cs=1344x0",,False,,synagogue,True,False,,,,,,,,,,,,,,,
457253844,-7,-170690865,-170690865,1664613800,2022-10-01 10:43:20,58.007813,56.234504,58.00819896273859,56.23476395501453,45.567571879464026,"https://sun9-20.userapi.com/s/v1/ig2/sv2icT0Xp7llBzAv8nowFM8wC2ayMEexcqut8ftOu-8SeWUVif8Ys827yCvcd6lyqtO49TtiFVZ4annpl3p2fqws.jpg?quality=95&as=32x43,48x64,72x96,108x144,160x213,240x320,360x480,480x640,540x720,640x853,720x960,1080x1440,1280x1707,1344x1792&from=bu&cs=1344x0",,False,,synagogue,True,False,,,,,,,,,,,,,,,
456240544,-7,261660768,261660768,1492937735,2017-04-23 10:55:35,58.008017,56.235852,58.00819896273859,56.23476395501453,67.21544845842148,"https://sun9-34.userapi.com/s/v1/ig1/oKepa4wo0Xc8JKW5meM24GybNCZLBf5e4l9VFlD9saHTjCXZGNg17eCyU1myV7vyLNQg_PKt.jpg?quality=96&as=32x40,48x60,72x90,108x135,160x200,240x300,360x450,480x600,540x675,640x800,720x900,768x960&from=bu&cs=768x0",,False,,synagogue,True,False,,,,,,,,,,,,,,,
401732951,-7,261660768,261660768,1455725691,2016-02-17 17:14:51,58.0078,56.235667,58.00819896273859,56.23476395501453,69.26920650853022,"https://sun9-49.userapi.com/s/v1/ig1/OestiXGgK3lU8aL1sJvNkTXRjlfSn_l2Pj8CkZgsQcG_i_YIic5QanNN3VotYbFtVcVR4sBP.jpg?quality=96&as=32x32,48x48,72x72,108x108,160x160,240x240,360x360,480x480,540x540,640x640,720x720,960x960&from=bu&cs=960x0",,False,5076.0,synagogue,True,False,,,,,,,,,,,,,,,
407503748,-7,261660768,261660768,1459093787,2016-03-27 17:49:47,58.007877,56.235971,58.00819896273859,56.23476395501453,79.61207472523613,"https://sun9-67.userapi.com/s/v1/if1/yaubhdiMP24A_CS2v2ZWWnG2hLs3w1YRvTno1q2OnLFbfWVeeGNDZyg9HZno1jIAUdAS-t75.jpg?quality=96&as=32x24,48x36,72x54,108x81,160x120,240x180,360x270,480x360,540x405,640x480,720x540,960x720&from=bu&cs=960x0",,False,,synagogue,True,False,,,,,,,,,,,,,,,
456240476,-7,-224628741,-224628741,1717592035,2024-06-05 14:53:55,58.007716,56.235602,58.00819896273859,56.23476395501453,72.9481739764952,"https://sun9-38.userapi.com/s/v1/ig2/--_RnmS8YruVUUTb1ZJtdXcizxZj5DPrNFd4IS8hF9iT2YX_VpBuTpu1NZ3D5mdoMkzPHlrDVnWOA6x_DqBUZ-dT.jpg?quality=95&as=32x57,48x85,72x128,108x192,160x284,240x427,360x640,480x853,540x960,640x1138,720x1280,1080x1920,1179x2096&from=bu&cs=1179x0",,False,,synagogue,True,False,,,,,,,,,,,,,,,
457256964,-7,-170690865,-170690865,1682771188,2023-04-29 14:26:28,58.007715,56.234399,58.00819896273859,56.23476395501453,57.95011791683787,"https://sun9-78.userapi.com/s/v1/ig2/l7KqqLPsbX3zMZK2j6yce18Ka1B5HKULa1qZm0HySUH12nyrEDZfYG7bTpZR72UXcj45B3sxoVY-VxF5df1YtrUJ.jpg?quality=95&as=32x43,48x64,72x96,108x144,160x213,240x320,360x480,480x640,540x720,640x853,720x960,1080x1440,1280x1707,1398x1864&from=bu&cs=1398x0",,False,,synagogue,True,False,,,,,,,,,,,,,,,
456239243,-6,396191106,396191106,1486798161,2017-02-11 08:29:21,58.007694,56.234597,58.00819896273859,56.23476395501453,57.00421853451046,"https://sun9-31.userapi.com/s/v1/if1/dwTmzBiz0a7RJ8uns2FvQK8b7F2PZ-3itLZqvVlmi6yoraHHvbnCI_D5JP2-WgI75ZdygirG.jpg?quality=96&as=32x18,48x27,72x40,108x61,160x90,240x135,360x202,480x270,540x304,640x360&from=bu&cs=640x0",,False,158.0,synagogue,True,False,,,,,,,,,,,,,,,
457254253,-7,-170690865,-170690865,1666956070,2022-10-28 13:21:10,58.007813,56.234504,58.00819896273859,56.23476395501453,45.567571879464026,"https://sun9-39.userapi.com/s/v1/ig2/xounXRBIih2Ed2uLzZEnCYwQuLCIdjj0dx2kqt4oR2NtAB5oQiG64_wNi53l6TWFUeXBy39yjYVMTjVlRlrDPW-j.jpg?quality=95&as=32x43,48x64,72x96,108x144,160x213,240x320,360x480,480x640,540x720,640x853,720x960,1080x1440,1280x1707,1344x1792&from=bu&cs=1344x0",,False,,synagogue,True,False,,,,,,,,,,,,,,,
457256746,-7,-170690865,-170690865,1681741679,2023-04-17 16:27:59,58.007722,56.234505,58.00819896273859,56.23476395501453,55.186284082187015,"https://sun9-22.userapi.com/s/v1/ig2/KqEoLGUORbCkIAqKE7TvVqDtAEtF6zshaxADxTLHWfL2FDna7mVXhTYooWxPTI2JRF4jRttrU4dv18zMcegE2RNx.jpg?quality=95&as=32x43,48x64,72x96,108x144,160x214,240x320,360x481,480x641,540x721,640x855,720x961,1080x1442,1280x1709,1342x1792&from=bu&cs=1342x0",,False,,synagogue,True,False,,,,,,,,,,,,,,,
457239266,-7,-209485236,-209485236,1654867406,2022-06-10 15:23:26,58.007315,56.255995,58.00763133477656,56.255145877976155,61.15242598481541,"https://sun9-39.userapi.com/s/v1/ig2/pf2b-z-XPwb54XoGfvjK-_dxvIe1ZSL4wxz1Vkrfv2PPio8reTrW0R-GecK8bz_JqhZQX_2LqaJazxrX5v2B8glA.jpg?quality=95&as=32x43,48x64,72x96,108x144,160x213,240x320,360x480,480x640,540x720,640x853,720x960,1080x1440,1200x1600&from=bu&cs=1200x0",,False,,or avner habad community center,True,False,,,,,,,,,,,,,,,
457245828,-7,-170690865,-170690865,1650372471,2022-04-19 14:47:51,58.008114,56.234583,58.00819896273859,56.23476395501453,14.244094650953375,"https://sun9-18.userapi.com/s/v1/ig2/5fK1yOG091sl0mwPl5-wEVhWzOCF3K0omYNpgqsZj3Vr_bFZJzXs581w6M4tI7-sRPF760gzxXbo0e4aO6JWaDOg.jpg?quality=96&as=32x43,48x64,72x96,108x144,160x214,240x320,360x481,480x641,540x721,640x855,720x961,1080x1442,1280x1709,1342x1792&from=bu&cs=1342x0",,False,,synagogue,True,True,,,,,,,,,,,,,,,
457250795,-7,261660768,261660768,1597983570,2020-08-21 06:19:30,58.008059,56.236143,58.00819896273859,56.23476395501453,82.7181251120391,"https://sun9-23.userapi.com/s/v1/ig2/pAWi9H2epteTR85buRuXJLTro5RrIUAq3TJdlrgoD7Lse1dC8cvaEdUk2L_cYEyMlFw4q_gbQV-nYW_g48IN5hd8.jpg?quality=96&as=32x43,48x64,72x96,108x144,160x214,240x320,360x481,480x641,540x721,640x855,720x961,1080x1442,1280x1709,1342x1792&from=bu&cs=1342x0",,False,,synagogue,True,False,,,,,,,,,,,,,,,
457255039,-7,-170690865,-170690865,1671773769,2022-12-23 06:36:09,58.007904,56.234332,58.00819896273859,56.23476395501453,41.51239618653149,"https://sun9-70.userapi.com/s/v1/ig2/p0_kJeYigd-0UeDQ4sc6IwjnRNnSSqBmRkdcjhGSfEMGb5kujhzXEHVKOFSHAoOFfrypAXesy1NB8_wP5wbVx40p.jpg?quality=95&as=32x43,48x64,72x96,108x144,160x213,240x320,360x480,480x640,540x720,640x853,720x960,1080x1440,1280x1707,1344x1792&from=bu&cs=1344x0",,False,,synagogue,True,False,,,,,,,,,,,,,,,
457251048,-7,261660768,261660768,1603903111,2020-10-28 17:38:31,58.007799,56.234465,58.00819896273859,56.23476395501453,47.83405104017318,"https://sun9-13.userapi.com/s/v1/ig2/mMn08rBY9OGxHJvF6AjN91xZHTg8Fc20ETdDGyXSSHnXDkT_8DcoKFIzk9fdXZZ4xCdw_YguQvTQj_NLfZ6BFA6Y.jpg?quality=96&as=32x43,48x64,72x96,108x144,160x214,240x320,360x481,480x641,540x721,640x855,720x961,1080x1442,1280x1709,1342x1792&from=bu&cs=1342x0",,False,,synagogue,True,False,,,,,,,,,,,,,,,
457321130,301537621,-43730800,-43730800,1752825674,2025-07-18 10:01:14,58.0078,56.236011,58.00819896273859,56.23476395501453,85.8203422920039,"https://sun9-28.userapi.com/s/v1/ig2/ag0Jie-om2Epxt9qcWmv5kXslhNYLmHqnLvS0GCsizWsMgrsQBMnssOqN2GDu0cuDJVz-prBPYtVGFvlRYAtDjUv.jpg?quality=95&as=32x56,48x84,72x125,108x188,160x279,240x418,360x627,480x836,540x940,640x1115,720x1254,1080x1881,1280x2229,1440x2508,1470x2560&from=bu&cs=1470x0",Продано,False,,synagogue,True,False,,,,,,,,,,,,,,,
457255258,-7,-170690865,-170690865,1673350454,2023-01-10 12:34:14,58.007904,56.234504,58.00819896273859,56.23476395501453,36.19748746981516,"https://sun9-23.userapi.com/s/v1/ig2/0TlKH9IsTh7r8yn0MCNsazz1dy28ElzCTP3j5XEWxGLgJKNt2952VAFP7O2ZZCopZBOzm0iFyLtVuVTobLe_7lf6.jpg?quality=95&as=32x43,48x64,72x96,108x144,160x213,240x320,360x480,480x640,540x720,640x853,720x960,1080x1440,1280x1707,1344x1792&from=bu&cs=1344x0",,False,,synagogue,True,False,,,,,,,,,,,,,,,
457257447,-7,-170690865,-170690865,1685633401,2023-06-01 17:30:01,58.007813,56.234504,58.00819896273859,56.23476395501453,45.567571879464026,"https://sun9-80.userapi.com/s/v1/ig2/elQNsKlRj82NYQ8_Xv7KOPh3L_ZOrBXeBRkD0Z5_3XJKHkNzlG23R-FN4CTccdvpy1ivVEChD0LNzR0-idoe-RNN.jpg?quality=95&as=32x43,48x64,72x96,108x144,160x213,240x320,360x480,480x640,540x720,640x853,720x960,1080x1440,1280x1707,1398x1864&from=bu&cs=1398x0",,False,,synagogue,True,False,,,,,,,,,,,,,,,
457239047,-6,872109377,872109377,1729861760,2024-10-25 15:09:20,58.007707,56.25573,58.00763133477656,56.255145877976155,35.425253919991846,"https://sun9-84.userapi.com/s/v1/ig2/t0btzbtYSn2tW7jwSl1mnxndd1xax4Ss5YdSAoVtE_43IMUDnwkSE0DQsk6olNkKatxLktXedjT-9cTl0aMGyMBx.jpg?quality=95&as=32x43,48x64,72x96,108x144,160x213,240x320,360x480,480x640,540x720,640x853,720x960,1080x1440,1280x1707,1440x1920,1920x2560&from=bu&cs=1920x0",,False,16.0,or avner habad community center,True,False,,,,,,,,,,,,,,,
456239233,-7,-151293443,-151293443,1503427616,2017-08-22 20:46:56,58.007919,56.235575,58.00819896273859,56.23476395501453,57.02619840156533,"https://sun9-62.userapi.com/s/v1/ig1/pPCl_y9vJX3a7Jnm4MOwMt6eQudoh1k09THAeOlESDS88_pV8kf5RiiS13hS7RqssvHXNi3N.jpg?quality=96&as=32x32,48x48,72x72,108x108,160x160,240x240,360x360,480x480,540x540,640x640,720x720,960x960&from=bu&cs=960x0",,False,,synagogue,True,False,,,,,,,,,,,,,,,
457322555,286691131,-43730800,-43730800,1761122848,2025-10-22 10:47:28,58.007695,56.2358,58.00819896273859,56.23476395501453,82.8583389920959,"https://sun9-65.userapi.com/s/v1/if2/T-aYeqnmLKtIZAVQ4wC_8erjc8yiz6CCSdIUkXgoRzhF1_EFWF_6Pq7t9jBKp-pIYQ3cpMdxM4Ivp-7T7lv9APDT.jpg?quality=95&as=32x30,48x46,72x68,108x103,160x152,240x228,360x342,480x456,540x513,640x608,720x684,1080x1026,1280x1216,1440x1368,2560x2432&from=bu&cs=2560x0","6400-30%= 4200₽ (оплата наличными)

Размер 42/46
Размер 42/46",False,,synagogue,True,False,,,,,,,,,,,,,,,
391278816,-7,183452788,183452788,1449136041,2015-12-03 10:47:21,58.007918,56.235059,58.00819896273859,56.23476395501453,35.751267561981756,"https://sun9-66.userapi.com/s/v1/ig1/4KV_2Jk5qFTDYf75SCOo2PkKJd7jjAiO62LQiLfXdChxDiWaPyQCBGU2au3V4-M6kmZlcT7x.jpg?quality=96&as=32x40,48x60,72x90,108x135,160x200,240x300,360x451,480x601,540x676,640x801,720x901,767x960&from=bu&cs=767x0",,False,135.0,synagogue,True,False,,,,,,,,,,,,,,,
457239670,-7,460710718,460710718,1600839605,2020-09-23 07:40:05,58.007882,56.255452,58.00763133477656,56.255145877976155,33.19815124827781,"https://sun9-12.userapi.com/s/v1/ig2/HNT3iEMEZ6ZwX3KOMs12GDVFgiOrpyKsjy8PUtC-ZTANdk6U-qa5Qp5xY0QODNiqgXXF3LbeKDGmobjoeTP2egv0.jpg?quality=96&as=32x57,48x85,72x128,108x192,160x284,240x427,360x640,480x853,540x960,576x1024&from=bu&cs=576x0",,False,,or avner habad community center,True,False,,,,,,,,,,,,,,,
456239059,-7,-58954545,-58954545,1483878454,2017-01-08 13:27:34,58.007855,56.234451,58.00819896273859,56.23476395501453,42.45859061311944,"https://sun9-80.userapi.com/s/v1/ig1/9MAg74Erb8tSeMd8fGm9RNQF85i4aldEU14TKBeQMr1Uc4RvkMOSDuthK1zWZIV-p5Hg-Tkx.jpg?quality=96&as=32x32,48x48,72x72,108x108,160x160,240x240,360x360,480x480,540x540,640x640,720x720,960x960&from=bu&cs=960x0",,False,,synagogue,True,False,,,,,,,,,,,,,,,
457255650,-7,-170690865,-170690865,1675692997,2023-02-06 15:16:37,58.007813,56.234504,58.00819896273859,56.23476395501453,45.567571879464026,"https://sun9-23.userapi.com/s/v1/ig2/fvDpwO_j60lngY5Ej-rm5jJNzkeGEAC1t-ZdFnnBA8LbxZNQFseNcWKQNU6_bAdArfyQrOtoAMbYrTJKsJIhj0UG.jpg?quality=95&as=32x43,48x64,72x96,108x144,160x213,240x320,360x480,480x640,540x720,640x853,720x960,1080x1440,1280x1707,1344x1792&from=bu&cs=1344x0",,False,,synagogue,True,False,,,,,,,,,,,,,,,
457241838,-7,-194619161,-194619161,1669875741,2022-12-01 07:22:21,58.007813,56.23502,58.00819896273859,56.23476395501453,45.490675569552515,"https://sun9-61.userapi.com/s/v1/ig2/L3Vk_9ECZ8p9Y6lTJycYIVARFKol_VuzUB_8-ybOZ2XNi80yRybawdDQIPdrM3AVjLKER-DDUTqylPqTo6FH4_7y.jpg?quality=95&as=32x32,48x48,72x72,108x108,160x160,240x240,360x361,480x481,540x541,640x641,720x721,1080x1082,1280x1282,1440x1442,1917x1920&from=bu&cs=1917x0",,False,,synagogue,True,False,,,,,,,,,,,,,,,
456239399,-7,-166609801,-166609801,1533362770,2018-08-04 08:06:10,58.007799,56.235152,58.00819896273859,56.23476395501453,50.00509281829425,"https://sun9-85.userapi.com/s/v1/ig1/eQq5myj24G2s0VHBJfKeaCkzbUKltUM-2YZ1Qg2MzJqU5anzpOL9JzK77cIGaMcT9vCRwGM4.jpg?quality=96&as=32x48,48x72,72x108,108x162,160x239,240x359,360x538,480x718,540x808,640x957,720x1077,1080x1616,1280x1915,1440x2154,1444x2160&from=bu&cs=1444x0",,False,,synagogue,True,False,,,,,,,,,,,,,,,
456239507,-7,63468162,63468162,1518350032,2018-02-11 12:53:52,58.007855,56.234795,58.00819896273859,56.23476395501453,38.2906136658068,"https://sun9-22.userapi.com/s/v1/ig1/AbKr6I2kXivg4vTZPc4zYgGc7g7afwcWk0Ej0DQgvQHV3iO2LjI4d1d0y1Z-ejRKnDnrvyEm.jpg?quality=96&as=32x43,48x64,72x96,108x144,160x213,240x320,360x480,480x640,540x720,605x807&from=bu&cs=605x0",,False,857.0,synagogue,True,False,,,,,,,,,,,,,,,
457257183,-7,-170690865,-170690865,1683905983,2023-05-12 17:39:43,58.007715,56.234399,58.00819896273859,56.23476395501453,57.95011791683787,"https://sun9-59.userapi.com/s/v1/ig2/NKgR3A8_KyqseHXTIpybtJakfa3icPdFsvZP2ymohfhb5CjbFoj5UuvvMaV83Ox8AGuuhaibcXOv0F20IvWsNnp9.jpg?quality=95&as=32x43,48x64,72x96,108x144,160x213,240x320,360x480,480x640,540x720,640x853,720x960,1080x1440,1280x1707,1398x1864&from=bu&cs=1398x0",,False,,synagogue,True,False,,,,,,,,,,,,,,,
456241361,-7,-224628741,-224628741,1727528774,2024-09-28 15:06:14,58.007695,56.2358,58.00819896273859,56.23476395501453,82.8583389920959,"https://sun9-30.userapi.com/s/v1/ig2/t-sb-PyEckLbaqX8ELbqOzszlXpxVrm96PSBySJ9lor5dOEp4wELdtZjqxl3REXYHfSyzl5CKyz_Q0KkuGV4aNxs.jpg?quality=95&as=32x42,48x63,72x95,108x143,160x211,240x317,360x475,480x633,540x713,640x845,720x950,1080x1425,1280x1689,1440x1900,1940x2560&from=bu&cs=1940x0",,False,,synagogue,True,False,,,,,,,,,,,,,,,
457240745,-7,-209485236,-209485236,1695298480,2023-09-21 14:14:40,58.007314,56.255308,58.00763133477656,56.255145877976155,36.55575784575359,"https://sun9-19.userapi.com/s/v1/if2/Jyrfg1uLZunTEK-IolQ_tAA9-b9Wivj-IEiiI1OGGwJKcbeTfaftQ1Bc48cMbYN5U2_nL0RHD_F-1g3FbIBSK8bg.jpg?quality=95&as=32x24,48x36,72x54,108x81,160x120,240x180,360x270,480x360,540x405,640x480,720x540,1080x810,1280x960,1440x1080,2560x1920&from=bu&cs=2560x0",,False,,or avner habad community center,True,False,,,,,,,,,,,,,,,
402402632,-7,261660768,261660768,1456136930,2016-02-22 11:28:50,58.007891,56.235667,58.00819896273859,56.23476395501453,63.26781884662808,"https://sun9-71.userapi.com/s/v1/ig1/OG__eVz8I0EHuDWXpeqymse1yNFUuF2kHTux4h20Ut91WEIPjJL737w_DUuZtIdZRtqVNR4h.jpg?quality=96&as=32x43,48x64,72x96,108x144,160x213,240x320,360x480,480x640,540x720,640x853,720x960&from=bu&cs=720x0",,False,5116.0,synagogue,True,False,,,,,,,,,,,,,,,
325257621,-6,51403243,51403243,1395741474,2014-03-25 10:57:54,58.008003,56.235469,58.00819896273859,56.23476395501453,46.9036798386652,"https://sun9-31.userapi.com/s/v1/ig2/7BJFjoHhAHvL4atBwFpfp-OkvZfKoFNlT1KEMxTQXpags-rqnARGXlMTHtxvnF4OPhZ8-5hTIebxqKqEgLCpToWh.jpg?quality=96&as=32x43,48x64,72x96,108x144,160x213,240x320,360x480,480x640,540x720,640x853,720x960,1080x1440,1280x1707,1440x1920,1536x2048&from=bu&cs=1536x0",,False,1894.0,synagogue,True,False,,,,,,,,,,,,,,,
457257080,-7,-170690865,-170690865,1683287238,2023-05-05 13:47:18,58.007715,56.234399,58.00819896273859,56.23476395501453,57.95011791683787,"https://sun9-82.userapi.com/s/v1/ig2/avmRrlZ7eSuxuJ7G10xGaQAUvZXdCDCpC7W5zSXfwW7MkM5oOYnp2YI0tzULp8PjrL_VpxNeuJjWI-V8Rxp-nKrI.jpg?quality=95&as=32x43,48x64,72x96,108x144,160x213,240x320,360x480,480x640,540x720,640x853,720x960,1080x1440,1280x1707,1398x1864&from=bu&cs=1398x0",,False,,synagogue,True,False,,,,,,,,,,,,,,,
457255619,-7,-170690865,-170690865,1675509241,2023-02-04 12:14:01,58.007813,56.234504,58.00819896273859,56.23476395501453,45.567571879464026,"https://sun9-81.userapi.com/s/v1/ig2/gKXl-QMTQ1YCXA2hDE_JL43VU9ZIT59YdAsUysEGQx0qYNXCvY61KyULUkNekXrEooIxt-YrsZgXDyFNHrz9XCA7.jpg?quality=95&as=32x43,48x64,72x96,108x144,160x213,240x320,360x480,480x640,540x720,640x853,720x960,1080x1440,1280x1707,1344x1792&from=bu&cs=1344x0",,False,,synagogue,True,False,,,,,,,,,,,,,,,
456239351,-7,-124299091,-124299091,1548511406,2019-01-26 15:03:26,58.007974,56.23453,58.00819896273859,56.23476395501453,28.560358847207404,"https://sun9-80.userapi.com/s/v1/ig2/CBrAGKn9hG6fqQtng6o6BPRnXp2oZqIbgcrrNnLDBURavPlj0REZvtWY9z-J30oY3zKgm4zVCGlmyVYW-tqA6CEV.jpg?quality=96&as=32x32,48x48,72x72,108x108,160x160,240x240,360x360,480x480,540x540,640x640,720x720,1080x1080,1280x1280,1440x1440,1500x1500&from=bu&cs=1500x0",,False,,synagogue,True,False,,,,,,,,,,,,,,,
457255319,-7,-170690865,-170690865,1673584780,2023-01-13 05:39:40,58.007897,56.234398,58.00819896273859,56.23476395501453,39.902113118787824,"https://sun9-58.userapi.com/s/v1/ig2/qXgNAWJ2V2zTzN94aXkAiIxzvwZfC29JMLvD6ROeLkYhtSi7NIWV6vdpCc2GJM6hoWfGipbj0kae8XxOwUsejcLQ.jpg?quality=95&as=32x43,48x64,72x96,108x144,160x213,240x320,360x480,480x640,540x720,640x853,720x960,1080x1440,1280x1707,1344x1792&from=bu&cs=1344x0",,False,,synagogue,True,False,,,,,,,,,,,,,,,
457254311,-7,-170690865,-170690865,1667304618,2022-11-01 13:10:18,58.007813,56.234504,58.00819896273859,56.23476395501453,45.567571879464026,"https://sun9-51.userapi.com/s/v1/ig2/ga37ow9sfnQVjZ6dDwDKQ3ti4c5CU-DaGpPDT4D0QWJcjHVKXHxtYQ6ztnk9Nn4nisYi4dQxb-SH4wVvRGoFmUFH.jpg?quality=95&as=32x43,48x64,72x96,108x144,160x213,240x320,360x480,480x640,540x720,640x853,720x960,1080x1440,1280x1707,1344x1792&from=bu&cs=1344x0",,False,,synagogue,True,False,,,,,,,,,,,,,,,
457254313,-7,-170690865,-170690865,1667304618,2022-11-01 13:10:18,58.007813,56.234504,58.00819896273859,56.23476395501453,45.567571879464026,"https://sun9-28.userapi.com/s/v1/ig2/xTdBFXlJ3zPXyurOTDYwwJefbNCW77hlLpKZaD5l_kxnhLwaQd9IkbMxtaQ99kKEhxOjhFnZdgcIUXpKYtSQLQn_.jpg?quality=95&as=32x43,48x64,72x96,108x144,160x213,240x320,360x480,480x640,540x720,640x853,720x960,1080x1440,1280x1707,1344x1792&from=bu&cs=1344x0",,False,,synagogue,True,False,,,,,,,,,,,,,,,
457254312,-7,-170690865,-170690865,1667304618,2022-11-01 13:10:18,58.007813,56.234504,58.00819896273859,56.23476395501453,45.567571879464026,"https://sun9-4.userapi.com/s/v1/ig2/5lTtp446OZvZrzze8RSiLQEnLHkcsVZnle6qQ4piD43lQyU_yhfe5FUr34Wh6Z9qubE5pD1XRmxYRZHa4Q4lulc5.jpg?quality=95&as=32x43,48x64,72x96,108x144,160x213,240x320,360x480,480x640,540x720,640x853,720x960,1080x1440,1280x1707,1344x1792&from=bu&cs=1344x0",,False,,synagogue,True,False,,,,,,,,,,,,,,,
457240786,-7,-194619161,-194619161,1659559024,2022-08-03 22:37:04,58.007813,56.234676,58.00819896273859,56.23476395501453,43.22875901210856,"https://sun9-79.userapi.com/s/v1/ig2/_kj3pCkso3H0WF6CUqee6LlUa4kbk4MJ88gU7BJVJJC3SZfwRH3ntPNbJfKTm7WQKRxCYOmgMdagLLqD3jKI-koN.jpg?quality=95&as=32x43,48x64,72x96,108x144,160x213,240x320,360x480,480x640,540x721,640x854,720x961,1080x1441,1280x1708,1388x1852&from=bu&cs=1388x0",,False,,synagogue,True,False,,,,,,,,,,,,,,,
457255381,-7,-170690865,-170690865,1674042385,2023-01-18 12:46:25,58.007806,56.234399,58.00819896273859,56.23476395501453,48.698462152861765,"https://sun9-56.userapi.com/s/v1/ig2/3pFhvyvfFFzLoGP0ArA0aar83vr_czQ0fvK1PNQk1xIzpvES0rwJhI5mBXcxa8VT5sJZAA2B5LdPJeQGhAPwnO8a.jpg?quality=95&as=32x43,48x64,72x96,108x144,160x213,240x320,360x480,480x640,540x720,640x853,720x960,1080x1440,1280x1707,1344x1792&from=bu&cs=1344x0",,False,,synagogue,True,False,,,,,,,,,,,,,,,
457239317,289811781,710799431,710799431,1670613036,2022-12-09 20:10:36,58.007723,56.235707,58.00819896273859,56.23476395501453,76.72991767250984,"https://sun9-83.userapi.com/s/v1/ig2/Q9zM_PJ4hZWv-l8yNYtZm0Vh_F6xpHfMjhwllLe1lGmHmVD7cEJiyrKaoBOGXjuSIbx4qTctirn9SppY0IARp-rO.jpg?quality=95&as=32x32,48x48,72x72,108x108,160x160,240x240,360x360,480x480,540x540,640x640,720x720,1080x1080,1280x1280,1440x1440,2560x2560&from=bu&cs=2560x0",,False,,synagogue,True,False,,,,,,,,,,,,,,,
457257889,-7,-170690865,-170690865,1688400672,2023-07-03 18:11:12,58.008114,56.234411,58.00819896273859,56.23476395501453,22.83853256185169,"https://sun9-46.userapi.com/s/v1/ig2/D7ZKFJBfhNHABNC0q5Y3QIOh6mRvZZZmUe9oqGHHvznAz3jSkogOiIHBkr5PsEjSQMUS18rsoEJGyJfX-0ufC-QL.jpg?quality=95&as=32x43,48x64,72x96,108x144,160x213,240x320,360x480,480x640,540x720,640x853,720x960,1080x1440,1280x1707,1398x1864&from=bu&cs=1398x0",,False,,synagogue,True,False,,,,,,,,,,,,,,,
456243134,-7,261660768,261660768,1518680177,2018-02-15 08:36:17,58.007982,56.235495,58.00819896273859,56.23476395501453,49.36350398026458,"https://sun9-83.userapi.com/s/v1/ig2/PLUVx1BLOWAbKo572IU1_t5BGxfkAODFSLEbO0mXU4QiFwnckIO5sz9BfmcBGGFLa1jUICmMHUNeIGXLPTLGWPrx.jpg?quality=96&as=32x40,48x60,72x90,108x135,160x200,240x300,360x450,480x600,540x675,640x800,720x900,768x960&from=bu&cs=768x0",,False,,synagogue,True,False,,,,,,,,,,,,,,,
457239050,-7,652920858,652920858,1621068032,2021-05-15 10:40:32,58.007687,56.234663,58.00819896273859,56.23476395501453,57.23748589589643,"https://sun9-83.userapi.com/s/v1/ig2/URYzR2memZuEVPupMUTjvd4MGRvdxJAmwEyooPlI989Kmz0EgaKKheD_9HY2rOM6OS_ykro26X-sE3iA48qIcanf.jpg?quality=96&as=32x43,48x64,72x96,108x144,160x213,240x320,360x480,480x640,540x720,640x853,720x960,1080x1440,1200x1600&from=bu&cs=1200x0",,False,,synagogue,True,False,,,,,,,,,,,,,,,
457257420,-7,-170690865,-170690865,1685453809,2023-05-30 15:36:49,58.007799,56.234293,58.00819896273859,56.23476395501453,52.41830941546784,"https://sun9-44.userapi.com/s/v1/ig2/I0SzmnrDWUgAzj8QsZQrI9FDVVf_nI6Rll6MWdbnNKbNHxtiRfMzQoFkz9hWvyKjecuDkuz4ScpyHQ3PL14p_4cx.jpg?quality=95&as=32x43,48x64,72x96,108x144,160x213,240x320,360x480,480x640,540x720,640x853,720x960,1080x1440,1280x1707,1398x1864&from=bu&cs=1398x0",,False,,synagogue,True,False,,,,,,,,,,,,,,,
457316345,-7,222199696,222199696,1666952536,2022-10-28 12:22:16,58.008107,56.234821,58.00819896273859,56.23476395501453,10.763838839568535,"https://sun9-75.userapi.com/s/v1/ig2/8XzBD1fUD3959-z_ub5kugWFWD-6WVgXoggs_83JAJHKWQLdK9f3lO_A3O_Xc3Kam3xatPx9RHiGqI4YdMp83IBk.jpg?quality=95&as=32x43,48x64,72x96,108x144,160x214,240x320,360x480,480x641,540x721,640x854,720x961,1080x1441,1280x1708,1440x1922,1918x2560&from=bu&cs=1918x0",,False,,synagogue,True,True,,,,,,,,,,,,,,,
457242975,-7,-69074087,-69074087,1592453645,2020-06-18 06:14:05,58.007799,56.234808,58.00819896273859,56.23476395501453,44.54945572405847,"https://sun9-84.userapi.com/s/v1/ig2/GfzsDytgKC9uRnUVlTjf5VDxesaHXpa5ib2bD0kUR1jKrjRLJMsm0vMRApkqCwr5F1muP3UPxMCnSGZD8V7l_r-c.jpg?quality=96&as=32x43,48x64,72x96,108x144,160x213,240x320,360x480,480x640,540x720,640x853,720x960,1000x1333&from=bu&cs=1000x0",,False,,synagogue,True,False,,,,,,,,,,,,,,,
457314516,301537621,-43730800,-43730800,1733809660,2024-12-10 06:47:40,58.007723,56.235707,58.00819896273859,56.23476395501453,76.72991767250984,"https://sun9-42.userapi.com/s/v1/ig2/wYeFux9jHTOriJ4fri8hP1xbKcwmakfoy7kjHgdWANFVKQaCUIO3BTh7m6Q3sPR5rOR8-7OCHBpkwrtAqS7dOCz1.jpg?quality=95&as=32x43,48x64,72x96,108x144,160x213,240x320,360x480,480x640,540x720,640x853,720x960,1080x1440,1280x1707,1440x1920,1920x2560&from=bu&cs=1920x0",❌SOLD OUT❌,False,,synagogue,True,False,,,,,,,,,,,,,,,
456239679,-7,286527564,286527564,1538057901,2018-09-27 16:18:21,58.00775,56.23424,58.00819896273859,56.23476395501453,58.69416218133622,"https://sun9-33.userapi.com/s/v1/if1/y5xq8broUi00_pwXG6rmGUeS73Gy41mj3OoSTa3rCoYgHbqNscTpwM8WHvUkbeVEpVg6DxPG.jpg?quality=96&as=32x30,48x44,72x66,108x100,160x148,240x221,360x332,480x443,540x498,640x591,720x664,960x886&from=bu&cs=960x0",,False,1032.0,synagogue,True,False,,,,,,,,,,,,,,,
457242459,-7,-76634753,-76634753,1651480913,2022-05-02 10:41:53,58.007608,56.255281,58.00763133477656,56.255145877976155,8.372489562880308,"https://sun9-78.userapi.com/s/v1/ig2/CUam110c6_362uar2PzIc4laS-KwaB2ye6wdFwsRhsNTF-N2kmC0fj9EJ-HYdUk60vgtEYr00Uw7JnL8vwnTeEHN.jpg?quality=95&as=32x43,48x64,72x96,108x144,160x213,240x320,360x480,480x640,540x721,640x854,720x961,1080x1441,1280x1708,1388x1852&from=bu&cs=1388x0",,False,,or avner habad community center,True,True,,,,,,,,,,,,,,,
457254609,-7,-170690865,-170690865,1668853429,2022-11-19 11:23:49,58.00782,56.23461,58.00819896273859,56.23476395501453,43.10373252508328,"https://sun9-73.userapi.com/s/v1/ig2/aOh5hYZhtQyHtbmzZhBZcFTW-OdYTl6H9uKn5u9cGwVeoGsuKE4e2B4o7Jeu1_etuR6WAihH87IAau9qrgY2JNNi.jpg?quality=95&as=32x43,48x64,72x96,108x144,160x213,240x320,360x480,480x640,540x720,640x853,720x960,1080x1440,1280x1707,1344x1792&from=bu&cs=1344x0",,False,,synagogue,True,False,,,,,,,,,,,,,,,
457253738,-7,-170690865,-170690865,1664016090,2022-09-24 12:41:30,58.007813,56.234504,58.00819896273859,56.23476395501453,45.567571879464026,"https://sun9-63.userapi.com/s/v1/ig2/BoqMVD28ERxgSHXbFxM9iaT2Gmi_PsX3cHJTEuk6L5SVS7F1gXOQoDQP38U7jzCp2banGlAGRzbIighrzHJIbKQQ.jpg?quality=95&as=32x43,48x64,72x96,108x144,160x213,240x320,360x480,480x640,540x720,640x853,720x960,1080x1440,1280x1707,1344x1792&from=bu&cs=1344x0",,False,,synagogue,True,False,,,,,,,,,,,,,,,
457256273,-7,-170690865,-170690865,1679237687,2023-03-19 15:54:47,58.007722,56.234505,58.00819896273859,56.23476395501453,55.186284082187015,"https://sun9-77.userapi.com/s/v1/ig2/2L_dx3cUezGjETbxCpWMXfjzEVSPdbgtm20KQ3x-kQqY1l6WjPh0yrkvNarCiwV5STmDQaUj39XKBojZM_WwnLJr.jpg?quality=95&as=32x43,48x64,72x96,108x144,160x214,240x320,360x481,480x641,540x721,640x855,720x961,1080x1442,1280x1709,1342x1792&from=bu&cs=1342x0",,False,,synagogue,True,False,,,,,,,,,,,,,,,
456240038,-7,-224628741,-224628741,1714154267,2024-04-26 19:57:47,58.007695,56.2358,58.00819896273859,56.23476395501453,82.8583389920959,"https://sun9-46.userapi.com/s/v1/ig2/1Jt67GAIj4P3Gi30TpZWxfJJdv-KpvXKYZlXIT5bH3nMxjg7yxX77M7ocGUzd17njBCtBhJCVfqHNWefUIQDIheQ.jpg?quality=95&as=32x43,48x64,72x96,108x144,160x213,240x320,360x480,480x640,540x720,640x853,720x960,1080x1440,1280x1707,1440x1920,1920x2560&from=bu&cs=1920x0",,False,,synagogue,True,False,,,,,,,,,,,,,,,
413543815,-7,-107411067,-107411067,1460474218,2016-04-12 17:16:58,58.008052,56.236209,58.00819896273859,56.23476395501453,86.68327099882261,"https://sun9-1.userapi.com/s/v1/if1/EtG3TgSDXHLmjrGFlFD7TMq8WfaWHioOKyaUh4bJISkGMRsaH4UqZnRgtkQWqUZekfpgACqv.jpg?quality=96&as=32x24,48x36,72x54,108x81,160x120,240x180,360x270,480x360,540x405,640x480,720x540,960x720&from=bu&cs=960x0",,False,198.0,synagogue,True,False,,,,,,,,,,,,,,,
457314404,301537621,-43730800,-43730800,1733410317,2024-12-05 15:51:57,58.007709,56.236011,58.00819896273859,56.23476395501453,91.462131381659,"https://sun9-22.userapi.com/s/v1/ig2/ealbmzhvj6dDI8JqrbAyjx2-HhP9s36pJCXsHDF1AG-ib-q14h66h_sl1x5bkO9PxwN2PeWbgUANWz-EB1Evz_-R.jpg?quality=95&as=32x43,48x64,72x96,108x145,160x214,240x321,360x482,480x643,540x723,640x857,720x964,1080x1446,1280x1714,1440x1928,1912x2560&from=bu&cs=1912x0",Продано,False,,synagogue,True,False,,,,,,,,,,,,,,,
457315096,301537621,-43730800,-43730800,1735218245,2024-12-26 14:04:05,58.007814,56.235879,58.00819896273859,56.23476395501453,78.40494941846167,"https://sun9-35.userapi.com/s/v1/ig2/6NGFyPVM86nRB0wxfAFhFTijR5Kak4n4mPMxPTatPPxfPjaaKhsAHkyRxmD5udrTrKslbgKSnEotMUFj-9Hfo3MJ.jpg?quality=95&as=32x43,48x64,72x96,108x144,160x213,240x320,360x480,480x640,540x720,640x853,720x960,1080x1440,1280x1707,1440x1920,1920x2560&from=bu&cs=1920x0",❌SOLD OUT❌,False,,synagogue,True,False,,,,,,,,,,,,,,,
456239250,-7,-75252175,-75252175,1483507572,2017-01-04 06:26:12,58.007793,56.235733,58.00819896273859,56.23476395501453,72.77843806531625,"https://sun9-79.userapi.com/s/v1/ig1/o0PolPtrU19uOtGNdLTyEJJz_mdq0kV8p3ndrp2uk95lRN1s6cf0DHcYMsJE946O-pC0_qY9.jpg?quality=96&as=32x32,48x48,72x72,108x108,160x160,240x240,360x360,480x480,540x540,640x640,720x720,960x960&from=bu&cs=960x0",,False,,synagogue,True,False,,,,,,,,,,,,,,,
457239707,292620556,-209485236,-209485236,1674889618,2023-01-28 08:06:58,58.007399,56.255889,58.00763133477656,56.255145877976155,50.8330616786655,"https://sun9-76.userapi.com/s/v1/ig2/wzW3yzegGAENQl4sRX-4l0qUyjEFt_OfQsPOEPsao7TojanE4GLAshZBMz2SIalLbHY28axl5lFHMygrit6pO_-U.jpg?quality=95&as=32x43,48x64,72x96,108x144,160x213,240x320,360x480,480x640,540x720,640x853,720x960,1080x1440,1280x1707,1440x1920,1920x2560&from=bu&cs=1920x0",,False,,or avner habad community center,True,False,,,,,,,,,,,,,,,
456241723,-7,269898165,269898165,1548063366,2019-01-21 10:36:06,58.008128,56.234451,58.00819896273859,56.23476395501453,20.054081315952764,"https://sun9-85.userapi.com/s/v1/ig1/t2xISypPP37mPnHfOAeRPHc7IH4zphc4M7FoJKV0FuCz3YE5R5QooqwqvKEn9Wj7V3h-kKaX.jpg?quality=96&as=32x40,48x60,72x90,108x135,160x200,240x300,360x450,480x600,540x675,640x800,720x900,768x960&from=bu&cs=768x0",,False,886.0,synagogue,True,False,,,,,,,,,,,,,,,
345871329,-6,271864255,271864255,1417018117,2014-11-26 17:08:37,58.007925,56.234993,58.00819896273859,56.23476395501453,33.31785293489086,"https://sun9-31.userapi.com/s/v1/ig1/y4YT1mpxBDIWwJLtzK34a1B1QoyT6uw2_1DLMVrHeLQIk9_DPnrSvHm6GccA-6Of_zo5Sw.jpg?quality=96&as=32x43,48x64,72x96,108x144,160x213,240x320,360x480,480x640,540x720,616x821&from=bu&cs=616x0",,False,7.0,synagogue,True,False,,,,,,,,,,,,,,,
457253268,-7,-170690865,-170690865,1661864715,2022-08-30 15:05:15,58.007806,56.234399,58.00819896273859,56.23476395501453,48.698462152861765,"https://sun9-29.userapi.com/s/v1/ig2/r5KoB2KDNxKM4rbRYdWNXwcVlAricgGdObfyoSgcpcdNgW1JTtNnbreevWmZhIjP3B2e0zVJgYa9taXn0mxu6C6X.jpg?quality=95&as=32x43,48x64,72x96,108x144,160x213,240x320,360x480,480x640,540x720,640x853,720x960,1080x1440,1280x1707,1344x1792&from=bu&cs=1344x0",,False,,synagogue,True,False,,,,,,,,,,,,,,,
457251050,-7,261660768,261660768,1603903112,2020-10-28 17:38:32,58.007792,56.234531,58.00819896273859,56.23476395501453,47.2874140870424,"https://sun9-71.userapi.com/s/v1/ig2/P8rMPDP3RjBO5v21n8vF54ZLodPkPJZ1Zq0XpMu5LTbCy3Lb2S6EokMJohU4G312FAAmmuzVZuA27tEPjDcg65G5.jpg?quality=96&as=32x43,48x64,72x96,108x144,160x214,240x320,360x481,480x641,540x721,640x855,720x961,1080x1442,1280x1709,1342x1792&from=bu&cs=1342x0",,False,,synagogue,True,False,,,,,,,,,,,,,,,
456243073,-7,261660768,261660768,1518113084,2018-02-08 19:04:44,58.007877,56.235628,58.00819896273859,56.23476395501453,62.23087932058386,"https://sun9-3.userapi.com/s/v1/ig1/lkMhPq8BO3hXjev7pn_Y0_1_fS7eE8wnAlpZnfYr9urTVxWTMyfvbmOwiIwKkbpeFXxHHm2m.jpg?quality=96&as=32x40,48x60,72x90,108x135,160x199,240x299,360x449,480x598,540x673,640x798,720x898,770x960&from=bu&cs=770x0",,False,,synagogue,True,False,,,,,,,,,,,,,,,
457239768,-7,-194619161,-194619161,1647758129,2022-03-20 07:35:29,58.007842,56.235443,58.00819896273859,56.23476395501453,56.3538374152652,"https://sun9-70.userapi.com/s/v1/ig2/v6lQn4E26PVWAskWCxxK3ZCzl7n87FgTIxKzewd2KF-Xkko0iR86ze0SQRPdk9BKOMTBmYZ9ANcLKRic84e9kGVo.jpg?quality=96&as=32x43,48x64,72x96,108x144,160x213,240x320,360x480,480x640,540x721,640x854,720x961,1080x1441,1280x1708,1388x1852&from=bu&cs=1388x0",,False,,synagogue,True,False,,,,,,,,,,,,,,,
421519131,-7,28689330,28689330,1467387617,2016-07-01 17:40:17,58.007954,56.235416,58.00819896273859,56.23476395501453,47.09005899652475,"https://sun9-69.userapi.com/s/v1/ig1/v9mB1ggoIEvbNbu2K9UwVhFsRZnW5nBQHjWU4jj9hWQIyFcEYuW1DftnRtdZTxmyYF0rSVS4.jpg?quality=96&as=32x43,48x64,72x96,108x144,160x213,240x320,360x480,480x640,540x720,640x853,720x960,768x1024&from=bu&cs=768x0",,False,,synagogue,True,False,,,,,,,,,,,,,,,
457257189,-7,-170690865,-170690865,1683906266,2023-05-12 17:44:26,58.007722,56.234505,58.00819896273859,56.23476395501453,55.186284082187015,"https://sun9-53.userapi.com/s/v1/ig2/c-3XP90eJ5oDgKBBQi-y_yS3MtDeA8UYOp4XhtlADm1iV3G_4sbGwxz9vkdgry-pAf4pE4NARa9Bf3sLQ3E61zTM.jpg?quality=95&as=32x43,48x64,72x96,108x144,160x213,240x320,360x480,480x640,540x720,640x853,720x960,1080x1440,1280x1707,1398x1864&from=bu&cs=1398x0",,False,,synagogue,True,False,,,,,,,,,,,,,,,
456242448,-7,124474976,124474976,1538836363,2018-10-06 16:32:43,58.007821,56.235813,58.00819896273859,56.23476395501453,74.73693356164176,"https://sun9-28.userapi.com/s/v1/ig1/I9GQbyQOx7k3aQuEzhrE5rgJy88d8uwdo1EnQBvqViZIqXZpDEgRfLTCUhm39G1NQ2TcgI0-.jpg?quality=96&as=32x43,48x64,72x96,108x144,160x213,240x320,360x480,480x640,540x721,640x854&from=bu&cs=640x0",,False,3263.0,synagogue,True,False,,,,,,,,,,,,,,,
319081063,185549258,8096518,8096518,1389511175,2014-01-12 08:19:35,58.008002,56.234438,58.00819896273859,56.23476395501453,29.127217293097633,"https://sun9-79.userapi.com/s/v1/ig2/HGu8NtYEiR_LhzckC8XF_Dnz85hCVzLctFiE8sYj613NqFTf4ld7jIy87JwfEjIZNRntSV0WYuXXQlZgiJh-SR7Z.jpg?quality=96&as=32x43,48x64,72x96,108x144,160x213,240x320,360x480,480x640,540x720,640x853,720x960,960x1280&from=bu&cs=960x0",,False,,synagogue,True,False,,,,,,,,,,,,,,,
457256960,-7,-170690865,-170690865,1682771003,2023-04-29 14:23:23,58.007722,56.234505,58.00819896273859,56.23476395501453,55.186284082187015,"https://sun9-54.userapi.com/s/v1/ig2/8ZtlrJZHvwGJWe5lvJVCOp2HaTdreXU1IURKJdfDDzsrBS6vXbBtthD18zUqq535N7Gt7zRpNP2epNs_ANF8r5pn.jpg?quality=95&as=32x43,48x64,72x96,108x144,160x213,240x320,360x480,480x640,540x720,640x853,720x960,1080x1440,1280x1707,1398x1864&from=bu&cs=1398x0",,False,,synagogue,True,False,,,,,,,,,,,,,,,
457253167,-7,-170690865,-170690865,1661509011,2022-08-26 12:16:51,58.007911,56.23461,58.00819896273859,56.23476395501453,33.27970507679034,"https://sun9-9.userapi.com/s/v1/ig2/cbXdTFoYLheWupny0Me-vHFF0DUQwYSkkYF7e_QIntK088Kf1trzZqATz4_Iu0mW3vCGPL7UKRcd4IR84cj1yJiX.jpg?quality=95&as=32x43,48x64,72x96,108x144,160x213,240x320,360x480,480x640,540x720,640x853,720x960,1080x1440,1280x1707,1344x1792&from=bu&cs=1344x0",,False,,synagogue,True,False,,,,,,,,,,,,,,,
457256008,-7,-170690865,-170690865,1677847975,2023-03-03 13:52:55,58.007722,56.234505,58.00819896273859,56.23476395501453,55.186284082187015,"https://sun9-8.userapi.com/s/v1/ig2/C9Rhp6MM4JEy84GN26Ufi3CkNn9bYWaczf6kZEkwFUOHbdS3b-DIBIIFRgR3jhRcYrSeP4fWx9AB4CJAu0VwP4Jr.jpg?quality=95&as=32x43,48x64,72x96,108x144,160x214,240x320,360x481,480x641,540x721,640x855,720x961,1080x1442,1280x1709,1342x1792&from=bu&cs=1342x0",,False,,synagogue,True,False,,,,,,,,,,,,,,,
456240753,-7,-224628741,-224628741,1722093631,2024-07-27 17:20:31,58.007695,56.2358,58.00819896273859,56.23476395501453,82.8583389920959,"https://sun9-3.userapi.com/s/v1/ig2/TEdjEhXXtnlVuGtr3caN9QOzRy9LItDJZ6ANfgzsyQHRJxw_O9-1gNioSJn1n9R5GdH8RKb7NkhddfbqDhUS6vHp.jpg?quality=95&as=32x43,48x64,72x96,108x144,160x213,240x320,360x480,480x640,540x720,640x853,720x960,1080x1440,1280x1707,1440x1920,1920x2560&from=bu&cs=1920x0",,False,,synagogue,True,False,,,,,,,,,,,,,,,
457240517,-6,124979090,124979090,1741443057,2025-03-08 15:10:57,58.008205,56.234926,58.00819896273859,56.23476395501453,9.56978033944169,"https://sun9-45.userapi.com/s/v1/ig2/JHDMxcuCUr-72vu63sWnHGIVNcUXS173fyzR0j_-SPvwipY2R4KQPYEsd6dQnvEI95DMqkHJfG_k6esS3oYl6vOE.jpg?quality=95&as=32x43,48x64,72x96,108x144,160x213,240x320,360x480,480x640,540x720,640x853,720x960,1080x1440,1280x1707,1440x1920,1920x2560&from=bu&cs=1920x0",,False,1248.0,synagogue,True,False,,,,,,,,,,,,,,,
456239033,301679057,-224628741,-224628741,1707758189,2024-02-12 18:16:29,58.007695,56.2358,58.00819896273859,56.23476395501453,82.8583389920959,"https://sun9-71.userapi.com/s/v1/ig2/kOdAobsHfghHAmuuXuSlAQrfu3t54cjnW_RaBEO_S9PF2OgZM98YdnBp_D0LOidiIyPL8HG2V1nQqrZy81J5oSMG.jpg?quality=95&as=32x41,48x62,72x93,108x139,160x206,240x309,360x464,480x618,540x696,640x825,720x928,1080x1391,1280x1649,1440x1855,1987x2560&from=bu&cs=1987x0",,False,,synagogue,True,False,,,,,,,,,,,,,,,
456243551,-7,261660768,261660768,1526148980,2018-05-12 20:16:20,58.007933,56.235786,58.00819896273859,56.23476395501453,67.0806851405364,"https://sun9-21.userapi.com/s/v1/ig1/_5LoQmoyNltDcUAekh4dOTBaqxZ7WQ2FZkTtyuJMzpvEPSw_PdVeHds4YZLuT7zcP2VO2cx_.jpg?quality=96&as=32x40,48x60,72x90,108x135,160x200,240x300,360x450,480x600,540x675,640x800,720x900,768x960&from=bu&cs=768x0",,False,,synagogue,True,False,,,,,,,,,,,,,,,
457254927,-7,-170690865,-170690865,1671110573,2022-12-15 14:22:53,58.007813,56.234504,58.00819896273859,56.23476395501453,45.567571879464026,"https://sun9-35.userapi.com/s/v1/ig2/6ywVg-EDGV5Prjr6-dG1c7p5hwF6rDWSf6Z2n_xjiuTvybRW_NVjkGfIAuVeeZg4wDZ4cWQ2SR4qW8uAHy_SK8ax.jpg?quality=95&as=32x43,48x64,72x96,108x144,160x213,240x320,360x480,480x640,540x720,640x853,720x960,1080x1440,1280x1707,1344x1792&from=bu&cs=1344x0",,False,,synagogue,True,False,,,,,,,,,,,,,,,
457316843,301537621,-43730800,-43730800,1739968574,2025-02-19 13:36:14,58.007702,56.235906,58.00819896273859,56.23476395501453,87.06401057124822,"https://sun9-34.userapi.com/s/v1/ig2/-NWMjw9w33xJ9HBhMm_J5PgFpwDyIHNWobka1ROISHjnVgIl2UoxuQNDc37EywoMzU4oGmFggEP1ky2bSU5fM0YV.jpg?quality=95&as=32x43,48x64,72x96,108x144,160x213,240x320,360x480,480x640,540x720,640x853,720x960,1080x1440,1280x1707,1440x1920,1920x2560&from=bu&cs=1920x0",Продано,False,,synagogue,True,False,,,,,,,,,,,,,,,
457257482,-7,-170690865,-170690865,1685893633,2023-06-04 17:47:13,58.007715,56.234399,58.00819896273859,56.23476395501453,57.95011791683787,"https://sun9-42.userapi.com/s/v1/ig2/pDIWwSvEPlss61cvJY-XMIPhnCkxEJVwrIQ4Fp2SvczO01WeDgTEx2dQP5yVl2uoy4pdcdMWQR1lQEIVVRpH5tON.jpg?quality=95&as=32x43,48x64,72x96,108x144,160x213,240x320,360x480,480x640,540x720,640x853,720x960,1080x1440,1280x1707,1398x1864&from=bu&cs=1398x0",,False,,synagogue,True,False,,,,,,,,,,,,,,,
456239063,-7,-75252175,-75252175,1478919536,2016-11-12 03:58:56,58.007821,56.235469,58.00819896273859,56.23476395501453,59.088672109815,"https://sun9-82.userapi.com/s/v1/ig1/NxQcFr5KcmYNqodmXh_rjmJ43q8ES62viqicgBRzyqeu3MEm1Q1tfcCu-rMBI3jYxUL3NXpx.jpg?quality=96&as=32x32,48x48,72x72,108x108,160x160,240x240,360x360,480x480,540x540,640x640,720x720,960x960&from=bu&cs=960x0",,False,,synagogue,True,False,,,,,,,,,,,,,,,
457253484,-7,-63010439,-63010439,1568370073,2019-09-13 12:21:13,58.007813,56.234161,58.00819896273859,56.23476395501453,55.709989763387846,"https://sun9-85.userapi.com/s/v1/ig1/SFdpXd1mFp6DBHqKgL9Ub4zkU_IHxxWxuiORHLJjTKJ-OHxLMKrXvHoOqCndyxROUEF3lWtw.jpg?quality=96&as=32x32,48x48,72x72,108x108,160x160,240x240,360x360,480x480,540x540,640x640,720x721,1080x1081,1279x1280&from=bu&cs=1279x0",,False,,synagogue,True,False,,,,,,,,,,,,,,,
404979168,-7,261660768,261660768,1457604183,2016-03-10 11:03:03,58.007779,56.236037,58.00819896273859,56.23476395501453,88.34684973046576,"https://sun9-20.userapi.com/s/v1/ig1/6k8YgD1-etxM5H-a-K-tzdE56JHglXD1wBFd8W1JnaK1clnQnMcSkfsV2_kYIRBS1A_vde1D.jpg?quality=96&as=32x40,48x60,72x90,108x135,160x200,240x300,360x451,480x601,540x676,640x801,720x901,767x960&from=bu&cs=767x0",,False,,synagogue,True,False,,,,,,,,,,,,,,,
456239685,-7,-145634070,-145634070,1544465318,2018-12-10 19:08:38,58.007224,56.255823,58.00763133477656,56.255145877976155,60.35539311097882,"https://sun9-44.userapi.com/s/v1/ig2/YhFoegGbw31gOdDEEOUEcMrwXPfBXaARqWQK7mwXgiCHXmYg6YBk3hKegcpK-kq3T9Ic9aXDo7nm-C4zHedus9yr.jpg?quality=96&as=32x43,48x64,72x96,108x144,160x213,240x320,360x480,480x640,540x720,640x853,720x960,1008x1344&from=bu&cs=1008x0",,False,,or avner habad community center,True,False,,,,,,,,,,,,,,,
456240002,-7,-224628741,-224628741,1714061660,2024-04-25 18:14:20,58.007695,56.2358,58.00819896273859,56.23476395501453,82.8583389920959,"https://sun9-1.userapi.com/s/v1/ig2/HJmE3OfpxVHQrjQAISDYK9M4QgHTpus4L13kZDJJMXq-XztloqHFMOxGYGSP3qyLhNSInwVVC5eF_T0tEyIlyJlC.jpg?quality=95&as=32x43,48x64,72x96,108x144,160x213,240x320,360x480,480x640,540x720,640x853,720x960,1080x1440,1280x1707,1440x1920,1920x2560&from=bu&cs=1920x0",,False,,synagogue,True,False,,,,,,,,,,,,,,,
366666414,-7,-67125411,-67125411,1432693134,2015-05-27 04:18:54,58.008,56.255187,58.00763133477656,56.255145877976155,41.0652217128847,"https://sun9-28.userapi.com/s/v1/ig1/6Aw0Qxj5aFxoiS9pxv1ypENUYD_p6xcaWua2D-wFjkY97uQgw12HIPyQZEqNr6OOwzKPmnDF.jpg?quality=96&as=32x43,48x64,72x96,108x145,160x214,240x321,360x482,480x643,540x723,640x857,720x964,968x1296&from=bu&cs=968x0",,False,,or avner habad community center,True,False,,,,,,,,,,,,,,,
381847133,-7,312858152,312858152,1443107710,2015-09-24 17:15:10,58.008387,56.234582,58.00819896273859,56.23476395501453,23.496307436294863,"https://sun9-36.userapi.com/s/v1/ig1/oLzaqqBrqwQWuTUCh0pKcWa2UOk-6B5PQ9ZVYmONSfjJ3V8dqMkevNxR2BlIO5paSolV0BSe.jpg?quality=96&as=32x32,48x48,72x72,108x108,160x160,240x240,360x360,480x480,540x540,640x640,720x720,960x960&from=bu&cs=960x0",,False,53.0,synagogue,True,False,,,,,,,,,,,,,,,
457254516,-7,-170690865,-170690865,1668501818,2022-11-15 09:43:38,58.007722,56.234505,58.00819896273859,56.23476395501453,55.186284082187015,"https://sun9-70.userapi.com/s/v1/ig2/r7cSKKoyNFon93gUjO5J3gCVKrrZUeyZWI3uBWCYO2ofRGgCk0tpV4MqcefYWHztlGiZhZn_bcotFvMxPNRkWYsl.jpg?quality=95&as=32x43,48x64,72x96,108x144,160x213,240x320,360x480,480x640,540x720,640x853,720x960,1080x1440,1280x1707,1344x1792&from=bu&cs=1344x0",,False,,synagogue,True,False,,,,,,,,,,,,,,,
457242482,-7,-76634753,-76634753,1652375692,2022-05-12 19:14:52,58.007608,56.255281,58.00763133477656,56.255145877976155,8.372489562880308,"https://sun9-88.userapi.com/s/v1/ig2/iR1Vv9KZQG0Q8cq0LWf5iFpmaDdg0YdAGO3dK5lH6khAC2aShko2tQjR4m7BdpbImxgTUIur6ZaPAIpr_Qpdv8Nk.jpg?quality=95&as=32x43,48x64,72x96,108x144,160x213,240x320,360x480,480x640,540x721,640x854,720x961,1080x1441,1280x1708,1388x1852&from=bu&cs=1388x0",,False,,or avner habad community center,True,True,,,,,,,,,,,,,,,
457254285,-7,-170690865,-170690865,1667036657,2022-10-29 11:44:17,58.007715,56.234399,58.00819896273859,56.23476395501453,57.95011791683787,"https://sun9-13.userapi.com/s/v1/ig2/lJk00dUHt3jLrt4w_Y3CDwMvNVBpXg2s_q-aISCLNDNyBQ-NjVsWSXpo9PneUpZj6YoTPL4n991N5aj9yV0_cK43.jpg?quality=95&as=32x43,48x64,72x96,108x144,160x213,240x320,360x480,480x640,540x720,640x853,720x960,1080x1440,1280x1707,1344x1792&from=bu&cs=1344x0",,False,,synagogue,True,False,,,,,,,,,,,,,,,
457239064,288971012,653752476,653752476,1678823936,2023-03-14 20:58:56,58.007314,56.255479,58.00763133477656,56.255145877976155,40.376225178662175,"https://sun9-85.userapi.com/s/v1/ig2/p-MFHWAEcUIBTbhhSe_XjLMbStuWeJ91rKuD0r_byZ50wsWPZ5iKMwFLrkV5z0cf4EDBUTynmCLU1lIC3UIjJoOn.jpg?quality=95&as=32x47,48x70,72x105,108x158,160x234,240x352,360x528,480x703,540x791,640x938,720x1055,1080x1583,1280x1876,1440x2110,1747x2560&from=bu&cs=1747x0",,False,,or avner habad community center,True,False,,,,,,,,,,,,,,,
457242245,283400014,-76634753,526128670,1631208399,2021-09-09 19:26:39,58.007517,56.255453,58.00763133477656,56.255145877976155,22.11318975906925,"https://sun9-14.userapi.com/s/v1/ig2/-ZW91J8l7BzLBorkK__7Wc9zqahvRdMxRVO51uAs60i5KMfM_2ViVbH2ln634VjQCb-jADH_QgXAcFe7aGZGE-wI.jpg?quality=96&as=32x43,48x64,72x96,108x144,160x214,240x320,360x481,480x641,540x721,640x855,720x961,1080x1442,1280x1709,1342x1792&from=bu&cs=1342x0",,False,,or avner habad community center,True,False,,,,,,,,,,,,,,,
457255474,-7,-170690865,-170690865,1674395758,2023-01-22 14:55:58,58.00782,56.23461,58.00819896273859,56.23476395501453,43.10373252508328,"https://sun9-27.userapi.com/s/v1/ig2/vdG2d-qgXpmyUfpWxrkL1zksmJEcnod9Zl_hne0DaWKowZVrP8L4JX958O2Lsw62oIdLDv_jGmELK-zPwm9tKH_J.jpg?quality=95&as=32x43,48x64,72x96,108x144,160x213,240x320,360x480,480x640,540x720,640x853,720x960,1080x1440,1280x1707,1344x1792&from=bu&cs=1344x0",,False,,synagogue,True,False,,,,,,,,,,,,,,,
457321335,301537621,-43730800,-43730800,1754126422,2025-08-02 11:20:22,58.007716,56.236117,58.00819896273859,56.23476395501453,96.11256814457457,"https://sun9-7.userapi.com/s/v1/ig2/Tx4ZfE3qbZutwoHMz05FXZeDwicL6w_A_qnS9iSFq4AeZFKI8BxxvPGx3DNVT2en85Kna1OHDBzFgleP0yjw9nQU.jpg?quality=95&as=32x39,48x58,72x87,108x131,160x194,240x291,360x436,480x581,540x654,640x775,720x872,1080x1308,1280x1550,1440x1744,2114x2560&from=bu&cs=2114x0",Продано,False,,synagogue,True,False,,,,,,,,,,,,,,,
457254061,-7,-170690865,-170690865,1665828750,2022-10-15 12:12:30,58.007813,56.234504,58.00819896273859,56.23476395501453,45.567571879464026,"https://sun9-36.userapi.com/s/v1/ig2/yAGKeJhXasv_VdPgpd8LDvh8509xDteIBDMbA440NBW9jivRVyONcwOJr5StM0LCOI0yyhPJnVaN32mCBCEiFdA7.jpg?quality=95&as=32x43,48x64,72x96,108x144,160x213,240x320,360x480,480x640,540x720,640x853,720x960,1080x1440,1280x1707,1344x1792&from=bu&cs=1344x0",,False,,synagogue,True,False,,,,,,,,,,,,,,,
457255255,-7,-170690865,-170690865,1673350378,2023-01-10 12:32:58,58.007813,56.234504,58.00819896273859,56.23476395501453,45.567571879464026,"https://sun9-50.userapi.com/s/v1/ig2/2gv9NfulOu9rzLkfi9bgQglwdd3CllhdCQpUtiW9AROHu2cHroR1i_qMY9ar_M7ikCGbdBdvFiOceRzAi5XVG-8-.jpg?quality=95&as=32x43,48x64,72x96,108x144,160x213,240x320,360x480,480x640,540x720,640x853,720x960,1080x1440,1280x1707,1344x1792&from=bu&cs=1344x0",,False,,synagogue,True,False,,,,,,,,,,,,,,,
402648271,-7,261660768,261660768,1456252795,2016-02-23 19:39:55,58.007863,56.235932,58.00819896273859,56.23476395501453,78.29752556578492,"https://sun9-27.userapi.com/s/v1/ig1/iUOtij5cbhUTH2txqsG7WzDxNfrpdaF3qO38vJCnnGpQbktxxTon5JxWzN4-yxxZ2zr7KpFM.jpg?quality=96&as=32x40,48x60,72x90,108x135,160x200,240x300,360x451,480x601,540x676,640x801,720x901,767x960&from=bu&cs=767x0",,False,,synagogue,True,False,,,,,,,,,,,,,,,
347362283,-7,279110180,279110180,1416858154,2014-11-24 20:42:34,58.007996,56.235535,58.00819896273859,56.23476395501453,50.7206671448086,"https://sun9-76.userapi.com/s/v1/ig1/loZxy4XQ-dMUgeYz3TjfMLd5INjG1Cd10W4WCS20NAp3aOgJybuvbf-ziyDLFfGPacnFDg.jpg?quality=96&as=32x43,48x64,72x96,108x144,160x213,240x320,360x480,480x640,540x720,640x853,720x960,960x1280&from=bu&cs=960x0","Сапожки зимние для девочки ""Котофей"" - натуральные кожа и мех"", размеры: 23, 24, 25, 26. Цена 2250 руб.",False,,synagogue,True,False,,,,,,,,,,,,,,,
457256809,-7,-170690865,-170690865,1682090448,2023-04-21 17:20:48,58.007722,56.234505,58.00819896273859,56.23476395501453,55.186284082187015,"https://sun9-15.userapi.com/s/v1/ig2/sGyiwDeZCN4FCH-nJE7n9dKg1nr6w8GIrK1u1JJg38GHA5SXOF5ys6yhzlHaynQ3G0Rn5RheCjeETScvAyoTeg24.jpg?quality=95&as=32x43,48x64,72x96,108x144,160x214,240x320,360x481,480x641,540x721,640x855,720x961,1080x1442,1280x1709,1342x1792&from=bu&cs=1342x0",,False,,synagogue,True,False,,,,,,,,,,,,,,,
456240248,-7,390216747,390216747,1560517060,2019-06-14 14:57:40,58.00798,56.255386,58.00763133477656,56.255145877976155,41.26990995538668,"https://sun9-65.userapi.com/s/v1/if1/JLtMSEcBGcAYMq_HsAZ_N6lboQ7dbOb81TUiqn0vMjRFfDHZ_QS3jBABPYsNMA_H5WLjSf5V.jpg?quality=96&as=32x24,48x36,72x54,108x81,160x120,240x180,360x270,480x360,540x405,640x480,720x540,1080x810,1280x960,1440x1080,2560x1920&from=bu&cs=2560x0",,False,,or avner habad community center,True,False,,,,,,,,,,,,,,,
457253512,-7,-170690865,-170690865,1662901507,2022-09-11 15:05:07,58.007806,56.234399,58.00819896273859,56.23476395501453,48.698462152861765,"https://sun9-7.userapi.com/s/v1/ig2/0tXqB40MZY2XZf8WHWDAdOXU4YxYX8xX81zjFBnLF62QK3S7Pcg2jCm5PmFM1zcXZ4DtfCmae3a1X-E3t0lojQbS.jpg?quality=95&as=32x43,48x64,72x96,108x144,160x213,240x320,360x480,480x640,540x720,640x853,720x960,1080x1440,1280x1707,1344x1792&from=bu&cs=1344x0",,False,,synagogue,True,False,,,,,,,,,,,,,,,
404180567,-7,261660768,261660768,1457187276,2016-03-05 15:14:36,58.007863,56.235932,58.00819896273859,56.23476395501453,78.29752556578492,"https://sun9-5.userapi.com/s/v1/ig1/HDK02IUvMbdngBB3z0hwo4Il62FsAmWc2HExOo577O4h6S3emgEsXglrMQrfYpUP4SyvCkqt.jpg?quality=96&as=32x32,48x48,72x72,108x108,160x160,240x240,360x360,480x480,540x540,640x640,720x720,960x960&from=bu&cs=960x0",,False,5423.0,synagogue,True,False,,,,,,,,,,,,,,,
457245773,-7,-194619161,-194619161,1731323951,2024-11-11 12:19:11,58.008212,56.234688,58.00819896273859,56.23476395501453,4.703548266871273,"https://sun9-33.userapi.com/s/v1/ig2/zm-bbx2-yQuVkRbHTjTfD4W3q_CukliGAOAsgi5pACCH3z8DrtxaF43fL_WNu2X9G73cg5yrKOoH9q2Zbp3yjHwB.jpg?quality=95&as=32x43,48x64,72x96,108x144,160x213,240x320,360x480,480x640,540x720,640x853,720x960,1080x1440,1280x1707,1440x1920,1920x2560&from=bu&cs=1920x0",,False,,synagogue,True,True,,,,,,,,,,,,,,,
457239455,-7,-142555021,-142555021,1681309856,2023-04-12 16:30:56,58.007799,56.234293,58.00819896273859,56.23476395501453,52.41830941546784,"https://sun9-29.userapi.com/s/v1/ig2/oN-TTjxlMxiWmkiFOapZlqUXqvQh0HUUQdnkTrA6B7hivMppZiWI2hifd0Zb8WPlOgaIscH8dvUr8TbeJ2jLQkCJ.jpg?quality=95&as=32x32,48x48,72x72,108x108,160x160,240x240,360x360,480x480,540x540,640x640,720x720,1080x1080,1280x1280,1440x1440,2560x2560&from=bu&cs=2560x0",,False,,synagogue,True,False,,,,,,,,,,,,,,,
361337503,214171009,-91891710,-91891710,1429553517,2015-04-20 20:11:57,58.007695,56.235628,58.00819896273859,56.23476395501453,75.70521465193478,"https://sun9-71.userapi.com/s/v1/if1/IerrhhUGqAfEWjFCtXwUZGhyGoDu2ZQ0lhY0fCyA670o9ghU36hu-HL1w2rg89zGR6CtSA.jpg?quality=96&as=32x22,48x34,72x51,108x76,160x112,240x168,360x253,480x337,540x379,640x449,720x505,960x674&from=bu&cs=960x0","Кроссовки Strobbs, размеры: 31, 32, 33, 34, 35. Цена 1650 руб.",False,,synagogue,True,False,,,,,,,,,,,,,,,
456241030,-7,261660768,261660768,1497013859,2017-06-09 15:10:59,58.00789,56.23498,58.00819896273859,56.23476395501453,36.63686713265575,"https://sun9-79.userapi.com/s/v1/ig1/d5uITZ_g_LB3_1ak94-U-zQ8LWEr98DAti1ZZXi7LBdnpV3RZxHbYcnBIBTGQYKQ5Gbg4Z9c.jpg?quality=96&as=32x40,48x60,72x90,108x135,160x200,240x300,360x450,480x600,540x675,640x800,720x900,768x960&from=bu&cs=768x0",,False,,synagogue,True,False,,,,,,,,,,,,,,,
456239154,-7,-166810589,-166810589,1541078966,2018-11-01 14:29:26,58.008064,56.25528,58.00763133477656,56.255145877976155,48.75469249669591,"https://sun9-71.userapi.com/s/v1/ig2/mrr9tfszpazhQ-JO3AAel47iE6nT69V9vhcKpncyt_SSOgUYOluvhWlkvad0loC606-joKpzfWgR6BmcXMA_wi8X.jpg?quality=96&as=32x43,48x64,72x96,108x144,160x213,240x320,360x480,480x640,540x720,640x853,720x960,1080x1440,1280x1707,1440x1920,1620x2160&from=bu&cs=1620x0",,False,,or avner habad community center,True,False,,,,,,,,,,,,,,,
457255266,-7,-170690865,-170690865,1673350629,2023-01-10 12:37:09,58.007813,56.234504,58.00819896273859,56.23476395501453,45.567571879464026,"https://sun9-64.userapi.com/s/v1/ig2/vSb0bJ9WX-wnZY8ndptnFG7gFYre7yw1ez7O8nwp_7D5fhiM_t2D8L25wE5UBWiCCyGDSlPOpD4-FPod0HTCL6L0.jpg?quality=95&as=32x43,48x64,72x96,108x144,160x213,240x320,360x480,480x640,540x720,640x853,720x960,1080x1440,1280x1707,1344x1792&from=bu&cs=1344x0",,False,,synagogue,True,False,,,,,,,,,,,,,,,
456243468,-7,261660768,261660768,1524483813,2018-04-23 13:43:33,58.007758,56.23572,58.00819896273859,56.23476395501453,74.67501549760101,"https://sun9-38.userapi.com/s/v1/ig1/tBhtvItgH6EOdTTRDc1oSA1BasNEfmFI0lvafSka0d6HkKoi40Y9G_pxdIhEqiTRud09OhQQ.jpg?quality=96&as=32x40,48x60,72x90,108x135,160x200,240x300,360x450,480x600,540x675,640x800,720x900,768x960&from=bu&cs=768x0",,False,,synagogue,True,False,,,,,,,,,,,,,,,
457256311,-7,261660768,261660768,1664622025,2022-10-01 13:00:25,58.007813,56.234504,58.00819896273859,56.23476395501453,45.567571879464026,"https://sun9-59.userapi.com/s/v1/ig2/pXtuaqYltqaoWnbLApWL_LB8dW97OC4PTuFyBBAjey3weGxQIQul3TO_9pDCfFbJU67MzX0JLmddk0V2lKp9cPnY.jpg?quality=95&as=32x43,48x64,72x96,108x144,160x214,240x320,360x481,480x641,540x721,640x855,720x961,1080x1442,1280x1709,1438x1920&from=bu&cs=1438x0",,False,,synagogue,True,False,,,,,,,,,,,,,,,
456239606,-7,336823079,336823079,1530958995,2018-07-07 12:23:15,58.008038,56.23531,58.00819896273859,56.23476395501453,36.81208807069945,"https://sun9-57.userapi.com/s/v1/if2/latGau7Vi2y52790eyeUN_VBBy2AfysxrREaEaz6YQLqi7ZP-76jaDM3kF_tt_xp2GBVq72_53ZUyrb4z6aTolsw.jpg?quality=96&as=32x24,48x36,72x54,108x81,160x120,240x180,360x270,480x360,540x405,640x480,720x540,960x720&from=bu&cs=960x0",,False,882.0,synagogue,True,False,,,,,,,,,,,,,,,
456239233,-7,-224628741,-224628741,1711002589,2024-03-21 07:29:49,58.007702,56.235906,58.00819896273859,56.23476395501453,87.06401057124822,"https://sun9-21.userapi.com/s/v1/ig2/ALJ-mp4NvpsEwqdnJxTGCLAxuWxo3U2DfMg6ZOZITOOnpm_JAAat2S1YGk4DOX8sec1qWtM6o9dImTc3IviI7pLP.jpg?quality=95&as=32x47,48x70,72x105,108x158,160x234,240x351,360x527,480x703,540x791,640x937,720x1054,1080x1582,1280x1875,1440x2109,1748x2560&from=bu&cs=1748x0",,False,,synagogue,True,False,,,,,,,,,,,,,,,
457247686,-7,399236598,399236598,1669909332,2022-12-01 16:42:12,58.008107,56.234993,58.00819896273859,56.23476395501453,16.930285459496016,"https://sun9-82.userapi.com/s/v1/ig2/k5PHNCC0VPIs4StGfdwA1SZqjkxGI1HM6mUxQiVvXHySK_NXgiVl6yJXja9v29TS3ncADI09rQOB0T-s-wWPFDTd.jpg?quality=95&as=32x71,48x107,72x160,108x240,160x356,240x533,360x800,480x1067,540x1200,640x1422,720x1600&from=bu&cs=720x0",,False,,synagogue,True,False,,,,,,,,,,,,,,,
457239792,-7,-194619161,-194619161,1647935039,2022-03-22 08:43:59,58.007842,56.235443,58.00819896273859,56.23476395501453,56.3538374152652,"https://sun9-41.userapi.com/s/v1/ig2/z0nEVKfgRyGrbXoPRI69HWq57WUnlbSMeh8fpzDbJG0U0lxplsS9s1QpAH37hZMTBpJdXUNPj6rjAuuNPJkQU8BF.jpg?quality=96&as=32x43,48x64,72x96,108x144,160x213,240x320,360x480,480x640,540x721,640x854,720x961,1080x1441,1280x1708,1388x1852&from=bu&cs=1388x0",,False,,synagogue,True,False,,,,,,,,,,,,,,,
457247911,-7,-170690865,-170690865,1651658557,2022-05-04 12:02:37,58.00782,56.234438,58.00819896273859,56.23476395501453,46.30771521577833,"https://sun9-73.userapi.com/s/v1/ig2/I6jg1LlQFBBTqHOEYXOYgBDEGeKryaR4qKQ7cp5T0D8NzzuCqAk7xBJY7Gznw7fI7PwmRegQHDnCfNT_ebrPrnh-.jpg?quality=96&as=32x43,48x64,72x96,108x144,160x214,240x320,360x481,480x641,540x721,640x855,720x961,1080x1442,1280x1709,1342x1792&from=bu&cs=1342x0",,False,,synagogue,True,False,,,,,,,,,,,,,,,
457254301,-7,-170690865,-170690865,1667291220,2022-11-01 09:27:00,58.007694,56.234597,58.00819896273859,56.23476395501453,57.00421853451046,"https://sun9-49.userapi.com/s/v1/ig2/ciyHqu5Y0wISuteR1JeGGol4DviPBQVzLEGNA7EB_kHsH3gNsVjvncjYrci00w1IvJK6HikAyKoFFLqBlrFz8dUi.jpg?quality=95&as=32x43,48x64,72x96,108x144,160x213,240x320,360x480,480x640,540x720,640x853,720x960,1080x1440,1280x1707,1344x1792&from=bu&cs=1344x0",,False,,synagogue,True,False,,,,,,,,,,,,,,,
457254404,-7,-170690865,-170690865,1667982349,2022-11-09 09:25:49,58.00782,56.23461,58.00819896273859,56.23476395501453,43.10373252508328,"https://sun9-29.userapi.com/s/v1/ig2/L6H4frMknwKJiU9PE6qEIjFCnLjPf_8Zlb1wFyGJdbh2TZsUUxqb3_JkAJs6ECH6vPxUwL7niFXkuT57gADKQxmQ.jpg?quality=95&as=32x43,48x64,72x96,108x144,160x213,240x320,360x480,480x640,540x720,640x853,720x960,1080x1440,1280x1707,1344x1792&from=bu&cs=1344x0",,False,,synagogue,True,False,,,,,,,,,,,,,,,
457254598,-7,-170690865,-170690865,1668853038,2022-11-19 11:17:18,58.007813,56.234504,58.00819896273859,56.23476395501453,45.567571879464026,"https://sun9-20.userapi.com/s/v1/ig2/6WOiGGZWNKMhwQLNOWuQ_bVJayrqfOA8uDfYrO8ay1ojZMOB9djc1TFsiuXwebjG8oVOl47CB4NhN4LneRcD90Gn.jpg?quality=95&as=32x43,48x64,72x96,108x144,160x213,240x320,360x480,480x640,540x720,640x853,720x960,1080x1440,1280x1707,1344x1792&from=bu&cs=1344x0",,False,,synagogue,True,False,,,,,,,,,,,,,,,
457239266,-7,-214801568,-214801568,1666500671,2022-10-23 06:51:11,58.008303,56.234516,58.00819896273859,56.23476395501453,18.63327725472843,"https://sun9-60.userapi.com/s/v1/ig2/LWKJbk0XBZoJUz0ooe68JJncWEcvxWhEvFi_iIGKMSzrj7mpTvFavIM52mHsaKYrXbbcnULYs1uazM1mCRdV_s1Q.jpg?quality=95&as=32x43,48x64,72x96,108x144,160x214,240x321,360x481,480x642,540x722,640x855,720x962,1080x1444,1197x1600&from=bu&cs=1197x0",,False,,synagogue,True,True,,,,,,,,,,,,,,,
457257876,-7,-170690865,-170690865,1688399831,2023-07-03 17:57:11,58.007715,56.234399,58.00819896273859,56.23476395501453,57.95011791683787,"https://sun9-14.userapi.com/s/v1/ig2/zzyR73hn4A0vPlBBZtsHlhnS4cA3xfVpEx6yjlYeebs9zb2hUVnc6_wphwsDpFAOUzWAomDFI3eS27frTMUvgEoo.jpg?quality=95&as=32x43,48x64,72x96,108x144,160x213,240x320,360x480,480x640,540x720,640x853,720x960,1080x1440,1280x1707,1398x1864&from=bu&cs=1398x0",,False,,synagogue,True,False,,,,,,,,,,,,,,,
457254561,-7,-170690865,-170690865,1668684117,2022-11-17 12:21:57,58.007806,56.234399,58.00819896273859,56.23476395501453,48.698462152861765,"https://sun9-9.userapi.com/s/v1/ig2/elQAaqe44009o0s1ULxnBf7Goos-J9BqmpvwwMNdHm01V_-KYItboJOLLs_8fJCnNqxLJvwo_HtCVBwY2THJ_51q.jpg?quality=95&as=32x43,48x64,72x96,108x144,160x213,240x320,360x480,480x640,540x720,640x853,720x960,1080x1440,1280x1707,1344x1792&from=bu&cs=1344x0",,False,,synagogue,True,False,,,,,,,,,,,,,,,
409176034,-7,261660768,261660768,1460106510,2016-04-08 11:08:30,58.007926,56.236024,58.00819896273859,56.23476395501453,80.19618950962331,"https://sun9-2.userapi.com/s/v1/ig1/6jZYlZEPTYONf0LtC5bRBDhtoHiRZbf3hxDxrUs9y90wa2Rmb8NnW3FrPy2iXNE5UvFxrpey.jpg?quality=96&as=32x32,48x48,72x72,108x108,160x160,240x240,360x360,480x480,540x540,640x640,720x720,960x960&from=bu&cs=960x0",,False,,synagogue,True,False,,,,,,,,,,,,,,,
457239433,268003752,-166810589,466351709,1571940510,2019-10-24 20:08:30,58.008078,56.255319,58.00763133477656,56.255145877976155,50.703238639485654,"https://sun9-44.userapi.com/s/v1/ig1/D4rw8jGuN9rJFTNQKx46vkq0raoHARQnSP85RWYAfE8YiqIGlMwQzqAiXKa50ZCVvXcMfozl.jpg?quality=96&as=32x43,48x64,72x96,108x144,160x213,240x320,360x480,480x640,540x720,640x853,720x960,1080x1440,1280x1707,1440x1920,1620x2160&from=bu&cs=1620x0",,False,,or avner habad community center,True,False,,,,,,,,,,,,,,,
457257374,-7,-170690865,-170690865,1685185458,2023-05-27 13:04:18,58.007897,56.234398,58.00819896273859,56.23476395501453,39.902113118787824,"https://sun9-9.userapi.com/s/v1/ig2/C6yfKcS6WwYuRYFW09NwlVPPhiaNtBWroQ_OMjxLT1wsSCWEG9_XwYf-XjVTqnS0RM705bg8zNxpZuRf3KmUKruP.jpg?quality=95&as=32x43,48x64,72x96,108x144,160x213,240x320,360x480,480x640,540x720,640x853,720x960,1080x1440,1280x1707,1398x1864&from=bu&cs=1398x0",,False,,synagogue,True,False,,,,,,,,,,,,,,,
430592867,-7,225018948,225018948,1474293241,2016-09-19 15:54:01,58.008017,56.235336,58.00819896273859,56.23476395501453,39.307250842971015,"https://sun9-87.userapi.com/s/v1/ig1/_v728DB_kueRxsiw5uXioIZ8dAKvuTDSXxLQ4GN9XnH069145sgvbKSQCIlZ3-nDu_eZIg.jpg?quality=96&as=32x43,48x64,72x96,108x144,160x213,240x320,360x480,480x640,540x720,640x853,720x960&from=bu&cs=720x0",,False,325.0,synagogue,True,False,,,,,,,,,,,,,,,
457255890,-7,-170690865,-170690865,1677236494,2023-02-24 12:01:34,58.007904,56.234332,58.00819896273859,56.23476395501453,41.51239618653149,"https://sun9-70.userapi.com/s/v1/ig2/TBJJVO8QSIlDt7nwdJFmC-PI91JbIVVKVGVEUE8W3a1SZ11qxZkxZy7ZB2q66Cf5PE7t6_nvS4x05CY32Hjl64kZ.jpg?quality=95&as=32x43,48x64,72x96,108x144,160x214,240x320,360x481,480x641,540x721,640x855,720x961,1080x1442,1280x1709,1342x1792&from=bu&cs=1342x0",,False,,synagogue,True,False,,,,,,,,,,,,,,,
457239122,-7,-225765287,-225765287,1718973091,2024-06-21 14:31:31,58.008002,56.235125,58.00819896273859,56.23476395501453,30.529618692970583,"https://sun9-3.userapi.com/s/v1/ig2/OnzqFE8JxKt5j-haIghLrpBZG3VFM9roUrO0N81dAMJobqIaxjFwmvEp6kz2a1bQC1vYZjw2_tBvyLFYptAQTykK.jpg?quality=95&as=32x43,48x64,72x96,108x144,160x213,240x320,360x480,480x640,540x720,640x853,720x960,1080x1440,1280x1707,1440x1920,1920x2560&from=bu&cs=1920x0",,False,,synagogue,True,False,,,,,,,,,,,,,,,
457253842,-7,-170690865,-170690865,1664613800,2022-10-01 10:43:20,58.007813,56.234504,58.00819896273859,56.23476395501453,45.567571879464026,"https://sun9-10.userapi.com/s/v1/ig2/V6Phl9fgjF2qSf0dakJ4X_vhXBUDqnbyYUer-4xTaKbgPfJPcitqgw6rgpJ2w3p1ux3Q_qYNMGQdhFXu8-z0QgIv.jpg?quality=95&as=32x43,48x64,72x96,108x144,160x213,240x320,360x480,480x640,540x720,640x853,720x960,1080x1440,1280x1707,1344x1792&from=bu&cs=1344x0",,False,,synagogue,True,False,,,,,,,,,,,,,,,
457255661,-7,-170690865,-170690865,1675696034,2023-02-06 16:07:14,58.007806,56.234399,58.00819896273859,56.23476395501453,48.698462152861765,"https://sun9-31.userapi.com/s/v1/ig2/yDEVGG6JKd1LI6d12cnpXmnmkQJD0qFgtVPcJGUF3AsWPzjtGnc7JUmUxbCvvnrI2cEPTj4Qk2jlncnt86niHS2U.jpg?quality=95&as=32x43,48x64,72x96,108x144,160x213,240x320,360x480,480x640,540x720,640x853,720x960,1080x1440,1280x1707,1344x1792&from=bu&cs=1344x0",,False,,synagogue,True,False,,,,,,,,,,,,,,,
457254651,-7,-170690865,-170690865,1669196508,2022-11-23 10:41:48,58.007806,56.234399,58.00819896273859,56.23476395501453,48.698462152861765,"https://sun9-8.userapi.com/s/v1/ig2/RzezT6KE0CRZykIWGSi5WvvaZtVLym6Rhn-NPSAce3btQf1PW2QAHErJ7AgAVcFmiDVzxCZ6pdfr7gutvU7Ta5y1.jpg?quality=95&as=32x43,48x64,72x96,108x144,160x213,240x320,360x480,480x640,540x720,640x853,720x960,1080x1440,1280x1707,1344x1792&from=bu&cs=1344x0",,False,,synagogue,True,False,,,,,,,,,,,,,,,
457250958,-7,261660768,261660768,1601396555,2020-09-29 18:22:35,58.007975,56.236077,58.00819896273859,56.23476395501453,81.26281241494705,"https://sun9-6.userapi.com/s/v1/ig2/v-mrhecvTICfwJx_jXuNwxWY6qG4UHZOqPE2A0cOxhtI7ITVR6loAhg8siE5CGWmolkncqJy1YGLPdpe-DdiPKtK.jpg?quality=96&as=32x43,48x64,72x96,108x144,160x214,240x320,360x481,480x641,540x721,640x855,720x961,1080x1442,1280x1709,1342x1792&from=bu&cs=1342x0",,False,,synagogue,True,False,,,,,,,,,,,,,,,
403011859,-7,261660768,261660768,1456490466,2016-02-26 13:41:06,58.007905,56.235707,58.00819896273859,56.23476395501453,64.45849538358107,"https://sun9-10.userapi.com/s/v1/ig1/iHPfVE7OCPE-5FzSubItRIrOrIL0_Qr1oq6sT2RwtjKtAwumag0ILoGed8POGt008O2keXJS.jpg?quality=96&as=32x43,48x64,72x96,108x144,160x213,240x320,360x480,480x640,540x720,640x853,720x960&from=bu&cs=720x0",,False,5179.0,synagogue,True,False,,,,,,,,,,,,,,,
436676583,-7,238663528,238663528,1476973325,2016-10-20 16:22:05,58.007975,56.235389,58.00819896273859,56.23476395501453,44.45276071322154,"https://sun9-18.userapi.com/s/v1/ig1/Pt63qLKbAt65nemIyNMcusyi6s4R94Auvfu74fW1FMyYbQ-yZ5bOSXERLT0weHT6emQ63w.jpg?quality=96&as=32x32,48x48,72x72,108x108,160x160,240x240,360x360,480x480,540x540,640x640,720x720,960x960&from=bu&cs=960x0",,False,2180.0,synagogue,True,False,,,,,,,,,,,,,,,
369100611,214820518,-91891710,-91891710,1435513270,2015-06-28 19:41:10,58.007737,56.235919,58.00819896273859,56.23476395501453,85.25725333106152,"https://sun9-63.userapi.com/s/v1/ig1/j92eQLvR1abIfy-_5tSGcXiLcamthTvHfU9DlQauLh9nQwmhXlwwph5frjAE4aFa7QI8SA.jpg?quality=96&as=32x40,48x60,72x90,108x135,160x200,240x300,360x451,480x601,540x676,640x801,720x901,960x1202&from=bu&cs=960x0","Обувь для пляжа, размер: 42. Цена: 435 руб.",False,,synagogue,True,False,,,,,,,,,,,,,,,
457256377,-7,-170690865,-170690865,1679748213,2023-03-25 13:43:33,58.008205,56.234411,58.00819896273859,56.23476395501453,20.803708394636256,"https://sun9-66.userapi.com/s/v1/ig2/uOlOkzLqKLxdLgiBnIJahpuMBTfVsDNxAc_tZ0Ga47BKUXBwF5G2qfbp4FnqcNLbt4QLvKdaL03zNoWCf2cT_99t.jpg?quality=95&as=32x43,48x64,72x96,108x144,160x214,240x320,360x481,480x641,540x721,640x855,720x961,1080x1442,1280x1709,1342x1792&from=bu&cs=1342x0",,False,,synagogue,True,False,,,,,,,,,,,,,,,
457256663,-7,-170690865,-170690865,1681550806,2023-04-15 11:26:46,58.007722,56.234505,58.00819896273859,56.23476395501453,55.186284082187015,"https://sun9-87.userapi.com/s/v1/ig2/_Ig6F-Fkv5CB9JO4JLKAUeHmM_eP5G5DvAplXvdyHDFtHYWc5N-eswOPqRq4jcClJVZMMaQRTGP7fockyRhA2DxV.jpg?quality=95&as=32x43,48x64,72x96,108x144,160x214,240x320,360x481,480x641,540x721,640x855,720x961,1080x1442,1280x1709,1342x1792&from=bu&cs=1342x0",,False,,synagogue,True,False,,,,,,,,,,,,,,,
457239921,-7,336595653,336595653,1612772079,2021-02-08 09:14:39,58.008071,56.255557,58.00763133477656,56.255145877976155,54.55902535123132,"https://sun9-48.userapi.com/s/v1/ig2/vPbvHQnhoBrppxmcV4Q_2FrA1v49M-rtkvGSWvbpEZ3pUWRtPo8vgtPy-Bj5J02_c2ytRQSnx_sd2zhtorgm964X.jpg?quality=96&as=32x32,48x48,72x72,108x108,160x160,240x240,360x360,480x480,540x540,640x640,720x720,1080x1080,1280x1280,1440x1440,1920x1920&from=bu&cs=1920x0",,False,1528.0,or avner habad community center,True,False,,,,,,,,,,,,,,,
456239763,-7,-224628741,-224628741,1713331820,2024-04-17 07:30:20,58.007716,56.236117,58.00819896273859,56.23476395501453,96.11256814457457,"https://sun9-41.userapi.com/s/v1/ig2/q1cM-gJ4J0JsOH8Hpxlkie2fQlPLYfHMdlRzNKWmXzXzZDD6tyvu3P3zYaU_dBNpB8YqB5-brzy_Oo375cqu4HSq.jpg?quality=95&as=32x43,48x64,72x96,108x144,160x213,240x320,360x480,480x640,540x720,640x853,720x960,1080x1440,1280x1707,1440x1920,1920x2560&from=bu&cs=1920x0",,False,,synagogue,True,False,,,,,,,,,,,,,,,
457245461,-7,78739222,78739222,1589885995,2020-05-19 12:59:55,58.007667,56.235892,58.00819896273859,56.23476395501453,88.96694168762951,"https://sun9-84.userapi.com/s/v1/ig2/I322a4WAWoQZ2L_qAhTdN4KkrZaVMuLoKbhVVgBi7ansSuhET3SFaqoMqaK1i94EuR-w_qBNHBAKe-ZB11-3sqQ7.jpg?quality=96&as=32x43,48x65,72x97,108x146,160x216,240x323,360x485,480x647,540x728,640x862,720x970,1045x1408&from=bu&cs=1045x0",,False,,synagogue,True,False,,,,,,,,,,,,,,,
457256254,-7,-170690865,-170690865,1679138348,2023-03-18 12:19:08,58.008114,56.234411,58.00819896273859,56.23476395501453,22.83853256185169,"https://sun9-6.userapi.com/s/v1/ig2/kOrvQbmzEH1Wa6WWnUNe6vw2Y85VD_G9CSKvcWF-0RRXPK7IJ1Y9jVtqg-F7YZQlNCAfwOAhsWwCo7vKteS2rUSF.jpg?quality=95&as=32x43,48x64,72x96,108x144,160x214,240x320,360x481,480x641,540x721,640x855,720x961,1080x1442,1280x1709,1342x1792&from=bu&cs=1342x0",,False,,synagogue,True,False,,,,,,,,,,,,,,,
457253998,-7,-170690865,-170690865,1665566566,2022-10-12 11:22:46,58.007813,56.234676,58.00819896273859,56.23476395501453,43.22875901210856,"https://sun9-54.userapi.com/s/v1/ig2/aTPznxQZYnUHBTII-EDTODZ-EcvXHvz7xL8LubJI6Ss-_yb0D7Xdu7CXtM10VgevyPOAOxEhvaVC69KEUQPB0TZv.jpg?quality=95&as=32x43,48x64,72x96,108x144,160x213,240x320,360x480,480x640,540x720,640x853,720x960,1080x1440,1280x1707,1344x1792&from=bu&cs=1344x0",,False,,synagogue,True,False,,,,,,,,,,,,,,,
457239258,-7,-214801568,-214801568,1666341136,2022-10-21 10:32:16,58.008205,56.234926,58.00819896273859,56.23476395501453,9.56978033944169,"https://sun9-61.userapi.com/s/v1/ig2/XRF5Eq-kWpuEjAKEg37WlwOrzl1TPIm2IxNOLJ18LcW8quc1vYmvqYYe1oJyUbeEOlQTURxvPs9B7qN1DSpBE5lK.jpg?quality=95&as=32x72,48x108,72x162,108x243,160x361,240x541,360x811,480x1082,540x1217,640x1442,710x1600&from=bu&cs=710x0",,False,,synagogue,True,False,,,,,,,,,,,,,,,
457245891,-7,423472035,423472035,1584514371,2020-03-18 07:52:51,58.007862,56.235244,58.00819896273859,56.23476395501453,46.94304658997323,"https://sun9-65.userapi.com/s/v1/ig1/gQMW2dt7YESgLj-UXnLbJYo6Qbt_Ht3MRt_-R3KadBO6E7nbE6XAo_raBWjTIFKrbfFm1pCo.jpg?quality=96&as=32x43,48x64,72x96,108x144,160x213,240x320,360x479,480x639,540x719,640x852,720x959,1080x1438,1104x1470&from=bu&cs=1104x0","Victoria’s Secret😍😍💕💕💕💕как я кайфанула, пока делала этот макияж🌸прям конфетка такая🍬🍭какая фотка вам больше нравится?💖
·
Волосы: [id35863595|@anna_sviridovskaya] 
#викториясикрет #viktoriasecret 
_
#макияж #визажист #макияжпермь #пермь #пермьактивная #makeup #makeup_kovabeauty #визажистпермь #прически #прическипермь #кудрипермь #стилистпермь #свадебнаяприческапермь #свадебныйстилистпермь #причёскапермь #выпускной #макияжнавыпускной #смокиайс #свадебныймакияж #свадебныймакияжпермь",False,,synagogue,True,False,,,,,,,,,,,,,,,
369385156,-7,277750442,277750442,1432908081,2015-05-29 16:01:21,58.007981,56.235152,58.00819896273859,56.23476395501453,33.31645277407271,"https://sun9-69.userapi.com/s/v1/ig1/aynGJfmq7VRnfeCN14_CBI0QuABckwq5GMkly1SQNDKYrsacjhJeC1nt740IVyjN54vQSHC4.jpg?quality=96&as=32x35,48x52,72x78,108x117,160x173,240x259,360x389,480x519,540x584,640x692,720x778,888x960&from=bu&cs=888x0",Сын Данил.,False,,synagogue,True,False,,,,,,,,,,,,,,,
457254581,-7,-170690865,-170690865,1668684979,2022-11-17 12:36:19,58.007722,56.234505,58.00819896273859,56.23476395501453,55.186284082187015,"https://sun9-55.userapi.com/s/v1/ig2/BHlDB-hyuRb7rOkGbCp2OojS3kBKuTYDCmFbsAQgzniCABEg5CuBVyEVXTxfzEYrHzWDdyJSL8xPM3yfMVK4j_O6.jpg?quality=95&as=32x43,48x64,72x96,108x144,160x213,240x320,360x480,480x640,540x720,640x853,720x960,1080x1440,1280x1707,1344x1792&from=bu&cs=1344x0",,False,,synagogue,True,False,,,,,,,,,,,,,,,
457338385,-7,360619746,360619746,1602950325,2020-10-17 17:58:45,58.007623,56.233712,58.00819896273859,56.23476395501453,89.11894462380126,"https://sun9-67.userapi.com/s/v1/if2/5rgIxgzEl8sFgwlvCYcaGS89JjF_aTDkafoVM7yfn5ivelhWHFC56EsxRFXHRkwNOHfy9_0q_nfANxmhD-66PhzC.jpg?quality=96&as=32x24,48x36,72x54,108x81,160x119,240x179,360x269,480x358,540x403,640x478,720x538,1080x807,1280x956,1440x1075,2560x1912&from=bu&cs=2560x0",,False,347741.0,synagogue,True,False,,,,,,,,,,,,,,,
457255054,-7,-170690865,-170690865,1671774137,2022-12-23 06:42:17,58.007813,56.234504,58.00819896273859,56.23476395501453,45.567571879464026,"https://sun9-29.userapi.com/s/v1/ig2/zQr5xApx0sxvIfh3_yO804uXhL6_JGFxnp14FBe0enV8AvOOymHqD2i6Hf0ZZXN7MrbTyDO4JZHOS6Aafhypr9XH.jpg?quality=95&as=32x43,48x64,72x96,108x144,160x213,240x320,360x480,480x640,540x720,640x853,720x960,1080x1440,1280x1707,1344x1792&from=bu&cs=1344x0",,False,,synagogue,True,False,,,,,,,,,,,,,,,
400015520,-7,261660768,261660768,1454746254,2016-02-06 09:10:54,58.007807,56.235429,58.00819896273859,56.23476395501453,58.6050251154996,"https://sun9-71.userapi.com/s/v1/ig1/T7qzNYtLk2ND9Hdh5wTIRlrZHUhDKuCxm_jXpWCBQjWUtXC_EAJigtUPA4GFP1OMZO5ep-1t.jpg?quality=96&as=32x40,48x60,72x90,108x135,160x200,240x300,360x451,480x601,540x676,640x801,720x901,767x960&from=bu&cs=767x0",,False,,synagogue,True,False,,,,,,,,,,,,,,,
457254103,-7,-170690865,-170690865,1666089369,2022-10-18 12:36:09,58.007813,56.234504,58.00819896273859,56.23476395501453,45.567571879464026,"https://sun9-59.userapi.com/s/v1/ig2/MdSMGKXrVC0liN4QmIvB0H29283cP9SB353wFwBI3ueVRm4SuY-PbsQSsQ0eC_ZTdX3aRx0zl0D02y7FqT9YLzfm.jpg?quality=95&as=32x43,48x64,72x96,108x144,160x213,240x320,360x480,480x640,540x720,640x853,720x960,1080x1440,1280x1707,1344x1792&from=bu&cs=1344x0",,False,,synagogue,True,False,,,,,,,,,,,,,,,
457292008,246877651,76946578,76946578,1705113434,2024-01-13 03:37:14,58.007912,56.235297,58.00819896273859,56.23476395501453,44.76910842408243,"https://sun9-13.userapi.com/s/v1/ig2/zF-inDosw5fmnBB317fAMBI8maGGM7ZVtPMXyVGkbVOQaU-6FB7FDTJQwoazr2WFOm1BZap_GM_uBbvKYjgUiNqk.jpg?quality=95&as=32x43,48x64,72x96,108x144,160x213,240x320,360x480,480x640,540x720,640x853,720x960,1080x1440,1280x1707,1440x1920,1920x2560&from=bu&cs=1920x0",,False,,synagogue,True,False,,,,,,,,,,,,,,,
457253068,-7,-170690865,-170690865,1660989003,2022-08-20 11:50:03,58.007715,56.234399,58.00819896273859,56.23476395501453,57.95011791683787,"https://sun9-10.userapi.com/s/v1/ig2/tGvc0YlpBlVZTeF0rVy3H4hG3rR6s8hcrnn9GgGZYlMvn0UGYyDb-Q_FcJET3BLArJdilbT9yMlXP_by_1i38S-C.jpg?quality=95&as=32x43,48x64,72x96,108x144,160x213,240x320,360x480,480x640,540x720,640x853,720x960,1080x1440,1280x1707,1344x1792&from=bu&cs=1344x0",,False,,synagogue,True,False,,,,,,,,,,,,,,,
457242389,-7,-69074087,-69074087,1579262292,2020-01-17 12:58:12,58.007792,56.234531,58.00819896273859,56.23476395501453,47.2874140870424,"https://sun9-73.userapi.com/s/v1/if1/GaM_Hr7dxWW4tgMAPK1kh9AGbvWwqzIpojkRWPoEPKXBWW97n7cI3CvaPuViLUAiHsjCYqa3.jpg?quality=96&as=32x24,48x36,72x54,108x81,160x120,240x180,360x269,480x359,540x404,640x479,720x539,1080x808,1280x958&from=bu&cs=1280x0",,False,,synagogue,True,False,,,,,,,,,,,,,,,
457240344,-7,-194619161,-194619161,1652603955,2022-05-15 10:39:15,58.007757,56.234861,58.00819896273859,56.23476395501453,49.47543482571901,"https://sun9-39.userapi.com/s/v1/ig2/HQL7OWT87fMS7z4gCceC8IDRiM7g8Ft6z_bUCu6_xEwkeqE2Qzv2-eRKVVcW8in30pZB2SQrCzHOpGAXuY61TDTC.jpg?quality=96&as=32x43,48x64,72x96,108x144,160x213,240x320,360x480,480x640,540x721,640x854,720x961,1080x1441,1280x1708,1388x1852&from=bu&cs=1388x0",,False,,synagogue,True,False,,,,,,,,,,,,,,,
457247826,290499251,222751382,222751382,1673674758,2023-01-14 06:39:18,58.008303,56.234516,58.00819896273859,56.23476395501453,18.63327725472843,"https://sun9-49.userapi.com/s/v1/ig2/cVRjCD-8Y0Eu43A11qOfGqFY7fArlQXP8AJyssNCu2rMQfDcGeN9NzY-TwuobUl-JtIXJstGF07M-ADHwdG5QT_A.jpg?quality=95&as=32x43,48x64,72x96,108x144,160x213,240x319,360x479,480x639,540x719,640x852,720x958,1080x1438,1280x1704,1440x1917,1923x2560&from=bu&cs=1923x0",,False,,synagogue,True,True,,,,,,,,,,,,,,,
457314701,301537621,-43730800,-43730800,1734175121,2024-12-14 12:18:41,58.007695,56.2358,58.00819896273859,56.23476395501453,82.8583389920959,"https://sun9-59.userapi.com/s/v1/ig2/RITRKw1mCCeO9uKol_c7FNuZ242wPVdtWPlJNSYqxT4TT_Dver3WOZenJbaXilfFAe3NZBCuLGcN61slfc461Nd_.jpg?quality=95&as=32x43,48x64,72x96,108x144,160x213,240x320,360x480,480x640,540x720,640x853,720x960,1080x1440,1280x1707,1440x1920,1920x2560&from=bu&cs=1920x0",❌SOLD OUT❌,False,,synagogue,True,False,,,,,,,,,,,,,,,
457255324,-7,-170690865,-170690865,1673702564,2023-01-14 14:22:44,58.007897,56.234398,58.00819896273859,56.23476395501453,39.902113118787824,"https://sun9-17.userapi.com/s/v1/ig2/YXsH0dvgUgm9yM7fYzI5KmGuC3aYtLX_Y24AIf0pau7WSom7Sy37ObVO9fcal90CBXFc8jUr2YpKfAHKP3X3x5DE.jpg?quality=95&as=32x43,48x64,72x96,108x144,160x213,240x320,360x480,480x640,540x720,640x853,720x960,1080x1440,1280x1707,1344x1792&from=bu&cs=1344x0",,False,,synagogue,True,False,,,,,,,,,,,,,,,
457255433,-7,-170690865,-170690865,1674292094,2023-01-21 10:08:14,58.007995,56.234504,58.00819896273859,56.23476395501453,27.36586051718784,"https://sun9-81.userapi.com/s/v1/ig2/Y7iB-4z_gZ2aMvXGuTofez1Tnu43JZ1Q60Iqdv4Z2LGxl7WZvNJcF12h9yTOvMX77lDcnxwCZtPZRIGPxc2YRFl8.jpg?quality=95&as=32x43,48x64,72x96,108x144,160x213,240x320,360x480,480x640,540x720,640x853,720x960,1080x1440,1280x1707,1344x1792&from=bu&cs=1344x0",,False,,synagogue,True,False,,,,,,,,,,,,,,,
352263658,-7,150979124,150979124,1420991660,2015-01-11 16:54:20,58.008008,56.255293,58.00763133477656,56.255145877976155,42.770638607245566,"https://sun9-63.userapi.com/s/v1/if2/Z1IK0FlBANARq5XPAqN98CEgcbElDMcW_nurRpTRRctgT8zLmMR28AETZgcR4KA_0tMgIjUXCfYlfXNZoMSVCiLx.jpg?quality=96&as=32x24,48x36,72x54,108x81,160x120,240x180,360x270,480x360,540x405,640x480,720x540,1080x810,1280x960&from=bu&cs=1280x0",,False,,or avner habad community center,True,False,,,,,,,,,,,,,,,
457251898,-7,-170690865,-170690865,1655720563,2022-06-20 12:22:43,58.007806,56.234399,58.00819896273859,56.23476395501453,48.698462152861765,"https://sun9-86.userapi.com/s/v1/ig2/2i_2uJpvz9KFuSK6RzcafwyS4nEN4eraSPd8WBu7ITfDJDkeJ4W1xiEjqG77Ik2ggPhj1Cx3f1NI271qNI2VD_HZ.jpg?quality=95&as=32x43,48x64,72x96,108x144,160x213,240x320,360x480,480x640,540x720,640x853,720x960,1080x1440,1280x1707,1344x1792&from=bu&cs=1344x0",,False,,synagogue,True,False,,,,,,,,,,,,,,,
457239120,-7,-225765287,-225765287,1718973091,2024-06-21 14:31:31,58.007813,56.235192,58.00819896273859,56.23476395501453,49.777058200489776,"https://sun9-68.userapi.com/s/v1/ig2/M64ZOJIj2Tb9aLoPpeeFaVaQJMRYDR9AFzup0PAcZlTpc_Xk92M1rT8e7c3w9XwlFPWjGg0l84fsjUHsjXpaYnxv.jpg?quality=95&as=32x43,48x64,72x96,108x144,160x213,240x320,360x480,480x640,540x720,640x853,720x960,1080x1440,1280x1707,1440x1920,1920x2560&from=bu&cs=1920x0",,False,,synagogue,True,False,,,,,,,,,,,,,,,
457314567,301537621,-43730800,-43730800,1733826796,2024-12-10 11:33:16,58.007695,56.2358,58.00819896273859,56.23476395501453,82.8583389920959,"https://sun9-66.userapi.com/s/v1/if2/AvhiGK7kQde3TSruQCJ6vDeVGZZsAUlbKvoAhHZoBqqTErEPlgUO2h1agIa-PFh_71PRNrQsZQzqXmxwrSWjbnby.jpg?quality=95&as=32x24,48x36,72x54,108x81,160x120,240x180,360x270,480x360,540x405,640x480,720x540,1080x810,1280x960,1440x1080,2560x1920&from=bu&cs=2560x0",❌SOLD OUT❌,False,,synagogue,True,False,,,,,,,,,,,,,,,
457257108,-7,-170690865,-170690865,1683467923,2023-05-07 15:58:43,58.007904,56.234332,58.00819896273859,56.23476395501453,41.51239618653149,"https://sun9-44.userapi.com/s/v1/ig2/nMf8k4NoxwqnmqwD5cI_RmYJcGG01_KVYqFzKGOB4GH05V7gGlqrsVHP4tQebyXgZce9hDPM14RVibqeVnE2A8Ph.jpg?quality=95&as=32x43,48x64,72x96,108x144,160x213,240x320,360x480,480x640,540x720,640x853,720x960,1080x1440,1280x1707,1398x1864&from=bu&cs=1398x0",,False,,synagogue,True,False,,,,,,,,,,,,,,,
456240009,-7,-224628741,-224628741,1714122637,2024-04-26 11:10:37,58.007695,56.2358,58.00819896273859,56.23476395501453,82.8583389920959,"https://sun9-46.userapi.com/s/v1/ig2/qIQY8HOFXTMAN_BKi-0mXEVY-MwGCSxtjqYUD_XtQMe9OLwmyj7U3raX-qnOyx-dWeVd6TUrJJjhhF2TEd76B79d.jpg?quality=95&as=32x43,48x64,72x96,108x144,160x213,240x320,360x480,480x640,540x720,640x853,720x960,1080x1440,1280x1707,1440x1920,1920x2560&from=bu&cs=1920x0",,False,,synagogue,True,False,,,,,,,,,,,,,,,
457252872,-7,-170690865,-170690865,1660037602,2022-08-09 11:33:22,58.007806,56.234399,58.00819896273859,56.23476395501453,48.698462152861765,"https://sun9-14.userapi.com/s/v1/ig2/oBYuakO2xPRfoCO2RHWklp6Y5wIqYeZfJPxvupp_BlFKarjaX0c-UE8Sgqb96dD9pP2NQsN3gLrv2anWVO4-r6Dd.jpg?quality=95&as=32x43,48x64,72x96,108x144,160x213,240x320,360x480,480x640,540x720,640x853,720x960,1080x1440,1280x1707,1344x1792&from=bu&cs=1344x0",,False,,synagogue,True,False,,,,,,,,,,,,,,,
457251828,-7,-170690865,-170690865,1655453102,2022-06-17 10:05:02,58.007806,56.234399,58.00819896273859,56.23476395501453,48.698462152861765,"https://sun9-36.userapi.com/s/v1/ig2/nA53xGErdTkQH3ox-yJiwF-VJUPnfQ7XO5R97yLvMC-AufwWyCArr7tZp9UwFQrmCik_WfjfKyb-CoIovbQfcTN8.jpg?quality=95&as=32x43,48x64,72x96,108x144,160x214,240x320,360x481,480x641,540x721,640x855,720x961,1080x1442,1280x1709,1342x1792&from=bu&cs=1342x0",,False,,synagogue,True,False,,,,,,,,,,,,,,,
456241559,-7,261660768,261660768,1503226936,2017-08-20 13:02:16,58.007702,56.235734,58.00819896273859,56.23476395501453,79.49445106343484,"https://sun9-27.userapi.com/s/v1/ig1/wuTxEaOgJQTZzlnJXmpbVXnipEhUdG5IhXDjBRholKQIvfFmS4UoRSKtUhBcfBCfto-qMPNx.jpg?quality=96&as=32x40,48x60,72x90,108x135,160x200,240x300,360x450,480x600,540x675,640x800,720x900,768x960&from=bu&cs=768x0",,False,,synagogue,True,False,,,,,,,,,,,,,,,
457242642,-7,-194619161,-194619161,1678088801,2023-03-06 08:46:41,58.007701,56.234703,58.00819896273859,56.23476395501453,55.48724836944938,"https://sun9-62.userapi.com/s/v1/ig2/g6BZIqNwvwaE10r9cXOIX1OnKoVz3mcKjzgdVyqnDOdtjyJG01luKMjnsmGRmcZMflKTM0GKvgsiASb53o1X9ZzQ.jpg?quality=95&as=32x43,48x64,72x96,108x144,160x213,240x320,360x480,480x640,540x720,640x853,720x960,1080x1440,1280x1707,1440x1920,1920x2560&from=bu&cs=1920x0",,False,,synagogue,True,False,,,,,,,,,,,,,,,
457256706,-7,-170690865,-170690865,1681656140,2023-04-16 16:42:20,58.007715,56.234399,58.00819896273859,56.23476395501453,57.95011791683787,"https://sun9-53.userapi.com/s/v1/ig2/D-nOu562aaJj6ONSj-mn7OWL2cm_DsMh7XKMfTC84GujJzwmzKF-T5N3R8WaBV_PGdjgE1XafwKxklfUcP9GWCdy.jpg?quality=95&as=32x43,48x64,72x96,108x144,160x214,240x320,360x481,480x641,540x721,640x855,720x961,1080x1442,1280x1709,1342x1792&from=bu&cs=1342x0",,False,,synagogue,True,False,,,,,,,,,,,,,,,
457321132,290204260,-43730800,-43730800,1752825683,2025-07-18 10:01:23,58.007709,56.236011,58.00819896273859,56.23476395501453,91.462131381659,"https://sun9-33.userapi.com/s/v1/ig2/CND7z2r3sA_Gas5YP1VuCBFtyILTZtXdfrDf9rwbtm6z2x4OYMCuLB2VZgef6SCAZjKTOED7saL-sa9b6kFDeMrk.jpg?quality=95&as=32x70,48x104,72x157,108x235,160x348,240x522,360x783,480x1044,540x1175,640x1392,720x1566,1080x2349,1177x2560&from=bu&cs=1177x0","SALE 1000₽ (оплата наличными)

Размер 44",False,,synagogue,True,False,,,,,,,,,,,,,,,
456239833,-7,-224628741,-224628741,1713706463,2024-04-21 15:34:23,58.007716,56.235602,58.00819896273859,56.23476395501453,72.9481739764952,"https://sun9-39.userapi.com/s/v1/ig2/Xm0AbWnzGWBHiYtTxe1xgPTIBtQUTsvrb5mG064l-_KZhOdvqTpB4p2eMlF7WBlp2g_5zW42FG7sBreXuemti9i1.jpg?quality=95&as=32x43,48x64,72x96,108x144,160x213,240x320,360x480,480x640,540x720,640x853,720x960,1080x1440,1280x1707,1440x1920,1920x2560&from=bu&cs=1920x0",,False,,synagogue,True,False,,,,,,,,,,,,,,,
456239202,-7,-75252175,-75252175,1482478693,2016-12-23 08:38:13,58.007814,56.235879,58.00819896273859,56.23476395501453,78.40494941846167,"https://sun9-24.userapi.com/s/v1/ig1/CwG9GtHH1j3Cqa1qCl9ycgqNzQlpF7DJVkUJqIiUwWyLIeRLcquLbReYqe2JNAa_pOQPe1p3.jpg?quality=96&as=32x32,48x48,72x72,108x108,160x160,240x240,360x360,480x480,540x540,640x640,720x720,960x960&from=bu&cs=960x0",,False,159.0,synagogue,True,False,,,,,,,,,,,,,,,
457242288,-7,-76634753,-76634753,1634806603,2021-10-21 10:56:43,58.007686,56.255584,58.00763133477656,56.255145877976155,26.516623898082894,"https://sun9-67.userapi.com/s/v1/ig2/o-npcoVGTkGNBZIiXW_DlQFViZu0ocv3AKthUE8xoBjtAg1AMvZVNhUsroq1NfQH3iJx-AXpGJ7uxoID0wB54uhK.jpg?quality=96&as=32x43,48x64,72x96,108x144,160x213,240x320,360x480,480x640,540x721,640x854,720x961,1080x1441,1280x1708,1388x1852&from=bu&cs=1388x0",,False,,or avner habad community center,True,False,,,,,,,,,,,,,,,
457256621,-7,-170690865,-170690865,1681401227,2023-04-13 17:53:47,58.007722,56.234505,58.00819896273859,56.23476395501453,55.186284082187015,"https://sun9-23.userapi.com/s/v1/ig2/afYTAkjVwnW_R6Vz0LMdbBO5QdCSQbsjjB0TxWxTJv1arXwMGOpHGsAZPiUZeoNx-BPqnyetPik6TvHW1bmcOEAa.jpg?quality=95&as=32x43,48x64,72x96,108x144,160x214,240x320,360x481,480x641,540x721,640x855,720x961,1080x1442,1280x1709,1342x1792&from=bu&cs=1342x0",,False,,synagogue,True,False,,,,,,,,,,,,,,,
457306847,-7,360619746,360619746,1565105902,2019-08-06 17:38:22,58.007574,56.233659,58.00819896273859,56.23476395501453,95.21824246074848,"https://sun9-50.userapi.com/s/v1/if1/DE1ETj_7B-l5jGNU-ITi6AaZy81mTll-lQuOK51wd3Znf36n6QYTmv3b_XsUlDTGJaqniBT1.jpg?quality=96&as=32x24,48x36,72x54,108x81,160x120,240x180,360x270,480x360,540x405,640x480&from=bu&cs=640x0",,False,257255.0,synagogue,True,False,,,,,,,,,,,,,,,
457254552,-7,-170690865,-170690865,1668587346,2022-11-16 09:29:06,58.007897,56.234398,58.00819896273859,56.23476395501453,39.902113118787824,"https://sun9-79.userapi.com/s/v1/ig2/I-z9W2cobnUXF3oHLjQ-f_ucVGhTRaIVQD-ZEU36ovLVAqJlEwsB-ee6d-WjreSQrxSqgOw9PddRhDC1hvX3cHMt.jpg?quality=95&as=32x43,48x64,72x96,108x144,160x213,240x320,360x480,480x640,540x720,640x853,720x960,1080x1440,1280x1707,1344x1792&from=bu&cs=1344x0",,False,,synagogue,True,False,,,,,,,,,,,,,,,
457257127,-7,-170690865,-170690865,1683634049,2023-05-09 14:07:29,58.007722,56.234505,58.00819896273859,56.23476395501453,55.186284082187015,"https://sun9-62.userapi.com/s/v1/ig2/_2W1lxlYrtAaMnfvIs4622guJRsPNNGW3WTwn5fEKSI-VQJFTTrGi-EKhQveebmL6xXTy6rf44k--RSVzTiAPe62.jpg?quality=95&as=32x43,48x64,72x96,108x144,160x213,240x320,360x480,480x640,540x720,640x853,720x960,1080x1440,1280x1707,1398x1864&from=bu&cs=1398x0",,False,,synagogue,True,False,,,,,,,,,,,,,,,
456239443,-7,4215035,4215035,1517832048,2018-02-05 13:00:48,58.0078,56.235839,58.00819896273859,56.23476395501453,77.32402621441274,"https://sun9-15.userapi.com/s/v1/if1/DTfWm3wJty8RalJDf_w-iDMzXtNThcERn5ttIBH6gxyB8S7Rr4-V1Rb-Vwi-yH4REBie0HuK.jpg?quality=96&as=32x18,48x27,72x40,108x61,160x90,240x135,360x202,480x270,540x304,640x360,720x405,1024x576&from=bu&cs=1024x0",,False,,synagogue,True,False,,,,,,,,,,,,,,,
457255403,-7,-170690865,-170690865,1674127181,2023-01-19 12:19:41,58.00782,56.23461,58.00819896273859,56.23476395501453,43.10373252508328,"https://sun9-44.userapi.com/s/v1/ig2/4hgUBYn9eEp7C4wPOCb-JfXXbUF_cP5-cYoWkoxnUlIpVsmZuMNaTUGg2Sdev0yTlhWZmPQdINHiQ45weLLEd9L6.jpg?quality=95&as=32x43,48x64,72x96,108x144,160x213,240x320,360x480,480x640,540x720,640x853,720x960,1080x1440,1280x1707,1344x1792&from=bu&cs=1344x0",,False,,synagogue,True,False,,,,,,,,,,,,,,,
457249440,-7,-170690865,-170690865,1652867522,2022-05-18 11:52:02,58.007876,56.234425,58.00819896273859,56.23476395501453,41.09000195354979,"https://sun9-40.userapi.com/s/v1/ig2/7erUK3Gu607lIgtsajRH9r-STSaIQK9ODB0I7RQhd_3ejcxaGoDxq8tQnqX7b4QPuMoWTI49YDgEP-hluRQGovhA.jpg?quality=96&as=32x43,48x64,72x96,108x144,160x214,240x320,360x481,480x641,540x721,640x855,720x961,1080x1442,1280x1709,1342x1792&from=bu&cs=1342x0",,False,,synagogue,True,False,,,,,,,,,,,,,,,
457242374,-7,-194619161,-194619161,1674886923,2023-01-28 07:22:03,58.007716,56.235602,58.00819896273859,56.23476395501453,72.9481739764952,"https://sun9-28.userapi.com/s/v1/ig2/FWI3p7fP6bBwO4b2jGpvSL8C5RuTjj9mGbvgk9JSVYmlfF_cR2_g7Is9kZi9CxHpn_33vTLjy1A6YJVZ_nEqJfO1.jpg?quality=95&as=32x43,48x64,72x96,108x144,160x213,240x320,360x480,480x640,540x720,640x853,720x960,1080x1440,1280x1707,1440x1920,1920x2560&from=bu&cs=1920x0",,False,,synagogue,True,False,,,,,,,,,,,,,,,
457243227,-7,391283960,391283960,1635442037,2021-10-28 19:27:17,58.007982,56.235839,58.00819896273859,56.23476395501453,67.77141446615977,"https://sun9-48.userapi.com/s/v1/ig2/tifAnr9HB4ru99TlcVGaIzE8HoertzlA5brGH-ir_KqHWY6fl3MFfJ7phfn_bTW8ck6S4MDZEh9-RPxRNyvBbliU.jpg?quality=96&as=32x43,48x64,72x96,108x144,160x213,240x320,360x480,480x640,540x720,640x853,720x960,1080x1440,1200x1600&from=bu&cs=1200x0",,False,,synagogue,True,False,,,,,,,,,,,,,,,
457251655,-7,-170690865,-170690865,1655204340,2022-06-14 12:59:00,58.007715,56.234399,58.00819896273859,56.23476395501453,57.95011791683787,"https://sun9-82.userapi.com/s/v1/ig2/tkX6Cm77ygYsvjklDA6YtoqPfep1tPQGyJvHYPdymLXEKDcHGYrtfAUiljvq_FJO7r3_7081UdcwdF5upMB1Vit1.jpg?quality=95&as=32x43,48x64,72x96,108x144,160x213,240x320,360x480,480x640,540x720,640x853,720x960,1080x1440,1280x1707,1344x1792&from=bu&cs=1344x0",,False,,synagogue,True,False,,,,,,,,,,,,,,,
457240109,-7,-194619161,-194619161,1650521937,2022-04-21 08:18:57,58.007729,56.234782,58.00819896273859,56.23476395501453,52.268283741751546,"https://sun9-83.userapi.com/s/v1/ig2/2my95sgk5TKzfC9U837Yo42dsx0aDu0zVycJnpPhDtvN4nOBeLqNleQcciOgYORYaSoK9AcXGnXrqcBZ_92ySzoY.jpg?quality=96&as=32x43,48x64,72x96,108x144,160x213,240x320,360x480,480x640,540x721,640x854,720x961,1080x1441,1280x1708,1388x1852&from=bu&cs=1388x0",,False,,synagogue,True,False,,,,,,,,,,,,,,,
457253126,-7,-170690865,-170690865,1661259947,2022-08-23 15:05:47,58.007897,56.234398,58.00819896273859,56.23476395501453,39.902113118787824,"https://sun9-4.userapi.com/s/v1/ig2/MVYW-ASxzACFNg4z6NXrouX3uEK8xiog9B9kGIg18J0TdklRHc5IO6eW_0A5lWMScHfP0T_1abx161PyJm7seLT5.jpg?quality=95&as=32x43,48x64,72x96,108x144,160x214,240x320,360x481,480x641,540x721,640x855,720x961,1080x1442,1280x1709,1342x1792&from=bu&cs=1342x0",,False,,synagogue,True,False,,,,,,,,,,,,,,,
457239909,-7,-184638528,-184638528,1684425861,2023-05-18 18:04:21,58.007594,56.254897,58.00763133477656,56.255145877976155,15.238251134304964,"https://sun9-60.userapi.com/s/v1/ig2/6WdQNmGvsWGOzh7Gyx-PqtAEMjqrKDb3OmG3OQAEJO9p-LtV4MbGh6DVD1PbjL4g2OA4SrhbaIFE-F2MvoANEFsY.jpg?quality=95&as=32x43,48x64,72x96,108x144,160x213,240x320,360x480,480x640,540x720,640x853,720x960,1080x1440,1280x1707,1440x1920,1920x2560&from=bu&cs=1920x0",,False,,or avner habad community center,True,True,,,,,,,,,,,,,,,
457245507,-7,31653135,31653135,1610728484,2021-01-15 17:34:44,58.007666,56.234518,58.00819896273859,56.23476395501453,61.00836138371684,"https://sun9-80.userapi.com/s/v1/ig2/h-rFj6gdb29ptles28iS-GX7sOGXwvaEEVjR8EMgTKh04wvfcxs01EzaJwRAqxRsKxe7al8tSB9GT_QBN3WjG6NC.jpg?quality=96&as=32x43,48x64,72x96,108x144,160x213,240x320,360x480,480x640,540x720,640x853,720x960,1080x1440,1200x1600&from=bu&cs=1200x0",,False,,synagogue,True,False,,,,,,,,,,,,,,,
457257376,-7,-170690865,-170690865,1685185576,2023-05-27 13:06:16,58.007722,56.234505,58.00819896273859,56.23476395501453,55.186284082187015,"https://sun9-24.userapi.com/s/v1/ig2/eWCUPhD6RJRLvxWw2tYbpPCcjFcDgl25pA1W35fppcMd2iSjr6Sa35Iy5rab2lrBQqt34dD4qRDgi-uRtrtToteb.jpg?quality=95&as=32x43,48x64,72x96,108x144,160x213,240x320,360x480,480x640,540x720,640x853,720x960,1080x1440,1280x1707,1398x1864&from=bu&cs=1398x0",,False,,synagogue,True,False,,,,,,,,,,,,,,,
456240598,-7,261660768,261660768,1493313302,2017-04-27 19:15:02,58.007891,56.235839,58.00819896273859,56.23476395501453,71.9971941060956,"https://sun9-77.userapi.com/s/v1/ig1/Qthuo3MDOyYaFhKTs9A_Q-wsXjYW-AZt8qotlm2tPrOZt16CFgBLEp0HPyl7_gV1NzfzPQf8.jpg?quality=96&as=32x43,48x64,72x96,108x144,160x213,240x320,360x480,480x640,540x720,640x853,720x960&from=bu&cs=720x0",,False,,synagogue,True,False,,,,,,,,,,,,,,,
457256199,-7,-170690865,-170690865,1678883522,2023-03-15 13:32:02,58.007806,56.234399,58.00819896273859,56.23476395501453,48.698462152861765,"https://sun9-79.userapi.com/s/v1/ig2/WCALFG3qn7lZPId_lTsy50sEvj5JrtFD_vOzK3Z1PCgzLYQlP3exc8TGNWHiI8yR_GbV-JIDIOTEzwEWiyLFmtDb.jpg?quality=95&as=32x43,48x64,72x96,108x144,160x214,240x320,360x481,480x641,540x721,640x855,720x961,1080x1442,1280x1709,1342x1792&from=bu&cs=1342x0",,False,,synagogue,True,False,,,,,,,,,,,,,,,
457242631,-7,-194619161,-194619161,1677995142,2023-03-05 06:45:42,58.007813,56.23502,58.00819896273859,56.23476395501453,45.490675569552515,"https://sun9-88.userapi.com/s/v1/ig2/hhAzfoH5DqElG4wYUuCRnJWO043nM_qGOor655y5S8IC3kqdpY6fVmg5XIvwIFfovlb_OYhlVnRjFnHGOOE0flKg.jpg?quality=95&as=32x43,48x64,72x96,108x144,160x213,240x320,360x480,480x640,540x720,640x853,720x960,1080x1440,1280x1707,1440x1920,1920x2560&from=bu&cs=1920x0",,False,,synagogue,True,False,,,,,,,,,,,,,,,
457306960,-7,360619746,360619746,1565255365,2019-08-08 11:09:25,58.007574,56.233659,58.00819896273859,56.23476395501453,95.21824246074848,"https://sun9-54.userapi.com/s/v1/if1/JkEJYEgZKHaf_J1H92c6N0x-T_TbXrnqXrl_Mkdu0IVVJa7UJ_sM0OaaxcytjUaizSxKFAjp.jpg?quality=96&as=32x24,48x36,72x54,108x81,160x120,240x180,360x270,480x360,540x405,640x480&from=bu&cs=640x0",,False,257756.0,synagogue,True,False,,,,,,,,,,,,,,,
457322338,301537621,-43730800,-43730800,1760170768,2025-10-11 10:19:28,58.007695,56.2358,58.00819896273859,56.23476395501453,82.8583389920959,"https://sun9-2.userapi.com/s/v1/ig2/byLCJk3yguAmmulU5d0lo8aeKjSxp3sl_VSYmGsp3WEzpNtlN84b7gG4kX8wvywIr7rVHrC11yjIPFUgaipNfEBr.jpg?quality=95&as=32x51,48x76,72x114,108x172,160x254,240x381,360x572,480x763,540x858,640x1017,720x1144,1080x1716,1280x2034,1440x2288,1611x2560&from=bu&cs=1611x0",Продан,False,,synagogue,True,False,,,,,,,,,,,,,,,
457256205,-7,-170690865,-170690865,1678885903,2023-03-15 14:11:43,58.007715,56.234399,58.00819896273859,56.23476395501453,57.95011791683787,"https://sun9-52.userapi.com/s/v1/ig2/A9RPtxykhFdZuNb-hWUzoV6wyqgE1FsaWl3N8p9K0l1mt3DqsU9iX24UedvVMFEzbdrOq9ophlK6fcZihrg_bU1c.jpg?quality=95&as=32x43,48x64,72x96,108x144,160x214,240x320,360x481,480x641,540x721,640x855,720x961,1080x1442,1280x1709,1342x1792&from=bu&cs=1342x0",,False,,synagogue,True,False,,,,,,,,,,,,,,,
457254665,-7,-170690865,-170690865,1669199362,2022-11-23 11:29:22,58.007897,56.234398,58.00819896273859,56.23476395501453,39.902113118787824,"https://sun9-28.userapi.com/s/v1/ig2/dgkKVs3RVif3jQSoxEnjkBThzxBQ0FgcVqLYLHps0vUlJELHuhuD09Zupg6zAxnPoO1S-YhVTWti2LkfxsrPI88o.jpg?quality=95&as=32x43,48x64,72x96,108x144,160x213,240x320,360x480,480x640,540x720,640x853,720x960,1080x1440,1280x1707,1344x1792&from=bu&cs=1344x0",,False,,synagogue,True,False,,,,,,,,,,,,,,,
456239869,-7,-224628741,-224628741,1713887311,2024-04-23 17:48:31,58.007695,56.2358,58.00819896273859,56.23476395501453,82.8583389920959,"https://sun9-74.userapi.com/s/v1/ig2/HP1u3DTNZ8Ffas4VcKZO-Tf_CQX5Yf9ECzEgfnmdLM7KSz0Cg_NCV1obsW1gaEzTorDXh9HDTfzWLlhi1rU96DMb.jpg?quality=95&as=32x43,48x64,72x96,108x144,160x213,240x320,360x480,480x640,540x720,640x853,720x960,1080x1440,1280x1707,1440x1920,1920x2560&from=bu&cs=1920x0",,False,,synagogue,True,False,,,,,,,,,,,,,,,
457256890,-7,-170690865,-170690865,1682516771,2023-04-26 15:46:11,58.007715,56.234399,58.00819896273859,56.23476395501453,57.95011791683787,"https://sun9-28.userapi.com/s/v1/ig2/bmo6ZsUGqHXyWd2AE30AzYguVSLthoFDXJwxk8vvU3V9Q73hTW5v2UpMaX8xc6zCxVGOLy7guIAH0gpGBYfZSSez.jpg?quality=95&as=32x43,48x64,72x96,108x144,160x213,240x320,360x480,480x640,540x720,640x853,720x960,1080x1440,1280x1707,1398x1864&from=bu&cs=1398x0",,False,,synagogue,True,False,,,,,,,,,,,,,,,
457257129,-7,-170690865,-170690865,1683634182,2023-05-09 14:09:42,58.007722,56.234505,58.00819896273859,56.23476395501453,55.186284082187015,"https://sun9-36.userapi.com/s/v1/ig2/ZP0aDB-N8TpqDF__6O0teq2beZUnAHCsUYI_Y2S535P6kEqTKWa260PfRMromqy9UcbqmvsYLZ-wK36MWHANjgU1.jpg?quality=95&as=32x43,48x64,72x96,108x144,160x213,240x320,360x480,480x640,540x720,640x853,720x960,1080x1440,1280x1707,1398x1864&from=bu&cs=1398x0",,False,,synagogue,True,False,,,,,,,,,,,,,,,
457256427,-7,-170690865,-170690865,1680100689,2023-03-29 16:38:09,58.007722,56.234505,58.00819896273859,56.23476395501453,55.186284082187015,"https://sun9-87.userapi.com/s/v1/ig2/B0SR3LqBKNCxGvf2LW_Rch2PLeqFWI4eIZXay41eCgDhjyyNQwDiPq3D7EZKgiaF7POrxTB87MkDOPD7mx5xlSty.jpg?quality=95&as=32x43,48x64,72x96,108x144,160x214,240x320,360x481,480x641,540x721,640x855,720x961,1080x1442,1280x1709,1342x1792&from=bu&cs=1342x0",,False,,synagogue,True,False,,,,,,,,,,,,,,,
457250667,-7,-170690865,-170690865,1654172516,2022-06-02 14:21:56,58.007995,56.234504,58.00819896273859,56.23476395501453,27.36586051718784,"https://sun9-58.userapi.com/s/v1/ig2/Njs6QRt96OT7ziEH6i2etcbmeXwvG7aK_CIZpqS3UafEECkAkyMzbPUMDdqh8_yVfcAtdGjiBH_2iP2LwhHXzOCU.jpg?quality=95&as=32x43,48x64,72x96,108x144,160x214,240x320,360x481,480x641,540x721,640x855,720x961,1080x1442,1280x1709,1342x1792&from=bu&cs=1342x0",,False,,synagogue,True,False,,,,,,,,,,,,,,,
457254489,-7,-170690865,-170690865,1668337017,2022-11-13 11:56:57,58.007799,56.234293,58.00819896273859,56.23476395501453,52.41830941546784,"https://sun9-42.userapi.com/s/v1/ig2/rRwKvl4fJKX4NxEOGlpj6MtfVaSE6R-eOoxuEV56cqGjOQWXAg-Hv-4F_-TQQwfziSYeRlczF_sUAg3SefSRUT6x.jpg?quality=95&as=32x43,48x64,72x96,108x144,160x213,240x320,360x480,480x640,540x720,640x853,720x960,1080x1440,1280x1707,1344x1792&from=bu&cs=1344x0",,False,,synagogue,True,False,,,,,,,,,,,,,,,
457323286,-7,360619746,360619746,1583857712,2020-03-10 17:28:32,58.007756,56.23383,58.00819896273859,56.23476395501453,73.84660856697879,"https://sun9-22.userapi.com/s/v1/if2/Dx_ZjTh6HIgYP3jBkiAeADIPiIw2GkpTQYwIXSeBYtBgKQflV6kvbc0vkmbfJtDlFBlk7TBcsxxCXzfLOmTl0oFs.jpg?quality=96&as=32x24,48x36,72x54,108x81,160x119,240x179,360x269,480x358,540x403,640x478,720x538,1080x807,1280x956,1440x1075,2560x1912&from=bu&cs=2560x0",,False,,synagogue,True,False,,,,,,,,,,,,,,,
457255879,-7,-170690865,-170690865,1677154539,2023-02-23 13:15:39,58.007715,56.234399,58.00819896273859,56.23476395501453,57.95011791683787,"https://sun9-3.userapi.com/s/v1/ig2/zdA90B8aph44J5GVuEvbmviO5dk_oTF-1cG96Emf_gwDWkOBU_5yxaaRvoLerhTVzb_0he9q0nxDeSb2ZmK-AhOo.jpg?quality=95&as=32x43,48x64,72x96,108x144,160x214,240x320,360x481,480x641,540x721,640x855,720x961,1080x1442,1280x1709,1342x1792&from=bu&cs=1342x0",,False,,synagogue,True,False,,,,,,,,,,,,,,,
457254473,-7,-170690865,-170690865,1668247391,2022-11-12 11:03:11,58.008114,56.234411,58.00819896273859,56.23476395501453,22.83853256185169,"https://sun9-78.userapi.com/s/v1/ig2/AH5SbDwdiwN7LuG7qyO4XQpqlxQqNh6-tBOfV77V0qtOYnU-u1hGkDugDK1oqHx0xhxmR9O_BviZ6ZP3tyf4Ws_C.jpg?quality=95&as=32x43,48x64,72x96,108x144,160x213,240x320,360x480,480x640,540x720,640x853,720x960,1080x1440,1280x1707,1344x1792&from=bu&cs=1344x0",,False,,synagogue,True,False,,,,,,,,,,,,,,,
457242184,-7,-69074087,-69074087,1572445633,2019-10-30 15:27:13,58.007778,56.234491,58.00819896273859,56.23476395501453,49.49388647682783,"https://sun9-82.userapi.com/s/v1/ig1/JHa0urNCXCXZcGbO1Bh1k51LyNfIj2INZHgzX1BQexOyXpebu1cSgeV31E4Nq7ELdnfIgIYN.jpg?quality=96&as=32x43,48x64,72x96,108x144,160x214,240x321,360x481,480x641,540x721,640x855,720x962,958x1280&from=bu&cs=958x0",,False,,synagogue,True,False,,,,,,,,,,,,,,,
456241473,-7,-99638016,-99638016,1494888038,2017-05-16 00:40:38,58.007617,56.234122,58.00819896273859,56.23476395501453,74.9518876264359,"https://sun9-15.userapi.com/s/v1/if1/SfgmDs-9Xl6gbW2WgtbDhrWPj9rg_tcA7PssTzUe9ug9i5zcbc9VybIPALlEmivDrDE2P5FP.jpg?quality=96&as=32x24,48x36,72x54,108x81,160x120,240x180,360x270,480x360,540x405,640x480,720x540,960x720&from=bu&cs=960x0",,False,,synagogue,True,False,,,,,,,,,,,,,,,
457242278,-7,-69074087,-69074087,1574922733,2019-11-28 07:32:13,58.007799,56.234465,58.00819896273859,56.23476395501453,47.83405104017318,"https://sun9-45.userapi.com/s/v1/ig1/hBHxjSI7_NhVIYZhJnLY3riKLYC7BKja4i3AYM_cbeEtuWCMLtlsMYIJ_b4GNzrpTge1imJ8.jpg?quality=96&as=32x43,48x64,72x96,108x144,160x214,240x320,360x480,480x641,540x721,640x854,720x961,959x1280&from=bu&cs=959x0",,False,,synagogue,True,False,,,,,,,,,,,,,,,
457250029,-7,-170690865,-170690865,1653388061,2022-05-24 12:27:41,58.007939,56.234345,58.00819896273859,56.23476395501453,38.00978402778725,"https://sun9-25.userapi.com/s/v1/ig2/yXzu-O8atHEvxZbGywDF_N3FZiurOeGrlakXRd-yKD8-vhVBCUsWy4TWMKSbzoF7SSOMxz_aeVypYftU9dK0kca2.jpg?quality=96&as=32x43,48x64,72x96,108x144,160x214,240x320,360x481,480x641,540x721,640x855,720x961,1080x1442,1280x1709,1342x1792&from=bu&cs=1342x0",,False,,synagogue,True,False,,,,,,,,,,,,,,,
457242475,-7,-76634753,-76634753,1652375692,2022-05-12 19:14:52,58.007608,56.255281,58.00763133477656,56.255145877976155,8.372489562880308,"https://sun9-13.userapi.com/s/v1/ig2/f2IWkpPKD0LNlwTiL2tQxRZozQPyWQeI_ltNQDUMjkKaaIZ3cA7wf5obhmkpmdEzZVcvJgYZkwF6aCRqLsSAKVVD.jpg?quality=95&as=32x43,48x64,72x96,108x144,160x213,240x320,360x480,480x640,540x721,640x854,720x961,1080x1441,1280x1708,1388x1852&from=bu&cs=1388x0",,False,,or avner habad community center,True,True,,,,,,,,,,,,,,,
456240591,-6,220220170,220220170,1504801575,2017-09-07 18:26:15,58.007814,56.235363,58.00819896273859,56.23476395501453,55.47756303733873,"https://sun9-82.userapi.com/s/v1/ig1/LGwvpYfrXJW1UpLFkQMEm5ml6PayOvF7vmoJmkuaMrwYbgrYRmxT8ABw0jZTN_tB5AbMYSIk.jpg?quality=96&as=32x43,48x64,72x96,108x144,160x213,240x320,360x480,480x640,540x720,640x853,720x960&from=bu&cs=720x0",,False,7457.0,synagogue,True,False,,,,,,,,,,,,,,,
457256637,-7,-170690865,-170690865,1681482074,2023-04-14 16:21:14,58.007715,56.234399,58.00819896273859,56.23476395501453,57.95011791683787,"https://sun9-56.userapi.com/s/v1/ig2/4J-IeLtppAGQOje_I4Z7bfR_6FX8mwlBycFHXaCJfql1qNW9Ff0GK703CYiv2-TlrlwIlNGMMdw5Nig_UJUH0L8E.jpg?quality=95&as=32x43,48x64,72x96,108x144,160x214,240x320,360x481,480x641,540x721,640x855,720x961,1080x1442,1280x1709,1342x1792&from=bu&cs=1342x0",,False,,synagogue,True,False,,,,,,,,,,,,,,,
457245935,-7,-153579243,-153579243,1567257992,2019-08-31 15:26:32,58.007588,56.233699,58.00819896273859,56.23476395501453,92.47346630044552,"https://sun9-20.userapi.com/s/v1/if1/XQ1UcjbmG3QYqj3alh20Lc0oEPHHOLa1QY50VbtWwsjxp4JGZKhoQsaEuYAddaT3HodOJhVK.jpg?quality=96&as=32x24,48x36,72x54,108x81,160x119,240x179,360x269,480x358,540x403,640x478,720x538,1080x807,1280x956,1440x1075,2560x1912&from=bu&cs=2560x0",,False,,synagogue,True,False,,,,,,,,,,,,,,,
457240642,-6,7450415,7450415,1727520333,2024-09-28 12:45:33,58.00801,56.235403,58.00819896273859,56.23476395501453,43.11346849991991,"https://sun9-82.userapi.com/s/v1/ig2/fQpHwlkxMy1FA4SlXKuqVLcp6aozNuLD0Tjm0PPCZHwXLdCsb2ixU-eZNr0PkVbdM_fnNQNSOCM2A6bWJuvud4q1.jpg?quality=95&as=32x57,48x85,72x128,108x192,160x284,240x427,360x640,480x853,540x960,640x1138,720x1280,1080x1920,1280x2276,1440x2560&from=bu&cs=1440x0",,False,,synagogue,True,False,,,,,,,,,,,,,,,
407121765,-7,261660768,261660768,1458873598,2016-03-25 03:39:58,58.007765,56.235826,58.00819896273859,56.23476395501453,79.01290643993259,"https://sun9-6.userapi.com/s/v1/ig2/eoiCnnhLwCxYJXufgI-m2DZd37UT2Uog4GR4caj0JccC48zxJ-UvUaFeHh91q6Soi2UFJvCHDnlJseiH59iiFyET.jpg?quality=96&as=32x40,48x60,72x90,108x135,160x200,240x300,360x451,480x601,540x676,640x801,720x901,767x960&from=bu&cs=767x0",,False,,synagogue,True,False,,,,,,,,,,,,,,,
457255195,-7,-170690865,-170690865,1672922424,2023-01-05 13:40:24,58.007806,56.234399,58.00819896273859,56.23476395501453,48.698462152861765,"https://sun9-49.userapi.com/s/v1/ig2/HxUoj8h5iQL4LE3HAyqHE-WTd1zJNOPeZhoyeAl__2-L2x4MqCA1NBxw27H3eRGzGJH7YljQT03S6AJSp57Jfeux.jpg?quality=95&as=32x43,48x64,72x96,108x144,160x213,240x320,360x480,480x640,540x720,640x853,720x960,1080x1440,1280x1707,1344x1792&from=bu&cs=1344x0",,False,,synagogue,True,False,,,,,,,,,,,,,,,
457256040,-7,-170690865,-170690865,1677923865,2023-03-04 10:57:45,58.007715,56.234399,58.00819896273859,56.23476395501453,57.95011791683787,"https://sun9-36.userapi.com/s/v1/ig2/Vcsb-6D268guMWqJf4vTebWHTI9SjtgsqbiBEbtS39CpQcxyqTEgK-ix-1ubF76UG2ND3zBaI9pfbADHhv1qvZMq.jpg?quality=95&as=32x43,48x64,72x96,108x144,160x214,240x320,360x481,480x641,540x721,640x855,720x961,1080x1442,1280x1709,1342x1792&from=bu&cs=1342x0",,False,,synagogue,True,False,,,,,,,,,,,,,,,
456239017,-6,420195276,420195276,1490276966,2017-03-23 14:49:26,58.007848,56.235033,58.00819896273859,56.23476395501453,42.12109371068939,"https://sun9-7.userapi.com/s/v1/ig2/YNYFVWmcY4G3pQJVD06BYyyyWuvb3lcmYyPec8jXHTNAuHTCnIcF42UDPyO-Zjz9oY0Yga225pvqd0sCT2YOZQf6.jpg?quality=96&as=32x40,48x60,72x90,108x135,160x200,240x300,360x450,480x600,540x675,640x800,720x900,1080x1350,1280x1600,1440x1800,1728x2160&from=bu&cs=1728x0",,False,1.0,synagogue,True,False,,,,,,,,,,,,,,,
457246860,-7,-170690865,-170690865,1650969083,2022-04-26 12:31:23,58.008121,56.234517,58.00819896273859,56.23476395501453,16.93537426911415,"https://sun9-36.userapi.com/s/v1/ig2/WdAH3IuS-jyn6NtM6jgHGXv-IJGs-DQlw7ebARh9nLVl44P85Sj-eYOlqZncRHhHZOFTBkJc3JeCCT0SG2hb9Fx9.jpg?quality=96&as=32x43,48x64,72x96,108x144,160x214,240x320,360x481,480x641,540x721,640x855,720x961,1080x1442,1280x1709,1342x1792&from=bu&cs=1342x0",,False,,synagogue,True,False,,,,,,,,,,,,,,,
457251725,-7,-170690865,-170690865,1655287871,2022-06-15 12:11:11,58.007799,56.234293,58.00819896273859,56.23476395501453,52.41830941546784,"https://sun9-64.userapi.com/s/v1/ig2/Nh2Zs4PkcPUPIOHIWz7VDbnaAwDoT46K3vXPl47ANz4bLMzR_U6dCBPrv0VTIpAiPF5t9bJNcwDa14GHtZBOJ_y2.jpg?quality=95&as=32x43,48x64,72x96,108x144,160x214,240x320,360x481,480x641,540x721,640x855,720x961,1080x1442,1280x1709,1342x1792&from=bu&cs=1342x0",,False,,synagogue,True,False,,,,,,,,,,,,,,,
456241476,-7,285443753,285443753,1517125724,2018-01-28 08:48:44,58.007674,56.235826,58.00819896273859,56.23476395501453,85.5686075960785,"https://sun9-5.userapi.com/s/v1/ig1/zAmc4hC8VPbDcFPCbLLCaTipGgTa0uUQiLxSjO7v4yJRmx7k8q8nubfzCu4gFUOjH8rjSFl3.jpg?quality=96&as=32x32,48x48,72x72,108x108,160x160,240x240,360x360,480x480,540x540,640x640,720x720,1080x1080,1280x1280,1440x1440,2160x2160&from=bu&cs=2160x0",,False,,synagogue,True,False,,,,,,,,,,,,,,,
456245223,-7,261660768,261660768,1539444141,2018-10-13 17:22:21,58.007667,56.235892,58.00819896273859,56.23476395501453,88.96694168762951,"https://sun9-23.userapi.com/s/v1/ig1/Zh3-H6A5I0cWIjXrqxK3VK5KuS-IgFc-sjnLA76T39R8K8RhJF2FyDCixduBqginvJnxbDuB.jpg?quality=96&as=32x38,48x56,72x85,108x127,160x188,240x282,360x424,480x565,540x635,640x753,720x847,816x960&from=bu&cs=816x0",,False,,synagogue,True,False,,,,,,,,,,,,,,,
457251000,-7,261660768,261660768,1602871881,2020-10-16 20:11:21,58.008296,56.234926,58.00819896273859,56.23476395501453,14.406769493526276,"https://sun9-65.userapi.com/s/v1/ig2/P1ct2nAf2vsYHGHToAv8JrS6PPI1xT6TYzipwCpJHQg_-n8AAEcNRYPDvNoQWIE-Hd2F1EPNtwJ2cRGcHpgLWusm.jpg?quality=96&as=32x43,48x64,72x96,108x144,160x214,240x320,360x481,480x641,540x721,640x855,720x961,1080x1442,1280x1709,1342x1792&from=bu&cs=1342x0",,False,,synagogue,True,False,,,,,,,,,,,,,,,
457244919,-7,-170690865,-170690865,1649919738,2022-04-14 09:02:18,58.008072,56.234808,58.00819896273859,56.23476395501453,14.354079989210724,"https://sun9-40.userapi.com/s/v1/ig2/u1kEYJ0QQve5W5d_k5mVQSkPuWigkmi04fxArNjOXWJUK7FZ9JICOJgh3vuJEdxc9j6x1eAXI9a8QuYn7ITFWW6N.jpg?quality=96&as=32x43,48x64,72x96,108x144,160x213,240x320,360x480,480x640,540x720,640x853,720x960,1080x1440,1280x1707,1344x1792&from=bu&cs=1344x0",,False,,synagogue,True,True,,,,,,,,,,,,,,,
456239017,-6,424630550,424630550,1492574963,2017-04-19 06:09:23,58.007694,56.234597,58.00819896273859,56.23476395501453,57.00421853451046,"https://sun9-87.userapi.com/s/v1/if1/fbu6dP2XGsaJhz6s7J8lXOpZVp5qj5AM_kECf4ZAgIOCZZ2cm8UWUGTHmCejNsGAU4kpQ0JW.jpg?quality=96&as=32x18,48x27,72x40,108x61,160x90,240x135,360x202,480x270,540x304,640x360&from=bu&cs=640x0",,False,7.0,synagogue,True,False,,,,,,,,,,,,,,,
401048263,-7,261660768,261660768,1455347604,2016-02-13 08:13:24,58.007807,56.235429,58.00819896273859,56.23476395501453,58.6050251154996,"https://sun9-59.userapi.com/s/v1/ig1/6NLVVS_x04GMpgB0X59GX_tgrxYUMD8qGGEpjlaxSoWSkn7af5XyhkJU7U-FJyLiLm_9qlYs.jpg?quality=96&as=32x43,48x64,72x96,108x144,160x213,240x320,360x480,480x640,540x720,640x853,720x960&from=bu&cs=720x0",,False,5014.0,synagogue,True,False,,,,,,,,,,,,,,,
457246396,-7,417438256,417438256,1618586538,2021-04-16 17:22:18,58.00796,56.235178,58.00819896273859,56.23476395501453,36.06941193528832,"https://sun9-42.userapi.com/s/v1/ig2/oiugdx8g_z9owimN99Yhv2hkK0CXRcmQ93vMUKJY5a9fN2GShLRXnKeHhK2mWVBk77zn4qZFAR_320xE_cJ8-pxy.jpg?quality=96&as=32x43,48x64,72x96,108x144,160x213,240x320,360x480,480x640,540x720,640x853,720x960,1080x1440,1280x1707,1344x1792&from=bu&cs=1344x0",,False,,synagogue,True,False,,,,,,,,,,,,,,,
457253778,-7,-170690865,-170690865,1664270540,2022-09-27 11:22:20,58.007813,56.234504,58.00819896273859,56.23476395501453,45.567571879464026,"https://sun9-15.userapi.com/s/v1/ig2/Kzlb9H2Jh5YljZ9ad0o0FMutsAKXr6SjeRDvQISWOZR6VYZ-VnJrdJC0wySqm8DhSDDlFEw5LKp8jng6hbNTKwap.jpg?quality=95&as=32x43,48x64,72x96,108x144,160x213,240x320,360x480,480x640,540x720,640x853,720x960,1080x1440,1280x1707,1344x1792&from=bu&cs=1344x0",,False,,synagogue,True,False,,,,,,,,,,,,,,,
457255611,-7,-170690865,-170690865,1675508645,2023-02-04 12:04:05,58.007918,56.2342,58.00819896273859,56.23476395501453,45.605044690392624,"https://sun9-23.userapi.com/s/v1/ig2/bH0w5nBp_t40eLRd2WV2VABJHHryNBELSc1sLfsWWPpKpufijMDfU6zB8KS8uZ-JdqV9p3fAFOGmToyMWLtmuRjM.jpg?quality=95&as=32x43,48x64,72x96,108x144,160x213,240x320,360x480,480x640,540x720,640x853,720x960,1080x1440,1280x1707,1344x1792&from=bu&cs=1344x0",,False,,synagogue,True,False,,,,,,,,,,,,,,,
457240702,-7,-194619161,-194619161,1658314446,2022-07-20 12:54:06,58.00801,56.235403,58.00819896273859,56.23476395501453,43.11346849991991,"https://sun9-13.userapi.com/s/v1/ig2/4Ydh1eheasKkKJtTZbztKBe3UTwNzrLEKwDnT8oSbYNAZ4qD69ZnTb1r4dAQclAjwDUBAgeYZQ1jWCayg1DJVOea.jpg?quality=95&as=32x43,48x64,72x96,108x144,160x213,240x320,360x480,480x640,540x721,640x854,720x961,1080x1441,1280x1708,1388x1852&from=bu&cs=1388x0",,False,,synagogue,True,False,,,,,,,,,,,,,,,
457252999,-7,-170690865,-170690865,1660733443,2022-08-17 12:50:43,58.007806,56.234399,58.00819896273859,56.23476395501453,48.698462152861765,"https://sun9-66.userapi.com/s/v1/ig2/XDvjxk80Ta6CpFTMQW7imCIqrPiPRigCFo8ZI4y8wtFPWeycY5E1a1LB3aha9LAL4c9stNmyQjViP-Enk5yRWAYW.jpg?quality=95&as=32x43,48x64,72x96,108x144,160x213,240x320,360x480,480x640,540x720,640x853,720x960,1080x1440,1280x1707,1344x1792&from=bu&cs=1344x0",,False,,synagogue,True,False,,,,,,,,,,,,,,,
457241843,-7,-194619161,-194619161,1669875741,2022-12-01 07:22:21,58.007813,56.23502,58.00819896273859,56.23476395501453,45.490675569552515,"https://sun9-48.userapi.com/s/v1/ig2/aXvL7sK1zrjBrtxUVQt4iQLmscFuGrzncoSZm_Owb78xcPpqzcxHz95rd1TK_Gowbl5advaeb-7Vq3KJ4xgT7bMg.jpg?quality=95&as=32x32,48x48,72x72,108x108,160x160,240x240,360x361,480x481,540x541,640x641,720x721,1080x1082,1280x1282,1440x1442,1917x1920&from=bu&cs=1917x0",,False,,synagogue,True,False,,,,,,,,,,,,,,,
