photo_id,album_id,owner_id,user_id,date,date_human,lat,long,poi_lat,poi_lon,distance_meters,image_url,text,has_tags,post_id,poi_name,inside_poi_area,inside_poi_building,human_annotation_text_description,human_annotation_location_type,human_annotation_photo_type,human_annotation_is_advertisement,human_annotation_situation_summary,human_annotation_city_objects,human_annotation_city_activities,human_annotation_user_intent,human_annotation_has_building,human_annotation_has_synagogue,human_annotation_has_feor,human_annotation_has_other_building,human_annotation_confidence,human_model_version,human_model_timestamp
457317291,301537621,-43730800,-43730800,1741271535,2025-03-06 15:32:15,58.007723,56.235707,58.00819896273859,56.23476395501453,76.72991767250984,"https://sun9-23.userapi.com/s/v1/ig2/w4vYc4Wnot1IZSsTgo4z1zSdsBnHyNuVL__6n792OwrO33W4vYiJa8_qvdTV_kFuHIl3ntXsvKc6FtD_Zu59F3Fg.jpg?quality=95&as=32x43,48x64,72x96,108x144,160x213,240x320,360x480,480x640,540x720,640x853,720x960,1080x1440,1280x1707,1440x1920,1920x2560&from=bu&cs=1920x0",Продано,False,,synagogue,True,False,,,,,,,,,,,,,,,
457255894,-7,158614612,158614612,1621839912,2021-05-24 09:05:12,58.007757,56.234518,58.00819896273859,56.23476395501453,51.23553374200081,"https://sun9-2.userapi.com/s/v1/ig2/x2rGCR2NLZ0JWRjwt0e11ak5uShuzIoF0i_GjIO48uNua8epg5Hm5EjpUab27x7s2jeCEhev_m4uHGAkFDKsan9f.jpg?quality=96&as=32x43,48x64,72x96,108x144,160x213,240x320,360x480,480x640,540x720,640x853,720x960,1080x1440,1218x1624&from=bu&cs=1218x0",,False,,synagogue,True,False,,,,,,,,,,,,,,,
457240058,267510247,-89288568,10566756,1571314240,2019-10-17 14:10:40,58.007989,56.235429,58.00819896273859,56.23476395501453,45.60729562413595,"https://sun9-59.userapi.com/s/v1/ig1/IJz_N7wcfh3pxZKEudiXFbCLyteHsmA3tTe3emDBnwfwYFbm60Z4wlHQrtrQRv9coasUcdXG.jpg?quality=96&as=32x43,48x64,72x96,108x144,160x214,240x320,360x480,480x641,540x721,640x854,720x961,959x1280&from=bu&cs=959x0",,False,,synagogue,True,False,,,,,,,,,,,,,,,
431237207,-7,261660768,261660768,1473612617,2016-09-11 18:50:17,58.007835,56.235681,58.00819896273859,56.23476395501453,67.50182802548635,"https://sun9-50.userapi.com/s/v1/ig1/BEkUxSJ7P4fDhLoA2L0POmKmWsmFzsh27YrURiV87xJ6jna1Wa85gLz8oupceedR8DcXGA.jpg?quality=96&as=32x32,48x48,72x72,108x108,160x160,240x240,360x360,480x480,540x540,640x640,720x720,960x960&from=bu&cs=960x0",,False,,synagogue,True,False,,,,,,,,,,,,,,,
456239310,-7,-75252175,-75252175,1486895668,2017-02-12 11:34:28,58.007828,56.235918,58.00819896273859,56.23476395501453,79.52110193239112,"https://sun9-78.userapi.com/s/v1/ig1/BkWarPJSDB_Gij3N8Dnc--VkEOyM5opMgqSEfGVna28N7uAFqUpX6RkQCQzj_2w3Qh6SaCFa.jpg?quality=96&as=32x32,48x48,72x72,108x108,160x160,240x240,360x360,480x480,540x540,640x640,720x720,960x960&from=bu&cs=960x0",,False,,synagogue,True,False,,,,,,,,,,,,,,,
456240807,-7,-224628741,-224628741,1722168129,2024-07-28 14:02:09,58.007716,56.235602,58.00819896273859,56.23476395501453,72.9481739764952,"https://sun9-53.userapi.com/s/v1/ig2/hCQgshC-zVOoZFZ0PvEalm34HlYLMd8YIcb2wQ4sEP5CC7gYeDPPgc99jfLQADHbbjooKFclxILlOHXxpKsPIU4a.jpg?quality=95&as=32x43,48x64,72x96,108x144,160x213,240x320,360x480,480x640,540x720,640x853,720x960,1080x1440,1280x1707,1440x1920,1920x2560&from=bu&cs=1920x0",,False,,synagogue,True,False,,,,,,,,,,,,,,,
457255283,-7,-170690865,-170690865,1673435653,2023-01-11 12:14:13,58.007813,56.234504,58.00819896273859,56.23476395501453,45.567571879464026,"https://sun9-50.userapi.com/s/v1/ig2/gIRtwg-rGT7cq12RqmkPF1FZW1exfuqpKkltkKA6dvHsHeMXYefIDODB5NSL4GnxfFD1jU1mvjizQxpKjcdlQYhV.jpg?quality=95&as=32x43,48x64,72x96,108x144,160x213,240x320,360x480,480x640,540x720,640x853,720x960,1080x1440,1280x1707,1344x1792&from=bu&cs=1344x0",,False,,synagogue,True,False,,,,,,,,,,,,,,,
457253225,-7,-170690865,-170690865,1661680459,2022-08-28 11:54:19,58.007715,56.234399,58.00819896273859,56.23476395501453,57.95011791683787,"https://sun9-82.userapi.com/s/v1/ig2/nSc7DsNrrVc3ZrCKwNncv3fdMHBg8W_8pZRbJNjIuLfeKjVGRQxM-iWHgEok1hkR5IV_zuDY3YzZUHzJ1FHmnZDV.jpg?quality=95&as=32x43,48x64,72x96,108x144,160x213,240x320,360x480,480x640,540x720,640x853,720x960,1080x1440,1280x1707,1344x1792&from=bu&cs=1344x0",,False,,synagogue,True,False,,,,,,,,,,,,,,,
457257519,-7,-170690865,-170690865,1686149064,2023-06-07 16:44:24,58.007904,56.234332,58.00819896273859,56.23476395501453,41.51239618653149,"https://sun9-15.userapi.com/s/v1/ig2/3XYXw5ZKl7mpZpmCLD3d9YfeVlperG_wS7dJ31w5-Am09kru95J2PwCtXRHqxEXT9aOdAAcxgXbchw8m5kCVfuP0.jpg?quality=95&as=32x43,48x64,72x96,108x144,160x213,240x320,360x480,480x640,540x720,640x853,720x960,1080x1440,1280x1707,1398x1864&from=bu&cs=1398x0",,False,,synagogue,True,False,,,,,,,,,,,,,,,
457321408,301537621,-43730800,-43730800,1755072682,2025-08-13 10:11:22,58.007716,56.236117,58.00819896273859,56.23476395501453,96.11256814457457,"https://sun9-87.userapi.com/s/v1/ig2/dAg9fmUiluvB6WMyeMj5RsoiFFJJ5OIEEdgjSEYad91bj33ogF0Uuk3z6Q0HWgAZetkWm_U_gZtzLEwx5xfKPXUK.jpg?quality=95&as=32x32,48x48,72x72,108x108,160x160,240x240,360x360,480x480,540x540,640x640,720x720,1080x1080,1280x1280,1440x1441,2559x2560&from=bu&cs=2559x0",Продано,False,,synagogue,True,False,,,,,,,,,,,,,,,
456239311,-7,-75252175,-75252175,1486895668,2017-02-12 11:34:28,58.007905,56.235707,58.00819896273859,56.23476395501453,64.45849538358107,"https://sun9-23.userapi.com/s/v1/ig1/iilrhBp4mMy4gMjE3wnkb3W2crz4jJa_hFSGmREScWYYHdo9bNZgooILo7gq1XaPrp4FWHCp.jpg?quality=96&as=32x32,48x48,72x72,108x108,160x160,240x240,360x360,480x480,540x540,640x640,720x720,960x960&from=bu&cs=960x0",,False,,synagogue,True,False,,,,,,,,,,,,,,,
457256911,-7,-170690865,-170690865,1682517768,2023-04-26 16:02:48,58.007722,56.234505,58.00819896273859,56.23476395501453,55.186284082187015,"https://sun9-6.userapi.com/s/v1/ig2/LmiVKHdjTjJCXVJI96x6zW-4Sbfca6zRjCWqSYQwJxCbbeUKZhmEA8Px9uMVXO8WeBVAOYjvGkPAuJBifQwITd9R.jpg?quality=95&as=32x43,48x64,72x96,108x144,160x213,240x320,360x480,480x640,540x720,640x853,720x960,1080x1440,1280x1707,1398x1864&from=bu&cs=1398x0",,False,,synagogue,True,False,,,,,,,,,,,,,,,
401590408,-7,261660768,261660768,1455637174,2016-02-16 16:39:34,58.007926,56.235852,58.00819896273859,56.23476395501453,70.92099431340579,"https://sun9-58.userapi.com/s/v1/ig1/5AZ_EODc7p5Hf8P5uA6Ot9AqIs3hJaLkitb_Bkn4ZYVSNvIvYUfeiFK97I8s74aF_9MLjtDh.jpg?quality=96&as=32x43,48x64,72x96,108x144,160x213,240x320,360x480,480x640,540x720,640x853,720x960&from=bu&cs=720x0",,False,,synagogue,True,False,,,,,,,,,,,,,,,
456241406,252382065,-161325318,-161325318,1554912918,2019-04-10 18:15:18,58.008246,56.255279,58.00763133477656,56.255145877976155,68.79611110117737,"https://sun9-25.userapi.com/s/v1/ig1/pKYlnq4pf8VVuSlt6Kuz2cZOC5IBsAGqOFWHuUJPf7EIdpZDk1YsbvD4jgJwspZuMIibG6ey.jpg?quality=96&as=32x43,48x64,72x96,108x144,160x213,240x320,360x480,480x640,540x720,640x853,720x960&from=bu&cs=720x0",,False,,or avner habad community center,True,False,,,,,,,,,,,,,,,
457240566,-7,-209485236,-209485236,1687364538,2023-06-21 18:22:18,58.007217,56.255889,58.00763133477656,56.255145877976155,63.55480674562671,"https://sun9-1.userapi.com/s/v1/if2/1Sg3v6Ogg3zx5gtULbAwLZm2bxms_H4g6hhQ8uVXO43tcFg1t35e8HjLvhSMqJ3tqMBOJ3NO9yq2zHo3velkwchv.jpg?quality=95&as=32x24,48x36,72x54,108x81,160x120,240x180,360x270,480x360,540x405,640x480,720x540,1080x810,1280x960,1440x1080,2560x1920&from=bu&cs=2560x0",,False,,or avner habad community center,True,False,,,,,,,,,,,,,,,
457254315,-7,-170690865,-170690865,1667304724,2022-11-01 13:12:04,58.007897,56.234398,58.00819896273859,56.23476395501453,39.902113118787824,"https://sun9-8.userapi.com/s/v1/ig2/chzJJwy-vGicmF6sLXH-R3v8xW19OISXkmkXe4UhCU5s-w7Aq-7h5YaERobbLoAg8KyfsFJsy-PisiGULS7L4ipp.jpg?quality=95&as=32x43,48x64,72x96,108x144,160x213,240x320,360x480,480x640,540x720,640x853,720x960,1080x1440,1280x1707,1344x1792&from=bu&cs=1344x0",,False,,synagogue,True,False,,,,,,,,,,,,,,,
457245801,-7,-194619161,-194619161,1731913582,2024-11-18 08:06:22,58.007911,56.234782,58.00819896273859,56.23476395501453,32.037637117550986,"https://sun9-38.userapi.com/s/v1/ig2/v_ddFiQYsVktHcHdqDQgycABNnddC1_Z-oIwCW2CRlR9WGRTxQlar_NTw3LgBQ5pF6i3Z0ZIsLwnBrCdydYIVVRt.jpg?quality=95&as=32x43,48x64,72x96,108x144,160x213,240x320,360x480,480x640,540x720,640x853,720x960,1080x1440,1280x1707,1440x1920,1920x2560&from=bu&cs=1920x0",,False,,synagogue,True,False,,,,,,,,,,,,,,,
457254037,-7,-170690865,-170690865,1665827945,2022-10-15 11:59:05,58.007799,56.234293,58.00819896273859,56.23476395501453,52.41830941546784,"https://sun9-44.userapi.com/s/v1/ig2/QZ6UIJyqS1UJgYzFlkRvHQGIhG4dSQxQEe-tfafUKWNjHPe2Ce7ltYxpbxGBqwPHXtskrLuocMSTHlwYjF6qvwxp.jpg?quality=95&as=32x43,48x64,72x96,108x144,160x214,240x320,360x481,480x641,540x721,640x855,720x961,1080x1442,1280x1709,1342x1792&from=bu&cs=1342x0",,False,,synagogue,True,False,,,,,,,,,,,,,,,
456239275,241508628,-76201644,43383088,1488299097,2017-02-28 17:24:57,58.007765,56.235654,58.00819896273859,56.23476395501453,71.25851791575037,"https://sun9-68.userapi.com/s/v1/ig1/_WRT-OziI7lHSSNcwbmAzEd_NpiaiRHQScxlPca0QcEPD_E0rNnJwutGRJ3LZY2k8PTNWjkn.jpg?quality=96&as=32x43,48x64,72x96,108x144,160x213,240x320,360x480,480x640,540x720,640x853,720x960,1080x1440,1280x1707,1440x1920,1620x2160&from=bu&cs=1620x0",,False,,synagogue,True,False,,,,,,,,,,,,,,,
457254051,-7,-170690865,-170690865,1665828331,2022-10-15 12:05:31,58.007715,56.234399,58.00819896273859,56.23476395501453,57.95011791683787,"https://sun9-27.userapi.com/s/v1/ig2/6FYBJ6JpnPXVtfgiG50P6lIV6FjktMH0CGRpdAUEQtpmth-mE8Wf5tp2j4wf4f_fvePD4LQdrVS3kI82j1sm4Q_k.jpg?quality=95&as=32x43,48x64,72x96,108x144,160x213,240x320,360x480,480x640,540x720,640x853,720x960,1080x1440,1280x1707,1344x1792&from=bu&cs=1344x0",,False,,synagogue,True,False,,,,,,,,,,,,,,,
457253844,-7,-170690865,-170690865,1664613800,2022-10-01 10:43:20,58.007813,56.234504,58.00819896273859,56.23476395501453,45.567571879464026,"https://sun9-20.userapi.com/s/v1/ig2/sv2icT0Xp7llBzAv8nowFM8wC2ayMEexcqut8ftOu-8SeWUVif8Ys827yCvcd6lyqtO49TtiFVZ4annpl3p2fqws.jpg?quality=95&as=32x43,48x64,72x96,108x144,160x213,240x320,360x480,480x640,540x720,640x853,720x960,1080x1440,1280x1707,1344x1792&from=bu&cs=1344x0",,False,,synagogue,True,False,,,,,,,,,,,,,,,
456240544,-7,261660768,261660768,1492937735,2017-04-23 10:55:35,58.008017,56.235852,58.00819896273859,56.23476395501453,67.21544845842148,"https://sun9-34.userapi.com/s/v1/ig1/oKepa4wo0Xc8JKW5meM24GybNCZLBf5e4l9VFlD9saHTjCXZGNg17eCyU1myV7vyLNQg_PKt.jpg?quality=96&as=32x40,48x60,72x90,108x135,160x200,240x300,360x450,480x600,540x675,640x800,720x900,768x960&from=bu&cs=768x0",,False,,synagogue,True,False,,,,,,,,,,,,,,,
401732951,-7,261660768,261660768,1455725691,2016-02-17 17:14:51,58.0078,56.235667,58.00819896273859,56.23476395501453,69.26920650853022,"https://sun9-49.userapi.com/s/v1/ig1/OestiXGgK3lU8aL1sJvNkTXRjlfSn_l2Pj8CkZgsQcG_i_YIic5QanNN3VotYbFtVcVR4sBP.jpg?quality=96&as=32x32,48x48,72x72,108x108,160x160,240x240,360x360,480x480,540x540,640x640,720x720,960x960&from=bu&cs=960x0",,False,5076.0,synagogue,True,False,,,,,,,,,,,,,,,
407503748,-7,261660768,261660768,1459093787,2016-03-27 17:49:47,58.007877,56.235971,58.00819896273859,56.23476395501453,79.61207472523613,"https://sun9-67.userapi.com/s/v1/if1/yaubhdiMP24A_CS2v2ZWWnG2hLs3w1YRvTno1q2OnLFbfWVeeGNDZyg9HZno1jIAUdAS-t75.jpg?quality=96&as=32x24,48x36,72x54,108x81,160x120,240x180,360x270,480x360,540x405,640x480,720x540,960x720&from=bu&cs=960x0",,False,,synagogue,True,False,,,,,,,,,,,,,,,
456240476,-7,-224628741,-224628741,1717592035,2024-06-05 14:53:55,58.007716,56.235602,58.00819896273859,56.23476395501453,72.9481739764952,"https://sun9-38.userapi.com/s/v1/ig2/--_RnmS8YruVUUTb1ZJtdXcizxZj5DPrNFd4IS8hF9iT2YX_VpBuTpu1NZ3D5mdoMkzPHlrDVnWOA6x_DqBUZ-dT.jpg?quality=95&as=32x57,48x85,72x128,108x192,160x284,240x427,360x640,480x853,540x960,640x1138,720x1280,1080x1920,1179x2096&from=bu&cs=1179x0",,False,,synagogue,True,False,,,,,,,,,,,,,,,
457256964,-7,-170690865,-170690865,1682771188,2023-04-29 14:26:28,58.007715,56.234399,58.00819896273859,56.23476395501453,57.95011791683787,"https://sun9-78.userapi.com/s/v1/ig2/l7KqqLPsbX3zMZK2j6yce18Ka1B5HKULa1qZm0HySUH12nyrEDZfYG7bTpZR72UXcj45B3sxoVY-VxF5df1YtrUJ.jpg?quality=95&as=32x43,48x64,72x96,108x144,160x213,240x320,360x480,480x640,540x720,640x853,720x960,1080x1440,1280x1707,1398x1864&from=bu&cs=1398x0",,False,,synagogue,True,False,,,,,,,,,,,,,,,
456239243,-6,396191106,396191106,1486798161,2017-02-11 08:29:21,58.007694,56.234597,58.00819896273859,56.23476395501453,57.00421853451046,"https://sun9-31.userapi.com/s/v1/if1/dwTmzBiz0a7RJ8uns2FvQK8b7F2PZ-3itLZqvVlmi6yoraHHvbnCI_D5JP2-WgI75ZdygirG.jpg?quality=96&as=32x18,48x27,72x40,108x61,160x90,240x135,360x202,480x270,540x304,640x360&from=bu&cs=640x0",,False,158.0,synagogue,True,False,,,,,,,,,,,,,,,
457254253,-7,-170690865,-170690865,1666956070,2022-10-28 13:21:10,58.007813,56.234504,58.00819896273859,56.23476395501453,45.567571879464026,"https://sun9-39.userapi.com/s/v1/ig2/xounXRBIih2Ed2uLzZEnCYwQuLCIdjj0dx2kqt4oR2NtAB5oQiG64_wNi53l6TWFUeXBy39yjYVMTjVlRlrDPW-j.jpg?quality=95&as=32x43,48x64,72x96,108x144,160x213,240x320,360x480,480x640,540x720,640x853,720x960,1080x1440,1280x1707,1344x1792&from=bu&cs=1344x0",,False,,synagogue,True,False,,,,,,,,,,,,,,,
457256746,-7,-170690865,-170690865,1681741679,2023-04-17 16:27:59,58.007722,56.234505,58.00819896273859,56.23476395501453,55.186284082187015,"https://sun9-22.userapi.com/s/v1/ig2/KqEoLGUORbCkIAqKE7TvVqDtAEtF6zshaxADxTLHWfL2FDna7mVXhTYooWxPTI2JRF4jRttrU4dv18zMcegE2RNx.jpg?quality=95&as=32x43,48x64,72x96,108x144,160x214,240x320,360x481,480x641,540x721,640x855,720x961,1080x1442,1280x1709,1342x1792&from=bu&cs=1342x0",,False,,synagogue,True,False,,,,,,,,,,,,,,,
457239266,-7,-209485236,-209485236,1654867406,2022-06-10 15:23:26,58.007315,56.255995,58.00763133477656,56.255145877976155,61.15242598481541,"https://sun9-39.userapi.com/s/v1/ig2/pf2b-z-XPwb54XoGfvjK-_dxvIe1ZSL4wxz1Vkrfv2PPio8reTrW0R-GecK8bz_JqhZQX_2LqaJazxrX5v2B8glA.jpg?quality=95&as=32x43,48x64,72x96,108x144,160x213,240x320,360x480,480x640,540x720,640x853,720x960,1080x1440,1200x1600&from=bu&cs=1200x0",,False,,or avner habad community center,True,False,,,,,,,,,,,,,,,
457245828,-7,-170690865,-170690865,1650372471,2022-04-19 14:47:51,58.008114,56.234583,58.00819896273859,56.23476395501453,14.244094650953375,"https://sun9-18.userapi.com/s/v1/ig2/5fK1yOG091sl0mwPl5-wEVhWzOCF3K0omYNpgqsZj3Vr_bFZJzXs581w6M4tI7-sRPF760gzxXbo0e4aO6JWaDOg.jpg?quality=96&as=32x43,48x64,72x96,108x144,160x214,240x320,360x481,480x641,540x721,640x855,720x961,1080x1442,1280x1709,1342x1792&from=bu&cs=1342x0",,False,,synagogue,True,True,,,,,,,,,,,,,,,
457250795,-7,261660768,261660768,1597983570,2020-08-21 06:19:30,58.008059,56.236143,58.00819896273859,56.23476395501453,82.7181251120391,"https://sun9-23.userapi.com/s/v1/ig2/pAWi9H2epteTR85buRuXJLTro5RrIUAq3TJdlrgoD7Lse1dC8cvaEdUk2L_cYEyMlFw4q_gbQV-nYW_g48IN5hd8.jpg?quality=96&as=32x43,48x64,72x96,108x144,160x214,240x320,360x481,480x641,540x721,640x855,720x961,1080x1442,1280x1709,1342x1792&from=bu&cs=1342x0",,False,,synagogue,True,False,,,,,,,,,,,,,,,
457255039,-7,-170690865,-170690865,1671773769,2022-12-23 06:36:09,58.007904,56.234332,58.00819896273859,56.23476395501453,41.51239618653149,"https://sun9-70.userapi.com/s/v1/ig2/p0_kJeYigd-0UeDQ4sc6IwjnRNnSSqBmRkdcjhGSfEMGb5kujhzXEHVKOFSHAoOFfrypAXesy1NB8_wP5wbVx40p.jpg?quality=95&as=32x43,48x64,72x96,108x144,160x213,240x320,360x480,480x640,540x720,640x853,720x960,1080x1440,1280x1707,1344x1792&from=bu&cs=1344x0",,False,,synagogue,True,False,,,,,,,,,,,,,,,
457251048,-7,261660768,261660768,1603903111,2020-10-28 17:38:31,58.007799,56.234465,58.00819896273859,56.23476395501453,47.83405104017318,"https://sun9-13.userapi.com/s/v1/ig2/mMn08rBY9OGxHJvF6AjN91xZHTg8Fc20ETdDGyXSSHnXDkT_8DcoKFIzk9fdXZZ4xCdw_YguQvTQj_NLfZ6BFA6Y.jpg?quality=96&as=32x43,48x64,72x96,108x144,160x214,240x320,360x481,480x641,540x721,640x855,720x961,1080x1442,1280x1709,1342x1792&from=bu&cs=1342x0",,False,,synagogue,True,False,,,,,,,,,,,,,,,
457321130,301537621,-43730800,-43730800,1752825674,2025-07-18 10:01:14,58.0078,56.236011,58.00819896273859,56.23476395501453,85.8203422920039,"https://sun9-28.userapi.com/s/v1/ig2/ag0Jie-om2Epxt9qcWmv5kXslhNYLmHqnLvS0GCsizWsMgrsQBMnssOqN2GDu0cuDJVz-prBPYtVGFvlRYAtDjUv.jpg?quality=95&as=32x56,48x84,72x125,108x188,160x279,240x418,360x627,480x836,540x940,640x1115,720x1254,1080x1881,1280x2229,1440x2508,1470x2560&from=bu&cs=1470x0",Продано,False,,synagogue,True,False,,,,,,,,,,,,,,,
457255258,-7,-170690865,-170690865,1673350454,2023-01-10 12:34:14,58.007904,56.234504,58.00819896273859,56.23476395501453,36.19748746981516,"https://sun9-23.userapi.com/s/v1/ig2/0TlKH9IsTh7r8yn0MCNsazz1dy28ElzCTP3j5XEWxGLgJKNt2952VAFP7O2ZZCopZBOzm0iFyLtVuVTobLe_7lf6.jpg?quality=95&as=32x43,48x64,72x96,108x144,160x213,240x320,360x480,480x640,540x720,640x853,720x960,1080x1440,1280x1707,1344x1792&from=bu&cs=1344x0",,False,,synagogue,True,False,,,,,,,,,,,,,,,
457257447,-7,-170690865,-170690865,1685633401,2023-06-01 17:30:01,58.007813,56.234504,58.00819896273859,56.23476395501453,45.567571879464026,"https://sun9-80.userapi.com/s/v1/ig2/elQNsKlRj82NYQ8_Xv7KOPh3L_ZOrBXeBRkD0Z5_3XJKHkNzlG23R-FN4CTccdvpy1ivVEChD0LNzR0-idoe-RNN.jpg?quality=95&as=32x43,48x64,72x96,108x144,160x213,240x320,360x480,480x640,540x720,640x853,720x960,1080x1440,1280x1707,1398x1864&from=bu&cs=1398x0",,False,,synagogue,True,False,,,,,,,,,,,,,,,
457239047,-6,872109377,872109377,1729861760,2024-10-25 15:09:20,58.007707,56.25573,58.00763133477656,56.255145877976155,35.425253919991846,"https://sun9-84.userapi.com/s/v1/ig2/t0btzbtYSn2tW7jwSl1mnxndd1xax4Ss5YdSAoVtE_43IMUDnwkSE0DQsk6olNkKatxLktXedjT-9cTl0aMGyMBx.jpg?quality=95&as=32x43,48x64,72x96,108x144,160x213,240x320,360x480,480x640,540x720,640x853,720x960,1080x1440,1280x1707,1440x1920,1920x2560&from=bu&cs=1920x0",,False,16.0,or avner habad community center,True,False,,,,,,,,,,,,,,,
456239233,-7,-151293443,-151293443,1503427616,2017-08-22 20:46:56,58.007919,56.235575,58.00819896273859,56.23476395501453,57.02619840156533,"https://sun9-62.userapi.com/s/v1/ig1/pPCl_y9vJX3a7Jnm4MOwMt6eQudoh1k09THAeOlESDS88_pV8kf5RiiS13hS7RqssvHXNi3N.jpg?quality=96&as=32x32,48x48,72x72,108x108,160x160,240x240,360x360,480x480,540x540,640x640,720x720,960x960&from=bu&cs=960x0",,False,,synagogue,True,False,,,,,,,,,,,,,,,
457322555,286691131,-43730800,-43730800,1761122848,2025-10-22 10:47:28,58.007695,56.2358,58.00819896273859,56.23476395501453,82.8583389920959,"https://sun9-65.userapi.com/s/v1/if2/T-aYeqnmLKtIZAVQ4wC_8erjc8yiz6CCSdIUkXgoRzhF1_EFWF_6Pq7t9jBKp-pIYQ3cpMdxM4Ivp-7T7lv9APDT.jpg?quality=95&as=32x30,48x46,72x68,108x103,160x152,240x228,360x342,480x456,540x513,640x608,720x684,1080x1026,1280x1216,1440x1368,2560x2432&from=bu&cs=2560x0","6400-30%= 4200₽ (оплата наличными)

Размер 42/46
Размер 42/46",False,,synagogue,True,False,,,,,,,,,,,,,,,
391278816,-7,183452788,183452788,1449136041,2015-12-03 10:47:21,58.007918,56.235059,58.00819896273859,56.23476395501453,35.751267561981756,"https://sun9-66.userapi.com/s/v1/ig1/4KV_2Jk5qFTDYf75SCOo2PkKJd7jjAiO62LQiLfXdChxDiWaPyQCBGU2au3V4-M6kmZlcT7x.jpg?quality=96&as=32x40,48x60,72x90,108x135,160x200,240x300,360x451,480x601,540x676,640x801,720x901,767x960&from=bu&cs=767x0",,False,135.0,synagogue,True,False,,,,,,,,,,,,,,,
457239670,-7,460710718,460710718,1600839605,2020-09-23 07:40:05,58.007882,56.255452,58.00763133477656,56.255145877976155,33.19815124827781,"https://sun9-12.userapi.com/s/v1/ig2/HNT3iEMEZ6ZwX3KOMs12GDVFgiOrpyKsjy8PUtC-ZTANdk6U-qa5Qp5xY0QODNiqgXXF3LbeKDGmobjoeTP2egv0.jpg?quality=96&as=32x57,48x85,72x128,108x192,160x284,240x427,360x640,480x853,540x960,576x1024&from=bu&cs=576x0",,False,,or avner habad community center,True,False,,,,,,,,,,,,,,,
456239059,-7,-58954545,-58954545,1483878454,2017-01-08 13:27:34,58.007855,56.234451,58.00819896273859,56.23476395501453,42.45859061311944,"https://sun9-80.userapi.com/s/v1/ig1/9MAg74Erb8tSeMd8fGm9RNQF85i4aldEU14TKBeQMr1Uc4RvkMOSDuthK1zWZIV-p5Hg-Tkx.jpg?quality=96&as=32x32,48x48,72x72,108x108,160x160,240x240,360x360,480x480,540x540,640x640,720x720,960x960&from=bu&cs=960x0",,False,,synagogue,True,False,,,,,,,,,,,,,,,
457255650,-7,-170690865,-170690865,1675692997,2023-02-06 15:16:37,58.007813,56.234504,58.00819896273859,56.23476395501453,45.567571879464026,"https://sun9-23.userapi.com/s/v1/ig2/fvDpwO_j60lngY5Ej-rm5jJNzkeGEAC1t-ZdFnnBA8LbxZNQFseNcWKQNU6_bAdArfyQrOtoAMbYrTJKsJIhj0UG.jpg?quality=95&as=32x43,48x64,72x96,108x144,160x213,240x320,360x480,480x640,540x720,640x853,720x960,1080x1440,1280x1707,1344x1792&from=bu&cs=1344x0",,False,,synagogue,True,False,,,,,,,,,,,,,,,
457241838,-7,-194619161,-194619161,1669875741,2022-12-01 07:22:21,58.007813,56.23502,58.00819896273859,56.23476395501453,45.490675569552515,"https://sun9-61.userapi.com/s/v1/ig2/L3Vk_9ECZ8p9Y6lTJycYIVARFKol_VuzUB_8-ybOZ2XNi80yRybawdDQIPdrM3AVjLKER-DDUTqylPqTo6FH4_7y.jpg?quality=95&as=32x32,48x48,72x72,108x108,160x160,240x240,360x361,480x481,540x541,640x641,720x721,1080x1082,1280x1282,1440x1442,1917x1920&from=bu&cs=1917x0",,False,,synagogue,True,False,,,,,,,,,,,,,,,
456239399,-7,-166609801,-166609801,1533362770,2018-08-04 08:06:10,58.007799,56.235152,58.00819896273859,56.23476395501453,50.00509281829425,"https://sun9-85.userapi.com/s/v1/ig1/eQq5myj24G2s0VHBJfKeaCkzbUKltUM-2YZ1Qg2MzJqU5anzpOL9JzK77cIGaMcT9vCRwGM4.jpg?quality=96&as=32x48,48x72,72x108,108x162,160x239,240x359,360x538,480x718,540x808,640x957,720x1077,1080x1616,1280x1915,1440x2154,1444x2160&from=bu&cs=1444x0",,False,,synagogue,True,False,,,,,,,,,,,,,,,
456239507,-7,63468162,63468162,1518350032,2018-02-11 12:53:52,58.007855,56.234795,58.00819896273859,56.23476395501453,38.2906136658068,"https://sun9-22.userapi.com/s/v1/ig1/AbKr6I2kXivg4vTZPc4zYgGc7g7afwcWk0Ej0DQgvQHV3iO2LjI4d1d0y1Z-ejRKnDnrvyEm.jpg?quality=96&as=32x43,48x64,72x96,108x144,160x213,240x320,360x480,480x640,540x720,605x807&from=bu&cs=605x0",,False,857.0,synagogue,True,False,,,,,,,,,,,,,,,
457257183,-7,-170690865,-170690865,1683905983,2023-05-12 17:39:43,58.007715,56.234399,58.00819896273859,56.23476395501453,57.95011791683787,"https://sun9-59.userapi.com/s/v1/ig2/NKgR3A8_KyqseHXTIpybtJakfa3icPdFsvZP2ymohfhb5CjbFoj5UuvvMaV83Ox8AGuuhaibcXOv0F20IvWsNnp9.jpg?quality=95&as=32x43,48x64,72x96,108x144,160x213,240x320,360x480,480x640,540x720,640x853,720x960,1080x1440,1280x1707,1398x1864&from=bu&cs=1398x0",,False,,synagogue,True,False,,,,,,,,,,,,,,,
456241361,-7,-224628741,-224628741,1727528774,2024-09-28 15:06:14,58.007695,56.2358,58.00819896273859,56.23476395501453,82.8583389920959,"https://sun9-30.userapi.com/s/v1/ig2/t-sb-PyEckLbaqX8ELbqOzszlXpxVrm96PSBySJ9lor5dOEp4wELdtZjqxl3REXYHfSyzl5CKyz_Q0KkuGV4aNxs.jpg?quality=95&as=32x42,48x63,72x95,108x143,160x211,240x317,360x475,480x633,540x713,640x845,720x950,1080x1425,1280x1689,1440x1900,1940x2560&from=bu&cs=1940x0",,False,,synagogue,True,False,,,,,,,,,,,,,,,
457240745,-7,-209485236,-209485236,1695298480,2023-09-21 14:14:40,58.007314,56.255308,58.00763133477656,56.255145877976155,36.55575784575359,"https://sun9-19.userapi.com/s/v1/if2/Jyrfg1uLZunTEK-IolQ_tAA9-b9Wivj-IEiiI1OGGwJKcbeTfaftQ1Bc48cMbYN5U2_nL0RHD_F-1g3FbIBSK8bg.jpg?quality=95&as=32x24,48x36,72x54,108x81,160x120,240x180,360x270,480x360,540x405,640x480,720x540,1080x810,1280x960,1440x1080,2560x1920&from=bu&cs=2560x0",,False,,or avner habad community center,True,False,,,,,,,,,,,,,,,
402402632,-7,261660768,261660768,1456136930,2016-02-22 11:28:50,58.007891,56.235667,58.00819896273859,56.23476395501453,63.26781884662808,"https://sun9-71.userapi.com/s/v1/ig1/OG__eVz8I0EHuDWXpeqymse1yNFUuF2kHTux4h20Ut91WEIPjJL737w_DUuZtIdZRtqVNR4h.jpg?quality=96&as=32x43,48x64,72x96,108x144,160x213,240x320,360x480,480x640,540x720,640x853,720x960&from=bu&cs=720x0",,False,5116.0,synagogue,True,False,,,,,,,,,,,,,,,
325257621,-6,51403243,51403243,1395741474,2014-03-25 10:57:54,58.008003,56.235469,58.00819896273859,56.23476395501453,46.9036798386652,"https://sun9-31.userapi.com/s/v1/ig2/7BJFjoHhAHvL4atBwFpfp-OkvZfKoFNlT1KEMxTQXpags-rqnARGXlMTHtxvnF4OPhZ8-5hTIebxqKqEgLCpToWh.jpg?quality=96&as=32x43,48x64,72x96,108x144,160x213,240x320,360x480,480x640,540x720,640x853,720x960,1080x1440,1280x1707,1440x1920,1536x2048&from=bu&cs=1536x0",,False,1894.0,synagogue,True,False,,,,,,,,,,,,,,,
457257080,-7,-170690865,-170690865,1683287238,2023-05-05 13:47:18,58.007715,56.234399,58.00819896273859,56.23476395501453,57.95011791683787,"https://sun9-82.userapi.com/s/v1/ig2/avmRrlZ7eSuxuJ7G10xGaQAUvZXdCDCpC7W5zSXfwW7MkM5oOYnp2YI0tzULp8PjrL_VpxNeuJjWI-V8Rxp-nKrI.jpg?quality=95&as=32x43,48x64,72x96,108x144,160x213,240x320,360x480,480x640,540x720,640x853,720x960,1080x1440,1280x1707,1398x1864&from=bu&cs=1398x0",,False,,synagogue,True,False,,,,,,,,,,,,,,,
457255619,-7,-170690865,-170690865,1675509241,2023-02-04 12:14:01,58.007813,56.234504,58.00819896273859,56.23476395501453,45.567571879464026,"https://sun9-81.userapi.com/s/v1/ig2/gKXl-QMTQ1YCXA2hDE_JL43VU9ZIT59YdAsUysEGQx0qYNXCvY61KyULUkNekXrEooIxt-YrsZgXDyFNHrz9XCA7.jpg?quality=95&as=32x43,48x64,72x96,108x144,160x213,240x320,360x480,480x640,540x720,640x853,720x960,1080x1440,1280x1707,1344x1792&from=bu&cs=1344x0",,False,,synagogue,True,False,,,,,,,,,,,,,,,
456239351,-7,-124299091,-124299091,1548511406,2019-01-26 15:03:26,58.007974,56.23453,58.00819896273859,56.23476395501453,28.560358847207404,"https://sun9-80.userapi.com/s/v1/ig2/CBrAGKn9hG6fqQtng6o6BPRnXp2oZqIbgcrrNnLDBURavPlj0REZvtWY9z-J30oY3zKgm4zVCGlmyVYW-tqA6CEV.jpg?quality=96&as=32x32,48x48,72x72,108x108,160x160,240x240,360x360,480x480,540x540,640x640,720x720,1080x1080,1280x1280,1440x1440,1500x1500&from=bu&cs=1500x0",,False,,synagogue,True,False,,,,,,,,,,,,,,,
457255319,-7,-170690865,-170690865,1673584780,2023-01-13 05:39:40,58.007897,56.234398,58.00819896273859,56.23476395501453,39.902113118787824,"https://sun9-58.userapi.com/s/v1/ig2/qXgNAWJ2V2zTzN94aXkAiIxzvwZfC29JMLvD6ROeLkYhtSi7NIWV6vdpCc2GJM6hoWfGipbj0kae8XxOwUsejcLQ.jpg?quality=95&as=32x43,48x64,72x96,108x144,160x213,240x320,360x480,480x640,540x720,640x853,720x960,1080x1440,1280x1707,1344x1792&from=bu&cs=1344x0",,False,,synagogue,True,False,,,,,,,,,,,,,,,
457254311,-7,-170690865,-170690865,1667304618,2022-11-01 13:10:18,58.007813,56.234504,58.00819896273859,56.23476395501453,45.567571879464026,"https://sun9-51.userapi.com/s/v1/ig2/ga37ow9sfnQVjZ6dDwDKQ3ti4c5CU-DaGpPDT4D0QWJcjHVKXHxtYQ6ztnk9Nn4nisYi4dQxb-SH4wVvRGoFmUFH.jpg?quality=95&as=32x43,48x64,72x96,108x144,160x213,240x320,360x480,480x640,540x720,640x853,720x960,1080x1440,1280x1707,1344x1792&from=bu&cs=1344x0",,False,,synagogue,True,False,,,,,,,,,,,,,,,
457254313,-7,-170690865,-170690865,1667304618,2022-11-01 13:10:18,58.007813,56.234504,58.00819896273859,56.23476395501453,45.567571879464026,"https://sun9-28.userapi.com/s/v1/ig2/xTdBFXlJ3zPXyurOTDYwwJefbNCW77hlLpKZaD5l_kxnhLwaQd9IkbMxtaQ99kKEhxOjhFnZdgcIUXpKYtSQLQn_.jpg?quality=95&as=32x43,48x64,72x96,108x144,160x213,240x320,360x480,480x640,540x720,640x853,720x960,1080x1440,1280x1707,1344x1792&from=bu&cs=1344x0",,False,,synagogue,True,False,,,,,,,,,,,,,,,
457254312,-7,-170690865,-170690865,1667304618,2022-11-01 13:10:18,58.007813,56.234504,58.00819896273859,56.23476395501453,45.567571879464026,"https://sun9-4.userapi.com/s/v1/ig2/5lTtp446OZvZrzze8RSiLQEnLHkcsVZnle6qQ4piD43lQyU_yhfe5FUr34Wh6Z9qubE5pD1XRmxYRZHa4Q4lulc5.jpg?quality=95&as=32x43,48x64,72x96,108x144,160x213,240x320,360x480,480x640,540x720,640x853,720x960,1080x1440,1280x1707,1344x1792&from=bu&cs=1344x0",,False,,synagogue,True,False,,,,,,,,,,,,,,,
457240786,-7,-194619161,-194619161,1659559024,2022-08-03 22:37:04,58.007813,56.234676,58.00819896273859,56.23476395501453,43.22875901210856,"https://sun9-79.userapi.com/s/v1/ig2/_kj3pCkso3H0WF6CUqee6LlUa4kbk4MJ88gU7BJVJJC3SZfwRH3ntPNbJfKTm7WQKRxCYOmgMdagLLqD3jKI-koN.jpg?quality=95&as=32x43,48x64,72x96,108x144,160x213,240x320,360x480,480x640,540x721,640x854,720x961,1080x1441,1280x1708,1388x1852&from=bu&cs=1388x0",,False,,synagogue,True,False,,,,,,,,,,,,,,,
457255381,-7,-170690865,-170690865,1674042385,2023-01-18 12:46:25,58.007806,56.234399,58.00819896273859,56.23476395501453,48.698462152861765,"https://sun9-56.userapi.com/s/v1/ig2/3pFhvyvfFFzLoGP0ArA0aar83vr_czQ0fvK1PNQk1xIzpvES0rwJhI5mBXcxa8VT5sJZAA2B5LdPJeQGhAPwnO8a.jpg?quality=95&as=32x43,48x64,72x96,108x144,160x213,240x320,360x480,480x640,540x720,640x853,720x960,1080x1440,1280x1707,1344x1792&from=bu&cs=1344x0",,False,,synagogue,True,False,,,,,,,,,,,,,,,
457239317,289811781,710799431,710799431,1670613036,2022-12-09 20:10:36,58.007723,56.235707,58.00819896273859,56.23476395501453,76.72991767250984,"https://sun9-83.userapi.com/s/v1/ig2/Q9zM_PJ4hZWv-l8yNYtZm0Vh_F6xpHfMjhwllLe1lGmHmVD7cEJiyrKaoBOGXjuSIbx4qTctirn9SppY0IARp-rO.jpg?quality=95&as=32x32,48x48,72x72,108x108,160x160,240x240,360x360,480x480,540x540,640x640,720x720,1080x1080,1280x1280,1440x1440,2560x2560&from=bu&cs=2560x0",,False,,synagogue,True,False,,,,,,,,,,,,,,,
457257889,-7,-170690865,-170690865,1688400672,2023-07-03 18:11:12,58.008114,56.234411,58.00819896273859,56.23476395501453,22.83853256185169,"https://sun9-46.userapi.com/s/v1/ig2/D7ZKFJBfhNHABNC0q5Y3QIOh6mRvZZZmUe9oqGHHvznAz3jSkogOiIHBkr5PsEjSQMUS18rsoEJGyJfX-0ufC-QL.jpg?quality=95&as=32x43,48x64,72x96,108x144,160x213,240x320,360x480,480x640,540x720,640x853,720x960,1080x1440,1280x1707,1398x1864&from=bu&cs=1398x0",,False,,synagogue,True,False,,,,,,,,,,,,,,,
456243134,-7,261660768,261660768,1518680177,2018-02-15 08:36:17,58.007982,56.235495,58.00819896273859,56.23476395501453,49.36350398026458,"https://sun9-83.userapi.com/s/v1/ig2/PLUVx1BLOWAbKo572IU1_t5BGxfkAODFSLEbO0mXU4QiFwnckIO5sz9BfmcBGGFLa1jUICmMHUNeIGXLPTLGWPrx.jpg?quality=96&as=32x40,48x60,72x90,108x135,160x200,240x300,360x450,480x600,540x675,640x800,720x900,768x960&from=bu&cs=768x0",,False,,synagogue,True,False,,,,,,,,,,,,,,,
457239050,-7,652920858,652920858,1621068032,2021-05-15 10:40:32,58.007687,56.234663,58.00819896273859,56.23476395501453,57.23748589589643,"https://sun9-83.userapi.com/s/v1/ig2/URYzR2memZuEVPupMUTjvd4MGRvdxJAmwEyooPlI989Kmz0EgaKKheD_9HY2rOM6OS_ykro26X-sE3iA48qIcanf.jpg?quality=96&as=32x43,48x64,72x96,108x144,160x213,240x320,360x480,480x640,540x720,640x853,720x960,1080x1440,1200x1600&from=bu&cs=1200x0",,False,,synagogue,True,False,,,,,,,,,,,,,,,
457257420,-7,-170690865,-170690865,1685453809,2023-05-30 15:36:49,58.007799,56.234293,58.00819896273859,56.23476395501453,52.41830941546784,"https://sun9-44.userapi.com/s/v1/ig2/I0SzmnrDWUgAzj8QsZQrI9FDVVf_nI6Rll6MWdbnNKbNHxtiRfMzQoFkz9hWvyKjecuDkuz4ScpyHQ3PL14p_4cx.jpg?quality=95&as=32x43,48x64,72x96,108x144,160x213,240x320,360x480,480x640,540x720,640x853,720x960,1080x1440,1280x1707,1398x1864&from=bu&cs=1398x0",,False,,synagogue,True,False,,,,,,,,,,,,,,,
457316345,-7,222199696,222199696,1666952536,2022-10-28 12:22:16,58.008107,56.234821,58.00819896273859,56.23476395501453,10.763838839568535,"https://sun9-75.userapi.com/s/v1/ig2/8XzBD1fUD3959-z_ub5kugWFWD-6WVgXoggs_83JAJHKWQLdK9f3lO_A3O_Xc3Kam3xatPx9RHiGqI4YdMp83IBk.jpg?quality=95&as=32x43,48x64,72x96,108x144,160x214,240x320,360x480,480x641,540x721,640x854,720x961,1080x1441,1280x1708,1440x1922,1918x2560&from=bu&cs=1918x0",,False,,synagogue,True,True,,,,,,,,,,,,,,,
457242975,-7,-69074087,-69074087,1592453645,2020-06-18 06:14:05,58.007799,56.234808,58.00819896273859,56.23476395501453,44.54945572405847,"https://sun9-84.userapi.com/s/v1/ig2/GfzsDytgKC9uRnUVlTjf5VDxesaHXpa5ib2bD0kUR1jKrjRLJMsm0vMRApkqCwr5F1muP3UPxMCnSGZD8V7l_r-c.jpg?quality=96&as=32x43,48x64,72x96,108x144,160x213,240x320,360x480,480x640,540x720,640x853,720x960,1000x1333&from=bu&cs=1000x0",,False,,synagogue,True,False,,,,,,,,,,,,,,,
457314516,301537621,-43730800,-43730800,1733809660,2024-12-10 06:47:40,58.007723,56.235707,58.00819896273859,56.23476395501453,76.72991767250984,"https://sun9-42.userapi.com/s/v1/ig2/wYeFux9jHTOriJ4fri8hP1xbKcwmakfoy7kjHgdWANFVKQaCUIO3BTh7m6Q3sPR5rOR8-7OCHBpkwrtAqS7dOCz1.jpg?quality=95&as=32x43,48x64,72x96,108x144,160x213,240x320,360x480,480x640,540x720,640x853,720x960,1080x1440,1280x1707,1440x1920,1920x2560&from=bu&cs=1920x0",❌SOLD OUT❌,False,,synagogue,True,False,,,,,,,,,,,,,,,
456239679,-7,286527564,286527564,1538057901,2018-09-27 16:18:21,58.00775,56.23424,58.00819896273859,56.23476395501453,58.69416218133622,"https://sun9-33.userapi.com/s/v1/if1/y5xq8broUi00_pwXG6rmGUeS73Gy41mj3OoSTa3rCoYgHbqNscTpwM8WHvUkbeVEpVg6DxPG.jpg?quality=96&as=32x30,48x44,72x66,108x100,160x148,240x221,360x332,480x443,540x498,640x591,720x664,960x886&from=bu&cs=960x0",,False,1032.0,synagogue,True,False,,,,,,,,,,,,,,,
457242459,-7,-76634753,-76634753,1651480913,2022-05-02 10:41:53,58.007608,56.255281,58.00763133477656,56.255145877976155,8.372489562880308,"https://sun9-78.userapi.com/s/v1/ig2/CUam110c6_362uar2PzIc4laS-KwaB2ye6wdFwsRhsNTF-N2kmC0fj9EJ-HYdUk60vgtEYr00Uw7JnL8vwnTeEHN.jpg?quality=95&as=32x43,48x64,72x96,108x144,160x213,240x320,360x480,480x640,540x721,640x854,720x961,1080x1441,1280x1708,1388x1852&from=bu&cs=1388x0",,False,,or avner habad community center,True,True,,,,,,,,,,,,,,,
457254609,-7,-170690865,-170690865,1668853429,2022-11-19 11:23:49,58.00782,56.23461,58.00819896273859,56.23476395501453,43.10373252508328,"https://sun9-73.userapi.com/s/v1/ig2/aOh5hYZhtQyHtbmzZhBZcFTW-OdYTl6H9uKn5u9cGwVeoGsuKE4e2B4o7Jeu1_etuR6WAihH87IAau9qrgY2JNNi.jpg?quality=95&as=32x43,48x64,72x96,108x144,160x213,240x320,360x480,480x640,540x720,640x853,720x960,1080x1440,1280x1707,1344x1792&from=bu&cs=1344x0",,False,,synagogue,True,False,,,,,,,,,,,,,,,
457253738,-7,-170690865,-170690865,1664016090,2022-09-24 12:41:30,58.007813,56.234504,58.00819896273859,56.23476395501453,45.567571879464026,"https://sun9-63.userapi.com/s/v1/ig2/BoqMVD28ERxgSHXbFxM9iaT2Gmi_PsX3cHJTEuk6L5SVS7F1gXOQoDQP38U7jzCp2banGlAGRzbIighrzHJIbKQQ.jpg?quality=95&as=32x43,48x64,72x96,108x144,160x213,240x320,360x480,480x640,540x720,640x853,720x960,1080x1440,1280x1707,1344x1792&from=bu&cs=1344x0",,False,,synagogue,True,False,,,,,,,,,,,,,,,
457256273,-7,-170690865,-170690865,1679237687,2023-03-19 15:54:47,58.007722,56.234505,58.00819896273859,56.23476395501453,55.186284082187015,"https://sun9-77.userapi.com/s/v1/ig2/2L_dx3cUezGjETbxCpWMXfjzEVSPdbgtm20KQ3x-kQqY1l6WjPh0yrkvNarCiwV5STmDQaUj39XKBojZM_WwnLJr.jpg?quality=95&as=32x43,48x64,72x96,108x144,160x214,240x320,360x481,480x641,540x721,640x855,720x961,1080x1442,1280x1709,1342x1792&from=bu&cs=1342x0",,False,,synagogue,True,False,,,,,,,,,,,,,,,
456240038,-7,-224628741,-224628741,1714154267,2024-04-26 19:57:47,58.007695,56.2358,58.00819896273859,56.23476395501453,82.8583389920959,"https://sun9-46.userapi.com/s/v1/ig2/1Jt67GAIj4P3Gi30TpZWxfJJdv-KpvXKYZlXIT5bH3nMxjg7yxX77M7ocGUzd17njBCtBhJCVfqHNWefUIQDIheQ.jpg?quality=95&as=32x43,48x64,72x96,108x144,160x213,240x320,360x480,480x640,540x720,640x853,720x960,1080x1440,1280x1707,1440x1920,1920x2560&from=bu&cs=1920x0",,False,,synagogue,True,False,,,,,,,,,,,,,,,
413543815,-7,-107411067,-107411067,1460474218,2016-04-12 17:16:58,58.008052,56.236209,58.00819896273859,56.23476395501453,86.68327099882261,"https://sun9-1.userapi.com/s/v1/if1/EtG3TgSDXHLmjrGFlFD7TMq8WfaWHioOKyaUh4bJISkGMRsaH4UqZnRgtkQWqUZekfpgACqv.jpg?quality=96&as=32x24,48x36,72x54,108x81,160x120,240x180,360x270,480x360,540x405,640x480,720x540,960x720&from=bu&cs=960x0",,False,198.0,synagogue,True,False,,,,,,,,,,,,,,,
457314404,301537621,-43730800,-43730800,1733410317,2024-12-05 15:51:57,58.007709,56.236011,58.00819896273859,56.23476395501453,91.462131381659,"https://sun9-22.userapi.com/s/v1/ig2/ealbmzhvj6dDI8JqrbAyjx2-HhP9s36pJCXsHDF1AG-ib-q14h66h_sl1x5bkO9PxwN2PeWbgUANWz-EB1Evz_-R.jpg?quality=95&as=32x43,48x64,72x96,108x145,160x214,240x321,360x482,480x643,540x723,640x857,720x964,1080x1446,1280x1714,1440x1928,1912x2560&from=bu&cs=1912x0",Продано,False,,synagogue,True,False,,,,,,,,,,,,,,,
457315096,301537621,-43730800,-43730800,1735218245,2024-12-26 14:04:05,58.007814,56.235879,58.00819896273859,56.23476395501453,78.40494941846167,"https://sun9-35.userapi.com/s/v1/ig2/6NGFyPVM86nRB0wxfAFhFTijR5Kak4n4mPMxPTatPPxfPjaaKhsAHkyRxmD5udrTrKslbgKSnEotMUFj-9Hfo3MJ.jpg?quality=95&as=32x43,48x64,72x96,108x144,160x213,240x320,360x480,480x640,540x720,640x853,720x960,1080x1440,1280x1707,1440x1920,1920x2560&from=bu&cs=1920x0",❌SOLD OUT❌,False,,synagogue,True,False,,,,,,,,,,,,,,,
456239250,-7,-75252175,-75252175,1483507572,2017-01-04 06:26:12,58.007793,56.235733,58.00819896273859,56.23476395501453,72.77843806531625,"https://sun9-79.userapi.com/s/v1/ig1/o0PolPtrU19uOtGNdLTyEJJz_mdq0kV8p3ndrp2uk95lRN1s6cf0DHcYMsJE946O-pC0_qY9.jpg?quality=96&as=32x32,48x48,72x72,108x108,160x160,240x240,360x360,480x480,540x540,640x640,720x720,960x960&from=bu&cs=960x0",,False,,synagogue,True,False,,,,,,,,,,,,,,,
457239707,292620556,-209485236,-209485236,1674889618,2023-01-28 08:06:58,58.007399,56.255889,58.00763133477656,56.255145877976155,50.8330616786655,"https://sun9-76.userapi.com/s/v1/ig2/wzW3yzegGAENQl4sRX-4l0qUyjEFt_OfQsPOEPsao7TojanE4GLAshZBMz2SIalLbHY28axl5lFHMygrit6pO_-U.jpg?quality=95&as=32x43,48x64,72x96,108x144,160x213,240x320,360x480,480x640,540x720,640x853,720x960,1080x1440,1280x1707,1440x1920,1920x2560&from=bu&cs=1920x0",,False,,or avner habad community center,True,False,,,,,,,,,,,,,,,
456241723,-7,269898165,269898165,1548063366,2019-01-21 10:36:06,58.008128,56.234451,58.00819896273859,56.23476395501453,20.054081315952764,"https://sun9-85.userapi.com/s/v1/ig1/t2xISypPP37mPnHfOAeRPHc7IH4zphc4M7FoJKV0FuCz3YE5R5QooqwqvKEn9Wj7V3h-kKaX.jpg?quality=96&as=32x40,48x60,72x90,108x135,160x200,240x300,360x450,480x600,540x675,640x800,720x900,768x960&from=bu&cs=768x0",,False,886.0,synagogue,True,False,,,,,,,,,,,,,,,
345871329,-6,271864255,271864255,1417018117,2014-11-26 17:08:37,58.007925,56.234993,58.00819896273859,56.23476395501453,33.31785293489086,"https://sun9-31.userapi.com/s/v1/ig1/y4YT1mpxBDIWwJLtzK34a1B1QoyT6uw2_1DLMVrHeLQIk9_DPnrSvHm6GccA-6Of_zo5Sw.jpg?quality=96&as=32x43,48x64,72x96,108x144,160x213,240x320,360x480,480x640,540x720,616x821&from=bu&cs=616x0",,False,7.0,synagogue,True,False,,,,,,,,,,,,,,,
457253268,-7,-170690865,-170690865,1661864715,2022-08-30 15:05:15,58.007806,56.234399,58.00819896273859,56.23476395501453,48.698462152861765,"https://sun9-29.userapi.com/s/v1/ig2/r5KoB2KDNxKM4rbRYdWNXwcVlAricgGdObfyoSgcpcdNgW1JTtNnbreevWmZhIjP3B2e0zVJgYa9taXn0mxu6C6X.jpg?quality=95&as=32x43,48x64,72x96,108x144,160x213,240x320,360x480,480x640,540x720,640x853,720x960,1080x1440,1280x1707,1344x1792&from=bu&cs=1344x0",,False,,synagogue,True,False,,,,,,,,,,,,,,,
457251050,-7,261660768,261660768,1603903112,2020-10-28 17:38:32,58.007792,56.234531,58.00819896273859,56.23476395501453,47.2874140870424,"https://sun9-71.userapi.com/s/v1/ig2/P8rMPDP3RjBO5v21n8vF54ZLodPkPJZ1Zq0XpMu5LTbCy3Lb2S6EokMJohU4G312FAAmmuzVZuA27tEPjDcg65G5.jpg?quality=96&as=32x43,48x64,72x96,108x144,160x214,240x320,360x481,480x641,540x721,640x855,720x961,1080x1442,1280x1709,1342x1792&from=bu&cs=1342x0",,False,,synagogue,True,False,,,,,,,,,,,,,,,
456243073,-7,261660768,261660768,1518113084,2018-02-08 19:04:44,58.007877,56.235628,58.00819896273859,56.23476395501453,62.23087932058386,"https://sun9-3.userapi.com/s/v1/ig1/lkMhPq8BO3hXjev7pn_Y0_1_fS7eE8wnAlpZnfYr9urTVxWTMyfvbmOwiIwKkbpeFXxHHm2m.jpg?quality=96&as=32x40,48x60,72x90,108x135,160x199,240x299,360x449,480x598,540x673,640x798,720x898,770x960&from=bu&cs=770x0",,False,,synagogue,True,False,,,,,,,,,,,,,,,
457239768,-7,-194619161,-194619161,1647758129,2022-03-20 07:35:29,58.007842,56.235443,58.00819896273859,56.23476395501453,56.3538374152652,"https://sun9-70.userapi.com/s/v1/ig2/v6lQn4E26PVWAskWCxxK3ZCzl7n87FgTIxKzewd2KF-Xkko0iR86ze0SQRPdk9BKOMTBmYZ9ANcLKRic84e9kGVo.jpg?quality=96&as=32x43,48x64,72x96,108x144,160x213,240x320,360x480,480x640,540x721,640x854,720x961,1080x1441,1280x1708,1388x1852&from=bu&cs=1388x0",,False,,synagogue,True,False,,,,,,,,,,,,,,,
421519131,-7,28689330,28689330,1467387617,2016-07-01 17:40:17,58.007954,56.235416,58.00819896273859,56.23476395501453,47.09005899652475,"https://sun9-69.userapi.com/s/v1/ig1/v9mB1ggoIEvbNbu2K9UwVhFsRZnW5nBQHjWU4jj9hWQIyFcEYuW1DftnRtdZTxmyYF0rSVS4.jpg?quality=96&as=32x43,48x64,72x96,108x144,160x213,240x320,360x480,480x640,540x720,640x853,720x960,768x1024&from=bu&cs=768x0",,False,,synagogue,True,False,,,,,,,,,,,,,,,
457257189,-7,-170690865,-170690865,1683906266,2023-05-12 17:44:26,58.007722,56.234505,58.00819896273859,56.23476395501453,55.186284082187015,"https://sun9-53.userapi.com/s/v1/ig2/c-3XP90eJ5oDgKBBQi-y_yS3MtDeA8UYOp4XhtlADm1iV3G_4sbGwxz9vkdgry-pAf4pE4NARa9Bf3sLQ3E61zTM.jpg?quality=95&as=32x43,48x64,72x96,108x144,160x213,240x320,360x480,480x640,540x720,640x853,720x960,1080x1440,1280x1707,1398x1864&from=bu&cs=1398x0",,False,,synagogue,True,False,,,,,,,,,,,,,,,
456242448,-7,124474976,124474976,1538836363,2018-10-06 16:32:43,58.007821,56.235813,58.00819896273859,56.23476395501453,74.73693356164176,"https://sun9-28.userapi.com/s/v1/ig1/I9GQbyQOx7k3aQuEzhrE5rgJy88d8uwdo1EnQBvqViZIqXZpDEgRfLTCUhm39G1NQ2TcgI0-.jpg?quality=96&as=32x43,48x64,72x96,108x144,160x213,240x320,360x480,480x640,540x721,640x854&from=bu&cs=640x0",,False,3263.0,synagogue,True,False,,,,,,,,,,,,,,,
319081063,185549258,8096518,8096518,1389511175,2014-01-12 08:19:35,58.008002,56.234438,58.00819896273859,56.23476395501453,29.127217293097633,"https://sun9-79.userapi.com/s/v1/ig2/HGu8NtYEiR_LhzckC8XF_Dnz85hCVzLctFiE8sYj613NqFTf4ld7jIy87JwfEjIZNRntSV0WYuXXQlZgiJh-SR7Z.jpg?quality=96&as=32x43,48x64,72x96,108x144,160x213,240x320,360x480,480x640,540x720,640x853,720x960,960x1280&from=bu&cs=960x0",,False,,synagogue,True,False,,,,,,,,,,,,,,,
457256960,-7,-170690865,-170690865,1682771003,2023-04-29 14:23:23,58.007722,56.234505,58.00819896273859,56.23476395501453,55.186284082187015,"https://sun9-54.userapi.com/s/v1/ig2/8ZtlrJZHvwGJWe5lvJVCOp2HaTdreXU1IURKJdfDDzsrBS6vXbBtthD18zUqq535N7Gt7zRpNP2epNs_ANF8r5pn.jpg?quality=95&as=32x43,48x64,72x96,108x144,160x213,240x320,360x480,480x640,540x720,640x853,720x960,1080x1440,1280x1707,1398x1864&from=bu&cs=1398x0",,False,,synagogue,True,False,,,,,,,,,,,,,,,
457253167,-7,-170690865,-170690865,1661509011,2022-08-26 12:16:51,58.007911,56.23461,58.00819896273859,56.23476395501453,33.27970507679034,"https://sun9-9.userapi.com/s/v1/ig2/cbXdTFoYLheWupny0Me-vHFF0DUQwYSkkYF7e_QIntK088Kf1trzZqATz4_Iu0mW3vCGPL7UKRcd4IR84cj1yJiX.jpg?quality=95&as=32x43,48x64,72x96,108x144,160x213,240x320,360x480,480x640,540x720,640x853,720x960,1080x1440,1280x1707,1344x1792&from=bu&cs=1344x0",,False,,synagogue,True,False,,,,,,,,,,,,,,,
457256008,-7,-170690865,-170690865,1677847975,2023-03-03 13:52:55,58.007722,56.234505,58.00819896273859,56.23476395501453,55.186284082187015,"https://sun9-8.userapi.com/s/v1/ig2/C9Rhp6MM4JEy84GN26Ufi3CkNn9bYWaczf6kZEkwFUOHbdS3b-DIBIIFRgR3jhRcYrSeP4fWx9AB4CJAu0VwP4Jr.jpg?quality=95&as=32x43,48x64,72x96,108x144,160x214,240x320,360x481,480x641,540x721,640x855,720x961,1080x1442,1280x1709,1342x1792&from=bu&cs=1342x0",,False,,synagogue,True,False,,,,,,,,,,,,,,,
456240753,-7,-224628741,-224628741,1722093631,2024-07-27 17:20:31,58.007695,56.2358,58.00819896273859,56.23476395501453,82.8583389920959,"https://sun9-3.userapi.com/s/v1/ig2/TEdjEhXXtnlVuGtr3caN9QOzRy9LItDJZ6ANfgzsyQHRJxw_O9-1gNioSJn1n9R5GdH8RKb7NkhddfbqDhUS6vHp.jpg?quality=95&as=32x43,48x64,72x96,108x144,160x213,240x320,360x480,480x640,540x720,640x853,720x960,1080x1440,1280x1707,1440x1920,1920x2560&from=bu&cs=1920x0",,False,,synagogue,True,False,,,,,,,,,,,,,,,
457240517,-6,124979090,124979090,1741443057,2025-03-08 15:10:57,58.008205,56.234926,58.00819896273859,56.23476395501453,9.56978033944169,"https://sun9-45.userapi.com/s/v1/ig2/JHDMxcuCUr-72vu63sWnHGIVNcUXS173fyzR0j_-SPvwipY2R4KQPYEsd6dQnvEI95DMqkHJfG_k6esS3oYl6vOE.jpg?quality=95&as=32x43,48x64,72x96,108x144,160x213,240x320,360x480,480x640,540x720,640x853,720x960,1080x1440,1280x1707,1440x1920,1920x2560&from=bu&cs=1920x0",,False,1248.0,synagogue,True,False,,,,,,,,,,,,,,,
456239033,301679057,-224628741,-224628741,1707758189,2024-02-12 18:16:29,58.007695,56.2358,58.00819896273859,56.23476395501453,82.8583389920959,"https://sun9-71.userapi.com/s/v1/ig2/kOdAobsHfghHAmuuXuSlAQrfu3t54cjnW_RaBEO_S9PF2OgZM98YdnBp_D0LOidiIyPL8HG2V1nQqrZy81J5oSMG.jpg?quality=95&as=32x41,48x62,72x93,108x139,160x206,240x309,360x464,480x618,540x696,640x825,720x928,1080x1391,1280x1649,1440x1855,1987x2560&from=bu&cs=1987x0",,False,,synagogue,True,False,,,,,,,,,,,,,,,
456243551,-7,261660768,261660768,1526148980,2018-05-12 20:16:20,58.007933,56.235786,58.00819896273859,56.23476395501453,67.0806851405364,"https://sun9-21.userapi.com/s/v1/ig1/_5LoQmoyNltDcUAekh4dOTBaqxZ7WQ2FZkTtyuJMzpvEPSw_PdVeHds4YZLuT7zcP2VO2cx_.jpg?quality=96&as=32x40,48x60,72x90,108x135,160x200,240x300,360x450,480x600,540x675,640x800,720x900,768x960&from=bu&cs=768x0",,False,,synagogue,True,False,,,,,,,,,,,,,,,
457254927,-7,-170690865,-170690865,1671110573,2022-12-15 14:22:53,58.007813,56.234504,58.00819896273859,56.23476395501453,45.567571879464026,"https://sun9-35.userapi.com/s/v1/ig2/6ywVg-EDGV5Prjr6-dG1c7p5hwF6rDWSf6Z2n_xjiuTvybRW_NVjkGfIAuVeeZg4wDZ4cWQ2SR4qW8uAHy_SK8ax.jpg?quality=95&as=32x43,48x64,72x96,108x144,160x213,240x320,360x480,480x640,540x720,640x853,720x960,1080x1440,1280x1707,1344x1792&from=bu&cs=1344x0",,False,,synagogue,True,False,,,,,,,,,,,,,,,
457316843,301537621,-43730800,-43730800,1739968574,2025-02-19 13:36:14,58.007702,56.235906,58.00819896273859,56.23476395501453,87.06401057124822,"https://sun9-34.userapi.com/s/v1/ig2/-NWMjw9w33xJ9HBhMm_J5PgFpwDyIHNWobka1ROISHjnVgIl2UoxuQNDc37EywoMzU4oGmFggEP1ky2bSU5fM0YV.jpg?quality=95&as=32x43,48x64,72x96,108x144,160x213,240x320,360x480,480x640,540x720,640x853,720x960,1080x1440,1280x1707,1440x1920,1920x2560&from=bu&cs=1920x0",Продано,False,,synagogue,True,False,,,,,,,,,,,,,,,
457257482,-7,-170690865,-170690865,1685893633,2023-06-04 17:47:13,58.007715,56.234399,58.00819896273859,56.23476395501453,57.95011791683787,"https://sun9-42.userapi.com/s/v1/ig2/pDIWwSvEPlss61cvJY-XMIPhnCkxEJVwrIQ4Fp2SvczO01WeDgTEx2dQP5yVl2uoy4pdcdMWQR1lQEIVVRpH5tON.jpg?quality=95&as=32x43,48x64,72x96,108x144,160x213,240x320,360x480,480x640,540x720,640x853,720x960,1080x1440,1280x1707,1398x1864&from=bu&cs=1398x0",,False,,synagogue,True,False,,,,,,,,,,,,,,,
456239063,-7,-75252175,-75252175,1478919536,2016-11-12 03:58:56,58.007821,56.235469,58.00819896273859,56.23476395501453,59.088672109815,"https://sun9-82.userapi.com/s/v1/ig1/NxQcFr5KcmYNqodmXh_rjmJ43q8ES62viqicgBRzyqeu3MEm1Q1tfcCu-rMBI3jYxUL3NXpx.jpg?quality=96&as=32x32,48x48,72x72,108x108,160x160,240x240,360x360,480x480,540x540,640x640,720x720,960x960&from=bu&cs=960x0",,False,,synagogue,True,False,,,,,,,,,,,,,,,
457253484,-7,-63010439,-63010439,1568370073,2019-09-13 12:21:13,58.007813,56.234161,58.00819896273859,56.23476395501453,55.709989763387846,"https://sun9-85.userapi.com/s/v1/ig1/SFdpXd1mFp6DBHqKgL9Ub4zkU_IHxxWxuiORHLJjTKJ-OHxLMKrXvHoOqCndyxROUEF3lWtw.jpg?quality=96&as=32x32,48x48,72x72,108x108,160x160,240x240,360x360,480x480,540x540,640x640,720x721,1080x1081,1279x1280&from=bu&cs=1279x0",,False,,synagogue,True,False,,,,,,,,,,,,,,,
404979168,-7,261660768,261660768,1457604183,2016-03-10 11:03:03,58.007779,56.236037,58.00819896273859,56.23476395501453,88.34684973046576,"https://sun9-20.userapi.com/s/v1/ig1/6k8YgD1-etxM5H-a-K-tzdE56JHglXD1wBFd8W1JnaK1clnQnMcSkfsV2_kYIRBS1A_vde1D.jpg?quality=96&as=32x40,48x60,72x90,108x135,160x200,240x300,360x451,480x601,540x676,640x801,720x901,767x960&from=bu&cs=767x0",,False,,synagogue,True,False,,,,,,,,,,,,,,,
456239685,-7,-145634070,-145634070,1544465318,2018-12-10 19:08:38,58.007224,56.255823,58.00763133477656,56.255145877976155,60.35539311097882,"https://sun9-44.userapi.com/s/v1/ig2/YhFoegGbw31gOdDEEOUEcMrwXPfBXaARqWQK7mwXgiCHXmYg6YBk3hKegcpK-kq3T9Ic9aXDo7nm-C4zHedus9yr.jpg?quality=96&as=32x43,48x64,72x96,108x144,160x213,240x320,360x480,480x640,540x720,640x853,720x960,1008x1344&from=bu&cs=1008x0",,False,,or avner habad community center,True,False,,,,,,,,,,,,,,,
456240002,-7,-224628741,-224628741,1714061660,2024-04-25 18:14:20,58.007695,56.2358,58.00819896273859,56.23476395501453,82.8583389920959,"https://sun9-1.userapi.com/s/v1/ig2/HJmE3OfpxVHQrjQAISDYK9M4QgHTpus4L13kZDJJMXq-XztloqHFMOxGYGSP3qyLhNSInwVVC5eF_T0tEyIlyJlC.jpg?quality=95&as=32x43,48x64,72x96,108x144,160x213,240x320,360x480,480x640,540x720,640x853,720x960,1080x1440,1280x1707,1440x1920,1920x2560&from=bu&cs=1920x0",,False,,synagogue,True,False,,,,,,,,,,,,,,,
366666414,-7,-67125411,-67125411,1432693134,2015-05-27 04:18:54,58.008,56.255187,58.00763133477656,56.255145877976155,41.0652217128847,"https://sun9-28.userapi.com/s/v1/ig1/6Aw0Qxj5aFxoiS9pxv1ypENUYD_p6xcaWua2D-wFjkY97uQgw12HIPyQZEqNr6OOwzKPmnDF.jpg?quality=96&as=32x43,48x64,72x96,108x145,160x214,240x321,360x482,480x643,540x723,640x857,720x964,968x1296&from=bu&cs=968x0",,False,,or avner habad community center,True,False,,,,,,,,,,,,,,,
381847133,-7,312858152,312858152,1443107710,2015-09-24 17:15:10,58.008387,56.234582,58.00819896273859,56.23476395501453,23.496307436294863,"https://sun9-36.userapi.com/s/v1/ig1/oLzaqqBrqwQWuTUCh0pKcWa2UOk-6B5PQ9ZVYmONSfjJ3V8dqMkevNxR2BlIO5paSolV0BSe.jpg?quality=96&as=32x32,48x48,72x72,108x108,160x160,240x240,360x360,480x480,540x540,640x640,720x720,960x960&from=bu&cs=960x0",,False,53.0,synagogue,True,False,,,,,,,,,,,,,,,
457254516,-7,-170690865,-170690865,1668501818,2022-11-15 09:43:38,58.007722,56.234505,58.00819896273859,56.23476395501453,55.186284082187015,"https://sun9-70.userapi.com/s/v1/ig2/r7cSKKoyNFon93gUjO5J3gCVKrrZUeyZWI3uBWCYO2ofRGgCk0tpV4MqcefYWHztlGiZhZn_bcotFvMxPNRkWYsl.jpg?quality=95&as=32x43,48x64,72x96,108x144,160x213,240x320,360x480,480x640,540x720,640x853,720x960,1080x1440,1280x1707,1344x1792&from=bu&cs=1344x0",,False,,synagogue,True,False,,,,,,,,,,,,,,,
457242482,-7,-76634753,-76634753,1652375692,2022-05-12 19:14:52,58.007608,56.255281,58.00763133477656,56.255145877976155,8.372489562880308,"https://sun9-88.userapi.com/s/v1/ig2/iR1Vv9KZQG0Q8cq0LWf5iFpmaDdg0YdAGO3dK5lH6khAC2aShko2tQjR4m7BdpbImxgTUIur6ZaPAIpr_Qpdv8Nk.jpg?quality=95&as=32x43,48x64,72x96,108x144,160x213,240x320,360x480,480x640,540x721,640x854,720x961,1080x1441,1280x1708,1388x1852&from=bu&cs=1388x0",,False,,or avner habad community center,True,True,,,,,,,,,,,,,,,
457254285,-7,-170690865,-170690865,1667036657,2022-10-29 11:44:17,58.007715,56.234399,58.00819896273859,56.23476395501453,57.95011791683787,"https://sun9-13.userapi.com/s/v1/ig2/lJk00dUHt3jLrt4w_Y3CDwMvNVBpXg2s_q-aISCLNDNyBQ-NjVsWSXpo9PneUpZj6YoTPL4n991N5aj9yV0_cK43.jpg?quality=95&as=32x43,48x64,72x96,108x144,160x213,240x320,360x480,480x640,540x720,640x853,720x960,1080x1440,1280x1707,1344x1792&from=bu&cs=1344x0",,False,,synagogue,True,False,,,,,,,,,,,,,,,
457239064,288971012,653752476,653752476,1678823936,2023-03-14 20:58:56,58.007314,56.255479,58.00763133477656,56.255145877976155,40.376225178662175,"https://sun9-85.userapi.com/s/v1/ig2/p-MFHWAEcUIBTbhhSe_XjLMbStuWeJ91rKuD0r_byZ50wsWPZ5iKMwFLrkV5z0cf4EDBUTynmCLU1lIC3UIjJoOn.jpg?quality=95&as=32x47,48x70,72x105,108x158,160x234,240x352,360x528,480x703,540x791,640x938,720x1055,1080x1583,1280x1876,1440x2110,1747x2560&from=bu&cs=1747x0",,False,,or avner habad community center,True,False,,,,,,,,,,,,,,,
457242245,283400014,-76634753,526128670,1631208399,2021-09-09 19:26:39,58.007517,56.255453,58.00763133477656,56.255145877976155,22.11318975906925,"https://sun9-14.userapi.com/s/v1/ig2/-ZW91J8l7BzLBorkK__7Wc9zqahvRdMxRVO51uAs60i5KMfM_2ViVbH2ln634VjQCb-jADH_QgXAcFe7aGZGE-wI.jpg?quality=96&as=32x43,48x64,72x96,108x144,160x214,240x320,360x481,480x641,540x721,640x855,720x961,1080x1442,1280x1709,1342x1792&from=bu&cs=1342x0",,False,,or avner habad community center,True,False,,,,,,,,,,,,,,,
457255474,-7,-170690865,-170690865,1674395758,2023-01-22 14:55:58,58.00782,56.23461,58.00819896273859,56.23476395501453,43.10373252508328,"https://sun9-27.userapi.com/s/v1/ig2/vdG2d-qgXpmyUfpWxrkL1zksmJEcnod9Zl_hne0DaWKowZVrP8L4JX958O2Lsw62oIdLDv_jGmELK-zPwm9tKH_J.jpg?quality=95&as=32x43,48x64,72x96,108x144,160x213,240x320,360x480,480x640,540x720,640x853,720x960,1080x1440,1280x1707,1344x1792&from=bu&cs=1344x0",,False,,synagogue,True,False,,,,,,,,,,,,,,,
457321335,301537621,-43730800,-43730800,1754126422,2025-08-02 11:20:22,58.007716,56.236117,58.00819896273859,56.23476395501453,96.11256814457457,"https://sun9-7.userapi.com/s/v1/ig2/Tx4ZfE3qbZutwoHMz05FXZeDwicL6w_A_qnS9iSFq4AeZFKI8BxxvPGx3DNVT2en85Kna1OHDBzFgleP0yjw9nQU.jpg?quality=95&as=32x39,48x58,72x87,108x131,160x194,240x291,360x436,480x581,540x654,640x775,720x872,1080x1308,1280x1550,1440x1744,2114x2560&from=bu&cs=2114x0",Продано,False,,synagogue,True,False,,,,,,,,,,,,,,,
457254061,-7,-170690865,-170690865,1665828750,2022-10-15 12:12:30,58.007813,56.234504,58.00819896273859,56.23476395501453,45.567571879464026,"https://sun9-36.userapi.com/s/v1/ig2/yAGKeJhXasv_VdPgpd8LDvh8509xDteIBDMbA440NBW9jivRVyONcwOJr5StM0LCOI0yyhPJnVaN32mCBCEiFdA7.jpg?quality=95&as=32x43,48x64,72x96,108x144,160x213,240x320,360x480,480x640,540x720,640x853,720x960,1080x1440,1280x1707,1344x1792&from=bu&cs=1344x0",,False,,synagogue,True,False,,,,,,,,,,,,,,,
457255255,-7,-170690865,-170690865,1673350378,2023-01-10 12:32:58,58.007813,56.234504,58.00819896273859,56.23476395501453,45.567571879464026,"https://sun9-50.userapi.com/s/v1/ig2/2gv9NfulOu9rzLkfi9bgQglwdd3CllhdCQpUtiW9AROHu2cHroR1i_qMY9ar_M7ikCGbdBdvFiOceRzAi5XVG-8-.jpg?quality=95&as=32x43,48x64,72x96,108x144,160x213,240x320,360x480,480x640,540x720,640x853,720x960,1080x1440,1280x1707,1344x1792&from=bu&cs=1344x0",,False,,synagogue,True,False,,,,,,,,,,,,,,,
402648271,-7,261660768,261660768,1456252795,2016-02-23 19:39:55,58.007863,56.235932,58.00819896273859,56.23476395501453,78.29752556578492,"https://sun9-27.userapi.com/s/v1/ig1/iUOtij5cbhUTH2txqsG7WzDxNfrpdaF3qO38vJCnnGpQbktxxTon5JxWzN4-yxxZ2zr7KpFM.jpg?quality=96&as=32x40,48x60,72x90,108x135,160x200,240x300,360x451,480x601,540x676,640x801,720x901,767x960&from=bu&cs=767x0",,False,,synagogue,True,False,,,,,,,,,,,,,,,
347362283,-7,279110180,279110180,1416858154,2014-11-24 20:42:34,58.007996,56.235535,58.00819896273859,56.23476395501453,50.7206671448086,"https://sun9-76.userapi.com/s/v1/ig1/loZxy4XQ-dMUgeYz3TjfMLd5INjG1Cd10W4WCS20NAp3aOgJybuvbf-ziyDLFfGPacnFDg.jpg?quality=96&as=32x43,48x64,72x96,108x144,160x213,240x320,360x480,480x640,540x720,640x853,720x960,960x1280&from=bu&cs=960x0","Сапожки зимние для девочки ""Котофей"" - натуральные кожа и мех"", размеры: 23, 24, 25, 26. Цена 2250 руб.",False,,synagogue,True,False,,,,,,,,,,,,,,,
457256809,-7,-170690865,-170690865,1682090448,2023-04-21 17:20:48,58.007722,56.234505,58.00819896273859,56.23476395501453,55.186284082187015,"https://sun9-15.userapi.com/s/v1/ig2/sGyiwDeZCN4FCH-nJE7n9dKg1nr6w8GIrK1u1JJg38GHA5SXOF5ys6yhzlHaynQ3G0Rn5RheCjeETScvAyoTeg24.jpg?quality=95&as=32x43,48x64,72x96,108x144,160x214,240x320,360x481,480x641,540x721,640x855,720x961,1080x1442,1280x1709,1342x1792&from=bu&cs=1342x0",,False,,synagogue,True,False,,,,,,,,,,,,,,,
456240248,-7,390216747,390216747,1560517060,2019-06-14 14:57:40,58.00798,56.255386,58.00763133477656,56.255145877976155,41.26990995538668,"https://sun9-65.userapi.com/s/v1/if1/JLtMSEcBGcAYMq_HsAZ_N6lboQ7dbOb81TUiqn0vMjRFfDHZ_QS3jBABPYsNMA_H5WLjSf5V.jpg?quality=96&as=32x24,48x36,72x54,108x81,160x120,240x180,360x270,480x360,540x405,640x480,720x540,1080x810,1280x960,1440x1080,2560x1920&from=bu&cs=2560x0",,False,,or avner habad community center,True,False,,,,,,,,,,,,,,,
457253512,-7,-170690865,-170690865,1662901507,2022-09-11 15:05:07,58.007806,56.234399,58.00819896273859,56.23476395501453,48.698462152861765,"https://sun9-7.userapi.com/s/v1/ig2/0tXqB40MZY2XZf8WHWDAdOXU4YxYX8xX81zjFBnLF62QK3S7Pcg2jCm5PmFM1zcXZ4DtfCmae3a1X-E3t0lojQbS.jpg?quality=95&as=32x43,48x64,72x96,108x144,160x213,240x320,360x480,480x640,540x720,640x853,720x960,1080x1440,1280x1707,1344x1792&from=bu&cs=1344x0",,False,,synagogue,True,False,,,,,,,,,,,,,,,
404180567,-7,261660768,261660768,1457187276,2016-03-05 15:14:36,58.007863,56.235932,58.00819896273859,56.23476395501453,78.29752556578492,"https://sun9-5.userapi.com/s/v1/ig1/HDK02IUvMbdngBB3z0hwo4Il62FsAmWc2HExOo577O4h6S3emgEsXglrMQrfYpUP4SyvCkqt.jpg?quality=96&as=32x32,48x48,72x72,108x108,160x160,240x240,360x360,480x480,540x540,640x640,720x720,960x960&from=bu&cs=960x0",,False,5423.0,synagogue,True,False,,,,,,,,,,,,,,,
457245773,-7,-194619161,-194619161,1731323951,2024-11-11 12:19:11,58.008212,56.234688,58.00819896273859,56.23476395501453,4.703548266871273,"https://sun9-33.userapi.com/s/v1/ig2/zm-bbx2-yQuVkRbHTjTfD4W3q_CukliGAOAsgi5pACCH3z8DrtxaF43fL_WNu2X9G73cg5yrKOoH9q2Zbp3yjHwB.jpg?quality=95&as=32x43,48x64,72x96,108x144,160x213,240x320,360x480,480x640,540x720,640x853,720x960,1080x1440,1280x1707,1440x1920,1920x2560&from=bu&cs=1920x0",,False,,synagogue,True,True,,,,,,,,,,,,,,,
457239455,-7,-142555021,-142555021,1681309856,2023-04-12 16:30:56,58.007799,56.234293,58.00819896273859,56.23476395501453,52.41830941546784,"https://sun9-29.userapi.com/s/v1/ig2/oN-TTjxlMxiWmkiFOapZlqUXqvQh0HUUQdnkTrA6B7hivMppZiWI2hifd0Zb8WPlOgaIscH8dvUr8TbeJ2jLQkCJ.jpg?quality=95&as=32x32,48x48,72x72,108x108,160x160,240x240,360x360,480x480,540x540,640x640,720x720,1080x1080,1280x1280,1440x1440,2560x2560&from=bu&cs=2560x0",,False,,synagogue,True,False,,,,,,,,,,,,,,,
361337503,214171009,-91891710,-91891710,1429553517,2015-04-20 20:11:57,58.007695,56.235628,58.00819896273859,56.23476395501453,75.70521465193478,"https://sun9-71.userapi.com/s/v1/if1/IerrhhUGqAfEWjFCtXwUZGhyGoDu2ZQ0lhY0fCyA670o9ghU36hu-HL1w2rg89zGR6CtSA.jpg?quality=96&as=32x22,48x34,72x51,108x76,160x112,240x168,360x253,480x337,540x379,640x449,720x505,960x674&from=bu&cs=960x0","Кроссовки Strobbs, размеры: 31, 32, 33, 34, 35. Цена 1650 руб.",False,,synagogue,True,False,,,,,,,,,,,,,,,
456241030,-7,261660768,261660768,1497013859,2017-06-09 15:10:59,58.00789,56.23498,58.00819896273859,56.23476395501453,36.63686713265575,"https://sun9-79.userapi.com/s/v1/ig1/d5uITZ_g_LB3_1ak94-U-zQ8LWEr98DAti1ZZXi7LBdnpV3RZxHbYcnBIBTGQYKQ5Gbg4Z9c.jpg?quality=96&as=32x40,48x60,72x90,108x135,160x200,240x300,360x450,480x600,540x675,640x800,720x900,768x960&from=bu&cs=768x0",,False,,synagogue,True,False,,,,,,,,,,,,,,,
456239154,-7,-166810589,-166810589,1541078966,2018-11-01 14:29:26,58.008064,56.25528,58.00763133477656,56.255145877976155,48.75469249669591,"https://sun9-71.userapi.com/s/v1/ig2/mrr9tfszpazhQ-JO3AAel47iE6nT69V9vhcKpncyt_SSOgUYOluvhWlkvad0loC606-joKpzfWgR6BmcXMA_wi8X.jpg?quality=96&as=32x43,48x64,72x96,108x144,160x213,240x320,360x480,480x640,540x720,640x853,720x960,1080x1440,1280x1707,1440x1920,1620x2160&from=bu&cs=1620x0",,False,,or avner habad community center,True,False,,,,,,,,,,,,,,,
457255266,-7,-170690865,-170690865,1673350629,2023-01-10 12:37:09,58.007813,56.234504,58.00819896273859,56.23476395501453,45.567571879464026,"https://sun9-64.userapi.com/s/v1/ig2/vSb0bJ9WX-wnZY8ndptnFG7gFYre7yw1ez7O8nwp_7D5fhiM_t2D8L25wE5UBWiCCyGDSlPOpD4-FPod0HTCL6L0.jpg?quality=95&as=32x43,48x64,72x96,108x144,160x213,240x320,360x480,480x640,540x720,640x853,720x960,1080x1440,1280x1707,1344x1792&from=bu&cs=1344x0",,False,,synagogue,True,False,,,,,,,,,,,,,,,
456243468,-7,261660768,261660768,1524483813,2018-04-23 13:43:33,58.007758,56.23572,58.00819896273859,56.23476395501453,74.67501549760101,"https://sun9-38.userapi.com/s/v1/ig1/tBhtvItgH6EOdTTRDc1oSA1BasNEfmFI0lvafSka0d6HkKoi40Y9G_pxdIhEqiTRud09OhQQ.jpg?quality=96&as=32x40,48x60,72x90,108x135,160x200,240x300,360x450,480x600,540x675,640x800,720x900,768x960&from=bu&cs=768x0",,False,,synagogue,True,False,,,,,,,,,,,,,,,
457256311,-7,261660768,261660768,1664622025,2022-10-01 13:00:25,58.007813,56.234504,58.00819896273859,56.23476395501453,45.567571879464026,"https://sun9-59.userapi.com/s/v1/ig2/pXtuaqYltqaoWnbLApWL_LB8dW97OC4PTuFyBBAjey3weGxQIQul3TO_9pDCfFbJU67MzX0JLmddk0V2lKp9cPnY.jpg?quality=95&as=32x43,48x64,72x96,108x144,160x214,240x320,360x481,480x641,540x721,640x855,720x961,1080x1442,1280x1709,1438x1920&from=bu&cs=1438x0",,False,,synagogue,True,False,,,,,,,,,,,,,,,
456239606,-7,336823079,336823079,1530958995,2018-07-07 12:23:15,58.008038,56.23531,58.00819896273859,56.23476395501453,36.81208807069945,"https://sun9-57.userapi.com/s/v1/if2/latGau7Vi2y52790eyeUN_VBBy2AfysxrREaEaz6YQLqi7ZP-76jaDM3kF_tt_xp2GBVq72_53ZUyrb4z6aTolsw.jpg?quality=96&as=32x24,48x36,72x54,108x81,160x120,240x180,360x270,480x360,540x405,640x480,720x540,960x720&from=bu&cs=960x0",,False,882.0,synagogue,True,False,,,,,,,,,,,,,,,
456239233,-7,-224628741,-224628741,1711002589,2024-03-21 07:29:49,58.007702,56.235906,58.00819896273859,56.23476395501453,87.06401057124822,"https://sun9-21.userapi.com/s/v1/ig2/ALJ-mp4NvpsEwqdnJxTGCLAxuWxo3U2DfMg6ZOZITOOnpm_JAAat2S1YGk4DOX8sec1qWtM6o9dImTc3IviI7pLP.jpg?quality=95&as=32x47,48x70,72x105,108x158,160x234,240x351,360x527,480x703,540x791,640x937,720x1054,1080x1582,1280x1875,1440x2109,1748x2560&from=bu&cs=1748x0",,False,,synagogue,True,False,,,,,,,,,,,,,,,
457247686,-7,399236598,399236598,1669909332,2022-12-01 16:42:12,58.008107,56.234993,58.00819896273859,56.23476395501453,16.930285459496016,"https://sun9-82.userapi.com/s/v1/ig2/k5PHNCC0VPIs4StGfdwA1SZqjkxGI1HM6mUxQiVvXHySK_NXgiVl6yJXja9v29TS3ncADI09rQOB0T-s-wWPFDTd.jpg?quality=95&as=32x71,48x107,72x160,108x240,160x356,240x533,360x800,480x1067,540x1200,640x1422,720x1600&from=bu&cs=720x0",,False,,synagogue,True,False,,,,,,,,,,,,,,,
457239792,-7,-194619161,-194619161,1647935039,2022-03-22 08:43:59,58.007842,56.235443,58.00819896273859,56.23476395501453,56.3538374152652,"https://sun9-41.userapi.com/s/v1/ig2/z0nEVKfgRyGrbXoPRI69HWq57WUnlbSMeh8fpzDbJG0U0lxplsS9s1QpAH37hZMTBpJdXUNPj6rjAuuNPJkQU8BF.jpg?quality=96&as=32x43,48x64,72x96,108x144,160x213,240x320,360x480,480x640,540x721,640x854,720x961,1080x1441,1280x1708,1388x1852&from=bu&cs=1388x0",,False,,synagogue,True,False,,,,,,,,,,,,,,,
457247911,-7,-170690865,-170690865,1651658557,2022-05-04 12:02:37,58.00782,56.234438,58.00819896273859,56.23476395501453,46.30771521577833,"https://sun9-73.userapi.com/s/v1/ig2/I6jg1LlQFBBTqHOEYXOYgBDEGeKryaR4qKQ7cp5T0D8NzzuCqAk7xBJY7Gznw7fI7PwmRegQHDnCfNT_ebrPrnh-.jpg?quality=96&as=32x43,48x64,72x96,108x144,160x214,240x320,360x481,480x641,540x721,640x855,720x961,1080x1442,1280x1709,1342x1792&from=bu&cs=1342x0",,False,,synagogue,True,False,,,,,,,,,,,,,,,
457254301,-7,-170690865,-170690865,1667291220,2022-11-01 09:27:00,58.007694,56.234597,58.00819896273859,56.23476395501453,57.00421853451046,"https://sun9-49.userapi.com/s/v1/ig2/ciyHqu5Y0wISuteR1JeGGol4DviPBQVzLEGNA7EB_kHsH3gNsVjvncjYrci00w1IvJK6HikAyKoFFLqBlrFz8dUi.jpg?quality=95&as=32x43,48x64,72x96,108x144,160x213,240x320,360x480,480x640,540x720,640x853,720x960,1080x1440,1280x1707,1344x1792&from=bu&cs=1344x0",,False,,synagogue,True,False,,,,,,,,,,,,,,,
457254404,-7,-170690865,-170690865,1667982349,2022-11-09 09:25:49,58.00782,56.23461,58.00819896273859,56.23476395501453,43.10373252508328,"https://sun9-29.userapi.com/s/v1/ig2/L6H4frMknwKJiU9PE6qEIjFCnLjPf_8Zlb1wFyGJdbh2TZsUUxqb3_JkAJs6ECH6vPxUwL7niFXkuT57gADKQxmQ.jpg?quality=95&as=32x43,48x64,72x96,108x144,160x213,240x320,360x480,480x640,540x720,640x853,720x960,1080x1440,1280x1707,1344x1792&from=bu&cs=1344x0",,False,,synagogue,True,False,,,,,,,,,,,,,,,
457254598,-7,-170690865,-170690865,1668853038,2022-11-19 11:17:18,58.007813,56.234504,58.00819896273859,56.23476395501453,45.567571879464026,"https://sun9-20.userapi.com/s/v1/ig2/6WOiGGZWNKMhwQLNOWuQ_bVJayrqfOA8uDfYrO8ay1ojZMOB9djc1TFsiuXwebjG8oVOl47CB4NhN4LneRcD90Gn.jpg?quality=95&as=32x43,48x64,72x96,108x144,160x213,240x320,360x480,480x640,540x720,640x853,720x960,1080x1440,1280x1707,1344x1792&from=bu&cs=1344x0",,False,,synagogue,True,False,,,,,,,,,,,,,,,
457239266,-7,-214801568,-214801568,1666500671,2022-10-23 06:51:11,58.008303,56.234516,58.00819896273859,56.23476395501453,18.63327725472843,"https://sun9-60.userapi.com/s/v1/ig2/LWKJbk0XBZoJUz0ooe68JJncWEcvxWhEvFi_iIGKMSzrj7mpTvFavIM52mHsaKYrXbbcnULYs1uazM1mCRdV_s1Q.jpg?quality=95&as=32x43,48x64,72x96,108x144,160x214,240x321,360x481,480x642,540x722,640x855,720x962,1080x1444,1197x1600&from=bu&cs=1197x0",,False,,synagogue,True,True,,,,,,,,,,,,,,,
457257876,-7,-170690865,-170690865,1688399831,2023-07-03 17:57:11,58.007715,56.234399,58.00819896273859,56.23476395501453,57.95011791683787,"https://sun9-14.userapi.com/s/v1/ig2/zzyR73hn4A0vPlBBZtsHlhnS4cA3xfVpEx6yjlYeebs9zb2hUVnc6_wphwsDpFAOUzWAomDFI3eS27frTMUvgEoo.jpg?quality=95&as=32x43,48x64,72x96,108x144,160x213,240x320,360x480,480x640,540x720,640x853,720x960,1080x1440,1280x1707,1398x1864&from=bu&cs=1398x0",,False,,synagogue,True,False,,,,,,,,,,,,,,,
457254561,-7,-170690865,-170690865,1668684117,2022-11-17 12:21:57,58.007806,56.234399,58.00819896273859,56.23476395501453,48.698462152861765,"https://sun9-9.userapi.com/s/v1/ig2/elQAaqe44009o0s1ULxnBf7Goos-J9BqmpvwwMNdHm01V_-KYItboJOLLs_8fJCnNqxLJvwo_HtCVBwY2THJ_51q.jpg?quality=95&as=32x43,48x64,72x96,108x144,160x213,240x320,360x480,480x640,540x720,640x853,720x960,1080x1440,1280x1707,1344x1792&from=bu&cs=1344x0",,False,,synagogue,True,False,,,,,,,,,,,,,,,
409176034,-7,261660768,261660768,1460106510,2016-04-08 11:08:30,58.007926,56.236024,58.00819896273859,56.23476395501453,80.19618950962331,"https://sun9-2.userapi.com/s/v1/ig1/6jZYlZEPTYONf0LtC5bRBDhtoHiRZbf3hxDxrUs9y90wa2Rmb8NnW3FrPy2iXNE5UvFxrpey.jpg?quality=96&as=32x32,48x48,72x72,108x108,160x160,240x240,360x360,480x480,540x540,640x640,720x720,960x960&from=bu&cs=960x0",,False,,synagogue,True,False,,,,,,,,,,,,,,,
457239433,268003752,-166810589,466351709,1571940510,2019-10-24 20:08:30,58.008078,56.255319,58.00763133477656,56.255145877976155,50.703238639485654,"https://sun9-44.userapi.com/s/v1/ig1/D4rw8jGuN9rJFTNQKx46vkq0raoHARQnSP85RWYAfE8YiqIGlMwQzqAiXKa50ZCVvXcMfozl.jpg?quality=96&as=32x43,48x64,72x96,108x144,160x213,240x320,360x480,480x640,540x720,640x853,720x960,1080x1440,1280x1707,1440x1920,1620x2160&from=bu&cs=1620x0",,False,,or avner habad community center,True,False,,,,,,,,,,,,,,,
457257374,-7,-170690865,-170690865,1685185458,2023-05-27 13:04:18,58.007897,56.234398,58.00819896273859,56.23476395501453,39.902113118787824,"https://sun9-9.userapi.com/s/v1/ig2/C6yfKcS6WwYuRYFW09NwlVPPhiaNtBWroQ_OMjxLT1wsSCWEG9_XwYf-XjVTqnS0RM705bg8zNxpZuRf3KmUKruP.jpg?quality=95&as=32x43,48x64,72x96,108x144,160x213,240x320,360x480,480x640,540x720,640x853,720x960,1080x1440,1280x1707,1398x1864&from=bu&cs=1398x0",,False,,synagogue,True,False,,,,,,,,,,,,,,,
430592867,-7,225018948,225018948,1474293241,2016-09-19 15:54:01,58.008017,56.235336,58.00819896273859,56.23476395501453,39.307250842971015,"https://sun9-87.userapi.com/s/v1/ig1/_v728DB_kueRxsiw5uXioIZ8dAKvuTDSXxLQ4GN9XnH069145sgvbKSQCIlZ3-nDu_eZIg.jpg?quality=96&as=32x43,48x64,72x96,108x144,160x213,240x320,360x480,480x640,540x720,640x853,720x960&from=bu&cs=720x0",,False,325.0,synagogue,True,False,,,,,,,,,,,,,,,
457255890,-7,-170690865,-170690865,1677236494,2023-02-24 12:01:34,58.007904,56.234332,58.00819896273859,56.23476395501453,41.51239618653149,"https://sun9-70.userapi.com/s/v1/ig2/TBJJVO8QSIlDt7nwdJFmC-PI91JbIVVKVGVEUE8W3a1SZ11qxZkxZy7ZB2q66Cf5PE7t6_nvS4x05CY32Hjl64kZ.jpg?quality=95&as=32x43,48x64,72x96,108x144,160x214,240x320,360x481,480x641,540x721,640x855,720x961,1080x1442,1280x1709,1342x1792&from=bu&cs=1342x0",,False,,synagogue,True,False,,,,,,,,,,,,,,,
457239122,-7,-225765287,-225765287,1718973091,2024-06-21 14:31:31,58.008002,56.235125,58.00819896273859,56.23476395501453,30.529618692970583,"https://sun9-3.userapi.com/s/v1/ig2/OnzqFE8JxKt5j-haIghLrpBZG3VFM9roUrO0N81dAMJobqIaxjFwmvEp6kz2a1bQC1vYZjw2_tBvyLFYptAQTykK.jpg?quality=95&as=32x43,48x64,72x96,108x144,160x213,240x320,360x480,480x640,540x720,640x853,720x960,1080x1440,1280x1707,1440x1920,1920x2560&from=bu&cs=1920x0",,False,,synagogue,True,False,,,,,,,,,,,,,,,
457253842,-7,-170690865,-170690865,1664613800,2022-10-01 10:43:20,58.007813,56.234504,58.00819896273859,56.23476395501453,45.567571879464026,"https://sun9-10.userapi.com/s/v1/ig2/V6Phl9fgjF2qSf0dakJ4X_vhXBUDqnbyYUer-4xTaKbgPfJPcitqgw6rgpJ2w3p1ux3Q_qYNMGQdhFXu8-z0QgIv.jpg?quality=95&as=32x43,48x64,72x96,108x144,160x213,240x320,360x480,480x640,540x720,640x853,720x960,1080x1440,1280x1707,1344x1792&from=bu&cs=1344x0",,False,,synagogue,True,False,,,,,,,,,,,,,,,
457255661,-7,-170690865,-170690865,1675696034,2023-02-06 16:07:14,58.007806,56.234399,58.00819896273859,56.23476395501453,48.698462152861765,"https://sun9-31.userapi.com/s/v1/ig2/yDEVGG6JKd1LI6d12cnpXmnmkQJD0qFgtVPcJGUF3AsWPzjtGnc7JUmUxbCvvnrI2cEPTj4Qk2jlncnt86niHS2U.jpg?quality=95&as=32x43,48x64,72x96,108x144,160x213,240x320,360x480,480x640,540x720,640x853,720x960,1080x1440,1280x1707,1344x1792&from=bu&cs=1344x0",,False,,synagogue,True,False,,,,,,,,,,,,,,,
457254651,-7,-170690865,-170690865,1669196508,2022-11-23 10:41:48,58.007806,56.234399,58.00819896273859,56.23476395501453,48.698462152861765,"https://sun9-8.userapi.com/s/v1/ig2/RzezT6KE0CRZykIWGSi5WvvaZtVLym6Rhn-NPSAce3btQf1PW2QAHErJ7AgAVcFmiDVzxCZ6pdfr7gutvU7Ta5y1.jpg?quality=95&as=32x43,48x64,72x96,108x144,160x213,240x320,360x480,480x640,540x720,640x853,720x960,1080x1440,1280x1707,1344x1792&from=bu&cs=1344x0",,False,,synagogue,True,False,,,,,,,,,,,,,,,
457250958,-7,261660768,261660768,1601396555,2020-09-29 18:22:35,58.007975,56.236077,58.00819896273859,56.23476395501453,81.26281241494705,"https://sun9-6.userapi.com/s/v1/ig2/v-mrhecvTICfwJx_jXuNwxWY6qG4UHZOqPE2A0cOxhtI7ITVR6loAhg8siE5CGWmolkncqJy1YGLPdpe-DdiPKtK.jpg?quality=96&as=32x43,48x64,72x96,108x144,160x214,240x320,360x481,480x641,540x721,640x855,720x961,1080x1442,1280x1709,1342x1792&from=bu&cs=1342x0",,False,,synagogue,True,False,,,,,,,,,,,,,,,
403011859,-7,261660768,261660768,1456490466,2016-02-26 13:41:06,58.007905,56.235707,58.00819896273859,56.23476395501453,64.45849538358107,"https://sun9-10.userapi.com/s/v1/ig1/iHPfVE7OCPE-5FzSubItRIrOrIL0_Qr1oq6sT2RwtjKtAwumag0ILoGed8POGt008O2keXJS.jpg?quality=96&as=32x43,48x64,72x96,108x144,160x213,240x320,360x480,480x640,540x720,640x853,720x960&from=bu&cs=720x0",,False,5179.0,synagogue,True,False,,,,,,,,,,,,,,,
436676583,-7,238663528,238663528,1476973325,2016-10-20 16:22:05,58.007975,56.235389,58.00819896273859,56.23476395501453,44.45276071322154,"https://sun9-18.userapi.com/s/v1/ig1/Pt63qLKbAt65nemIyNMcusyi6s4R94Auvfu74fW1FMyYbQ-yZ5bOSXERLT0weHT6emQ63w.jpg?quality=96&as=32x32,48x48,72x72,108x108,160x160,240x240,360x360,480x480,540x540,640x640,720x720,960x960&from=bu&cs=960x0",,False,2180.0,synagogue,True,False,,,,,,,,,,,,,,,
369100611,214820518,-91891710,-91891710,1435513270,2015-06-28 19:41:10,58.007737,56.235919,58.00819896273859,56.23476395501453,85.25725333106152,"https://sun9-63.userapi.com/s/v1/ig1/j92eQLvR1abIfy-_5tSGcXiLcamthTvHfU9DlQauLh9nQwmhXlwwph5frjAE4aFa7QI8SA.jpg?quality=96&as=32x40,48x60,72x90,108x135,160x200,240x300,360x451,480x601,540x676,640x801,720x901,960x1202&from=bu&cs=960x0","Обувь для пляжа, размер: 42. Цена: 435 руб.",False,,synagogue,True,False,,,,,,,,,,,,,,,
457256377,-7,-170690865,-170690865,1679748213,2023-03-25 13:43:33,58.008205,56.234411,58.00819896273859,56.23476395501453,20.803708394636256,"https://sun9-66.userapi.com/s/v1/ig2/uOlOkzLqKLxdLgiBnIJahpuMBTfVsDNxAc_tZ0Ga47BKUXBwF5G2qfbp4FnqcNLbt4QLvKdaL03zNoWCf2cT_99t.jpg?quality=95&as=32x43,48x64,72x96,108x144,160x214,240x320,360x481,480x641,540x721,640x855,720x961,1080x1442,1280x1709,1342x1792&from=bu&cs=1342x0",,False,,synagogue,True,False,,,,,,,,,,,,,,,
457256663,-7,-170690865,-170690865,1681550806,2023-04-15 11:26:46,58.007722,56.234505,58.00819896273859,56.23476395501453,55.186284082187015,"https://sun9-87.userapi.com/s/v1/ig2/_Ig6F-Fkv5CB9JO4JLKAUeHmM_eP5G5DvAplXvdyHDFtHYWc5N-eswOPqRq4jcClJVZMMaQRTGP7fockyRhA2DxV.jpg?quality=95&as=32x43,48x64,72x96,108x144,160x214,240x320,360x481,480x641,540x721,640x855,720x961,1080x1442,1280x1709,1342x1792&from=bu&cs=1342x0",,False,,synagogue,True,False,,,,,,,,,,,,,,,
457239921,-7,336595653,336595653,1612772079,2021-02-08 09:14:39,58.008071,56.255557,58.00763133477656,56.255145877976155,54.55902535123132,"https://sun9-48.userapi.com/s/v1/ig2/vPbvHQnhoBrppxmcV4Q_2FrA1v49M-rtkvGSWvbpEZ3pUWRtPo8vgtPy-Bj5J02_c2ytRQSnx_sd2zhtorgm964X.jpg?quality=96&as=32x32,48x48,72x72,108x108,160x160,240x240,360x360,480x480,540x540,640x640,720x720,1080x1080,1280x1280,1440x1440,1920x1920&from=bu&cs=1920x0",,False,1528.0,or avner habad community center,True,False,,,,,,,,,,,,,,,
456239763,-7,-224628741,-224628741,1713331820,2024-04-17 07:30:20,58.007716,56.236117,58.00819896273859,56.23476395501453,96.11256814457457,"https://sun9-41.userapi.com/s/v1/ig2/q1cM-gJ4J0JsOH8Hpxlkie2fQlPLYfHMdlRzNKWmXzXzZDD6tyvu3P3zYaU_dBNpB8YqB5-brzy_Oo375cqu4HSq.jpg?quality=95&as=32x43,48x64,72x96,108x144,160x213,240x320,360x480,480x640,540x720,640x853,720x960,1080x1440,1280x1707,1440x1920,1920x2560&from=bu&cs=1920x0",,False,,synagogue,True,False,,,,,,,,,,,,,,,
457245461,-7,78739222,78739222,1589885995,2020-05-19 12:59:55,58.007667,56.235892,58.00819896273859,56.23476395501453,88.96694168762951,"https://sun9-84.userapi.com/s/v1/ig2/I322a4WAWoQZ2L_qAhTdN4KkrZaVMuLoKbhVVgBi7ansSuhET3SFaqoMqaK1i94EuR-w_qBNHBAKe-ZB11-3sqQ7.jpg?quality=96&as=32x43,48x65,72x97,108x146,160x216,240x323,360x485,480x647,540x728,640x862,720x970,1045x1408&from=bu&cs=1045x0",,False,,synagogue,True,False,,,,,,,,,,,,,,,
457256254,-7,-170690865,-170690865,1679138348,2023-03-18 12:19:08,58.008114,56.234411,58.00819896273859,56.23476395501453,22.83853256185169,"https://sun9-6.userapi.com/s/v1/ig2/kOrvQbmzEH1Wa6WWnUNe6vw2Y85VD_G9CSKvcWF-0RRXPK7IJ1Y9jVtqg-F7YZQlNCAfwOAhsWwCo7vKteS2rUSF.jpg?quality=95&as=32x43,48x64,72x96,108x144,160x214,240x320,360x481,480x641,540x721,640x855,720x961,1080x1442,1280x1709,1342x1792&from=bu&cs=1342x0",,False,,synagogue,True,False,,,,,,,,,,,,,,,
457253998,-7,-170690865,-170690865,1665566566,2022-10-12 11:22:46,58.007813,56.234676,58.00819896273859,56.23476395501453,43.22875901210856,"https://sun9-54.userapi.com/s/v1/ig2/aTPznxQZYnUHBTII-EDTODZ-EcvXHvz7xL8LubJI6Ss-_yb0D7Xdu7CXtM10VgevyPOAOxEhvaVC69KEUQPB0TZv.jpg?quality=95&as=32x43,48x64,72x96,108x144,160x213,240x320,360x480,480x640,540x720,640x853,720x960,1080x1440,1280x1707,1344x1792&from=bu&cs=1344x0",,False,,synagogue,True,False,,,,,,,,,,,,,,,
457239258,-7,-214801568,-214801568,1666341136,2022-10-21 10:32:16,58.008205,56.234926,58.00819896273859,56.23476395501453,9.56978033944169,"https://sun9-61.userapi.com/s/v1/ig2/XRF5Eq-kWpuEjAKEg37WlwOrzl1TPIm2IxNOLJ18LcW8quc1vYmvqYYe1oJyUbeEOlQTURxvPs9B7qN1DSpBE5lK.jpg?quality=95&as=32x72,48x108,72x162,108x243,160x361,240x541,360x811,480x1082,540x1217,640x1442,710x1600&from=bu&cs=710x0",,False,,synagogue,True,False,,,,,,,,,,,,,,,
457245891,-7,423472035,423472035,1584514371,2020-03-18 07:52:51,58.007862,56.235244,58.00819896273859,56.23476395501453,46.94304658997323,"https://sun9-65.userapi.com/s/v1/ig1/gQMW2dt7YESgLj-UXnLbJYo6Qbt_Ht3MRt_-R3KadBO6E7nbE6XAo_raBWjTIFKrbfFm1pCo.jpg?quality=96&as=32x43,48x64,72x96,108x144,160x213,240x320,360x479,480x639,540x719,640x852,720x959,1080x1438,1104x1470&from=bu&cs=1104x0","Victoria’s Secret😍😍💕💕💕💕как я кайфанула, пока делала этот макияж🌸прям конфетка такая🍬🍭какая фотка вам больше нравится?💖
·
Волосы: [id35863595|@anna_sviridovskaya] 
#викториясикрет #viktoriasecret 
_
#макияж #визажист #макияжпермь #пермь #пермьактивная #makeup #makeup_kovabeauty #визажистпермь #прически #прическипермь #кудрипермь #стилистпермь #свадебнаяприческапермь #свадебныйстилистпермь #причёскапермь #выпускной #макияжнавыпускной #смокиайс #свадебныймакияж #свадебныймакияжпермь",False,,synagogue,True,False,,,,,,,,,,,,,,,
369385156,-7,277750442,277750442,1432908081,2015-05-29 16:01:21,58.007981,56.235152,58.00819896273859,56.23476395501453,33.31645277407271,"https://sun9-69.userapi.com/s/v1/ig1/aynGJfmq7VRnfeCN14_CBI0QuABckwq5GMkly1SQNDKYrsacjhJeC1nt740IVyjN54vQSHC4.jpg?quality=96&as=32x35,48x52,72x78,108x117,160x173,240x259,360x389,480x519,540x584,640x692,720x778,888x960&from=bu&cs=888x0",Сын Данил.,False,,synagogue,True,False,,,,,,,,,,,,,,,
457254581,-7,-170690865,-170690865,1668684979,2022-11-17 12:36:19,58.007722,56.234505,58.00819896273859,56.23476395501453,55.186284082187015,"https://sun9-55.userapi.com/s/v1/ig2/BHlDB-hyuRb7rOkGbCp2OojS3kBKuTYDCmFbsAQgzniCABEg5CuBVyEVXTxfzEYrHzWDdyJSL8xPM3yfMVK4j_O6.jpg?quality=95&as=32x43,48x64,72x96,108x144,160x213,240x320,360x480,480x640,540x720,640x853,720x960,1080x1440,1280x1707,1344x1792&from=bu&cs=1344x0",,False,,synagogue,True,False,,,,,,,,,,,,,,,
457338385,-7,360619746,360619746,1602950325,2020-10-17 17:58:45,58.007623,56.233712,58.00819896273859,56.23476395501453,89.11894462380126,"https://sun9-67.userapi.com/s/v1/if2/5rgIxgzEl8sFgwlvCYcaGS89JjF_aTDkafoVM7yfn5ivelhWHFC56EsxRFXHRkwNOHfy9_0q_nfANxmhD-66PhzC.jpg?quality=96&as=32x24,48x36,72x54,108x81,160x119,240x179,360x269,480x358,540x403,640x478,720x538,1080x807,1280x956,1440x1075,2560x1912&from=bu&cs=2560x0",,False,347741.0,synagogue,True,False,,,,,,,,,,,,,,,
457255054,-7,-170690865,-170690865,1671774137,2022-12-23 06:42:17,58.007813,56.234504,58.00819896273859,56.23476395501453,45.567571879464026,"https://sun9-29.userapi.com/s/v1/ig2/zQr5xApx0sxvIfh3_yO804uXhL6_JGFxnp14FBe0enV8AvOOymHqD2i6Hf0ZZXN7MrbTyDO4JZHOS6Aafhypr9XH.jpg?quality=95&as=32x43,48x64,72x96,108x144,160x213,240x320,360x480,480x640,540x720,640x853,720x960,1080x1440,1280x1707,1344x1792&from=bu&cs=1344x0",,False,,synagogue,True,False,,,,,,,,,,,,,,,
400015520,-7,261660768,261660768,1454746254,2016-02-06 09:10:54,58.007807,56.235429,58.00819896273859,56.23476395501453,58.6050251154996,"https://sun9-71.userapi.com/s/v1/ig1/T7qzNYtLk2ND9Hdh5wTIRlrZHUhDKuCxm_jXpWCBQjWUtXC_EAJigtUPA4GFP1OMZO5ep-1t.jpg?quality=96&as=32x40,48x60,72x90,108x135,160x200,240x300,360x451,480x601,540x676,640x801,720x901,767x960&from=bu&cs=767x0",,False,,synagogue,True,False,,,,,,,,,,,,,,,
457254103,-7,-170690865,-170690865,1666089369,2022-10-18 12:36:09,58.007813,56.234504,58.00819896273859,56.23476395501453,45.567571879464026,"https://sun9-59.userapi.com/s/v1/ig2/MdSMGKXrVC0liN4QmIvB0H29283cP9SB353wFwBI3ueVRm4SuY-PbsQSsQ0eC_ZTdX3aRx0zl0D02y7FqT9YLzfm.jpg?quality=95&as=32x43,48x64,72x96,108x144,160x213,240x320,360x480,480x640,540x720,640x853,720x960,1080x1440,1280x1707,1344x1792&from=bu&cs=1344x0",,False,,synagogue,True,False,,,,,,,,,,,,,,,
457292008,246877651,76946578,76946578,1705113434,2024-01-13 03:37:14,58.007912,56.235297,58.00819896273859,56.23476395501453,44.76910842408243,"https://sun9-13.userapi.com/s/v1/ig2/zF-inDosw5fmnBB317fAMBI8maGGM7ZVtPMXyVGkbVOQaU-6FB7FDTJQwoazr2WFOm1BZap_GM_uBbvKYjgUiNqk.jpg?quality=95&as=32x43,48x64,72x96,108x144,160x213,240x320,360x480,480x640,540x720,640x853,720x960,1080x1440,1280x1707,1440x1920,1920x2560&from=bu&cs=1920x0",,False,,synagogue,True,False,,,,,,,,,,,,,,,
457253068,-7,-170690865,-170690865,1660989003,2022-08-20 11:50:03,58.007715,56.234399,58.00819896273859,56.23476395501453,57.95011791683787,"https://sun9-10.userapi.com/s/v1/ig2/tGvc0YlpBlVZTeF0rVy3H4hG3rR6s8hcrnn9GgGZYlMvn0UGYyDb-Q_FcJET3BLArJdilbT9yMlXP_by_1i38S-C.jpg?quality=95&as=32x43,48x64,72x96,108x144,160x213,240x320,360x480,480x640,540x720,640x853,720x960,1080x1440,1280x1707,1344x1792&from=bu&cs=1344x0",,False,,synagogue,True,False,,,,,,,,,,,,,,,
457242389,-7,-69074087,-69074087,1579262292,2020-01-17 12:58:12,58.007792,56.234531,58.00819896273859,56.23476395501453,47.2874140870424,"https://sun9-73.userapi.com/s/v1/if1/GaM_Hr7dxWW4tgMAPK1kh9AGbvWwqzIpojkRWPoEPKXBWW97n7cI3CvaPuViLUAiHsjCYqa3.jpg?quality=96&as=32x24,48x36,72x54,108x81,160x120,240x180,360x269,480x359,540x404,640x479,720x539,1080x808,1280x958&from=bu&cs=1280x0",,False,,synagogue,True,False,,,,,,,,,,,,,,,
457240344,-7,-194619161,-194619161,1652603955,2022-05-15 10:39:15,58.007757,56.234861,58.00819896273859,56.23476395501453,49.47543482571901,"https://sun9-39.userapi.com/s/v1/ig2/HQL7OWT87fMS7z4gCceC8IDRiM7g8Ft6z_bUCu6_xEwkeqE2Qzv2-eRKVVcW8in30pZB2SQrCzHOpGAXuY61TDTC.jpg?quality=96&as=32x43,48x64,72x96,108x144,160x213,240x320,360x480,480x640,540x721,640x854,720x961,1080x1441,1280x1708,1388x1852&from=bu&cs=1388x0",,False,,synagogue,True,False,,,,,,,,,,,,,,,
457247826,290499251,222751382,222751382,1673674758,2023-01-14 06:39:18,58.008303,56.234516,58.00819896273859,56.23476395501453,18.63327725472843,"https://sun9-49.userapi.com/s/v1/ig2/cVRjCD-8Y0Eu43A11qOfGqFY7fArlQXP8AJyssNCu2rMQfDcGeN9NzY-TwuobUl-JtIXJstGF07M-ADHwdG5QT_A.jpg?quality=95&as=32x43,48x64,72x96,108x144,160x213,240x319,360x479,480x639,540x719,640x852,720x958,1080x1438,1280x1704,1440x1917,1923x2560&from=bu&cs=1923x0",,False,,synagogue,True,True,,,,,,,,,,,,,,,
457314701,301537621,-43730800,-43730800,1734175121,2024-12-14 12:18:41,58.007695,56.2358,58.00819896273859,56.23476395501453,82.8583389920959,"https://sun9-59.userapi.com/s/v1/ig2/RITRKw1mCCeO9uKol_c7FNuZ242wPVdtWPlJNSYqxT4TT_Dver3WOZenJbaXilfFAe3NZBCuLGcN61slfc461Nd_.jpg?quality=95&as=32x43,48x64,72x96,108x144,160x213,240x320,360x480,480x640,540x720,640x853,720x960,1080x1440,1280x1707,1440x1920,1920x2560&from=bu&cs=1920x0",❌SOLD OUT❌,False,,synagogue,True,False,,,,,,,,,,,,,,,
457255324,-7,-170690865,-170690865,1673702564,2023-01-14 14:22:44,58.007897,56.234398,58.00819896273859,56.23476395501453,39.902113118787824,"https://sun9-17.userapi.com/s/v1/ig2/YXsH0dvgUgm9yM7fYzI5KmGuC3aYtLX_Y24AIf0pau7WSom7Sy37ObVO9fcal90CBXFc8jUr2YpKfAHKP3X3x5DE.jpg?quality=95&as=32x43,48x64,72x96,108x144,160x213,240x320,360x480,480x640,540x720,640x853,720x960,1080x1440,1280x1707,1344x1792&from=bu&cs=1344x0",,False,,synagogue,True,False,,,,,,,,,,,,,,,
457255433,-7,-170690865,-170690865,1674292094,2023-01-21 10:08:14,58.007995,56.234504,58.00819896273859,56.23476395501453,27.36586051718784,"https://sun9-81.userapi.com/s/v1/ig2/Y7iB-4z_gZ2aMvXGuTofez1Tnu43JZ1Q60Iqdv4Z2LGxl7WZvNJcF12h9yTOvMX77lDcnxwCZtPZRIGPxc2YRFl8.jpg?quality=95&as=32x43,48x64,72x96,108x144,160x213,240x320,360x480,480x640,540x720,640x853,720x960,1080x1440,1280x1707,1344x1792&from=bu&cs=1344x0",,False,,synagogue,True,False,,,,,,,,,,,,,,,
352263658,-7,150979124,150979124,1420991660,2015-01-11 16:54:20,58.008008,56.255293,58.00763133477656,56.255145877976155,42.770638607245566,"https://sun9-63.userapi.com/s/v1/if2/Z1IK0FlBANARq5XPAqN98CEgcbElDMcW_nurRpTRRctgT8zLmMR28AETZgcR4KA_0tMgIjUXCfYlfXNZoMSVCiLx.jpg?quality=96&as=32x24,48x36,72x54,108x81,160x120,240x180,360x270,480x360,540x405,640x480,720x540,1080x810,1280x960&from=bu&cs=1280x0",,False,,or avner habad community center,True,False,,,,,,,,,,,,,,,
457251898,-7,-170690865,-170690865,1655720563,2022-06-20 12:22:43,58.007806,56.234399,58.00819896273859,56.23476395501453,48.698462152861765,"https://sun9-86.userapi.com/s/v1/ig2/2i_2uJpvz9KFuSK6RzcafwyS4nEN4eraSPd8WBu7ITfDJDkeJ4W1xiEjqG77Ik2ggPhj1Cx3f1NI271qNI2VD_HZ.jpg?quality=95&as=32x43,48x64,72x96,108x144,160x213,240x320,360x480,480x640,540x720,640x853,720x960,1080x1440,1280x1707,1344x1792&from=bu&cs=1344x0",,False,,synagogue,True,False,,,,,,,,,,,,,,,
457239120,-7,-225765287,-225765287,1718973091,2024-06-21 14:31:31,58.007813,56.235192,58.00819896273859,56.23476395501453,49.777058200489776,"https://sun9-68.userapi.com/s/v1/ig2/M64ZOJIj2Tb9aLoPpeeFaVaQJMRYDR9AFzup0PAcZlTpc_Xk92M1rT8e7c3w9XwlFPWjGg0l84fsjUHsjXpaYnxv.jpg?quality=95&as=32x43,48x64,72x96,108x144,160x213,240x320,360x480,480x640,540x720,640x853,720x960,1080x1440,1280x1707,1440x1920,1920x2560&from=bu&cs=1920x0",,False,,synagogue,True,False,,,,,,,,,,,,,,,
457314567,301537621,-43730800,-43730800,1733826796,2024-12-10 11:33:16,58.007695,56.2358,58.00819896273859,56.23476395501453,82.8583389920959,"https://sun9-66.userapi.com/s/v1/if2/AvhiGK7kQde3TSruQCJ6vDeVGZZsAUlbKvoAhHZoBqqTErEPlgUO2h1agIa-PFh_71PRNrQsZQzqXmxwrSWjbnby.jpg?quality=95&as=32x24,48x36,72x54,108x81,160x120,240x180,360x270,480x360,540x405,640x480,720x540,1080x810,1280x960,1440x1080,2560x1920&from=bu&cs=2560x0",❌SOLD OUT❌,False,,synagogue,True,False,,,,,,,,,,,,,,,
457257108,-7,-170690865,-170690865,1683467923,2023-05-07 15:58:43,58.007904,56.234332,58.00819896273859,56.23476395501453,41.51239618653149,"https://sun9-44.userapi.com/s/v1/ig2/nMf8k4NoxwqnmqwD5cI_RmYJcGG01_KVYqFzKGOB4GH05V7gGlqrsVHP4tQebyXgZce9hDPM14RVibqeVnE2A8Ph.jpg?quality=95&as=32x43,48x64,72x96,108x144,160x213,240x320,360x480,480x640,540x720,640x853,720x960,1080x1440,1280x1707,1398x1864&from=bu&cs=1398x0",,False,,synagogue,True,False,,,,,,,,,,,,,,,
456240009,-7,-224628741,-224628741,1714122637,2024-04-26 11:10:37,58.007695,56.2358,58.00819896273859,56.23476395501453,82.8583389920959,"https://sun9-46.userapi.com/s/v1/ig2/qIQY8HOFXTMAN_BKi-0mXEVY-MwGCSxtjqYUD_XtQMe9OLwmyj7U3raX-qnOyx-dWeVd6TUrJJjhhF2TEd76B79d.jpg?quality=95&as=32x43,48x64,72x96,108x144,160x213,240x320,360x480,480x640,540x720,640x853,720x960,1080x1440,1280x1707,1440x1920,1920x2560&from=bu&cs=1920x0",,False,,synagogue,True,False,,,,,,,,,,,,,,,
457252872,-7,-170690865,-170690865,1660037602,2022-08-09 11:33:22,58.007806,56.234399,58.00819896273859,56.23476395501453,48.698462152861765,"https://sun9-14.userapi.com/s/v1/ig2/oBYuakO2xPRfoCO2RHWklp6Y5wIqYeZfJPxvupp_BlFKarjaX0c-UE8Sgqb96dD9pP2NQsN3gLrv2anWVO4-r6Dd.jpg?quality=95&as=32x43,48x64,72x96,108x144,160x213,240x320,360x480,480x640,540x720,640x853,720x960,1080x1440,1280x1707,1344x1792&from=bu&cs=1344x0",,False,,synagogue,True,False,,,,,,,,,,,,,,,
457251828,-7,-170690865,-170690865,1655453102,2022-06-17 10:05:02,58.007806,56.234399,58.00819896273859,56.23476395501453,48.698462152861765,"https://sun9-36.userapi.com/s/v1/ig2/nA53xGErdTkQH3ox-yJiwF-VJUPnfQ7XO5R97yLvMC-AufwWyCArr7tZp9UwFQrmCik_WfjfKyb-CoIovbQfcTN8.jpg?quality=95&as=32x43,48x64,72x96,108x144,160x214,240x320,360x481,480x641,540x721,640x855,720x961,1080x1442,1280x1709,1342x1792&from=bu&cs=1342x0",,False,,synagogue,True,False,,,,,,,,,,,,,,,
456241559,-7,261660768,261660768,1503226936,2017-08-20 13:02:16,58.007702,56.235734,58.00819896273859,56.23476395501453,79.49445106343484,"https://sun9-27.userapi.com/s/v1/ig1/wuTxEaOgJQTZzlnJXmpbVXnipEhUdG5IhXDjBRholKQIvfFmS4UoRSKtUhBcfBCfto-qMPNx.jpg?quality=96&as=32x40,48x60,72x90,108x135,160x200,240x300,360x450,480x600,540x675,640x800,720x900,768x960&from=bu&cs=768x0",,False,,synagogue,True,False,,,,,,,,,,,,,,,
457242642,-7,-194619161,-194619161,1678088801,2023-03-06 08:46:41,58.007701,56.234703,58.00819896273859,56.23476395501453,55.48724836944938,"https://sun9-62.userapi.com/s/v1/ig2/g6BZIqNwvwaE10r9cXOIX1OnKoVz3mcKjzgdVyqnDOdtjyJG01luKMjnsmGRmcZMflKTM0GKvgsiASb53o1X9ZzQ.jpg?quality=95&as=32x43,48x64,72x96,108x144,160x213,240x320,360x480,480x640,540x720,640x853,720x960,1080x1440,1280x1707,1440x1920,1920x2560&from=bu&cs=1920x0",,False,,synagogue,True,False,,,,,,,,,,,,,,,
457256706,-7,-170690865,-170690865,1681656140,2023-04-16 16:42:20,58.007715,56.234399,58.00819896273859,56.23476395501453,57.95011791683787,"https://sun9-53.userapi.com/s/v1/ig2/D-nOu562aaJj6ONSj-mn7OWL2cm_DsMh7XKMfTC84GujJzwmzKF-T5N3R8WaBV_PGdjgE1XafwKxklfUcP9GWCdy.jpg?quality=95&as=32x43,48x64,72x96,108x144,160x214,240x320,360x481,480x641,540x721,640x855,720x961,1080x1442,1280x1709,1342x1792&from=bu&cs=1342x0",,False,,synagogue,True,False,,,,,,,,,,,,,,,
457321132,290204260,-43730800,-43730800,1752825683,2025-07-18 10:01:23,58.007709,56.236011,58.00819896273859,56.23476395501453,91.462131381659,"https://sun9-33.userapi.com/s/v1/ig2/CND7z2r3sA_Gas5YP1VuCBFtyILTZtXdfrDf9rwbtm6z2x4OYMCuLB2VZgef6SCAZjKTOED7saL-sa9b6kFDeMrk.jpg?quality=95&as=32x70,48x104,72x157,108x235,160x348,240x522,360x783,480x1044,540x1175,640x1392,720x1566,1080x2349,1177x2560&from=bu&cs=1177x0","SALE 1000₽ (оплата наличными)

Размер 44",False,,synagogue,True,False,,,,,,,,,,,,,,,
456239833,-7,-224628741,-224628741,1713706463,2024-04-21 15:34:23,58.007716,56.235602,58.00819896273859,56.23476395501453,72.9481739764952,"https://sun9-39.userapi.com/s/v1/ig2/Xm0AbWnzGWBHiYtTxe1xgPTIBtQUTsvrb5mG064l-_KZhOdvqTpB4p2eMlF7WBlp2g_5zW42FG7sBreXuemti9i1.jpg?quality=95&as=32x43,48x64,72x96,108x144,160x213,240x320,360x480,480x640,540x720,640x853,720x960,1080x1440,1280x1707,1440x1920,1920x2560&from=bu&cs=1920x0",,False,,synagogue,True,False,,,,,,,,,,,,,,,
456239202,-7,-75252175,-75252175,1482478693,2016-12-23 08:38:13,58.007814,56.235879,58.00819896273859,56.23476395501453,78.40494941846167,"https://sun9-24.userapi.com/s/v1/ig1/CwG9GtHH1j3Cqa1qCl9ycgqNzQlpF7DJVkUJqIiUwWyLIeRLcquLbReYqe2JNAa_pOQPe1p3.jpg?quality=96&as=32x32,48x48,72x72,108x108,160x160,240x240,360x360,480x480,540x540,640x640,720x720,960x960&from=bu&cs=960x0",,False,159.0,synagogue,True,False,,,,,,,,,,,,,,,
457242288,-7,-76634753,-76634753,1634806603,2021-10-21 10:56:43,58.007686,56.255584,58.00763133477656,56.255145877976155,26.516623898082894,"https://sun9-67.userapi.com/s/v1/ig2/o-npcoVGTkGNBZIiXW_DlQFViZu0ocv3AKthUE8xoBjtAg1AMvZVNhUsroq1NfQH3iJx-AXpGJ7uxoID0wB54uhK.jpg?quality=96&as=32x43,48x64,72x96,108x144,160x213,240x320,360x480,480x640,540x721,640x854,720x961,1080x1441,1280x1708,1388x1852&from=bu&cs=1388x0",,False,,or avner habad community center,True,False,,,,,,,,,,,,,,,
457256621,-7,-170690865,-170690865,1681401227,2023-04-13 17:53:47,58.007722,56.234505,58.00819896273859,56.23476395501453,55.186284082187015,"https://sun9-23.userapi.com/s/v1/ig2/afYTAkjVwnW_R6Vz0LMdbBO5QdCSQbsjjB0TxWxTJv1arXwMGOpHGsAZPiUZeoNx-BPqnyetPik6TvHW1bmcOEAa.jpg?quality=95&as=32x43,48x64,72x96,108x144,160x214,240x320,360x481,480x641,540x721,640x855,720x961,1080x1442,1280x1709,1342x1792&from=bu&cs=1342x0",,False,,synagogue,True,False,,,,,,,,,,,,,,,
457306847,-7,360619746,360619746,1565105902,2019-08-06 17:38:22,58.007574,56.233659,58.00819896273859,56.23476395501453,95.21824246074848,"https://sun9-50.userapi.com/s/v1/if1/DE1ETj_7B-l5jGNU-ITi6AaZy81mTll-lQuOK51wd3Znf36n6QYTmv3b_XsUlDTGJaqniBT1.jpg?quality=96&as=32x24,48x36,72x54,108x81,160x120,240x180,360x270,480x360,540x405,640x480&from=bu&cs=640x0",,False,257255.0,synagogue,True,False,,,,,,,,,,,,,,,
457254552,-7,-170690865,-170690865,1668587346,2022-11-16 09:29:06,58.007897,56.234398,58.00819896273859,56.23476395501453,39.902113118787824,"https://sun9-79.userapi.com/s/v1/ig2/I-z9W2cobnUXF3oHLjQ-f_ucVGhTRaIVQD-ZEU36ovLVAqJlEwsB-ee6d-WjreSQrxSqgOw9PddRhDC1hvX3cHMt.jpg?quality=95&as=32x43,48x64,72x96,108x144,160x213,240x320,360x480,480x640,540x720,640x853,720x960,1080x1440,1280x1707,1344x1792&from=bu&cs=1344x0",,False,,synagogue,True,False,,,,,,,,,,,,,,,
457257127,-7,-170690865,-170690865,1683634049,2023-05-09 14:07:29,58.007722,56.234505,58.00819896273859,56.23476395501453,55.186284082187015,"https://sun9-62.userapi.com/s/v1/ig2/_2W1lxlYrtAaMnfvIs4622guJRsPNNGW3WTwn5fEKSI-VQJFTTrGi-EKhQveebmL6xXTy6rf44k--RSVzTiAPe62.jpg?quality=95&as=32x43,48x64,72x96,108x144,160x213,240x320,360x480,480x640,540x720,640x853,720x960,1080x1440,1280x1707,1398x1864&from=bu&cs=1398x0",,False,,synagogue,True,False,,,,,,,,,,,,,,,
456239443,-7,4215035,4215035,1517832048,2018-02-05 13:00:48,58.0078,56.235839,58.00819896273859,56.23476395501453,77.32402621441274,"https://sun9-15.userapi.com/s/v1/if1/DTfWm3wJty8RalJDf_w-iDMzXtNThcERn5ttIBH6gxyB8S7Rr4-V1Rb-Vwi-yH4REBie0HuK.jpg?quality=96&as=32x18,48x27,72x40,108x61,160x90,240x135,360x202,480x270,540x304,640x360,720x405,1024x576&from=bu&cs=1024x0",,False,,synagogue,True,False,,,,,,,,,,,,,,,
457255403,-7,-170690865,-170690865,1674127181,2023-01-19 12:19:41,58.00782,56.23461,58.00819896273859,56.23476395501453,43.10373252508328,"https://sun9-44.userapi.com/s/v1/ig2/4hgUBYn9eEp7C4wPOCb-JfXXbUF_cP5-cYoWkoxnUlIpVsmZuMNaTUGg2Sdev0yTlhWZmPQdINHiQ45weLLEd9L6.jpg?quality=95&as=32x43,48x64,72x96,108x144,160x213,240x320,360x480,480x640,540x720,640x853,720x960,1080x1440,1280x1707,1344x1792&from=bu&cs=1344x0",,False,,synagogue,True,False,,,,,,,,,,,,,,,
457249440,-7,-170690865,-170690865,1652867522,2022-05-18 11:52:02,58.007876,56.234425,58.00819896273859,56.23476395501453,41.09000195354979,"https://sun9-40.userapi.com/s/v1/ig2/7erUK3Gu607lIgtsajRH9r-STSaIQK9ODB0I7RQhd_3ejcxaGoDxq8tQnqX7b4QPuMoWTI49YDgEP-hluRQGovhA.jpg?quality=96&as=32x43,48x64,72x96,108x144,160x214,240x320,360x481,480x641,540x721,640x855,720x961,1080x1442,1280x1709,1342x1792&from=bu&cs=1342x0",,False,,synagogue,True,False,,,,,,,,,,,,,,,
457242374,-7,-194619161,-194619161,1674886923,2023-01-28 07:22:03,58.007716,56.235602,58.00819896273859,56.23476395501453,72.9481739764952,"https://sun9-28.userapi.com/s/v1/ig2/FWI3p7fP6bBwO4b2jGpvSL8C5RuTjj9mGbvgk9JSVYmlfF_cR2_g7Is9kZi9CxHpn_33vTLjy1A6YJVZ_nEqJfO1.jpg?quality=95&as=32x43,48x64,72x96,108x144,160x213,240x320,360x480,480x640,540x720,640x853,720x960,1080x1440,1280x1707,1440x1920,1920x2560&from=bu&cs=1920x0",,False,,synagogue,True,False,,,,,,,,,,,,,,,
457243227,-7,391283960,391283960,1635442037,2021-10-28 19:27:17,58.007982,56.235839,58.00819896273859,56.23476395501453,67.77141446615977,"https://sun9-48.userapi.com/s/v1/ig2/tifAnr9HB4ru99TlcVGaIzE8HoertzlA5brGH-ir_KqHWY6fl3MFfJ7phfn_bTW8ck6S4MDZEh9-RPxRNyvBbliU.jpg?quality=96&as=32x43,48x64,72x96,108x144,160x213,240x320,360x480,480x640,540x720,640x853,720x960,1080x1440,1200x1600&from=bu&cs=1200x0",,False,,synagogue,True,False,,,,,,,,,,,,,,,
457251655,-7,-170690865,-170690865,1655204340,2022-06-14 12:59:00,58.007715,56.234399,58.00819896273859,56.23476395501453,57.95011791683787,"https://sun9-82.userapi.com/s/v1/ig2/tkX6Cm77ygYsvjklDA6YtoqPfep1tPQGyJvHYPdymLXEKDcHGYrtfAUiljvq_FJO7r3_7081UdcwdF5upMB1Vit1.jpg?quality=95&as=32x43,48x64,72x96,108x144,160x213,240x320,360x480,480x640,540x720,640x853,720x960,1080x1440,1280x1707,1344x1792&from=bu&cs=1344x0",,False,,synagogue,True,False,,,,,,,,,,,,,,,
457240109,-7,-194619161,-194619161,1650521937,2022-04-21 08:18:57,58.007729,56.234782,58.00819896273859,56.23476395501453,52.268283741751546,"https://sun9-83.userapi.com/s/v1/ig2/2my95sgk5TKzfC9U837Yo42dsx0aDu0zVycJnpPhDtvN4nOBeLqNleQcciOgYORYaSoK9AcXGnXrqcBZ_92ySzoY.jpg?quality=96&as=32x43,48x64,72x96,108x144,160x213,240x320,360x480,480x640,540x721,640x854,720x961,1080x1441,1280x1708,1388x1852&from=bu&cs=1388x0",,False,,synagogue,True,False,,,,,,,,,,,,,,,
457253126,-7,-170690865,-170690865,1661259947,2022-08-23 15:05:47,58.007897,56.234398,58.00819896273859,56.23476395501453,39.902113118787824,"https://sun9-4.userapi.com/s/v1/ig2/MVYW-ASxzACFNg4z6NXrouX3uEK8xiog9B9kGIg18J0TdklRHc5IO6eW_0A5lWMScHfP0T_1abx161PyJm7seLT5.jpg?quality=95&as=32x43,48x64,72x96,108x144,160x214,240x320,360x481,480x641,540x721,640x855,720x961,1080x1442,1280x1709,1342x1792&from=bu&cs=1342x0",,False,,synagogue,True,False,,,,,,,,,,,,,,,
457239909,-7,-184638528,-184638528,1684425861,2023-05-18 18:04:21,58.007594,56.254897,58.00763133477656,56.255145877976155,15.238251134304964,"https://sun9-60.userapi.com/s/v1/ig2/6WdQNmGvsWGOzh7Gyx-PqtAEMjqrKDb3OmG3OQAEJO9p-LtV4MbGh6DVD1PbjL4g2OA4SrhbaIFE-F2MvoANEFsY.jpg?quality=95&as=32x43,48x64,72x96,108x144,160x213,240x320,360x480,480x640,540x720,640x853,720x960,1080x1440,1280x1707,1440x1920,1920x2560&from=bu&cs=1920x0",,False,,or avner habad community center,True,True,,,,,,,,,,,,,,,
457245507,-7,31653135,31653135,1610728484,2021-01-15 17:34:44,58.007666,56.234518,58.00819896273859,56.23476395501453,61.00836138371684,"https://sun9-80.userapi.com/s/v1/ig2/h-rFj6gdb29ptles28iS-GX7sOGXwvaEEVjR8EMgTKh04wvfcxs01EzaJwRAqxRsKxe7al8tSB9GT_QBN3WjG6NC.jpg?quality=96&as=32x43,48x64,72x96,108x144,160x213,240x320,360x480,480x640,540x720,640x853,720x960,1080x1440,1200x1600&from=bu&cs=1200x0",,False,,synagogue,True,False,,,,,,,,,,,,,,,
457257376,-7,-170690865,-170690865,1685185576,2023-05-27 13:06:16,58.007722,56.234505,58.00819896273859,56.23476395501453,55.186284082187015,"https://sun9-24.userapi.com/s/v1/ig2/eWCUPhD6RJRLvxWw2tYbpPCcjFcDgl25pA1W35fppcMd2iSjr6Sa35Iy5rab2lrBQqt34dD4qRDgi-uRtrtToteb.jpg?quality=95&as=32x43,48x64,72x96,108x144,160x213,240x320,360x480,480x640,540x720,640x853,720x960,1080x1440,1280x1707,1398x1864&from=bu&cs=1398x0",,False,,synagogue,True,False,,,,,,,,,,,,,,,
456240598,-7,261660768,261660768,1493313302,2017-04-27 19:15:02,58.007891,56.235839,58.00819896273859,56.23476395501453,71.9971941060956,"https://sun9-77.userapi.com/s/v1/ig1/Qthuo3MDOyYaFhKTs9A_Q-wsXjYW-AZt8qotlm2tPrOZt16CFgBLEp0HPyl7_gV1NzfzPQf8.jpg?quality=96&as=32x43,48x64,72x96,108x144,160x213,240x320,360x480,480x640,540x720,640x853,720x960&from=bu&cs=720x0",,False,,synagogue,True,False,,,,,,,,,,,,,,,
457256199,-7,-170690865,-170690865,1678883522,2023-03-15 13:32:02,58.007806,56.234399,58.00819896273859,56.23476395501453,48.698462152861765,"https://sun9-79.userapi.com/s/v1/ig2/WCALFG3qn7lZPId_lTsy50sEvj5JrtFD_vOzK3Z1PCgzLYQlP3exc8TGNWHiI8yR_GbV-JIDIOTEzwEWiyLFmtDb.jpg?quality=95&as=32x43,48x64,72x96,108x144,160x214,240x320,360x481,480x641,540x721,640x855,720x961,1080x1442,1280x1709,1342x1792&from=bu&cs=1342x0",,False,,synagogue,True,False,,,,,,,,,,,,,,,
457242631,-7,-194619161,-194619161,1677995142,2023-03-05 06:45:42,58.007813,56.23502,58.00819896273859,56.23476395501453,45.490675569552515,"https://sun9-88.userapi.com/s/v1/ig2/hhAzfoH5DqElG4wYUuCRnJWO043nM_qGOor655y5S8IC3kqdpY6fVmg5XIvwIFfovlb_OYhlVnRjFnHGOOE0flKg.jpg?quality=95&as=32x43,48x64,72x96,108x144,160x213,240x320,360x480,480x640,540x720,640x853,720x960,1080x1440,1280x1707,1440x1920,1920x2560&from=bu&cs=1920x0",,False,,synagogue,True,False,,,,,,,,,,,,,,,
457306960,-7,360619746,360619746,1565255365,2019-08-08 11:09:25,58.007574,56.233659,58.00819896273859,56.23476395501453,95.21824246074848,"https://sun9-54.userapi.com/s/v1/if1/JkEJYEgZKHaf_J1H92c6N0x-T_TbXrnqXrl_Mkdu0IVVJa7UJ_sM0OaaxcytjUaizSxKFAjp.jpg?quality=96&as=32x24,48x36,72x54,108x81,160x120,240x180,360x270,480x360,540x405,640x480&from=bu&cs=640x0",,False,257756.0,synagogue,True,False,,,,,,,,,,,,,,,
457322338,301537621,-43730800,-43730800,1760170768,2025-10-11 10:19:28,58.007695,56.2358,58.00819896273859,56.23476395501453,82.8583389920959,"https://sun9-2.userapi.com/s/v1/ig2/byLCJk3yguAmmulU5d0lo8aeKjSxp3sl_VSYmGsp3WEzpNtlN84b7gG4kX8wvywIr7rVHrC11yjIPFUgaipNfEBr.jpg?quality=95&as=32x51,48x76,72x114,108x172,160x254,240x381,360x572,480x763,540x858,640x1017,720x1144,1080x1716,1280x2034,1440x2288,1611x2560&from=bu&cs=1611x0",Продан,False,,synagogue,True,False,,,,,,,,,,,,,,,
457256205,-7,-170690865,-170690865,1678885903,2023-03-15 14:11:43,58.007715,56.234399,58.00819896273859,56.23476395501453,57.95011791683787,"https://sun9-52.userapi.com/s/v1/ig2/A9RPtxykhFdZuNb-hWUzoV6wyqgE1FsaWl3N8p9K0l1mt3DqsU9iX24UedvVMFEzbdrOq9ophlK6fcZihrg_bU1c.jpg?quality=95&as=32x43,48x64,72x96,108x144,160x214,240x320,360x481,480x641,540x721,640x855,720x961,1080x1442,1280x1709,1342x1792&from=bu&cs=1342x0",,False,,synagogue,True,False,,,,,,,,,,,,,,,
457254665,-7,-170690865,-170690865,1669199362,2022-11-23 11:29:22,58.007897,56.234398,58.00819896273859,56.23476395501453,39.902113118787824,"https://sun9-28.userapi.com/s/v1/ig2/dgkKVs3RVif3jQSoxEnjkBThzxBQ0FgcVqLYLHps0vUlJELHuhuD09Zupg6zAxnPoO1S-YhVTWti2LkfxsrPI88o.jpg?quality=95&as=32x43,48x64,72x96,108x144,160x213,240x320,360x480,480x640,540x720,640x853,720x960,1080x1440,1280x1707,1344x1792&from=bu&cs=1344x0",,False,,synagogue,True,False,,,,,,,,,,,,,,,
456239869,-7,-224628741,-224628741,1713887311,2024-04-23 17:48:31,58.007695,56.2358,58.00819896273859,56.23476395501453,82.8583389920959,"https://sun9-74.userapi.com/s/v1/ig2/HP1u3DTNZ8Ffas4VcKZO-Tf_CQX5Yf9ECzEgfnmdLM7KSz0Cg_NCV1obsW1gaEzTorDXh9HDTfzWLlhi1rU96DMb.jpg?quality=95&as=32x43,48x64,72x96,108x144,160x213,240x320,360x480,480x640,540x720,640x853,720x960,1080x1440,1280x1707,1440x1920,1920x2560&from=bu&cs=1920x0",,False,,synagogue,True,False,,,,,,,,,,,,,,,
457256890,-7,-170690865,-170690865,1682516771,2023-04-26 15:46:11,58.007715,56.234399,58.00819896273859,56.23476395501453,57.95011791683787,"https://sun9-28.userapi.com/s/v1/ig2/bmo6ZsUGqHXyWd2AE30AzYguVSLthoFDXJwxk8vvU3V9Q73hTW5v2UpMaX8xc6zCxVGOLy7guIAH0gpGBYfZSSez.jpg?quality=95&as=32x43,48x64,72x96,108x144,160x213,240x320,360x480,480x640,540x720,640x853,720x960,1080x1440,1280x1707,1398x1864&from=bu&cs=1398x0",,False,,synagogue,True,False,,,,,,,,,,,,,,,
457257129,-7,-170690865,-170690865,1683634182,2023-05-09 14:09:42,58.007722,56.234505,58.00819896273859,56.23476395501453,55.186284082187015,"https://sun9-36.userapi.com/s/v1/ig2/ZP0aDB-N8TpqDF__6O0teq2beZUnAHCsUYI_Y2S535P6kEqTKWa260PfRMromqy9UcbqmvsYLZ-wK36MWHANjgU1.jpg?quality=95&as=32x43,48x64,72x96,108x144,160x213,240x320,360x480,480x640,540x720,640x853,720x960,1080x1440,1280x1707,1398x1864&from=bu&cs=1398x0",,False,,synagogue,True,False,,,,,,,,,,,,,,,
457256427,-7,-170690865,-170690865,1680100689,2023-03-29 16:38:09,58.007722,56.234505,58.00819896273859,56.23476395501453,55.186284082187015,"https://sun9-87.userapi.com/s/v1/ig2/B0SR3LqBKNCxGvf2LW_Rch2PLeqFWI4eIZXay41eCgDhjyyNQwDiPq3D7EZKgiaF7POrxTB87MkDOPD7mx5xlSty.jpg?quality=95&as=32x43,48x64,72x96,108x144,160x214,240x320,360x481,480x641,540x721,640x855,720x961,1080x1442,1280x1709,1342x1792&from=bu&cs=1342x0",,False,,synagogue,True,False,,,,,,,,,,,,,,,
457250667,-7,-170690865,-170690865,1654172516,2022-06-02 14:21:56,58.007995,56.234504,58.00819896273859,56.23476395501453,27.36586051718784,"https://sun9-58.userapi.com/s/v1/ig2/Njs6QRt96OT7ziEH6i2etcbmeXwvG7aK_CIZpqS3UafEECkAkyMzbPUMDdqh8_yVfcAtdGjiBH_2iP2LwhHXzOCU.jpg?quality=95&as=32x43,48x64,72x96,108x144,160x214,240x320,360x481,480x641,540x721,640x855,720x961,1080x1442,1280x1709,1342x1792&from=bu&cs=1342x0",,False,,synagogue,True,False,,,,,,,,,,,,,,,
457254489,-7,-170690865,-170690865,1668337017,2022-11-13 11:56:57,58.007799,56.234293,58.00819896273859,56.23476395501453,52.41830941546784,"https://sun9-42.userapi.com/s/v1/ig2/rRwKvl4fJKX4NxEOGlpj6MtfVaSE6R-eOoxuEV56cqGjOQWXAg-Hv-4F_-TQQwfziSYeRlczF_sUAg3SefSRUT6x.jpg?quality=95&as=32x43,48x64,72x96,108x144,160x213,240x320,360x480,480x640,540x720,640x853,720x960,1080x1440,1280x1707,1344x1792&from=bu&cs=1344x0",,False,,synagogue,True,False,,,,,,,,,,,,,,,
457323286,-7,360619746,360619746,1583857712,2020-03-10 17:28:32,58.007756,56.23383,58.00819896273859,56.23476395501453,73.84660856697879,"https://sun9-22.userapi.com/s/v1/if2/Dx_ZjTh6HIgYP3jBkiAeADIPiIw2GkpTQYwIXSeBYtBgKQflV6kvbc0vkmbfJtDlFBlk7TBcsxxCXzfLOmTl0oFs.jpg?quality=96&as=32x24,48x36,72x54,108x81,160x119,240x179,360x269,480x358,540x403,640x478,720x538,1080x807,1280x956,1440x1075,2560x1912&from=bu&cs=2560x0",,False,,synagogue,True,False,,,,,,,,,,,,,,,
457255879,-7,-170690865,-170690865,1677154539,2023-02-23 13:15:39,58.007715,56.234399,58.00819896273859,56.23476395501453,57.95011791683787,"https://sun9-3.userapi.com/s/v1/ig2/zdA90B8aph44J5GVuEvbmviO5dk_oTF-1cG96Emf_gwDWkOBU_5yxaaRvoLerhTVzb_0he9q0nxDeSb2ZmK-AhOo.jpg?quality=95&as=32x43,48x64,72x96,108x144,160x214,240x320,360x481,480x641,540x721,640x855,720x961,1080x1442,1280x1709,1342x1792&from=bu&cs=1342x0",,False,,synagogue,True,False,,,,,,,,,,,,,,,
457254473,-7,-170690865,-170690865,1668247391,2022-11-12 11:03:11,58.008114,56.234411,58.00819896273859,56.23476395501453,22.83853256185169,"https://sun9-78.userapi.com/s/v1/ig2/AH5SbDwdiwN7LuG7qyO4XQpqlxQqNh6-tBOfV77V0qtOYnU-u1hGkDugDK1oqHx0xhxmR9O_BviZ6ZP3tyf4Ws_C.jpg?quality=95&as=32x43,48x64,72x96,108x144,160x213,240x320,360x480,480x640,540x720,640x853,720x960,1080x1440,1280x1707,1344x1792&from=bu&cs=1344x0",,False,,synagogue,True,False,,,,,,,,,,,,,,,
457242184,-7,-69074087,-69074087,1572445633,2019-10-30 15:27:13,58.007778,56.234491,58.00819896273859,56.23476395501453,49.49388647682783,"https://sun9-82.userapi.com/s/v1/ig1/JHa0urNCXCXZcGbO1Bh1k51LyNfIj2INZHgzX1BQexOyXpebu1cSgeV31E4Nq7ELdnfIgIYN.jpg?quality=96&as=32x43,48x64,72x96,108x144,160x214,240x321,360x481,480x641,540x721,640x855,720x962,958x1280&from=bu&cs=958x0",,False,,synagogue,True,False,,,,,,,,,,,,,,,
456241473,-7,-99638016,-99638016,1494888038,2017-05-16 00:40:38,58.007617,56.234122,58.00819896273859,56.23476395501453,74.9518876264359,"https://sun9-15.userapi.com/s/v1/if1/SfgmDs-9Xl6gbW2WgtbDhrWPj9rg_tcA7PssTzUe9ug9i5zcbc9VybIPALlEmivDrDE2P5FP.jpg?quality=96&as=32x24,48x36,72x54,108x81,160x120,240x180,360x270,480x360,540x405,640x480,720x540,960x720&from=bu&cs=960x0",,False,,synagogue,True,False,,,,,,,,,,,,,,,
457242278,-7,-69074087,-69074087,1574922733,2019-11-28 07:32:13,58.007799,56.234465,58.00819896273859,56.23476395501453,47.83405104017318,"https://sun9-45.userapi.com/s/v1/ig1/hBHxjSI7_NhVIYZhJnLY3riKLYC7BKja4i3AYM_cbeEtuWCMLtlsMYIJ_b4GNzrpTge1imJ8.jpg?quality=96&as=32x43,48x64,72x96,108x144,160x214,240x320,360x480,480x641,540x721,640x854,720x961,959x1280&from=bu&cs=959x0",,False,,synagogue,True,False,,,,,,,,,,,,,,,
457250029,-7,-170690865,-170690865,1653388061,2022-05-24 12:27:41,58.007939,56.234345,58.00819896273859,56.23476395501453,38.00978402778725,"https://sun9-25.userapi.com/s/v1/ig2/yXzu-O8atHEvxZbGywDF_N3FZiurOeGrlakXRd-yKD8-vhVBCUsWy4TWMKSbzoF7SSOMxz_aeVypYftU9dK0kca2.jpg?quality=96&as=32x43,48x64,72x96,108x144,160x214,240x320,360x481,480x641,540x721,640x855,720x961,1080x1442,1280x1709,1342x1792&from=bu&cs=1342x0",,False,,synagogue,True,False,,,,,,,,,,,,,,,
457242475,-7,-76634753,-76634753,1652375692,2022-05-12 19:14:52,58.007608,56.255281,58.00763133477656,56.255145877976155,8.372489562880308,"https://sun9-13.userapi.com/s/v1/ig2/f2IWkpPKD0LNlwTiL2tQxRZozQPyWQeI_ltNQDUMjkKaaIZ3cA7wf5obhmkpmdEzZVcvJgYZkwF6aCRqLsSAKVVD.jpg?quality=95&as=32x43,48x64,72x96,108x144,160x213,240x320,360x480,480x640,540x721,640x854,720x961,1080x1441,1280x1708,1388x1852&from=bu&cs=1388x0",,False,,or avner habad community center,True,True,,,,,,,,,,,,,,,
456240591,-6,220220170,220220170,1504801575,2017-09-07 18:26:15,58.007814,56.235363,58.00819896273859,56.23476395501453,55.47756303733873,"https://sun9-82.userapi.com/s/v1/ig1/LGwvpYfrXJW1UpLFkQMEm5ml6PayOvF7vmoJmkuaMrwYbgrYRmxT8ABw0jZTN_tB5AbMYSIk.jpg?quality=96&as=32x43,48x64,72x96,108x144,160x213,240x320,360x480,480x640,540x720,640x853,720x960&from=bu&cs=720x0",,False,7457.0,synagogue,True,False,,,,,,,,,,,,,,,
457256637,-7,-170690865,-170690865,1681482074,2023-04-14 16:21:14,58.007715,56.234399,58.00819896273859,56.23476395501453,57.95011791683787,"https://sun9-56.userapi.com/s/v1/ig2/4J-IeLtppAGQOje_I4Z7bfR_6FX8mwlBycFHXaCJfql1qNW9Ff0GK703CYiv2-TlrlwIlNGMMdw5Nig_UJUH0L8E.jpg?quality=95&as=32x43,48x64,72x96,108x144,160x214,240x320,360x481,480x641,540x721,640x855,720x961,1080x1442,1280x1709,1342x1792&from=bu&cs=1342x0",,False,,synagogue,True,False,,,,,,,,,,,,,,,
457245935,-7,-153579243,-153579243,1567257992,2019-08-31 15:26:32,58.007588,56.233699,58.00819896273859,56.23476395501453,92.47346630044552,"https://sun9-20.userapi.com/s/v1/if1/XQ1UcjbmG3QYqj3alh20Lc0oEPHHOLa1QY50VbtWwsjxp4JGZKhoQsaEuYAddaT3HodOJhVK.jpg?quality=96&as=32x24,48x36,72x54,108x81,160x119,240x179,360x269,480x358,540x403,640x478,720x538,1080x807,1280x956,1440x1075,2560x1912&from=bu&cs=2560x0",,False,,synagogue,True,False,,,,,,,,,,,,,,,
457240642,-6,7450415,7450415,1727520333,2024-09-28 12:45:33,58.00801,56.235403,58.00819896273859,56.23476395501453,43.11346849991991,"https://sun9-82.userapi.com/s/v1/ig2/fQpHwlkxMy1FA4SlXKuqVLcp6aozNuLD0Tjm0PPCZHwXLdCsb2ixU-eZNr0PkVbdM_fnNQNSOCM2A6bWJuvud4q1.jpg?quality=95&as=32x57,48x85,72x128,108x192,160x284,240x427,360x640,480x853,540x960,640x1138,720x1280,1080x1920,1280x2276,1440x2560&from=bu&cs=1440x0",,False,,synagogue,True,False,,,,,,,,,,,,,,,
407121765,-7,261660768,261660768,1458873598,2016-03-25 03:39:58,58.007765,56.235826,58.00819896273859,56.23476395501453,79.01290643993259,"https://sun9-6.userapi.com/s/v1/ig2/eoiCnnhLwCxYJXufgI-m2DZd37UT2Uog4GR4caj0JccC48zxJ-UvUaFeHh91q6Soi2UFJvCHDnlJseiH59iiFyET.jpg?quality=96&as=32x40,48x60,72x90,108x135,160x200,240x300,360x451,480x601,540x676,640x801,720x901,767x960&from=bu&cs=767x0",,False,,synagogue,True,False,,,,,,,,,,,,,,,
457255195,-7,-170690865,-170690865,1672922424,2023-01-05 13:40:24,58.007806,56.234399,58.00819896273859,56.23476395501453,48.698462152861765,"https://sun9-49.userapi.com/s/v1/ig2/HxUoj8h5iQL4LE3HAyqHE-WTd1zJNOPeZhoyeAl__2-L2x4MqCA1NBxw27H3eRGzGJH7YljQT03S6AJSp57Jfeux.jpg?quality=95&as=32x43,48x64,72x96,108x144,160x213,240x320,360x480,480x640,540x720,640x853,720x960,1080x1440,1280x1707,1344x1792&from=bu&cs=1344x0",,False,,synagogue,True,False,,,,,,,,,,,,,,,
457256040,-7,-170690865,-170690865,1677923865,2023-03-04 10:57:45,58.007715,56.234399,58.00819896273859,56.23476395501453,57.95011791683787,"https://sun9-36.userapi.com/s/v1/ig2/Vcsb-6D268guMWqJf4vTebWHTI9SjtgsqbiBEbtS39CpQcxyqTEgK-ix-1ubF76UG2ND3zBaI9pfbADHhv1qvZMq.jpg?quality=95&as=32x43,48x64,72x96,108x144,160x214,240x320,360x481,480x641,540x721,640x855,720x961,1080x1442,1280x1709,1342x1792&from=bu&cs=1342x0",,False,,synagogue,True,False,,,,,,,,,,,,,,,
456239017,-6,420195276,420195276,1490276966,2017-03-23 14:49:26,58.007848,56.235033,58.00819896273859,56.23476395501453,42.12109371068939,"https://sun9-7.userapi.com/s/v1/ig2/YNYFVWmcY4G3pQJVD06BYyyyWuvb3lcmYyPec8jXHTNAuHTCnIcF42UDPyO-Zjz9oY0Yga225pvqd0sCT2YOZQf6.jpg?quality=96&as=32x40,48x60,72x90,108x135,160x200,240x300,360x450,480x600,540x675,640x800,720x900,1080x1350,1280x1600,1440x1800,1728x2160&from=bu&cs=1728x0",,False,1.0,synagogue,True,False,,,,,,,,,,,,,,,
457246860,-7,-170690865,-170690865,1650969083,2022-04-26 12:31:23,58.008121,56.234517,58.00819896273859,56.23476395501453,16.93537426911415,"https://sun9-36.userapi.com/s/v1/ig2/WdAH3IuS-jyn6NtM6jgHGXv-IJGs-DQlw7ebARh9nLVl44P85Sj-eYOlqZncRHhHZOFTBkJc3JeCCT0SG2hb9Fx9.jpg?quality=96&as=32x43,48x64,72x96,108x144,160x214,240x320,360x481,480x641,540x721,640x855,720x961,1080x1442,1280x1709,1342x1792&from=bu&cs=1342x0",,False,,synagogue,True,False,,,,,,,,,,,,,,,
457251725,-7,-170690865,-170690865,1655287871,2022-06-15 12:11:11,58.007799,56.234293,58.00819896273859,56.23476395501453,52.41830941546784,"https://sun9-64.userapi.com/s/v1/ig2/Nh2Zs4PkcPUPIOHIWz7VDbnaAwDoT46K3vXPl47ANz4bLMzR_U6dCBPrv0VTIpAiPF5t9bJNcwDa14GHtZBOJ_y2.jpg?quality=95&as=32x43,48x64,72x96,108x144,160x214,240x320,360x481,480x641,540x721,640x855,720x961,1080x1442,1280x1709,1342x1792&from=bu&cs=1342x0",,False,,synagogue,True,False,,,,,,,,,,,,,,,
456241476,-7,285443753,285443753,1517125724,2018-01-28 08:48:44,58.007674,56.235826,58.00819896273859,56.23476395501453,85.5686075960785,"https://sun9-5.userapi.com/s/v1/ig1/zAmc4hC8VPbDcFPCbLLCaTipGgTa0uUQiLxSjO7v4yJRmx7k8q8nubfzCu4gFUOjH8rjSFl3.jpg?quality=96&as=32x32,48x48,72x72,108x108,160x160,240x240,360x360,480x480,540x540,640x640,720x720,1080x1080,1280x1280,1440x1440,2160x2160&from=bu&cs=2160x0",,False,,synagogue,True,False,,,,,,,,,,,,,,,
456245223,-7,261660768,261660768,1539444141,2018-10-13 17:22:21,58.007667,56.235892,58.00819896273859,56.23476395501453,88.96694168762951,"https://sun9-23.userapi.com/s/v1/ig1/Zh3-H6A5I0cWIjXrqxK3VK5KuS-IgFc-sjnLA76T39R8K8RhJF2FyDCixduBqginvJnxbDuB.jpg?quality=96&as=32x38,48x56,72x85,108x127,160x188,240x282,360x424,480x565,540x635,640x753,720x847,816x960&from=bu&cs=816x0",,False,,synagogue,True,False,,,,,,,,,,,,,,,
457251000,-7,261660768,261660768,1602871881,2020-10-16 20:11:21,58.008296,56.234926,58.00819896273859,56.23476395501453,14.406769493526276,"https://sun9-65.userapi.com/s/v1/ig2/P1ct2nAf2vsYHGHToAv8JrS6PPI1xT6TYzipwCpJHQg_-n8AAEcNRYPDvNoQWIE-Hd2F1EPNtwJ2cRGcHpgLWusm.jpg?quality=96&as=32x43,48x64,72x96,108x144,160x214,240x320,360x481,480x641,540x721,640x855,720x961,1080x1442,1280x1709,1342x1792&from=bu&cs=1342x0",,False,,synagogue,True,False,,,,,,,,,,,,,,,
457244919,-7,-170690865,-170690865,1649919738,2022-04-14 09:02:18,58.008072,56.234808,58.00819896273859,56.23476395501453,14.354079989210724,"https://sun9-40.userapi.com/s/v1/ig2/u1kEYJ0QQve5W5d_k5mVQSkPuWigkmi04fxArNjOXWJUK7FZ9JICOJgh3vuJEdxc9j6x1eAXI9a8QuYn7ITFWW6N.jpg?quality=96&as=32x43,48x64,72x96,108x144,160x213,240x320,360x480,480x640,540x720,640x853,720x960,1080x1440,1280x1707,1344x1792&from=bu&cs=1344x0",,False,,synagogue,True,True,,,,,,,,,,,,,,,
456239017,-6,424630550,424630550,1492574963,2017-04-19 06:09:23,58.007694,56.234597,58.00819896273859,56.23476395501453,57.00421853451046,"https://sun9-87.userapi.com/s/v1/if1/fbu6dP2XGsaJhz6s7J8lXOpZVp5qj5AM_kECf4ZAgIOCZZ2cm8UWUGTHmCejNsGAU4kpQ0JW.jpg?quality=96&as=32x18,48x27,72x40,108x61,160x90,240x135,360x202,480x270,540x304,640x360&from=bu&cs=640x0",,False,7.0,synagogue,True,False,,,,,,,,,,,,,,,
401048263,-7,261660768,261660768,1455347604,2016-02-13 08:13:24,58.007807,56.235429,58.00819896273859,56.23476395501453,58.6050251154996,"https://sun9-59.userapi.com/s/v1/ig1/6NLVVS_x04GMpgB0X59GX_tgrxYUMD8qGGEpjlaxSoWSkn7af5XyhkJU7U-FJyLiLm_9qlYs.jpg?quality=96&as=32x43,48x64,72x96,108x144,160x213,240x320,360x480,480x640,540x720,640x853,720x960&from=bu&cs=720x0",,False,5014.0,synagogue,True,False,,,,,,,,,,,,,,,
457246396,-7,417438256,417438256,1618586538,2021-04-16 17:22:18,58.00796,56.235178,58.00819896273859,56.23476395501453,36.06941193528832,"https://sun9-42.userapi.com/s/v1/ig2/oiugdx8g_z9owimN99Yhv2hkK0CXRcmQ93vMUKJY5a9fN2GShLRXnKeHhK2mWVBk77zn4qZFAR_320xE_cJ8-pxy.jpg?quality=96&as=32x43,48x64,72x96,108x144,160x213,240x320,360x480,480x640,540x720,640x853,720x960,1080x1440,1280x1707,1344x1792&from=bu&cs=1344x0",,False,,synagogue,True,False,,,,,,,,,,,,,,,
457253778,-7,-170690865,-170690865,1664270540,2022-09-27 11:22:20,58.007813,56.234504,58.00819896273859,56.23476395501453,45.567571879464026,"https://sun9-15.userapi.com/s/v1/ig2/Kzlb9H2Jh5YljZ9ad0o0FMutsAKXr6SjeRDvQISWOZR6VYZ-VnJrdJC0wySqm8DhSDDlFEw5LKp8jng6hbNTKwap.jpg?quality=95&as=32x43,48x64,72x96,108x144,160x213,240x320,360x480,480x640,540x720,640x853,720x960,1080x1440,1280x1707,1344x1792&from=bu&cs=1344x0",,False,,synagogue,True,False,,,,,,,,,,,,,,,
457255611,-7,-170690865,-170690865,1675508645,2023-02-04 12:04:05,58.007918,56.2342,58.00819896273859,56.23476395501453,45.605044690392624,"https://sun9-23.userapi.com/s/v1/ig2/bH0w5nBp_t40eLRd2WV2VABJHHryNBELSc1sLfsWWPpKpufijMDfU6zB8KS8uZ-JdqV9p3fAFOGmToyMWLtmuRjM.jpg?quality=95&as=32x43,48x64,72x96,108x144,160x213,240x320,360x480,480x640,540x720,640x853,720x960,1080x1440,1280x1707,1344x1792&from=bu&cs=1344x0",,False,,synagogue,True,False,,,,,,,,,,,,,,,
457240702,-7,-194619161,-194619161,1658314446,2022-07-20 12:54:06,58.00801,56.235403,58.00819896273859,56.23476395501453,43.11346849991991,"https://sun9-13.userapi.com/s/v1/ig2/4Ydh1eheasKkKJtTZbztKBe3UTwNzrLEKwDnT8oSbYNAZ4qD69ZnTb1r4dAQclAjwDUBAgeYZQ1jWCayg1DJVOea.jpg?quality=95&as=32x43,48x64,72x96,108x144,160x213,240x320,360x480,480x640,540x721,640x854,720x961,1080x1441,1280x1708,1388x1852&from=bu&cs=1388x0",,False,,synagogue,True,False,,,,,,,,,,,,,,,
457252999,-7,-170690865,-170690865,1660733443,2022-08-17 12:50:43,58.007806,56.234399,58.00819896273859,56.23476395501453,48.698462152861765,"https://sun9-66.userapi.com/s/v1/ig2/XDvjxk80Ta6CpFTMQW7imCIqrPiPRigCFo8ZI4y8wtFPWeycY5E1a1LB3aha9LAL4c9stNmyQjViP-Enk5yRWAYW.jpg?quality=95&as=32x43,48x64,72x96,108x144,160x213,240x320,360x480,480x640,540x720,640x853,720x960,1080x1440,1280x1707,1344x1792&from=bu&cs=1344x0",,False,,synagogue,True,False,,,,,,,,,,,,,,,
457241843,-7,-194619161,-194619161,1669875741,2022-12-01 07:22:21,58.007813,56.23502,58.00819896273859,56.23476395501453,45.490675569552515,"https://sun9-48.userapi.com/s/v1/ig2/aXvL7sK1zrjBrtxUVQt4iQLmscFuGrzncoSZm_Owb78xcPpqzcxHz95rd1TK_Gowbl5advaeb-7Vq3KJ4xgT7bMg.jpg?quality=95&as=32x32,48x48,72x72,108x108,160x160,240x240,360x361,480x481,540x541,640x641,720x721,1080x1082,1280x1282,1440x1442,1917x1920&from=bu&cs=1917x0",,False,,synagogue,True,False,,,,,,,,,,,,,,,
457321756,290204260,-43730800,-43730800,1758106265,2025-09-17 12:51:05,58.007709,56.236011,58.00819896273859,56.23476395501453,91.462131381659,"https://sun9-23.userapi.com/s/v1/ig2/KHPI9hDxtSk1OY7W-Eey0d2sELD3lbHeUHXhKnmW_43g3KNVlJRKDMNsVJ7IAE7ahJG3jBHzI3pXfeTXRh4GG5Yl.jpg?quality=95&as=32x39,48x59,72x89,108x133,160x197,240x296,360x444,480x592,540x666,640x789,720x888,1080x1332,1280x1578,1440x1776,2076x2560&from=bu&cs=2076x0","2600-50%= 1300₽ (оплата наличными)

Серое продано 
Черное 42",False,,synagogue,True,False,,,,,,,,,,,,,,,
457255970,-7,-170690865,-170690865,1677586392,2023-02-28 13:13:12,58.007904,56.234504,58.00819896273859,56.23476395501453,36.19748746981516,"https://sun9-32.userapi.com/s/v1/ig2/HR1FwrdGuqFIsDHt8WkU4YKpsoF2zzDaKyriECE5Y2KGucXRFBxLk7HAXqlLmtYdG6BiXw7irzHarOGZeuOt-LRr.jpg?quality=95&as=32x43,48x64,72x96,108x144,160x214,240x320,360x481,480x641,540x721,640x855,720x961,1080x1442,1280x1709,1342x1792&from=bu&cs=1342x0",,False,,synagogue,True,False,,,,,,,,,,,,,,,
457250495,-7,180930841,180930841,1609446313,2020-12-31 21:25:13,58.007385,56.256021,58.00763133477656,56.255145877976155,58.37989313200023,"https://sun9-63.userapi.com/s/v1/ig2/HpFEdaPpv-Xom9Dlz-_MxqJ21yYJkjlWbEC5PfuP32lASrEpSAcGpCmwAKGeJr-ubQPbicayUi2AiVsulY-MTWw9.jpg?quality=96&as=32x43,48x64,72x96,108x144,160x213,240x320,360x480,480x640,540x720,640x853,720x960,1080x1440,1200x1600&from=bu&cs=1200x0",,False,,or avner habad community center,True,False,,,,,,,,,,,,,,,
457257264,-7,-170690865,-170690865,1684503101,2023-05-19 15:31:41,58.007715,56.234399,58.00819896273859,56.23476395501453,57.95011791683787,"https://sun9-77.userapi.com/s/v1/ig2/ZxbW_foo_zNESxbJCKPtsbA-1YQkeGD7Dshjgawj7NmpWgF7-s2t7dpc77Xp-NrPnCvCEarlAsQfkfZiUgcvwuxp.jpg?quality=95&as=32x43,48x64,72x96,108x144,160x213,240x320,360x480,480x640,540x720,640x853,720x960,1080x1440,1280x1707,1398x1864&from=bu&cs=1398x0",,False,,synagogue,True,False,,,,,,,,,,,,,,,
457256741,-7,-170690865,-170690865,1681741571,2023-04-17 16:26:11,58.007722,56.234505,58.00819896273859,56.23476395501453,55.186284082187015,"https://sun9-53.userapi.com/s/v1/ig2/9XcYh6bVciyfWE8C8DED3nl0oLOMn7HkZUbIW047vvZ020B9pQusnE3TYcJimUeKCRjvN4XL_bRXhf8htjGkVgfz.jpg?quality=95&as=32x43,48x64,72x96,108x144,160x214,240x320,360x481,480x641,540x721,640x855,720x961,1080x1442,1280x1709,1342x1792&from=bu&cs=1342x0",,False,,synagogue,True,False,,,,,,,,,,,,,,,
456239077,-7,-75252175,-75252175,1479266929,2016-11-16 04:28:49,58.008066,56.236248,58.00819896273859,56.23476395501453,88.6678198708951,"https://sun9-51.userapi.com/s/v1/ig1/z0oi_mYgBNH3lm7QEb6Nfs_JJRtkAytEZepQChIEuGMx023weaJ7CeYL6WuKfRWS_BYGjRIG.jpg?quality=96&as=32x43,48x64,72x96,108x144,160x213,240x320,360x480,480x640,540x720,640x853,720x960&from=bu&cs=720x0",,False,,synagogue,True,False,,,,,,,,,,,,,,,
457255612,-7,-170690865,-170690865,1675508645,2023-02-04 12:04:05,58.007904,56.234332,58.00819896273859,56.23476395501453,41.51239618653149,"https://sun9-14.userapi.com/s/v1/ig2/3oTXX4b0ZCUcfzMCpWT5Kxm1EoFyXSJ9pEOdAUZKot3Uhp8DKlF7UilQ3ApHdMfaecnn1E42VRQJemDvT2YrsYOd.jpg?quality=95&as=32x43,48x64,72x96,108x144,160x213,240x320,360x480,480x640,540x720,640x853,720x960,1080x1440,1280x1707,1344x1792&from=bu&cs=1344x0",,False,,synagogue,True,False,,,,,,,,,,,,,,,
457254423,-7,-170690865,-170690865,1668170855,2022-11-11 13:47:35,58.007995,56.234504,58.00819896273859,56.23476395501453,27.36586051718784,"https://sun9-39.userapi.com/s/v1/ig2/62ptEm55n-v2seAJxcGOM2Dn97YKhFEFYAWIzZZzRe5KS131MKY38OPWIwkgWz8nATSJMQ-ZjZ7d8zrGdQmcpSab.jpg?quality=95&as=32x43,48x64,72x96,108x144,160x213,240x320,360x480,480x640,540x720,640x853,720x960,1080x1440,1280x1707,1344x1792&from=bu&cs=1344x0",,False,,synagogue,True,False,,,,,,,,,,,,,,,
457240379,277781925,-151869011,-151869011,1720760649,2024-07-12 07:04:09,58.008506,56.234489,58.00819896273859,56.23476395501453,37.788548192568626,"https://sun9-11.userapi.com/s/v1/ig2/r9jFiGKoiqO5t9mUnabaPaF-3MUaaRx8XboDb-zHErjDw_FJTXtzXCUZLrPnnEmP4y5aUB-71RmLz04ptFKHSUVa.jpg?quality=95&as=32x42,48x64,72x96,108x143,160x212,240x319,360x478,480x637,540x717,640x850,720x956,1080x1434,1280x1700,1440x1912,1928x2560&from=bu&cs=1928x0",Общая кухня,False,,synagogue,True,False,,,,,,,,,,,,,,,
457239967,-7,-179988268,-179988268,1571243515,2019-10-16 18:31:55,58.008275,56.234609,58.00819896273859,56.23476395501453,12.442515475689278,"https://sun9-32.userapi.com/s/v1/ig1/atywD3vXPI36yIQ6lzVKd6kihr1o_4DWNOscRJaWUNg0NrAUkFaYj-WYykbAJdqgH3BsMXfF.jpg?quality=96&as=32x43,48x64,72x96,108x144,160x213,240x320,360x480,480x640,540x720,640x853,720x960,1080x1440,1280x1707,1440x1920,1620x2160&from=bu&cs=1620x0",,False,,synagogue,True,True,,,,,,,,,,,,,,,
456241052,-7,261660768,261660768,1497451026,2017-06-14 16:37:06,58.00801,56.235746,58.00819896273859,56.23476395501453,61.55070767470892,"https://sun9-76.userapi.com/s/v1/ig1/Z39I_eKOzZ5l7BLK-VPphB6EV2Tzf8Iu2nC1S5cRbc5rQrQ7EnG0GbLHf4SQ4jfjPuJ9kUgR.jpg?quality=96&as=32x40,48x60,72x90,108x135,160x200,240x300,360x450,480x600,540x675,640x800,720x900,768x960&from=bu&cs=768x0",,False,,synagogue,True,False,,,,,,,,,,,,,,,
457254453,-7,-170690865,-170690865,1668172137,2022-11-11 14:08:57,58.007722,56.234505,58.00819896273859,56.23476395501453,55.186284082187015,"https://sun9-66.userapi.com/s/v1/ig2/viOWxQGJUE7Nd1PYNnDMOnY3Q9xC_xygVcBy78Wb2huoSeexSbFj1llQLzU-B7dq2n-WLVRM4VbsSWEdASvKic7K.jpg?quality=95&as=32x43,48x64,72x96,108x144,160x213,240x320,360x480,480x640,540x720,640x853,720x960,1080x1440,1280x1707,1344x1792&from=bu&cs=1344x0",,False,,synagogue,True,False,,,,,,,,,,,,,,,
457316039,301537621,-43730800,-43730800,1738476833,2025-02-02 07:13:53,58.007814,56.235879,58.00819896273859,56.23476395501453,78.40494941846167,"https://sun9-59.userapi.com/s/v1/ig2/bXG3BQN0zXxOAA2XtjmABka_dToOZGouUBP15tCSi6xA0VU8i_5az93YxP4AK1dUyaKHfUn_jZSVFkwcOf_yOJ0g.jpg?quality=95&as=32x43,48x64,72x96,108x144,160x213,240x320,360x480,480x640,540x720,640x853,720x960,1080x1440,1280x1707,1440x1920,1920x2560&from=bu&cs=1920x0",Продано,False,,synagogue,True,False,,,,,,,,,,,,,,,
457256425,-7,-170690865,-170690865,1680100689,2023-03-29 16:38:09,58.007722,56.234505,58.00819896273859,56.23476395501453,55.186284082187015,"https://sun9-13.userapi.com/s/v1/ig2/4uStVHFezigC1TkOJojTGpScRPktMjLWeVk3EcD1c-R9UHs5O8T6QkJbCuzeVUbiulP9ELN2-Zxw2xTQfem5iqq-.jpg?quality=95&as=32x43,48x64,72x96,108x144,160x214,240x320,360x481,480x641,540x721,640x855,720x961,1080x1442,1280x1709,1342x1792&from=bu&cs=1342x0",,False,,synagogue,True,False,,,,,,,,,,,,,,,
457254258,-7,-170690865,-170690865,1666956221,2022-10-28 13:23:41,58.007904,56.234332,58.00819896273859,56.23476395501453,41.51239618653149,"https://sun9-47.userapi.com/s/v1/ig2/OYk1leoJXRGpO2dc0jKTbpmNilpxNB46D3BR0ZwHFke_tH1PbLwoDppzfpDW3jJzuglStEtmsOWlb25e093n_Lff.jpg?quality=95&as=32x43,48x64,72x96,108x144,160x213,240x320,360x480,480x640,540x720,640x853,720x960,1080x1440,1280x1707,1344x1792&from=bu&cs=1344x0",,False,,synagogue,True,False,,,,,,,,,,,,,,,
457242556,286864399,-76634753,526128670,1654086605,2022-06-01 14:30:05,58.007721,56.255598,58.00763133477656,56.255145877976155,28.440204154808978,"https://sun9-35.userapi.com/s/v1/ig2/YzagmwA6-yL4QxSLU0xUg-vbD8uYRC-ZVrkRlrzBuLrRZIxWR2W0jm4RbQMSQUEIyEZj6RJtlNU-LBQc2gMZz6WT.jpg?quality=95&as=32x43,48x64,72x96,108x144,160x213,240x320,360x480,480x640,540x721,640x854,720x961,1080x1441,1280x1708,1388x1852&from=bu&cs=1388x0",,False,,or avner habad community center,True,False,,,,,,,,,,,,,,,
457253807,-7,-170690865,-170690865,1664354032,2022-09-28 10:33:52,58.007813,56.234504,58.00819896273859,56.23476395501453,45.567571879464026,"https://sun9-73.userapi.com/s/v1/ig2/af-VpZOFzN3yVU7W6t0BF9IkV-LYQgpnt3WQaR9qG4Y9BO1EXl8g_ixaELgDSyP219owu6nTdFM-XtmhRdZm7gIc.jpg?quality=95&as=32x43,48x64,72x96,108x144,160x213,240x320,360x480,480x640,540x720,640x853,720x960,1080x1440,1280x1707,1344x1792&from=bu&cs=1344x0",,False,,synagogue,True,False,,,,,,,,,,,,,,,
456242148,-7,261660768,261660768,1510892816,2017-11-17 05:26:56,58.007828,56.235918,58.00819896273859,56.23476395501453,79.52110193239112,"https://sun9-45.userapi.com/s/v1/ig1/XRMDOcu0XfIylBeBxH2XQB2-cdJQ9liUTZSb6ZD9jA3-Cgs3ZifyUl7J-z7_VqQVxEwc93J7.jpg?quality=96&as=32x40,48x60,72x90,108x135,160x201,240x301,360x451,480x602,540x677,640x802,720x902,766x960&from=bu&cs=766x0",,False,,synagogue,True,False,,,,,,,,,,,,,,,
457255177,-7,-170690865,-170690865,1672922014,2023-01-05 13:33:34,58.007722,56.234505,58.00819896273859,56.23476395501453,55.186284082187015,"https://sun9-39.userapi.com/s/v1/ig2/DkMGxUDiY5Yxkgt2ar-sa2Oa9tm88tXXXvaAUa6GMa7LXl_JszFQUSFlH4qA4r96qSrv-NUzZy7UffzBKtMdB35c.jpg?quality=95&as=32x43,48x64,72x96,108x144,160x213,240x320,360x480,480x640,540x720,640x853,720x960,1080x1440,1280x1707,1344x1792&from=bu&cs=1344x0",,False,,synagogue,True,False,,,,,,,,,,,,,,,
457241906,-7,-76634753,-76634753,1613411253,2021-02-15 18:47:33,58.007539,56.255598,58.00763133477656,56.255145877976155,28.545684925260243,"https://sun9-8.userapi.com/s/v1/ig2/lprFP7FFIBenFqHWA8W6tQfdbGxqIAmEcpKP_2Og_swJTO_RJYCQCoy0tiX51uiDpTJb3nizhlND3V5rPkLaqnRT.jpg?quality=96&as=32x43,48x64,72x96,108x144,160x214,240x320,360x481,480x641,540x721,640x855,720x961,1080x1442,1280x1709,1342x1792&from=bu&cs=1342x0",,False,,or avner habad community center,True,False,,,,,,,,,,,,,,,
457239645,-7,-194619161,-194619161,1647330499,2022-03-15 08:48:19,58.007771,56.235073,58.00819896273859,56.23476395501453,50.95111130841567,"https://sun9-61.userapi.com/s/v1/ig2/bM9IGfckIK8hOMRA05Vbc-3mHt8kADUWtTvVi2gUXBat120LasQwUpdN9ZNEC9xDGV9z_KlXLNG11BrHtDGI9lMw.jpg?quality=96&as=32x43,48x64,72x96,108x144,160x213,240x320,360x480,480x640,540x721,640x854,720x961,1080x1441,1280x1708,1388x1852&from=bu&cs=1388x0",,False,,synagogue,True,False,,,,,,,,,,,,,,,
456240834,-7,-224628741,-224628741,1722344329,2024-07-30 14:58:49,58.007695,56.2358,58.00819896273859,56.23476395501453,82.8583389920959,"https://sun9-28.userapi.com/s/v1/ig2/SGDYQ_CbK8c0nRivltrtVgSkjoiKZtuOkNa_dXJFerHkXKrwTI-gC8R351pYcjEzGvyaejM3W8iABOINXsQ3DzuN.jpg?quality=95&as=32x43,48x64,72x96,108x144,160x213,240x320,360x480,480x640,540x720,640x853,720x960,1080x1440,1280x1707,1440x1920,1920x2560&from=bu&cs=1920x0",,False,,synagogue,True,False,,,,,,,,,,,,,,,
364763700,-7,243524378,243524378,1431417545,2015-05-12 09:59:05,58.007632,56.235707,58.00819896273859,56.23476395501453,84.02938879448219,"https://sun9-17.userapi.com/s/v1/ig1/WExD7r-hL2WQd9OE1rH8J6XcCjCWxy1G0tKq5RgYtorv9PgiZS6tq1MjkMJuGpFuoB3z3Q.jpg?quality=96&as=32x55,48x82,72x123,108x185,160x274,240x411,360x616,480x822,540x924,640x1096,720x1233,854x1462&from=bu&cs=854x0",,False,,synagogue,True,False,,,,,,,,,,,,,,,
431446224,-7,372868736,372868736,1474637340,2016-09-23 15:29:00,58.007771,56.234901,58.00819896273859,56.23476395501453,48.267285587856335,"https://sun9-49.userapi.com/s/v1/if1/GYUPnpPSYvhBzke-eaeg_9m8b3ITV4ELuTshX_-7ofhc83-_j0ddCycirMaGJxA5_Q8-Z87r.jpg?quality=96&as=32x24,48x36,72x54,108x81,160x120,240x180,360x270,480x359,540x404,640x479,720x539,960x719&from=bu&cs=960x0",,False,,synagogue,True,False,,,,,,,,,,,,,,,
457239264,-7,-214801568,-214801568,1666500671,2022-10-23 06:51:11,58.00831,56.234622,58.00819896273859,56.23476395501453,14.91232142906437,"https://sun9-35.userapi.com/s/v1/ig2/DnHPPJNAaHRYZzD19DVmKJxZs6OAuJujMt-SZpmQlYcfPU_rqAUbOy26axnaV_0zG20SIzbpf0aBY2qKXZz3-fJA.jpg?quality=95&as=32x43,48x64,72x96,108x144,160x214,240x321,360x481,480x642,540x722,640x855,720x962,1080x1444,1197x1600&from=bu&cs=1197x0",,False,,synagogue,True,True,,,,,,,,,,,,,,,
457276002,-7,-32557779,-32557779,1644920691,2022-02-15 11:24:51,58.007673,56.234624,58.00819896273859,56.23476395501453,59.06269966671036,"https://sun9-45.userapi.com/s/v1/if2/Ux0Pt0n9MI-NLLStfVIXXpffH6OZeuprF_tGtv91kZ1INcukyf0s_FoQzK-CpZx6MRc7wTJ6MK3UhK1kuLlFa6IC.jpg?quality=96&as=32x24,48x36,72x54,108x81,160x120,240x180,360x270,480x360,540x405,640x480,720x540,1080x810,1280x960,1440x1080,1920x1440&from=bu&cs=1920x0",,False,,synagogue,True,False,,,,,,,,,,,,,,,
457249110,-7,-101847722,-101847722,1712055151,2024-04-02 12:52:31,58.007806,56.235086,58.00819896273859,56.23476395501453,47.636456085795615,"https://sun9-68.userapi.com/s/v1/ig2/o6ndvF7SXvNEzF_9bbolcWEa6HIfmZeq1PQ4_HODkh2k26ZWFrPAI2xvS5aTpeS4m5QB__Yak8Bq5ijEdb8BNl64.jpg?quality=95&as=32x43,48x64,72x96,108x144,160x213,240x320,360x480,480x640,540x720,640x853,720x960,1080x1440,1280x1707,1440x1920,1920x2560&from=bu&cs=1920x0",,False,,synagogue,True,False,,,,,,,,,,,,,,,
400016677,-7,261660768,261660768,1454746909,2016-02-06 09:21:49,58.007849,56.235892,58.00819896273859,56.23476395501453,77.00969538196476,"https://sun9-18.userapi.com/s/v1/ig1/TZQsT18Iv_L1tJi1XOf0PCamipt5zIZzuy8UvdTOxHQsuO0Z3J4PPjGyk5UX3Dvgo6W7gzJo.jpg?quality=96&as=32x40,48x60,72x90,108x135,160x200,240x300,360x451,480x601,540x676,640x801,720x901,767x960&from=bu&cs=767x0",,False,,synagogue,True,False,,,,,,,,,,,,,,,
457255572,-7,-170690865,-170690865,1675342332,2023-02-02 13:52:12,58.007799,56.234293,58.00819896273859,56.23476395501453,52.41830941546784,"https://sun9-65.userapi.com/s/v1/ig2/9Mhw9uS2FU1Y8ff-KZKKsErpH7AEEAusQswYacaSn2063Y91DpDN9uHEWbCnYBkrWbDTtiet7WMOZvX-_7FxfdSP.jpg?quality=95&as=32x43,48x64,72x96,108x144,160x213,240x320,360x480,480x640,540x720,640x853,720x960,1080x1440,1280x1707,1344x1792&from=bu&cs=1344x0",,False,,synagogue,True,False,,,,,,,,,,,,,,,
457286713,-7,14340157,14340157,1655893962,2022-06-22 12:32:42,58.008198,56.234992,58.00819896273859,56.23476395501453,13.434748137224169,"https://sun9-7.userapi.com/s/v1/ig2/7vsL6desNjaAOYG6RZczPx_b1krnMr-_nqHmIT0cqpVJgvSXR4VJql7ZyNOgy8H6Dr8C0MBtbwcmiWG8Sde8RSM9.jpg?quality=95&as=32x43,48x64,72x96,108x144,160x213,240x320,360x480,480x640,540x720,640x853,720x960,1080x1440,1200x1600&from=bu&cs=1200x0",,False,,synagogue,True,False,,,,,,,,,,,,,,,
457239686,-7,-194619161,-194619161,1647411095,2022-03-16 07:11:35,58.007722,56.234676,58.00819896273859,56.23476395501453,53.288350659395746,"https://sun9-21.userapi.com/s/v1/ig2/1IB2sPiaSYdfLW9B_txBo3_0ZeS-KYHTAf7NbjIOpidETSBz0K2w_W4zMAaaOw9sr0TEIcayw9yZ0bVmU2PbiJUy.jpg?quality=96&as=32x43,48x64,72x96,108x144,160x213,240x320,360x480,480x640,540x721,640x854,720x961,1080x1441,1280x1708,1388x1852&from=bu&cs=1388x0",,False,,synagogue,True,False,,,,,,,,,,,,,,,
456239090,-7,-110071762,-110071762,1525162621,2018-05-01 10:17:01,58.007793,56.235562,58.00819896273859,56.23476395501453,65.17671233064395,"https://sun9-62.userapi.com/s/v1/if2/z-MLGGGYcI_cKpAut89sLUEi4QzCP53IFvXje1am5rnFuZd7hIJ0Cm8ue4PyCfw2KXpmcrqwCIazYkIrcnLe1bWy.jpg?quality=96&as=32x24,48x36,72x54,108x81,160x120,240x180,360x270,480x360,540x405,640x480,720x540,960x720&from=bu&cs=960x0",,False,,synagogue,True,False,,,,,,,,,,,,,,,
457255305,-7,-170690865,-170690865,1673584441,2023-01-13 05:34:01,58.007904,56.234504,58.00819896273859,56.23476395501453,36.19748746981516,"https://sun9-16.userapi.com/s/v1/ig2/mjwC4tvg7RzNQsmdyGUluJstN67D5eqNGeTZ6Z8xwx7GqdfOqDihPLz8IqIQiTlGorl_oHGhy-6VXvINbPCRc53H.jpg?quality=95&as=32x43,48x64,72x96,108x144,160x213,240x320,360x480,480x640,540x720,640x853,720x960,1080x1440,1280x1707,1344x1792&from=bu&cs=1344x0",,False,,synagogue,True,False,,,,,,,,,,,,,,,
457253132,-7,-170690865,-170690865,1661260458,2022-08-23 15:14:18,58.007995,56.234504,58.00819896273859,56.23476395501453,27.36586051718784,"https://sun9-14.userapi.com/s/v1/ig2/lsTZnpdhR8yyN3GCmh_JzKzOKHqOsXHsR5eIEziBWTYyRx6UCcQsIDJUZHSR74XnSDzDP3f4EqeKaGT4G_2SvfnI.jpg?quality=95&as=32x43,48x64,72x96,108x144,160x214,240x320,360x481,480x641,540x721,640x855,720x961,1080x1442,1280x1709,1342x1792&from=bu&cs=1342x0",,False,,synagogue,True,False,,,,,,,,,,,,,,,
457257092,-7,-170690865,-170690865,1683364281,2023-05-06 11:11:21,58.007715,56.234399,58.00819896273859,56.23476395501453,57.95011791683787,"https://sun9-28.userapi.com/s/v1/ig2/r1MT1O_eP8Umqi2jrJn3E_esOtGtivU-VJcFxbzGqyxTD50MzRK-5AMnKE15RV_5XZhhppcGatBEQZThrLJHTI6J.jpg?quality=95&as=32x43,48x64,72x96,108x144,160x213,240x320,360x480,480x640,540x720,640x853,720x960,1080x1440,1280x1707,1398x1864&from=bu&cs=1398x0",,False,,synagogue,True,False,,,,,,,,,,,,,,,
457241421,-7,-101621744,-101621744,1647244877,2022-03-14 09:01:17,58.007757,56.234518,58.00819896273859,56.23476395501453,51.23553374200081,"https://sun9-22.userapi.com/s/v1/if2/2mSYTiZt43HqALC3RNeAli0Jt4tYEIVdb8m3VRXgMZ3taRMu15665JonieNQ30b1IoJnUkudF1f--oQm-i0h_0Wc.jpg?quality=96&as=32x24,48x36,72x54,108x81,160x120,240x180,360x270,480x360,540x405,640x480,720x540,1080x810,1280x960,1440x1080,1920x1440&from=bu&cs=1920x0",,False,1453.0,synagogue,True,False,,,,,,,,,,,,,,,
457242187,-7,-69074087,-69074087,1572456230,2019-10-30 18:23:50,58.007778,56.234491,58.00819896273859,56.23476395501453,49.49388647682783,"https://sun9-52.userapi.com/s/v1/ig1/c9bn9PdAOPAvM6do_pgOqv6qZgDpVKn2qHEpBW5h34Qka0Ffrr2MEGnuJnnnedI_yo7bJdDm.jpg?quality=96&as=32x47,48x71,72x107,108x160,160x237,240x355,360x533,480x710,540x799,640x947,720x1065,865x1280&from=bu&cs=865x0",,False,,synagogue,True,False,,,,,,,,,,,,,,,
457253874,-7,-170690865,-170690865,1664958418,2022-10-05 10:26:58,58.007722,56.234505,58.00819896273859,56.23476395501453,55.186284082187015,"https://sun9-88.userapi.com/s/v1/ig2/CPry3_cRtJZmpGnBa0QPMpEB4xYacog5yczIPAA4bePKBoPvY85yjZjOGJz2VMC4hNFerdXz7FYzG5GQIf7Zz6xf.jpg?quality=95&as=32x43,48x64,72x96,108x144,160x213,240x320,360x480,480x640,540x720,640x853,720x960,1080x1440,1280x1707,1344x1792&from=bu&cs=1344x0",,False,,synagogue,True,False,,,,,,,,,,,,,,,
457254118,-7,-170690865,-170690865,1666090790,2022-10-18 12:59:50,58.007722,56.234505,58.00819896273859,56.23476395501453,55.186284082187015,"https://sun9-79.userapi.com/s/v1/ig2/4VSghWnwugI94lx37euCflhuGx2ipOhTR0M35fwAx8MnXfm3nu6R_sWGafG4umwAAbbs3bLTudwwveSZHwbfhLQq.jpg?quality=95&as=32x43,48x64,72x96,108x144,160x213,240x320,360x480,480x640,540x720,640x853,720x960,1080x1440,1280x1707,1344x1792&from=bu&cs=1344x0",,False,,synagogue,True,False,,,,,,,,,,,,,,,
456239908,-7,-67125411,-67125411,1542097542,2018-11-13 09:25:42,58.007798,56.255558,58.00763133477656,56.255145877976155,30.54351725739948,"https://sun9-31.userapi.com/s/v1/if1/_1D0q_TqrYP7-Wllk56EZKH2BraA1JltUIzmiDeFD9Y4_3Royaxe3aQ4uNlW7Nc91FcbNaXA.jpg?quality=96&as=32x24,48x36,72x54,108x81,160x120,240x180,360x270,480x360,540x405,640x480,720x540,1080x810,1280x960,1440x1080,2560x1920&from=bu&cs=2560x0",Эмоции на уроке переполняют..,False,,or avner habad community center,True,False,,,,,,,,,,,,,,,
312370979,-7,-30767742,-30767742,1381676361,2013-10-13 16:59:21,58.007883,56.234874,58.00819896273859,56.23476395501453,35.72656119167864,"https://sun9-6.userapi.com/s/v1/ig2/VFZgD_H8EtyQ5nFDBdLpacatE0CKq2eXrOoarsEPKDJY-kstg1mzBQl0V-FTubk9M6zkfa6LUcA1Y1wmAA6k8S0j.jpg?quality=96&as=32x43,48x64,72x96,108x144,160x213,240x320,360x480,480x640,540x720,640x853,720x960&from=bu&cs=720x0",,False,,synagogue,True,False,,,,,,,,,,,,,,,
457250999,-7,261660768,261660768,1602871881,2020-10-16 20:11:21,58.008219,56.234622,58.00819896273859,56.23476395501453,8.654403432170163,"https://sun9-59.userapi.com/s/v1/ig2/WYB-ZZr89yYSUSHTHyziD1Ag1wxPiUqWoiA7Gkg6mTUsYMdwkPzI--58f7aP1OzBbSEDWo-bewm4QgMjo8ULGb-Q.jpg?quality=96&as=32x43,48x64,72x96,108x144,160x214,240x320,360x481,480x641,540x721,640x855,720x961,1080x1442,1280x1709,1342x1792&from=bu&cs=1342x0",,False,,synagogue,True,True,,,,,,,,,,,,,,,
456240601,-7,27447795,27447795,1533910156,2018-08-10 16:09:16,58.007792,56.235046,58.00819896273859,56.23476395501453,48.20621404192909,"https://sun9-8.userapi.com/s/v1/if1/lIMHQyMl2bomTUptHIbl_l06-3XYnGVhPPFyIdtbtv5aYr2SNeEHUeBSzPt_70o4mWTkQUZy.jpg?quality=96&as=32x18,48x27,72x40,108x61,160x90,240x135,360x202,480x270,540x304,640x360,720x405,1080x607,1280x720,1440x810,2560x1440&from=bu&cs=2560x0",,False,,synagogue,True,False,,,,,,,,,,,,,,,
457257285,-7,-170690865,-170690865,1684672872,2023-05-21 14:41:12,58.007806,56.234399,58.00819896273859,56.23476395501453,48.698462152861765,"https://sun9-33.userapi.com/s/v1/ig2/vIZI4lIs03zDtFbrrHi0jjCv1-CBta075TfNiqPtdOeaItg4qr4pIw6zt5cVzqNlxOjT8UpfM0ji7birbK7pM3BS.jpg?quality=95&as=32x43,48x64,72x96,108x144,160x213,240x320,360x480,480x640,540x720,640x853,720x960,1080x1440,1280x1707,1398x1864&from=bu&cs=1398x0",,False,,synagogue,True,False,,,,,,,,,,,,,,,
457254409,-7,-170690865,-170690865,1667986327,2022-11-09 10:32:07,58.007694,56.234597,58.00819896273859,56.23476395501453,57.00421853451046,"https://sun9-61.userapi.com/s/v1/ig2/k1kZmDLU_ZePJiMvxABaGU2qAqHXq5QBYbZG27IgT0hVYIQL1hHHiMDATQhlnqWseDyrwanYXNEr55wMtnFGSIcz.jpg?quality=95&as=32x43,48x64,72x96,108x144,160x213,240x320,360x480,480x640,540x720,640x853,720x960,1080x1440,1280x1707,1344x1792&from=bu&cs=1344x0",,False,,synagogue,True,False,,,,,,,,,,,,,,,
369100380,214820518,-91891710,-91891710,1435513149,2015-06-28 19:39:09,58.007688,56.236038,58.00819896273859,56.23476395501453,94.13529056256328,"https://sun9-73.userapi.com/s/v1/ig1/VgWEW2_lRQbqnXv0CY5zOs6rg7HZiufeHSCzL3XHpuq50oGwsQmZnlc-1fWAgWhVFuILXw.jpg?quality=96&as=32x39,48x59,72x88,108x132,160x196,240x293,360x440,480x587,540x660,640x783,720x880,960x1174&from=bu&cs=960x0","Обувь для пляжа, размеры: 40, 41, 42, 43, 44, 45. Цена: 435 руб.",False,,synagogue,True,False,,,,,,,,,,,,,,,
457256897,-7,-170690865,-170690865,1682517015,2023-04-26 15:50:15,58.007715,56.234399,58.00819896273859,56.23476395501453,57.95011791683787,"https://sun9-74.userapi.com/s/v1/ig2/98nGcv82JBdusTRyFQF2uqfk36STrmwYmrjMI-yo4i_NfUAmVHkdo8qWMS216ExuJdHwM2ApXbwzCVXt4SISBXp0.jpg?quality=95&as=32x43,48x64,72x96,108x144,160x213,240x320,360x480,480x640,540x720,640x853,720x960,1080x1440,1280x1707,1398x1864&from=bu&cs=1398x0",,False,,synagogue,True,False,,,,,,,,,,,,,,,
457359861,-7,360619746,360619746,1636035832,2021-11-04 15:23:52,58.007623,56.233712,58.00819896273859,56.23476395501453,89.11894462380126,"https://sun9-50.userapi.com/s/v1/if2/NDXqrjmzzqXJ7EwmfiCKAD2SdmBbnp1GG1UVZpBSrFYCv_nc8FZLm0G0rojrvZomUC8cv2WJHSu-usJXR8hbi0cx.jpg?quality=96&as=32x24,48x36,72x54,108x81,160x119,240x179,360x269,480x358,540x403,640x478,720x538,1080x806,1280x956,1440x1075,2052x1532&from=bu&cs=2052x0",,False,,synagogue,True,False,,,,,,,,,,,,,,,
457242276,-7,-69074087,-69074087,1574922606,2019-11-28 07:30:06,58.007778,56.234491,58.00819896273859,56.23476395501453,49.49388647682783,"https://sun9-53.userapi.com/s/v1/ig1/bdJLAq4c8xzLO1KZ3hWAUHcN7FwjAuZDCB_g5DZSz1PiSB5-X4I9n6B80Gfj3JSkY3oMH_sw.jpg?quality=96&as=32x43,48x64,72x96,108x144,160x214,240x320,360x480,480x641,540x721,640x854,720x961,959x1280&from=bu&cs=959x0",,False,,synagogue,True,False,,,,,,,,,,,,,,,
456241557,-7,261660768,261660768,1503226934,2017-08-20 13:02:14,58.007688,56.235866,58.00819896273859,56.23476395501453,86.27333381526533,"https://sun9-80.userapi.com/s/v1/ig1/8vu8D3Ee-L3BN0ldVFFVrgrvBiPd7Fnu3hBP1MOosxz_hyZLZuvhQYYUa61Tr6aXn-JVqdhR.jpg?quality=96&as=32x40,48x60,72x90,108x135,160x200,240x300,360x450,480x600,540x675,640x800,720x900,768x960&from=bu&cs=768x0",,False,,synagogue,True,False,,,,,,,,,,,,,,,
457257114,-7,-170690865,-170690865,1683468235,2023-05-07 16:03:55,58.007897,56.234398,58.00819896273859,56.23476395501453,39.902113118787824,"https://sun9-29.userapi.com/s/v1/ig2/TvkWWAFKeaOwYc-RbHyN1A-b17ExsXT0dLQyM5lLM9bTA9zgfGADpQ_33xOy11-zaDZfETx2FcT_FcWXOyv_t52t.jpg?quality=95&as=32x43,48x64,72x96,108x144,160x213,240x320,360x480,480x640,540x720,640x853,720x960,1080x1440,1280x1707,1398x1864&from=bu&cs=1398x0",,False,,synagogue,True,False,,,,,,,,,,,,,,,
457256681,-7,-170690865,-170690865,1681551534,2023-04-15 11:38:54,58.007722,56.234505,58.00819896273859,56.23476395501453,55.186284082187015,"https://sun9-26.userapi.com/s/v1/ig2/nqfDBKeNObSYKDtBNifXPQr8DHrXpLGnY4Ml_8dG7IgdCuPax4ozIiz4DYyd_GwRBTiJ_onuVB248McE-U4-lqhZ.jpg?quality=95&as=32x43,48x64,72x96,108x144,160x214,240x320,360x481,480x641,540x721,640x855,720x961,1080x1442,1280x1709,1342x1792&from=bu&cs=1342x0",,False,,synagogue,True,False,,,,,,,,,,,,,,,
457256594,-7,-170690865,-170690865,1681221521,2023-04-11 15:58:41,58.007813,56.234504,58.00819896273859,56.23476395501453,45.567571879464026,"https://sun9-23.userapi.com/s/v1/ig2/yiiwdrKQtFWNXKgEiQYQ2svYGgwi6f77nRTNViXseGviqy84CmGJ4Zx-EAMvJp9k8PHj9y8hzfsy6tjPX-W62mwU.jpg?quality=95&as=32x43,48x64,72x96,108x144,160x214,240x320,360x481,480x641,540x721,640x855,720x961,1080x1442,1280x1709,1342x1792&from=bu&cs=1342x0",,False,,synagogue,True,False,,,,,,,,,,,,,,,
456239230,-7,-224628741,-224628741,1710994873,2024-03-21 05:21:13,58.007702,56.235906,58.00819896273859,56.23476395501453,87.06401057124822,"https://sun9-79.userapi.com/s/v1/ig2/zuorALGiWL9fAVJlumr6vBIwmNvew6ZgL7Es9RlSFNuTMLmU-Cb3uy5MI_qg1GbsRHBJYw8QwpdwyqorVKNnJm-P.jpg?quality=95&as=32x43,48x65,72x97,108x146,160x216,240x323,360x485,480x647,540x728,640x862,720x970,1080x1455,1280x1725,1440x1940,1900x2560&from=bu&cs=1900x0",,False,,synagogue,True,False,,,,,,,,,,,,,,,
457253607,-7,-170690865,-170690865,1663241547,2022-09-15 13:32:27,58.007722,56.234505,58.00819896273859,56.23476395501453,55.186284082187015,"https://sun9-1.userapi.com/s/v1/ig2/XwNc10jaXrcMPW1lbKaFQTtqdScOyU2mM2MpHPluJrI5fZFjyLmOade7RURuvzcLnArWMC6I0CvRPXlmbYZW71K9.jpg?quality=95&as=32x43,48x64,72x96,108x144,160x213,240x320,360x480,480x640,540x720,640x853,720x960,1080x1440,1280x1707,1344x1792&from=bu&cs=1344x0",,False,,synagogue,True,False,,,,,,,,,,,,,,,
457257279,-7,-170690865,-170690865,1684672552,2023-05-21 14:35:52,58.007715,56.234399,58.00819896273859,56.23476395501453,57.95011791683787,"https://sun9-11.userapi.com/s/v1/ig2/i7b1WFvUjJMWnrtuG0QPiprvxXVN8vG9D4t-FYSZTY_Q8h-1p_QJQMQKckJwasGD1o598T7rFGF5dgCB-_Ym2JiH.jpg?quality=95&as=32x43,48x64,72x96,108x144,160x213,240x320,360x480,480x640,540x720,640x853,720x960,1080x1440,1280x1707,1398x1864&from=bu&cs=1398x0",,False,,synagogue,True,False,,,,,,,,,,,,,,,
456239826,-7,261660768,261660768,1486625162,2017-02-09 08:26:02,58.007758,56.23572,58.00819896273859,56.23476395501453,74.67501549760101,"https://sun9-17.userapi.com/s/v1/ig1/4Hjv_D5XFmIa5hvhRDO81k37qHRY-vcC3CWIdwSIu0xRUlbf8PYS_ZfT_DlOqX60uqkSVtqa.jpg?quality=96&as=32x32,48x48,72x72,108x108,160x160,240x240,360x360,480x480,540x540,640x640,720x720,960x960&from=bu&cs=960x0",,False,,synagogue,True,False,,,,,,,,,,,,,,,
457253905,-7,158614612,158614612,1608803779,2020-12-24 10:56:19,58.007701,56.234531,58.00819896273859,56.23476395501453,57.046288673327496,"https://sun9-59.userapi.com/s/v1/ig2/ZILPvCjhU30wLWf58EYT-yp9957m7-Om4ONtCaqHFPkrGl8qJuCVQmywzcwxhdw2HMxYV4nB7xCTxOHL-Az290al.jpg?quality=96&as=32x43,48x64,72x96,108x144,160x213,240x320,360x480,480x640,540x720,640x853,720x960,1080x1440,1280x1707,1440x1920&from=bu&cs=1440x0",,False,,synagogue,True,False,,,,,,,,,,,,,,,
457257210,-7,-170690865,-170690865,1684321695,2023-05-17 13:08:15,58.007799,56.234293,58.00819896273859,56.23476395501453,52.41830941546784,"https://sun9-21.userapi.com/s/v1/ig2/C9ye-JHfXUhOgqf5YJ_UoSoQKY1BZwXExbCl7wnGus8AIfyVgWQ5qkR5XQ8qYwie-iFtsosBkih4fl9A21uOnXWn.jpg?quality=95&as=32x43,48x64,72x96,108x144,160x213,240x320,360x480,480x640,540x720,640x853,720x960,1080x1440,1280x1707,1398x1864&from=bu&cs=1398x0",,False,,synagogue,True,False,,,,,,,,,,,,,,,
457251727,-7,-170690865,-170690865,1655287871,2022-06-15 12:11:11,58.007904,56.234332,58.00819896273859,56.23476395501453,41.51239618653149,"https://sun9-29.userapi.com/s/v1/ig2/rJWhEapi3JZM3NaOn26i4ue7Uo_2VFnLoijRNCkMOYNKAbJSA0I5PT-Rpn_bgZ1_h_bZCXPioRJCkYbUjCOC4B0I.jpg?quality=95&as=32x43,48x64,72x96,108x144,160x214,240x320,360x481,480x641,540x721,640x855,720x961,1080x1442,1280x1709,1342x1792&from=bu&cs=1342x0",,False,,synagogue,True,False,,,,,,,,,,,,,,,
457256100,-7,-170690865,-170690865,1678367922,2023-03-09 14:18:42,58.007904,56.234504,58.00819896273859,56.23476395501453,36.19748746981516,"https://sun9-79.userapi.com/s/v1/ig2/XOgvCfA9pU1JlWV01CsfrUtf5KDc9xbRrrJQq2iFv3d90PZbAjEnzTauuQDAOttPYfReaA9RSP8rkYA45WAdvNzn.jpg?quality=95&as=32x43,48x64,72x96,108x144,160x214,240x320,360x481,480x641,540x721,640x855,720x961,1080x1442,1280x1709,1342x1792&from=bu&cs=1342x0",,False,,synagogue,True,False,,,,,,,,,,,,,,,
457254373,-7,-170690865,-170690865,1667649624,2022-11-05 13:00:24,58.007904,56.234332,58.00819896273859,56.23476395501453,41.51239618653149,"https://sun9-81.userapi.com/s/v1/ig2/bsaPVh6Mn5pxNvS0O3UGRCBajX_ZrcUcyjZBnF3hSfOafGAc7oYdky9bMBze4cM4Lga8wYcVAXR5tva3zsYt9_eN.jpg?quality=95&as=32x43,48x64,72x96,108x144,160x213,240x320,360x480,480x640,540x720,640x853,720x960,1080x1440,1280x1707,1344x1792&from=bu&cs=1344x0",,False,,synagogue,True,False,,,,,,,,,,,,,,,
456240994,-7,269898165,269898165,1536304256,2018-09-07 09:10:56,58.008058,56.234768,58.00819896273859,56.23476395501453,15.676152640897715,"https://sun9-78.userapi.com/s/v1/if1/OHWB8553xdN_dPLJFkLOYQtfcNt6dQacWmDZ65nixLY21cy6CYaGfdILCrUpyPKfAZusXL28.jpg?quality=96&as=32x27,48x40,72x60,108x90,160x134,240x201,360x301,480x402,540x452,640x536,720x603,960x804&from=bu&cs=960x0",,False,,synagogue,True,True,,,,,,,,,,,,,,,
457314842,301537621,-43730800,-43730800,1734350856,2024-12-16 13:07:36,58.007814,56.235879,58.00819896273859,56.23476395501453,78.40494941846167,"https://sun9-21.userapi.com/s/v1/ig2/BA9Xlfhn8ZZzXvbC7dOSzMZp2KmCaEhQXw1u4y1IZWdRgEeWFtRrp8Lt32RdCEEd8yJRk1EcKf9y_DCZvxquni0E.jpg?quality=95&as=32x41,48x61,72x92,108x138,160x204,240x307,360x460,480x613,540x690,640x818,720x920,1080x1380,1280x1636,1440x1840,2003x2560&from=bu&cs=2003x0",Продано,False,,synagogue,True,False,,,,,,,,,,,,,,,
456257230,249793187,64750510,64750510,1512722746,2017-12-08 09:45:46,58.007785,56.235112,58.00819896273859,56.23476395501453,50.39062909770558,"https://sun9-41.userapi.com/s/v1/ig1/PBanvZbIYsynRCojoklSIQ1vfPTt1BYXYbED6QZoYek8SUR8oWyD56fNBED_6XTJBSUbdg.jpg?quality=96&as=32x43,48x64,72x96,108x144,160x213,240x320,360x480,480x640,540x720,640x853,720x960&from=bu&cs=720x0",,False,,synagogue,True,False,,,,,,,,,,,,,,,
457254763,-7,-170690865,-170690865,1669721626,2022-11-29 12:33:46,58.007806,56.234399,58.00819896273859,56.23476395501453,48.698462152861765,"https://sun9-26.userapi.com/s/v1/ig2/hPjNVna6axnb88wizHmqsPzf-NWR-rEkIGwQ2HyVxw16Uc7PMnX1mjSsMPx8duP-pH_vKvqUB5-GHC3MVcuausca.jpg?quality=95&as=32x43,48x64,72x96,108x144,160x214,240x320,360x481,480x641,540x721,640x855,720x961,1080x1442,1280x1709,1342x1792&from=bu&cs=1342x0",,False,,synagogue,True,False,,,,,,,,,,,,,,,
457256849,-7,-170690865,-170690865,1682251292,2023-04-23 14:01:32,58.007722,56.234505,58.00819896273859,56.23476395501453,55.186284082187015,"https://sun9-71.userapi.com/s/v1/ig2/njcWvklclhCgazscHEZaguP-rfQSlAfy8tPbwOzKfDp8Qzz3YCwKEyl6VtB7BiWeRO8DYXlixpK8hQaeeomOATZz.jpg?quality=95&as=32x43,48x64,72x96,108x144,160x214,240x320,360x481,480x641,540x721,640x855,720x961,1080x1442,1280x1709,1342x1792&from=bu&cs=1342x0",,False,,synagogue,True,False,,,,,,,,,,,,,,,
457240139,-7,-194619161,-194619161,1650602939,2022-04-22 06:48:59,58.007842,56.235443,58.00819896273859,56.23476395501453,56.3538374152652,"https://sun9-37.userapi.com/s/v1/ig2/k2gc-kmKtMNMz6pujgRN3_5R62iMgXIE7HAosuEajEjrkEfTnfO938KklpvW8r33MYNs6wbNfLYP0RQOcnXMy51F.jpg?quality=96&as=32x43,48x64,72x96,108x144,160x213,240x320,360x480,480x640,540x721,640x854,720x961,1080x1441,1280x1708,1388x1852&from=bu&cs=1388x0",,False,,synagogue,True,False,,,,,,,,,,,,,,,
457257370,-7,-170690865,-170690865,1685185290,2023-05-27 13:01:30,58.007715,56.234399,58.00819896273859,56.23476395501453,57.95011791683787,"https://sun9-50.userapi.com/s/v1/ig2/J0rAmqZoVnu-KadyepyxAXTTFcm7LuNU9JWGCOOGXnicsRPanhNlVO2EcapLgnFrH_4aZWY29vrlj73I0JKBBGay.jpg?quality=95&as=32x43,48x64,72x96,108x144,160x213,240x320,360x480,480x640,540x720,640x853,720x960,1080x1440,1280x1707,1398x1864&from=bu&cs=1398x0",,False,,synagogue,True,False,,,,,,,,,,,,,,,
457317702,301537621,-43730800,-43730800,1742206865,2025-03-17 11:21:05,58.007695,56.2358,58.00819896273859,56.23476395501453,82.8583389920959,"https://sun9-41.userapi.com/s/v1/ig2/sSu2mM8mQ3EJQN61wYsRJ9G2SwSLf8terRWlaK_vUCj65dpycxgO9Hi06FFlSRztLBhH0s1Ev9bgP6Q6plCz1lUi.jpg?quality=95&as=32x43,48x64,72x96,108x144,160x213,240x320,360x480,480x640,540x720,640x853,720x960,1080x1440,1280x1707,1440x1920,1920x2560&from=bu&cs=1920x0","🔖 4000₽
Размер S (40/42)",False,,synagogue,True,False,,,,,,,,,,,,,,,
457314513,301537621,-43730800,-43730800,1733809653,2024-12-10 06:47:33,58.007716,56.235602,58.00819896273859,56.23476395501453,72.9481739764952,"https://sun9-14.userapi.com/s/v1/ig2/-FcC1dAvXwLEzT155VEnAIlUxo7GrjkrcmaotkdHnYRnYBiXsFHtzpMdYiBJvqaWoYWRf0CaWJlrS_14p50uD-Zm.jpg?quality=95&as=32x43,48x64,72x96,108x144,160x213,240x320,360x480,480x640,540x720,640x853,720x960,1080x1440,1280x1707,1440x1920,1920x2560&from=bu&cs=1920x0",❌SOLD OUT❌,False,,synagogue,True,False,,,,,,,,,,,,,,,
457242398,-7,-76634753,-76634753,1642704156,2022-01-20 19:42:36,58.007559,56.2554,58.00763133477656,56.255145877976155,16.9946672044758,"https://sun9-56.userapi.com/s/v1/ig2/GPuRj_zuaBYVzaWWLrlPccsTpZZjths_XSCTzMWTGNVk7dtU53OhXjC2OMxFLLsRv55PKAnFgAozR3P2Bcs9zHCO.jpg?quality=96&as=32x43,48x64,72x96,108x144,160x213,240x320,360x480,480x640,540x721,640x854,720x961,1080x1441,1280x1708,1388x1852&from=bu&cs=1388x0",,False,,or avner habad community center,True,True,,,,,,,,,,,,,,,
457253834,-7,-170690865,-170690865,1664613593,2022-10-01 10:39:53,58.007722,56.234505,58.00819896273859,56.23476395501453,55.186284082187015,"https://sun9-31.userapi.com/s/v1/ig2/kpz2XvVxbFqN5uz4Rxt9IX8_zp-ElUdb6_SqO8r5CB980PaCNGPUXJUr1oUuiv3G5RThE2fDDbwrL09bX8bQh0GK.jpg?quality=95&as=32x43,48x64,72x96,108x144,160x213,240x320,360x480,480x640,540x720,640x853,720x960,1080x1440,1280x1707,1344x1792&from=bu&cs=1344x0",,False,,synagogue,True,False,,,,,,,,,,,,,,,
456239240,-7,-75252175,-75252175,1482925089,2016-12-28 12:38:09,58.007947,56.235826,58.00819896273859,56.23476395501453,68.55273978324111,"https://sun9-8.userapi.com/s/v1/ig1/RWYwZI0kDHHiPkWGm5R2lf3Lvv3zxX3HGYQUt2KaXGC9RfuTowI-U5AI0EvajR59IHb4J6B6.jpg?quality=96&as=32x32,48x48,72x72,108x108,160x160,240x240,360x360,480x480,540x540,640x640,720x720,960x960&from=bu&cs=960x0",,False,172.0,synagogue,True,False,,,,,,,,,,,,,,,
457245581,-7,-170690865,-170690865,1650268150,2022-04-18 09:49:10,58.007883,56.234531,58.00819896273859,56.23476395501453,37.71866568769032,"https://sun9-82.userapi.com/s/v1/ig2/bwLrLZHbUpd0x1LGHmfhcxZD2Q3o875mlfI75nnUIDrXDctkgWex-asdA9ech-F84Q4p5THbYubKrhy7I_jEjzi5.jpg?quality=96&as=32x43,48x64,72x96,108x144,160x213,240x320,360x480,480x640,540x720,640x853,720x960,1080x1440,1280x1707,1344x1792&from=bu&cs=1344x0",,False,,synagogue,True,False,,,,,,,,,,,,,,,
400151468,-7,261660768,261660768,1454821318,2016-02-07 06:01:58,58.007716,56.236117,58.00819896273859,56.23476395501453,96.11256814457457,"https://sun9-18.userapi.com/s/v1/ig1/V_NDJ-Q8X1-EUYanHAh_mL_hXj_kKGiSF4qGPLkiN0o5-yU3CmlJdfVftebSOyMIGWwuk36A.jpg?quality=96&as=32x43,48x64,72x96,108x144,160x213,240x320,360x480,480x640,540x720,640x853,720x960&from=bu&cs=720x0",,False,4809.0,synagogue,True,False,,,,,,,,,,,,,,,
325475929,-7,-67125411,-67125411,1397111502,2014-04-10 08:31:42,58.007966,56.255346,58.00763133477656,56.255145877976155,39.03594472753589,"https://sun9-87.userapi.com/s/v1/ig2/5rrJFKMerxv77uqBT5fN7u-N7pax7zosjavt1_kl1CYkyH6fwz6LHAedlHsCf34jLYXa4EqThu_MF3Hks48iJb4J.jpg?quality=96&as=32x43,48x64,72x96,108x145,160x214,240x321,360x482,480x642,540x723,640x857,720x964,1080x1446,1280x1713,1440x1928,1530x2048&from=bu&cs=1530x0",,False,,or avner habad community center,True,False,,,,,,,,,,,,,,,
456239719,-7,103774887,103774887,1529015040,2018-06-15 00:24:00,58.007807,56.235601,58.00819896273859,56.23476395501453,65.811792084815,"https://sun9-2.userapi.com/s/v1/ig1/jv0dzW0-qU9CplXcNO_5h_bkQmGYKR8P103M8ImqwlUsQw3aw2o31xkmPe5yw6AG8TQG9g.jpg?quality=96&as=32x57,48x85,72x128,108x192,160x284,240x427,360x640,480x853,540x960,640x1138,720x1280,1080x1920,1215x2160&from=bu&cs=1215x0",,False,,synagogue,True,False,,,,,,,,,,,,,,,
366550693,-7,183452788,183452788,1431761229,2015-05-16 09:27:09,58.008003,56.23564,58.00819896273859,56.23476395501453,56.02020469157079,"https://sun9-16.userapi.com/s/v1/ig1/zFoV9OC5OFTFd_Gnwe0RZRtuiTL5WDOHNMMo7LJHPZX_h5hqebBfnSFYA7sGkvsc69oQl7kd.jpg?quality=96&as=32x43,48x64,72x96,108x144,160x213,240x320,360x480,480x640,540x720,640x853,720x960&from=bu&cs=720x0",,False,103.0,synagogue,True,False,,,,,,,,,,,,,,,
457240089,267510247,-89288568,10566756,1571314902,2019-10-17 14:21:42,58.007982,56.235495,58.00819896273859,56.23476395501453,49.36350398026458,"https://sun9-83.userapi.com/s/v1/ig1/ODDimHQlqpmRuogyXfpn5Uyf3-GO1u0N371zLtaygjzJREGOrTcywm9QhOw1N21AvpGD_0ze.jpg?quality=96&as=32x43,48x64,72x96,108x144,160x214,240x320,360x480,480x641,540x721,640x854,720x961,959x1280&from=bu&cs=959x0",,False,,synagogue,True,False,,,,,,,,,,,,,,,
457253710,-7,-170690865,-170690865,1663839963,2022-09-22 11:46:03,58.007708,56.234293,58.00819896273859,56.23476395501453,61.23812560383689,"https://sun9-71.userapi.com/s/v1/ig2/MCONfMU7jwQ9xs0FNtF3NWeP2WoR1VqnsBA59IdzO3drM1vXbfzR6uV6mpTVBJvhz4Jm7S1Q9FTY2E8ASKWtXvjg.jpg?quality=95&as=32x43,48x64,72x96,108x144,160x213,240x320,360x480,480x640,540x720,640x853,720x960,1080x1440,1280x1707,1344x1792&from=bu&cs=1344x0",,False,,synagogue,True,False,,,,,,,,,,,,,,,
457242284,-7,-76634753,-76634753,1634806603,2021-10-21 10:56:43,58.007567,56.255505,58.00763133477656,56.255145877976155,22.333257218796714,"https://sun9-78.userapi.com/s/v1/ig2/VIQ1_UcquxdAmD4qG3Bdsd2r7-U2lDdlWiLUKWNVlEn6RAS8duflfU8rMoCkHr6bvK3s2vZc2OoJsCMd91mwx6lT.jpg?quality=96&as=32x43,48x64,72x96,108x144,160x213,240x320,360x480,480x640,540x721,640x854,720x961,1080x1441,1280x1708,1388x1852&from=bu&cs=1388x0",,False,,or avner habad community center,True,False,,,,,,,,,,,,,,,
457256913,-7,-170690865,-170690865,1682585568,2023-04-27 10:52:48,58.007722,56.234505,58.00819896273859,56.23476395501453,55.186284082187015,"https://sun9-81.userapi.com/s/v1/ig2/fYH7ZeyNIzJiuFpuG-5PI-CMlepLGgjvN_8ccgKcaYoNcOqsvzlk-zz_ox_GdfjOi7amFtSXPiQB89QxXHOS0nS_.jpg?quality=95&as=32x43,48x64,72x96,108x144,160x213,240x320,360x480,480x640,540x720,640x853,720x960,1080x1440,1280x1707,1398x1864&from=bu&cs=1398x0",,False,,synagogue,True,False,,,,,,,,,,,,,,,
457242555,286864399,-76634753,526128670,1654086604,2022-06-01 14:30:04,58.007419,56.255003,58.00763133477656,56.255145877976155,25.066065864085008,"https://sun9-70.userapi.com/s/v1/ig2/KUYx-IhcCS7zieE01QvMulojhNED_QNkPYO4oL6geKvtp2RRhAFPuWtc6xZInfD_RE8S-yukcJyolVIGNICjU3FM.jpg?quality=95&as=32x43,48x64,72x96,108x144,160x213,240x320,360x480,480x640,540x721,640x854,720x961,1080x1441,1280x1708,1388x1852&from=bu&cs=1388x0",,False,,or avner habad community center,True,True,,,,,,,,,,,,,,,
456244453,-7,261660768,261660768,1535013835,2018-08-23 10:43:55,58.007639,56.235813,58.00819896273859,56.23476395501453,87.72825541704398,"https://sun9-40.userapi.com/s/v1/ig1/6QheYz5BTYQtudj4emjnhlfmWf_denjckGzr5hQlhONZCONRuNy-nE5THcKid2WiwbZ0u_6a.jpg?quality=96&as=32x37,48x56,72x84,108x126,160x186,240x279,360x418,480x558,540x628,640x744,720x837,826x960&from=bu&cs=826x0",,False,,synagogue,True,False,,,,,,,,,,,,,,,
457239796,-7,-194619161,-194619161,1647935039,2022-03-22 08:43:59,58.007842,56.235443,58.00819896273859,56.23476395501453,56.3538374152652,"https://sun9-70.userapi.com/s/v1/ig2/_lHJzV4UccN-MiXn3gvkM3eJVhgNdimjqmLyXfp5PErWS7UtTPiLUYuYPu5_T_xpoXOVglj7vuS___ZYmbTn5ixs.jpg?quality=96&as=32x43,48x64,72x96,108x144,160x213,240x320,360x480,480x640,540x721,640x854,720x961,1080x1441,1280x1708,1388x1852&from=bu&cs=1388x0",,False,,synagogue,True,False,,,,,,,,,,,,,,,
457251895,-7,-170690865,-170690865,1655720563,2022-06-20 12:22:43,58.007918,56.234716,58.00819896273859,56.23476395501453,31.36910260405915,"https://sun9-66.userapi.com/s/v1/ig2/tZiYLOEFnEeHlUw2n-1QVaRl-l-NLaU-xXFzgOIgxWHTQ-N_VBRDT618-9j5c60cbGnqlRqDniAMQycbzvXdCH2Q.jpg?quality=95&as=32x43,48x64,72x96,108x144,160x213,240x320,360x480,480x640,540x720,640x853,720x960,1080x1440,1280x1707,1344x1792&from=bu&cs=1344x0",,False,,synagogue,True,False,,,,,,,,,,,,,,,
457255889,-7,158614612,158614612,1621827962,2021-05-24 05:46:02,58.007757,56.234518,58.00819896273859,56.23476395501453,51.23553374200081,"https://sun9-56.userapi.com/s/v1/ig2/T0UauY4gL_sMLbb-ZDz9Wo-H9xYWMurZFqWuzg6ymQZtJtcNGVog8nDfbQ7gKMOfjVMfnbokcgdS9AzsjAe72Dpa.jpg?quality=96&as=32x43,48x64,72x96,108x144,160x213,240x320,360x480,480x640,540x720,640x853,720x960,1080x1440,1218x1624&from=bu&cs=1218x0",,False,,synagogue,True,False,,,,,,,,,,,,,,,
457314405,301537621,-43730800,-43730800,1733410516,2024-12-05 15:55:16,58.007695,56.2358,58.00819896273859,56.23476395501453,82.8583389920959,"https://sun9-57.userapi.com/s/v1/ig2/Uk8iPTOJzrHYc7j0oXJlPsJ2sSeovKVxf-5Me06lsItIbQCJBT7nV8YZFjDmYOmdtMgFLtitMxMEdXhDevQNaqgM.jpg?quality=95&as=32x36,48x54,72x80,108x121,160x179,240x268,360x402,480x536,540x603,640x715,720x804,1080x1206,1280x1430,1440x1608,2292x2560&from=bu&cs=2292x0",❌SOLD OUT❌,False,,synagogue,True,False,,,,,,,,,,,,,,,
457250662,-7,-170690865,-170690865,1654168232,2022-06-02 13:10:32,58.007904,56.234332,58.00819896273859,56.23476395501453,41.51239618653149,"https://sun9-25.userapi.com/s/v1/ig2/ExqGMDuaKrddstMaXlrsoPOL42l1fypinxw0Haxht_1mMZO5WkcIs9g0Y2wU65xRe6nUcYKDfzdHEwCmlE7gKVrS.jpg?quality=95&as=32x43,48x64,72x96,108x144,160x214,240x320,360x481,480x641,540x721,640x855,720x961,1080x1442,1280x1709,1342x1792&from=bu&cs=1342x0",,False,,synagogue,True,False,,,,,,,,,,,,,,,
457254762,-7,-170690865,-170690865,1669721577,2022-11-29 12:32:57,58.007897,56.234398,58.00819896273859,56.23476395501453,39.902113118787824,"https://sun9-19.userapi.com/s/v1/ig2/8pMkQvPFqJnml6wTHUq-tffXbDPoqRMqvRYQ0W3dg7rZ-R7knW6oRJpj7C4qax4foq8QAMVIe5zGb37eYzBmvhTl.jpg?quality=95&as=32x43,48x64,72x96,108x144,160x214,240x320,360x481,480x641,540x721,640x855,720x961,1080x1442,1280x1709,1342x1792&from=bu&cs=1342x0",,False,,synagogue,True,False,,,,,,,,,,,,,,,
456239818,-7,-224628741,-224628741,1713630019,2024-04-20 18:20:19,58.007702,56.235906,58.00819896273859,56.23476395501453,87.06401057124822,"https://sun9-55.userapi.com/s/v1/ig2/WSxx4DAVVrTDBF80aJSHe_sz64TFcuJvBYP0j-HGs0-0sx2_aYIGroTuMSaE58QxE5N-eO-HZG5yGY_E7i3WgY_a.jpg?quality=95&as=32x43,48x64,72x96,108x145,160x214,240x321,360x482,480x643,540x723,640x857,720x965,1080x1447,1280x1715,1440x1929,1911x2560&from=bu&cs=1911x0",,False,,synagogue,True,False,,,,,,,,,,,,,,,
457278139,-7,-32557779,-32557779,1650015293,2022-04-15 11:34:53,58.007806,56.235086,58.00819896273859,56.23476395501453,47.636456085795615,"https://sun9-21.userapi.com/s/v1/if2/n-3w0bb3I8e6OrEP0drgAN3k6PGrTL_Tn20iDfcKRo-zmHyP7fNP4mfS6bWnVPJuHawWwZxEAFq7AVAfftaaOdvf.jpg?quality=95&as=32x24,48x36,72x54,108x81,160x120,240x180,360x270,480x360,540x405,640x480,720x540,1080x810,1280x960,1440x1080,1920x1440&from=bu&cs=1920x0",,False,,synagogue,True,False,,,,,,,,,,,,,,,
457242175,-7,-69074087,-69074087,1572445633,2019-10-30 15:27:13,58.007757,56.234518,58.00819896273859,56.23476395501453,51.23553374200081,"https://sun9-30.userapi.com/s/v1/ig1/6x9wryIkdqz_sbBH7T87cKpl3lKB4Sczil3zlbKT74JiXLbGV-EbA9UPcsX1Mbq8oGltIWg7.jpg?quality=96&as=32x43,48x64,72x96,108x144,160x214,240x321,360x481,480x641,540x721,640x855,720x962,958x1280&from=bu&cs=958x0",,False,,synagogue,True,False,,,,,,,,,,,,,,,
457257397,-7,-170690865,-170690865,1685376193,2023-05-29 18:03:13,58.007806,56.234399,58.00819896273859,56.23476395501453,48.698462152861765,"https://sun9-77.userapi.com/s/v1/ig2/nADgdaEUeY-x48u_n1RtyoU8_qlGoELI1qarlaEnwNPXZnxqbvNOOb_4Q7rM5J-YnDPHotiNIDLCbmxOi8XIkimq.jpg?quality=95&as=32x43,48x64,72x96,108x144,160x213,240x320,360x480,480x640,540x720,640x853,720x960,1080x1440,1280x1707,1398x1864&from=bu&cs=1398x0",,False,,synagogue,True,False,,,,,,,,,,,,,,,
457243266,-7,-194619161,-194619161,1688212443,2023-07-01 13:54:03,58.007806,56.235086,58.00819896273859,56.23476395501453,47.636456085795615,"https://sun9-77.userapi.com/s/v1/ig2/JwFpPQXAJ336j76p6zs4r_5YItQJCOxFVBsF9eBP3YgVR3J1-yP3LQj34Oho1PuV_k1LR7OX8sbQgxflA7Lk6kQj.jpg?quality=95&as=32x42,48x64,72x96,108x143,160x212,240x318,360x478,480x637,540x717,640x849,720x956,1080x1433,1280x1699,1440x1911,1929x2560&from=bu&cs=1929x0",,False,,synagogue,True,False,,,,,,,,,,,,,,,
457256495,-7,-170690865,-170690865,1680694007,2023-04-05 13:26:47,58.007806,56.234399,58.00819896273859,56.23476395501453,48.698462152861765,"https://sun9-71.userapi.com/s/v1/ig2/8uVHfIua-AWaRbUiJ7Qj6mTC8RNHBSArjmUummNHgIc7AmIDd3Hd39L1KOYZIKen-c1D_E6Gswm6M8NMgSHdCIeH.jpg?quality=95&as=32x43,48x64,72x96,108x144,160x214,240x320,360x481,480x641,540x721,640x855,720x961,1080x1442,1280x1709,1342x1792&from=bu&cs=1342x0",,False,,synagogue,True,False,,,,,,,,,,,,,,,
457256708,-7,-170690865,-170690865,1681656248,2023-04-16 16:44:08,58.007995,56.234504,58.00819896273859,56.23476395501453,27.36586051718784,"https://sun9-82.userapi.com/s/v1/ig2/pvUnlSIxtdW9tLP7XVBTOdYFPmh2xlRC7-JDR6lk88Z0Y7HrNBf0M8KtZOS7jB9w0Zva0RojnD--PBuBbF5uG8Dj.jpg?quality=95&as=32x43,48x64,72x96,108x144,160x214,240x320,360x481,480x641,540x721,640x855,720x961,1080x1442,1280x1709,1342x1792&from=bu&cs=1342x0",,False,,synagogue,True,False,,,,,,,,,,,,,,,
457321409,301537621,-43730800,-43730800,1755081213,2025-08-13 12:33:33,58.007716,56.236117,58.00819896273859,56.23476395501453,96.11256814457457,"https://sun9-53.userapi.com/s/v1/ig2/alu8VCkms4cEiPyu0LFe3WzQEKx5zvCf57suvuOjHzBGyGTDdI2jQcV_3MIau86JV58nQXGcsW6XQJwIBZWUoipQ.jpg?quality=95&as=32x43,48x64,72x96,108x144,160x213,240x320,360x480,480x640,540x720,640x853,720x960,1080x1440,1280x1707,1440x1920,1920x2560&from=bu&cs=1920x0",Продано,False,,synagogue,True,False,,,,,,,,,,,,,,,
456241197,-7,-224628741,-224628741,1725110731,2024-08-31 15:25:31,58.007695,56.2358,58.00819896273859,56.23476395501453,82.8583389920959,"https://sun9-44.userapi.com/s/v1/ig2/usqxpFGXfPw4cs6aCZT6nsh0rQ-9jf5njG1eCgrXZH2lPMpwfrnJdbdlQs081EF1Y658Y8rMHWWZnmXj7pjZPHGc.jpg?quality=95&as=32x57,48x85,72x128,108x192,160x284,240x427,360x640,480x853,540x960,640x1138,720x1280,1080x1920,1179x2096&from=bu&cs=1179x0",,False,607.0,synagogue,True,False,,,,,,,,,,,,,,,
457253593,-7,-170690865,-170690865,1663238333,2022-09-15 12:38:53,58.00782,56.234095,58.00819896273859,56.23476395501453,57.69519105960541,"https://sun9-69.userapi.com/s/v1/ig2/xOmObbGQxHsXEtMkURtvtdGu7Uay_eDSws36nc4BT4T-6XbWvRG8waFkw69SOFQhNvsWaerdYmVvicvVUcxceVU9.jpg?quality=95&as=32x43,48x64,72x96,108x144,160x213,240x320,360x480,480x640,540x720,640x853,720x960,1080x1440,1280x1707,1344x1792&from=bu&cs=1344x0",,False,,synagogue,True,False,,,,,,,,,,,,,,,
457252867,-7,-170690865,-170690865,1660037267,2022-08-09 11:27:47,58.007799,56.234293,58.00819896273859,56.23476395501453,52.41830941546784,"https://sun9-30.userapi.com/s/v1/ig2/UvORVjzW3CHyrwWFr-v1dcIoCFIe2esO4Nt4ZbCGiUmYWJEqLU073UYT6n6WdVHxL1RmfhGtdlXZaiX4SrBQly1L.jpg?quality=95&as=32x43,48x64,72x96,108x144,160x213,240x320,360x480,480x640,540x720,640x853,720x960,1080x1440,1280x1707,1344x1792&from=bu&cs=1344x0",,False,,synagogue,True,False,,,,,,,,,,,,,,,
457254693,-7,-170690865,-170690865,1669376531,2022-11-25 12:42:11,58.007806,56.234399,58.00819896273859,56.23476395501453,48.698462152861765,"https://sun9-29.userapi.com/s/v1/ig2/Ee9YYuubExypEe6S6qx8QTR5QKbImKvDvYPEBL-S06w1smp0NlPppcJCr0skGFv8tBWaIScQFhsWipQ6qhDRUjA6.jpg?quality=95&as=32x43,48x64,72x96,108x144,160x213,240x320,360x480,480x640,540x720,640x853,720x960,1080x1440,1280x1707,1344x1792&from=bu&cs=1344x0",,False,,synagogue,True,False,,,,,,,,,,,,,,,
457240312,-7,49524464,49524464,1662200879,2022-09-03 12:27:59,58.008317,56.2349,58.00819896273859,56.23476395501453,15.37861529780568,"https://sun9-26.userapi.com/s/v1/ig2/xu7hPSXc2Dd-UNi65aSTt_jGHLIKHjP-P6msY_g1DlPnKwdjIl9nk8LhQ9mx7qL-9RGjWsvkGfHHPX3vCVoxKxkJ.jpg?quality=95&as=32x43,48x64,72x96,108x144,160x213,240x320,360x480,480x639,540x719,640x853,720x959,1080x1439,1201x1600&from=bu&cs=1201x0",,False,2880.0,synagogue,True,False,,,,,,,,,,,,,,,
364614315,54447934,6663076,6663076,1429983658,2015-04-25 19:40:58,58.007764,56.234967,58.00819896273859,56.23476395501453,49.8228512819163,"https://sun9-79.userapi.com/s/v1/ig1/ucVo8z9o4CmJmav14JN19OwqbBAZNSwroiQOPAntDJZmBnLtzD2q9qDE324wEmov0n8sC5y2.jpg?quality=96&as=32x32,48x48,72x72,108x108,160x160,240x240,360x360,480x480,540x540,640x640,720x720,960x960&from=bu&cs=960x0",,False,,synagogue,True,False,,,,,,,,,,,,,,,
457257223,-7,-170690865,-170690865,1684416863,2023-05-18 15:34:23,58.007715,56.234399,58.00819896273859,56.23476395501453,57.95011791683787,"https://sun9-64.userapi.com/s/v1/ig2/u9sA7jyteuF7nBM7AEq0ssdroE0epkixG0eiSqOplTZ8-UiNFzJBZI6W0yC2SWZVKYzUIKO6xlj26Q7xWIyEB7dy.jpg?quality=95&as=32x43,48x64,72x96,108x144,160x213,240x320,360x480,480x640,540x720,640x853,720x960,1080x1440,1280x1707,1398x1864&from=bu&cs=1398x0",,False,,synagogue,True,False,,,,,,,,,,,,,,,
456239244,-6,396191106,396191106,1486799122,2017-02-11 08:45:22,58.007694,56.234597,58.00819896273859,56.23476395501453,57.00421853451046,"https://sun9-67.userapi.com/s/v1/if1/KLg_A-WrRTmHs9VmWnZS7Rif0TKeeIkPypl9fmuvVJafeB7Nfmt0riwJw8BaP4dnTnDIqGRs.jpg?quality=96&as=32x18,48x27,72x40,108x61,160x90,240x135,360x202,480x270,540x304,640x360&from=bu&cs=640x0",,False,159.0,synagogue,True,False,,,,,,,,,,,,,,,
457255207,-7,-170690865,-170690865,1673007458,2023-01-06 13:17:38,58.008114,56.234411,58.00819896273859,56.23476395501453,22.83853256185169,"https://sun9-71.userapi.com/s/v1/ig2/xfwv2Uy5-T3UopG4nP3K-8J1KpFLupD9p9u5N1PwGsIsFeTuzi5N2r0ILn_lGVuNYVFpkkI3F9kXIFiOO2u82pRr.jpg?quality=95&as=32x43,48x64,72x96,108x144,160x213,240x320,360x480,480x640,540x720,640x853,720x960,1080x1440,1280x1707,1344x1792&from=bu&cs=1344x0",,False,,synagogue,True,False,,,,,,,,,,,,,,,
361077458,214171009,-91891710,-91891710,1429366482,2015-04-18 16:14:42,58.007758,56.235892,58.00819896273859,56.23476395501453,82.58581041979475,"https://sun9-38.userapi.com/s/v1/ig1/_MDK0a5jxcgBqjN9QA7aZ1vhyoNoxygdur13IgwDE5y2cGLiP1kfISSYLSnmFvGk3o-w4O4L.jpg?quality=96&as=32x43,48x64,72x96,108x144,160x213,240x320,360x480,480x640,540x720,640x853,720x960,1080x1440,1280x1707,1440x1920,1536x2048&from=bu&cs=1536x0","Сапожки осенние Tom.m, размеры: 27, 30, 31, 32. Цена 1600 руб.",False,,synagogue,True,False,,,,,,,,,,,,,,,
457255629,-7,-170690865,-170690865,1675513912,2023-02-04 13:31:52,58.007715,56.234399,58.00819896273859,56.23476395501453,57.95011791683787,"https://sun9-67.userapi.com/s/v1/ig2/hyfzrPcIVecAZSnlxRW1ZCcj5raGD6SheGbKEMPlUYsXATTXyqyMtFCvvo9OAmqYpT-AUQxioPcrC3j7mJK-U3cg.jpg?quality=95&as=32x43,48x64,72x96,108x144,160x213,240x320,360x480,480x640,540x720,640x853,720x960,1080x1440,1280x1707,1344x1792&from=bu&cs=1344x0",,False,,synagogue,True,False,,,,,,,,,,,,,,,
314034297,-7,210620929,210620929,1384092817,2013-11-10 15:13:37,58.007814,56.235879,58.00819896273859,56.23476395501453,78.40494941846167,"https://sun9-88.userapi.com/s/v1/ig2/81N4msbXUTxG4ezJaBuHHc-JWtb2FkH_fnceXVHoTPiD8-a_LMW57FNP0vW4D70KRtflZHR62jNSMxwz6RQf0ACl.jpg?quality=96&as=32x43,48x64,72x96,108x144,160x213,240x320,360x480,480x640,540x720,640x853,720x960,1080x1440,1280x1707,1440x1920,1536x2048&from=bu&cs=1536x0",,False,,synagogue,True,False,,,,,,,,,,,,,,,
391593718,-7,-64539764,-64539764,1447340899,2015-11-12 16:08:19,58.008317,56.234384,58.00819896273859,56.23476395501453,25.947782967266487,"https://sun9-10.userapi.com/s/v1/ig1/yUWThss6qqu-e8JXmPrwIOU93Io1cC0f6OZqoscrOF5pt1v3iBK2x9_Pq5iLKi7L8BYyCdMF.jpg?quality=96&as=32x48,48x72,72x108,108x162,160x240,240x359,360x539,480x719,540x809,640x959,720x1078,1080x1618,1089x1631&from=bu&cs=1089x0",,False,1151.0,synagogue,True,False,,,,,,,,,,,,,,,
457239266,-7,-211080765,-211080765,1680953247,2023-04-08 13:27:27,58.008303,56.234688,58.00819896273859,56.23476395501453,12.403628167392649,"https://sun9-53.userapi.com/s/v1/ig2/aXFVuV3oBpJ4rEqncDVRolQjZU73pLUhwM_qjrYnltlzOC1oblNl30bBZAot-PrreUO-pkCEqdeNzIG3_eV60zMm.jpg?quality=95&as=32x43,48x64,72x96,108x144,160x213,240x320,360x480,480x640,540x720,640x854,720x960,1080x1440,1280x1707,1440x1921,1690x2254&from=bu&cs=1690x0",,False,87.0,synagogue,True,True,,,,,,,,,,,,,,,
457253767,-7,-170690865,-170690865,1664263267,2022-09-27 09:21:07,58.007813,56.234504,58.00819896273859,56.23476395501453,45.567571879464026,"https://sun9-85.userapi.com/s/v1/ig2/QV_Gb3XOkNLYQfgdyC-ZeNK1dPpbeDpMHxfbG_xrEge6DCvU2RCBIsCbs5LTitmXczT4t7sfdKggimM22vKYtEKz.jpg?quality=95&as=32x43,48x64,72x96,108x144,160x213,240x320,360x480,480x640,540x720,640x853,720x960,1080x1440,1280x1707,1344x1792&from=bu&cs=1344x0",,False,,synagogue,True,False,,,,,,,,,,,,,,,
456240039,-7,-224628741,-224628741,1714154267,2024-04-26 19:57:47,58.007702,56.235906,58.00819896273859,56.23476395501453,87.06401057124822,"https://sun9-33.userapi.com/s/v1/ig2/Vf42nLK3Bd9XaUFea6ACbM875VfgE3nzERMcnQ4xR7AfJ7tMIof29sxZljTqPWc_xeGiaKp1EBSyAAWo3QTMOELk.jpg?quality=95&as=32x43,48x64,72x96,108x144,160x213,240x320,360x480,480x640,540x720,640x853,720x960,1080x1440,1280x1707,1440x1920,1920x2560&from=bu&cs=1920x0",,False,,synagogue,True,False,,,,,,,,,,,,,,,
457254163,-7,-170690865,-170690865,1666435508,2022-10-22 12:45:08,58.007897,56.234398,58.00819896273859,56.23476395501453,39.902113118787824,"https://sun9-10.userapi.com/s/v1/ig2/VWHYMTfti__SJOFHNmuyW-DIrQwC4mkRGVEcgxfXwG-0lzODIUcK0g8Ig91Q8jnL7mQro9bI_pOfxcVIT3sSlKbt.jpg?quality=95&as=32x43,48x64,72x96,108x144,160x213,240x320,360x480,480x640,540x720,640x853,720x960,1080x1440,1280x1707,1344x1792&from=bu&cs=1344x0",,False,,synagogue,True,False,,,,,,,,,,,,,,,
457251891,-7,-170690865,-170690865,1655720392,2022-06-20 12:19:52,58.007813,56.234504,58.00819896273859,56.23476395501453,45.567571879464026,"https://sun9-56.userapi.com/s/v1/ig2/TadqRlSBNZc_8UFK9v3uOGV3_LXbb6Vh-YkogVTYX2MZTlkYghYT0BplJ5lB0oW0yyc8GaKwfJ4r55z2YC5jk6t3.jpg?quality=95&as=32x43,48x64,72x96,108x144,160x213,240x320,360x480,480x640,540x720,640x853,720x960,1080x1440,1280x1707,1344x1792&from=bu&cs=1344x0",,False,,synagogue,True,False,,,,,,,,,,,,,,,
457245044,-7,-194619161,-194619161,1717400880,2024-06-03 09:48:00,58.00801,56.235403,58.00819896273859,56.23476395501453,43.11346849991991,"https://sun9-16.userapi.com/s/v1/ig2/YV0KNwFyoXXjnzbkd24aGF-frnftKWuWBdM25wyPwIT97GfRT0bZ-9nbD7ojUo1sxWjdi4geyU-qe6tgYt0MI_Pr.jpg?quality=95&as=32x43,48x64,72x96,108x144,160x213,240x320,360x480,480x640,540x720,640x853,720x960,1080x1440,1280x1707,1440x1920,1920x2560&from=bu&cs=1920x0",,False,,synagogue,True,False,,,,,,,,,,,,,,,
457253070,-7,-170690865,-170690865,1660989273,2022-08-20 11:54:33,58.007813,56.234504,58.00819896273859,56.23476395501453,45.567571879464026,"https://sun9-84.userapi.com/s/v1/ig2/FzWZ-moNzUydoTn3Az9QWBfQmIfTtlL58ayHLI377psotD_a5n4tyv6eDVYIN3v_4Q6wVlUWAVqHDeAWDhmQKQ7j.jpg?quality=95&as=32x43,48x64,72x96,108x144,160x213,240x320,360x480,480x640,540x720,640x853,720x960,1080x1440,1280x1707,1344x1792&from=bu&cs=1344x0",,False,,synagogue,True,False,,,,,,,,,,,,,,,
457239085,-7,-232751538,-232751538,1758807063,2025-09-25 15:31:03,58.008113,56.255504,58.00763133477656,56.255145877976155,57.564228093123354,"https://sun9-34.userapi.com/s/v1/ig2/CxjyHuKr6RJC29ugBVF3pUGmMjW6O6b08Nlqaju0V-T8j-z8q-i3w-iI5X6_64hCQ8qDOKZfB4_IqQbDPI6ERxPg.jpg?quality=95&as=32x43,48x64,72x96,108x144,160x213,240x320,360x480,480x640,540x720,640x853,720x960,1080x1440,1280x1707,1440x1920,1920x2560&from=bu&cs=1920x0",,False,,or avner habad community center,True,False,,,,,,,,,,,,,,,
457256774,-7,-170690865,-170690865,1681909054,2023-04-19 14:57:34,58.007701,56.234187,58.00819896273859,56.23476395501453,64.97077480891858,"https://sun9-62.userapi.com/s/v1/ig2/XKZLQEM0qsABtcuNpKzjXlLmZBi5aoho4v-PzpHCi5kOwgYWeKEFWuZHTsZwPsE0QjMFDbtBhlKaeoYWXfqyfPyn.jpg?quality=95&as=32x43,48x64,72x96,108x144,160x214,240x320,360x481,480x641,540x721,640x855,720x961,1080x1442,1280x1709,1342x1792&from=bu&cs=1342x0",,False,,synagogue,True,False,,,,,,,,,,,,,,,
457322553,286691131,-43730800,-43730800,1761122839,2025-10-22 10:47:19,58.007702,56.235906,58.00819896273859,56.23476395501453,87.06401057124822,"https://sun9-84.userapi.com/s/v1/ig2/K0AXwLh2Kw2--QQFYf6RHuYhpoXSgmZRK9zc_D-qm8GFsyWj-4z1J_R1LaDMbtvI91eY1MfqQJ_GOSSKQKB2dSj4.jpg?quality=95&as=32x37,48x55,72x83,108x125,160x184,240x277,360x415,480x554,540x623,640x738,720x830,1080x1245,1280x1476,1440x1661,2220x2560&from=bu&cs=2220x0","8000-35%= 4900₽ (оплата наличными)
Размер 42/46",False,,synagogue,True,False,,,,,,,,,,,,,,,
405561369,-7,261660768,261660768,1457954316,2016-03-14 12:18:36,58.007835,56.235509,58.00819896273859,56.23476395501453,59.70214156311746,"https://sun9-3.userapi.com/s/v1/ig1/WYdc4eB0rVMQwmIzCF4nWjlEc1MB1kjuYQCE7_gsCc0gN_k8-Apz23ywWxhTXUAe847cjMwp.jpg?quality=96&as=32x43,48x64,72x96,108x144,160x213,240x320,360x480,480x640,540x720,640x853,720x960&from=bu&cs=720x0",,False,,synagogue,True,False,,,,,,,,,,,,,,,
393594278,225377777,114078533,114078533,1449813311,2015-12-11 06:55:11,58.007996,56.236222,58.00819896273859,56.23476395501453,88.81028785543154,"https://sun9-82.userapi.com/s/v1/ig1/-ir0sTg2XUgk-RpEi9zLGsnQy0bkQl836033_k_eLAkHP1-wnvgDGIz7nWAlyWzen-uAng.jpg?quality=96&as=32x43,48x64,72x96,108x144,160x213,240x320,360x480,480x640,540x720,640x853,720x960,960x1280&from=bu&cs=960x0",,False,,synagogue,True,False,,,,,,,,,,,,,,,
400357593,227741275,-107272158,147055234,1454659817,2016-02-05 09:10:17,58.007996,56.235363,58.00819896273859,56.23476395501453,41.88964292734353,"https://sun9-69.userapi.com/s/v1/if1/Wdc3MfDdo9f0sy8lyaZBqxFnBvQ8SESPdBwfxHExCf9NrsUe0eATcSyGfuzfTEEprNb0YT7Y.jpg?quality=96&as=32x24,48x36,72x54,108x81,160x120,240x180,360x270,480x360,540x405,640x480,720x540,1080x810,1280x960,1440x1080,2560x1920&from=bu&cs=2560x0",,False,,synagogue,True,False,,,,,,,,,,,,,,,
457245494,-7,-170690865,-170690865,1650185991,2022-04-17 10:59:51,58.007855,56.234451,58.00819896273859,56.23476395501453,42.45859061311944,"https://sun9-41.userapi.com/s/v1/ig2/kbb8AUjTFlBBQ4NqI2k9UPmN0NnbyNH0wg2p1o-tGzWL19Jz2AbUMxKPkuxdIx9KXOpG2cyhTIEBsJco2NgtNQ8p.jpg?quality=96&as=32x43,48x64,72x96,108x144,160x213,240x320,360x480,480x640,540x720,640x853,720x960,1080x1440,1280x1707,1344x1792&from=bu&cs=1344x0",,False,,synagogue,True,False,,,,,,,,,,,,,,,
457245774,-7,-194619161,-194619161,1731323951,2024-11-11 12:19:11,58.0081,56.234887,58.00819896273859,56.23476395501453,13.17706229634948,"https://sun9-78.userapi.com/s/v1/ig2/G4zWlynY5w4VSa5gOA3H7fL-gv-IhzsrTuLKXKfg1xrhlOc7JSBJwhlFtpuxxVxVbcw35Ppgdg1h-NAnLexnW3cb.jpg?quality=95&as=32x43,48x64,72x96,108x144,160x213,240x320,360x480,480x640,540x720,640x853,720x960,1080x1440,1280x1707,1440x1920,1920x2560&from=bu&cs=1920x0",,False,,synagogue,True,True,,,,,,,,,,,,,,,
456241318,-7,199304685,199304685,1527263038,2018-05-25 17:43:58,58.007968,56.235456,58.00819896273859,56.23476395501453,48.18378646958088,"https://sun9-76.userapi.com/s/v1/ig2/DtxJ_6xf2N9nyFKt81EKbecPjGq-jlmEjawNlgra7yKGPhaZFUKU7WlPJYbBIkS2kAzwHvIWuhD6qImfFxy4pE8o.jpg?quality=96&as=32x43,48x64,72x96,108x144,160x213,240x320,360x480,480x640&from=bu&cs=480x0",,False,,synagogue,True,False,,,,,,,,,,,,,,,
456242154,-7,261660768,261660768,1510893801,2017-11-17 05:43:21,58.007737,56.235747,58.00819896273859,56.23476395501453,77.41127872322427,"https://sun9-7.userapi.com/s/v1/ig1/_SmPrDlOijzx_LX20Fn9t-QQq_rnP6a2LcBleGxuqXpzM5xrj0q9Hc7HZqhr5iNCHMBKCL5m.jpg?quality=96&as=32x37,48x56,72x84,108x126,160x186,240x279,360x419,480x559,540x628,640x745,720x838,825x960&from=bu&cs=825x0",,False,,synagogue,True,False,,,,,,,,,,,,,,,
457278137,-7,-32557779,-32557779,1650015184,2022-04-15 11:33:04,58.007821,56.235297,58.00819896273859,56.23476395501453,52.46349254372161,"https://sun9-34.userapi.com/s/v1/ig2/pnRL6CjHHl1adJAc-smDFqp4gsc2WD699mdE4JQV_ndGNgtTjf3Kby0TKxLIEoCJet-lvVV-_56GdFvAaFte-Ahl.jpg?quality=95&as=32x43,48x64,72x96,108x144,160x213,240x320,360x480,480x640,540x721,640x854,720x961,1080x1441,1280x1708,1388x1852&from=bu&cs=1388x0",,False,,synagogue,True,False,,,,,,,,,,,,,,,
457251642,-7,-170690865,-170690865,1655203625,2022-06-14 12:47:05,58.007799,56.234293,58.00819896273859,56.23476395501453,52.41830941546784,"https://sun9-86.userapi.com/s/v1/ig2/xO0SEwB98KqYX9ekrJf9Be1FN3wx3rOBw8SsHx4cip0ZxZsqLVRhAbEDDwImFC2PQkjlh38QrYedLJUQlGW-ZNEK.jpg?quality=95&as=32x43,48x64,72x96,108x144,160x213,240x320,360x480,480x640,540x720,640x853,720x960,1080x1440,1280x1707,1344x1792&from=bu&cs=1344x0",,False,,synagogue,True,False,,,,,,,,,,,,,,,
457257891,-7,-170690865,-170690865,1688400755,2023-07-03 18:12:35,58.007806,56.234399,58.00819896273859,56.23476395501453,48.698462152861765,"https://sun9-43.userapi.com/s/v1/ig2/TjLpmBh67rh2lgU9w4LbWeVYsuOocXs87IhTldghcDmAppkeaqUxzVA08qeYoGD26xWCIZw5iCWl3XqbTeSsB8XZ.jpg?quality=95&as=32x43,48x64,72x96,108x144,160x213,240x320,360x480,480x640,540x720,640x853,720x960,1080x1440,1280x1707,1398x1864&from=bu&cs=1398x0",,False,,synagogue,True,False,,,,,,,,,,,,,,,
457242033,-7,-76634753,-76634753,1622705347,2021-06-03 09:29:07,58.007658,56.255505,58.00763133477656,56.255145877976155,21.363268785127715,"https://sun9-27.userapi.com/s/v1/ig2/BXbDQ_66zMbKOQ95KhudDEE52ycThMRLNCb0mD0MvU_BEk80VWtNJuESp_RVSzJMQD2fzMZL6AX9f4RY5nMEeQ8l.jpg?quality=96&as=32x43,48x64,72x96,108x144,160x214,240x320,360x481,480x641,540x721,640x855,720x961,1080x1442,1280x1709,1342x1792&from=bu&cs=1342x0",,False,,or avner habad community center,True,False,,,,,,,,,,,,,,,
457254429,-7,-170690865,-170690865,1668170998,2022-11-11 13:49:58,58.007904,56.234504,58.00819896273859,56.23476395501453,36.19748746981516,"https://sun9-34.userapi.com/s/v1/ig2/dj8tQ5kpp2xJcE2LJZ4kjSFeMFsXf-X_SCAYuJd3TsohoS0AUlRXaMY3F7S52tNOdEXtB1xy0qcAOPHdveJhX28k.jpg?quality=95&as=32x43,48x64,72x96,108x144,160x213,240x320,360x480,480x640,540x720,640x853,720x960,1080x1440,1280x1707,1344x1792&from=bu&cs=1344x0",,False,,synagogue,True,False,,,,,,,,,,,,,,,
457249521,295254949,-117758009,-117758009,1690393843,2023-07-26 19:50:43,58.007708,56.234809,58.00819896273859,56.23476395501453,54.65702261040432,"https://sun9-76.userapi.com/s/v1/if2/YdStwydktBBU2wP94HNzqdHFX1_EQWrc42B95WwL-K_ahjwLQyOENkFmNgOeTLI8zJ9qRH_Ph1pRQfuoil3jjoPC.jpg?quality=95&as=32x24,48x36,72x54,108x81,160x120,240x180,360x270,480x360,540x405,640x480,720x540,1080x810,1280x960,1440x1080,2560x1920&from=bu&cs=2560x0",,False,,synagogue,True,False,,,,,,,,,,,,,,,
457314027,301537621,-43730800,-43730800,1732348609,2024-11-23 08:56:49,58.007695,56.2358,58.00819896273859,56.23476395501453,82.8583389920959,"https://sun9-62.userapi.com/s/v1/ig2/sMG61A73dKzOLA29YfLrR2Gr9qZL_5Oqy3YQ5VHY_VI7k31onHVmAv8acmXw9D-jOI0AQIHUDfle-OaQz4kreRsh.jpg?quality=95&as=32x44,48x66,72x99,108x148,160x220,240x330,360x494,480x659,540x742,640x879,720x989,1080x1483,1280x1758,1440x1978,1864x2560&from=bu&cs=1864x0",Продано,False,,synagogue,True,False,,,,,,,,,,,,,,,
457240279,-7,-20826401,-20826401,1565700876,2019-08-13 14:54:36,58.007961,56.23535,58.00819896273859,56.23476395501453,43.49812682803051,"https://sun9-83.userapi.com/s/v1/ig1/gOBYEBOpVL_-T3fg87dt1_wBnofAb22qc3u0e0WkftpLUlTokQlK4IFxwVwOML2wV6aAi7vz.jpg?quality=96&as=32x64,48x96,72x144,108x216,160x320,240x480,360x720,480x960,540x1080,640x1280,720x1440,1080x2160&from=bu&cs=1080x0",,False,,synagogue,True,False,,,,,,,,,,,,,,,
457245751,-7,423472035,423472035,1581579539,2020-02-13 08:38:59,58.007856,56.235482,58.00819896273859,56.23476395501453,56.95343309352278,"https://sun9-82.userapi.com/s/v1/ig2/m9jxBtt7YOp94r-nOoWMfnVz4Dl-Jy98uHR_hDo_7ED6mFBBjHjxZMwfDXMgaNeLn1UfJkaw5CxYxBtfU7HVfD_Q.jpg?quality=96&as=32x43,48x64,72x96,108x144,160x213,240x320,360x480,480x640,540x720,640x853,720x960,1080x1440,1104x1472&from=bu&cs=1104x0","Сегодня ко мне на урок приехала ученица с другого города и мы решили сделать какой-нибудь яркий образ🤩💙
·
Как вам преображение?😍мне прям эта работа почему-то чуть-чуть 90е напоминает🙈объёмные хвосты, синие тени))🔥
·
За супер быструю прическу спасибо [id35863595|@anna_sviridovskaya] ❤️
_
#макияж #визажист #макияжпермь #пермь #пермьактивная #makeup #makeup_kovabeauty #визажистпермь #прически #прическипермь #кудрипермь #стилистпермь #свадебнаяприческапермь #свадебныйстилистпермь #причёскапермь #выпускной #макияжнавыпускной #смокиайс #свадебныймакияж #свадебныймакияжпермь",False,,synagogue,True,False,,,,,,,,,,,,,,,
456301934,-7,360619746,360619746,1559116958,2019-05-29 10:02:38,58.007553,56.233686,58.00819896273859,56.23476395501453,95.87472787178962,"https://sun9-75.userapi.com/s/v1/if1/DyarX3qb26zG5hvT4bO8bTPayFQNYBhdSndpNqOC1soh4JDnoVGJxBmza6kboAQichjVibIG.jpg?quality=96&as=32x24,48x36,72x54,108x81,160x120,240x180,360x270,480x360,540x405,640x480&from=bu&cs=640x0",,False,,synagogue,True,False,,,,,,,,,,,,,,,
456240132,-7,333217461,333217461,1488967380,2017-03-08 11:03:00,58.007694,56.234597,58.00819896273859,56.23476395501453,57.00421853451046,"https://sun9-74.userapi.com/s/v1/if1/uBGYvAI4yAHj0lArD0k55QvG3Xlweu9S3aiE0t9G1RHAm8CB6ArBQPLfsU6RaZn8Sbmy6cVZ.jpg?quality=96&as=32x24,48x36,72x54,108x81,160x120,240x180,360x270,480x360,540x405,640x480&from=bu&cs=640x0",,False,1451.0,synagogue,True,False,,,,,,,,,,,,,,,
457274467,255926010,-7165191,301828947,1628232498,2021-08-06 08:48:18,58.007793,56.235733,58.00819896273859,56.23476395501453,72.77843806531625,"https://sun9-68.userapi.com/s/v1/ig2/aGd7Ux81-AA9CjDiotO5nQ9ovhJv8AYUNDnLc8REnP5q7jtJywNNdKLKjWtRkvNWBVxyX9nSUhKSrRs47Jafsd-9.jpg?quality=96&as=32x40,48x60,72x90,108x135,160x200,240x301,360x451,480x601,540x677,640x802,720x902,1080x1353,1280x1604,1296x1624&from=bu&cs=1296x0","Жакет
Цена 1999р
Размер 44

Шорты
Цена 999р
По размеру лучше уточнять

Топ
Цена 799р
Размер 44",False,,synagogue,True,False,,,,,,,,,,,,,,,
457255617,-7,-170690865,-170690865,1675509241,2023-02-04 12:14:01,58.007813,56.234504,58.00819896273859,56.23476395501453,45.567571879464026,"https://sun9-48.userapi.com/s/v1/ig2/akeIMdsJqTgz9RWCFiE8CdaF6R75-XwHnxJEZBVq0GdBGLHHuCUR0Qw7i0s7ueDGNw8MMGULa2RPrehm6fI4zW4Y.jpg?quality=95&as=32x43,48x64,72x96,108x144,160x213,240x320,360x480,480x640,540x720,640x853,720x960,1080x1440,1280x1707,1344x1792&from=bu&cs=1344x0",,False,,synagogue,True,False,,,,,,,,,,,,,,,
457253012,-7,-170690865,-170690865,1660816051,2022-08-18 11:47:31,58.007897,56.234398,58.00819896273859,56.23476395501453,39.902113118787824,"https://sun9-47.userapi.com/s/v1/ig2/E4SWhgHwdNVJLWlMp2Cy4cDF_PXHBglH05JExP4maUr1lSY3blGp-aYIAyQsa5h_dr-okvGUzwIktK-f71SdTB-C.jpg?quality=95&as=32x42,48x64,72x95,108x143,160x212,240x318,360x476,480x635,540x715,640x847,720x953,1080x1429,1280x1694,1354x1792&from=bu&cs=1354x0",,False,,synagogue,True,False,,,,,,,,,,,,,,,
457314709,301537621,-43730800,-43730800,1734175650,2024-12-14 12:27:30,58.007702,56.235906,58.00819896273859,56.23476395501453,87.06401057124822,"https://sun9-65.userapi.com/s/v1/ig2/4kjbtKrIyn8NkDcPmItNBDIXFgYn8F8Uw24VBDkXlc4dNU5QtfxcnLhf3SQr39r1RAtH8Oj9t7bVMcozAJ1R3NAs.jpg?quality=95&as=32x43,48x64,72x96,108x144,160x213,240x320,360x480,480x640,540x720,640x853,720x960,1080x1440,1280x1707,1440x1920,1920x2560&from=bu&cs=1920x0",❌SOLD OUT❌,False,,synagogue,True,False,,,,,,,,,,,,,,,
405561373,-7,261660768,261660768,1457954318,2016-03-14 12:18:38,58.007996,56.23605,58.00819896273859,56.23476395501453,79.05216913219736,"https://sun9-55.userapi.com/s/v1/ig1/NVWhGLtkvpfwZqS_Gc2jw3jUrjgP6gMY7sVF3PGEBbRxk1aSKIt2rIcQ3Ra2SzfJ5JTen75U.jpg?quality=96&as=32x43,48x64,72x96,108x144,160x213,240x320,360x480,480x640,540x720,640x853,720x960&from=bu&cs=720x0",,False,,synagogue,True,False,,,,,,,,,,,,,,,
457256772,-7,-170690865,-170690865,1681909054,2023-04-19 14:57:34,58.007813,56.233989,58.00819896273859,56.23476395501453,62.658750872493414,"https://sun9-5.userapi.com/s/v1/ig2/D6J9dEyt9S3uLqaGdhM6YGi5-erddSQc-BqClvsK87VHMcqITEWgnH9Jaruh_kDzrzBDt6zHCKR7kcKOY_iwgvD3.jpg?quality=95&as=32x43,48x64,72x96,108x144,160x214,240x320,360x481,480x641,540x721,640x855,720x961,1080x1442,1280x1709,1342x1792&from=bu&cs=1342x0",,False,,synagogue,True,False,,,,,,,,,,,,,,,
457239249,-7,-179672049,-179672049,1579262546,2020-01-17 13:02:26,58.00803,56.234861,58.00819896273859,56.23476395501453,19.638372236583912,"https://sun9-15.userapi.com/s/v1/ig1/3M0W2PjoysBwOhg5J4Gw2eZcq9XwGC6rssVw-EIyWWC1iVpyFs2vrQ0i-xeHX3iUbD72HeC5.jpg?quality=96&as=32x43,48x64,72x96,108x144,160x214,240x320,360x480,480x641,540x721,640x854,720x961,959x1280&from=bu&cs=959x0",,False,231.0,synagogue,True,True,,,,,,,,,,,,,,,
456239036,301679057,-224628741,-224628741,1707758195,2024-02-12 18:16:35,58.007723,56.235707,58.00819896273859,56.23476395501453,76.72991767250984,"https://sun9-8.userapi.com/s/v1/ig2/X_UMndhfMsSYEoJew1WL6k4WQpAR4lgR9KNzSWdHdKx1JO_foKTRA4VF0y7zSoaMNG2U-RwSntbZbzG4jacWTjL5.jpg?quality=95&as=32x43,48x64,72x96,108x144,160x213,240x320,360x480,480x640,540x720,640x853,720x960,1080x1440,1280x1707,1440x1920,1920x2560&from=bu&cs=1920x0",,False,,synagogue,True,False,,,,,,,,,,,,,,,
456239186,-7,-128233485,-128233485,1481288579,2016-12-09 14:02:59,58.007848,56.235033,58.00819896273859,56.23476395501453,42.12109371068939,"https://sun9-42.userapi.com/s/v1/ig1/oiuaW8alm4LTxalSdieEFcxYgmjdAZ6MnOsXUZ9MaSE8MG3yIvZSKzqucnQCKmhPkklVNb3H.jpg?quality=96&as=32x32,48x48,72x72,108x108,160x160,240x240,360x360,480x480,540x540,640x640,720x720,960x960&from=bu&cs=960x0","Пятничное обновление кранов! Коллаборация Molotov & GAS - Sea Buckthorn - облепиховый сэйзон , и Plan B - Bathory - охмеленный красный эль. Подробности позже, бежим разливать #molotovbar #молотовбар #molotov #молотов #molotovbeer #bar #perm #barperm #craftbeer #craft #beer #крафтовоепиво #крафт #пиво",False,252.0,synagogue,True,False,,,,,,,,,,,,,,,
457255891,-7,-170690865,-170690865,1677236494,2023-02-24 12:01:34,58.007897,56.234398,58.00819896273859,56.23476395501453,39.902113118787824,"https://sun9-7.userapi.com/s/v1/ig2/icrxuiOnCCUq49UID9OYTI5pcMtl6_QZIohaNHJBhWX7zg7s7wnuGINBqWhhC8lo3iNFE0YdZJ2HsRfFKvnHINdE.jpg?quality=95&as=32x43,48x64,72x96,108x144,160x214,240x320,360x481,480x641,540x721,640x855,720x961,1080x1442,1280x1709,1342x1792&from=bu&cs=1342x0",,False,,synagogue,True,False,,,,,,,,,,,,,,,
456239574,-7,-224628741,-224628741,1712819187,2024-04-11 09:06:27,58.007723,56.235707,58.00819896273859,56.23476395501453,76.72991767250984,"https://sun9-3.userapi.com/s/v1/ig2/rUpMMTtxqSZu8HzGdtshdQUjh8bk04e_i_D9Bc1t68A4sKd730U7WE0RagN4Y_qEASbcUVuRrht4wAKYamIgJZ5B.jpg?quality=95&as=32x38,48x57,72x86,108x129,160x191,240x286,360x429,480x572,540x643,640x762,720x858,1080x1287,1280x1525,1440x1715,2149x2560&from=bu&cs=2149x0",,False,,synagogue,True,False,,,,,,,,,,,,,,,
457242237,-7,367626522,367626522,1649847400,2022-04-13 12:56:40,58.007799,56.234293,58.00819896273859,56.23476395501453,52.41830941546784,"https://sun9-29.userapi.com/s/v1/ig2/QrwPI0y6Pq2OOqu6f1DoJ4Rxn5QyYmSO_MH_Lxp3qUBvSoGBb5J11CVJE7T_pybuZnjbS0HEDuc5Z1ToHg4GuUV9.jpg?quality=95&as=32x43,48x64,72x96,108x144,160x213,240x320,360x480,480x640,540x720,640x853,720x960,1080x1440,1280x1707,1440x1920,1920x2560&from=bu&cs=1920x0",,False,,synagogue,True,False,,,,,,,,,,,,,,,
457254119,-7,-170690865,-170690865,1666090790,2022-10-18 12:59:50,58.007715,56.234399,58.00819896273859,56.23476395501453,57.95011791683787,"https://sun9-1.userapi.com/s/v1/ig2/DAXc0nn7DGtg29p3aw1KS1-0kPMBSuWBUuwvt6q4ruWwR5LK9QzhP24AQ9sEJan7Ml02sgr0n8212GzqnWry_qP8.jpg?quality=95&as=32x43,48x64,72x96,108x144,160x213,240x320,360x480,480x640,540x720,640x853,720x960,1080x1440,1280x1707,1344x1792&from=bu&cs=1344x0",,False,,synagogue,True,False,,,,,,,,,,,,,,,
457257375,-7,-170690865,-170690865,1685185458,2023-05-27 13:04:18,58.007904,56.234332,58.00819896273859,56.23476395501453,41.51239618653149,"https://sun9-59.userapi.com/s/v1/ig2/m7kpFfQEAfapbV-upcHqG3Lu005DuqCW4WbMUjlMsnbnuzp5qrhFWYuMFXi1mZZFuH0xVzPmOgHyPkIhtgU29e0j.jpg?quality=95&as=32x43,48x64,72x96,108x144,160x213,240x320,360x480,480x640,540x720,640x853,720x960,1080x1440,1280x1707,1398x1864&from=bu&cs=1398x0",,False,,synagogue,True,False,,,,,,,,,,,,,,,
456239255,-7,-75252175,-75252175,1483685463,2017-01-06 07:51:03,58.00801,56.235746,58.00819896273859,56.23476395501453,61.55070767470892,"https://sun9-18.userapi.com/s/v1/ig1/HxcxtrogOQUrFYeCjPfw8sPpmP1Ujvf9Kyo-1h_UksEQ8_VxgZAITBvEuboS6ZZK_1_QY0rg.jpg?quality=96&as=32x32,48x48,72x72,108x108,160x160,240x240,360x360,480x480,540x540,640x640,720x720,960x960&from=bu&cs=960x0",,False,,synagogue,True,False,,,,,,,,,,,,,,,
457256975,-7,-170690865,-170690865,1682772824,2023-04-29 14:53:44,58.007722,56.234505,58.00819896273859,56.23476395501453,55.186284082187015,"https://sun9-61.userapi.com/s/v1/ig2/Fz2DHwR38nSB9wIqq1vCz8L1qT_knmI5ypFC4NJIcDsZ146r3wl8EX5LWEFDeaBJLDdNnqA8ijscMFPVtQ1HXwWw.jpg?quality=95&as=32x43,48x64,72x96,108x144,160x213,240x320,360x480,480x640,540x720,640x853,720x960,1080x1440,1280x1707,1398x1864&from=bu&cs=1398x0",,False,,synagogue,True,False,,,,,,,,,,,,,,,
457257556,-7,-170690865,-170690865,1686239211,2023-06-08 17:46:51,58.007722,56.234505,58.00819896273859,56.23476395501453,55.186284082187015,"https://sun9-54.userapi.com/s/v1/ig2/XdhuSzaveQvwTwKp_dmmOkXV7XLqJzzm5_fiNR25zX_gVuWSOl-V-EITj_XVEZoW5RgSKik1vuks-Y7GQHEJhIJ5.jpg?quality=95&as=32x43,48x64,72x96,108x144,160x213,240x320,360x480,480x640,540x720,640x853,720x960,1080x1440,1280x1707,1398x1864&from=bu&cs=1398x0",,False,,synagogue,True,False,,,,,,,,,,,,,,,
456248242,-7,-129075842,-129075842,1550822941,2019-02-22 09:09:01,58.007785,56.234425,58.00819896273859,56.23476395501453,50.17512051177066,"https://sun9-24.userapi.com/s/v1/ig1/ox8ARMXp9L3w14ql4eRVGu00gydCa7zbjz7q3fyKFlkSMLo7Eaov_M3wZpn5lfZgTIBdBT2s.jpg?quality=96&as=32x32,48x48,72x72,108x108,160x160,240x240,360x360,480x480,540x540,640x640,720x720,1080x1080,1270x1270&from=bu&cs=1270x0",,False,,synagogue,True,False,,,,,,,,,,,,,,,
457322462,286691131,-43730800,-43730800,1760694228,2025-10-17 11:43:48,58.007709,56.236011,58.00819896273859,56.23476395501453,91.462131381659,"https://sun9-45.userapi.com/s/v1/ig2/EgeAaH75ikUxAvyll291ozeB0d8B0uoB7RhYSLn2DMN0Va3nwyDLyki2EmKsctSbXMKp3Q0PaQjbVsauQSUA1gJM.jpg?quality=95&as=32x45,48x68,72x101,108x152,160x225,240x338,360x506,480x675,540x760,640x900,720x1013,1080x1519,1280x1800,1440x2025,1820x2560&from=bu&cs=1820x0","SALE 4200₽ (оплата наличными)

Размер 42,44,46,48",False,,synagogue,True,False,,,,,,,,,,,,,,,
457254544,-7,-170690865,-170690865,1668587199,2022-11-16 09:26:39,58.007904,56.234504,58.00819896273859,56.23476395501453,36.19748746981516,"https://sun9-60.userapi.com/s/v1/ig2/IeZTXS-J9m_3ir1tuTPhBBwqh7y068hJjgci2FwgoZ7tHTfRSOy7i41PYQa0FYPv_6MlcFMofY89u2dKxev4rR8o.jpg?quality=95&as=32x43,48x64,72x96,108x144,160x213,240x320,360x480,480x640,540x720,640x853,720x960,1080x1440,1280x1707,1344x1792&from=bu&cs=1344x0",,False,,synagogue,True,False,,,,,,,,,,,,,,,
457240301,268073718,-67125411,466351709,1571939053,2019-10-24 19:44:13,58.007686,56.255584,58.00763133477656,56.255145877976155,26.516623898082894,"https://sun9-24.userapi.com/s/v1/if1/pfRPL_6UtfeUAabFFr5WOaSafjn8JMtV9dElOlO3yLgxRatQ5FfYjUP5sIBsED59inlbm8_V.jpg?quality=96&as=32x24,48x36,72x54,108x81,160x120,240x180,360x270,480x360,540x405,640x480,720x540,1080x810,1280x960,1440x1080,2560x1920&from=bu&cs=2560x0",,False,,or avner habad community center,True,False,,,,,,,,,,,,,,,
457254122,-7,-170690865,-170690865,1666266262,2022-10-20 13:44:22,58.007722,56.234505,58.00819896273859,56.23476395501453,55.186284082187015,"https://sun9-25.userapi.com/s/v1/ig2/BRZmcOjnjZY0-jJhfxtaVzcNocU_Og2BFWIv6aPt-WKLP-82JGeeUe_degFCb_y02vIEDLRJXXDppc9ZkBU5PMih.jpg?quality=95&as=32x43,48x64,72x96,108x144,160x213,240x320,360x480,480x640,540x720,640x853,720x960,1080x1440,1280x1707,1344x1792&from=bu&cs=1344x0",,False,,synagogue,True,False,,,,,,,,,,,,,,,
457240052,267510247,-89288568,10566756,1571314233,2019-10-17 14:10:33,58.007968,56.235456,58.00819896273859,56.23476395501453,48.18378646958088,"https://sun9-31.userapi.com/s/v1/if1/dkwvYbgIu0IwkLOVd3g4FpUfwBO-pHvttaGrhOGk7AHuOJYAesCas2ybEGFavXx0SZUWWUvK.jpg?quality=96&as=32x24,48x36,72x54,108x81,160x120,240x180,360x270,480x360,540x405,640x480,720x540,1080x810,1280x960&from=bu&cs=1280x0",,False,,synagogue,True,False,,,,,,,,,,,,,,,
457252995,-7,-170690865,-170690865,1660733388,2022-08-17 12:49:48,58.007897,56.234398,58.00819896273859,56.23476395501453,39.902113118787824,"https://sun9-56.userapi.com/s/v1/ig2/4oz_w8T-CzhgukrMsrXKdkLTsxCk2sgNAmr07l0C5edDNHssQLX7UNujDNm41W7jHy1WkqtigfdL_OWDIgR9iorU.jpg?quality=95&as=32x43,48x64,72x96,108x144,160x213,240x320,360x480,480x640,540x720,640x853,720x960,1080x1440,1280x1707,1344x1792&from=bu&cs=1344x0",,False,,synagogue,True,False,,,,,,,,,,,,,,,
456239023,-7,479633806,479633806,1521736000,2018-03-22 17:26:40,58.007806,56.234227,58.00819896273859,56.23476395501453,53.94365254895624,"https://sun9-78.userapi.com/s/v1/ig1/0AQK4yoGZUDSb1pHHmeqHGo_FrrbhviW7kHmr6_Nn3Q_efJ4KtZbcIoKLrzsqA85PExgKUcn.jpg?quality=96&as=32x43,48x64,72x96,108x144,160x213,240x320,360x480,480x640,540x720,640x853,720x960&from=bu&cs=720x0",,False,,synagogue,True,False,,,,,,,,,,,,,,,
456239138,-7,436949514,436949514,1509779963,2017-11-04 08:19:23,58.007862,56.234385,58.00819896273859,56.23476395501453,43.61516468955474,"https://sun9-54.userapi.com/s/v1/ig1/jpkwH1FBKWCbTf3ygB4ZZYs8PjUWl_cpX1LZ7hjeK3ZzcpSzhNTd9b0N_g5mn7NnrtoEBlzo.jpg?quality=96&rotate=90&as=32x43,48x64,72x96,108x144,160x213,240x320,360x480,480x640,540x720,640x853,720x960&from=bu&cs=720x0",,False,177.0,synagogue,True,False,,,,,,,,,,,,,,,
457255895,-7,-170690865,-170690865,1677236621,2023-02-24 12:03:41,58.007904,56.234332,58.00819896273859,56.23476395501453,41.51239618653149,"https://sun9-28.userapi.com/s/v1/ig2/0ZJZy-yjboU8fOCiTuNa5UisFItISz-XEdbaosZzCY0ug5LoVhuP-m5wbV1Hn9GSiHf3WvU3m1rVMWiz4YJv5CNQ.jpg?quality=95&as=32x43,48x64,72x96,108x144,160x214,240x320,360x481,480x641,540x721,640x855,720x961,1080x1442,1280x1709,1342x1792&from=bu&cs=1342x0",,False,,synagogue,True,False,,,,,,,,,,,,,,,
457240303,268073718,-67125411,466351709,1571939072,2019-10-24 19:44:32,58.007693,56.25569,58.00763133477656,56.255145877976155,32.78033221051209,"https://sun9-15.userapi.com/s/v1/if1/qUBEIRsyXrDrDKTYMDLAytFDi0nd_US4Dr88gGIqHMDxBNtMF7uQ_UsllwG3mjUNyCwDhH0z.jpg?quality=96&as=32x24,48x36,72x54,108x81,160x120,240x180,360x270,480x360,540x405,640x480,720x540,1080x810,1280x960,1440x1080,2560x1920&from=bu&cs=2560x0",,False,,or avner habad community center,True,False,,,,,,,,,,,,,,,
367185721,-7,156073124,156073124,1430906800,2015-05-06 12:06:40,58.008059,56.235971,58.00819896273859,56.23476395501453,72.79137066510017,"https://sun9-41.userapi.com/s/v1/ig1/M_AaGYIngq0qOpPEuVuJKf7w6jSRX2Kwhhi4M6T4RwQMJPK3qiDSExTgeKWwYVWJnZP_hRHF.jpg?quality=96&as=32x43,48x64,72x96,108x144,160x213,240x320,360x480,480x640,540x720,640x853,720x960&from=bu&cs=720x0",,False,2582.0,synagogue,True,False,,,,,,,,,,,,,,,
457254132,-7,-170690865,-170690865,1666266570,2022-10-20 13:49:30,58.007904,56.234504,58.00819896273859,56.23476395501453,36.19748746981516,"https://sun9-19.userapi.com/s/v1/ig2/4feayiRVny4l65wv-IEHWGxSWChS1U0JAlGFP7S-0DLbmv-CtS6-HRnZlTHkp2yqMJ6Synvj93m_jWHuqVVtD-MX.jpg?quality=95&as=32x43,48x64,72x96,108x144,160x213,240x320,360x480,480x640,540x720,640x853,720x960,1080x1440,1280x1707,1344x1792&from=bu&cs=1344x0",,False,,synagogue,True,False,,,,,,,,,,,,,,,
456239670,247407234,-46008634,-46008634,1508133738,2017-10-16 08:02:18,58.00796,56.234663,58.00819896273859,56.23476395501453,27.22889623953285,"https://sun9-10.userapi.com/s/v1/ig1/PIHfrTmVjHeHY9uiGaBzV5Zh4qU_prD9LsLOFcvrb_Cc8B0JWFflQLJyML778oIJuaGeGNE8.jpg?quality=96&as=32x43,48x64,72x96,108x144,160x213,240x320,360x480,480x640&from=bu&cs=480x0",,False,,synagogue,True,False,,,,,,,,,,,,,,,
457255911,-7,-170690865,-170690865,1677415907,2023-02-26 13:51:47,58.007722,56.234505,58.00819896273859,56.23476395501453,55.186284082187015,"https://sun9-34.userapi.com/s/v1/ig2/RxP0K9mZ99wqEd-jcfRKQ8Tkuin7_pSNMZL0DDYulrlWJetwUVUWDBpWAERiAaV4b1zb8mqIjl1PCvK4tHEpTyiM.jpg?quality=95&as=32x43,48x64,72x96,108x144,160x214,240x320,360x481,480x641,540x721,640x855,720x961,1080x1442,1280x1709,1342x1792&from=bu&cs=1342x0",,False,,synagogue,True,False,,,,,,,,,,,,,,,
457239614,100960323,59059013,59059013,1612079019,2021-01-31 08:43:39,58.007834,56.235165,58.00819896273859,56.23476395501453,46.95836248694766,"https://sun9-79.userapi.com/s/v1/ig2/uHp7aIJRuon2CU6c8Xm735_wRQc3kZWKhxHaDScCYt20JmC72pKLLD9ohoyO4e5XfMgSm1C25B0NAfByfU-CV0IY.jpg?quality=96&as=32x43,48x64,72x96,108x144,160x213,240x320,360x480,480x640,540x720,640x853,720x960,1080x1440,1280x1707,1440x1920,1620x2160&from=bu&cs=1620x0",,False,,synagogue,True,False,,,,,,,,,,,,,,,
457256111,-7,-170690865,-170690865,1678368577,2023-03-09 14:29:37,58.008107,56.234477,58.00819896273859,56.23476395501453,19.756984804975843,"https://sun9-28.userapi.com/s/v1/ig2/iArvxZA5tVas3i1utLLemknzSERi4mQPjExstV0b9L0DKPrgjmVmsBdE-tHhipwmpqc1iUxHB1fxLp_aGCUETQSj.jpg?quality=95&as=32x57,48x85,72x128,108x192,160x284,240x427,360x640,480x853,540x960,640x1138,720x1280,1008x1792&from=bu&cs=1008x0",,False,,synagogue,True,False,,,,,,,,,,,,,,,
456239242,-7,240379326,240379326,1485677215,2017-01-29 09:06:55,58.007919,56.235231,58.00819896273859,56.23476395501453,41.54673072073744,"https://sun9-58.userapi.com/s/v1/ig1/2Lxh9qyHCc-9CW4xU5Q_fRex4ys3ooGoAqL9GdsZXmnycEF_yEucJ8JsUcTR6paMZa_jHY30.jpg?quality=96&as=32x43,48x64,72x96,108x144,160x213,240x320,360x480,480x640,540x720,640x853,720x960&from=bu&cs=720x0",,False,,synagogue,True,False,,,,,,,,,,,,,,,
402402677,-7,261660768,261660768,1456136961,2016-02-22 11:29:21,58.00794,56.235892,58.00819896273859,56.23476395501453,72.42477485907304,"https://sun9-66.userapi.com/s/v1/ig1/5IerPFhFzv7zq8UddTPPwJWHSAYWONYdz81OmiCF2gj_WoVXhJBHrmzPl4pwt03h6eiw3Xf-.jpg?quality=96&as=32x43,48x64,72x96,108x144,160x213,240x320,360x480,480x640,540x720,640x853,720x960&from=bu&cs=720x0",1900 р,False,5117.0,synagogue,True,False,,,,,,,,,,,,,,,
457254649,-7,-170690865,-170690865,1669196508,2022-11-23 10:41:48,58.007722,56.234505,58.00819896273859,56.23476395501453,55.186284082187015,"https://sun9-37.userapi.com/s/v1/ig2/2t-nNu0gtvElxvAumIR2T1xoB5QAo41NYjPfE0StoNRN62FJFP5GtmNEJl10FPSezPoQQjfO9AvuWiFIJI7auLEh.jpg?quality=95&as=32x43,48x64,72x96,108x144,160x213,240x320,360x480,480x640,540x720,640x853,720x960,1080x1440,1280x1707,1344x1792&from=bu&cs=1344x0",,False,,synagogue,True,False,,,,,,,,,,,,,,,
456239018,-6,424630550,424630550,1492575038,2017-04-19 06:10:38,58.007694,56.234597,58.00819896273859,56.23476395501453,57.00421853451046,"https://sun9-81.userapi.com/s/v1/if1/j7oHHgk1lWJd72CeX3fOR4uiLnf3GcllJUxhw3po5jTImpuKAAvu5J5YO6YSDcw4kDz3g6lm.jpg?quality=96&as=32x18,48x27,72x40,108x61,160x90,240x135,360x202,480x270,540x304,640x360&from=bu&cs=640x0",,False,8.0,synagogue,True,False,,,,,,,,,,,,,,,
457313128,301537621,-43730800,-43730800,1729952368,2024-10-26 16:19:28,58.007723,56.235707,58.00819896273859,56.23476395501453,76.72991767250984,"https://sun9-15.userapi.com/s/v1/ig2/u0903fL4cVdW_d44EoxxyHWd-lCXlVWm8QBPem33IQrCAbxr3iTiYXiGSv3h3V2pnfmtkvATlcrWf-k3L7z0jsR4.jpg?quality=95&as=32x34,48x50,72x76,108x114,160x168,240x252,360x379,480x505,540x568,640x673,720x757,1080x1136,1280x1346,1440x1515,2434x2560&from=bu&cs=2434x0",❌SOLD OUT❌,False,,synagogue,True,False,,,,,,,,,,,,,,,
457317288,301537621,-43730800,-43730800,1741271353,2025-03-06 15:29:13,58.007723,56.235707,58.00819896273859,56.23476395501453,76.72991767250984,"https://sun9-82.userapi.com/s/v1/ig2/UPf7WJcz1CiPnHPZajM2Ach5JjTEnc2EUjwuln0uuHbGHslZj93mmrkLS_k4TAEDMZySCo-Wyo1Dh6NoMWdnDjUD.jpg?quality=95&as=32x43,48x64,72x96,108x144,160x213,240x320,360x480,480x640,540x720,640x853,720x960,1080x1440,1280x1707,1440x1920,1920x2560&from=bu&cs=1920x0",Продано,False,,synagogue,True,False,,,,,,,,,,,,,,,
457253076,-7,-170690865,-170690865,1660991640,2022-08-20 12:34:00,58.007806,56.234399,58.00819896273859,56.23476395501453,48.698462152861765,"https://sun9-63.userapi.com/s/v1/ig2/m254zrAOEueJV-tKD3TClfSe3GviWa_1EALmjJ7hztEKgH3fJwmcEiVp4t3UsLjYc5FNFj13OA88WsCjzFe1iskK.jpg?quality=95&as=32x43,48x64,72x96,108x144,160x213,240x320,360x480,480x640,540x720,640x853,720x960,1080x1440,1280x1707,1344x1792&from=bu&cs=1344x0",,False,,synagogue,True,False,,,,,,,,,,,,,,,
457240595,-7,444177497,444177497,1613928395,2021-02-21 18:26:35,58.007849,56.235548,58.00819896273859,56.23476395501453,60.39641548066172,"https://sun9-51.userapi.com/s/v1/if2/4LjVL4pqtqARhwoux0SxF_i0Qgh3FuKnzDJLFb9eK7AC80IxVh7RKQfqWWNMo3jhmYTDsB7l8UhLIGSHWKwBhafW.jpg?quality=96&as=32x24,48x36,72x54,108x81,160x120,240x179,360x269,480x359,540x404,640x479,720x538,1080x808,1280x957,1344x1005&from=bu&cs=1344x0",,False,954.0,synagogue,True,False,,,,,,,,,,,,,,,
407443958,-7,261660768,261660768,1459068254,2016-03-27 10:44:14,58.007877,56.235799,58.00819896273859,56.23476395501453,70.70865317018405,"https://sun9-16.userapi.com/s/v1/ig1/6JGF03NnAbUhmVmuMNNA-STYc2kZwRIHY52tpC_Jjq-l7-NUih68wC8JxSeYVZbblXvADxE-.jpg?quality=96&as=32x40,48x60,72x90,108x135,160x200,240x300,360x451,480x601,540x676,640x801,720x901,767x960&from=bu&cs=767x0",,False,,synagogue,True,False,,,,,,,,,,,,,,,
457254565,-7,-170690865,-170690865,1668684304,2022-11-17 12:25:04,58.007806,56.234399,58.00819896273859,56.23476395501453,48.698462152861765,"https://sun9-24.userapi.com/s/v1/ig2/FwpO765xnNK6K_CvpoRx2CpBEF0BL14BMZ136ziTssLfTy9x1YktIuGJr80h9Y48gwwpl6skH6GF_acRlM--aFub.jpg?quality=95&as=32x43,48x64,72x96,108x144,160x213,240x320,360x480,480x640,540x720,640x853,720x960,1080x1440,1280x1707,1344x1792&from=bu&cs=1344x0",,False,,synagogue,True,False,,,,,,,,,,,,,,,
457256682,-7,-170690865,-170690865,1681551534,2023-04-15 11:38:54,58.007806,56.234399,58.00819896273859,56.23476395501453,48.698462152861765,"https://sun9-77.userapi.com/s/v1/ig2/JkDjbw7jHtkTx_ZieEAMLD3AtK9lr1FON0PxAq9sWQ5MSd57yyUO0QGTY4gsg7nSGchMGRqK2WeZMAbeB_C_btFx.jpg?quality=95&as=32x43,48x64,72x96,108x144,160x214,240x320,360x481,480x641,540x721,640x855,720x961,1080x1442,1280x1709,1342x1792&from=bu&cs=1342x0",,False,,synagogue,True,False,,,,,,,,,,,,,,,
457239717,292620556,-209485236,-209485236,1674889676,2023-01-28 08:07:56,58.007308,56.255889,58.00763133477656,56.255145877976155,56.64995979397913,"https://sun9-77.userapi.com/s/v1/ig2/WnOYzN6ApK79GjLn0_X8spYbB2CpbRTSc6_ipqgqgexQfIfwjQKA3pPQakDtdzfduw-C3L8Exxe7-6HLUlTgR34p.jpg?quality=95&as=32x43,48x64,72x96,108x144,160x213,240x320,360x480,480x640,540x720,640x853,720x960,1080x1440,1280x1707,1440x1920,1920x2560&from=bu&cs=1920x0",,False,,or avner habad community center,True,False,,,,,,,,,,,,,,,
457316047,301537621,-43730800,-43730800,1738477143,2025-02-02 07:19:03,58.007814,56.235879,58.00819896273859,56.23476395501453,78.40494941846167,"https://sun9-3.userapi.com/s/v1/ig2/FdzTLYiZpPZ8-3WNB-JYZE7aPCEvzHdCZI-yJObEqYh6bf5m93ZEgB9cOjMfjjwnsBPIwZuEIPvIqWztUDZiO1e-.jpg?quality=95&as=32x43,48x64,72x96,108x144,160x213,240x320,360x480,480x640,540x720,640x853,720x960,1080x1440,1280x1707,1440x1920,1920x2560&from=bu&cs=1920x0",Проданы,False,,synagogue,True,False,,,,,,,,,,,,,,,
457322468,286691131,-43730800,-43730800,1760694255,2025-10-17 11:44:15,58.007716,56.235602,58.00819896273859,56.23476395501453,72.9481739764952,"https://sun9-37.userapi.com/s/v1/ig2/ZjBfSRjNFSjSNiLNw_7JBVDbGQgqxKC5ROK2-3BGx_JqWExXb8VI3ClceTh7TYi2EOL3TEI4YBS6JM3A_dtUvYY5.jpg?quality=95&as=32x34,48x51,72x76,108x114,160x169,240x253,360x379,480x506,540x569,640x674,720x759,1080x1138,1280x1348,1440x1517,2430x2560&from=bu&cs=2430x0","SALE 4200₽ (оплата наличными)

Размер 42,46",False,,synagogue,True,False,,,,,,,,,,,,,,,
422260472,-7,-79968906,-79968906,1469193192,2016-07-22 15:13:12,58.008023,56.234755,58.00819896273859,56.23476395501453,19.57327448011636,"https://sun9-45.userapi.com/s/v1/if1/O3OsfOYJ-UsBUfTkkzQxqERjoJzyxbHrQMLludt8e4EnfCmj-Ew8-Hy9Qg_HekxvX0sDUNk6.jpg?quality=96&as=32x25,48x38,72x56,108x85,160x125,240x188,360x282,480x376,540x423,640x502,720x565,1080x847,1280x1004,1440x1129,2172x1703&from=bu&cs=2172x0",,False,162.0,synagogue,True,True,,,,,,,,,,,,,,,
456239647,-7,243251471,243251471,1558864513,2019-05-26 11:55:13,58.007744,56.235681,58.00819896273859,56.23476395501453,74.01297281835267,"https://sun9-68.userapi.com/s/v1/ig1/eXC78ouTTiAjFbwgiqVotT91Q0Wu8PPAV9C9iMGTihDFGZMbqO7FoZb5O6C9TfvhuP6Ph_1a.jpg?quality=96&as=32x43,48x64,72x96,108x144,160x213,240x320,360x480,480x640,540x720,640x853,720x960,864x1152&from=bu&cs=864x0",,False,,synagogue,True,False,,,,,,,,,,,,,,,
457257105,-7,-170690865,-170690865,1683467923,2023-05-07 15:58:43,58.007806,56.234399,58.00819896273859,56.23476395501453,48.698462152861765,"https://sun9-8.userapi.com/s/v1/ig2/WZ7Iq--v2CObRpXMpq48gIswXHPgM9vFj63axXycJ_mIQA7karYbmWqtnx4ZjdIu7EtieoNm-Cq8lB4eLJWaCp9C.jpg?quality=95&as=32x43,48x64,72x96,108x144,160x213,240x320,360x480,480x640,540x720,640x853,720x960,1080x1440,1280x1707,1398x1864&from=bu&cs=1398x0",,False,,synagogue,True,False,,,,,,,,,,,,,,,
457254430,-7,-170690865,-170690865,1668170998,2022-11-11 13:49:58,58.008002,56.23461,58.00819896273859,56.23476395501453,23.704925923656436,"https://sun9-50.userapi.com/s/v1/ig2/EI85ExOQXgaUaEVayTMj5wYg7d_nTa61TBX2AYDFZ6wvwk4VXm3hl7FQKbqTM-1Hl1hRPa3YJK-6LiutllxSxprD.jpg?quality=95&as=32x43,48x64,72x96,108x144,160x213,240x320,360x480,480x640,540x720,640x853,720x960,1080x1440,1280x1707,1344x1792&from=bu&cs=1344x0",,False,,synagogue,True,False,,,,,,,,,,,,,,,
457240355,-7,-194619161,-194619161,1652856688,2022-05-18 08:51:28,58.007771,56.234901,58.00819896273859,56.23476395501453,48.267285587856335,"https://sun9-75.userapi.com/s/v1/ig2/8dYntdKd0fo0-rVQAJ7MWwANxQejckDanXkPL_JHR-oDnHd8HFipeghWJs0XQkGPHuO0fEuKF0W5caKpj42NXwlU.jpg?quality=96&as=32x43,48x64,72x96,108x144,160x213,240x320,360x480,480x640,540x721,640x854,720x961,1080x1441,1280x1708,1388x1852&from=bu&cs=1388x0",,False,,synagogue,True,False,,,,,,,,,,,,,,,
457256966,-7,-170690865,-170690865,1682771555,2023-04-29 14:32:35,58.007722,56.234505,58.00819896273859,56.23476395501453,55.186284082187015,"https://sun9-85.userapi.com/s/v1/ig2/e5tjDRhPahKCP90MGx65mNWZ-hbkRP_o-8mYwZzonLfuhE2WjzKzTbehwWH30qyqMLd1wRZiitD0aIbiRBP-E_ZE.jpg?quality=95&as=32x43,48x64,72x96,108x144,160x213,240x320,360x480,480x640,540x720,640x853,720x960,1080x1440,1280x1707,1398x1864&from=bu&cs=1398x0",,False,,synagogue,True,False,,,,,,,,,,,,,,,
457253598,-7,-170690865,-170690865,1663241229,2022-09-15 13:27:09,58.007806,56.234399,58.00819896273859,56.23476395501453,48.698462152861765,"https://sun9-63.userapi.com/s/v1/ig2/I2q9U3ToKBYzKaxePZVZNbHtLM9rc-rSi2Us3AW1Jph7BkysfVJUim-b4wFaJi7TCo1apzCxtLgkFwFRCaaEl7OI.jpg?quality=95&as=32x43,48x64,72x96,108x144,160x213,240x320,360x480,480x640,540x720,640x853,720x960,1080x1440,1280x1707,1344x1792&from=bu&cs=1344x0",,False,,synagogue,True,False,,,,,,,,,,,,,,,
456239214,-7,-67125411,-67125411,1491378675,2017-04-05 09:51:15,58.007888,56.254699,58.00763133477656,56.255145877976155,38.82778927510514,"https://sun9-21.userapi.com/s/v1/ig1/XmlBorLxoDHv2DyvFr9BbIz4GenckapIKg6YHnKZR3iMUZxlycuBizSth0GNlW6K5HdptrJ2.jpg?quality=96&as=32x43,48x64,72x96,108x144,160x213,240x320,360x480,480x640,540x720,640x853,720x960,1080x1440,1280x1707,1440x1920,1620x2160&from=bu&cs=1620x0",,False,,or avner habad community center,True,True,,,,,,,,,,,,,,,
457256501,-7,-170690865,-170690865,1680699424,2023-04-05 14:57:04,58.007708,56.234293,58.00819896273859,56.23476395501453,61.23812560383689,"https://sun9-32.userapi.com/s/v1/ig2/Kxe1O4b8_19MHpovf6bemuiMB8xMfTsJcORoHLiKaWfSTdsC2Qv3YZkXMBmASKOz0Ps8PPxlmCiImDgLy5ykabra.jpg?quality=95&as=32x43,48x64,72x96,108x144,160x214,240x320,360x481,480x641,540x721,640x855,720x961,1080x1442,1280x1709,1342x1792&from=bu&cs=1342x0",,False,,synagogue,True,False,,,,,,,,,,,,,,,
457245303,-7,7697009,7697009,1654869900,2022-06-10 16:05:00,58.007315,56.255995,58.00763133477656,56.255145877976155,61.15242598481541,"https://sun9-47.userapi.com/s/v1/ig2/G5rROPcyIq-0JZQf0F0DrE1GwhESfCLtO6wuK7_FkPYi9jbxI7cA1iESBNyx81VZxMH11DBPS-Sei1J1y4sc7KN8.jpg?quality=95&as=32x43,48x64,72x96,108x144,160x213,240x320,360x480,480x640,540x720,640x853,720x960,1080x1440,1200x1600&from=bu&cs=1200x0",,False,,or avner habad community center,True,False,,,,,,,,,,,,,,,
456239164,-7,-151869011,-151869011,1515266376,2018-01-06 20:19:36,58.008408,56.234384,58.00819896273859,56.23476395501453,32.26910039354387,"https://sun9-7.userapi.com/s/v1/if1/6QSMJLtfBbyzfqV9j1K5T0ZQbCqiSOITe6q2VzspHAc7vEovUeedB0EtB4oYlwuJAoKSlJvl.jpg?quality=96&as=32x24,48x36,72x54,108x81,160x120,240x180,360x270,480x360,540x405,640x480,720x540,1080x810,1280x960,1440x1080,2160x1620&from=bu&cs=2160x0","Кто откуда? Все с России, но с разных ГОРОДОВ. #отмечаемнакарте #markonthemap #myword",False,142.0,synagogue,True,False,,,,,,,,,,,,,,,
456240004,-7,-224628741,-224628741,1714061756,2024-04-25 18:15:56,58.007695,56.2358,58.00819896273859,56.23476395501453,82.8583389920959,"https://sun9-79.userapi.com/s/v1/ig2/wyG22_FV5ttQLOx5hk1xScry8UNscOl8-h9kkntgtqQgiCLh7TINxsaLK6bHNo_oIYmj-lr0IoWFK6b-HsMxUOIi.jpg?quality=95&as=32x43,48x64,72x96,108x144,160x213,240x320,360x480,480x640,540x720,640x853,720x960,1080x1440,1280x1707,1440x1920,1920x2560&from=bu&cs=1920x0",,False,,synagogue,True,False,,,,,,,,,,,,,,,
457257033,-7,-170690865,-170690865,1683030733,2023-05-02 14:32:13,58.007897,56.234398,58.00819896273859,56.23476395501453,39.902113118787824,"https://sun9-61.userapi.com/s/v1/ig2/wOKkWQTT5s0f7S32nGdJyKiqskbWuhm_iONYStRrZV7BlBprE8lx3_e3Jrt6VMVPrqqS8IDm08OJ_cHijV4WGywE.jpg?quality=95&as=32x43,48x64,72x96,108x144,160x213,240x320,360x480,480x640,540x720,640x853,720x960,1080x1440,1280x1707,1398x1864&from=bu&cs=1398x0",,False,,synagogue,True,False,,,,,,,,,,,,,,,
457250975,263850521,-96300629,470237352,1682492299,2023-04-26 08:58:19,58.007006,56.255123,58.00763133477656,56.255145877976155,69.54711567501528,"https://sun9-19.userapi.com/s/v1/ig2/IRKfKypr9n2P4efxP5x5rj1k6Mztlr2_uz_P-9XSs_1berjdReoKGt3EdUP2XXO6jIgq9vK7oTEQthMiQC_pR9mu.jpg?quality=95&as=32x43,48x64,72x96,108x144,160x213,240x320,360x480,480x640,540x720,640x853,720x960,1080x1440,1280x1707,1440x1920,1920x2560&from=bu&cs=1920x0","Шикарный наряд получила девочка. Очень ей идёт, маленькая модница) Спасибо большое!",False,,or avner habad community center,True,False,,,,,,,,,,,,,,,
456246451,-7,-40805870,-40805870,1527096012,2018-05-23 19:20:12,58.007321,56.255413,58.00763133477656,56.255145877976155,37.9265320582487,"https://sun9-48.userapi.com/s/v1/if1/I9I8Q0mThYVResefy06v6sWKOw-R3M70E-ltLqg6KeiCE50VU7GgDsQ8rgst9vnvD40qEO8d.jpg?quality=96&as=32x24,48x36,72x54,108x81,160x120,240x180,360x270,480x360,540x405,640x480,720x540,1080x810,1280x960,1440x1080,2560x1920&from=bu&cs=2560x0",,False,,or avner habad community center,True,False,,,,,,,,,,,,,,,
457256224,-7,-170690865,-170690865,1678978328,2023-03-16 15:52:08,58.007694,56.234597,58.00819896273859,56.23476395501453,57.00421853451046,"https://sun9-46.userapi.com/s/v1/ig2/z-sNbrnlE0HkUEjCb40sVotEiD0TyCM6Ey8Wewg1a6Fd7NN6HGbRqy99OtScfsI26SLLUm7287o5bnD48gWwVq6o.jpg?quality=95&as=32x43,48x64,72x96,108x144,160x214,240x320,360x481,480x641,540x721,640x855,720x961,1080x1442,1280x1709,1342x1792&from=bu&cs=1342x0",,False,,synagogue,True,False,,,,,,,,,,,,,,,
457256432,-7,-170690865,-170690865,1680100819,2023-03-29 16:40:19,58.007722,56.234505,58.00819896273859,56.23476395501453,55.186284082187015,"https://sun9-42.userapi.com/s/v1/ig2/HPE7MbzOp4hhthD7G6k1c3MICN3Uf2ibyLZ4mRmX7zKKy44pOm3DjwizsrD0s1YY2wCb4vuNIh6Wcan8_AmqSQax.jpg?quality=95&as=32x43,48x64,72x96,108x144,160x214,240x320,360x481,480x641,540x721,640x855,720x961,1080x1442,1280x1709,1342x1792&from=bu&cs=1342x0",,False,,synagogue,True,False,,,,,,,,,,,,,,,
457239059,-7,-189270316,-189270316,1578203798,2020-01-05 06:56:38,58.007511,56.23391,58.00819896273859,56.23476395501453,91.55764581367976,"https://sun9-44.userapi.com/s/v1/ig1/3FgGiPbie7e91CrUqSCzVKJSuHiMIWS9TiJTJ5wP42ksDikGoSeTnhnZU7aqfj8WgAwuSH_d.jpg?quality=96&as=32x32,48x48,72x72,108x108,160x160,240x240,360x360,480x480,540x540,640x640,720x720,1032x1032&from=bu&cs=1032x0",,False,23.0,synagogue,True,False,,,,,,,,,,,,,,,
456239256,-7,-75252175,-75252175,1483685463,2017-01-06 07:51:03,58.007996,56.23605,58.00819896273859,56.23476395501453,79.05216913219736,"https://sun9-77.userapi.com/s/v1/ig1/bcvmZ-5yd3SaaqOhKOzkNr-Pbc9aQVpD31M32kW5U9FoBAb0hJAa6H0lvcHXlIuRm4JTPI07.jpg?quality=96&as=32x32,48x48,72x72,108x108,160x160,240x240,360x360,480x480,540x540,640x640,720x720,960x960&from=bu&cs=960x0",,False,,synagogue,True,False,,,,,,,,,,,,,,,
457256993,303381976,193585525,193585525,1725730654,2024-09-07 19:37:34,58.008198,56.234992,58.00819896273859,56.23476395501453,13.434748137224169,"https://sun9-24.userapi.com/s/v1/ig2/AZe0T07Da5DFVlcOfMLROYc0Hfs2CnuLb-A1sF-bsJr6jwEUBzepGTXN_sbaK6ExEONXzhX3MgvmG3YaLgDq_yEC.jpg?quality=95&as=32x69,48x104,72x156,108x234,160x347,240x521,360x781,480x1041,540x1172,640x1388,720x1562,1080x2343,1180x2560&from=bu&cs=1180x0",,False,,synagogue,True,False,,,,,,,,,,,,,,,
456243597,-7,261660768,261660768,1527254127,2018-05-25 15:15:27,58.008052,56.235521,58.00819896273859,56.23476395501453,47.49787999700408,"https://sun9-5.userapi.com/s/v1/ig1/Pv-kY8qrnes6cXN9WI7gapYwnb0kwDpnD8qc2P0F-pD-DB2PZVakuW9-zqcYBAq936HicRqj.jpg?quality=96&as=32x40,48x60,72x90,108x135,160x200,240x300,360x450,480x600,540x675,640x800,720x900,768x960&from=bu&cs=768x0",,False,,synagogue,True,False,,,,,,,,,,,,,,,
369570392,152318885,28689330,28689330,1433590536,2015-06-06 13:35:36,58.007841,56.234412,58.00819896273859,56.23476395501453,44.88018947431314,"https://sun9-40.userapi.com/s/v1/ig1/yTB_4VtEagBPdkq9UT35GzTa0_ZrqexQlflHTe4HnH87ZPlFQMVr44EdruRXpcmC8m8-WI2L.jpg?quality=96&as=32x43,48x64,72x96,108x144,160x213,240x320,360x480,480x640,540x720,640x853,720x960,768x1024&from=bu&cs=768x0",,False,,synagogue,True,False,,,,,,,,,,,,,,,
340992791,-7,108518319,108518319,1413103424,2014-10-12 10:43:44,58.007755,56.25458,58.00763133477656,56.255145877976155,36.06150165431568,"https://sun9-80.userapi.com/s/v1/ig2/tv-NAMr7OinP08kA7Xtwb_ltxlGLgDt-BR_hZPJ0nID0VVNRxfT4QqrgmP1niy8LFIHQ-NtmRxv35AuVrGdXVaJg.jpg?quality=96&as=32x57,48x85,72x128,108x192,160x285,240x427,360x641,480x855,540x962,640x1140,720x1282,1080x1923,1150x2048&from=bu&cs=1150x0",офис,False,,or avner habad community center,True,True,,,,,,,,,,,,,,,
456241194,-7,-224628741,-224628741,1725033501,2024-08-30 17:58:21,58.007695,56.2358,58.00819896273859,56.23476395501453,82.8583389920959,"https://sun9-10.userapi.com/s/v1/ig2/8AHCV02TRop0UKPKUIyD7MQT1eX4kpy399LXRdxiaOjXum0iPMdK4Ckphqm3sEaZTSnebadkug-xiwdYv19dTXIM.jpg?quality=95&as=32x37,48x55,72x82,108x123,160x183,240x274,360x411,480x548,540x616,640x730,720x821,1080x1232,1280x1460,1440x1643,1660x1894&from=bu&cs=1660x0",,False,605.0,synagogue,True,False,,,,,,,,,,,,,,,
456239124,-7,-166810589,-166810589,1540821387,2018-10-29 14:56:27,58.007517,56.255281,58.00763133477656,56.255145877976155,14.9999321993905,"https://sun9-12.userapi.com/s/v1/if1/ScGFgtXpUyYtlYkDHfn1gOuKuPZRC2Hqb1aGqnl9gObsVhJseGWgwqrx7cFa-hBZbJ8CCtHr.jpg?quality=96&as=32x24,48x36,72x54,108x81,160x120,240x180,360x270,480x360,540x405,640x480,720x540,1080x810,1280x960,1440x1080,2560x1920&from=bu&cs=2560x0",,False,,or avner habad community center,True,True,,,,,,,,,,,,,,,
431237482,-7,261660768,261660768,1473612700,2016-09-11 18:51:40,58.007982,56.235839,58.00819896273859,56.23476395501453,67.77141446615977,"https://sun9-75.userapi.com/s/v1/ig1/2iWXeMtOpkZOcUi3Kl6IahXaSHibFvmHkcYvhjGevFBZIHtaM7R1hsWdCrDa9NYJU8H-rg.jpg?quality=96&as=32x40,48x60,72x90,108x135,160x200,240x300,360x450,480x600,540x675,640x800,720x900,768x960&from=bu&cs=768x0",,False,,synagogue,True,False,,,,,,,,,,,,,,,
456242220,-7,261660768,261660768,1510988950,2017-11-18 08:09:10,58.007779,56.235866,58.00819896273859,56.23476395501453,79.97277291690101,"https://sun9-14.userapi.com/s/v1/ig1/bZjvzoy7BnP6XFKxykgEnNZ_JJh_uq26uA82vH4ThOlmEouKnJm4duL2bnBR6qvuq3G-1iMk.jpg?quality=96&as=32x40,48x60,72x90,108x135,160x200,240x300,360x449,480x599,540x674,640x799,720x899,769x960&from=bu&cs=769x0",,False,,synagogue,True,False,,,,,,,,,,,,,,,
457242978,-7,-194619161,-194619161,1684842126,2023-05-23 13:42:06,58.007904,56.23502,58.00819896273859,56.23476395501453,36.10063813444753,"https://sun9-83.userapi.com/s/v1/ig2/n78Qt0ph4OYxpyYgJf0ut3j_VFrBbAkfgmNk8J04qfm8hSlipqKnLXHac2E4vj0uabpv1MdecDpHx721hbAYt-BI.jpg?quality=95&as=32x43,48x64,72x96,108x144,160x213,240x320,360x480,480x640,540x720,640x853,720x960,1080x1440,1280x1707,1440x1920,1920x2560&from=bu&cs=1920x0",,False,,synagogue,True,False,,,,,,,,,,,,,,,
456239754,-7,261660768,261660768,1485962575,2017-02-01 16:22:55,58.007723,56.235879,58.00819896273859,56.23476395501453,84.35650183368344,"https://sun9-25.userapi.com/s/v1/ig1/tS2Cl5imAa8K2r2DkmpY7TBThrlmppE_BRAhGP9pcGCxC1VdrR2rKxyNVfCcwU47cjycEG8W.jpg?quality=96&as=32x43,48x64,72x96,108x144,160x213,240x320,360x480,480x640,540x720,640x853,720x960&from=bu&cs=720x0",,False,,synagogue,True,False,,,,,,,,,,,,,,,
457251829,-7,-170690865,-170690865,1655453102,2022-06-17 10:05:02,58.007806,56.234399,58.00819896273859,56.23476395501453,48.698462152861765,"https://sun9-70.userapi.com/s/v1/ig2/Lot6H3fcTBoeQeJRkffbkwqjWdq2zoW8443EnIgzsLdm34PQN-Uz4vZS6mEsx6O0JMZTCQ97-wHyUm9gvSxAOC3e.jpg?quality=95&as=32x43,48x64,72x96,108x144,160x214,240x320,360x481,480x641,540x721,640x855,720x961,1080x1442,1280x1709,1342x1792&from=bu&cs=1342x0",,False,,synagogue,True,False,,,,,,,,,,,,,,,
457257498,-7,-170690865,-170690865,1686057733,2023-06-06 15:22:13,58.007617,56.234293,58.00819896273859,56.23476395501453,70.40819997247725,"https://sun9-44.userapi.com/s/v1/ig2/SGl36bUCJ1Jkf3EUchCA0k2AWoDxd5t1wfpgn2PcOwopwh7agKrJpTNr_fa6W5QQUYbMeG0bRjBkoKQ99Z2QxpzN.jpg?quality=95&as=32x43,48x64,72x96,108x144,160x213,240x320,360x480,480x640,540x720,640x853,720x960,1080x1440,1280x1707,1398x1864&from=bu&cs=1398x0",,False,,synagogue,True,False,,,,,,,,,,,,,,,
456240804,-7,-224628741,-224628741,1722168044,2024-07-28 14:00:44,58.007695,56.2358,58.00819896273859,56.23476395501453,82.8583389920959,"https://sun9-78.userapi.com/s/v1/ig2/r8X3wxp3UhFeW6IDNySy1yRGPoTbhZqHRaNsCIgaVmHC7y4fnqJffgl9oCp6t1MBC-khpEL0cvzpaW9n9CNzYoRo.jpg?quality=95&as=32x43,48x64,72x96,108x144,160x213,240x320,360x480,480x640,540x720,640x853,720x960,1080x1440,1280x1707,1440x1920,1920x2560&from=bu&cs=1920x0",,False,,synagogue,True,False,,,,,,,,,,,,,,,
457242740,-7,-194619161,-194619161,1680007834,2023-03-28 14:50:34,58.007806,56.234914,58.00819896273859,56.23476395501453,44.580569031556806,"https://sun9-12.userapi.com/s/v1/ig2/ZE10GmR1LCMZbIS4D32hMLxwUFzG_f6N59lSQK2saXUwXyiJjnjCIUCHVOYRvpvQfTzFKAH1kFnPy6hhC7jw8-aX.jpg?quality=95&as=32x43,48x64,72x96,108x144,160x213,240x320,360x480,480x640,540x720,640x853,720x960,1080x1440,1280x1707,1440x1920,1920x2560&from=bu&cs=1920x0",,False,,synagogue,True,False,,,,,,,,,,,,,,,
457240381,-7,49452630,49452630,1570851017,2019-10-12 05:30:17,58.00794,56.235376,58.00819896273859,56.23476395501453,46.14349723185105,"https://sun9-80.userapi.com/s/v1/ig1/FKw8M3-Z9of5jhtkYXrW2MXQRUOatfCRkzX1IV8r0tenajXOX393gL_YSGIOfOm06BsElCG5.jpg?quality=96&as=32x43,48x64,72x96,108x144,160x213,240x320,360x480,480x640,540x720,640x853,720x960,960x1280&from=bu&cs=960x0",,False,1967.0,synagogue,True,False,,,,,,,,,,,,,,,
457256855,-7,-170690865,-170690865,1682251727,2023-04-23 14:08:47,58.007708,56.234293,58.00819896273859,56.23476395501453,61.23812560383689,"https://sun9-86.userapi.com/s/v1/ig2/MOM3pVYX-wABVcba1CFkFD8pzWEf8uuw4bbYhGRgPIWKYiR3TJjlQgJDXkbNpxIV4YNQJBFpP5D3RfP6Y-5GyOqa.jpg?quality=95&as=32x57,48x85,72x128,108x192,160x284,240x427,360x640,480x853,540x960,640x1138,720x1280,1008x1792&from=bu&cs=1008x0",,False,,synagogue,True,False,,,,,,,,,,,,,,,
456239830,-7,-224628741,-224628741,1713706257,2024-04-21 15:30:57,58.007723,56.235707,58.00819896273859,56.23476395501453,76.72991767250984,"https://sun9-39.userapi.com/s/v1/ig2/PoQO0Dtp83qAc-3PSBLabVp6VYmPZpWc5g_riyDFjEVrEdvM97BrbdlLh4KmiMhgdou1YiBcoonwFM3oCJ4f746v.jpg?quality=95&as=32x43,48x64,72x96,108x144,160x213,240x320,360x480,480x640,540x720,640x853,720x960,1080x1440,1280x1707,1440x1920,1920x2560&from=bu&cs=1920x0",,False,,synagogue,True,False,,,,,,,,,,,,,,,
431446215,-7,372868736,372868736,1474637331,2016-09-23 15:28:51,58.007856,56.23531,58.00819896273859,56.23476395501453,49.891091144939615,"https://sun9-5.userapi.com/s/v1/ig1/hh4Wz310DgW93w0BaZB3K7x-aU39_RRuai0lBDc3oq3Miwjq9fGjs_6rXqQZuBe8EaCw0GYr.jpg?quality=96&as=32x43,48x64,72x96,108x144,160x214,240x320,360x481,480x641,540x721,640x855,719x960&from=bu&cs=719x0",,False,,synagogue,True,False,,,,,,,,,,,,,,,
456239131,-7,65630065,65630065,1518613546,2018-02-14 14:05:46,58.007694,56.234597,58.00819896273859,56.23476395501453,57.00421853451046,"https://sun9-57.userapi.com/s/v1/if1/oAq6ypB6Nml7ToSMipmkHLTY4TsNUOLv2bht-YPB906fQC6So5HtQD57zUA2AB50hTcXSAGZ.jpg?quality=96&as=32x18,48x27,72x40,108x61,160x90,240x135,360x202,480x270,540x304,640x360,720x405,1080x607,1280x720&from=bu&cs=1280x0",,False,,synagogue,True,False,,,,,,,,,,,,,,,
456240307,-7,261660768,261660768,1491064916,2017-04-01 18:41:56,58.007842,56.235614,58.00819896273859,56.23476395501453,63.899980326269336,"https://sun9-53.userapi.com/s/v1/ig1/o4l9VCAnZgLF_WxYCoM3wQRA2yTQy83zZGOAA4qTOdtVy_LeAav-D_OQldKWw3H9YRm3Bsol.jpg?quality=96&as=32x32,48x48,72x72,108x108,160x160,240x240,360x360,480x480,540x540,640x640,720x720,960x960&from=bu&cs=960x0",,False,,synagogue,True,False,,,,,,,,,,,,,,,
457288067,-7,14340157,14340157,1658418890,2022-07-21 17:54:50,58.008107,56.234993,58.00819896273859,56.23476395501453,16.930285459496016,"https://sun9-8.userapi.com/s/v1/ig2/by-GXXFXM1eql4rQQE17TobguriSMUG4h6BAp7uRknvS0APP8LDKjXPdGGnyJLLnqG5UdAOn0ZoMMrR6TKGEs-hD.jpg?quality=95&as=32x43,48x64,72x96,108x144,160x213,240x320,360x480,480x640,540x720,640x853,720x960,1080x1440,1200x1600&from=bu&cs=1200x0",,False,,synagogue,True,False,,,,,,,,,,,,,,,
457254691,-7,-170690865,-170690865,1669376531,2022-11-25 12:42:11,58.007995,56.234504,58.00819896273859,56.23476395501453,27.36586051718784,"https://sun9-50.userapi.com/s/v1/ig2/vyzwPsyv_DBuXs87mEgQ8748Ikd8XqKCVDb6LKzEval_imrBIcQLqBgBrvXE5_15EhHELyxL_kY9J1wqa95fO78o.jpg?quality=95&as=32x43,48x64,72x96,108x144,160x213,240x320,360x480,480x640,540x720,640x853,720x960,1080x1440,1280x1707,1344x1792&from=bu&cs=1344x0",,False,,synagogue,True,False,,,,,,,,,,,,,,,
457255898,-7,158614612,158614612,1621839913,2021-05-24 09:05:13,58.007799,56.234465,58.00819896273859,56.23476395501453,47.83405104017318,"https://sun9-38.userapi.com/s/v1/ig2/tMnbPT-apX4ZnohMcRftibdh9ytKbz45nIi7OlD__jjOo8AqIQqdKSDfGE8zMSfWtxlJ3b5msoDWuHDmLBZbbpAE.jpg?quality=96&as=32x43,48x64,72x96,108x144,160x213,240x320,360x480,480x640,540x720,640x853,720x960,1080x1440,1218x1624&from=bu&cs=1218x0",,False,,synagogue,True,False,,,,,,,,,,,,,,,
457309262,-7,360619746,360619746,1568036243,2019-09-09 15:37:23,58.007645,56.234029,58.00819896273859,56.23476395501453,75.29235009956211,"https://sun9-82.userapi.com/s/v1/if1/J4kkwIm63qWBVT8WyRnL_THdoKwJFgj-2IqN5pEc-Ek9NjlPgb0J5gEqj3ZKA34JMKSBQ4aP.jpg?quality=96&as=32x24,48x36,72x54,108x81,160x120,240x180,360x270,480x360,540x405,640x480&from=bu&cs=640x0",,False,264590.0,synagogue,True,False,,,,,,,,,,,,,,,
457242289,-7,-76634753,-76634753,1634806603,2021-10-21 10:56:43,58.00758,56.255373,58.00763133477656,56.255145877976155,14.54689443357465,"https://sun9-31.userapi.com/s/v1/ig2/otYi1e-7nfHVxgoMl3yn3XTJm2d1Gsa08FE2o_AcJuCS9Y-KYVaZI78xCyX1aILI7gJ3dP5nqUROueYKDLHq-sVd.jpg?quality=96&as=32x43,48x64,72x96,108x144,160x213,240x320,360x480,480x640,540x721,640x854,720x961,1080x1441,1280x1708,1388x1852&from=bu&cs=1388x0",,False,,or avner habad community center,True,True,,,,,,,,,,,,,,,
457257351,-7,-170690865,-170690865,1685027905,2023-05-25 17:18:25,58.007715,56.234399,58.00819896273859,56.23476395501453,57.95011791683787,"https://sun9-69.userapi.com/s/v1/ig2/Uaiqd_l5x4PZegTyuiuTNr4aWnp_zlYDSIOmw7sdR_zdAIAe4NhRqsfWVEdBCuIjsfXgMu61sVYVPm7DeUipdl7s.jpg?quality=95&as=32x43,48x64,72x96,108x144,160x213,240x320,360x480,480x640,540x720,640x853,720x960,1080x1440,1280x1707,1398x1864&from=bu&cs=1398x0",,False,,synagogue,True,False,,,,,,,,,,,,,,,
457255578,-7,-170690865,-170690865,1675343416,2023-02-02 14:10:16,58.007806,56.234399,58.00819896273859,56.23476395501453,48.698462152861765,"https://sun9-57.userapi.com/s/v1/ig2/TRByoMf2uIGRlwEKlpIs9knv3JCx8CUrpcKEbetR76GBvCaDODOQaLIJjjcRwAYJMriFSf6KTZGCcy1re5JCfZ8K.jpg?quality=95&as=32x43,48x64,72x96,108x144,160x213,240x320,360x480,480x640,540x720,640x853,720x960,1080x1440,1280x1707,1344x1792&from=bu&cs=1344x0",,False,,synagogue,True,False,,,,,,,,,,,,,,,
457244467,-7,-46008634,-46008634,1687238481,2023-06-20 07:21:21,58.008205,56.234926,58.00819896273859,56.23476395501453,9.56978033944169,"https://sun9-9.userapi.com/s/v1/ig2/8OVCVNUNLU0va0I4wDTwRxV80IVPshXRGcqn8o5iBGPza-bPd5GlwqYHwafW_gzAuWVXWGtB9eZOgFSiV1onGqxm.jpg?quality=95&as=32x43,48x64,72x96,108x144,160x213,240x320,360x479,480x639,540x719,640x852,720x959,1080x1438,1280x1705,1440x1918,1922x2560&from=bu&cs=1922x0",,False,,synagogue,True,False,,,,,,,,,,,,,,,
457254846,-7,-170690865,-170690865,1670413214,2022-12-07 12:40:14,58.007897,56.234398,58.00819896273859,56.23476395501453,39.902113118787824,"https://sun9-46.userapi.com/s/v1/ig2/gOh4wAFiY7ORf93KKbE5LN6jSf-rWIUpchr7YPtJeh7Q_eqi8apt9GCN4_7Gdr7JTJySvdoc0DC4lkjhrNw4MrQW.jpg?quality=95&as=32x43,48x64,72x96,108x144,160x213,240x320,360x480,480x640,540x720,640x853,720x960,1080x1440,1280x1707,1344x1792&from=bu&cs=1344x0",,False,,synagogue,True,False,,,,,,,,,,,,,,,
456239062,-7,-58954545,-58954545,1484205101,2017-01-12 08:11:41,58.00782,56.234438,58.00819896273859,56.23476395501453,46.30771521577833,"https://sun9-29.userapi.com/s/v1/ig1/hBzCclDQhrxYgbUVpH5tTaZA4nrXUxeuYqhRPrKGlzt9XIKikvb69l8I0rfivNLrGBbWlQqo.jpg?quality=96&as=32x42,48x62,72x93,108x140,160x208,240x311,360x467,480x623,540x701,640x830,720x934,740x960&from=bu&cs=740x0",,False,,synagogue,True,False,,,,,,,,,,,,,,,
456239915,-7,-67125411,-67125411,1542097542,2018-11-13 09:25:42,58.007798,56.255558,58.00763133477656,56.255145877976155,30.54351725739948,"https://sun9-9.userapi.com/s/v1/if1/MrNjBm9PA1eUu6-DA2C9f8ZY9eXR2fSZTEfXtwUhnjc1ZAlQLxhHYlJW5PYp3qqG0aMV2bN2.jpg?quality=96&as=32x24,48x36,72x54,108x81,160x120,240x180,360x270,480x360,540x405,640x480,720x540,1080x810,1280x960,1440x1080,2560x1920&from=bu&cs=2560x0","А вы сможете также красиво написать букву ""д""? А прочитать  слоги с нужной интонацией? А составить слова из геометрических фигур? То-то же!",False,,or avner habad community center,True,False,,,,,,,,,,,,,,,
457250796,-7,261660768,261660768,1597983570,2020-08-21 06:19:30,58.007996,56.23605,58.00819896273859,56.23476395501453,79.05216913219736,"https://sun9-74.userapi.com/s/v1/ig2/JJyy5uxqvbCpUJ139AfQ_T4Xndpjmv6hogzvvQvgmXhFqwMsNC9t63tEyt1p585DieVSouczYiy8iBMaesaHRJdN.jpg?quality=96&as=32x43,48x64,72x96,108x144,160x214,240x320,360x481,480x641,540x721,640x855,720x961,1080x1442,1280x1709,1342x1792&from=bu&cs=1342x0",,False,,synagogue,True,False,,,,,,,,,,,,,,,
457242036,-7,-76634753,-76634753,1622705347,2021-06-03 09:29:07,58.007685,56.255413,58.00763133477656,56.255145877976155,16.830029584012593,"https://sun9-29.userapi.com/s/v1/ig2/Wv7RDsdRTyURTaAUKEQ-0Ew-aqHozdijqDgT3L2xbmfbj5ZdVu8ltCJ5kOLg32S82Xk4ndWLua8wSXEFgp2XwhFw.jpg?quality=96&as=32x43,48x64,72x96,108x144,160x214,240x320,360x481,480x641,540x721,640x855,720x961,1080x1442,1280x1709,1342x1792&from=bu&cs=1342x0",,False,,or avner habad community center,True,False,,,,,,,,,,,,,,,
457321131,301537621,-43730800,-43730800,1752825680,2025-07-18 10:01:20,58.0078,56.236011,58.00819896273859,56.23476395501453,85.8203422920039,"https://sun9-78.userapi.com/s/v1/ig2/FSUzYMesluwcQh0EodvftNJMTo0_jMcaH-NLhUcNWTAyOpGHT3_7ljNvRjlKylqNEXrB7wGPAcYzaOLbtgcT-MXP.jpg?quality=95&as=32x46,48x69,72x103,108x155,160x229,240x344,360x516,480x688,540x774,640x917,720x1032,1080x1548,1280x1835,1440x2064,1786x2560&from=bu&cs=1786x0",Продано,False,,synagogue,True,False,,,,,,,,,,,,,,,
457257557,-7,-170690865,-170690865,1686239211,2023-06-08 17:46:51,58.007722,56.234505,58.00819896273859,56.23476395501453,55.186284082187015,"https://sun9-3.userapi.com/s/v1/ig2/4O0lEiegMyI4Qh2aDrNBDiWRsO-G4i1xxoVenhdz1JKQxTAL3ozyIBUTEeM8ZtzhAWOJWU8TiokX9DOgwlzhwqBd.jpg?quality=95&as=32x43,48x64,72x96,108x144,160x213,240x320,360x480,480x640,540x720,640x853,720x960,1080x1440,1280x1707,1398x1864&from=bu&cs=1398x0",,False,,synagogue,True,False,,,,,,,,,,,,,,,
457256989,-7,-170690865,-170690865,1682952125,2023-05-01 16:42:05,58.007715,56.234399,58.00819896273859,56.23476395501453,57.95011791683787,"https://sun9-34.userapi.com/s/v1/ig2/KelXbsUxQgIYolj6jX0eCJTGYarWimqZkGZOdtohsL7xdIM1_K7LTWEVfD4hmmqy4wGxKTXXaS-NfOyr74X1D1-x.jpg?quality=95&as=32x43,48x64,72x96,108x144,160x213,240x320,360x480,480x640,540x720,640x853,720x960,1080x1440,1280x1707,1398x1864&from=bu&cs=1398x0",,False,,synagogue,True,False,,,,,,,,,,,,,,,
456239398,-7,-124299091,-124299091,1549861950,2019-02-11 06:12:30,58.007785,56.234425,58.00819896273859,56.23476395501453,50.17512051177066,"https://sun9-52.userapi.com/s/v1/ig1/feN69T5ZLhIS4nD_--fmwEOYU4Q6jEynHwuApfBHg779Ie0LjXSOvR1VLkj-UatXFg6U33tH.jpg?quality=96&as=32x32,48x48,72x72,108x108,160x160,240x240,360x360,480x480,540x540,640x640,720x720,1080x1080,1280x1280,1440x1440,1500x1500&from=bu&cs=1500x0",,False,,synagogue,True,False,,,,,,,,,,,,,,,
456241658,-7,-98537863,-98537863,1548345451,2019-01-24 16:57:31,58.008072,56.234464,58.00819896273859,56.23476395501453,22.617653464539075,"https://sun9-62.userapi.com/s/v1/ig2/YwtQbAqoUVZYjnGtL-0FgAS-jWhaY9ekkKBt3naTAdb9F227BEeVI-GG6RmkkZhsMSVez7oNd4kvDS2apodH1DM4.jpg?quality=96&as=32x32,48x48,72x72,108x108,160x160,240x240,360x360,480x480,540x540,640x640,720x720,1080x1080,1230x1230&from=bu&cs=1230x0",,False,,synagogue,True,False,,,,,,,,,,,,,,,
457242182,-7,-69074087,-69074087,1572445633,2019-10-30 15:27:13,58.007778,56.234491,58.00819896273859,56.23476395501453,49.49388647682783,"https://sun9-30.userapi.com/s/v1/ig1/dAw82m7YVEjf0nSU75vL8sKEhiQcWfeAcC_Vn4OrpMkB1LyABZOqr0fqKpSoHaL9rfxd7tIm.jpg?quality=96&as=32x43,48x64,72x96,108x144,160x214,240x321,360x481,480x641,540x721,640x855,720x962,958x1280&from=bu&cs=958x0",,False,,synagogue,True,False,,,,,,,,,,,,,,,
457255048,-7,-170690865,-170690865,1671773947,2022-12-23 06:39:07,58.007715,56.234399,58.00819896273859,56.23476395501453,57.95011791683787,"https://sun9-53.userapi.com/s/v1/ig2/L-16Gid-35kkAVlvfazwTiDEWUr0uldlGzZJGk0eh1g4UAMZ8BQLJGnr3rpLZnt4tyiaHcjR3F4DdyTrjT4niwGs.jpg?quality=95&as=32x43,48x64,72x96,108x144,160x213,240x320,360x480,480x640,540x720,640x853,720x960,1080x1440,1280x1707,1344x1792&from=bu&cs=1344x0",,False,,synagogue,True,False,,,,,,,,,,,,,,,
457254657,-7,-170690865,-170690865,1669198178,2022-11-23 11:09:38,58.007897,56.234398,58.00819896273859,56.23476395501453,39.902113118787824,"https://sun9-3.userapi.com/s/v1/ig2/xEVQ6SJRlkK4fHFM0v30HiuzfIKoyhyP9dwqMiRuWIxXPHmakpkhnXo8Ns82QkOQ0OFmUaA1wGu_ooNEul3QLSYA.jpg?quality=95&as=32x43,48x64,72x96,108x144,160x213,240x320,360x480,480x640,540x720,640x853,720x960,1080x1440,1280x1707,1344x1792&from=bu&cs=1344x0",,False,,synagogue,True,False,,,,,,,,,,,,,,,
457253831,-7,-170690865,-170690865,1664613324,2022-10-01 10:35:24,58.007897,56.234398,58.00819896273859,56.23476395501453,39.902113118787824,"https://sun9-17.userapi.com/s/v1/ig2/eSm3pzD1Car2V34yVFHdLQqYA6AtI6F3FrWAecy2R-Ctj_iSkVoValDKq4uWWQdpaCDTnWLeWQCmS6_9qbh3n4Z5.jpg?quality=95&as=32x43,48x64,72x96,108x144,160x213,240x320,360x480,480x640,540x720,640x853,720x960,1080x1440,1280x1707,1344x1792&from=bu&cs=1344x0",,False,,synagogue,True,False,,,,,,,,,,,,,,,
457242191,-7,-69074087,-69074087,1572488777,2019-10-31 03:26:17,58.007778,56.234491,58.00819896273859,56.23476395501453,49.49388647682783,"https://sun9-4.userapi.com/s/v1/ig1/acrA4VfzSGsYMHfnR5_CORv3cOJMO8ovskcjP3zIb3HV_GBb-XruO63laPhrPlJf4VVPTwNy.jpg?quality=96&as=32x43,48x65,72x98,108x147,160x217,240x326,360x489,480x652,540x734,640x870,720x978,942x1280&from=bu&cs=942x0",,False,,synagogue,True,False,,,,,,,,,,,,,,,
