photo_id,album_id,owner_id,user_id,date,date_human,lat,long,poi_lat,poi_lon,distance_meters,image_url,text,has_tags,post_id,poi_name,inside_poi_area,inside_poi_building,photo_key
372168485,-7,9841575,9841575,1435915251,2015-07-03 11:20:51,58.00819,56.255465,58.00763133477656,56.255145877976155,64.90317640364077,"https://sun9-33.userapi.com/s/v1/if1/sTV9ay-6BosQuF8QJ6Ps_94kl405PsdvABTaIda0h2FHf2WAqNwLE1QFgmN0RVh7w2f-t4IJ.jpg?quality=96&as=32x24,48x36,72x54,108x81,160x120,240x180,360x270,480x360,540x405,640x480,720x540,960x720&from=bu&cs=960x0",,False,1070.0,or avner habad community center,True,False,9841575__372168485
359099224,-7,94785586,94785586,1428055976,2015-04-03 12:12:56,58.006986,56.25618,58.00763133477656,56.255145877976155,94.13159007230888,"https://sun9-37.userapi.com/s/v1/ig1/09p8AFpcS1h7E-5djZOtQYxOi2sI8HMmg269SIOA2jE-d2rb7KnjuaQFMngQSfiX2rYhNlYZ.jpg?quality=96&as=32x32,48x48,72x72,108x108,160x160,240x240,360x360,480x480,540x540,640x640,720x720,960x960&from=bu&cs=960x0",,False,,or avner habad community center,True,False,94785586__359099224
359099214,-7,94785586,94785586,1428055971,2015-04-03 12:12:51,58.006986,56.25618,58.00763133477656,56.255145877976155,94.13159007230888,"https://sun9-19.userapi.com/s/v1/ig1/Y6nZ-X_mxKn7_2fWkXSfdn16MNUyk1NbZ30gnuN9qIDTikw_nF89FGWl2YY1M52Vxj95I3FR.jpg?quality=96&as=32x32,48x48,72x72,108x108,160x160,240x240,360x360,480x480,540x540,640x640,720x720,960x960&from=bu&cs=960x0",,False,,or avner habad community center,True,False,94785586__359099214
336305307,-7,131821874,131821874,1407512654,2014-08-08 17:44:14,58.007014,56.25626,58.00763133477656,56.255145877976155,94.9741105252708,"https://sun9-58.userapi.com/s/v1/if2/Q2kHOfYzoWOVt7i7DKf6_67BBeBJ24aulfwDr3IM_ZUwDyYniPOog5cugw_4NxL07ClQTb1JlDz0hiZwBtD-MYtz.jpg?quality=96&as=32x24,48x36,72x54,108x81,160x120,240x180,360x270,480x360,540x405,640x480,720x540,1080x810,1280x960&from=bu&cs=1280x0",,False,,or avner habad community center,True,False,131821874__336305307
336305310,-7,131821874,131821874,1407512654,2014-08-08 17:44:14,58.006979,56.256246,58.00763133477656,56.255145877976155,97.27254541945284,"https://sun9-40.userapi.com/s/v1/ig2/sPM1N77CwJmi_30PqvSJfxFdIlNVZUpnTzSuwRA4WRdXtqGoktUUg4z0AucJ9diIPXD3VqQ0hC5qgEcyEVIrpDRN.jpg?quality=96&as=32x43,48x64,72x96,108x144,160x213,240x320,360x480,480x640,540x720,640x853,720x960,768x1024&from=bu&cs=768x0",,False,,or avner habad community center,True,False,131821874__336305310
336305309,-7,131821874,131821874,1407512654,2014-08-08 17:44:14,58.007014,56.25626,58.00763133477656,56.255145877976155,94.9741105252708,"https://sun9-80.userapi.com/s/v1/ig2/PXkfoejqxMURwNbNiBIuoWEHXdSYH9wQfI-vTc68BfC9uzAE33snFNvpUOb6oqG8cncaVsxP996oEfcoeXa2rkru.jpg?quality=96&as=32x43,48x64,72x96,108x144,160x213,240x320,360x480,480x640,540x720,640x853,720x960,768x1024&from=bu&cs=768x0",,False,,or avner habad community center,True,False,131821874__336305309
301620473,-7,-47185159,-47185159,1365756686,2013-04-12 10:51:26,58.006845,56.254753,58.00763133477656,56.255145877976155,90.44799528222724,"https://sun9-80.userapi.com/s/v1/if2/21WTYtVI8x3Hbg9jK8ui6WBJEh6PrjnW3SSvAuGhR6man-0QRndNOFt66dEN-rMs-ue6NPRIPp6m--2L8gq26U8u.jpg?quality=96&as=32x18,48x27,72x40,108x61,160x90,240x135,360x202,480x270,540x304,640x360,720x405,1080x607,1280x720&from=bu&cs=1280x0",,False,835.0,or avner habad community center,True,False,-47185159__301620473
456239757,-7,161911854,161911854,1518197112,2018-02-09 18:25:12,58.007021,56.256365,58.00763133477656,56.255145877976155,98.81348107275196,"https://sun9-14.userapi.com/s/v1/ig1/kCquMKZ2Uu5ehuXMuiL6_YQgXCpn5LxfOfMFuJcqK6BeYg2gD7OOfkSzlK3skPsdcNOQNFkH.jpg?quality=96&as=32x43,48x64,72x96,108x144,160x213,240x320,360x480,480x640,540x720,640x853,720x960&from=bu&cs=720x0",,False,,or avner habad community center,True,False,161911854__456239757
456245521,-7,-139031873,-139031873,1513939954,2017-12-22 11:52:34,58.007749,56.256536,58.00763133477656,56.255145877976155,82.9329913684683,"https://sun9-21.userapi.com/s/v1/ig1/O_OiK94Qak8RFCOBrgXNZ3tqZEAvo4VD13GqaPSrvMFj6eJyvV6QFxdd98Os8pzofcz0DgMr.jpg?quality=96&as=32x43,48x64,72x96,108x144,160x213,240x320,360x480,480x640,540x720,640x853,720x960&from=bu&cs=720x0",,False,,or avner habad community center,True,False,-139031873__456245521
456239993,-7,-95529855,-95529855,1512731734,2017-12-08 12:15:34,58.007,56.25622,58.00763133477656,56.255145877976155,94.5116004421848,"https://sun9-60.userapi.com/s/v1/if1/GXrT7vJSuiGmdQ4MyL3gNSgjvy0Dm-j9XI3MfCbaSmawteXSlXsfXPOu_uP_ipQZ8TyXYWKa.jpg?quality=96&as=32x24,48x36,72x54,108x81,160x120,240x180,360x270,480x360,540x405,640x480,720x540,1080x810,1280x960,1440x1080,2560x1920&from=bu&cs=2560x0",,False,2475.0,or avner habad community center,True,False,-95529855__456239993
456239284,-7,-145762608,-145762608,1503041347,2017-08-18 09:29:07,58.007034,56.254515,58.00763133477656,56.255145877976155,76.11202732272142,"https://sun9-45.userapi.com/s/v1/ig1/qliC3Q8yngw_2wWDtc6Y0nKT9jnjFvoMgER_TlFMWYy49RanoMBcziZrz1hk1I0Af2JLKES8.jpg?quality=96&as=32x38,48x56,72x84,108x127,160x188,240x282,360x422,480x563,540x634,640x751,720x845,818x960&from=bu&cs=818x0",,False,342.0,or avner habad community center,True,False,-145762608__456239284
456239147,-7,360281420,360281420,1501239618,2017-07-28 13:00:18,58.007007,56.256154,58.00763133477656,56.255145877976155,91.36080945742854,"https://sun9-79.userapi.com/s/v1/ig1/8KYOgR0VtqSVkeBbZDJFEyn8I95fJVnvs339m46-fKmi14enHGUgpzbGK_6GGiq8XAA8rqAF.jpg?quality=96&as=32x43,48x64,72x96,108x144,160x214,240x320,360x481,480x641,540x721,640x855,719x960&from=bu&cs=719x0",,False,,or avner habad community center,True,False,360281420__456239147
456239125,-7,270714830,270714830,1498802316,2017-06-30 07:58:36,58.007056,56.256378,58.00763133477656,56.255145877976155,96.75534012053622,"https://sun9-17.userapi.com/s/v1/ig1/nOC3RKzeg4tHeJFPxI-cLJ33Fr46d7aPaTwTQ1gj59AkrEd-a1MvDyxtZGBp_HXVj92tFJT2.jpg?quality=96&as=32x43,48x64,72x96,108x144,160x213,240x320,360x480,480x640,540x720,640x853,720x960&from=bu&cs=720x0",,False,,or avner habad community center,True,False,270714830__456239125
456239105,-7,164289855,164289855,1496996356,2017-06-09 10:19:16,58.007091,56.25622,58.00763133477656,56.255145877976155,87.25895752331921,"https://sun9-35.userapi.com/s/v1/if1/TWtyveCKlgysnPAmrliVSw6USnoBoOiPfN5tPnn3r4eWSuTBvlb4jqSYlboxluqmTVxDGyCi.jpg?quality=96&as=32x24,48x36,72x54,108x81,160x120,240x180,360x270,480x360,540x405,640x480,720x540,1080x810,1155x866&from=bu&cs=1155x0",,False,,or avner habad community center,True,False,164289855__456239105
456239103,-7,164289855,164289855,1496995379,2017-06-09 10:02:59,58.007091,56.25622,58.00763133477656,56.255145877976155,87.25895752331921,"https://sun9-21.userapi.com/s/v1/ig1/1HtZrsbRUL0dvtKaVY0vGytFFXFvEGgmm_qPmuVPWaHE3AoI3v9oEtyzNNdEplJW_ip7cC0D.jpg?quality=96&as=32x43,48x64,72x96,108x144,160x213,240x320,360x480,480x640,540x720,640x854,720x960,866x1155&from=bu&cs=866x0",,False,,or avner habad community center,True,False,164289855__456239103
456239178,-7,30860687,30860687,1485533419,2017-01-27 17:10:19,58.00707,56.256246,58.00763133477656,56.255145877976155,89.9798546581579,"https://sun9-31.userapi.com/s/v1/ig1/c0DkdeNC_YSHmNT_bKAxqlLaKcqyLBmeWiQkc1-Cd-tkdt_VmsuMht6cNJz04Gdsct9CB6fI.jpg?quality=96&as=32x32,48x48,72x72,108x108,160x160,240x240,360x360,480x480,540x540,640x640,720x720,960x960&from=bu&cs=960x0",,False,,or avner habad community center,True,False,30860687__456239178
438170400,-7,-121133864,-121133864,1477058150,2016-10-21 15:55:50,58.007042,56.256167,58.00763133477656,56.255145877976155,88.95579749920148,"https://sun9-43.userapi.com/s/v1/ig1/oM2XCFjeTm6Euq83dJbpqO1OiGU5aPwj3otDjg8Pi2x8oAZHDMW_GGWthU__8m3h1mZDtl06.jpg?quality=96&as=32x43,48x64,72x97,108x145,160x215,240x322,360x483,480x644,540x724,640x858,716x960&from=bu&cs=716x0",,False,,or avner habad community center,True,False,-121133864__438170400
438103773,-7,-114256551,-114256551,1477058120,2016-10-21 15:55:20,58.007042,56.256167,58.00763133477656,56.255145877976155,88.95579749920148,"https://sun9-43.userapi.com/s/v1/ig1/T_27xf2kXZgwJtayqZwKEfJ0I19FEBlqgYHokNoT2AGC532gG3rB9cBqD8LGcxqUG9hbBsl0.jpg?quality=96&as=32x43,48x64,72x97,108x145,160x215,240x322,360x483,480x644,540x724,640x858,716x960&from=bu&cs=716x0",,False,,or avner habad community center,True,False,-114256551__438103773
436922069,-7,-14753367,-14753367,1477058083,2016-10-21 15:54:43,58.007042,56.256167,58.00763133477656,56.255145877976155,88.95579749920148,"https://sun9-17.userapi.com/s/v1/ig1/ROxh_HW0rOC-oaj2FU7zmZ1YeVl3lPlfyRm8oSW5E_yghBMpWQ4Ib2moemr8q_FpXp3D0mJj.jpg?quality=96&as=32x43,48x64,72x97,108x145,160x215,240x322,360x483,480x644,540x724,640x858,716x960&from=bu&cs=716x0",,False,,or avner habad community center,True,False,-14753367__436922069
437501507,-7,-124019223,-124019223,1477058000,2016-10-21 15:53:20,58.007042,56.256167,58.00763133477656,56.255145877976155,88.95579749920148,"https://sun9-80.userapi.com/s/v1/ig1/TITu2gKCba_pTwFz_FRo5NDr0Nf7OO4v6Si2yxxJal2dVBdSTlvMIkbSmYT83Xtg8ugd_eCH.jpg?quality=96&as=32x43,48x64,72x97,108x145,160x215,240x322,360x483,480x644,540x724,640x858,716x960&from=bu&cs=716x0",,False,,or avner habad community center,True,False,-124019223__437501507
426439526,235375970,-58351133,-58351133,1470424202,2016-08-05 21:10:02,58.008239,56.255689,58.00763133477656,56.255145877976155,74.76197962539925,"https://sun9-82.userapi.com/s/v1/ig1/EeOdHg7Z3Mns2qWiscfz4xzeKykALU5g4ob875hcPy9oIE-Od5Shp2mc6Ec_AwWvuqEVIxX_.jpg?quality=96&as=32x43,48x64,72x96,108x144,160x214,240x320,360x481,480x641,540x721,640x855,719x960&from=bu&cs=719x0",,False,,or avner habad community center,True,False,-58351133__426439526
418460940,-6,346857297,346857297,1466184772,2016-06-17 19:32:52,58.006993,56.256286,58.00763133477656,56.255145877976155,97.7217273760142,"https://sun9-74.userapi.com/s/v1/if1/3goxaSYQ5nyXR-_cpw2pXVKBnnF1hQ0c7dijXhKXjuFdGpch1bjk2p0IM9b2b4-dO2tiag.jpg?quality=96&as=32x24,48x36,72x54,108x81,160x119,240x179,360x269,480x358,540x403,640x478,720x538,1080x806,1280x956,1440x1075,2048x1529&from=bu&cs=2048x0",,False,309.0,or avner habad community center,True,False,346857297__418460940
418460892,-7,346857297,346857297,1466184746,2016-06-17 19:32:26,58.006993,56.256286,58.00763133477656,56.255145877976155,97.7217273760142,"https://sun9-6.userapi.com/s/v1/if1/FQyi9tZus3HIhm-nttL8VT5DGCyj-a4qJGKJx-Gc9UbaevFde_psEPJnikyumG5b4BMMnQ.jpg?quality=96&as=32x24,48x36,72x54,108x81,160x119,240x179,360x268,480x358,540x403,640x477,720x537,960x716&from=bu&cs=960x0",,False,308.0,or avner habad community center,True,False,346857297__418460892
412061893,200711249,-75340719,136559321,1461353608,2016-04-22 21:33:28,58.007042,56.256167,58.00763133477656,56.255145877976155,88.95579749920148,"https://sun9-79.userapi.com/s/v1/ig1/GlHItuhg_haJT45DiLrDnNP6iJYjXEB43zWezanGlCx5P39v9Cl7N502lB1XDaJPnGSLw5Ry.jpg?quality=96&as=32x32,48x48,72x72,108x108,160x160,240x240,360x360,480x480,540x540,640x640,720x720,960x960&from=bu&cs=960x0",,False,,or avner habad community center,True,False,-75340719__412061893
401727195,-7,186393216,186393216,1453473886,2016-01-22 15:44:46,58.007042,56.256167,58.00763133477656,56.255145877976155,88.95579749920148,"https://sun9-74.userapi.com/s/v1/if1/Dqh9e8qK34EzIMjArriFvON0R6DzI-RgEWe3CgCc9EyMfGNB6f6_ynlV5iIOOax7rIqiDw.jpg?quality=96&as=32x24,48x36,72x54,108x81,160x120,240x180,360x270,480x360,540x405,640x480,720x540,960x720&from=bu&cs=960x0",,False,,or avner habad community center,True,False,186393216__401727195
457240689,-7,-67125411,-67125411,1581692779,2020-02-14 16:06:19,58.008337,56.255279,58.00763133477656,56.255145877976155,78.85732478336331,"https://sun9-47.userapi.com/s/v1/if1/ZSxXl5BrFHj7Af953tyKZfc7JxAtgAj1w2SPeKNVaKkcUvgC3lv03hSbqBd_MVhFvwMsvdK0.jpg?quality=96&as=32x24,48x36,72x54,108x81,160x120,240x180,360x270,480x360,540x405,640x480,720x540,1080x810,1280x960,1440x1080,2560x1920&from=bu&cs=2560x0",,False,,or avner habad community center,True,False,-67125411__457240689
457240687,-7,-67125411,-67125411,1581691538,2020-02-14 15:45:38,58.008337,56.255279,58.00763133477656,56.255145877976155,78.85732478336331,"https://sun9-84.userapi.com/s/v1/ig1/fEPw1BApcRxfodwJ16yce2ORbHpkFOZUz37Q4nIaEzISLcAaymZRjiQ8hch5pG-hGjFPaEna.jpg?quality=96&as=32x43,48x64,72x96,108x144,160x213,240x320,360x480,480x640,540x720,640x853,720x960,1080x1440,1280x1707,1440x1920,1620x2160&from=bu&cs=1620x0",,False,,or avner habad community center,True,False,-67125411__457240687
457240683,-7,-67125411,-67125411,1581691538,2020-02-14 15:45:38,58.008337,56.255279,58.00763133477656,56.255145877976155,78.85732478336331,"https://sun9-35.userapi.com/s/v1/if1/igV7FIKhlm2h-MFA2V_9NuuctKtLL2z2zUU7iZkwontNVWdoafJADBtpuuSSo31YP7Gsq95I.jpg?quality=96&as=32x24,48x36,72x54,108x81,160x120,240x180,360x270,480x360,540x405,640x480,720x540,1080x810,1280x960,1440x1080,2560x1920&from=bu&cs=2560x0",,False,,or avner habad community center,True,False,-67125411__457240683
457239738,-7,-141285886,-141285886,1571415476,2019-10-18 18:17:56,58.00723,56.255413,58.00763133477656,56.255145877976155,47.31975427694137,"https://sun9-73.userapi.com/s/v1/if1/HdIcKf5kvekhL6xcvjcOuWckaz6gZUGZM-rk2wLdovjCqfOX82egG5XsYWzhPr_E4cVk7BND.jpg?quality=96&as=32x28,48x42,72x63,108x95,160x141,240x211,360x317,480x423,540x475,640x563,720x634,1080x951,1280x1127&from=bu&cs=1280x0",,False,,or avner habad community center,True,False,-141285886__457239738
457239547,-7,269714464,269714464,1571404114,2019-10-18 15:08:34,58.007007,56.256154,58.00763133477656,56.255145877976155,91.36080945742854,"https://sun9-9.userapi.com/s/v1/ig1/-bI4URR3Ydp7tMjSQ3EZXQj9qB0YkGYiXU_9a5x27MSU9cB5G7scVGsDqd99r-n15vW2-Nfn.jpg?quality=96&as=32x40,48x60,72x90,108x135,160x200,240x300,360x450,480x600,540x675,640x800,720x900,1080x1350&from=bu&cs=1080x0",,False,267.0,or avner habad community center,True,False,269714464__457239547
457243939,-6,477777501,477777501,1565381808,2019-08-09 22:16:48,58.008225,56.25565,58.00763133477656,56.255145877976155,72.38547982834638,"https://sun9-9.userapi.com/s/v1/ig1/kOzCptfq-QLHrd3Agkax0UKBWvI73H0X92D6YjK03nGr3CP7mvQ27OgA5j8wQzu1uYu4BHQM.jpg?quality=96&as=32x43,48x64,72x96,108x144,160x213,240x320,360x480,480x640,540x720,640x853,720x960,1080x1440,1280x1707,1440x1920,1536x2048&from=bu&cs=1536x0",,False,71.0,or avner habad community center,True,False,477777501__457243939
456328026,-7,-150103939,-150103939,1552023266,2019-03-08 06:34:26,58.007651,56.256602,58.00763133477656,56.255145877976155,85.8105726445924,"https://sun9-31.userapi.com/s/v1/ig2/F2tcpRt0NwU0az2ZvJkvsNVSiF8ufwTbLqEGIe2xouK6htIgPrr-L3RzAI5uEuBNeSzJfwZLe8Cbspi-bE33-NXj.jpg?quality=96&as=32x36,48x54,72x81,108x122,160x181,240x271,360x407,480x542,540x610,640x723,720x813,850x960&from=bu&cs=850x0",,False,,or avner habad community center,True,False,-150103939__456328026
457248525,185616862,34473694,34473694,1622780935,2021-06-04 06:28:55,58.00833,56.255345,58.00763133477656,56.255145877976155,78.56866275239767,"https://sun9-61.userapi.com/s/v1/ig2/_zRR3JTfMInxo6efZUmEv2dxKI_lbjW7207pmOgHP2SvQ4sV71d3qDFHXnRJdbp8362mAKJfVjj38OlU7AJ8bu2k.jpg?quality=96&as=32x43,48x64,72x96,108x144,160x213,240x320,360x480,480x640,540x720,640x853,720x960,1080x1440,1104x1472&from=bu&cs=1104x0",,False,,or avner habad community center,True,False,34473694__457248525
467243675,-7,195645992,195645992,1619167780,2021-04-23 10:49:40,58.007028,56.256127,58.00763133477656,56.255145877976155,88.55293830098186,"https://sun9-69.userapi.com/s/v1/if2/d9f95ENTGrN5ymS-Q_N4YXuTD9wov8GOxlSvI6_AM1eDDpnR3JBLxt5qUfpNHf58M2tdpEnTUPORc40nNC7Y4GP2.jpg?quality=96&as=32x24,48x36,72x54,108x81,160x119,240x179,360x269,480x358,540x403,640x478,720x538,1080x807,1280x956,1440x1075,1600x1195&from=bu&cs=1600x0",,False,1118.0,or avner habad community center,True,False,195645992__467243675
457240337,-7,-209485236,-209485236,1679626889,2023-03-24 04:01:29,58.007112,56.256022,58.00763133477656,56.255145877976155,77.45188747241512,"https://sun9-76.userapi.com/s/v1/ig2/DaswWhccdeApYtZZXBNWec4zTR736xDX5QpXl6fcmIjiQoJ7aTeMes-r8S08hamsAekHUVp_DrV8863OW0Bw3zxB.jpg?quality=95&as=32x43,48x64,72x96,108x144,160x213,240x320,360x480,480x640,540x720,640x853,720x960,1080x1440,1280x1707,1440x1920,1920x2560&from=bu&cs=1920x0",,False,,or avner habad community center,True,False,-209485236__457240337
457240341,-7,-209485236,-209485236,1679626889,2023-03-24 04:01:29,58.007112,56.256022,58.00763133477656,56.255145877976155,77.45188747241512,"https://sun9-15.userapi.com/s/v1/ig2/MhdnBijiKyDaEKK3g22lrSnaLPt-GTlFv8hkC0wyX7NxB2ClJOYEB0VrCwfmpoByL6vpj2BGcd9tfAWuzT5-mk9j.jpg?quality=95&as=32x43,48x64,72x96,108x144,160x213,240x320,360x480,480x640,540x720,640x853,720x960,1080x1440,1280x1707,1440x1920,1920x2560&from=bu&cs=1920x0",,False,,or avner habad community center,True,False,-209485236__457240341
457240345,-7,-209485236,-209485236,1679626889,2023-03-24 04:01:29,58.007112,56.256022,58.00763133477656,56.255145877976155,77.45188747241512,"https://sun9-13.userapi.com/s/v1/ig2/lD14tnUSw7QHG3HPjT6wq50Ng-7llfxUwRciglDfRLN7JaKOwnUvWmn2LLkomWUpUTeVTbYh7efLxiJhkHo8ufaG.jpg?quality=95&as=32x43,48x64,72x96,108x144,160x213,240x320,360x480,480x640,540x720,640x853,720x960,1080x1440,1280x1707,1440x1920,1920x2560&from=bu&cs=1920x0",,False,,or avner habad community center,True,False,-209485236__457240345
457240338,-7,-209485236,-209485236,1679626889,2023-03-24 04:01:29,58.007112,56.256022,58.00763133477656,56.255145877976155,77.45188747241512,"https://sun9-40.userapi.com/s/v1/ig2/7K1NzZubww6Uznk3ENmdZGohfMHl4PFh3XGZ8WySUocacVnA-9j0eUEWgL9Is9v74OFCjH3-XSQ48zdLQ-DPQZwd.jpg?quality=95&as=32x43,48x64,72x96,108x144,160x213,240x320,360x480,480x640,540x720,640x853,720x960,1080x1440,1280x1707,1440x1920,1920x2560&from=bu&cs=1920x0",,False,,or avner habad community center,True,False,-209485236__457240338
457240254,-7,-209485236,-209485236,1678432229,2023-03-10 08:10:29,58.00721,56.256127,58.00763133477656,56.255145877976155,74.40287057801065,"https://sun9-78.userapi.com/s/v1/ig2/lx97lI7lYbQMMjLYBOvAQ9bqw4ZnL5nLSh1iKl4JbdZyQKV7XB7e5UIbwbId8sEBl4oMt9jgji1rcnDCcXkd6l2r.jpg?quality=95&as=32x43,48x64,72x96,108x144,160x213,240x320,360x480,480x640,540x720,640x853,720x960,1080x1440,1280x1707,1440x1920,1920x2560&from=bu&cs=1920x0",,False,,or avner habad community center,True,False,-209485236__457240254
457240252,-7,-209485236,-209485236,1678431984,2023-03-10 08:06:24,58.00721,56.256127,58.00763133477656,56.255145877976155,74.40287057801065,"https://sun9-65.userapi.com/s/v1/ig2/VHUSj9mcU6i7Y16KoylVlEeX_h1y1_52aA1jzbVMNa3KTiVsqQ7H45h7UjcfWq4KSyjNjyYGd-UibTT_JYjoB9of.jpg?quality=95&as=32x43,48x64,72x96,108x144,160x213,240x320,360x480,480x640,540x720,640x853,720x960,1080x1440,1280x1707,1440x1920,1920x2560&from=bu&cs=1920x0",,False,,or avner habad community center,True,False,-209485236__457240252
457240253,-7,-209485236,-209485236,1678431984,2023-03-10 08:06:24,58.00721,56.256127,58.00763133477656,56.255145877976155,74.40287057801065,"https://sun9-10.userapi.com/s/v1/ig2/QD7PHew3F4Avfgc0hxm7kf9Hp7Eoa8x5hgK3vKtnyrnexa5vcky16CGXx4ClZoSb539qIhO1xZmZX7ljldzB02Vq.jpg?quality=95&as=32x43,48x64,72x96,108x144,160x213,240x320,360x480,480x640,540x720,640x853,720x960,1080x1440,1280x1707,1440x1920,1920x2560&from=bu&cs=1920x0",,False,,or avner habad community center,True,False,-209485236__457240253
457239379,-7,-209485236,-209485236,1662098132,2022-09-02 07:55:32,58.00721,56.256127,58.00763133477656,56.255145877976155,74.40287057801065,"https://sun9-38.userapi.com/s/v1/ig2/ccYx16Zy490ta53DG220ucuHUw6ksUgpcFzb_yOAU9WjREm2Y8RcOzoYELaGY72_o_E9nQUM7a1qe1aT_rpXv9dN.jpg?quality=95&as=32x43,48x64,72x96,108x144,160x213,240x320,360x480,480x640,540x720,640x853,720x960,1080x1440,1200x1600&from=bu&cs=1200x0",,False,,or avner habad community center,True,False,-209485236__457239379
457239380,-7,-209485236,-209485236,1662098132,2022-09-02 07:55:32,58.00721,56.256127,58.00763133477656,56.255145877976155,74.40287057801065,"https://sun9-26.userapi.com/s/v1/ig2/xVaQGfSJADGWteUHlXxiL3FPJYJ_LKY592wtxHDFhmPWkovBoi7y0UaslVhvYRwxbudm4ukrfl6bmZI2RqM28DG3.jpg?quality=95&as=32x43,48x64,72x96,108x144,160x213,240x320,360x480,480x640,540x720,640x853,720x960,1080x1440,1200x1600&from=bu&cs=1200x0",,False,,or avner habad community center,True,False,-209485236__457239380
457239378,-7,-209485236,-209485236,1662098132,2022-09-02 07:55:32,58.00721,56.256127,58.00763133477656,56.255145877976155,74.40287057801065,"https://sun9-76.userapi.com/s/v1/ig2/NVg12rw1CBGginEkiLa8TvTyUF4HVjb6Q5bg6SUN3Sz5stxCGK9wFIGLfK2M992GH4RBIWWMh3QsOdLDs8FOzlC7.jpg?quality=95&as=32x43,48x64,72x96,108x144,160x213,240x320,360x480,480x640,540x720,640x853,720x960,1080x1440,1200x1600&from=bu&cs=1200x0",,False,,or avner habad community center,True,False,-209485236__457239378
457239277,-7,-209485236,-209485236,1655437705,2022-06-17 05:48:25,58.007105,56.256088,58.00763133477656,56.255145877976155,80.65847945459433,"https://sun9-76.userapi.com/s/v1/if2/_Sqz_1d1rq3M8qROYvW_XP1wvRSLb6ZLF5i3wGdCHxnWh05bvpyODJxwB6vG9Zia6EIVbHgiJR2H5E1xPOpCkVnc.jpg?quality=95&as=32x24,48x36,72x54,108x81,160x120,240x180,360x270,480x360,540x405,640x480,720x540,1080x810,1280x960,1440x1080,2560x1920&from=bu&cs=2560x0",,False,,or avner habad community center,True,False,-209485236__457239277
457239262,-7,-209485236,-209485236,1654867406,2022-06-10 15:23:26,58.007203,56.256021,58.00763133477656,56.255145877976155,70.18858543268541,"https://sun9-6.userapi.com/s/v1/if2/bfiNB35pwMumJfuxHkmvGj4gTGI8ofn9PVYbZ6HjgIBNkqChjcOEyAltDMfx5-SPOMfM3nlQCGfgeKxut3wheR1z.jpg?quality=95&as=32x24,48x36,72x54,108x81,160x120,240x180,360x270,480x360,540x405,640x480,720x540,1080x810,1280x960,1440x1080,1600x1200&from=bu&cs=1600x0",,False,,or avner habad community center,True,False,-209485236__457239262
457239264,-7,-209485236,-209485236,1654867406,2022-06-10 15:23:26,58.00721,56.256127,58.00763133477656,56.255145877976155,74.40287057801065,"https://sun9-21.userapi.com/s/v1/ig2/2Zpn4kOpILnlsIHzWELXPtpRGT6tKv4oyg2lEA2VaYtRNn1a8PF6pVxdEPdbLqUMqheV0pz_QAVvBFmIUJI1_hdy.jpg?quality=95&as=32x43,48x64,72x96,108x144,160x213,240x320,360x480,480x640,540x720,640x853,720x960,1080x1440,1200x1600&from=bu&cs=1200x0",,False,,or avner habad community center,True,False,-209485236__457239264
457239268,-7,-209485236,-209485236,1654867406,2022-06-10 15:23:26,58.007203,56.256021,58.00763133477656,56.255145877976155,70.18858543268541,"https://sun9-61.userapi.com/s/v1/ig2/Din1YpGyj3OLu4M7Mvh61hWD3sZG5pU8LkEhJ6ULJS0P30l5vaRH21hov_BdLjOZL-kgtaoNYFi1Ve9xnkW5HEYi.jpg?quality=95&as=32x43,48x64,72x96,108x144,160x213,240x320,360x480,480x640,540x720,640x853,720x960,1080x1440,1200x1600&from=bu&cs=1200x0",,False,,or avner habad community center,True,False,-209485236__457239268
457240956,-7,-108946670,-108946670,1650012544,2022-04-15 10:49:04,58.007105,56.256088,58.00763133477656,56.255145877976155,80.65847945459433,"https://sun9-69.userapi.com/s/v1/ig2/KMaTg_TLlutywl8K_oBVWZ1iYmtedON3xo4Cs13lDFhXVzkN9wlOEdcrAv2PxfVLmjTtCNzDjZin43McjGlkNL4r.jpg?quality=95&as=32x50,48x75,72x112,108x169,160x250,240x375,360x562,480x750,540x844,640x1000,720x1125,1024x1600&from=bu&cs=1024x0",,False,,or avner habad community center,True,False,-108946670__457240956
457240955,-7,-108946670,-108946670,1650011815,2022-04-15 10:36:55,58.007105,56.256088,58.00763133477656,56.255145877976155,80.65847945459433,"https://sun9-57.userapi.com/s/v1/ig2/hVY6pT-x38OPK0JkiAwCVrHIAiIWcddhrXlYc_N2UStrOeFVtoUt-lttBvhaldQy6yFy0ZrMrsYjORXqgrNMCOgr.jpg?quality=95&as=32x67,48x100,72x150,108x225,160x333,240x500,360x750,480x1000,540x1125,640x1333,720x1500,768x1600&from=bu&cs=768x0",,False,,or avner habad community center,True,False,-108946670__457240955
457241576,-7,589506170,589506170,1623434637,2021-06-11 20:03:57,58.007266,56.256114,58.00763133477656,56.255145877976155,70.02245606573105,"https://sun9-86.userapi.com/s/v1/if2/SHXbvy_2f1co9NxUOWt9S8ctp8Lz3l7wjJIsLiHLY9GNbAhX8V8f26jFVXMwWUfN9BmLU4bxB8m3IkfURdGG_gh4.jpg?quality=96&as=32x24,48x36,72x54,108x81,160x120,240x180,360x270,480x360,540x405,640x480,720x540,1080x810,1280x960,1440x1080,2560x1920&from=bu&cs=2560x0",,False,,or avner habad community center,True,False,589506170__457241576
457241489,-6,56760798,56760798,1705666042,2024-01-19 13:07:22,58.008316,56.255306,58.00763133477656,56.255145877976155,76.71346612508572,"https://sun9-35.userapi.com/s/v1/ig2/SA0K9mBJ72D3iWdACOMqV17idnRr7OMwDYhuszXHo598fgg0VCGxtzEp_W6x2pc_oq37g0nMVJdI7D1WNS0Om_Ei.jpg?quality=95&as=32x57,48x85,72x128,108x192,160x284,240x427,360x640,480x853,540x960,640x1138,720x1280,1080x1920,1280x2276,1440x2560&from=bu&cs=1440x0",,False,,or avner habad community center,True,False,56760798__457241489
457240856,-7,-209485236,-209485236,1697773256,2023-10-20 05:40:56,58.007308,56.255717,58.00763133477656,56.255145877976155,49.24106496243882,"https://sun9-63.userapi.com/s/v1/ig2/R7SlNukmo13-dzNvhuHC_CGprM8LqCNoUYrfGnpDNU5VLF6uWcW5D3JFqzDo5Zb5ZOXWVf5taxHHeDYPAtlQw9iG.jpg?quality=95&as=32x43,48x64,72x96,108x144,160x213,240x320,360x480,480x640,540x720,640x853,720x960,1080x1440,1280x1707,1440x1920,1920x2560&from=bu&cs=1920x0",,False,,or avner habad community center,True,False,-209485236__457240856
457240663,-7,-209485236,-209485236,1691134737,2023-08-04 09:38:57,58.007203,56.256021,58.00763133477656,56.255145877976155,70.18858543268541,"https://sun9-44.userapi.com/s/v1/if2/x_OFNBfOLZQ0pc5IjmOfVP3-UlJZ1rtfbQSGYwwANORRwb8KUqmzCLYIfh5xhyC2hDPxxe3q48EIBWcRN2h_zI_5.jpg?quality=95&as=32x24,48x36,72x54,108x81,160x120,240x180,360x270,480x360,540x405,640x480,720x540,1080x810,1280x960,1440x1080,2560x1920&from=bu&cs=2560x0",,False,,or avner habad community center,True,False,-209485236__457240663
457240611,-7,-209485236,-209485236,1689317661,2023-07-14 08:54:21,58.007112,56.256022,58.00763133477656,56.255145877976155,77.45188747241512,"https://sun9-60.userapi.com/s/v1/if2/P1fYnETBwcKxyh1g-mRl9gygOgdIItj9dgjRyCjVIvZOZf51Jp77BXMw4_YbqtrYM7sYMHrmaCqmjDr4YbIFOal2.jpg?quality=95&as=32x24,48x36,72x54,108x81,160x120,240x180,360x270,480x360,540x405,640x480,720x540,1080x810,1280x960,1440x1080,2560x1920&from=bu&cs=2560x0",,False,,or avner habad community center,True,False,-209485236__457240611
457240597,-7,-209485236,-209485236,1688714542,2023-07-07 09:22:22,58.007112,56.256193,58.00763133477656,56.255145877976155,84.49972252664689,"https://sun9-24.userapi.com/s/v1/if2/7v_i7SrQfr57q-dKf41uV4TqZ1iTINI8FV5Hhn7v1WYJb95YQm5Ym34_ISwPLIPMkmtlvexARbY5iriRYTLlQM5q.jpg?quality=95&as=32x24,48x36,72x54,108x81,160x120,240x180,360x270,480x360,540x405,640x480,720x540,1080x810,1280x960,1440x1080,2560x1920&from=bu&cs=2560x0",,False,1435.0,or avner habad community center,True,False,-209485236__457240597
457240553,-7,-209485236,-209485236,1686887346,2023-06-16 05:49:06,58.007203,56.256021,58.00763133477656,56.255145877976155,70.18858543268541,"https://sun9-50.userapi.com/s/v1/if2/z15PO_ci-eGrloe6HCUt9eqM2UYkfwzFQ2kPWVFKNTp8_vtgLcVIA2cIk8gakijtBBQv7jGZFIPc_oRRF1VBHju1.jpg?quality=95&as=32x24,48x36,72x54,108x81,160x120,240x180,360x270,480x360,540x405,640x480,720x540,1080x810,1280x960,1440x1080,2560x1920&from=bu&cs=2560x0",,False,,or avner habad community center,True,False,-209485236__457240553
457255506,292956818,107492170,107492170,1683294454,2023-05-05 15:47:34,58.007105,56.256088,58.00763133477656,56.255145877976155,80.65847945459433,"https://sun9-44.userapi.com/s/v1/ig2/yj_LjJgYJSVWILF8Ka9KfRggtF84ogsw3TLdgqffcEsx88ktB8s4qCZwsGs60xnfmMAL5tmdXw8mIWTwHyw0wiMM.jpg?quality=95&as=32x43,48x64,72x96,108x144,160x213,240x320,360x480,480x640,540x720,640x853,720x960,1080x1440,1280x1707,1440x1920,1920x2560&from=bu&cs=1920x0",,False,,or avner habad community center,True,False,107492170__457255506
457255505,292956818,107492170,107492170,1683294450,2023-05-05 15:47:30,58.007105,56.256088,58.00763133477656,56.255145877976155,80.65847945459433,"https://sun9-52.userapi.com/s/v1/ig2/ZdIGeVfnew1wcm6iQAS2QXZ8VE8lphXnO5H-8VnkPFFyVbvkkYAlcXbAzj3GbCiwKX10Niaj8MK6Td5LCBCRncz4.jpg?quality=95&as=32x43,48x64,72x96,108x144,160x213,240x320,360x480,480x640,540x720,640x853,720x960,1080x1440,1280x1707,1440x1920,1920x2560&from=bu&cs=1920x0",,False,,or avner habad community center,True,False,107492170__457255505
457255504,292956818,107492170,107492170,1683294446,2023-05-05 15:47:26,58.007105,56.256088,58.00763133477656,56.255145877976155,80.65847945459433,"https://sun9-87.userapi.com/s/v1/ig2/-Zt8vuLoTOgh72xCs0cUC-H5usaewikTh6yL2b4Li80Hcgw1P0eojI6Mv2Tesxv_uOCITAtZjzNcpt4KXP2qdxcC.jpg?quality=95&as=32x43,48x64,72x96,108x144,160x213,240x320,360x480,480x640,540x720,640x853,720x960,1080x1440,1280x1707,1440x1920,1920x2560&from=bu&cs=1920x0",,False,,or avner habad community center,True,False,107492170__457255504
457241139,-7,-108946670,-108946670,1681477950,2023-04-14 15:12:30,58.007,56.25622,58.00763133477656,56.255145877976155,94.5116004421848,"https://sun9-47.userapi.com/s/v1/ig2/SraSOBbRHCZAk0rOwzJLCL07xW51d7Z9pIfz1D86vkIk5udjo75MlDMv3pZXbcryYgi7UYqxKPXGiXhb6t4Awyse.jpg?quality=95&as=32x43,48x64,72x96,108x144,160x213,240x320,360x480,480x640,540x720,640x853,720x960,1080x1440,1280x1707,1440x1920,1920x2560&from=bu&cs=1920x0",,False,,or avner habad community center,True,False,-108946670__457241139
457240394,-7,-209485236,-209485236,1680833623,2023-04-07 04:13:43,58.007112,56.256022,58.00763133477656,56.255145877976155,77.45188747241512,"https://sun9-23.userapi.com/s/v1/if2/440-7SygsNGdoOje2hx356IJcHCLuw_IwTGptoTVK42c-rFTq87HLjDuBoQDcQLjhHMIGIPXbQLzDAmvYuVyWmHl.jpg?quality=95&as=32x24,48x36,72x54,108x81,160x120,240x180,360x270,480x360,540x405,640x480,720x540,1080x810,1280x960,1440x1080,2560x1920&from=bu&cs=2560x0",,False,,or avner habad community center,True,False,-209485236__457240394
457240367,-7,-209485236,-209485236,1680226729,2023-03-31 03:38:49,58.007112,56.256193,58.00763133477656,56.255145877976155,84.49972252664689,"https://sun9-86.userapi.com/s/v1/ig2/lGmRX13rnb858G-_0qREf2DieqFtkEggo4LRZMkEEPVxBdbzWYTgSkrNAvBRlyZXRQYkKxOJCiorMFP0brxJGEEd.jpg?quality=95&as=32x43,48x64,72x96,108x144,160x213,240x320,360x480,480x640,540x720,640x853,720x960,1080x1440,1280x1707,1440x1920,1920x2560&from=bu&cs=1920x0",,False,,or avner habad community center,True,False,-209485236__457240367
457240368,-7,-209485236,-209485236,1680226729,2023-03-31 03:38:49,58.007112,56.256193,58.00763133477656,56.255145877976155,84.49972252664689,"https://sun9-31.userapi.com/s/v1/ig2/WLK2MCzPFIK9CJUfa054pJc4ti4BTp62YeK9uwprL_GBcR1NjpXC4XmgNs-JnTEP8lXPxyvp-izWK7U4JEyDJcmc.jpg?quality=95&as=32x43,48x64,72x96,108x144,160x213,240x320,360x480,480x640,540x720,640x853,720x960,1080x1440,1280x1707,1440x1920,1920x2560&from=bu&cs=1920x0",,False,,or avner habad community center,True,False,-209485236__457240368
457240365,-7,-209485236,-209485236,1680226729,2023-03-31 03:38:49,58.007112,56.256193,58.00763133477656,56.255145877976155,84.49972252664689,"https://sun9-35.userapi.com/s/v1/ig2/_9md9v7kZFDUQwCL6LCdj0_0Qqv8Nox6vcnnfucFJwh0eokhmvjf8SwB15P3oPbC0H2k8b7t8PUT9dwi4yfUz0Qg.jpg?quality=95&as=32x43,48x64,72x96,108x144,160x213,240x320,360x480,480x640,540x720,640x853,720x960,1080x1440,1280x1707,1440x1920,1920x2560&from=bu&cs=1920x0",,False,,or avner habad community center,True,False,-209485236__457240365
457240366,-7,-209485236,-209485236,1680226729,2023-03-31 03:38:49,58.007112,56.256193,58.00763133477656,56.255145877976155,84.49972252664689,"https://sun9-11.userapi.com/s/v1/ig2/KzKJfXkSG-jIcnFZOfXnUvTZGSEwe7DeuBbbn8xv1_oJ4JWOZYtEQeRWsvDpnTtUPe2TxAhw9aUpq5VvQmKD_ZuM.jpg?quality=95&as=32x43,48x64,72x96,108x144,160x213,240x320,360x480,480x640,540x720,640x853,720x960,1080x1440,1280x1707,1440x1920,1920x2560&from=bu&cs=1920x0",,False,,or avner habad community center,True,False,-209485236__457240366
457240169,306265397,-219768549,-219768549,1738315441,2025-01-31 10:24:01,58.007104,56.254198,58.00763133477656,56.255145877976155,80.97267814623164,"https://sun9-35.userapi.com/s/v1/ig2/oNBnEAM6CeTuQhGoS5WCwMINZ84ZyaE08mz2LEigpfumN0whYWxGfT9lPuI5_sGBTkceT09TSDLpI2yxEsVRIthb.jpg?quality=95&as=32x57,48x85,72x128,108x192,160x284,240x427,360x640,480x853,540x960,640x1138,720x1280,1080x1920,1280x2276,1440x2560&from=bu&cs=1440x0",,False,,or avner habad community center,True,False,-219768549__457240169
457240168,306265397,-219768549,-219768549,1738315439,2025-01-31 10:23:59,58.007013,56.254198,58.00763133477656,56.255145877976155,88.57559112030793,"https://sun9-81.userapi.com/s/v1/ig2/_lEJWOf9-7Tti8mmBt-a2jS6j7oaTHSiPKYU6knTCNVXB_jOkWx-iIJLA-CbvLmtMaUOgfCZNni8y0Stpzvvo58s.jpg?quality=95&as=32x43,48x64,72x96,108x144,160x213,240x320,360x480,480x640,540x720,640x853,720x960,1080x1440,1280x1707,1440x1920,1920x2560&from=bu&cs=1920x0",,False,,or avner habad community center,True,False,-219768549__457240168
457240167,306265397,-219768549,-219768549,1738315435,2025-01-31 10:23:55,58.007006,56.254092,58.00763133477656,56.255145877976155,93.21856683573051,"https://sun9-59.userapi.com/s/v1/ig2/KfrXH7XrT9uHNLZFqW22a0fOeiNQ6FuV_JtfsGWutVE6isf2MkWAUPbNl-DKYeS1hbe5cW0dCw9yLyXNe5Oe05Ti.jpg?quality=95&as=32x43,48x64,72x96,108x144,160x213,240x320,360x480,480x640,540x720,640x853,720x960,1080x1440,1280x1707,1440x1920,1920x2560&from=bu&cs=1920x0",,False,,or avner habad community center,True,False,-219768549__457240167
457240166,306265397,-219768549,-219768549,1738315434,2025-01-31 10:23:54,58.007104,56.254198,58.00763133477656,56.255145877976155,80.97267814623164,"https://sun9-40.userapi.com/s/v1/ig2/fDR5zsi5RKjk2fj59pJhy2ab6C0qHWf8FHyWpeShWrsvTdAjNG7S7zEd3lk39rEvwCcIvsWE2lRJKOsyxVmvG7WH.jpg?quality=95&as=32x57,48x85,72x128,108x192,160x284,240x427,360x640,480x853,540x960,640x1138,720x1280,1080x1920,1280x2276,1440x2560&from=bu&cs=1440x0",,False,,or avner habad community center,True,False,-219768549__457240166
457240161,306265397,-219768549,-219768549,1738315426,2025-01-31 10:23:46,58.007013,56.254198,58.00763133477656,56.255145877976155,88.57559112030793,"https://sun9-13.userapi.com/s/v1/ig2/hXPkea5OLQTXgcEdDMoQkVvSNAWn51x3TWMdqs3bOlW0a72rpOx4wsMbB739EPOq-g5r-iggdoYpSBp_7DzDoyr-.jpg?quality=95&as=32x43,48x64,72x96,108x144,160x213,240x320,360x480,480x640,540x720,640x853,720x960,1080x1440,1280x1707,1440x1920,1920x2560&from=bu&cs=1920x0",,False,,or avner habad community center,True,False,-219768549__457240161
457240158,306265397,-219768549,-219768549,1738315421,2025-01-31 10:23:41,58.007013,56.254198,58.00763133477656,56.255145877976155,88.57559112030793,"https://sun9-16.userapi.com/s/v1/ig2/516qU2YNJpHnTGBsWoN-q72uHZPN4eCth57Ww92mE-Zp7zA-k2xdPklItGIPadFBZ1oGuEZ8tXAdDoat_BS1l60f.jpg?quality=95&as=32x43,48x64,72x96,108x144,160x213,240x320,360x480,480x640,540x720,640x853,720x960,1080x1440,1280x1707,1440x1920,1920x2560&from=bu&cs=1920x0",,False,,or avner habad community center,True,False,-219768549__457240158
457240155,306265397,-219768549,-219768549,1738315416,2025-01-31 10:23:36,58.007713,56.254289,58.00763133477656,56.255145877976155,51.2903993776983,"https://sun9-79.userapi.com/s/v1/ig2/aQlTMsum3fxQ27sQc5Fc_qhaRmXtW9Tn03y7UBCiYVxDiT0NLXW5uyy6hHmt-FSyL1EnuGkHjUZq1y6tgbUSsXJa.jpg?quality=95&as=32x43,48x64,72x96,108x144,160x213,240x320,360x480,480x640,540x720,640x853,720x960,1080x1440,1280x1707,1440x1920,1920x2560&from=bu&cs=1920x0",,False,,or avner habad community center,True,False,-219768549__457240155
457240150,306265397,-219768549,-219768549,1738315408,2025-01-31 10:23:28,58.007006,56.254092,58.00763133477656,56.255145877976155,93.21856683573051,"https://sun9-32.userapi.com/s/v1/ig2/20jqzTKFAZBs1HFfiwKGdYtcPyE8Azfcmdm4vSlUr1wUOhJ1mcsgfrEmb2LpkVL78q89dcK8SYXObZix_MSIE9md.jpg?quality=95&as=32x43,48x64,72x96,108x144,160x213,240x320,360x480,480x640,540x720,640x853,720x960,1080x1440,1280x1707,1440x1920,1920x2560&from=bu&cs=1920x0",,False,,or avner habad community center,True,False,-219768549__457240150
389726280,-7,247762684,247762684,1449264919,2015-12-04 22:35:19,58.008499,56.234555,58.00819896273859,56.23476395501453,35.561106803831954,"https://sun9-14.userapi.com/s/v1/if1/DRKH98rXS4bjIBTjnAZwyJdmh1jbui_EdfuF4cdhCgVg0ufLBZg-0ZLUzupk29d6GyI7mA.jpg?quality=96&as=32x24,48x36,72x54,108x81,160x120,240x180,360x270,480x360,540x405,640x480,720x540,960x720&from=bu&cs=960x0",,False,1154.0,synagogue,True,False,247762684__389726280
408239167,-7,261660768,261660768,1459527068,2016-04-01 18:11:08,58.007667,56.236064,58.00819896273859,56.23476395501453,96.77046472900638,"https://sun9-23.userapi.com/s/v1/ig1/XgYnNOnX5vVaURWdUY8mv4p7yx5xTovqRBCtNoXS3PhnSszWrCxFpEZxxrrFA8-kYTfBLg.jpg?quality=96&as=32x43,48x64,72x96,108x144,160x213,240x320,360x480,480x640,540x720,640x853,720x960&from=bu&cs=720x0",,False,,synagogue,True,False,261660768__408239167
407143318,-7,261660768,261660768,1458893755,2016-03-25 09:15:55,58.007611,56.235906,58.00819896273859,56.23476395501453,93.8128984346702,"https://sun9-61.userapi.com/s/v1/if2/w5Ny0DDvSmTB_AyLK6OueZjd-gtcx0-SGHXB3n1fbiH7D34X9s_8OkkTGADnk6NmtQYpTtK9hUepkjsP9QYNQIpT.jpg?quality=96&as=32x24,48x36,72x54,108x81,160x120,240x180,360x270,480x360,540x405,640x480,720x540,960x720&from=bu&cs=960x0",,False,5745.0,synagogue,True,False,261660768__407143318
430729302,-7,-107411067,-107411067,1470972009,2016-08-12 05:20:09,58.008079,56.234398,58.00819896273859,56.23476395501453,25.351831694186213,"https://sun9-72.userapi.com/s/v1/ig1/4vu1IcRI3FvX-4dzxP4ZYBhZkmY1WExQO8RMubgWTCmPyHQMPcyr-V__FA5hZmCJW0Fhaw.jpg?quality=96&as=32x32,48x48,72x72,108x108,160x160,240x240,360x360,480x480,540x540,640x640,720x720,960x960&from=bu&cs=960x0",,False,,synagogue,True,False,-107411067__430729302
456239215,-7,-75252175,-75252175,1482480124,2016-12-23 09:02:04,58.007646,56.236091,58.00819896273859,56.23476395501453,99.46053579856569,"https://sun9-45.userapi.com/s/v1/ig1/WSRgoTwoVVcrWon-rLQ54etFJjvMBbc2F3w8plstTI51qp-T0FMj0AyXeaG1Mv6UhG9Qogjp.jpg?quality=96&as=32x32,48x48,72x72,108x108,160x160,240x240,360x360,480x480,540x540,640x640,720x720,960x960&from=bu&cs=960x0",,False,,synagogue,True,False,-75252175__456239215
456257231,249793187,64750510,64750510,1512722750,2017-12-08 09:45:50,58.007771,56.235245,58.00819896273859,56.23476395501453,55.38632373549243,"https://sun9-35.userapi.com/s/v1/ig1/yoJAd73Fuwmb-XgfGs-GXJROM2DFtc3yY0Jbzx3dhOhcq3-5CxMpRzHb7E2aXtN5WnWGNg.jpg?quality=96&as=32x43,48x64,72x96,108x144,160x213,240x320,360x480,480x640,540x720,640x853,720x960&from=bu&cs=720x0",,False,,synagogue,True,False,64750510__456257231
456239717,-7,-53272954,-53272954,1544783607,2018-12-14 11:33:27,58.008562,56.234304,58.00819896273859,56.23476395501453,48.61863277164448,"https://sun9-87.userapi.com/s/v1/ig1/tcS58djFqdY6nwFpoOOvqY-q_5_DGcIRAelcUN5i4HBp_crtatmLYZ-S9HmiEzaI2KtuntX7.jpg?quality=96&as=32x40,48x60,72x90,108x135,160x200,240x300,360x450,480x600,540x675,640x800,720x900,1080x1350,1181x1476&from=bu&cs=1181x0",,False,3304.0,synagogue,True,False,-53272954__456239717
457305051,-7,360619746,360619746,1562944590,2019-07-12 17:16:30,58.007581,56.233593,58.00819896273859,56.23476395501453,97.3665676932762,"https://sun9-46.userapi.com/s/v1/if1/Hu3fUbnIQIALq71EiJ7lBCdFQB0KyEuDsbYgxZeHC1q6tKeHLareq6gYLdXlIEx_kBGLCIxW.jpg?quality=96&as=32x24,48x36,72x54,108x81,160x120,240x180,360x270,480x360,540x405,640x480&from=bu&cs=640x0",,False,251194.0,synagogue,True,False,360619746__457305051
456302093,-7,360619746,360619746,1559300669,2019-05-31 13:04:29,58.007623,56.23354,58.00819896273859,56.23476395501453,96.4404112329554,"https://sun9-77.userapi.com/s/v1/if1/yMBsxD9IYx-wNMfn_xw1r8nTzWwjBb48J57QoXVAlu1MHFdoiSuorOciwWa0bMcW42EF9FIv.jpg?quality=96&as=32x24,48x36,72x54,108x81,160x119,240x179,360x269,480x358,540x403,640x478,720x538,1080x807,1280x956,1440x1075,2560x1912&from=bu&cs=2560x0",,False,,synagogue,True,False,360619746__456302093
456240130,-7,-53272954,-53272954,1556270464,2019-04-26 11:21:04,58.008604,56.234423,58.00819896273859,56.23476395501453,49.31399479698315,"https://sun9-31.userapi.com/s/v1/ig1/IRWOMBHG9bEuYKNZ6dJn4hRi6e-CweN7iDas9sgKQPU1rQUZlbatBPkSDboidtDNZmY42GWi.jpg?quality=96&as=32x40,48x60,72x90,108x135,160x200,240x300,360x450,480x600,540x675,640x800,720x899,1080x1349,1280x1599,1440x1799,1729x2160&from=bu&cs=1729x0",,False,3495.0,synagogue,True,False,-53272954__456240130
457239833,-7,-151869011,-151869011,1569014854,2019-09-20 23:27:34,58.008429,56.234357,58.00819896273859,56.23476395501453,35.057609141504955,"https://sun9-69.userapi.com/s/v1/if1/V_Ym8TqP1LAIZBpOFIRyt-_AWukSvuujdvOiyfR3xunpQRnBrWMqcsMmNrGLXlW3D3iEucYw.jpg?quality=96&as=32x28,48x42,72x63,108x95,160x141,240x211,360x317,480x423,540x475,640x563,720x634,727x640&from=bu&cs=727x0",,False,564.0,synagogue,True,False,-151869011__457239833
457239691,-7,-183475242,-183475242,1567776782,2019-09-06 15:33:02,58.007632,56.235879,58.00819896273859,56.23476395501453,91.046583902512,"https://sun9-38.userapi.com/s/v1/ig1/_2oHPyjLXx4Ck6KcyAWVUf7YOipzbMIccy9R9Zw5zV2za4Ng3lfnarvUX6cZ3AXlq9lHJLZ0.jpg?quality=96&as=32x43,48x64,72x96,108x144,160x213,240x320,360x480,480x640,540x720,640x853,720x960,1000x1333&from=bu&cs=1000x0",,False,,synagogue,True,False,-183475242__457239691
457241044,-7,-53272954,-53272954,1567756129,2019-09-06 09:48:49,58.008569,56.23441,58.00819896273859,56.23476395501453,46.12816643785107,"https://sun9-50.userapi.com/s/v1/ig1/IgKaEg2vFYAvUX-p0nGGkwxNoKHMcI_okjtDS95ClhmzvtNEm9TOb2jyqfb9pGUv-kJvYjUb.jpg?quality=96&as=32x43,48x64,72x96,108x144,160x213,240x320,360x480,480x640,540x720,640x853,720x960,1080x1440,1280x1707,1440x1920,1620x2160&from=bu&cs=1620x0",,False,,synagogue,True,False,-53272954__457241044
457241259,-7,-152436168,-152436168,1582265486,2020-02-21 07:11:26,58.007623,56.23354,58.00819896273859,56.23476395501453,96.4404112329554,"https://sun9-26.userapi.com/s/v1/ig2/jX-6eKN5YpMgdLfFaa298i5ikxOolDgm--HrYwvitxREVRbhqoTwkUN9rqot2k0lb63S2nRGO7E0rQ88Hxd0T-bL.jpg?quality=96&as=32x43,48x64,72x96,108x144,160x213,240x320,360x480,480x640,540x720,640x853,720x960,1080x1440,1280x1707,1440x1920&from=bu&cs=1440x0",,False,,synagogue,True,False,-152436168__457241259
457241256,-7,-152436168,-152436168,1582265486,2020-02-21 07:11:26,58.007623,56.23354,58.00819896273859,56.23476395501453,96.4404112329554,"https://sun9-16.userapi.com/s/v1/ig2/-yI6jAzEnM1E0EjlKUv5kk9sRSUClmH-PqTDXISeWU6okWsK5QF8WaSet77X4Yy62FBrtMdjAtRxBlE_hz6nsYnC.jpg?quality=96&as=32x43,48x64,72x96,108x144,160x213,240x320,360x480,480x640,540x720,640x853,720x960,1080x1440,1280x1707,1440x1920&from=bu&cs=1440x0",,False,,synagogue,True,False,-152436168__457241256
457240312,-7,168360870,168360870,1592555653,2020-06-19 10:34:13,58.007897,56.234055,58.00819896273859,56.23476395501453,53.58859610034027,"https://sun9-71.userapi.com/s/v1/ig2/DOoaNBIUFgbfjxI6QyY0zF5ctAvvTe5a-j-Cjqpl7O6dKkvEcdApTzePRsoqFA0uFFepPsijrvcZItjAAVXSxS6e.jpg?quality=96&as=32x43,48x64,72x96,108x144,160x213,240x320,360x479,480x639,540x719,640x852,720x959,1002x1334&from=bu&cs=1002x0",,False,,synagogue,True,False,168360870__457240312
457353920,-7,360619746,360619746,1625233167,2021-07-02 15:39:27,58.007637,56.23358,58.00819896273859,56.23476395501453,93.64563795634037,"https://sun9-83.userapi.com/s/v1/if2/PJWJCPJ5Y48-6fMRmqoWojYcOzOTRA9lQ1WBtdg27Fmgp5b6-iuQGNiVKI7hQsPhpbKpv6y7EXzSMDKS7S8gHNW0.jpg?quality=96&as=32x24,48x36,72x54,108x81,160x120,240x180,360x270,480x360,540x405,640x480&from=bu&cs=640x0",,False,,synagogue,True,False,360619746__457353920
457252838,-7,-106016546,-106016546,1619784338,2021-04-30 14:05:38,58.007925,56.234134,58.00819896273859,56.23476395501453,48.01313074572513,"https://sun9-80.userapi.com/s/v1/ig2/HwDbsXolRCeUxpcBxUk1LNYPnrCaZ9yGQeK9u9ZBD-46Ne3rvrvEwMxwL7x_BE-SIONmuXJjBv4ZLvcwA2JQtTAO.jpg?quality=96&as=32x43,48x64,72x96,108x144,160x213,240x320,360x480,480x640,540x720,640x853,720x960,1080x1440,1280x1707,1440x1920&from=bu&cs=1440x0",,False,,synagogue,True,False,-106016546__457252838
457356304,-7,360619746,360619746,1629485380,2021-08-20 20:49:40,58.007616,56.233606,58.00819896273859,56.23476395501453,94.10349978659646,"https://sun9-12.userapi.com/s/v1/if2/kW3zyWe-tD3XC-It2iTrQGyKtUp275F_Yrdjv23HJQRIrLaRfBdGnksbT-uiqDeYq1-aRgDa_AgX7ExegC_QULEG.jpg?quality=96&as=32x24,48x36,72x54,108x81,160x120,240x180,360x270,480x360,540x405,640x480&from=bu&cs=640x0",,False,402652.0,synagogue,True,False,360619746__457356304
457240531,-7,-194619161,-194619161,1655461392,2022-06-17 12:23:12,58.007611,56.235906,58.00819896273859,56.23476395501453,93.8128984346702,"https://sun9-7.userapi.com/s/v1/ig2/5Pt87uZKATDjXa-tpvUDSPyI-2UOyQ6wVCHOVSxOCHjwk40h7QRyvGlyDYHAa1fnCdbGNaaAJbyuCiQ-YX-yEfSg.jpg?quality=95&as=32x43,48x64,72x96,108x144,160x213,240x320,360x480,480x640,540x721,640x854,720x961,1080x1441,1280x1708,1388x1852&from=bu&cs=1388x0",,False,,synagogue,True,False,-194619161__457240531
457251819,-7,-170690865,-170690865,1655452732,2022-06-17 09:58:52,58.008198,56.234305,58.00819896273859,56.23476395501453,27.037637297510656,"https://sun9-88.userapi.com/s/v1/ig2/NYaZMGSuYVQGkqb5DxA5wxY079ixVTzTbEpQZOSYknTUIw_j3AFwizFPcS_d93oDMHB5s9KKdVAku_j6ct5fj6W-.jpg?quality=95&as=32x43,48x64,72x96,108x144,160x214,240x320,360x481,480x641,540x721,640x855,720x961,1080x1442,1280x1709,1342x1792&from=bu&cs=1342x0",,False,,synagogue,True,False,-170690865__457251819
457251812,-7,-170690865,-170690865,1655452303,2022-06-17 09:51:43,58.008023,56.234411,58.00819896273859,56.23476395501453,28.55136751134135,"https://sun9-25.userapi.com/s/v1/ig2/06PdKuNMsjU_HMaA8nStyjgxNaRpdoXg7P2_YjZBj4cnp0KrMwzMTJXp3kvvK0hw0uqhUc9eQLFmycpN4nY0lezr.jpg?quality=95&as=32x43,48x64,72x96,108x144,160x214,240x320,360x481,480x641,540x721,640x855,720x961,1080x1442,1280x1709,1342x1792&from=bu&cs=1342x0",,False,,synagogue,True,False,-170690865__457251812
457251810,-7,-170690865,-170690865,1655452303,2022-06-17 09:51:43,58.008023,56.234411,58.00819896273859,56.23476395501453,28.55136751134135,"https://sun9-59.userapi.com/s/v1/ig2/ULKI_IOyh0ee2oKIfUxZHWGo5JQsOXlOo5f-FiJuBtlSdzuX1OCpjOPSDpZLn5A6b5ohq0cAEBZwcKvytY6vpQTL.jpg?quality=95&as=32x43,48x64,72x96,108x144,160x214,240x320,360x481,480x641,540x721,640x855,720x961,1080x1442,1280x1709,1342x1792&from=bu&cs=1342x0",,False,,synagogue,True,False,-170690865__457251810
457251811,-7,-170690865,-170690865,1655452303,2022-06-17 09:51:43,58.008023,56.234411,58.00819896273859,56.23476395501453,28.55136751134135,"https://sun9-79.userapi.com/s/v1/ig2/N581qJZE06kh65-xggbOR7xKkrNoDI2v0--3J05g0hWtqljeiyUBU4UgAp1juUZERkFrYv4-Aeg02Rr_fKaKBACA.jpg?quality=95&as=32x43,48x64,72x96,108x144,160x214,240x320,360x481,480x641,540x721,640x855,720x961,1080x1442,1280x1709,1342x1792&from=bu&cs=1342x0",,False,,synagogue,True,False,-170690865__457251811
457251808,-7,-170690865,-170690865,1655452217,2022-06-17 09:50:17,58.008604,56.234423,58.00819896273859,56.23476395501453,49.31399479698315,"https://sun9-52.userapi.com/s/v1/ig2/Xjo1eeFJHLCAL1DOlX455zWQhzyaEBR6iAHwr3SZNFko57GmRZzW8wsdS1l7QWJDMGbhq7csm58DyzrU9wsJdmCy.jpg?quality=95&as=32x43,48x64,72x96,108x144,160x214,240x320,360x481,480x641,540x721,640x855,720x961,1080x1442,1280x1709,1342x1792&from=bu&cs=1342x0",,False,,synagogue,True,False,-170690865__457251808
457252832,-7,-170690865,-170690865,1659695395,2022-08-05 12:29:55,58.008023,56.234411,58.00819896273859,56.23476395501453,28.55136751134135,"https://sun9-33.userapi.com/s/v1/ig2/BTZJ8s4-bDpDr23zHcFh7klr46uxDhjOW16ItiiEuGluSKyi5gAmA3qa89tI5IqxB1WFiHNw0huQw-EoPSIym_AD.jpg?quality=95&as=32x43,48x64,72x96,108x144,160x213,240x320,360x480,480x640,540x720,640x853,720x960,1080x1440,1280x1707,1344x1792&from=bu&cs=1344x0",,False,,synagogue,True,False,-170690865__457252832
457252831,-7,-170690865,-170690865,1659695395,2022-08-05 12:29:55,58.008023,56.234411,58.00819896273859,56.23476395501453,28.55136751134135,"https://sun9-75.userapi.com/s/v1/ig2/JdbsSiIzaRAnKPXF7YKtj9w2UOwwWfCzhalJsuV4Y4GMlnkeUBDio7rthIfrcK_-PSPQXkteTw08mb9TEL_Dx1t2.jpg?quality=95&as=32x43,48x64,72x96,108x144,160x213,240x320,360x480,480x640,540x720,640x853,720x960,1080x1440,1280x1707,1344x1792&from=bu&cs=1344x0",,False,,synagogue,True,False,-170690865__457252831
457253182,-7,-170690865,-170690865,1661509731,2022-08-26 12:28:51,58.008016,56.234306,58.00819896273859,56.23476395501453,33.78969930208058,"https://sun9-55.userapi.com/s/v1/ig2/Nq1JP7rLYyKg175zcVAf1nigmm_HQpav70_saeGcfvvjlkroW4NSefks1Vx1dZa9jsAmQKjAd4jpysCCnub5APtv.jpg?quality=95&as=32x43,48x64,72x96,108x144,160x213,240x320,360x480,480x640,540x720,640x853,720x960,1080x1440,1280x1707,1344x1792&from=bu&cs=1344x0",,False,,synagogue,True,False,-170690865__457253182
457253180,-7,-170690865,-170690865,1661509731,2022-08-26 12:28:51,58.008016,56.234306,58.00819896273859,56.23476395501453,33.78969930208058,"https://sun9-29.userapi.com/s/v1/ig2/05v045I5C_qT4HcPRUrPXS4AUoHAU5VoAzz8mY5A_t77Jd2zqSFZNbI7izocLRh7PW-V26JHbNhF2tKsBKHQpBer.jpg?quality=95&as=32x43,48x64,72x96,108x144,160x213,240x320,360x480,480x640,540x720,640x853,720x960,1080x1440,1280x1707,1344x1792&from=bu&cs=1344x0",,False,,synagogue,True,False,-170690865__457253180
457253164,-7,-170690865,-170690865,1661508908,2022-08-26 12:15:08,58.008016,56.234306,58.00819896273859,56.23476395501453,33.78969930208058,"https://sun9-38.userapi.com/s/v1/ig2/n49H-YN33ICuhGBHKgkEDJu281JQXvO3iGTyHmX7mU1f3gNRC9eswrCiifVS9qkz_-eJkLnPJYvVLgMKnf7kBWmA.jpg?quality=95&as=32x43,48x64,72x96,108x144,160x213,240x320,360x480,480x640,540x720,640x853,720x960,1080x1440,1280x1707,1344x1792&from=bu&cs=1344x0",,False,,synagogue,True,False,-170690865__457253164
457253055,-7,-170690865,-170690865,1660905186,2022-08-19 12:33:06,58.008016,56.234306,58.00819896273859,56.23476395501453,33.78969930208058,"https://sun9-18.userapi.com/s/v1/ig2/kygrbPu7gnfkyTtYKQnwV5ULh4LJuBdrfTTGjeMXNv0v1kOl_81y0beV8ViND5DLFi9QHIOA5c7ZokVXM5Hzk2wN.jpg?quality=95&as=32x43,48x64,72x96,108x144,160x213,240x320,360x480,480x640,540x720,640x853,720x960,1080x1440,1280x1707,1344x1792&from=bu&cs=1344x0",,False,,synagogue,True,False,-170690865__457253055
457253054,-7,-170690865,-170690865,1660905186,2022-08-19 12:33:06,58.008016,56.234306,58.00819896273859,56.23476395501453,33.78969930208058,"https://sun9-70.userapi.com/s/v1/ig2/78EQ_JxBo29yAXQeAE8Bxj12jaLPcvXJ6qLYhfw-37eYvCJLOTcSM0K4c4C1rt71kvazzDAS9pMrF6FSaDc0oaTy.jpg?quality=95&as=32x43,48x64,72x96,108x144,160x213,240x320,360x480,480x640,540x720,640x853,720x960,1080x1440,1280x1707,1344x1792&from=bu&cs=1344x0",,False,,synagogue,True,False,-170690865__457253054
457253052,-7,-170690865,-170690865,1660905080,2022-08-19 12:31:20,58.008023,56.234411,58.00819896273859,56.23476395501453,28.55136751134135,"https://sun9-21.userapi.com/s/v1/ig2/U1x6OBmYq2D_qQI1a_HHn1GWLt1-dVAOt0ct0rNgCu18iA0F9hecBTeFbEpAcp2V_9e-Dc1NAjEbmH7oV06bHR7d.jpg?quality=95&as=32x43,48x64,72x96,108x144,160x213,240x320,360x480,480x640,540x720,640x853,720x960,1080x1440,1280x1707,1344x1792&from=bu&cs=1344x0",,False,,synagogue,True,False,-170690865__457253052
457253618,-7,-170690865,-170690865,1663316370,2022-09-16 10:19:30,58.008016,56.234306,58.00819896273859,56.23476395501453,33.78969930208058,"https://sun9-67.userapi.com/s/v1/ig2/OZ9hXCl-AJiuvlT2FP99VC1OsRb3HBOAQCHL3vz-1dLnsItaDkMuhEwb44IFpnwNa_ft-YSqtqnpVnLig_AU4V7k.jpg?quality=95&as=32x43,48x64,72x96,108x144,160x213,240x320,360x480,480x640,540x720,640x853,720x960,1080x1440,1280x1707,1344x1792&from=bu&cs=1344x0",,False,,synagogue,True,False,-170690865__457253618
457253613,-7,-170690865,-170690865,1663316216,2022-09-16 10:16:56,58.008016,56.234306,58.00819896273859,56.23476395501453,33.78969930208058,"https://sun9-33.userapi.com/s/v1/ig2/fEziDP7qmQ9iSzPNFzu2QadVOdrjeC-rDT3eD4hvOT4kmtwn8qPlIZ9C60OynvKuFRMO3Z3wVDUxNmAEzsNvQHUm.jpg?quality=95&as=32x43,48x64,72x96,108x144,160x213,240x320,360x480,480x640,540x720,640x853,720x960,1080x1440,1280x1707,1344x1792&from=bu&cs=1344x0",,False,,synagogue,True,False,-170690865__457253613
457253348,-7,-170690865,-170690865,1662114653,2022-09-02 12:30:53,58.008016,56.234306,58.00819896273859,56.23476395501453,33.78969930208058,"https://sun9-71.userapi.com/s/v1/ig2/reklBGa8ov3yq4WHUGYd8JJSUHGxrsaATHVVIuXaoq6_jE_qLfk16mWUMVJuk9DREdrDd4yN8yj55zrluH5qsARk.jpg?quality=95&as=32x43,48x64,72x96,108x144,160x213,240x320,360x480,480x640,540x720,640x853,720x960,1080x1440,1280x1707,1344x1792&from=bu&cs=1344x0",,False,,synagogue,True,False,-170690865__457253348
457254259,-7,-170690865,-170690865,1666956221,2022-10-28 13:23:41,58.008016,56.234306,58.00819896273859,56.23476395501453,33.78969930208058,"https://sun9-28.userapi.com/s/v1/ig2/pBnIoFNBMVzDBaDz3PHBNV4naYE3N8AL7S1c0hTVmimtQlpXsuSIFG44VhWW8KxxU5d9OPRlyBx7OuA_CWoJgsOu.jpg?quality=95&as=32x43,48x64,72x96,108x144,160x213,240x320,360x480,480x640,540x720,640x853,720x960,1080x1440,1280x1707,1344x1792&from=bu&cs=1344x0",,False,,synagogue,True,False,-170690865__457254259
457254257,-7,-170690865,-170690865,1666956149,2022-10-28 13:22:29,58.008023,56.234411,58.00819896273859,56.23476395501453,28.55136751134135,"https://sun9-87.userapi.com/s/v1/ig2/uIUAamVN8WNkFz-qCzGG7dVt6AaQXXfxB3tsSe_4vygXcI3CUVqsr-LrxObdXkj_QjOcb-2D3-XUPdNr4vKcqvAb.jpg?quality=95&as=32x43,48x64,72x96,108x144,160x213,240x320,360x480,480x640,540x720,640x853,720x960,1080x1440,1280x1707,1344x1792&from=bu&cs=1344x0",,False,,synagogue,True,False,-170690865__457254257
457254451,-7,-170690865,-170690865,1668172137,2022-11-11 14:08:57,58.008016,56.234306,58.00819896273859,56.23476395501453,33.78969930208058,"https://sun9-78.userapi.com/s/v1/ig2/Oyj5ylLy_5rQNotCUOj7_XXRHAZ26Ll1p3U_mDS5OSNbv1YFyIhlD7SWBip2ucZLG8t40PjilRvr8zTe5mcrQNbg.jpg?quality=95&as=32x43,48x64,72x96,108x144,160x213,240x320,360x480,480x640,540x720,640x853,720x960,1080x1440,1280x1707,1344x1792&from=bu&cs=1344x0",,False,,synagogue,True,False,-170690865__457254451
457254424,-7,-170690865,-170690865,1668170855,2022-11-11 13:47:35,58.008023,56.234411,58.00819896273859,56.23476395501453,28.55136751134135,"https://sun9-28.userapi.com/s/v1/ig2/y3Tu6LIqoewUpDTId2xEhrCe-MoAUTA1LT5lvO1dbT-BuVJkEjq40EUvn_03QNU01ok_ctoZ3HHEkX0YjQLNrx-G.jpg?quality=95&as=32x43,48x64,72x96,108x144,160x213,240x320,360x480,480x640,540x720,640x853,720x960,1080x1440,1280x1707,1344x1792&from=bu&cs=1344x0",,False,,synagogue,True,False,-170690865__457254424
457254340,-7,-170690865,-170690865,1667564539,2022-11-04 13:22:19,58.008016,56.234306,58.00819896273859,56.23476395501453,33.78969930208058,"https://sun9-19.userapi.com/s/v1/ig2/WT2NMetuGWKDgeq1kBkE_pvUmTbhMq0WFxMymYkPTYnCeqm7JgteHy5H_bGfmWdnIwo1CCF8Uug52PBAwhKUwjn-.jpg?quality=95&as=32x43,48x64,72x96,108x144,160x213,240x320,360x480,480x640,540x720,640x853,720x960,1080x1440,1280x1707,1344x1792&from=bu&cs=1344x0",,False,,synagogue,True,False,-170690865__457254340
457254335,-7,-170690865,-170690865,1667564396,2022-11-04 13:19:56,58.008016,56.234306,58.00819896273859,56.23476395501453,33.78969930208058,"https://sun9-50.userapi.com/s/v1/ig2/8jdXpvy75tv1khjCxJo7Npm9qef7Ihgqfj5G3m2FZmFfsLdcfPK45TvA-z15QhZl3TRjEFtxIUqkj6RgzE_J5g4Y.jpg?quality=95&as=32x43,48x64,72x96,108x144,160x213,240x320,360x480,480x640,540x720,640x853,720x960,1080x1440,1280x1707,1344x1792&from=bu&cs=1344x0",,False,,synagogue,True,False,-170690865__457254335
457254330,-7,-170690865,-170690865,1667564102,2022-11-04 13:15:02,58.008016,56.234306,58.00819896273859,56.23476395501453,33.78969930208058,"https://sun9-11.userapi.com/s/v1/ig2/2AlEUolBoUcI0yrnZVjZifJPRwYBsJAa5YvsxdCcD_UfUpgH9K2NaTkvKk6Ff5QNnjiSZ8bVJmAFE_kKB4wziS01.jpg?quality=95&as=32x43,48x64,72x96,108x144,160x213,240x320,360x480,480x640,540x720,640x853,720x960,1080x1440,1280x1707,1344x1792&from=bu&cs=1344x0",,False,,synagogue,True,False,-170690865__457254330
457254704,-7,-170690865,-170690865,1669377155,2022-11-25 12:52:35,58.008016,56.234306,58.00819896273859,56.23476395501453,33.78969930208058,"https://sun9-15.userapi.com/s/v1/ig2/6QiG2NWdcRNe9hHmyvmjj6pTXnx2O4UAvkFBuF58WFLiAitROiV_Q54Y8JTc7Vs80AiYXPzIiTQLjOrFMztSegz-.jpg?quality=95&as=32x43,48x64,72x96,108x144,160x213,240x320,360x480,480x640,540x720,640x853,720x960,1080x1440,1280x1707,1344x1792&from=bu&cs=1344x0",,False,,synagogue,True,False,-170690865__457254704
457254702,-7,-170690865,-170690865,1669376874,2022-11-25 12:47:54,58.008023,56.234411,58.00819896273859,56.23476395501453,28.55136751134135,"https://sun9-47.userapi.com/s/v1/ig2/wsasQmSN1IrDBHp5CfmUDdltUEIL6MkK-Onlgv6rqkT0DvykY2B2Fx0Y7xvX0XC-UKaYeZMT3u-Dq87-ixmsOA6x.jpg?quality=95&as=32x43,48x64,72x96,108x144,160x213,240x320,360x480,480x640,540x720,640x853,720x960,1080x1440,1280x1707,1344x1792&from=bu&cs=1344x0",,False,,synagogue,True,False,-170690865__457254702
457255051,-7,-170690865,-170690865,1671774072,2022-12-23 06:41:12,58.008023,56.234411,58.00819896273859,56.23476395501453,28.55136751134135,"https://sun9-80.userapi.com/s/v1/ig2/Id6U3P60ScUUtd5iF0n3-CqIesYIal27x8xFN1wOCL7H9qVCpTYkYheAOvR1rtrDZAdkVf-RpCHxFxGGJikSXc3a.jpg?quality=95&as=32x43,48x64,72x96,108x144,160x213,240x320,360x480,480x640,540x720,640x853,720x960,1080x1440,1280x1707,1344x1792&from=bu&cs=1344x0",,False,,synagogue,True,False,-170690865__457255051
457255043,-7,-170690865,-170690865,1671773816,2022-12-23 06:36:56,58.008016,56.234306,58.00819896273859,56.23476395501453,33.78969930208058,"https://sun9-20.userapi.com/s/v1/ig2/yDigAgyj9lJJTty6oLv8fniA5Dqr4vyyRIlX7JEbMiKXSM0TaEBJe7CR0t_L_oI5fonZ87tvYZk9NSVVO7q93puw.jpg?quality=95&as=32x43,48x64,72x96,108x144,160x213,240x320,360x480,480x640,540x720,640x853,720x960,1080x1440,1280x1707,1344x1792&from=bu&cs=1344x0",,False,,synagogue,True,False,-170690865__457255043
457255035,-7,-170690865,-170690865,1671773728,2022-12-23 06:35:28,58.008016,56.234306,58.00819896273859,56.23476395501453,33.78969930208058,"https://sun9-3.userapi.com/s/v1/ig2/i_RRRVZYWrp5P4HU4rUdm3vFo2ObuZHs34iQQZRuP_OybIY-TF17olTSQ8zy2YjzdfBeOhjc4pNscBUcqI1H8VM3.jpg?quality=95&as=32x43,48x64,72x96,108x144,160x213,240x320,360x480,480x640,540x720,640x853,720x960,1080x1440,1280x1707,1344x1792&from=bu&cs=1344x0",,False,,synagogue,True,False,-170690865__457255035
457255036,-7,-170690865,-170690865,1671773728,2022-12-23 06:35:28,58.008016,56.234306,58.00819896273859,56.23476395501453,33.78969930208058,"https://sun9-80.userapi.com/s/v1/ig2/iKmZKGOP0TPh35dMEChV85IUIEV2_Vuf1NRpCoD0BYf6PZgb4YKdBefByjW0secXwgwqr7l1iP_m46MsW05CJ0wd.jpg?quality=95&as=32x43,48x64,72x96,108x144,160x213,240x320,360x480,480x640,540x720,640x853,720x960,1080x1440,1280x1707,1344x1792&from=bu&cs=1344x0",,False,,synagogue,True,False,-170690865__457255036
457255034,-7,-170690865,-170690865,1671773728,2022-12-23 06:35:28,58.008016,56.234306,58.00819896273859,56.23476395501453,33.78969930208058,"https://sun9-19.userapi.com/s/v1/ig2/4Sx8x-r1AONUMVM7bPerZkwGTL0jvpm10KqxUBY9tB4Lwni0URPk8AKWu-4nCh7IXqUiyoJsEJOL9jOhmMuk0jOz.jpg?quality=95&as=32x43,48x64,72x96,108x144,160x213,240x320,360x480,480x640,540x720,640x853,720x960,1080x1440,1280x1707,1344x1792&from=bu&cs=1344x0",,False,,synagogue,True,False,-170690865__457255034
457239574,290517547,627608389,627608389,1671766371,2022-12-23 04:32:51,58.007911,56.234094,58.00819896273859,56.23476395501453,50.82307597422893,"https://sun9-88.userapi.com/s/v1/ig2/QIcksehbcPhxdK_m2c66zFWe8gn_n_b8eYEHGOp3E1EV1fgn3Dd02xPZODg5iV_2zeuwe_EuoQy3S2wGibA7Ebrm.jpg?quality=95&as=32x43,48x64,72x96,108x144,160x213,240x320,360x480,480x640,540x720,640x853,720x960,960x1280&from=bu&cs=960x0",,False,,synagogue,True,False,627608389__457239574
457254964,-7,-170690865,-170690865,1671186047,2022-12-16 11:20:47,58.008023,56.234411,58.00819896273859,56.23476395501453,28.55136751134135,"https://sun9-72.userapi.com/s/v1/ig2/pL4asC87mmb3umXjgsdfD8-gRc-FSKArKYztbCIs29OmaTrbKDnbFs5oPc_MNlV1wQ_6F-ABbHZ-kdsYO6VHiO6p.jpg?quality=95&as=32x43,48x64,72x96,108x144,160x213,240x320,360x480,480x640,540x720,640x853,720x960,1080x1440,1280x1707,1344x1792&from=bu&cs=1344x0",,False,,synagogue,True,False,-170690865__457254964
457254959,-7,-170690865,-170690865,1671185976,2022-12-16 11:19:36,58.008023,56.234411,58.00819896273859,56.23476395501453,28.55136751134135,"https://sun9-65.userapi.com/s/v1/ig2/ash3TwW1Kpf2Qz3LuoBn7Xz3Cq0ohwGL1n4sVG9Q6pBBZQLy6naWHcLBtHvnrzYLg6pxBPcVVH1R9sObj8OF3n6r.jpg?quality=95&as=32x43,48x64,72x96,108x144,160x213,240x320,360x480,480x640,540x720,640x853,720x960,1080x1440,1280x1707,1344x1792&from=bu&cs=1344x0",,False,,synagogue,True,False,-170690865__457254959
457254958,-7,-170690865,-170690865,1671185976,2022-12-16 11:19:36,58.008023,56.234411,58.00819896273859,56.23476395501453,28.55136751134135,"https://sun9-23.userapi.com/s/v1/ig2/iCNLWab0lX55WBc1RW4E5px8lDkVmilTVA8uoa9wt-mdS2fmyh7XexSRzQXT4bZxFcVhwMDim3b9gQzkcv2PBJAw.jpg?quality=95&as=32x43,48x64,72x96,108x144,160x213,240x320,360x480,480x640,540x720,640x853,720x960,1080x1440,1280x1707,1344x1792&from=bu&cs=1344x0",,False,,synagogue,True,False,-170690865__457254958
457254956,-7,-170690865,-170690865,1671185671,2022-12-16 11:14:31,58.008023,56.234411,58.00819896273859,56.23476395501453,28.55136751134135,"https://sun9-35.userapi.com/s/v1/ig2/QRBo-RuTbaOvBfWVHf-1yiNTgWo-P5hZe5eYAF3BFggtQGoX-9YgxbnbBHC1XF_5F2kUh5JvjiuOgd54SiEwte5H.jpg?quality=95&as=32x43,48x64,72x96,108x144,160x213,240x320,360x480,480x640,540x720,640x853,720x960,1080x1440,1280x1707,1344x1792&from=bu&cs=1344x0",,False,,synagogue,True,False,-170690865__457254956
457254954,-7,-170690865,-170690865,1671185584,2022-12-16 11:13:04,58.008016,56.234306,58.00819896273859,56.23476395501453,33.78969930208058,"https://sun9-2.userapi.com/s/v1/ig2/WCzRZVC4t1a0AOZ1aGPT5MZ0PmH71zVIjmzBOkiDyscUkXOtCZx5hXG16dXk1SIoSBXk-H4jYdSWcNkFPpyZdDec.jpg?quality=95&as=32x43,48x64,72x96,108x144,160x213,240x320,360x480,480x640,540x720,640x853,720x960,1080x1440,1280x1707,1344x1792&from=bu&cs=1344x0",,False,,synagogue,True,False,-170690865__457254954
457254948,-7,-170690865,-170690865,1671185410,2022-12-16 11:10:10,58.008023,56.234411,58.00819896273859,56.23476395501453,28.55136751134135,"https://sun9-43.userapi.com/s/v1/ig2/fks6GUnbQb-anwRWaV65ka0jJUDKIOcHx1BaaSBPIK2-jp0vQ9teAgEWOLzhKGdvXb826ASngisIT5wSOpJxMSfR.jpg?quality=95&as=32x43,48x64,72x96,108x144,160x213,240x320,360x480,480x640,540x720,640x853,720x960,1080x1440,1280x1707,1344x1792&from=bu&cs=1344x0",,False,,synagogue,True,False,-170690865__457254948
457255304,-7,-170690865,-170690865,1673584358,2023-01-13 05:32:38,58.008016,56.234306,58.00819896273859,56.23476395501453,33.78969930208058,"https://sun9-79.userapi.com/s/v1/ig2/5Vnc5iBgB2roPRfA7gipIpcJUroDgLD5dDB4uUKyWEpuI1O_ZHHa0k7B_bhs9y73tI-3WusLICrbUJhmTgPwl1Mm.jpg?quality=95&as=32x43,48x64,72x96,108x144,160x213,240x320,360x480,480x640,540x720,640x853,720x960,1080x1440,1280x1707,1344x1792&from=bu&cs=1344x0",,False,,synagogue,True,False,-170690865__457255304
457255214,-7,-170690865,-170690865,1673007748,2023-01-06 13:22:28,58.008023,56.234411,58.00819896273859,56.23476395501453,28.55136751134135,"https://sun9-70.userapi.com/s/v1/ig2/ecBQxT_P2lMf8JFzxD2tU-dZekfK3mVA9qqoANXxN1CGgP2RoUCHfEWRL54L2ADczcYEB8t2YJbL7bJ5hgevb2KO.jpg?quality=95&as=32x43,48x64,72x96,108x144,160x213,240x320,360x480,480x640,540x720,640x853,720x960,1080x1440,1280x1707,1344x1792&from=bu&cs=1344x0",,False,,synagogue,True,False,-170690865__457255214
457255201,-7,-170690865,-170690865,1673007307,2023-01-06 13:15:07,58.008023,56.234411,58.00819896273859,56.23476395501453,28.55136751134135,"https://sun9-65.userapi.com/s/v1/ig2/uwgfGZga9zs82CuPhUTwbKQQACqvBED5nNJJVLUUlS3UEnTQuy_3IM4iqFFErRksD2kse5yUoxAn-via36dXAzcK.jpg?quality=95&as=32x43,48x64,72x96,108x144,160x213,240x320,360x480,480x640,540x720,640x853,720x960,1080x1440,1280x1707,1344x1792&from=bu&cs=1344x0",,False,,synagogue,True,False,-170690865__457255201
457255200,-7,-170690865,-170690865,1673007307,2023-01-06 13:15:07,58.008023,56.234411,58.00819896273859,56.23476395501453,28.55136751134135,"https://sun9-63.userapi.com/s/v1/ig2/FQGQQYFJvZhS1OepcF58v-wIGhAoh0Nvpk9USbeiL-nBmFkeeV3WWYsEvs1C0CI_VholovK41uYAGkhZyp6z4qpZ.jpg?quality=95&as=32x43,48x64,72x96,108x144,160x213,240x320,360x480,480x640,540x720,640x853,720x960,1080x1440,1280x1707,1344x1792&from=bu&cs=1344x0",,False,,synagogue,True,False,-170690865__457255200
457255199,-7,-170690865,-170690865,1673007307,2023-01-06 13:15:07,58.008016,56.234306,58.00819896273859,56.23476395501453,33.78969930208058,"https://sun9-43.userapi.com/s/v1/ig2/lHIVmh-ilzU4cm0Lbt0HbHmWNZvz1zqxduzItdtaOHo7p5r6FP7nV7_nRrOZNWPtT9AHXpmqflAnmVRU1R-241eY.jpg?quality=95&as=32x43,48x64,72x96,108x144,160x213,240x320,360x480,480x640,540x720,640x853,720x960,1080x1440,1280x1707,1344x1792&from=bu&cs=1344x0",,False,,synagogue,True,False,-170690865__457255199
457255544,-7,-170690865,-170690865,1674827264,2023-01-27 14:47:44,58.008023,56.234411,58.00819896273859,56.23476395501453,28.55136751134135,"https://sun9-53.userapi.com/s/v1/ig2/WXTGgsrz7G4UKrRjt8kMgyzjyUyqxka0w3KAJ8LO3prdbyEKoa0IneebJmhNh0I7sPltVwUDxX_RPiFWsPRUYkUP.jpg?quality=95&as=32x43,48x64,72x96,108x144,160x213,240x320,360x480,480x640,540x720,640x853,720x960,1080x1440,1280x1707,1344x1792&from=bu&cs=1344x0",,False,,synagogue,True,False,-170690865__457255544
457255421,-7,-170690865,-170690865,1674217661,2023-01-20 13:27:41,58.008023,56.234411,58.00819896273859,56.23476395501453,28.55136751134135,"https://sun9-50.userapi.com/s/v1/ig2/q56s-FdMrqMSDe-kLMLhw0-YiAg6C6w0Edv4vEifGTIrQbvgCPHhEvH08NQHcSZGEi0gU5GYvg54UKZM9Yu1ksMB.jpg?quality=95&as=32x43,48x64,72x96,108x144,160x213,240x320,360x480,480x640,540x720,640x853,720x960,1080x1440,1280x1707,1344x1792&from=bu&cs=1344x0",,False,,synagogue,True,False,-170690865__457255421
457255703,-7,-170690865,-170690865,1676027417,2023-02-10 12:10:17,58.008016,56.234306,58.00819896273859,56.23476395501453,33.78969930208058,"https://sun9-22.userapi.com/s/v1/ig2/nMldLcPmhY09TaTTjtwbz9yBy8r5YSbZGMpgXHJy9AmdyRW7ncKlHS2otOrExCKu6W_ixvLI0wl96RZNnvauLs00.jpg?quality=95&as=32x43,48x64,72x96,108x144,160x213,240x320,360x480,480x640,540x720,640x853,720x960,1080x1440,1280x1707,1344x1792&from=bu&cs=1344x0",,False,,synagogue,True,False,-170690865__457255703
457255701,-7,-170690865,-170690865,1676027327,2023-02-10 12:08:47,58.008016,56.234306,58.00819896273859,56.23476395501453,33.78969930208058,"https://sun9-74.userapi.com/s/v1/ig2/xWECSO_3td8mwCs6GdyzaruPl4UIKIOVIT58sTR5oh6pOC3hBKsO4Fe8SdxQDGGhHBFHtRNWJUKHKEtkjdjjdrfU.jpg?quality=95&as=32x43,48x64,72x96,108x144,160x213,240x320,360x480,480x640,540x720,640x853,720x960,1080x1440,1280x1707,1344x1792&from=bu&cs=1344x0",,False,,synagogue,True,False,-170690865__457255701
457255702,-7,-170690865,-170690865,1676027327,2023-02-10 12:08:47,58.008016,56.234306,58.00819896273859,56.23476395501453,33.78969930208058,"https://sun9-20.userapi.com/s/v1/ig2/H_dugwK5bJlCFesXDvSKh9LLqkNitNXVNPEFTuM785qBTrxQ_9VDMqDdV3IWhRtScPp9TgkKFmRRgPFUFWrCohYn.jpg?quality=95&as=32x43,48x64,72x96,108x144,160x213,240x320,360x480,480x640,540x720,640x853,720x960,1080x1440,1280x1707,1344x1792&from=bu&cs=1344x0",,False,,synagogue,True,False,-170690865__457255702
457255700,-7,-170690865,-170690865,1676027327,2023-02-10 12:08:47,58.008016,56.234306,58.00819896273859,56.23476395501453,33.78969930208058,"https://sun9-67.userapi.com/s/v1/ig2/cA7AuPVE4D5O2BxpKBHKylpAR0HbOfJ-ZXB-F4JDzd6OiGVyRPBQHcyWVLL2RK2JauvI45UhxP53mZFw-EVFQPF5.jpg?quality=95&as=32x43,48x64,72x96,108x144,160x213,240x320,360x480,480x640,540x720,640x853,720x960,1080x1440,1280x1707,1344x1792&from=bu&cs=1344x0",,False,,synagogue,True,False,-170690865__457255700
457255894,-7,-170690865,-170690865,1677236621,2023-02-24 12:03:41,58.008016,56.234306,58.00819896273859,56.23476395501453,33.78969930208058,"https://sun9-22.userapi.com/s/v1/ig2/c3vljgnFG1xJa_Cf_GAFN91RRUuiTyNWmHGuyP3qIfDi4Qy3Yarn6EpiBZrAuwJE52q85qXnCT6TZU1Fr7FxrVVg.jpg?quality=95&as=32x43,48x64,72x96,108x144,160x214,240x320,360x481,480x641,540x721,640x855,720x961,1080x1442,1280x1709,1342x1792&from=bu&cs=1342x0",,False,,synagogue,True,False,-170690865__457255894
457255893,-7,-170690865,-170690865,1677236621,2023-02-24 12:03:41,58.008023,56.234411,58.00819896273859,56.23476395501453,28.55136751134135,"https://sun9-52.userapi.com/s/v1/ig2/bRwWJTKj9JlOpgkn5qSFm-W2yYTDkH0kTNqBDvPK5XX-jT8WA0sLKJKgtOquUmxI8i80sls8jDRl108MmxEBEZWA.jpg?quality=95&as=32x43,48x64,72x96,108x144,160x214,240x320,360x481,480x641,540x721,640x855,720x961,1080x1442,1280x1709,1342x1792&from=bu&cs=1342x0",,False,,synagogue,True,False,-170690865__457255893
457255808,-7,-170690865,-170690865,1676639353,2023-02-17 14:09:13,58.008016,56.234306,58.00819896273859,56.23476395501453,33.78969930208058,"https://sun9-62.userapi.com/s/v1/ig2/B-7lavaAX-9mn1wk0vGHvbeXuaSl2tkIqXNPjgTlFr5IDTIQE8L_HsskbrI2asjP6bXnqk_saE_zQor9e5y3o15I.jpg?quality=95&as=32x43,48x64,72x96,108x144,160x213,240x320,360x480,480x640,540x720,640x853,720x960,1080x1440,1280x1707,1344x1792&from=bu&cs=1344x0",,False,,synagogue,True,False,-170690865__457255808
457255806,-7,-170690865,-170690865,1676639276,2023-02-17 14:07:56,58.008016,56.234306,58.00819896273859,56.23476395501453,33.78969930208058,"https://sun9-32.userapi.com/s/v1/ig2/MTQbLu9CGF_M5BM0uh-rvPt0qf65Aow57u4EVzVEjJFWHrbZzy1CJ6b8wdTRZ4BuwpFvdT2cZTu7kmgTP6clNNkZ.jpg?quality=95&as=32x43,48x64,72x96,108x144,160x213,240x320,360x480,480x640,540x720,640x853,720x960,1080x1440,1280x1707,1344x1792&from=bu&cs=1344x0",,False,,synagogue,True,False,-170690865__457255806
457256525,-7,-170690865,-170690865,1680885706,2023-04-07 18:41:46,58.008016,56.234306,58.00819896273859,56.23476395501453,33.78969930208058,"https://sun9-51.userapi.com/s/v1/ig2/J_dmaT8_QBxU1LUfqgt1rKbWii2Hkq9Yqb8HcR6A1iXd_7Gdh5yir0hConvrUav13p5atuChdlE7ZEcolNLQOyeL.jpg?quality=95&as=32x43,48x64,72x96,108x144,160x214,240x320,360x481,480x641,540x721,640x855,720x961,1080x1442,1280x1709,1342x1792&from=bu&cs=1342x0",,False,,synagogue,True,False,-170690865__457256525
457242765,-7,-194619161,-194619161,1680257105,2023-03-31 12:05:05,58.007715,56.234914,58.00819896273859,56.23476395501453,54.535328999557485,"https://sun9-21.userapi.com/s/v1/ig2/XGNupBjfqf2hjMX6wemcOwhUf4KBQAf9Ds5GOKDohq6_igWAQrXKekxjJV90EyevMd22-txgOElXm5PVcz-nh583.jpg?quality=95&as=32x43,48x64,72x96,108x144,160x213,240x320,360x480,480x640,540x720,640x853,720x960,1080x1440,1280x1707,1440x1920,1920x2560&from=bu&cs=1920x0",,False,,synagogue,True,False,-194619161__457242765
457256806,-7,-170690865,-170690865,1682090310,2023-04-21 17:18:30,58.008016,56.234306,58.00819896273859,56.23476395501453,33.78969930208058,"https://sun9-4.userapi.com/s/v1/ig2/zKs0CrK_FYsoPvcNY0Go4i3jlz8s1C7j6OOlR2OCYad9T0em1TZVxprfFqgaG7nxKizxHKhtzG8jTbJV-O_xs3IC.jpg?quality=95&as=32x43,48x64,72x96,108x144,160x214,240x320,360x481,480x641,540x721,640x855,720x961,1080x1442,1280x1709,1342x1792&from=bu&cs=1342x0",,False,,synagogue,True,False,-170690865__457256806
457256790,-7,-170690865,-170690865,1682089715,2023-04-21 17:08:35,58.008016,56.234306,58.00819896273859,56.23476395501453,33.78969930208058,"https://sun9-43.userapi.com/s/v1/ig2/K-rldTay4nQNl6oqfP2jpsuW6w1a4RR1Nme2eIilL5k4vGqZ79SrU7kgVwah15PXxcPxMfuv-ZJ22jy4WwzabgJ8.jpg?quality=95&as=32x43,48x64,72x96,108x144,160x214,240x320,360x481,480x641,540x721,640x855,720x961,1080x1442,1280x1709,1342x1792&from=bu&cs=1342x0",,False,,synagogue,True,False,-170690865__457256790
457256657,-7,-170690865,-170690865,1681483043,2023-04-14 16:37:23,58.008016,56.234306,58.00819896273859,56.23476395501453,33.78969930208058,"https://sun9-74.userapi.com/s/v1/ig2/pVcRIuVNKh8QmLtVvsLLP9wkICZZ2Y9Bkogih_hr_YW7YXBjsmQ-rWV5ZgSeKfpE-cymaGOzurPcPAvXfk7JaesM.jpg?quality=95&as=32x43,48x64,72x96,108x144,160x214,240x320,360x481,480x641,540x721,640x855,720x961,1080x1442,1280x1709,1342x1792&from=bu&cs=1342x0",,False,,synagogue,True,False,-170690865__457256657
457256650,-7,-170690865,-170690865,1681482434,2023-04-14 16:27:14,58.008023,56.234411,58.00819896273859,56.23476395501453,28.55136751134135,"https://sun9-19.userapi.com/s/v1/ig2/377zkvvvbc_bqSOIjyKmTdF3pLnv3cnXXpZ1o2alTnkIcJXpkaVukP-XfzMlNtQ0ZQKWlAfmuw3Y_TsLjC4rx7d3.jpg?quality=95&as=32x43,48x64,72x96,108x144,160x214,240x320,360x481,480x641,540x721,640x855,720x961,1080x1442,1280x1709,1342x1792&from=bu&cs=1342x0",,False,,synagogue,True,False,-170690865__457256650
457256649,-7,-170690865,-170690865,1681482434,2023-04-14 16:27:14,58.008023,56.234411,58.00819896273859,56.23476395501453,28.55136751134135,"https://sun9-27.userapi.com/s/v1/ig2/mSRInQdnOFfHk-OdkWhmRWbovZvRx0WyHAtdxIA5upLwZfoEjfnfjPf0FUa4aUUpdm0ok8Buo1vuYBlvEfHE_nM0.jpg?quality=95&as=32x43,48x64,72x96,108x144,160x214,240x320,360x481,480x641,540x721,640x855,720x961,1080x1442,1280x1709,1342x1792&from=bu&cs=1342x0",,False,,synagogue,True,False,-170690865__457256649
457256651,-7,-170690865,-170690865,1681482434,2023-04-14 16:27:14,58.008023,56.234411,58.00819896273859,56.23476395501453,28.55136751134135,"https://sun9-50.userapi.com/s/v1/ig2/hGc0O2t7tIrjmBlrT0fL8m9-Dj8QQCWDHvF8HME8znoWhMjoOx9wgHMfWjiYsdkrU1GZP6NXnOpCb9UjZq9TRfEP.jpg?quality=95&as=32x43,48x64,72x96,108x144,160x214,240x320,360x481,480x641,540x721,640x855,720x961,1080x1442,1280x1709,1342x1792&from=bu&cs=1342x0",,False,,synagogue,True,False,-170690865__457256651
457256954,-7,-170690865,-170690865,1682687689,2023-04-28 15:14:49,58.008023,56.234411,58.00819896273859,56.23476395501453,28.55136751134135,"https://sun9-35.userapi.com/s/v1/ig2/thvn5QFmnR1sCT5l3yT47gnyT61YDmt9VRMbbj_c72m2DFfpgGGELdU7hmkF4KlOJ5tPeFM7du_N64mapuie9Dah.jpg?quality=95&as=32x43,48x64,72x96,108x144,160x213,240x320,360x480,480x640,540x720,640x853,720x960,1080x1440,1280x1707,1398x1864&from=bu&cs=1398x0",,False,,synagogue,True,False,-170690865__457256954
457256947,-7,-170690865,-170690865,1682687180,2023-04-28 15:06:20,58.008016,56.234306,58.00819896273859,56.23476395501453,33.78969930208058,"https://sun9-79.userapi.com/s/v1/ig2/9zcTzVGq-QhOAU5W92imIDImLmoESTxXooxxaoeKFAmwpUCgKZsAhXnQgwUYyfPhlhxkPubhP6mDQgJg1Arbrbti.jpg?quality=95&as=32x43,48x64,72x96,108x144,160x213,240x320,360x480,480x640,540x720,640x853,720x960,1080x1440,1280x1707,1398x1864&from=bu&cs=1398x0",,False,,synagogue,True,False,-170690865__457256947
457256946,-7,-170690865,-170690865,1682687180,2023-04-28 15:06:20,58.008016,56.234306,58.00819896273859,56.23476395501453,33.78969930208058,"https://sun9-16.userapi.com/s/v1/ig2/Yo8r2HDo5LBilfmXWG9Mucp9RIJAoUG9zR104_CVYZNFbrWKkv-YeYZU6W3Dy639I48mRcSRmkKv5BwAOjWzkmfs.jpg?quality=95&as=32x43,48x64,72x96,108x144,160x213,240x320,360x480,480x640,540x720,640x853,720x960,1080x1440,1280x1707,1398x1864&from=bu&cs=1398x0",,False,,synagogue,True,False,-170690865__457256946
457241181,-7,-224421397,-224421397,1717767732,2024-06-07 15:42:12,58.008604,56.234423,58.00819896273859,56.23476395501453,49.31399479698315,"https://sun9-20.userapi.com/s/v1/ig2/pv1kaDp8coN1xm1x-4la3SKoidF2piPCx1GcV30aUTy80ptR10Bg-CnC1WVdllgxqx4TZBsALhf1sVc8rMLkogeG.jpg?quality=95&as=32x43,48x64,72x96,108x144,160x213,240x320,360x480,480x640,540x720,640x853,720x960,1080x1440,1280x1707,1440x1920,1920x2560&from=bu&cs=1920x0",,False,,synagogue,True,False,-224421397__457241181
457241182,-7,-224421397,-224421397,1717767732,2024-06-07 15:42:12,58.008604,56.234423,58.00819896273859,56.23476395501453,49.31399479698315,"https://sun9-88.userapi.com/s/v1/ig2/iLnPomeuQBGWoig0zpOXGNUC_H5YAJNmi6mI_yR29E8OSxogtkTYmJvy73oKO8YjEe_sf3OW2Td7n0EmG9RyuCek.jpg?quality=95&as=32x43,48x64,72x96,108x144,160x213,240x320,360x480,480x640,540x720,640x853,720x960,1080x1440,1280x1707,1440x1920,1920x2560&from=bu&cs=1920x0",,False,,synagogue,True,False,-224421397__457241182
457244860,-7,-194619161,-194619161,1714729051,2024-05-03 11:37:31,58.007715,56.234914,58.00819896273859,56.23476395501453,54.535328999557485,"https://sun9-25.userapi.com/s/v1/ig2/Iqr6KGwu_6VzH4jVWbqT6NzF0HKK-P9kPJ05wtuleGNvfbAy_nz9tA4IVaDxSlIJHWFcEmlkzXwiluQk6TppuZpL.jpg?quality=95&as=32x43,48x64,72x96,108x144,160x213,240x320,360x480,480x640,540x720,640x853,720x960,1080x1440,1280x1707,1440x1920,1920x2560&from=bu&cs=1920x0",,False,,synagogue,True,False,-194619161__457244860
457241532,-7,-224421397,-224421397,1722582155,2024-08-02 09:02:35,58.008604,56.234423,58.00819896273859,56.23476395501453,49.31399479698315,"https://sun9-81.userapi.com/s/v1/ig2/64_1wiJ_glk2CsXQlzKZN_aTHB7fmkfb-xs69Rxz683cr3YIfUsBwfxXmm9pPsenRBQUA4GjDJf8l5v5c0awUvEN.jpg?quality=95&as=32x43,48x64,72x96,108x144,160x213,240x320,360x480,480x640,540x720,640x853,720x960,1080x1440,1280x1707,1440x1920,1920x2560&from=bu&cs=1920x0",,False,,synagogue,True,False,-224421397__457241532
457243284,-7,-212577552,-212577552,1725603106,2024-09-06 08:11:46,58.007618,56.236011,58.00819896273859,56.23476395501453,97.82785663198273,"https://sun9-64.userapi.com/s/v1/ig2/eAAl0pB-1ZFL--M_L5LAoQwOLN11Dio5ZbTqSUl-lPP-FW8WWSDShnN-YUyp1etpoSb7LlIC9EqDgJ-Wi8p7JwaA.jpg?quality=95&as=32x43,48x64,72x96,108x144,160x213,240x320,360x480,480x640,540x720,640x853,720x960,1080x1440,1280x1707,1440x1920,1920x2560&from=bu&cs=1920x0",,False,,synagogue,True,False,-212577552__457243284
457242158,-7,-224421397,-224421397,1729861918,2024-10-25 15:11:58,58.008604,56.234423,58.00819896273859,56.23476395501453,49.31399479698315,"https://sun9-52.userapi.com/s/v1/ig2/9N5rPQFBYXsxGiCjgvkAqijem4krKYzyU5a-zeqib7sktyIq6dJhHqgqVROU0CiQIQUKSM_GUXhir40iPqOjge6Y.jpg?quality=95&as=32x43,48x64,72x96,108x144,160x213,240x320,360x480,480x640,540x720,640x853,720x960,1080x1440,1280x1707,1440x1920,1920x2560&from=bu&cs=1920x0",,False,,synagogue,True,False,-224421397__457242158
457242159,-7,-224421397,-224421397,1729861918,2024-10-25 15:11:58,58.008604,56.234423,58.00819896273859,56.23476395501453,49.31399479698315,"https://sun9-83.userapi.com/s/v1/ig2/SFzc7_4SOsGvIYRwObAPkUoBM99GCecHfxlwj16yDUyEDHSdnUaEWf2APr8AMdfUx3O-sYR_5YM2qt-q5sAPWmaJ.jpg?quality=95&as=32x43,48x64,72x96,108x144,160x213,240x320,360x480,480x640,540x720,640x853,720x960,1080x1440,1280x1707,1440x1920,1920x2560&from=bu&cs=1920x0",,False,,synagogue,True,False,-224421397__457242159
457242160,-7,-224421397,-224421397,1729861918,2024-10-25 15:11:58,58.008604,56.234423,58.00819896273859,56.23476395501453,49.31399479698315,"https://sun9-70.userapi.com/s/v1/ig2/FkJrgtsvJg77C9-IGvEOTcVGzwfEhPvNJ_1SnmzJUyUGfd23PUpO4c1qmOnFuXjhzbrZiT2JmYdz-2FY594GjwUj.jpg?quality=95&as=32x43,48x64,72x96,108x144,160x213,240x320,360x480,480x640,540x720,640x853,720x960,1080x1440,1280x1707,1440x1920,1920x2560&from=bu&cs=1920x0",,False,,synagogue,True,False,-224421397__457242160
457242163,-7,-224421397,-224421397,1729861918,2024-10-25 15:11:58,58.008604,56.234423,58.00819896273859,56.23476395501453,49.31399479698315,"https://sun9-41.userapi.com/s/v1/ig2/gduYTckde1_9Pntc46ynsELGJb8CDDTwObwcrIYXAzsDu6Vs5WVEpBb2fgIdC8wbOY5-TzDGtLIocXbTrascLwK8.jpg?quality=95&as=32x43,48x64,72x96,108x144,160x213,240x320,360x480,480x640,540x720,640x853,720x960,1080x1440,1280x1707,1440x1920,1920x2560&from=bu&cs=1920x0",,False,,synagogue,True,False,-224421397__457242163
457242157,-7,-224421397,-224421397,1729861918,2024-10-25 15:11:58,58.008604,56.234423,58.00819896273859,56.23476395501453,49.31399479698315,"https://sun9-65.userapi.com/s/v1/ig2/AYR5ehveu7K7I_a_AF-_LlUhaNPLkZYeW5WdW_wBbzjjwG77OV2UyjDMYO37-VKLDKhPdEKA1ocHjD21YVR9XsWm.jpg?quality=95&as=32x43,48x64,72x96,108x144,160x213,240x320,360x480,480x640,540x720,640x853,720x960,1080x1440,1280x1707,1440x1920,1920x2560&from=bu&cs=1920x0",,False,,synagogue,True,False,-224421397__457242157
457242161,-7,-224421397,-224421397,1729861918,2024-10-25 15:11:58,58.008604,56.234423,58.00819896273859,56.23476395501453,49.31399479698315,"https://sun9-17.userapi.com/s/v1/ig2/dcFZa23zBrqtmr1tbAIZK-zFxvd6SL5Ay0pMS_4OUjd1MTbF2d-lM8sVpadh_kwnlbwejNZDwmDOQIDdhCpWBtVr.jpg?quality=95&as=32x43,48x64,72x96,108x144,160x213,240x320,360x480,480x640,540x720,640x853,720x960,1080x1440,1280x1707,1440x1920,1920x2560&from=bu&cs=1920x0",,False,,synagogue,True,False,-224421397__457242161
457242164,-7,-224421397,-224421397,1729861918,2024-10-25 15:11:58,58.008604,56.234423,58.00819896273859,56.23476395501453,49.31399479698315,"https://sun9-2.userapi.com/s/v1/ig2/ar8dzw6adAlfOwQrqNUs1UUNl4XpLwGiyce4RgyNVSyH68mdhXmiDM4HwGqeVmGcj_Eq1l7o5AEMZ5H5szYxcwj_.jpg?quality=95&as=32x43,48x64,72x96,108x144,160x213,240x320,360x480,480x640,540x720,640x853,720x960,1080x1440,1280x1707,1440x1920,1920x2560&from=bu&cs=1920x0",,False,,synagogue,True,False,-224421397__457242164
457315996,301537621,-43730800,-43730800,1738306687,2025-01-31 07:58:07,58.007618,56.236011,58.00819896273859,56.23476395501453,97.82785663198273,"https://sun9-7.userapi.com/s/v1/ig2/OFJCF-Vc3M19evLvp1qDB7PUkI1_whkSgRY-8xq4GU2wouPIju4lQL5NdzquKPyXCh8BNog3YKUxA3dVg4pWOZ9o.jpg?quality=95&as=32x37,48x56,72x84,108x126,160x187,240x281,360x422,480x562,540x632,640x749,720x843,1080x1265,1280x1499,1440x1686,2186x2560&from=bu&cs=2186x0",Продано,False,,synagogue,True,False,-43730800__457315996
457321501,301537621,-43730800,-43730800,1755861601,2025-08-22 13:20:01,58.007618,56.236011,58.00819896273859,56.23476395501453,97.82785663198273,"https://sun9-22.userapi.com/s/v1/ig2/rI1_Lr8ehGnlrnttVtD3JvirkU8bKQ7uAL3cyNCjN84szCMsa5z-U5uCj8YWZUshYEHq1AXlOf7VHYoScsgd1uGO.jpg?quality=95&as=32x32,48x48,72x72,108x108,160x160,240x240,360x360,480x480,540x540,640x640,720x720,1080x1080,1280x1280,1440x1441,2559x2560&from=bu&cs=2559x0",Продано,False,,synagogue,True,False,-43730800__457321501
457319398,301537621,-43730800,-43730800,1746795083,2025-05-09 14:51:23,58.007611,56.235906,58.00819896273859,56.23476395501453,93.8128984346702,"https://sun9-75.userapi.com/s/v1/ig2/o9m87GSrsQfuk1jRbFI3JpGMLBqxJf611rdY3sLexXrV6BXiJNidUExwiRDrXHejPayd3cpAMS82xgbBZ4P2IlPU.jpg?quality=95&as=32x57,48x85,72x128,108x192,160x284,240x427,360x640,480x853,540x960,640x1138,720x1280,1080x1920,1280x2276,1440x2560&from=bu&cs=1440x0",Продано,False,,synagogue,True,False,-43730800__457319398
457319397,301537621,-43730800,-43730800,1746795079,2025-05-09 14:51:19,58.007618,56.236011,58.00819896273859,56.23476395501453,97.82785663198273,"https://sun9-52.userapi.com/s/v1/ig2/8ji5fznWuS1mDfLbF38Xtp6iOXLkZmkmn3iVCenFDDd1lTswGe0SuFfC-VSy97Lb_ly1tFtzrNldEO6yunc3vREx.jpg?quality=95&as=32x57,48x85,72x128,108x192,160x284,240x427,360x640,480x853,540x960,640x1138,720x1280,1080x1920,1280x2276,1440x2560&from=bu&cs=1440x0",Продано,False,,synagogue,True,False,-43730800__457319397
457322460,286691131,-43730800,-43730800,1760694217,2025-10-17 11:43:37,58.007618,56.236011,58.00819896273859,56.23476395501453,97.82785663198273,"https://sun9-64.userapi.com/s/v1/ig2/29EyIlyYinggKCjeI78LvJBwrFZsyjRCYUK6zxgKI5w9c93M22mLx0C0srlzw9Fq4qjrwXrMrZj8Jpf4J2RfIVBq.jpg?quality=95&as=32x46,48x69,72x104,108x156,160x231,240x347,360x520,480x693,540x780,640x924,720x1040,1080x1559,1280x1848,1440x2079,1773x2560&from=bu&cs=1773x0","SALE 2900₽ (оплата наличными)

Размер 42,44",False,,synagogue,True,False,-43730800__457322460
321298950,186077839,7291337,7291337,1390419111,2014-01-22 20:31:51,58.007993,56.25491,58.00763133477656,56.255145877976155,42.5484428975692,"https://sun9-38.userapi.com/s/v1/if2/Ll1DwDMP9Tds3Lcde00oxbzPCIP3YS754vhhD-EmhAL7Kjn0vlKIqxjli9-Fc3mPQdlAACe_83faK9sQeRqZK1C4.jpg?quality=96&as=32x24,48x36,72x54,108x81,160x120,240x180,360x270,480x360,540x405,640x480,720x540,960x720&from=bu&cs=960x0",,False,,or avner habad community center,True,False,7291337__321298950
310792304,-7,-54308127,-54308127,1380037634,2013-09-24 17:47:14,58.007679,56.256681,58.00763133477656,56.255145877976155,90.59187709196188,"https://sun9-3.userapi.com/s/v1/if2/COm2CdFIUD0CuZMoTCJlYD4-ziNNpeVQpyMR10vUPsZk1i0_oh0jII-6IVUuwtLf5vWA7sCR8GMorUwB-S-2-tIg.jpg?quality=96&as=32x24,48x36,72x54,108x81,160x120,240x180,360x270,480x360,540x405,640x480,720x540,1080x810,1280x960,1440x1080,2560x1920&from=bu&cs=2560x0",,False,,or avner habad community center,True,False,-54308127__310792304
345485881,-7,108518319,108518319,1417268244,2014-11-29 14:37:24,58.007727,56.254501,58.00763133477656,56.255145877976155,39.4520108412388,"https://sun9-33.userapi.com/s/v1/ig1/rWz1aXaSiBbFiwnXKpc3XO59Cp9CdwkgkPfYIuSc3qux_qJBxXJPSjpPESUqR9QoSjea0g.jpg?quality=96&as=32x57,48x85,72x128,108x192,160x285,240x427,360x641,480x854,540x961,640x1139,720x1282,728x1296&from=bu&cs=728x0",в легендарном,False,,or avner habad community center,True,False,108518319__345485881
345485783,-7,108518319,108518319,1417268181,2014-11-29 14:36:21,58.007727,56.254501,58.00763133477656,56.255145877976155,39.4520108412388,"https://sun9-62.userapi.com/s/v1/ig1/ObroygZL_KXVpalFyDSznYwwf5KL9T3P8B2S9w-ej2c6ci_9ENxCZYMCPX2KBhaXZx7k4g.jpg?quality=96&as=32x57,48x85,72x128,108x192,160x285,240x427,360x641,480x854,540x961,640x1139,720x1282,728x1296&from=bu&cs=728x0",в легендарном,False,,or avner habad community center,True,False,108518319__345485783
345485697,-7,108518319,108518319,1417268119,2014-11-29 14:35:19,58.007727,56.254501,58.00763133477656,56.255145877976155,39.4520108412388,"https://sun9-36.userapi.com/s/v1/ig1/aNsH74HlbgpnWSz4kZN-h50pQgdPftQUsYXuKexYzqxXYW0rNiJrD0T_4bcX5stzPJqmnQ.jpg?quality=96&as=32x57,48x85,72x128,108x192,160x285,240x427,360x641,480x854,540x961,640x1139,720x1282,728x1296&from=bu&cs=728x0",в легендарном,False,,or avner habad community center,True,False,108518319__345485697
345485628,-7,108518319,108518319,1417268073,2014-11-29 14:34:33,58.007727,56.254501,58.00763133477656,56.255145877976155,39.4520108412388,"https://sun9-24.userapi.com/s/v1/ig1/vOwyNf4IA5fgYXhYtEsUyptNv3EMfh-hPIGxU2ZZ5McWs7DIWikdnIln6HnnFiYj0iVi7Q.jpg?quality=96&as=32x57,48x85,72x128,108x192,160x285,240x427,360x641,480x854,540x961,640x1139,720x1282,728x1296&from=bu&cs=728x0",легенды...,False,,or avner habad community center,True,False,108518319__345485628
345485440,-7,108518319,108518319,1417267923,2014-11-29 14:32:03,58.007727,56.254501,58.00763133477656,56.255145877976155,39.4520108412388,"https://sun9-26.userapi.com/s/v1/ig1/K_ugWame9rW8dLMm4yE2-iJQ2UHwbx9zxKlSW7WxYINhnYy6WwlG38Df8UPZNsr-XIHcXA.jpg?quality=96&as=32x57,48x85,72x128,108x192,160x285,240x427,360x641,480x854,540x961,640x1139,720x1282,728x1296&from=bu&cs=728x0",легенды спорта...,False,1411.0,or avner habad community center,True,False,108518319__345485440
341549277,-7,108518319,108518319,1413624844,2014-10-18 11:34:04,58.007916,56.254434,58.00763133477656,56.255145877976155,52.54250247528694,"https://sun9-74.userapi.com/s/v1/if2/ztEBbydtuXSMf6215lsB_i__29FJE3k7TzKovf_gFw-vipOjMbQou6u4t6jU5744pZW1QgDVjtZlb7APPTAS3knj.jpg?quality=96&as=32x18,48x27,72x40,108x61,160x90,240x135,360x202,480x270,540x303,640x359,720x404,1080x607,1280x719,1440x809,2560x1438&from=bu&cs=2560x0",легендарный,False,,or avner habad community center,True,False,108518319__341549277
341803862,-7,159004567,159004567,1412287478,2014-10-03 00:04:38,58.008232,56.255412,58.00763133477656,56.255145877976155,68.60622795532365,"https://sun9-48.userapi.com/s/v1/ig1/DrA8TfKhKmm_oHCn4OBCIhCxQY1Fp1jWvAe0EiqZpGIrX51evzWV6S9N70qDYOUoFYnoHA.jpg?quality=96&as=32x43,48x64,72x96,108x144,160x213,240x320,360x480&from=bu&cs=360x0",,False,,or avner habad community center,True,False,159004567__341803862
339850581,-7,108518319,108518319,1412000761,2014-09-29 16:26:01,58.007804,56.254461,58.00763133477656,56.255145877976155,44.682475154058395,"https://sun9-79.userapi.com/s/v1/ig1/Yxzyh3jByKLz-3qa7tuyZwVZeyh3SDsCz-52YtiOE_ynMTtyWd4XdDBpxEDp1ogfdJj7kQ.jpg?quality=96&as=32x57,48x85,72x128,108x192,160x285,240x427,360x641,480x855,540x962,640x1140,720x1282,1080x1923,1150x2048&from=bu&cs=1150x0",зальчик,False,,or avner habad community center,True,False,108518319__339850581
363055072,-7,-81886634,-81886634,1429606590,2015-04-21 10:56:30,58.007784,56.256721,58.00763133477656,56.255145877976155,94.33301681179456,"https://sun9-59.userapi.com/s/v1/ig1/eQ8naRzdehm7DzNZNrsso4u781kFxLNHzXYlRAZJUbHkDywgqkgHrhtsAOHMO6_dx-qz8v2R.jpg?quality=96&as=32x32,48x48,72x72,108x108,160x160,240x240,360x360,480x480,540x540,640x640,720x720,960x960&from=bu&cs=960x0",,False,105.0,or avner habad community center,True,False,-81886634__363055072
357271604,-7,137080431,137080431,1427036819,2015-03-22 16:06:59,58.007462,56.255981,58.00763133477656,56.255145877976155,52.67868006440486,"https://sun9-78.userapi.com/s/v1/ig1/ifQneqZ_Kgh9n7KNmmDHeTNA8jY8EgBZYQeuHhDcQh_24AQdbNKo3ykQQO0AIoBDp1y8QYKc.jpg?quality=96&as=32x43,48x64,72x96,108x144,160x213,240x320,360x480,480x640,540x720,640x853,720x960&from=bu&cs=720x0",,False,,or avner habad community center,True,False,137080431__357271604
372065147,-7,108518319,108518319,1436801298,2015-07-13 17:28:18,58.007902,56.254566,58.00763133477656,56.255145877976155,45.52816851042338,"https://sun9-39.userapi.com/s/v1/ig1/iMzGORMA0zExaOCeKupTXylMIAZWzWXs8yeBiiSd4mxT-uu8FyLZd-QY23E6KB-RggKkgT72.jpg?quality=96&as=32x57,48x85,72x128,108x192,160x284,240x426,360x639,480x851,540x958,640x1135,720x1277,920x1632&from=bu&cs=920x0",,False,2520.0,or avner habad community center,True,False,108518319__372065147
372639160,-7,-85431944,-85431944,1436605963,2015-07-11 11:12:43,58.006965,56.256207,58.00763133477656,56.255145877976155,96.94160607447532,"https://sun9-35.userapi.com/s/v1/ig1/rliS_zY5N-KDi8XoJaEMdBgR36FDQoBFNd9ZOHtHJnT5u_3bqmqAZXDYZ07zhSVVQ-roGg.jpg?quality=96&as=32x43,48x64,72x96,108x144,160x213,240x320,360x480,480x640,540x720,640x853,720x960&from=bu&cs=720x0",,False,,or avner habad community center,True,False,-85431944__372639160
372639163,-7,-85431944,-85431944,1436605963,2015-07-11 11:12:43,58.006979,56.256246,58.00763133477656,56.255145877976155,97.27254541945284,"https://sun9-23.userapi.com/s/v1/ig1/65q6Q_m79DzZzkpBxjtqzpF-07yKCnF4BVCSIgHopjnXD7U3sAoFk93PUSC30fMH7ZZnbw.jpg?quality=96&as=32x43,48x64,72x96,108x144,160x213,240x320,360x480,480x640,540x720,640x853,720x960&from=bu&cs=720x0",,False,,or avner habad community center,True,False,-85431944__372639163
372639164,-7,-85431944,-85431944,1436605963,2015-07-11 11:12:43,58.006979,56.256246,58.00763133477656,56.255145877976155,97.27254541945284,"https://sun9-40.userapi.com/s/v1/if1/o_Fg28B-waDzFVMd4pF4F6hyXsN_EKwLVIvZB_lt0iijWMU-7lli9bTBy0uWNwGSxju34g.jpg?quality=96&as=32x24,48x36,72x54,108x81,160x120,240x180,360x270,480x360,540x405,640x480,720x540,960x720&from=bu&cs=960x0",,False,,or avner habad community center,True,False,-85431944__372639164
372639165,-7,-85431944,-85431944,1436605963,2015-07-11 11:12:43,58.007,56.25622,58.00763133477656,56.255145877976155,94.5116004421848,"https://sun9-86.userapi.com/s/v1/if1/kHExF5ZV_utbza-_ulS_yo_jLsVGYMl9-TXxhF9oXphhDGrBbAu7Z89FAXcoXjZvv897Ug.jpg?quality=96&as=32x24,48x36,72x54,108x81,160x120,240x180,360x270,480x360,540x405,640x480,720x540,960x720&from=bu&cs=960x0",,False,,or avner habad community center,True,False,-85431944__372639165
372639162,-7,-85431944,-85431944,1436605963,2015-07-11 11:12:43,58.006979,56.256246,58.00763133477656,56.255145877976155,97.27254541945284,"https://sun9-67.userapi.com/s/v1/ig1/52bCuHH9qhplemxEOzrlo66iplztl7NhfjXMlJd-4lT0ZkKTS8Dbi5FPL3plKgFBr8qAZw.jpg?quality=96&as=32x43,48x64,72x96,108x144,160x213,240x320,360x480,480x640,540x720,640x853,720x960&from=bu&cs=720x0",,False,,or avner habad community center,True,False,-85431944__372639162
372639161,-7,-85431944,-85431944,1436605963,2015-07-11 11:12:43,58.006979,56.256246,58.00763133477656,56.255145877976155,97.27254541945284,"https://sun9-62.userapi.com/s/v1/ig1/riw0tnXEd-GYXXg5073Ev1sxh1xwbfeM2KB4H0SpYWzlBJoFf-9ECIVa_Td0gKAOuwNo-Q.jpg?quality=96&as=32x43,48x64,72x96,108x144,160x213,240x320,360x480,480x640,540x720,640x853,720x960&from=bu&cs=720x0",,False,,or avner habad community center,True,False,-85431944__372639161
371071216,-7,94846923,94846923,1436260287,2015-07-07 11:11:27,58.00819,56.255465,58.00763133477656,56.255145877976155,64.90317640364077,"https://sun9-27.userapi.com/s/v1/ig1/R3TM3XNODzo4Zk-IdA5ma6P7R7QWzOgUR93NIsIF-RLy5zjfHwONZhSKxaYS2CxnNvNnPhEI.jpg?quality=96&as=32x82,48x124,72x185,108x278,160x412,240x618,360x927,373x960&from=bu&cs=373x0",,False,,or avner habad community center,True,False,94846923__371071216
364763344,-7,296662477,296662477,1430543483,2015-05-02 07:11:23,58.006972,56.256141,58.00763133477656,56.255145877976155,93.87186249752855,"https://sun9-38.userapi.com/s/v1/ig1/YTJr3GFA-I5y9gaQNTrGoVqBjbizVRmkGu0YRpRamd2YXqpcBiGhzx9om_vFZM32fuHZnlP0.jpg?quality=96&as=32x43,48x64,72x96,108x144,160x213,240x320,360x480,480x640,540x720,640x853,720x960&from=bu&cs=720x0",,False,42.0,or avner habad community center,True,False,296662477__364763344
364763339,-7,296662477,296662477,1430543478,2015-05-02 07:11:18,58.006965,56.256207,58.00763133477656,56.255145877976155,96.94160607447532,"https://sun9-24.userapi.com/s/v1/if1/S1qvXNjDWDQuAdzo5Ul34QAlyygD3pb_-de0LVKxTDZRB7cfFUTyaLRQPnkjTAEE4RfZ7tOm.jpg?quality=96&as=32x24,48x36,72x54,108x81,160x120,240x180,360x270,480x360,540x405,640x480,720x540,960x720&from=bu&cs=960x0",,False,43.0,or avner habad community center,True,False,296662477__364763339
388169942,-7,139375631,139375631,1447002287,2015-11-08 18:04:47,58.007098,56.256154,58.00763133477656,56.255145877976155,83.92993447160181,"https://sun9-22.userapi.com/s/v1/if1/fnmBe5U5t9v8yMojibDlTUCzK3H5DJcC-cXq35G9u0kVxcQLfePumXloW0TyaINkMpLEnX5m.jpg?quality=96&as=32x24,48x36,72x54,108x81,160x120,240x180,360x270,480x360,540x405,640x480,720x540,960x720&from=bu&cs=960x0",,False,,or avner habad community center,True,False,139375631__388169942
388169943,-7,139375631,139375631,1447002287,2015-11-08 18:04:47,58.007098,56.256154,58.00763133477656,56.255145877976155,83.92993447160181,"https://sun9-49.userapi.com/s/v1/if1/dawO8g82GM4e7Mj_7xWYg8zNIcCOhzwuvJEBn9yQzyWqYppRpvfk7IlUt5I8Ay_CXXvK8EN2.jpg?quality=96&as=32x24,48x36,72x54,108x81,160x120,240x180,360x270,480x360,540x405,640x480,720x540,960x720&from=bu&cs=960x0",,False,,or avner habad community center,True,False,139375631__388169943
385846296,225952348,178838768,178838768,1446020744,2015-10-28 09:25:44,58.007531,56.254461,58.00763133477656,56.255145877976155,41.861529862833024,"https://sun9-69.userapi.com/s/v1/ig1/sJG5xI2XVyCMbEha3nT0J_fOMWIBJ6yu5Tspm4tRVQKhjcJFKaNLMBiFe2tVoBs92pM9Nqgu.jpg?quality=96&as=32x43,48x64,72x97,108x145,160x215,240x322,360x483,480x644,540x724,640x858,716x960&from=bu&cs=716x0",,False,,or avner habad community center,True,False,178838768__385846296
388040107,-7,186393216,186393216,1445071738,2015-10-17 10:48:58,58.007049,56.256101,58.00763133477656,56.255145877976155,85.78484911443367,"https://sun9-82.userapi.com/s/v1/if1/FdAkhuhi_JCbol_xpu0t0yjYxi0gbN4uirBA1BUCQdp9J6B_Y_JbWolh4SmUEysvENdwDa08.jpg?quality=96&as=32x24,48x36,72x54,108x81,160x120,240x180,360x270,480x360,540x405,640x480,720x540,960x720&from=bu&cs=960x0",,False,,or avner habad community center,True,False,186393216__388040107
382371508,160336817,4231370,4231370,1444468290,2015-10-10 11:11:30,58.007133,56.255995,58.00763133477656,56.255145877976155,74.65176942300953,"https://sun9-18.userapi.com/s/v1/ig1/3Zxw0ajpDBuRbm2r0q_ApBOEDjbQ-SwSA7BZ0O3WwD6BJ3GX-qxSYZluBHYWI0hZI9KVb-rX.jpg?quality=96&as=32x43,48x64,72x96,108x144,160x213,240x320,360x480,480x640,540x720,640x853,720x960,960x1280&from=bu&cs=960x0",есть ещё вопросы на кого похож мой младшенький?????????,False,,or avner habad community center,True,False,4231370__382371508
410523657,-7,312981173,312981173,1461078609,2016-04-19 17:10:09,58.007119,56.256127,58.00763133477656,56.255145877976155,81.15612207778744,"https://sun9-79.userapi.com/s/v1/if1/_mBkGxxBMUoI3_Gy2G8q1wh1k_AJ43JiOgkU6KJ7cmQfR8nXVcxnVtJ1C-nd5NQcAklWgQ.jpg?quality=96&as=32x24,48x36,72x54,108x81,160x120,240x180,360x270,480x360,540x405,640x480,720x540,1080x810,1280x960,1440x1080,1600x1200&from=bu&cs=1600x0",,False,,or avner habad community center,True,False,312981173__410523657
410523656,-7,312981173,312981173,1461078608,2016-04-19 17:10:08,58.007105,56.256088,58.00763133477656,56.255145877976155,80.65847945459433,"https://sun9-58.userapi.com/s/v1/ig1/KFDUkEBAX4tbIHNeJtVnhykzydWX-TzUOusupI27WNFOXzZxnqZqfSMsYaUJ94UONagtMA.jpg?quality=96&as=32x43,48x64,72x96,108x144,160x213,240x320,360x480,480x640,540x720,640x853,720x960,1080x1440,1200x1600&from=bu&cs=1200x0",,False,,or avner habad community center,True,False,312981173__410523656
410523653,-7,312981173,312981173,1461078606,2016-04-19 17:10:06,58.007119,56.256127,58.00763133477656,56.255145877976155,81.15612207778744,"https://sun9-42.userapi.com/s/v1/if1/tIwPwkiMRNBUfF8-S1q16eWVOH-eRB894SWgInA7uGVYYm1WzO0ILlAIHHYuhV95JiMPuQ.jpg?quality=96&as=32x24,48x36,72x54,108x81,160x120,240x180,360x270,480x360,540x405,640x480,720x540,1080x810,1280x960,1440x1080,1600x1200&from=bu&cs=1600x0",,False,,or avner habad community center,True,False,312981173__410523653
404656585,-7,14027065,14027065,1457191381,2016-03-05 16:23:01,58.008225,56.25565,58.00763133477656,56.255145877976155,72.38547982834638,"https://sun9-63.userapi.com/s/v1/ig1/aSpYicDQ5vwo69gGUXIxaCeBiDuldwg3FkLTnPn93usxaF-gAMGSy2BfEovq7ctkAb0EBBGZ.jpg?quality=96&as=32x43,48x64,72x96,108x144,160x213,240x320,360x480,480x640,540x720,640x853,720x960&from=bu&cs=720x0",,False,1085.0,or avner habad community center,True,False,14027065__404656585
407883942,-7,186393216,186393216,1457005104,2016-03-03 12:38:24,58.007063,56.256141,58.00763133477656,56.255145877976155,86.20094273637442,"https://sun9-68.userapi.com/s/v1/if1/v-qmuQwnuyDApNg8TrahglMmk3ARsYpTqmuOHcUAuUw9KPLeFBVX_HFiKaPdswKlrgPpiG57.jpg?quality=96&as=32x24,48x36,72x54,108x81,160x120,240x180,360x270,480x360,540x405,640x480,720x540,960x720&from=bu&cs=960x0",,False,,or avner habad community center,True,False,186393216__407883942
407883943,-7,186393216,186393216,1457005104,2016-03-03 12:38:24,58.007007,56.256154,58.00763133477656,56.255145877976155,91.36080945742854,"https://sun9-12.userapi.com/s/v1/ig1/1s4OO3Q1ITDu9woaoud372Q2wUgAr216QV04_0ydtIm4zWvwiXV_w7zhCpHO_STbP4mwMlnw.jpg?quality=96&as=32x40,48x60,72x90,108x135,160x200,240x300,360x449,480x599,540x674,640x799&from=bu&cs=640x0",,False,,or avner habad community center,True,False,186393216__407883943
405080843,-7,8602214,8602214,1456984016,2016-03-03 06:46:56,58.007867,56.254381,58.00763133477656,56.255145877976155,52.1258979589676,"https://sun9-34.userapi.com/s/v1/ig1/qejTRUEFiiYkeTgF0gGR2AvVdr1a9_jZ7gKgdzlXnMeuL3KSvXZlWdOjeW5dk6FFQCXnXuSO.jpg?quality=96&as=32x32,48x48,72x72,108x108,160x160,240x240,360x360,480x480,540x540,640x640,720x720,960x960&from=bu&cs=960x0",,False,2134.0,or avner habad community center,True,False,8602214__405080843
405235286,181715992,138168288,138168288,1456669664,2016-02-28 15:27:44,58.008329,56.255002,58.00763133477656,56.255145877976155,78.03850367786016,"https://sun9-9.userapi.com/s/v1/if1/Ib7eWMOr5j7-p6GSsdltpaZ_9jofp1t7LPYiao4LtIJKYu2_SOfXB0xH4wnbMfoMXg3ubAnt.jpg?quality=96&as=32x24,48x36,72x54,108x81,160x120,240x180,360x270,480x360,540x405,640x480,720x540,1080x810,1280x960,1440x1080,1600x1200&from=bu&cs=1600x0",,False,,or avner habad community center,True,False,138168288__405235286
400978016,-7,186393216,186393216,1453042773,2016-01-17 15:59:33,58.007063,56.256141,58.00763133477656,56.255145877976155,86.20094273637442,"https://sun9-49.userapi.com/s/v1/ig1/m1nlOnkrtAnwoD1PAy8hAu5x04c96C7cZK-45Zyo1XH-tiUpOnQ9l5Wt1J6rnMBSTrS5SQ.jpg?quality=96&as=32x43,48x64,72x96,108x144,160x213,240x320,360x480,480x640,540x720,640x853,720x960&from=bu&cs=720x0",,False,855.0,or avner habad community center,True,False,186393216__400978016
420768831,150639538,156084419,156084419,1466854209,2016-06-25 13:30:09,58.00693,56.256194,58.00763133477656,56.255145877976155,99.4704620398663,"https://sun9-35.userapi.com/s/v1/if1/jB2wO5oXysLSv6On7E9qLTiK0IcizXtvE1j2TcErtGgEmnqFQJzTR-3FdlflOF9pxrdknKvn.jpg?quality=96&as=32x18,48x27,72x40,108x61,160x90,240x135,360x202,480x270,540x303,640x359,720x404,1080x607,1280x719,1440x809,2560x1438&from=bu&cs=2560x0",,False,,or avner habad community center,True,False,156084419__420768831
420578560,-7,8602214,8602214,1466340425,2016-06-19 14:47:05,58.008239,56.255689,58.00763133477656,56.255145877976155,74.76197962539925,"https://sun9-73.userapi.com/s/v1/ig1/QMkZA_lo_oFWpJoxcqy6NbY1hSwWbu3_M8Tq0lvTVbiOmGtAroKjYVlj0k5ruMsWcsAwh6eg.jpg?quality=96&as=32x43,48x64,72x96,108x144,160x213,240x320,360x480,480x640,540x720,640x853,720x960&from=bu&cs=720x0",,False,,or avner habad community center,True,False,8602214__420578560
420578557,-7,8602214,8602214,1466340425,2016-06-19 14:47:05,58.008267,56.255768,58.00763133477656,56.255145877976155,79.61954747005134,"https://sun9-87.userapi.com/s/v1/ig1/Dim1Do4-Q5sWAKt8Y_FUrUFPVrtrjDcB0ur8P59VUfMiKP7snQb_1_983rJckuj_4x6O7qwL.jpg?quality=96&as=32x43,48x64,72x96,108x144,160x213,240x320,360x480,480x640,540x720,640x853,720x960&from=bu&cs=720x0",,False,,or avner habad community center,True,False,8602214__420578557
414720321,-6,9220411,9220411,1463930673,2016-05-22 17:24:33,58.007105,56.256259,58.00763133477656,56.255145877976155,87.89504100699159,"https://sun9-60.userapi.com/s/v1/ig1/-kyyu4NjKhFnSJynaIR0NWqyNxiZ0te6qfkJi1Jz13Se4aKMIN6n28IVtb9Lsc7fZdTtZ8Xp.jpg?quality=96&as=32x57,48x85,72x128,108x192,160x284,240x427,360x640,480x853,540x960,640x1138,720x1280,1080x1920&from=bu&cs=1080x0",,False,962.0,or avner habad community center,True,False,9220411__414720321
440010342,-7,-121133864,-121133864,1478014004,2016-11-01 16:26:44,58.007063,56.256141,58.00763133477656,56.255145877976155,86.20094273637442,"https://sun9-48.userapi.com/s/v1/ig1/V50Qacpo2Vm6TyhY2o4JGXvujM8gfS6rXbvSn_kxpCnsWqozXiQ2GS1BGp9uhn9crNcnLqGV.jpg?quality=96&as=32x33,48x50,72x75,108x112,160x166,240x249,360x374,480x499,540x561,640x665,720x748,924x960&from=bu&cs=924x0",,False,,or avner habad community center,True,False,-121133864__440010342
440010343,-7,-121133864,-121133864,1478014004,2016-11-01 16:26:44,58.007042,56.256167,58.00763133477656,56.255145877976155,88.95579749920148,"https://sun9-5.userapi.com/s/v1/ig1/DnvO7n4QnZeJQHmE3W5krOjWnKtOSNy7o5EWGhykOL3jm_3qLtxbTKtbZKPnLKWx1FEoDpwe.jpg?quality=96&as=32x43,48x64,72x97,108x145,160x215,240x322,360x483,480x644,540x724,640x858,716x960&from=bu&cs=716x0",,False,,or avner habad community center,True,False,-121133864__440010343
439960208,-7,-114256551,-114256551,1478013865,2016-11-01 16:24:25,58.007042,56.256167,58.00763133477656,56.255145877976155,88.95579749920148,"https://sun9-58.userapi.com/s/v1/ig1/_8Zm1ohg_0Q8jMVuIpHJ3XW_b4NawsZvVfl59EGe9keD9VGoBTkgASuTZ8lHr_ztL62inDWx.jpg?quality=96&as=32x43,48x64,72x97,108x145,160x215,240x322,360x483,480x644,540x724,640x858,716x960&from=bu&cs=716x0",,False,,or avner habad community center,True,False,-114256551__439960208
439960205,-7,-114256551,-114256551,1478013865,2016-11-01 16:24:25,58.007063,56.256141,58.00763133477656,56.255145877976155,86.20094273637442,"https://sun9-63.userapi.com/s/v1/ig1/2U1pzD963aHoqR8_zMYcIEUKvrdzYAz4HE1M2X6a84pdTlJG2-OoCL3658rL6E1Q2DGCOh71.jpg?quality=96&as=32x33,48x50,72x75,108x112,160x166,240x249,360x374,480x499,540x561,640x665,720x748,924x960&from=bu&cs=924x0",,False,,or avner habad community center,True,False,-114256551__439960205
438693082,-7,-14753367,-14753367,1478013755,2016-11-01 16:22:35,58.007063,56.256141,58.00763133477656,56.255145877976155,86.20094273637442,"https://sun9-70.userapi.com/s/v1/ig1/r4EdLgZhjjsZyY76zNv4aHkFfnSdRPS2OopozUvM_BpP1L578XMGBseAS4d9Rg6hylijsVZD.jpg?quality=96&as=32x33,48x50,72x75,108x112,160x166,240x249,360x374,480x499,540x561,640x665,720x748,924x960&from=bu&cs=924x0",,False,,or avner habad community center,True,False,-14753367__438693082
438693085,-7,-14753367,-14753367,1478013755,2016-11-01 16:22:35,58.007042,56.256167,58.00763133477656,56.255145877976155,88.95579749920148,"https://sun9-78.userapi.com/s/v1/ig1/QsTZI4_nodIqaVkOf2CwLpFzBY_akimKUzFdRqqISht0sOheq434QQJOzEzP0zIja1gMdRtq.jpg?quality=96&as=32x43,48x64,72x97,108x145,160x215,240x322,360x483,480x644,540x724,640x858,716x960&from=bu&cs=716x0",,False,,or avner habad community center,True,False,-14753367__438693085
438063447,-7,-126442543,-126442543,1477130219,2016-10-22 11:56:59,58.007042,56.256167,58.00763133477656,56.255145877976155,88.95579749920148,"https://sun9-69.userapi.com/s/v1/ig1/Bh6g1BBwkSJ9D0juAquN0MI-7PG2EajZwMq7TRvIeggW7e3sdqPMYgXzcvp1hQhrJQ1wTyik.jpg?quality=96&as=32x43,48x64,72x97,108x145,160x215,240x322,360x483,480x644,540x724,640x858,716x960&from=bu&cs=716x0",,False,,or avner habad community center,True,False,-126442543__438063447
437353833,-7,-114256551,-114256551,1476642358,2016-10-16 20:25:58,58.007042,56.256167,58.00763133477656,56.255145877976155,88.95579749920148,"https://sun9-8.userapi.com/s/v1/ig1/sKNdrAooSBd0ppVIlPO3Cxzy2ASyl1NhuwZ-bvb6ZL9LlJ53CQVAh9gpR10YJWxuuLLiUsJF.jpg?quality=96&as=32x43,48x64,72x97,108x145,160x215,240x322,360x483,480x644,540x724,640x858,716x960&from=bu&cs=716x0",,False,,or avner habad community center,True,False,-114256551__437353833
436726335,-7,-124019223,-124019223,1476642288,2016-10-16 20:24:48,58.007042,56.256167,58.00763133477656,56.255145877976155,88.95579749920148,"https://sun9-8.userapi.com/s/v1/ig1/dlDDEd7EjYVuEFxarSbuAjSXHryotF_DeOzEGRqRq_IOc4N2hqQRyHqH7ZI0zMgPdO-ZXKuy.jpg?quality=96&as=32x43,48x64,72x97,108x145,160x215,240x322,360x483,480x644,540x724,640x858,716x960&from=bu&cs=716x0",,False,,or avner habad community center,True,False,-124019223__436726335
437428175,-7,-121133864,-121133864,1476641927,2016-10-16 20:18:47,58.007042,56.256167,58.00763133477656,56.255145877976155,88.95579749920148,"https://sun9-19.userapi.com/s/v1/ig1/Gw3vBGt9RjO19eOsCi326UwQsIQXyCSqIXno01D-16WSiduwH3QcNqusma5GtaQ2ux1goLy_.jpg?quality=96&as=32x43,48x64,72x97,108x145,160x215,240x322,360x483,480x644,540x724,640x858,716x960&from=bu&cs=716x0",,False,,or avner habad community center,True,False,-121133864__437428175
436100273,-7,314671626,314671626,1476632263,2016-10-16 17:37:43,58.006845,56.254925,58.00763133477656,56.255145877976155,88.39940424840012,"https://sun9-25.userapi.com/s/v1/ig1/03rMEaU4cLd7y0lAyJ5Dmch0PiGYj3dI96gIMD4HKxGGvnymTOCvh6OEomb2p0y67SiTG1qA.jpg?quality=96&as=32x32,48x48,72x72,108x108,160x160,240x240,360x360,480x480,540x540,640x640,720x720,1080x1080,1280x1280,1440x1440,2048x2048&from=bu&cs=2048x0",,False,,or avner habad community center,True,False,314671626__436100273
424526640,233833040,-95529855,156084419,1471188838,2016-08-14 17:33:58,58.007168,56.25618,58.00763133477656,56.255145877976155,79.78654670855057,"https://sun9-3.userapi.com/s/v1/if1/N4MrFHGAYWTkuwiht4dV9v76i_ClLxtVK9YCGxourC8PZn8eFEVNdwjXzGPj4-lSetsfvOd9.jpg?quality=96&as=32x18,48x27,72x40,108x61,160x90,240x135,360x202,480x270,540x303,640x359,720x404,1080x607,1280x719,1440x809,2560x1438&from=bu&cs=2560x0",,False,,or avner habad community center,True,False,-95529855__424526640
456241315,-7,-14753367,-14753367,1479724886,2016-11-21 11:41:26,58.007063,56.256141,58.00763133477656,56.255145877976155,86.20094273637442,"https://sun9-51.userapi.com/s/v1/ig1/buOEhh6l1xYZv3a6suVIVtrAWWR330XI8c94_xa4bI9zfPq5fgdWhj4CtFEHGI9a9YlTrA.jpg?quality=96&as=32x33,48x50,72x75,108x112,160x166,240x249,360x374,480x499,540x561,640x665,720x748,924x960&from=bu&cs=924x0",,False,,or avner habad community center,True,False,-14753367__456241315
456240656,-7,-14753367,-14753367,1479396514,2016-11-17 16:28:34,58.007063,56.256141,58.00763133477656,56.255145877976155,86.20094273637442,"https://sun9-43.userapi.com/s/v1/ig1/BImbZ8Ut0vqJWQwqznZF9ZokoU0YDSmcbjbrT_FjUHGfnue0cfWyFT5SEQ_7xW8ARXSRJA.jpg?quality=96&as=32x33,48x50,72x75,108x112,160x166,240x249,360x374,480x499,540x561,640x665,720x748,924x960&from=bu&cs=924x0",,False,,or avner habad community center,True,False,-14753367__456240656
456239620,-7,-124008451,-124008451,1479128925,2016-11-14 14:08:45,58.007063,56.256141,58.00763133477656,56.255145877976155,86.20094273637442,"https://sun9-80.userapi.com/s/v1/ig1/S9pkzaoknCWmjFKLabj15PZ1fADxn8Rd-u8jYouaxumx9VSw5r-EcB5rPsIeOlApANe83Q.jpg?quality=96&as=32x33,48x50,72x75,108x112,160x166,240x249,360x374,480x499,540x561,640x665,720x748,924x960&from=bu&cs=924x0",,False,,or avner habad community center,True,False,-124008451__456239620
456240009,-7,-14753367,-14753367,1479128782,2016-11-14 14:06:22,58.007063,56.256141,58.00763133477656,56.255145877976155,86.20094273637442,"https://sun9-25.userapi.com/s/v1/ig1/kPEsP9kAp8LSVtKTRYK1Zq8fH_qPfzRs2Gx4pHT2GRLWEowscHueCvfIguL2Q4feg0GlhQ.jpg?quality=96&as=32x33,48x50,72x75,108x112,160x166,240x249,360x374,480x499,540x561,640x665,720x748,924x960&from=bu&cs=924x0",,False,,or avner habad community center,True,False,-14753367__456240009
456239499,-7,-124008451,-124008451,1479034552,2016-11-13 11:55:52,58.007063,56.256141,58.00763133477656,56.255145877976155,86.20094273637442,"https://sun9-26.userapi.com/s/v1/ig1/9hSS-TUyj-HWgfaLvWvDJ5RrrJKecVN-YgTcP4k09jRxMd2G0tmH1X0bHUub8YOV1CJIQg.jpg?quality=96&as=32x33,48x50,72x75,108x112,160x166,240x249,360x374,480x499,540x561,640x665,720x748,924x960&from=bu&cs=924x0",,False,,or avner habad community center,True,False,-124008451__456239499
456239858,-7,-121133864,-121133864,1479027995,2016-11-13 10:06:35,58.007063,56.256141,58.00763133477656,56.255145877976155,86.20094273637442,"https://sun9-75.userapi.com/s/v1/ig1/iRg7hp6KOZpAbWCs5esgE_6yyZtAhtrEUGx1o9VS5t7hsRgdr0AzhsxqyVl1kHuKrRrl0A.jpg?quality=96&as=32x33,48x50,72x75,108x112,160x166,240x249,360x374,480x499,540x561,640x665,720x748,924x960&from=bu&cs=924x0",,False,,or avner habad community center,True,False,-121133864__456239858
456239782,-7,-14753367,-14753367,1479027271,2016-11-13 09:54:31,58.007063,56.256141,58.00763133477656,56.255145877976155,86.20094273637442,"https://sun9-36.userapi.com/s/v1/ig1/SB-2N52UAm8oakI4Ag7F8jPOtwJZUZtalN0HJkXnAvLn5zSpE4Y2yh558xwHB6CWh6KElA.jpg?quality=96&as=32x33,48x50,72x75,108x112,160x166,240x249,360x374,480x499,540x561,640x665,720x748,924x960&from=bu&cs=924x0",,False,,or avner habad community center,True,False,-14753367__456239782
440824230,-7,-114256551,-114256551,1478439430,2016-11-06 14:37:10,58.007042,56.256167,58.00763133477656,56.255145877976155,88.95579749920148,"https://sun9-42.userapi.com/s/v1/ig1/hq3sbJbV5f9Mq7_3KZnzRU3z_i9A-7Z7ghKHgHYeV50XBZV-0ZOBNN9cpMoiEQQADRYB6Fgv.jpg?quality=96&as=32x43,48x64,72x97,108x145,160x215,240x322,360x483,480x644,540x724,640x858,716x960&from=bu&cs=716x0",,False,,or avner habad community center,True,False,-114256551__440824230
440260810,-7,-124019223,-124019223,1478439336,2016-11-06 14:35:36,58.007042,56.256167,58.00763133477656,56.255145877976155,88.95579749920148,"https://sun9-79.userapi.com/s/v1/ig1/6CUUQunVg1bEHt7KJw8ekeGooTeSm_rAFu5rDOeROzhkkRTA7OPdAJ6gzKRBHKAgqWF9r0Zg.jpg?quality=96&as=32x43,48x64,72x97,108x145,160x215,240x322,360x483,480x644,540x724,640x858,716x960&from=bu&cs=716x0",,False,,or avner habad community center,True,False,-124019223__440260810
439516366,-7,-14753367,-14753367,1478439013,2016-11-06 14:30:13,58.007042,56.256167,58.00763133477656,56.255145877976155,88.95579749920148,"https://sun9-34.userapi.com/s/v1/ig1/JIm01paaUIAW8dNJHCSQduOlPcrmePv2fnif-ZZUQ4YRfqE23XpMKSs-L0CcNKrq3CNy6NoV.jpg?quality=96&as=32x43,48x64,72x97,108x145,160x215,240x322,360x483,480x644,540x724,640x858,716x960&from=bu&cs=716x0",,False,,or avner habad community center,True,False,-14753367__439516366
456239109,-7,162173132,162173132,1499865984,2017-07-12 15:26:24,58.006824,56.255123,58.00763133477656,56.255145877976155,89.78164835813539,"https://sun9-6.userapi.com/s/v1/ig1/yUHzNLbQAfHdhtQKZUNh5yXeRaHH0p4us48naW6S2lXZbMDKOakNzyzB4aeSy6vRKSoUeMX4.jpg?quality=96&as=32x32,48x48,72x72,108x108,160x160,240x240,360x360,480x480,540x540,640x640,720x720,960x960&from=bu&cs=960x0",,False,,or avner habad community center,True,False,162173132__456239109
456239314,-7,346857297,346857297,1494512446,2017-05-11 16:20:46,58.007028,56.256299,58.00763133477656,56.255145877976155,95.47599563837925,"https://sun9-76.userapi.com/s/v1/ig1/DQ30oyuWv_oWyhHtqHPIdky904UXhO3qH6HtGXTHwHzJQgVMEb7CRTalwwzXVAxsxhSmVajy.jpg?quality=96&as=32x43,48x64,72x96,108x144,160x213,240x320,360x480,480x640,540x720,640x853,720x960,1080x1440,1200x1600&from=bu&cs=1200x0",,False,652.0,or avner habad community center,True,False,346857297__456239314
456239313,-7,346857297,346857297,1493818629,2017-05-03 15:37:09,58.007028,56.256299,58.00763133477656,56.255145877976155,95.47599563837925,"https://sun9-8.userapi.com/s/v1/if1/A5s5PrNQdr5nJVSLhTUDcEObXc365VqOr6Yum4wJSLFah8IhLc9MuievGvfgq3__tGDTfV6_.jpg?quality=96&as=32x24,48x36,72x54,108x81,160x120,240x180,360x270,480x360,540x405,640x480,720x540,1080x810,1280x960,1440x1080,1600x1200&from=bu&cs=1600x0",,False,636.0,or avner habad community center,True,False,346857297__456239313
456239257,-7,346857297,346857297,1488958524,2017-03-08 08:35:24,58.007161,56.256074,58.00763133477656,56.255145877976155,75.66251883283905,"https://sun9-64.userapi.com/s/v1/ig1/cSQIUcPxNADlyncdw37MObAN4_fSwlFa2YE1BxwkcY4_tQOa73VXR-1J8Yf-9XZnFQ8hog.jpg?quality=96&as=32x43,48x64,72x96,108x144,160x213,240x320,360x480,480x640,540x720,640x853,720x960,1080x1440,1200x1600&from=bu&cs=1200x0",,False,,or avner habad community center,True,False,346857297__456239257
456239256,-7,346857297,346857297,1488958521,2017-03-08 08:35:21,58.007161,56.256074,58.00763133477656,56.255145877976155,75.66251883283905,"https://sun9-56.userapi.com/s/v1/ig1/FV50dwqlHo65L4hDY6_uQ2J4i1gT5cTUvhpnokfoDvBlYZ33TuqNYqJ0FXIJhKS0_AzcBA.jpg?quality=96&as=32x43,48x64,72x96,108x144,160x213,240x320,360x480,480x640,540x720,640x853,720x960,1080x1440,1200x1600&from=bu&cs=1200x0",,False,,or avner habad community center,True,False,346857297__456239256
456239733,-6,231818505,231818505,1487690096,2017-02-21 16:14:56,58.00702,56.255334,58.00763133477656,56.255145877976155,68.87483550754023,"https://sun9-65.userapi.com/s/v1/ig1/yUXC-Zo94aLR833Dn5rI6UxGeEFlA68EsL-PtQymZpEzrLfOdOm51mTKh3BuGiBZQ9Y4T43Q.jpg?quality=96&as=32x32,48x48,72x72,108x108,160x160,240x240,360x360,480x480,540x540,640x640,720x720,1080x1080,1280x1280,1440x1440,2048x2048&from=bu&cs=2048x0",,False,344.0,or avner habad community center,True,False,231818505__456239733
456239732,-6,231818505,231818505,1487690057,2017-02-21 16:14:17,58.00702,56.255334,58.00763133477656,56.255145877976155,68.87483550754023,"https://sun9-53.userapi.com/s/v1/ig1/c5sdKtQwwiHMTnYhSVnla3CJYKwtu-GfgquYAEeZCI9G6mB2CQY8zhDkeksnbMupBErDkgqa.jpg?quality=96&as=32x32,48x48,72x72,108x108,160x160,240x240,360x360,480x480,540x540,640x640,720x720,1080x1080,1280x1280,1440x1440,2048x2048&from=bu&cs=2048x0",,False,343.0,or avner habad community center,True,False,231818505__456239732
456239237,-7,346857297,346857297,1486566941,2017-02-08 16:15:41,58.007028,56.256299,58.00763133477656,56.255145877976155,95.47599563837925,"https://sun9-4.userapi.com/s/v1/ig2/pCT_0Iz-czzuvLM53FoBWJWbHEkOJkY3X3-b3lPKVddQXt3h8B1sdLjVYxlhERbyMScTAgAKP1J9r7iAVRHClUWw.jpg?quality=96&as=32x43,48x64,72x96,108x144,160x213,240x320,360x480,480x640,540x720,640x853,720x960,1080x1440,1200x1600&from=bu&cs=1200x0",,False,,or avner habad community center,True,False,346857297__456239237
456239236,-7,346857297,346857297,1486566938,2017-02-08 16:15:38,58.007028,56.256299,58.00763133477656,56.255145877976155,95.47599563837925,"https://sun9-65.userapi.com/s/v1/ig2/QgRpvzL9RCRU_mWnxbWb3n8ernDscvDH24o9f9xXQwTy7PatHGokuwrElaHPEt0gDQI_SZeUvq5u9WtxibblhxBv.jpg?quality=96&as=32x43,48x64,72x96,108x144,160x213,240x320,360x480,480x640,540x720,640x853,720x960,1080x1440,1200x1600&from=bu&cs=1200x0",,False,,or avner habad community center,True,False,346857297__456239236
456239235,-7,346857297,346857297,1486566934,2017-02-08 16:15:34,58.007028,56.256299,58.00763133477656,56.255145877976155,95.47599563837925,"https://sun9-9.userapi.com/s/v1/ig2/jUeZu4HRm32XNG68muaxvN3WgRoetvAJe9ghhYuMdFOoz-7fxWJFmxvpFBB0iyfFDi0PsOH_y1s6FT8irXGDnm8G.jpg?quality=96&as=32x43,48x64,72x96,108x144,160x213,240x320,360x480,480x640,540x720,640x853,720x960,1080x1440,1200x1600&from=bu&cs=1200x0",,False,,or avner habad community center,True,False,346857297__456239235
456239234,-7,346857297,346857297,1486566930,2017-02-08 16:15:30,58.007028,56.256299,58.00763133477656,56.255145877976155,95.47599563837925,"https://sun9-81.userapi.com/s/v1/ig2/6cAqYAGZNnysaEbJHhqn7j4M_ByBcTSkpAeVUAeA0Xi4YBwdMl7ARKToZtEFh7u4vUTLC2Uigdb7w1gMqz44ZzSd.jpg?quality=96&as=32x43,48x64,72x96,108x144,160x213,240x320,360x480,480x640,540x720,640x853,720x960,1080x1440,1200x1600&from=bu&cs=1200x0",,False,,or avner habad community center,True,False,346857297__456239234
456239047,-7,-137475426,-137475426,1485453942,2017-01-26 19:05:42,58.007777,56.256787,58.00763133477656,56.255145877976155,98.02860367911144,"https://sun9-24.userapi.com/s/v1/ig1/UavmdLBqKvVevb9Vkv-2seMLv9MXAMli9sgGeINOnUK6xOtFNsnZESCvXyrN_clriK4NyTAp.jpg?quality=96&as=32x43,48x64,72x96,108x144,160x213,240x320,360x480,480x640,540x720,640x853,720x960,1080x1440,1280x1707,1440x1920,1548x2064&from=bu&cs=1548x0",,False,,or avner habad community center,True,False,-137475426__456239047
456239240,-7,447164293,447164293,1509300247,2017-10-29 19:04:07,58.007511,56.256206,58.00763133477656,56.255145877976155,63.8710788569828,"https://sun9-43.userapi.com/s/v1/ig1/TVEXe1_r5gK-Gceg7U1Axu82o3AdpOl05Os7HcP_-f5vmqRm32G9s8dyldlAlKEwXbsnDJLb.jpg?quality=96&as=32x43,48x64,72x96,108x144,160x214,240x320,360x481,480x641,540x721,640x855,719x960&from=bu&cs=719x0",,False,,or avner habad community center,True,False,447164293__456239240
456239067,-7,403325703,403325703,1508083230,2017-10-15 18:00:30,58.007182,56.256048,58.00763133477656,56.255145877976155,72.9442746079474,"https://sun9-72.userapi.com/s/v1/ig1/dA1VVko5BrwTXHXhBEFyjXFTBpmXho4fDhOwE2wKROXXpBbCu0WGrefEtsL8PegAA4BIYqPt.jpg?quality=96&as=32x43,48x64,72x96,108x144,160x213,240x320,360x480,480x640,540x720,640x853,720x960,1080x1440,1280x1707,1440x1920,1620x2160&from=bu&cs=1620x0",,False,566.0,or avner habad community center,True,False,403325703__456239067
456239605,-7,-151293443,-151293443,1507047988,2017-10-03 18:26:28,58.007714,56.255835,58.00763133477656,56.255145877976155,41.62495800290092,"https://sun9-41.userapi.com/s/v1/ig1/ZKNIJEm9izcYfT1iAbCixuldSa-D01zoHSUfNoVrDwTPbnZHGmse8vQ6wuJq3Xx4pQv2JKiF.jpg?quality=96&as=32x32,48x48,72x72,108x108,160x160,240x240,360x360,480x480,540x540,640x640,720x720,960x960&from=bu&cs=960x0",,False,,or avner habad community center,True,False,-151293443__456239605
456239027,-7,403787017,403787017,1505228226,2017-09-12 16:57:06,58.006978,56.254185,58.00763133477656,56.255145877976155,92.0981808486689,"https://sun9-66.userapi.com/s/v1/ig1/WssSFK4P99Ckhn8csK8gTS9Rsm0IzsYeySo_0dm0EgSyZkZf-Xo5gjb_OtCtFSsw_NCrvMdi.jpg?quality=96&as=32x43,48x64,72x96,108x144,160x213,240x320,360x480,480x640,540x720,640x853,720x960,780x1040&from=bu&cs=780x0",,False,,or avner habad community center,True,False,403787017__456239027
456252363,-7,-58392407,-58392407,1500832396,2017-07-23 19:53:16,58.007553,56.256153,58.00763133477656,56.255145877976155,59.967388822456215,"https://sun9-40.userapi.com/s/v1/if1/wWPYvfJ8hTqA-oswgpNMeF1ptmKMCGPRAYcrPMp3tj-w8OW4ZNua7kbYo1VQXCL7wiKNDflO.jpg?quality=96&as=32x18,48x27,72x41,108x61,160x90,240x135,360x203,480x270,540x304,640x360,720x405,1080x608,1280x720,1440x811,2560x1441&from=bu&cs=2560x0",,False,160777.0,or avner habad community center,True,False,-58392407__456252363
456240169,-7,7914107,7914107,1516691174,2018-01-23 08:06:14,58.007714,56.256351,58.00763133477656,56.255145877976155,71.5883699553897,"https://sun9-14.userapi.com/s/v1/if1/ekLHZ59U_b1CTD08U3pD3TxB7LTewNoil_KT2FGtsrqauja_eOJH-ez14OTjqhSbt5PeEt_8.jpg?quality=96&as=32x24,48x36,72x54,108x81,160x120,240x180,360x270,480x360,540x405,640x480,720x540,960x720&from=bu&cs=960x0",,False,,or avner habad community center,True,False,7914107__456240169
456251184,-7,248987148,248987148,1515240925,2018-01-06 13:15:25,58.007658,56.256708,58.00763133477656,56.255145877976155,92.07509738953117,"https://sun9-80.userapi.com/s/v1/if1/NAv02OhMVQnbOb2vcvRCcjl7tRX-nVVLwx0Lq6cctyKEpQK2aj28CeiLrI3vZHrB_nIkytzn.jpg?quality=96&as=32x28,48x42,72x64,108x96,160x141,240x212,360x318,480x424,540x478,640x566,720x637,960x849&from=bu&cs=960x0",,False,501.0,or avner habad community center,True,False,248987148__456251184
456241218,160041618,62946770,62946770,1515087137,2018-01-04 18:32:17,58.006993,56.256286,58.00763133477656,56.255145877976155,97.7217273760142,"https://sun9-12.userapi.com/s/v1/ig1/iHRpz6qJoSPyClat3KUMGqFW9UQj2feqdOD7YyszmiutcQB8uhGdVNxg0akuCP-kaXRcAmkB.jpg?quality=96&as=32x43,48x64,72x96,108x144,160x213,240x320,360x480,480x640,540x720,640x853,720x960,1080x1440,1280x1707,1440x1920,1536x2048&from=bu&cs=1536x0",,False,,or avner habad community center,True,False,62946770__456241218
456239289,-7,164289855,164289855,1514717470,2017-12-31 11:51:10,58.007042,56.256167,58.00763133477656,56.255145877976155,88.95579749920148,"https://sun9-27.userapi.com/s/v1/if2/lKeAkRKPW2aQG9hGtP-l2WLHW0nBncPQYyBebKQdm7TFW0da-r6gQkFziaZLJjzeZcHhDpPzTadzBzAogPynVCtR.jpg?quality=96&as=32x24,48x36,72x54,108x81,160x120,240x180,360x270,480x360,540x405,640x480,720x540,1080x810,1155x866&from=bu&cs=1155x0",,False,3721.0,or avner habad community center,True,False,164289855__456239289
456534418,245417242,-8131189,4231370,1513409081,2017-12-16 08:24:41,58.007182,56.255876,58.00763133477656,56.255145877976155,65.92798200570905,"https://sun9-58.userapi.com/s/v1/if1/u9CU2lJQIoCa9QoNqR77XV4gOzFf8CgUavXEcQdnHMee551uvUPGhrXmvdl-yra6NlboN2Iw.jpg?quality=96&as=32x24,48x36,72x54,108x81,160x120,240x180,360x270,480x360,540x405,640x480,720x540,1080x810,1280x960,1440x1080,2560x1920&from=bu&cs=2560x0","Почти новые, в дар, размер 38. Может для театра.веревочки снимаются.",False,,or avner habad community center,True,False,-8131189__456534418
456239022,255672868,-166891666,-166891666,1528704607,2018-06-11 10:10:07,58.007119,56.256127,58.00763133477656,56.255145877976155,81.15612207778744,"https://sun9-70.userapi.com/s/v1/if1/fbdU9_5e9xkMuDtJ6cs71USeC26GQZsZyhnF3QHaI_qGsGYetULgQp9fXlbvQFs-VZWa6yN9.jpg?quality=96&as=32x24,48x36,72x54,108x81,160x120,240x180,360x270,480x360,540x405,640x480,720x540,1080x810,1280x960,1440x1080,1632x1224&from=bu&cs=1632x0",,False,,or avner habad community center,True,False,-166891666__456239022
456239020,255276161,-166891666,-166891666,1528704451,2018-06-11 10:07:31,58.007133,56.256167,58.00763133477656,56.255145877976155,81.78832885707581,"https://sun9-61.userapi.com/s/v1/if1/qWcmkzVoNm-sVcT5TWwURMBFUY-tvtWZ233qG13L2KdAiqXm647n5nrHjLImm0Ie4ws4EmKO.jpg?quality=96&as=32x24,48x36,72x54,108x81,160x120,240x180,360x270,480x360,540x405,640x480,720x540,1080x810,1280x960,1440x1080,1632x1224&from=bu&cs=1632x0",,False,,or avner habad community center,True,False,-166891666__456239020
456239018,255276161,-166891666,-166891666,1528704439,2018-06-11 10:07:19,58.007084,56.256114,58.00763133477656,56.255145877976155,83.40830598816044,"https://sun9-29.userapi.com/s/v1/if1/hPXgUVnTW8bWUZyZZV6jdSx96A9McPYo8yPIdyTgMqo8UD2K6YwcT-q-jlr4TiAVzHw2VHj-.jpg?quality=96&as=32x24,48x36,72x54,108x81,160x120,240x180,360x270,480x360,540x405,640x480,720x540,1080x810,1280x960,1440x1080,1632x1224&from=bu&cs=1632x0",,False,,or avner habad community center,True,False,-166891666__456239018
456243288,-7,342608814,342608814,1526198149,2018-05-13 09:55:49,58.007007,56.256326,58.00763133477656,56.255145877976155,98.2500716601691,"https://sun9-39.userapi.com/s/v1/ig1/rVHCR6U1_9hwrFtzm7P-PrhqDRuuVgowevHJpDZ2A04bXKD5YgRGLhh3F_Rii6KX1GJkBtUC.jpg?quality=96&as=32x43,48x64,72x96,108x144,160x213,240x320,360x480,480x640,540x720,640x853,720x960&from=bu&cs=720x0",,False,1295.0,or avner habad community center,True,False,342608814__456243288
456239305,245354439,333741855,333741855,1530091614,2018-06-27 11:26:54,58.008337,56.256138,58.00763133477656,56.255145877976155,97.84189958502564,"https://sun9-18.userapi.com/s/v1/ig1/3h0LM4O4YHxgEadE8xnsqzLFQdt44tdFyuNNsthaNY5lhv4Xgb9lyDXXMYioEBwEU_4y1gal.jpg?quality=96&as=32x57,48x85,72x128,108x192,160x284,240x427,360x640,480x853,540x960,640x1138,720x1280,1080x1920,1215x2160&from=bu&cs=1215x0",,False,,or avner habad community center,True,False,333741855__456239305
456239024,255276161,-166891666,-166891666,1529141494,2018-06-16 11:31:34,58.007161,56.256246,58.00763133477656,56.255145877976155,83.28011843529326,"https://sun9-46.userapi.com/s/v1/ig1/KiXkhtBIeAs_s-buLZ1o75QlvZpFWtwAS43AtlHVwX68qGVTyvtTeIVS6pmuAwADfYWK7XiK.jpg?quality=96&as=32x43,48x64,72x96,108x144,160x213,240x320,360x480,480x640,540x720,640x853,720x960,1080x1440,1224x1632&from=bu&cs=1224x0",,False,,or avner habad community center,True,False,-166891666__456239024
456246864,-7,-68711416,-68711416,1534596111,2018-08-18 14:41:51,58.00819,56.255465,58.00763133477656,56.255145877976155,64.90317640364077,"https://sun9-8.userapi.com/s/v1/ig2/hZzd8r_rjpadv57mB1kuwQ9ONj6AEKseeNOoGOy9nOQpbGXkl2nnEAYTiG_dnx4n74rYiUrBTPnr_9oXH-mQF5ge.jpg?quality=96&as=32x43,48x64,72x96,108x144,160x213,240x320,360x480,480x640,540x720,640x853,720x960&from=bu&cs=720x0",,False,,or avner habad community center,True,False,-68711416__456246864
456246868,-7,-68711416,-68711416,1534596111,2018-08-18 14:41:51,58.00819,56.255465,58.00763133477656,56.255145877976155,64.90317640364077,"https://sun9-57.userapi.com/s/v1/ig1/hbuFFj2XEIuvyHdVKf8-nmaBZnQtjVhQ_akJu5oaWSNJNm87vSd2hS-DN98EfJyFQPTZeCK0.jpg?quality=96&as=32x43,48x64,72x96,108x144,160x213,240x320,360x480,480x640,540x720,640x853,720x960&from=bu&cs=720x0",,False,,or avner habad community center,True,False,-68711416__456246868
456246863,-7,-68711416,-68711416,1534596111,2018-08-18 14:41:51,58.00819,56.255465,58.00763133477656,56.255145877976155,64.90317640364077,"https://sun9-7.userapi.com/s/v1/ig1/OovlN1hijOWlI6LanWOrbE-vJcUtvcXNw2GPWdHVZ73Nj6EpuhMkc5y1bttzqdbXdPJ5BnCw.jpg?quality=96&as=32x43,48x64,72x96,108x144,160x213,240x320,360x480,480x640,540x720,640x853,720x960&from=bu&cs=720x0",,False,,or avner habad community center,True,False,-68711416__456246863
456239409,-7,259764888,259764888,1538681791,2018-10-04 21:36:31,58.007007,56.256326,58.00763133477656,56.255145877976155,98.2500716601691,"https://sun9-34.userapi.com/s/v1/ig1/1rQjHtQAjIFZS-ogMuE4P2r1QNZdlAiBDJBO0RWlcAWbAS7QewsskpVKsHNFGoyfFtzfGm5Y.jpg?quality=96&as=32x43,48x64,72x96,108x144,160x213,240x320,360x480,480x640,540x720,640x853,720x960,1080x1440,1280x1707,1440x1920,1620x2160&from=bu&cs=1620x0",,False,557.0,or avner habad community center,True,False,259764888__456239409
456239402,-7,259764888,259764888,1537373444,2018-09-19 18:10:44,58.007007,56.256326,58.00763133477656,56.255145877976155,98.2500716601691,"https://sun9-70.userapi.com/s/v1/if1/xdy51mpoZzy8-ItplvPXFIELnP-owacVvGoKwONSI0PiULnpjjGL9MUPLgajjPTEnsovWA.jpg?quality=96&as=32x28,48x42,72x64,108x96,160x142,240x212,360x319,480x425,540x478,640x567,720x637,1080x956,1280x1133,1440x1275,2172x1923&from=bu&cs=2172x0",,False,547.0,or avner habad community center,True,False,259764888__456239402
456247568,-7,153609261,153609261,1548150120,2019-01-22 10:42:00,58.007,56.25622,58.00763133477656,56.255145877976155,94.5116004421848,"https://sun9-62.userapi.com/s/v1/if2/KWxH7zXFUdteZ_-yNV2zsEvBxCIFcXXoC-rucR2xc7NEQdLQAyR8C3py6puNfaSHaIKvd27ejSk1U5UCMu3Zg_64.jpg?quality=96&as=32x24,48x36,72x54,108x81,160x120,240x180,360x270,480x360,540x405,640x480,720x540,960x720&from=bu&cs=960x0",,False,2659.0,or avner habad community center,True,False,153609261__456247568
456239473,-7,259764888,259764888,1545684519,2018-12-24 21:48:39,58.006944,56.256233,58.00763133477656,56.255145877976155,99.71464269422694,"https://sun9-56.userapi.com/s/v1/ig2/AEkZuIgvPbY58E2Qbb-cN3Uh5PLL-ZUjHS1ooiblaQAkBaiLbC_TgiGtac4pmVCsnew1b9Q0xvwoKahL1PTsshjq.jpg?quality=96&as=32x43,48x64,72x96,108x144,160x213,240x320,360x480,480x640,540x720,640x853,720x960,960x1280&from=bu&cs=960x0",,False,597.0,or avner habad community center,True,False,259764888__456239473
456239472,-7,259764888,259764888,1545684152,2018-12-24 21:42:32,58.006944,56.256233,58.00763133477656,56.255145877976155,99.71464269422694,"https://sun9-70.userapi.com/s/v1/if2/bJ0Ta37ZUcdG2PQhsdIXTJJxs2WAMwB9tIKNWO6Wmb3slzAvxKimH92rWZhy30GMdah3h0ooTO5UWCbSm_HxAOta.jpg?quality=96&as=32x24,48x36,72x54,108x81,160x120,240x180,360x270,480x360,540x405,640x480,720x540,1080x810,1280x960&from=bu&cs=1280x0",,False,596.0,or avner habad community center,True,False,259764888__456239472
456248641,-7,50092068,50092068,1555008239,2019-04-11 20:43:59,58.007014,56.25626,58.00763133477656,56.255145877976155,94.9741105252708,"https://sun9-43.userapi.com/s/v1/if1/XLPwWXpXa9RsVqVLzkArCX3uBRDdPt-HEEeYiu9VjTsXgyF5r3_eAFK6i4-iDnwlQAkfCjoe.jpg?quality=96&as=32x28,48x42,72x62,108x94,160x139,240x208,360x312,480x416,540x468,640x554,720x624,866x750&from=bu&cs=866x0",,False,3264.0,or avner habad community center,True,False,50092068__456248641
456241411,-7,-161325318,-161325318,1554913058,2019-04-10 18:17:38,58.008211,56.255438,58.00763133477656,56.255145877976155,66.7136705741014,"https://sun9-33.userapi.com/s/v1/if1/7jkjNwPfXw-6gN99VQPBOuiO2nKnKcF4aDsvYAFt1tB2LWnEWibWUNUfsaNiAV43SXcVa3HA.jpg?quality=96&as=32x24,48x36,72x54,108x81,160x120,240x180,360x270,480x360,540x405,640x480,720x540,960x720&from=bu&cs=960x0",,False,,or avner habad community center,True,False,-161325318__456241411
456241404,252382065,-161325318,-161325318,1554912914,2019-04-10 18:15:14,58.00819,56.255465,58.00763133477656,56.255145877976155,64.90317640364077,"https://sun9-65.userapi.com/s/v1/ig1/UUBON4bfXJ4DJsuFzVRUK00MN4JOVpTLQK1FYFzy_01i8jgWE47EKGmQPwiyVNGXoQSA2vuZ.jpg?quality=96&as=32x43,48x64,72x96,108x144,160x213,240x320,360x480,480x640,540x720,640x853,720x960&from=bu&cs=720x0",,False,,or avner habad community center,True,False,-161325318__456241404
456241400,252382065,-161325318,-161325318,1554912909,2019-04-10 18:15:09,58.00819,56.255465,58.00763133477656,56.255145877976155,64.90317640364077,"https://sun9-59.userapi.com/s/v1/ig1/ynGFhvaLqgjia6oQKVDFvInyPXSCwa-ZPlBDJMWsrYXiTQ5V1faDMsSamr7NpUYQKxd63Im4.jpg?quality=96&as=32x43,48x64,72x96,108x144,160x213,240x320,360x480,480x640,540x720,640x853,720x960&from=bu&cs=720x0",,False,,or avner habad community center,True,False,-161325318__456241400
456241396,-7,-161325318,-161325318,1554912624,2019-04-10 18:10:24,58.008232,56.255412,58.00763133477656,56.255145877976155,68.60622795532365,"https://sun9-22.userapi.com/s/v1/ig1/8oMZ0XxCC-swF8r0boTDV5zPI3wIzz5OA90kOwhx-d5ELzNnbH5HcSH7E5uefVirOAYv-lUW.jpg?quality=96&as=32x43,48x64,72x96,108x144,160x213,240x320,360x480,480x640,540x720,640x853,720x960&from=bu&cs=720x0",,False,,or avner habad community center,True,False,-161325318__456241396
456241398,-7,-161325318,-161325318,1554912624,2019-04-10 18:10:24,58.00819,56.255465,58.00763133477656,56.255145877976155,64.90317640364077,"https://sun9-29.userapi.com/s/v1/ig1/GcLxi3S7Cz7MIu70bZm-2TLqMmTGNhiF46cWSaVrqBkFuqKiDEo5ZTzp6bpcVGpS1AH44DQH.jpg?quality=96&as=32x43,48x64,72x96,108x144,160x213,240x320,360x480,480x640,540x720,640x853,720x960&from=bu&cs=720x0",,False,,or avner habad community center,True,False,-161325318__456241398
456241395,-7,-161325318,-161325318,1554912624,2019-04-10 18:10:24,58.00819,56.255465,58.00763133477656,56.255145877976155,64.90317640364077,"https://sun9-76.userapi.com/s/v1/ig2/22uv_7kf4oVOjhm6gX2YKwxlhzGy-DrzouxyDikXuDeeLgHZQyChcE6j7hNe0om32LRS-QbH6NRmTQ7JEfhVG4Zu.jpg?quality=96&as=32x43,48x64,72x96,108x144,160x213,240x320,360x480,480x640,540x720,640x853,720x960&from=bu&cs=720x0",,False,,or avner habad community center,True,False,-161325318__456241395
456247915,-7,108825536,108825536,1553344701,2019-03-23 13:38:21,58.006894,56.25515,58.00763133477656,56.255145877976155,81.9882460201643,"https://sun9-34.userapi.com/s/v1/if1/6YB62GNyifpEK0-vIdkYidbY_GMX7kS-cHdAvCvilv9qwlU5CErswtVBBxTCdJ_WQ3lRmA.jpg?quality=96&as=32x24,48x36,72x54,108x81,160x120,240x180,360x270,480x360,540x405,640x480,720x540,1080x810,1280x960,1440x1080,1812x1359&from=bu&cs=1812x0",,False,,or avner habad community center,True,False,108825536__456247915
456245296,-7,168995452,168995452,1552602703,2019-03-14 23:31:43,58.00784,56.256708,58.00763133477656,56.255145877976155,94.90703721291516,"https://sun9-79.userapi.com/s/v1/if1/sY1zucVs3fbrXCA8EoGq1oR7qneHnh24EwBiiGQXaafggeW8XMiB7flOg941VU_UTIepBOc1.jpg?quality=96&as=32x28,48x43,72x64,108x96,160x142,240x214,360x321,480x427,540x481,640x570,720x641,960x855&from=bu&cs=960x0",,False,,or avner habad community center,True,False,168995452__456245296
456240736,-7,336066929,336066929,1561264560,2019-06-23 06:36:00,58.007231,56.256101,58.00763133477656,56.255145877976155,71.7476013077024,"https://sun9-81.userapi.com/s/v1/ig1/lUm7Q_9iJ1xP1MdPjvPVXom_tfdPkYZqxuqHnmZ_yMARro6_euwUpKPvkspfEI6VGabu774c.jpg?quality=96&as=32x32,48x48,72x72,108x108,160x160,240x240,360x360,480x480,540x540,640x640,720x720,1080x1080,1152x1152&from=bu&cs=1152x0",,False,654.0,or avner habad community center,True,False,336066929__456240736
456274595,-7,-19074642,-19074642,1556655082,2019-04-30 22:11:22,58.007812,56.2568,58.00763133477656,56.255145877976155,99.49618626483604,"https://sun9-25.userapi.com/s/v1/ig1/FjmCK7i-T86G5bVGs2c4DBnedLwLbTfAWfuJC_2m0WvOVd2mfsmIituEGUH-JZo7E7bJ_W8K.jpg?quality=96&as=32x43,48x64,72x96,108x144,160x213,240x320,360x480,480x640,540x720,640x853,720x960,780x1040&from=bu&cs=780x0",,False,,or avner habad community center,True,False,-19074642__456274595
456239491,-7,307972335,307972335,1556169774,2019-04-25 07:22:54,58.007063,56.256312,58.00763133477656,56.255145877976155,93.34484949107578,"https://sun9-34.userapi.com/s/v1/ig1/G-fiCY59Az0UGou-r3mNXv7ZGQf0mTCTO-86sY7o3MjpDvXZcurHieFwV5njgLa5v1uae_34.jpg?quality=96&as=32x43,48x64,72x96,108x144,160x213,240x320,360x480,480x640,540x720,640x853,720x960,1008x1344&from=bu&cs=1008x0",,False,751.0,or avner habad community center,True,False,307972335__456239491
456274319,-7,-19074642,-19074642,1555933340,2019-04-22 13:42:20,58.007651,56.256774,58.00763133477656,56.255145877976155,95.94045188607684,"https://sun9-25.userapi.com/s/v1/ig1/Zr14VLai4W3BOs6L0Djf9VKAUX6nDJKyjLvqzxgB5PGyGhgRYUPUpBG-ECpR9cpidOUai7EH.jpg?quality=96&as=32x43,48x64,72x96,108x144,160x213,240x320,360x480,480x640,540x720,640x853,720x960,780x1040&from=bu&cs=780x0",,False,,or avner habad community center,True,False,-19074642__456274319
456343765,-7,-150103939,-150103939,1555915158,2019-04-22 08:39:18,58.007651,56.256602,58.00763133477656,56.255145877976155,85.8105726445924,"https://sun9-68.userapi.com/s/v1/ig2/yD0xgk43nc7htBt4e7TflP5xQZFuWQwoAf8il0jSr6uyvfReRmen_szZ179bzaOi7Veg1dwlD0tVYnYSztxPmP5n.jpg?quality=96&as=32x36,48x54,72x81,108x122,160x181,240x271,360x407,480x543,540x611,640x724,720x814,849x960&from=bu&cs=849x0",,False,,or avner habad community center,True,False,-150103939__456343765
456343761,-7,-150103939,-150103939,1555915158,2019-04-22 08:39:18,58.00784,56.256708,58.00763133477656,56.255145877976155,94.90703721291516,"https://sun9-18.userapi.com/s/v1/if2/FzGGSLoaD-n9K37LUBE2kgfWJIy6KlrxQfOUgRTpjYVU_Z_sH9E6Gp7-xsecQ4L_R3_SpbVadHG3l3N4CQSJtGDD.jpg?quality=96&as=32x28,48x43,72x64,108x96,160x142,240x214,360x321,480x427,540x481,640x570,720x641,960x855&from=bu&cs=960x0",,False,,or avner habad community center,True,False,-150103939__456343761
456241464,252382065,-161325318,-161325318,1555788364,2019-04-20 21:26:04,58.00828,56.254949,58.00763133477656,56.255145877976155,73.0548438651246,"https://sun9-27.userapi.com/s/v1/ig2/QiBCNwpVlIDvX8BV6cfHfxxfi1aYVeevXZfWly1_nhx83DtfXGQyPC9aqSL0gOoVBQWugTOzyxL8Jjq4-YseDnCa.jpg?quality=96&as=32x43,48x64,72x96,108x144,160x213,240x320,360x480,480x640,540x720,640x853,720x960&from=bu&cs=720x0",,False,,or avner habad community center,True,False,-161325318__456241464
456241463,252382065,-161325318,-161325318,1555788363,2019-04-20 21:26:03,58.008294,56.254989,58.00763133477656,56.255145877976155,74.26232606116815,"https://sun9-75.userapi.com/s/v1/ig2/EwwRvaVvlih5tyedqlKzch0CCQDrmWBmk4ZXu1QGJU4cWNmQB7o7A6V79SaheF0ycDUPbFimjrnLFQAdTikV3Dss.jpg?quality=96&as=32x43,48x64,72x96,108x144,160x213,240x320,360x480,480x640,540x720,640x853,720x960&from=bu&cs=720x0",,False,,or avner habad community center,True,False,-161325318__456241463
456241454,-7,-161325318,-161325318,1555781461,2019-04-20 19:31:01,58.008294,56.254989,58.00763133477656,56.255145877976155,74.26232606116815,"https://sun9-88.userapi.com/s/v1/ig1/uhp0MQzZtweAmJse_P1mTdHnTAwqRFP42GVd8Q6ffgrwqhbzvN-0xRgO1UVToyTKP268FGx7.jpg?quality=96&as=32x43,48x64,72x96,108x144,160x213,240x320,360x480,480x640,540x720,640x853,720x960&from=bu&cs=720x0",,False,,or avner habad community center,True,False,-161325318__456241454
457239706,-7,-141285886,-141285886,1569085496,2019-09-21 19:04:56,58.007244,56.255453,58.00763133477656,56.255145877976155,46.71573302226151,"https://sun9-44.userapi.com/s/v1/ig1/DeidTZ1pNA1MZWFTV7ZGDzNgMGaFTUelr0ESur-fnWbulZN2rsB3arzc06gnMR84brM8EP9R.jpg?quality=96&as=32x32,48x48,72x72,108x108,160x160,240x240,360x360,480x480,540x540,640x640,720x720,1080x1080,1280x1280&from=bu&cs=1280x0",,False,747.0,or avner habad community center,True,False,-141285886__457239706
457239588,-7,169273077,169273077,1567407662,2019-09-02 09:01:02,58.007532,56.256008,58.00763133477656,56.255145877976155,51.97641011364775,"https://sun9-12.userapi.com/s/v1/ig1/Go442bbHKAFEs1WAmEcrpp2HSNKPZmG_Q4QQxjbdzQPImLOrg5zXHJPDvy68WkOOTfnCyWVx.jpg?quality=96&as=32x43,48x64,72x96,108x144,160x213,240x320,360x480,480x640,540x720,640x853,720x960,816x1088&from=bu&cs=816x0",,False,,or avner habad community center,True,False,169273077__457239588
457239590,-7,169273077,169273077,1567407662,2019-09-02 09:01:02,58.007532,56.256008,58.00763133477656,56.255145877976155,51.97641011364775,"https://sun9-81.userapi.com/s/v1/ig1/zwVFkKKcTn3zzczC9RMWpb4kztTxfYyJsKoCFHSdoWYr2atGkiAXzUBEoYK3ZrC_B6CrYyRW.jpg?quality=96&as=32x43,48x64,72x96,108x144,160x213,240x320,360x480,480x640,540x720,640x853,720x960,816x1088&from=bu&cs=816x0",,False,,or avner habad community center,True,False,169273077__457239590
457239589,-7,169273077,169273077,1567407662,2019-09-02 09:01:02,58.007532,56.256008,58.00763133477656,56.255145877976155,51.97641011364775,"https://sun9-4.userapi.com/s/v1/ig1/RTwoLT77F77kh8C_HsSfUReKQPpAtf4LiX8cvODr6JoAT9j0d2PXgjZ2nHF522jn1YdezIeo.jpg?quality=96&as=32x43,48x64,72x96,108x144,160x213,240x320,360x480,480x640,540x720,640x853,720x960,816x1088&from=bu&cs=816x0",,False,,or avner habad community center,True,False,169273077__457239589
457239194,-7,528458721,528458721,1564941860,2019-08-04 20:04:20,58.007056,56.256378,58.00763133477656,56.255145877976155,96.75534012053622,"https://sun9-63.userapi.com/s/v1/if1/j1oQaILcFo5LmuarPqH4AJISeqdtJmSWAGmpfypcSLBZ8E9crtTz8rjGwyjOr-9MYs_mtsP0.jpg?quality=96&as=32x24,48x36,72x54,108x81,160x120,240x180,360x270,480x360,540x405,640x480,720x541,959x720&from=bu&cs=959x0",,False,,or avner habad community center,True,False,528458721__457239194
457240002,-7,500020078,500020078,1564306310,2019-07-28 11:31:50,58.007056,56.256207,58.00763133477656,56.255145877976155,89.44605982125806,"https://sun9-30.userapi.com/s/v1/ig1/ouwhZt7ysjPq7QJeF13l6WQUnmqfG0zbLtklCge3Ahe-8t89-nYJtwY2PlXkK5Fe0eYU8kO3.jpg?quality=96&as=32x43,48x64,72x96,108x144,160x213,240x320,360x480,480x640,540x720,640x853,720x960,960x1280&from=bu&cs=960x0",,False,315.0,or avner habad community center,True,False,500020078__457240002
457240609,-7,-67125411,-67125411,1577519825,2019-12-28 08:57:05,58.008329,56.255002,58.00763133477656,56.255145877976155,78.03850367786016,"https://sun9-37.userapi.com/s/v1/ig2/I3TRJsQSkeqZkCGzIGHRi6tjgMZR3_7uO8LYmcLvz8X4CVEYe_dWPDwO9FSJWhyVRRGWEj9QoRoaIJMnT3LEJC15.jpg?quality=96&as=32x43,48x64,72x96,108x144,160x213,240x320,360x480,480x640,540x720,640x853,720x960,1080x1440,1280x1707,1440x1920,1620x2160&from=bu&cs=1620x0",,False,,or avner habad community center,True,False,-67125411__457240609
457240608,-7,-67125411,-67125411,1577519825,2019-12-28 08:57:05,58.00695,56.255308,58.00763133477656,56.255145877976155,76.36063122126131,"https://sun9-74.userapi.com/s/v1/if2/SO9kcdalMg0oews8Muma67A1uFu3dHY0yQ3u2Ks9c5emhfnmqTHKX8rhWnNVtuv85_TIp9QMcoyP7V6siQPovvku.jpg?quality=96&as=32x24,48x36,72x54,108x81,160x120,240x180,360x270,480x360,540x405,640x480,720x540,1080x810,1280x960,1440x1080,2560x1920&from=bu&cs=2560x0",,False,,or avner habad community center,True,False,-67125411__457240608
457240612,-7,-67125411,-67125411,1577519825,2019-12-28 08:57:05,58.00695,56.255308,58.00763133477656,56.255145877976155,76.36063122126131,"https://sun9-80.userapi.com/s/v1/ig2/NkJe4ZXuw8EXnXqqgkj4P4L-jwEPVJV_Q9oZZM7srSFCbavy6Fl9BU7hP7L7hbXLJwNS7Gg2WYj5OsK3uX0tWBJ1.jpg?quality=96&as=32x43,48x64,72x96,108x144,160x213,240x320,360x480,480x640,540x720,640x853,720x960,1080x1440,1280x1707,1440x1920,1620x2160&from=bu&cs=1620x0",,False,,or avner habad community center,True,False,-67125411__457240612
457240607,-7,-67125411,-67125411,1577519825,2019-12-28 08:57:05,58.00695,56.255308,58.00763133477656,56.255145877976155,76.36063122126131,"https://sun9-1.userapi.com/s/v1/ig2/Y_Yqe_QpctF_6oGY9GJvB7lwXmVn9-04uYzlwvD8yHwp2eW0kmUUG_sBBMd8vgB0UkXjf55Wv6J20w3Zgz93xdGH.jpg?quality=96&as=32x43,48x64,72x96,108x144,160x213,240x320,360x480,480x640,540x720,640x853,720x960,1080x1440,1280x1707,1440x1920,1620x2160&from=bu&cs=1620x0",,False,,or avner habad community center,True,False,-67125411__457240607
457240366,-7,-108946670,-108946670,1577357950,2019-12-26 11:59:10,58.007,56.25622,58.00763133477656,56.255145877976155,94.5116004421848,"https://sun9-32.userapi.com/s/v1/if1/L0QvQTDTnT1RgKnsVyjFyZCjHLtMxJ5WgySyj943ePKMbREc3Y-9QRRtSghDdW3VEUnlDBk5.jpg?quality=96&as=32x24,48x36,72x54,108x81,160x120,240x180,360x270,480x360,540x405,640x480,720x540,1080x810,1280x960&from=bu&cs=1280x0",,False,1876.0,or avner habad community center,True,False,-108946670__457240366
457239540,-7,259764888,259764888,1576145577,2019-12-12 11:12:57,58.006993,56.256286,58.00763133477656,56.255145877976155,97.7217273760142,"https://sun9-41.userapi.com/s/v1/ig1/FMOyg9fwKTfPaXrgXGCpGIj9P2QZ6vGBDP7zwwrO5bh1NZuU2avyuqSrdEYulDg5TwqQuNM7.jpg?quality=96&as=32x43,48x64,72x96,108x144,160x213,240x320,360x480,480x640,540x720,640x853,720x960,960x1280&from=bu&cs=960x0",,False,625.0,or avner habad community center,True,False,259764888__457239540
457240284,-7,-25040732,-25040732,1575997740,2019-12-10 18:09:00,58.007042,56.256167,58.00763133477656,56.255145877976155,88.95579749920148,"https://sun9-7.userapi.com/s/v1/ig1/vtYA3E0rynw7Y5FivuB-P_EjaUCFpZtu1ZByCVaIF-vMlaPNHlAak5v1M8zBCDTaTCjIqh0V.jpg?quality=96&as=32x43,48x64,72x96,108x144,160x214,240x320,360x480,480x641,540x721,640x854,720x961,959x1280&from=bu&cs=959x0",,False,1840.0,or avner habad community center,True,False,-25040732__457240284
457240292,-7,-108946670,-108946670,1575533292,2019-12-05 09:08:12,58.007,56.25622,58.00763133477656,56.255145877976155,94.5116004421848,"https://sun9-57.userapi.com/s/v1/ig1/u3DbJUdjz0jvA2SY8a0B3OcUD-qpQNqSesGHgTPnp9JN01yOdV6Hcc14CHpeyYydCD6GqXAd.jpg?quality=96&as=32x32,48x48,72x72,108x108,160x160,240x240,360x360,480x480,540x540,640x640,720x720,800x800&from=bu&cs=800x0",,False,1822.0,or avner habad community center,True,False,-108946670__457240292
457240291,-7,-108946670,-108946670,1575458456,2019-12-04 12:20:56,58.006944,56.256233,58.00763133477656,56.255145877976155,99.71464269422694,"https://sun9-17.userapi.com/s/v1/if1/2ThPGcUiFrcrf1F2xy_YTZ1JDJR6KocNcaphB_xbT_xjBSoN_5mKwOoCtVZNGYG7MWC_gF8c.jpg?quality=96&as=32x31,48x47,72x71,108x106,160x157,240x236,360x353,480x471,540x530,640x628,720x707,750x736&from=bu&cs=750x0",,False,,or avner habad community center,True,False,-108946670__457240291
457241570,-7,355565922,355565922,1574088686,2019-11-18 15:51:26,58.006971,56.254251,58.00763133477656,56.255145877976155,90.39185629831827,"https://sun9-80.userapi.com/s/v1/ig1/fYcvLi6V8nuU4vGC3cnp_n2CSDOSeLtOhKBvlutD7UQlNHRe2-SplOaP_c9kT8D3Yfni2WDF.jpg?quality=96&as=32x43,48x64,72x96,108x144,160x214,240x320,360x480,480x641,540x721,640x854,720x961,959x1280&from=bu&cs=959x0",,False,302.0,or avner habad community center,True,False,355565922__457241570
457610956,-7,-60397113,-60397113,1572258231,2019-10-28 11:23:51,58.006944,56.256233,58.00763133477656,56.255145877976155,99.71464269422694,"https://sun9-70.userapi.com/s/v1/if2/ba3JiFawK4BYrlv9c3IfuY-cxAbQbA_ihgphJu-3NPxIAwtH4zIWRCRYQtN_CiYD4MDl_EJLBhwLJF4DvMeeQnN9.jpg?quality=96&as=32x24,48x36,72x54,108x81,160x120,240x180,360x270,480x360,540x405,640x480,720x540,1080x810,1280x960&from=bu&cs=1280x0",,False,,or avner habad community center,True,False,-60397113__457610956
457610957,-7,-60397113,-60397113,1572258231,2019-10-28 11:23:51,58.007028,56.256299,58.00763133477656,56.255145877976155,95.47599563837925,"https://sun9-83.userapi.com/s/v1/if2/XEzFHjSWnHMWN2WXO9fvdo3JqFIjSo507owybu1hn1hPPWKwtlwcLIOu2LcgEp_8z3n1MSyn6XHQCiLVPiv3Hdmb.jpg?quality=96&as=32x24,48x36,72x54,108x81,160x120,240x180,360x270,480x360,540x405,640x480,720x540,1080x810,1280x960&from=bu&cs=1280x0",,False,,or avner habad community center,True,False,-60397113__457610957
457610955,-7,-60397113,-60397113,1572258231,2019-10-28 11:23:51,58.007,56.25622,58.00763133477656,56.255145877976155,94.5116004421848,"https://sun9-7.userapi.com/s/v1/if2/5-jhXRE0hloIdrTiO03hx1_Be78YsgtcRKKeBOZeZiOqATQ3boZoIdLL2vsuqsZKjZ4VW1JKEC8Asky5eRpL5Wxz.jpg?quality=96&as=32x24,48x36,72x54,108x81,160x120,240x180,360x270,480x360,540x405,640x480,720x540,1080x810,1280x960&from=bu&cs=1280x0",,False,,or avner habad community center,True,False,-60397113__457610955
457239133,-7,-149672656,-149672656,1572162925,2019-10-27 08:55:25,58.008358,56.255253,58.00763133477656,56.255145877976155,81.04754722591342,"https://sun9-69.userapi.com/s/v1/if1/Lt5jaBvA35Sk1mLFBRLo-cf5Yh2NNsXpJ1AJTtJSe0DlNGywmDuaQYJiAh6xBp81WvdaLODX.jpg?quality=96&as=32x15,48x23,72x34,108x51,160x76,240x114,360x170,480x227,540x255,640x303,720x341,1080x511,1280x605,1440x681,2560x1211&from=bu&cs=2560x0",,False,,or avner habad community center,True,False,-149672656__457239133
457239558,-7,-46067139,-46067139,1581915856,2020-02-17 06:04:16,58.007,56.25622,58.00763133477656,56.255145877976155,94.5116004421848,"https://sun9-10.userapi.com/s/v1/ig1/AEdz1JNTDZQeD0-qRr5i9NzWaQJfOVQ0Kx2bGZvZqeaXfBeFJoAmUV_sn1dlyHCI4r7HAawy.jpg?quality=96&as=32x43,48x64,72x96,108x144,160x213,240x320,360x480,480x640,540x720,640x853,720x960,1080x1440,1280x1707,1440x1920&from=bu&cs=1440x0",,False,,or avner habad community center,True,False,-46067139__457239558
457239557,-7,-46067139,-46067139,1581915856,2020-02-17 06:04:16,58.006979,56.256246,58.00763133477656,56.255145877976155,97.27254541945284,"https://sun9-30.userapi.com/s/v1/ig2/ZGMdMu2vdXxlrhDpCEAQp1YHmvkUCNtNQ3R1iL4eopY8dTnqAydk3EpZf5fFviYa_ze5KyuOSHMb4Ilytx6E7GlH.jpg?quality=96&as=32x43,48x64,72x96,108x144,160x213,240x320,360x480,480x640,540x720,640x853,720x960,1080x1440,1280x1707,1440x1920&from=bu&cs=1440x0",,False,,or avner habad community center,True,False,-46067139__457239557
457246721,-7,99542068,99542068,1581526381,2020-02-12 17:53:01,58.007161,56.255903,58.00763133477656,56.255145877976155,68.7361498722417,"https://sun9-27.userapi.com/s/v1/ig2/2mv7DfqPvH9kwjsxSS6_Qd3hWlq5-lNM_cETIHFANwFiuXzOiZ9hwxw1YXxQmSzMCXkZvsEIJydnBjcu3LKsk9c6.jpg?quality=96&as=32x43,48x64,72x96,108x144,160x213,240x320,360x480,480x640,540x720,640x853,720x960,768x1024&from=bu&cs=768x0",,False,,or avner habad community center,True,False,99542068__457246721
457246720,-7,99542068,99542068,1581526380,2020-02-12 17:53:00,58.00714,56.256101,58.00763133477656,56.255145877976155,78.42825033204777,"https://sun9-71.userapi.com/s/v1/ig2/-t0CUb5PWdWJVwyov0UtddadN5bFVLMCViGTZ6R8crjzQlelICHDgW6c77i2n8psx23EQ68MM6LBQEWeSofuyl1V.jpg?quality=96&as=32x43,48x64,72x96,108x144,160x213,240x320,360x480,480x640,540x720,640x853,720x960,768x1024&from=bu&cs=768x0",,False,,or avner habad community center,True,False,99542068__457246720
457239183,-6,498156727,498156727,1581507136,2020-02-12 12:32:16,58.007532,56.256179,58.00763133477656,56.255145877976155,61.85729370019116,"https://sun9-10.userapi.com/s/v1/ig1/2m4ZrBTqZRTmvp-znG3GQfT4fhvlplghiwTB9cKBQf4HC4-9yPyed5e044KKdmnFA6M0271Y.jpg?quality=96&as=32x32,48x48,72x72,108x108,160x160,240x240,360x360,480x480,540x540,640x640,720x720,959x959&from=bu&cs=959x0",,False,92.0,or avner habad community center,True,False,498156727__457239183
457248538,-7,108288083,108288083,1581130236,2020-02-08 03:50:36,58.008483,56.254922,58.00763133477656,56.255145877976155,95.6148432088577,"https://sun9-9.userapi.com/s/v1/ig2/xIdYm_VcIOpXvoZnjVzZm23gFknnNtQiBuQUu4dQ-GE9gAiy34dcf2g2BrbeGd7fI8W4y5dU1TkxxDGFQwSpuIfN.jpg?quality=96&as=32x43,48x64,72x96,108x144,160x214,240x320,360x481,480x641,540x721,640x855,719x960&from=bu&cs=719x0",,False,2751.0,or avner habad community center,True,False,108288083__457248538
457240424,-7,-108946670,-108946670,1580736809,2020-02-03 14:33:29,58.006972,56.256141,58.00763133477656,56.255145877976155,93.87186249752855,"https://sun9-8.userapi.com/s/v1/ig1/qdqgPjAx4ZS7_wK3xsXgQ4KqgRSnTRewLDCFL9QLFDsLLgw5621nhTIlmULmGZaWLKUvtcG9.jpg?quality=96&as=32x32,48x48,72x72,108x108,160x160,240x240,360x360,480x480,540x540,640x640,720x720,968x968&from=bu&cs=968x0",,False,1930.0,or avner habad community center,True,False,-108946670__457240424
457240422,-7,-108946670,-108946670,1580726476,2020-02-03 11:41:16,58.006972,56.256141,58.00763133477656,56.255145877976155,93.87186249752855,"https://sun9-25.userapi.com/s/v1/ig1/4YcSZhXRo6fKTJfK-YaTASASWBo3h_Z_9Fg8FFULnyUDmenSdf3zmhXD1vW2Xtb8ur3WjAyJ.jpg?quality=96&as=32x39,48x59,72x89,108x133,160x197,240x296,360x444,480x592,540x666,640x789,720x888,983x1212&from=bu&cs=983x0",,False,1928.0,or avner habad community center,True,False,-108946670__457240422
457239551,-7,-46067139,-46067139,1580577237,2020-02-01 18:13:57,58.007007,56.256154,58.00763133477656,56.255145877976155,91.36080945742854,"https://sun9-88.userapi.com/s/v1/ig1/XlbZvz_KzKYPRSRY7YanWo5J3gmJ85HF9NIkcCFeImLZqJj7yIZo2nSWNrP_2owKLHbAZLEJ.jpg?quality=96&as=32x43,48x64,72x96,108x144,160x213,240x320,360x480,480x640,540x720,640x853,720x960,1080x1440,1218x1624&from=bu&cs=1218x0",,False,,or avner habad community center,True,False,-46067139__457239551
457239550,-7,-46067139,-46067139,1580577237,2020-02-01 18:13:57,58.007,56.25622,58.00763133477656,56.255145877976155,94.5116004421848,"https://sun9-45.userapi.com/s/v1/ig1/x0v2Bnufu0gxWUBkOhPgd56XiX6PmzmzTi22loiDKMzL2ns_BQyqLve0GsUGFTXnoH-aS7V9.jpg?quality=96&as=32x43,48x64,72x96,108x144,160x213,240x320,360x480,480x640,540x720,640x853,720x960,1080x1440,1218x1624&from=bu&cs=1218x0",,False,,or avner habad community center,True,False,-46067139__457239550
457239074,-7,553409402,553409402,1580185590,2020-01-28 05:26:30,58.007035,56.256233,58.00763133477656,56.255145877976155,92.1882622932928,"https://sun9-2.userapi.com/s/v1/ig1/XCj03d9NmdicqUBIuAegGHw3zLfNp3o0QjAAQceWqEmek0riMjm_ldvSHb7SORMleEt7sePE.jpg?quality=96&as=32x43,48x64,72x96,108x144,160x213,240x320,360x480,480x640,540x720,640x853,720x960,780x1040&from=bu&cs=780x0",,False,23.0,or avner habad community center,True,False,553409402__457239074
457240417,-7,-108946670,-108946670,1579698414,2020-01-22 14:06:54,58.006986,56.25618,58.00763133477656,56.255145877976155,94.13159007230888,"https://sun9-71.userapi.com/s/v1/ig1/B7FMgu20kPF-DVoqYfJa_UxtdHmFleCRPFVMPB5B6lqJK4nihcIb9LEVHD_XQ3XmaH4Az9LS.jpg?quality=96&as=32x32,48x48,72x72,108x109,160x161,240x241,360x362,480x483,540x543,640x643,720x724,750x754&from=bu&cs=750x0",,False,1923.0,or avner habad community center,True,False,-108946670__457240417
457240416,-7,-108946670,-108946670,1579698330,2020-01-22 14:05:30,58.006986,56.25618,58.00763133477656,56.255145877976155,94.13159007230888,"https://sun9-50.userapi.com/s/v1/ig2/NdRziRQPEDF7zBbhk_2B7PVr57K2cF3DS4Dp4wZcBuei6bl450xHB3Y3KWOTv87ihY-McgsVrehsppxJV0zzWnpv.jpg?quality=96&as=32x40,48x60,72x90,108x135,160x200,240x300,360x449,480x599,540x674,640x799,648x809&from=bu&cs=648x0",,False,1922.0,or avner habad community center,True,False,-108946670__457240416
457240408,-7,-108946670,-108946670,1579414490,2020-01-19 07:14:50,58.006965,56.256207,58.00763133477656,56.255145877976155,96.94160607447532,"https://sun9-55.userapi.com/s/v1/ig1/qdxa_vfytscgnwTlzAAgzHrBYw4MKA0eynNRLhE6fr3rJcuLS-iTWyd9Uj5Fjevd4K6scGBb.jpg?quality=96&as=32x32,48x47,72x71,108x107,160x158,240x237,360x356,480x475,540x534,640x633,720x712,750x742&from=bu&cs=750x0",,False,1913.0,or avner habad community center,True,False,-108946670__457240408
457240401,-7,-108946670,-108946670,1579182323,2020-01-16 14:45:23,58.007021,56.256194,58.00763133477656,56.255145877976155,91.75257502668408,"https://sun9-10.userapi.com/s/v1/ig1/vcvV9Ht9BWHTTEYE7EdjP8k6IUEAmAGNqrhxcrqQr4FPhlSm2x5fUrflW4iQjOjqWGcuGF2w.jpg?quality=96&as=32x40,48x60,72x90,108x135,160x200,240x301,360x451,480x601,540x676,640x802,720x902,1022x1280&from=bu&cs=1022x0",,False,1906.0,or avner habad community center,True,False,-108946670__457240401
457240400,-7,-108946670,-108946670,1579182073,2020-01-16 14:41:13,58.007021,56.256194,58.00763133477656,56.255145877976155,91.75257502668408,"https://sun9-47.userapi.com/s/v1/ig2/FnJEm2d4qR2Kv-U6WLaeSIB7Ozkt-p6FBxD9R105AKqM-baIuY1fhp3zV5-oHkW3clWHFZlgLLV1FJLJRVkgDrlY.jpg?quality=96&as=32x40,48x60,72x90,108x135,160x200,240x301,360x451,480x601,540x676,640x802,720x902,1022x1280&from=bu&cs=1022x0",,False,1905.0,or avner habad community center,True,False,-108946670__457240400
457240399,-7,-108946670,-108946670,1579180437,2020-01-16 14:13:57,58.006986,56.25618,58.00763133477656,56.255145877976155,94.13159007230888,"https://sun9-61.userapi.com/s/v1/ig1/ZTelxycPXqgomwKpZKcDpt-s3wyn8rub4L2wM7F8G1VLWTy2MXgYdQfmTU_jg4aDiqKU8zvm.jpg?quality=96&as=32x40,48x60,72x90,108x135,160x200,240x301,360x451,480x601,540x676,640x802,720x902,1022x1280&from=bu&cs=1022x0",,False,1904.0,or avner habad community center,True,False,-108946670__457240399
457240398,-7,-108946670,-108946670,1579176658,2020-01-16 13:10:58,58.007007,56.256154,58.00763133477656,56.255145877976155,91.36080945742854,"https://sun9-65.userapi.com/s/v1/ig2/ETAMJd4I7B21nEhtjcWcl679iBGdcnF6dG-zfus9wuZg4mztHx9chnCIQpo0zhcZhgcAEXOvsko1m2ttReHN1_OS.jpg?quality=96&as=32x40,48x60,72x90,108x135,160x200,240x301,360x451,480x601,540x676,640x802,720x902,1022x1280&from=bu&cs=1022x0",,False,,or avner habad community center,True,False,-108946670__457240398
457241423,257951345,-115898419,159309337,1579087422,2020-01-15 12:23:42,58.006993,56.256286,58.00763133477656,56.255145877976155,97.7217273760142,"https://sun9-51.userapi.com/s/v1/ig2/Uqbf6JccYpzOaOTL9yRmNaIhvK7lXVvCfsiJSDsyIzaKXghlBsLwHbKYnNN532rbk7IuNxuvhrGTP0eGNFvT3sA0.jpg?quality=96&as=32x43,48x64,72x96,108x144,160x214,240x321,360x481,480x641,540x721,640x855,720x962,958x1280&from=bu&cs=958x0",,False,,or avner habad community center,True,False,-115898419__457241423
457249345,-7,180930841,180930841,1597663888,2020-08-17 13:31:28,58.007126,56.256233,58.00763133477656,56.255145877976155,85.2004646246222,"https://sun9-81.userapi.com/s/v1/ig2/_2hsgntQxthhvriaIjR1cTagV_KMNMiWMwvfEIBgUpnLBhYbya_-A1b9s69yhyQoUS6LyzreFOpmoB5kvf2yPw4m.jpg?quality=96&as=32x43,48x64,72x96,108x144,160x213,240x320,360x480,480x640,540x720,640x853,720x960,864x1152&from=bu&cs=864x0",,False,,or avner habad community center,True,False,180930841__457249345
457240739,-7,-25040732,-25040732,1587056150,2020-04-16 18:55:50,58.007035,56.256233,58.00763133477656,56.255145877976155,92.1882622932928,"https://sun9-45.userapi.com/s/v1/ig1/Xac3idrDxbJCNuIsaIMpZjtURX_q776XqcLk2sYFUdj0BYH7GvOtNzZcDQ_o_VA8sXhbU-8n.jpg?quality=96&as=32x43,48x65,72x98,108x146,160x217,240x325,360x488,480x651,540x732,640x868,720x976,1080x1464,1280x1736,1416x1920&from=bu&cs=1416x0",,False,1932.0,or avner habad community center,True,False,-25040732__457240739
457240664,-7,-25040732,-25040732,1585043415,2020-03-24 10:50:15,58.007049,56.256101,58.00763133477656,56.255145877976155,85.78484911443367,"https://sun9-74.userapi.com/s/v1/ig1/EDohzm9c3wuLeQQ3b88r33XeMVfzc21F5OWlzVPNaRARKWVlJjEDtUDVfL3DGTg400k3zgkS.jpg?quality=96&as=32x43,48x64,72x96,108x144,160x213,240x320,360x480,480x640,540x720,640x853,720x960,1080x1440,1280x1707,1440x1920&from=bu&cs=1440x0",,False,1920.0,or avner habad community center,True,False,-25040732__457240664
457239629,270972365,-166810589,466351709,1583156499,2020-03-02 14:41:39,58.007182,56.255876,58.00763133477656,56.255145877976155,65.92798200570905,"https://sun9-64.userapi.com/s/v1/if2/Ppnh5Ix7GGJNj5vjpzHWrCu2ulysscDX00NAcct3X7_Z5YzxwY_G_TujKo1RlS6Sh_e2cihQKx8iKxZtxoaoaqSl.jpg?quality=96&as=32x24,48x36,72x54,108x81,160x120,240x180,360x270,480x360,540x405,640x480,720x540,1080x810,1280x960,1440x1080,2560x1920&from=bu&cs=2560x0",,False,,or avner habad community center,True,False,-166810589__457239629
457259442,-7,125191812,125191812,1607619897,2020-12-10 18:04:57,58.006944,56.256233,58.00763133477656,56.255145877976155,99.71464269422694,"https://sun9-38.userapi.com/s/v1/ig2/jo_NALb4--6R71Gy2OTkzZrffQB-WKP4cv-viEigqDbeYSgk-r6s-vYwdunsVRpM8k5C_UqyPZlceOdUggWbZuV-.jpg?quality=96&as=32x43,48x64,72x96,108x144,160x213,240x320,360x480,480x640,540x720,640x853,720x960,1080x1440,1280x1707,1440x1920&from=bu&cs=1440x0",,False,,or avner habad community center,True,False,125191812__457259442
457259441,-7,125191812,125191812,1607619897,2020-12-10 18:04:57,58.007014,56.25626,58.00763133477656,56.255145877976155,94.9741105252708,"https://sun9-31.userapi.com/s/v1/ig2/9tBy8Wrd6_yuxAkrEepfRkQLyFBUZi-k7_F_QJbRXzOlR2wS5F4_N0tkweh3r56hG07sZt0aMhbYTgJHL-pjg_w5.jpg?quality=96&as=32x43,48x64,72x96,108x144,160x213,240x320,360x480,480x640,540x720,640x853,720x960,1080x1440,1280x1707,1440x1920&from=bu&cs=1440x0",,False,,or avner habad community center,True,False,125191812__457259441
457259439,-7,125191812,125191812,1607608541,2020-12-10 14:55:41,58.006979,56.256246,58.00763133477656,56.255145877976155,97.27254541945284,"https://sun9-42.userapi.com/s/v1/ig2/C32fiSj-YVa8NA8Yf9Wr4IfJzjWcMHBeeBVMHoxv2Uw6IvHqeVgsc5rKLzpTZOFzZAaT2NHWqK05ZQwZ9tizuLt1.jpg?quality=96&as=32x43,48x64,72x96,108x144,160x213,240x320,360x480,480x640,540x720,640x853,720x960,1080x1440,1280x1707,1440x1920&from=bu&cs=1440x0",,False,,or avner habad community center,True,False,125191812__457259439
457259437,-7,125191812,125191812,1607608540,2020-12-10 14:55:40,58.00707,56.256246,58.00763133477656,56.255145877976155,89.9798546581579,"https://sun9-62.userapi.com/s/v1/ig2/fQwPqXblUzD3kymzrRhuZXlxLMIrqDPUXRsvcBGtz11rISK8HbPNZmivEAGS0sJPVHsmt7Ii2Qqkltfl-IoTODPT.jpg?quality=96&as=32x43,48x64,72x96,108x144,160x213,240x320,360x480,480x640,540x720,640x853,720x960,1080x1440,1280x1707,1440x1920&from=bu&cs=1440x0",,False,,or avner habad community center,True,False,125191812__457259437
457259436,-7,125191812,125191812,1607608538,2020-12-10 14:55:38,58.007021,56.256365,58.00763133477656,56.255145877976155,98.81348107275196,"https://sun9-82.userapi.com/s/v1/ig2/KeNwNaD8HCzivlDE5TsM_mtRKgbLxxGdlDo4r7Sd86_N9Jrj_u2QJnj_t47ZV50bj-J3lPj6wIvAZLWwKX3QDKDM.jpg?quality=96&as=32x43,48x64,72x96,108x144,160x213,240x320,360x480,480x640,540x720,640x853,720x960,1080x1440,1280x1707,1440x1920&from=bu&cs=1440x0",,False,,or avner habad community center,True,False,125191812__457259436
457259418,-7,125191812,125191812,1607527679,2020-12-09 16:27:59,58.006979,56.256246,58.00763133477656,56.255145877976155,97.27254541945284,"https://sun9-83.userapi.com/s/v1/ig2/3jnuQYSAVDY74XtTGLCXl5bOe4Yl_1vlFjPGmu30uLXaID8SbqjLl18j3X0Ek3L-0IL1tKnzrhmYEaopuy5Ym5J1.jpg?quality=96&as=32x43,48x64,72x96,108x144,160x213,240x320,360x480,480x640,540x720,640x853,720x960,1080x1440,1280x1707,1440x1920&from=bu&cs=1440x0",,False,,or avner habad community center,True,False,125191812__457259418
457259399,-7,125191812,125191812,1607440010,2020-12-08 16:06:50,58.006993,56.256286,58.00763133477656,56.255145877976155,97.7217273760142,"https://sun9-12.userapi.com/s/v1/ig2/Fm0j0oZBoSdPBLKwgGoq8UNHx2_qEyaQZEhP6LKmNLgFHv4r4bqDDyBcuExIbuotoTS5V2MgJst5i72KoIHOq7km.jpg?quality=96&as=32x43,48x64,72x96,108x144,160x213,240x320,360x480,480x640,540x720,640x853,720x960,1080x1440,1280x1707,1440x1920&from=bu&cs=1440x0",,False,,or avner habad community center,True,False,125191812__457259399
457259395,-7,125191812,125191812,1607439990,2020-12-08 16:06:30,58.006993,56.256286,58.00763133477656,56.255145877976155,97.7217273760142,"https://sun9-8.userapi.com/s/v1/ig2/8MkJTbZTFl8wlKYuxan1ZseK01T4SRHrvIebmrFF8kr6PTT-LH1mkm58vK2yQv-xJE3Q-1ybj2dsh7POOOEXL9ge.jpg?quality=96&as=32x43,48x64,72x96,108x144,160x213,240x320,360x480,480x640,540x720,640x853,720x960,1080x1440,1280x1707,1440x1920&from=bu&cs=1440x0",,False,,or avner habad community center,True,False,125191812__457259395
457240769,-7,220391435,220391435,1607243205,2020-12-06 09:26:45,58.007035,56.256061,58.00763133477656,56.255145877976155,85.46011257011665,"https://sun9-7.userapi.com/s/v1/ig2/XKqaCPknCgnsJEbAa5wEwgLLjBrGeQ3k67RjeMy01wNs5QFutHwQtEObbTERezZAeS_5MUstLxhHCGYMdzKczIJP.jpg?quality=96&as=32x43,48x64,72x96,108x144,160x213,240x320,360x480,480x640,540x721,640x854&from=bu&cs=640x0",,False,,or avner habad community center,True,False,220391435__457240769
457240770,-7,220391435,220391435,1607243205,2020-12-06 09:26:45,58.006986,56.25618,58.00763133477656,56.255145877976155,94.13159007230888,"https://sun9-74.userapi.com/s/v1/ig2/DjYpdKnFxspEti1Udaqb4GYs1cc_fKmVy3ooZTwMKY_IG1n8fvXVdvTK61_L7PPwKFQMAyiFVmTEIeuNF1ee2xQV.jpg?quality=96&as=32x43,48x64,72x96,108x144,160x213,240x320,360x480,480x640,540x721,640x854&from=bu&cs=640x0",,False,,or avner habad community center,True,False,220391435__457240770
457240078,-7,-151286827,-151286827,1603639181,2020-10-25 16:19:41,58.0084,56.2552,58.00763133477656,56.255145877976155,85.53112147213741,"https://sun9-67.userapi.com/s/v1/ig2/76fiTOjo2AhMvDOEL72gRbLPlDWhmwYQ0OeRz8Zl8d96raIhQOsy1y9_JXXFKuVAtbCWXC90V5FXeDq1US6p14rm.jpg?quality=96&as=32x43,48x64,72x96,108x144,160x213,240x320,360x480,480x640,540x720,640x853,720x960,1080x1440,1280x1707,1440x1920&from=bu&cs=1440x0",,False,930.0,or avner habad community center,True,False,-151286827__457240078
457239961,-7,220576401,220576401,1601720499,2020-10-03 12:21:39,58.007189,56.255982,58.00763133477656,56.255145877976155,69.60981551557698,"https://sun9-75.userapi.com/s/v1/if2/aQPcU-13HSVVWF4giHkmozXQ2dIaz6s_VyB8pzLdtyPNdOF5u7tXIaHcD27Mp_PLe-Q6wKfhTVOuBa2bTghmrQN6.jpg?quality=96&as=32x24,48x36,72x54,108x81,160x120,240x180,360x270,480x360,540x405,640x480,720x540,1080x810,1280x960,1440x1080,1920x1440&from=bu&cs=1920x0",,False,191.0,or avner habad community center,True,False,220576401__457239961
457240806,-7,591475754,591475754,1611665139,2021-01-26 13:45:39,58.00793,56.254646,58.00763133477656,56.255145877976155,44.38610713452629,"https://sun9-18.userapi.com/s/v1/ig2/Mhcd314YjNXwVXNpUn5vR1S0FMMs_GRc3Zu42FE_2H1RsJpSdO3x6T310vRdg6Fku01VxiujJcwQhmdBLxn-K2ou.jpg?quality=96&as=32x43,48x64,72x96,108x144,160x213,240x320,360x480,480x640,540x720,640x853,720x960,1080x1440,1104x1472&from=bu&cs=1104x0",,False,,or avner habad community center,True,False,591475754__457240806
457250497,-7,180930841,180930841,1609446334,2020-12-31 21:25:34,58.00742,56.256034,58.00763133477656,56.255145877976155,57.35596308667012,"https://sun9-5.userapi.com/s/v1/ig2/upr-lKwEX5upPsYYpb-4-tDy4eYwu5UuNQuOfQO8uc04pCSH-SFXeBIQY76jGXUBdkhf41ISIpItQx9SA1DMQRhN.jpg?quality=96&as=32x43,48x64,72x96,108x144,160x213,240x320,360x480,480x640,540x720,640x853,720x960,1080x1440,1200x1600&from=bu&cs=1200x0",,False,,or avner habad community center,True,False,180930841__457250497
457250494,-7,180930841,180930841,1609446292,2020-12-31 21:24:52,58.00742,56.256034,58.00763133477656,56.255145877976155,57.35596308667012,"https://sun9-7.userapi.com/s/v1/ig2/ppvRngxURLZ-e9hkwfObcu7-vY6tZtCIxjbkN08Lnz9ZB2L6mZIHwdgOhpaesqZoreG1XIIYVw5bptPe3zj3kV7G.jpg?quality=96&as=32x43,48x64,72x96,108x144,160x213,240x320,360x480,480x640,540x720,640x853,720x960,1080x1440,1200x1600&from=bu&cs=1200x0",,False,,or avner habad community center,True,False,180930841__457250494
457250493,-7,180930841,180930841,1609446289,2020-12-31 21:24:49,58.00742,56.256034,58.00763133477656,56.255145877976155,57.35596308667012,"https://sun9-10.userapi.com/s/v1/if2/eklyFY70yEtlLWCfDFEMBeLa74NDOOfecgsTJg1M1TxwnqF8xY0obPXIYokHP267jSMivIpQB4J-J_C_pJiU1UML.jpg?quality=96&as=32x24,48x36,72x54,108x81,160x120,240x180,360x270,480x360,540x405,640x480,720x540,1080x810,1280x960,1440x1080,1600x1200&from=bu&cs=1600x0",,False,,or avner habad community center,True,False,180930841__457250493
457250491,-7,180930841,180930841,1609446281,2020-12-31 21:24:41,58.00742,56.256034,58.00763133477656,56.255145877976155,57.35596308667012,"https://sun9-28.userapi.com/s/v1/ig2/Qdm3zDVOa0hGPK4oOjtjO5UjIrXLouoVJQ4j3PD80fkBjmElbKnvHAtyRfhhievoSrv-HqxOibP7mp4smA0kYKx1.jpg?quality=96&as=32x43,48x64,72x96,108x144,160x213,240x320,360x480,480x640,540x720,640x853,720x960,1080x1440,1200x1600&from=bu&cs=1200x0",,False,,or avner habad community center,True,False,180930841__457250491
457250490,-7,180930841,180930841,1609446276,2020-12-31 21:24:36,58.00742,56.256034,58.00763133477656,56.255145877976155,57.35596308667012,"https://sun9-21.userapi.com/s/v1/ig2/d5nJ2NRlIJyXS5XfiZ7-IXYhAhexzEojsCOrrxJ53vCfaPuJ8vMLr0ZcS3IUXI-FUydPN9TZEFMci-Pnqm-A3ioo.jpg?quality=96&as=32x43,48x64,72x96,108x144,160x213,240x320,360x480,480x640,540x720,640x853,720x960,1080x1440,1200x1600&from=bu&cs=1200x0",,False,,or avner habad community center,True,False,180930841__457250490
457251361,-7,180930841,180930841,1619942157,2021-05-02 09:55:57,58.008015,56.255742,58.00763133477656,56.255145877976155,55.25683308014207,"https://sun9-80.userapi.com/s/v1/ig2/Dcc7eLjQ7PzSi9liFgVGWuJ_cGQ4xP2yjH9aEy1_Xz_hc9LahP_fGnJDw-7x61AzQL1T4yhC5T0vxa2CcZFDf-2C.jpg?quality=96&as=32x43,48x64,72x96,108x144,160x213,240x320,360x480,480x640,540x720,640x853,720x960,1080x1440,1200x1600&from=bu&cs=1200x0",,False,,or avner habad community center,True,False,180930841__457251361
457239838,261879510,272674280,272674280,1617304218,2021-04-01 21:10:18,58.008281,56.25598,58.00763133477656,56.255145877976155,87.36818200078737,"https://sun9-62.userapi.com/s/v1/ig2/FaOL-400mw8CHK9WFzuowkLhZCVM2lNhEfA2wPiC8DybLRqt-mmkU5YlHVU8FBHTnKOsT9G4Olexi6-44_aqGLKN.jpg?quality=96&as=32x43,48x64,72x96,108x144,160x213,240x320,360x480,480x640,540x720,640x853,720x960,1080x1440,1280x1707,1440x1920,1620x2160&from=bu&cs=1620x0","Со стрепами 
Синий 90С
Белый 85С",False,,or avner habad community center,True,False,272674280__457239838
457239835,261879510,272674280,272674280,1617303277,2021-04-01 20:54:37,58.007637,56.256391,58.00763133477656,56.255145877976155,73.35504559074127,"https://sun9-72.userapi.com/s/v1/ig2/ug1bjMEBVoazlhq20A3s7SOtlTFqseKCDgdA_3739DodgAyX9WWuRBDBRbB1JDGLq8npSnM3X2lH6UEr5sA9d9Sc.jpg?quality=96&as=32x43,48x64,72x96,108x144,160x213,240x320,360x480,480x640,540x720,640x853,720x960,1080x1440,1280x1707,1440x1920,1620x2160&from=bu&cs=1620x0",46-48,False,,or avner habad community center,True,False,272674280__457239835
457239610,-7,-194549025,-194549025,1622869376,2021-06-05 07:02:56,58.006761,56.255031,58.00763133477656,56.255145877976155,97.01316239458453,"https://sun9-52.userapi.com/s/v1/if2/OW_DyuLcsBLSw3JQChDO6Nrz8lenZsDD2TDufeOeIwBStDq54ArGNSgRvJNNoDZwhQTu14w_vlYvhQP5fenisU_O.jpg?quality=96&as=32x24,48x36,72x54,108x81,160x120,240x180,360x270,480x360,540x405,640x480,720x540,1080x810,1280x960,1440x1080,1920x1440&from=bu&cs=1920x0",,False,735.0,or avner habad community center,True,False,-194549025__457239610
457239032,-7,651207224,651207224,1620585544,2021-05-09 20:39:04,58.007091,56.256048,58.00763133477656,56.255145877976155,80.21473317428786,"https://sun9-79.userapi.com/s/v1/ig2/UoGZwCTLEJd6gEC_W9P36TM8Enx4Phin18S_RSxN0drrPK6mwysvAS3Azi0-6ubwEPnPAvvYLACinuRJzJGOOJcF.jpg?quality=96&as=32x43,48x64,72x96,108x144,160x213,240x320,360x480,480x640,540x720,640x853,720x960,1080x1440,1200x1600&from=bu&cs=1200x0",,False,19.0,or avner habad community center,True,False,651207224__457239032
457301054,-7,-19074642,-19074642,1630763886,2021-09-04 15:58:06,58.007721,56.2568,58.00763133477656,56.255145877976155,97.95586905727583,"https://sun9-70.userapi.com/s/v1/ig2/FPkPPJ3czLHwlPwd2dLcSLJpTBZYhZ0JwbXU3IYSyFBsB8nh1aQRbAlLGcd5IPO_TkZp6bJHC02PzH-MMgAXQnOU.jpg?quality=95&as=32x57,48x85,72x128,108x192,160x284,240x427,360x640,480x853,540x960,640x1138,720x1280,900x1600&from=bu&cs=900x0",,False,,or avner habad community center,True,False,-19074642__457301054
457301053,-7,-19074642,-19074642,1630763886,2021-09-04 15:58:06,58.007721,56.2568,58.00763133477656,56.255145877976155,97.95586905727583,"https://sun9-21.userapi.com/s/v1/ig2/Qf6Yu2nuQtC4N71j8zJ_tnx4hrO3lMznVYpy8esKTc2f5yUyYNO4_GUFHHGmDc4TbDCFHTRCO4W-O4OKzTkSilt3.jpg?quality=95&as=32x43,48x64,72x96,108x144,160x214,240x321,360x482,480x642,540x722,640x856,720x963,1080x1445,1196x1600&from=bu&cs=1196x0",,False,,or avner habad community center,True,False,-19074642__457301053
457301055,-7,-19074642,-19074642,1630763886,2021-09-04 15:58:06,58.007721,56.2568,58.00763133477656,56.255145877976155,97.95586905727583,"https://sun9-6.userapi.com/s/v1/if2/mnydCKFW86HfpaElpzbWvIJB8UuSmn4j55l9BGr4Fnz75TBsH54DLS7OQt3_v1qxx780xB_ksLoibdgYlC-dO9Do.jpg?quality=95&as=32x18,48x27,72x40,108x61,160x90,240x135,360x202,480x270,540x304,640x360,720x405,1080x607,1280x720,1440x810,1600x900&from=bu&cs=1600x0",,False,,or avner habad community center,True,False,-19074642__457301055
457301051,-7,-19074642,-19074642,1630763886,2021-09-04 15:58:06,58.007721,56.2568,58.00763133477656,56.255145877976155,97.95586905727583,"https://sun9-78.userapi.com/s/v1/ig2/JvhwdRn-4CT8wSU8H4WoAwfzPCb6QMaXctWZ0W7HpOYeEMJrOqZS_9viGn8rYXX5ZjXTffediOu-i7KZlnFhXnIC.jpg?quality=95&as=32x43,48x64,72x96,108x144,160x214,240x321,360x482,480x642,540x722,640x856,720x963,1080x1445,1196x1600&from=bu&cs=1196x0",,False,,or avner habad community center,True,False,-19074642__457301051
457301052,-7,-19074642,-19074642,1630763886,2021-09-04 15:58:06,58.007721,56.2568,58.00763133477656,56.255145877976155,97.95586905727583,"https://sun9-86.userapi.com/s/v1/if2/i-GCUQp_ttvRSh-3gdxDRzSXNFTHL75X7L54HR5nR_6pied6WchMh0LBCcF-SxCYlRkSGz2-0qAg0Hk1Hu7RkfVO.jpg?quality=95&as=32x18,48x27,72x40,108x61,160x90,240x135,360x202,480x270,540x304,640x360,720x405,1080x607,1280x720,1440x810,1600x900&from=bu&cs=1600x0",,False,,or avner habad community center,True,False,-19074642__457301052
457252009,-7,227326523,227326523,1630408826,2021-08-31 13:20:26,58.007937,56.25458,58.00763133477656,56.255145877976155,47.60830375434023,"https://sun9-74.userapi.com/s/v1/if2/3gvXE2RuuyC_csFJRcNxXPuMEgD9S4BOjqu5crPHCfaSk5OM31kMVg9Lpts19Mi3yUV_qw2lwlMaEWaV4dpuCkk7.jpg?quality=96&as=32x24,48x36,72x54,108x81,160x120,240x180,360x270,480x360,540x405,640x480,720x540,1080x810,1280x960,1440x1080,1600x1200&from=bu&cs=1600x0",,False,,or avner habad community center,True,False,227326523__457252009
457239399,178011777,8165138,8165138,1629870162,2021-08-25 07:42:42,58.007279,56.255638,58.00763133477656,56.255145877976155,48.73843212763822,"https://sun9-45.userapi.com/s/v1/ig2/cFG_VR5h7SXshbjsHfxYAAa_C9YTR-kBEFMYiN62MfQ7SirT7GY3VvOw9_a0Q6ZMwZxaWb_NijhTpuPwCQ2MPenH.jpg?quality=96&as=32x43,48x64,72x96,108x144,160x213,240x320,360x480,480x640,540x720,640x853,720x960,1080x1440,1280x1707,1440x1920,1620x2160&from=bu&cs=1620x0",,False,,or avner habad community center,True,False,8165138__457239399
457240684,-7,650886856,650886856,1629577125,2021-08-21 22:18:45,58.007112,56.256193,58.00763133477656,56.255145877976155,84.49972252664689,"https://sun9-27.userapi.com/s/v1/ig2/6KYOTrDed3aTZBdY5fj0xjzYqLM8eTH4RHvGrxF3sUD21SBx-Mdb1wMhvRhQ34KvBazMJWRjiv20N84Jdga3dZmo.jpg?quality=96&as=32x43,48x64,72x96,108x144,160x213,240x320,360x480,480x640,540x720,640x853,720x960,1080x1440,1200x1600&from=bu&cs=1200x0",,False,1409.0,or avner habad community center,True,False,650886856__457240684
457240145,-7,-199522335,-199522335,1624973123,2021-06-29 15:25:23,58.006979,56.256246,58.00763133477656,56.255145877976155,97.27254541945284,"https://sun9-71.userapi.com/s/v1/if2/uqxHjoUGI0d_VurVvy0ZpquKzB4d0SgpL0qI_RvyHW0H6M8MAIuYCcaC8cySSCcMSSGxxH4Hk151biqoX1yNZ1jp.jpg?quality=96&as=32x15,48x22,72x34,108x50,160x75,240x112,360x168,480x224,540x252,640x299,720x337,1080x505,1280x598,1440x673,1600x748&from=bu&cs=1600x0",,False,,or avner habad community center,True,False,-199522335__457240145
457240147,-7,-199522335,-199522335,1624973123,2021-06-29 15:25:23,58.006993,56.256286,58.00763133477656,56.255145877976155,97.7217273760142,"https://sun9-73.userapi.com/s/v1/ig2/v80nywWbfOtgf0BRTiQGzbO5zStC-HJV-PTZ8sofCwUpPXCE3Y5MpHmGu3po3EKTPvdUngeyTY1cmdVl5vWHFc_v.jpg?quality=96&as=32x68,48x103,72x154,108x231,160x342,240x513,360x770,480x1027,540x1155,640x1369,720x1540,748x1600&from=bu&cs=748x0",,False,,or avner habad community center,True,False,-199522335__457240147
457244545,-7,552103851,552103851,1624371650,2021-06-22 16:20:50,58.008239,56.256033,58.00763133477656,56.255145877976155,85.42173065993705,"https://sun9-36.userapi.com/s/v1/ig2/Hvy_DwSjxfyzzdh13y9rs8DZ2H3alugkERR4DZHBhb5yIjkermfDzqq8SxmV5kVsOBcZ8doH3FQS6qQyFYeob-wQ.jpg?quality=96&as=32x43,48x64,72x96,108x144,160x214,240x321,360x482,480x642,540x722,640x856,720x963,1080x1445,1196x1600&from=bu&cs=1196x0",,False,223.0,or avner habad community center,True,False,552103851__457244545
457242295,-7,-76634753,-76634753,1635174233,2021-10-25 17:03:53,58.007587,56.25462,58.00763133477656,56.255145877976155,31.37020210899436,"https://sun9-41.userapi.com/s/v1/ig2/jxSAmxNhUEIg9yfVMs8WwQbqsxcKPRLZHjBtQ83WGeXP_R0pbMTUKeP6nltud8arIrPrZczFDGzbo7bR7EqFC3AK.jpg?quality=96&as=32x43,48x64,72x96,108x144,160x213,240x320,360x480,480x640,540x721,640x854,720x961,1080x1441,1280x1708,1388x1852&from=bu&cs=1388x0",,False,,or avner habad community center,True,False,-76634753__457242295
457242985,-7,-35464396,-35464396,1648543452,2022-03-29 10:44:12,58.008316,56.255306,58.00763133477656,56.255145877976155,76.71346612508572,"https://sun9-49.userapi.com/s/v1/ig2/U4jh7LUGeltI--xYX-GtkHy7wyGsdlvDFCQ5BV7pdYyfJNF71I3NwKrf8BGkwfG3yh746WlPm8basgxX-hOn5PI1.jpg?quality=95&as=32x42,48x63,72x94,108x142,160x210,240x315,360x472,480x629,540x708,640x839,720x944,1080x1415,1280x1678,1288x1688&from=bu&cs=1288x0",,False,24217.0,or avner habad community center,True,False,-35464396__457242985
457240755,-7,-151286827,-151286827,1652780963,2022-05-17 11:49:23,58.008316,56.255306,58.00763133477656,56.255145877976155,76.71346612508572,"https://sun9-44.userapi.com/s/v1/ig2/bksZ0VBlz8ShBvA1bI7C-UMfMiISPzosX1Mea7Dtt4OiSCzUV4OkLhcZdT7V8nkzlsF6QAE9eLvLgbmshqRLJ99v.jpg?quality=95&as=32x43,48x64,72x96,108x144,160x213,240x320,360x480,480x640,540x720,640x853,720x960,1080x1440,1280x1707,1440x1920&from=bu&cs=1440x0",,False,,or avner habad community center,True,False,-151286827__457240755
457240960,-7,-108946670,-108946670,1650289675,2022-04-18 15:47:55,58.007105,56.256088,58.00763133477656,56.255145877976155,80.65847945459433,"https://sun9-45.userapi.com/s/v1/if2/4NebaJ2LUcaXF9wSSlwXlAD2_2b-a8zC6eCym3nymXnNbg8h54euX3CRxZH_5NNwh3N3HyGqiACAuYKJPE1z2xWM.jpg?quality=95&as=32x27,48x41,72x61,108x92,160x136,240x204,360x306,480x407,540x458,640x543,720x611,1080x917,1280x1086,1440x1222,1600x1358&from=bu&cs=1600x0",,False,,or avner habad community center,True,False,-108946670__457240960
457262845,-7,-56383010,-56383010,1656005108,2022-06-23 19:25:08,58.007812,56.2568,58.00763133477656,56.255145877976155,99.49618626483604,"https://sun9-13.userapi.com/s/v1/if2/Aewb0YHDUAFt-ErJH0oMCzQ03qeayWO4bnnCWCcVUEehBhbE2PhLm7w2BXcncAcfcLaJA75SN6esGQXLsTV-O9Ev.jpg?quality=95&as=32x17,48x25,72x37,108x56,160x83,240x125,360x187,480x249,540x280,640x332,720x374,1080x561,1280x665,1440x748,1600x831&from=bu&cs=1600x0",,False,99318.0,or avner habad community center,True,False,-56383010__457262845
457243982,-7,589506170,589506170,1654946442,2022-06-11 13:20:42,58.007105,56.256088,58.00763133477656,56.255145877976155,80.65847945459433,"https://sun9-5.userapi.com/s/v1/if2/6kdpeltVG3xIOKzstClWXYUH9Fref_ItKl2pOSDFdORwaS8I42i7ApZEtLJlDb6mxo8kpH-L8OXYdaDHDPhUeY9I.jpg?quality=95&as=32x24,48x36,72x54,108x81,160x120,240x180,360x270,480x360,540x405,640x480,720x540,1080x810,1280x960,1440x1080,1920x1440&from=bu&cs=1920x0",,False,,or avner habad community center,True,False,589506170__457243982
457242550,286864399,-76634753,526128670,1654086598,2022-06-01 14:29:58,58.007405,56.25462,58.00763133477656,56.255145877976155,39.91470201456504,"https://sun9-45.userapi.com/s/v1/if2/85NhCedERxnGRptV6wP9iY53rYfx2jLodViXvrJ5W57Onuz9KEmtIE-f8OySN_V55R83VoX4M5wnRhuYHPWHRfLG.jpg?quality=95&as=32x24,48x36,72x54,108x81,160x120,240x180,360x270,480x360,540x405,640x480,720x540,1080x810,1280x960,1440x1080,1920x1440&from=bu&cs=1920x0",,False,,or avner habad community center,True,False,-76634753__457242550
457241062,-7,-108946670,-108946670,1667209836,2022-10-31 10:50:36,58.007014,56.256088,58.00763133477656,56.255145877976155,88.27570811572419,"https://sun9-52.userapi.com/s/v1/if2/hbWK5EtZaOebnnkmHAwoYr0sy38QKQDP9xdKBtOnUcY_FKF2xPGcEn75X5gWEpfE-HBn74kB13VwiU9QXrbHjBTe.jpg?quality=95&as=32x30,48x45,72x68,108x102,160x150,240x226,360x338,480x451,540x508,640x602,720x677,1080x1015,1280x1203,1440x1354,1919x1804&from=bu&cs=1919x0",,False,2630.0,or avner habad community center,True,False,-108946670__457241062
457243918,-7,-35464396,-35464396,1661454058,2022-08-25 21:00:58,58.008316,56.255306,58.00763133477656,56.255145877976155,76.71346612508572,"https://sun9-45.userapi.com/s/v1/ig2/U1fZ1rF9fIhOOQ4uhU3UwENEHf0P5Bp93hKQRXXbqLXgBTj8X-7DTVGxPsRdlOi7QiOuS1hJ6sybrMkjDIzir2yj.jpg?quality=95&as=32x43,48x64,72x96,108x144,160x213,240x320,360x480,480x640,540x720,640x853,720x960,1080x1440,1266x1688&from=bu&cs=1266x0",,False,25456.0,or avner habad community center,True,False,-35464396__457243918
457251893,288227102,62894083,62894083,1660402262,2022-08-13 16:51:02,58.00842,56.255002,58.00763133477656,56.255145877976155,88.10423424711051,"https://sun9-4.userapi.com/s/v1/ig2/cyYBsJoVeRJ1FikyeYpawXS3Gb3N4Uk2trw0aP1hfvJEYpuwnouFqjI-QJeEySHcArSp9dR1iG6g-MtbszNoocy2.jpg?quality=95&as=32x43,48x64,72x96,108x144,160x213,240x320,360x480,480x640,540x720,640x853,720x960,1080x1440,1280x1707,1440x1920,1920x2560&from=bu&cs=1920x0",,False,,or avner habad community center,True,False,62894083__457251893
457239165,-7,693032650,693032650,1658294384,2022-07-20 07:19:44,58.007014,56.256088,58.00763133477656,56.255145877976155,88.27570811572419,"https://sun9-33.userapi.com/s/v1/ig2/L4S5HYKJl2dTfFFFdI8W7rAcfemdLydG0FvTrO-jsleLd_WbsNkQ7ga2-NNbwOfaD1exVM2762IkW6zh6-aip9Z-.jpg?quality=95&as=32x43,48x64,72x96,108x144,160x213,240x320,360x480,480x640,540x720,640x853,720x960,1080x1440,1200x1600&from=bu&cs=1200x0",,False,,or avner habad community center,True,False,693032650__457239165
457239982,292621033,-209485236,-209485236,1674891813,2023-01-28 08:43:33,58.007112,56.256022,58.00763133477656,56.255145877976155,77.45188747241512,"https://sun9-40.userapi.com/s/v1/if2/DaFxhV7DqUCwm6t5Quu_mOOcYkoqueN8LH6WITaXrTeWPi9NWnjE_QjpKAn5fpbPJ3F5ci_QNrhwJ4JEi7GmGV8N.jpg?quality=95&as=32x24,48x36,72x54,108x81,160x120,240x180,360x270,480x360,540x405,640x480,720x540,1080x810,1280x960,1440x1080,2560x1920&from=bu&cs=2560x0",,False,,or avner habad community center,True,False,-209485236__457239982
457239981,292621033,-209485236,-209485236,1674891808,2023-01-28 08:43:28,58.007112,56.256022,58.00763133477656,56.255145877976155,77.45188747241512,"https://sun9-51.userapi.com/s/v1/if2/gKQJlZMPcNkvp3COGlgzetKujprBjvXqycYDhiSzbB5h1WKOuD87n9lY7uO5ZHefaShJzbVV5SFEhWQ7wvgOyQB8.jpg?quality=95&as=32x24,48x36,72x54,108x81,160x120,240x180,360x270,480x360,540x405,640x480,720x540,1080x810,1280x960,1440x1080,2560x1920&from=bu&cs=2560x0",,False,,or avner habad community center,True,False,-209485236__457239981
457239980,292621033,-209485236,-209485236,1674891802,2023-01-28 08:43:22,58.007112,56.256022,58.00763133477656,56.255145877976155,77.45188747241512,"https://sun9-58.userapi.com/s/v1/if2/Y2FKpNoUthTDfF_6b5Sy20vPdlhS5zEjT3Ruana0PuPjJ2dfs0r7v6iMWvDkTsbTz29BE2AUsyFv59Hk2Ri7Nomz.jpg?quality=95&as=32x24,48x36,72x54,108x81,160x120,240x180,360x270,480x360,540x405,640x480,720x540,1080x810,1280x960,1440x1080,2560x1920&from=bu&cs=2560x0",,False,,or avner habad community center,True,False,-209485236__457239980
457239979,292621033,-209485236,-209485236,1674891798,2023-01-28 08:43:18,58.007112,56.256022,58.00763133477656,56.255145877976155,77.45188747241512,"https://sun9-58.userapi.com/s/v1/if2/bzZtLtFlKSPY8TsTFOqIvJcEFUqyVGWkoJ3Lij2aet3VxSByI4FltCZLvKAcuHq4tozwuze5lig8c91nyLY9-X8Z.jpg?quality=95&as=32x24,48x36,72x54,108x81,160x120,240x180,360x270,480x360,540x405,640x480,720x540,1080x810,1280x960,1440x1080,2560x1920&from=bu&cs=2560x0",,False,,or avner habad community center,True,False,-209485236__457239979
457239978,292621033,-209485236,-209485236,1674891792,2023-01-28 08:43:12,58.007112,56.256022,58.00763133477656,56.255145877976155,77.45188747241512,"https://sun9-20.userapi.com/s/v1/if2/y4o6wyi_BzkmJLWBzzEwnP4lnFMlycDztDyHT3pq4olbnL33Vb-ZDf4gCrAr38KuwmhaABtqAM7GDpeL89mmgA_z.jpg?quality=95&as=32x24,48x36,72x54,108x81,160x120,240x180,360x270,480x360,540x405,640x480,720x540,1080x810,1280x960,1440x1080,2560x1920&from=bu&cs=2560x0",,False,,or avner habad community center,True,False,-209485236__457239978
457239977,292621033,-209485236,-209485236,1674891787,2023-01-28 08:43:07,58.007112,56.256022,58.00763133477656,56.255145877976155,77.45188747241512,"https://sun9-65.userapi.com/s/v1/if2/4c-2dViuZVtcChGDJOeUp-DIFNNBDtpOcDv8lz7KaILr5dozsr2_fwEgkyEYPviK9U4OGDkH6n-4ZYcIG29hdKKJ.jpg?quality=95&as=32x24,48x36,72x54,108x81,160x120,240x180,360x270,480x360,540x405,640x480,720x540,1080x810,1280x960,1440x1080,2560x1920&from=bu&cs=2560x0",,False,,or avner habad community center,True,False,-209485236__457239977
457239976,292621033,-209485236,-209485236,1674891782,2023-01-28 08:43:02,58.007112,56.256022,58.00763133477656,56.255145877976155,77.45188747241512,"https://sun9-24.userapi.com/s/v1/if2/2fTcYIvG7Dy6JpUQpdtmHfggcPCc-y1ZlA_Y7aQkC8FM7SQQHvzxYuUNT48jqGAGNqnF6oWQCdsCvH3jb9lXR4hL.jpg?quality=95&as=32x24,48x36,72x54,108x81,160x120,240x180,360x270,480x360,540x405,640x480,720x540,1080x810,1280x960,1440x1080,2560x1920&from=bu&cs=2560x0",,False,,or avner habad community center,True,False,-209485236__457239976
457239975,292621033,-209485236,-209485236,1674891777,2023-01-28 08:42:57,58.007112,56.256022,58.00763133477656,56.255145877976155,77.45188747241512,"https://sun9-53.userapi.com/s/v1/if2/OJjHeKdbo_7nv-xcn0PNH8cRHTnSONYFdIhsePruT6ClmTvaF2LiEWrZNgOiTgXrgzZGVHK4Pi_p5Z-qb-Gx28Y-.jpg?quality=95&as=32x24,48x36,72x54,108x81,160x120,240x180,360x270,480x360,540x405,640x480,720x540,1080x810,1280x960,1440x1080,2560x1920&from=bu&cs=2560x0",,False,,or avner habad community center,True,False,-209485236__457239975
457239808,292620802,-209485236,-209485236,1674890694,2023-01-28 08:24:54,58.00721,56.256127,58.00763133477656,56.255145877976155,74.40287057801065,"https://sun9-55.userapi.com/s/v1/if2/u02_D1bhyjEqpEhwAiMKyXfTHfxnrRiusx_DlMPjAQTjaDDcC4c53IqIoAYz20mzb0MwdKPtiR7zkKu9XNG6KyGH.jpg?quality=95&as=32x24,48x36,72x54,108x81,160x120,240x180,360x270,480x360,540x405,640x480,720x540,1080x810,1280x960,1440x1080,2560x1920&from=bu&cs=2560x0",,False,,or avner habad community center,True,False,-209485236__457239808
457239807,292620802,-209485236,-209485236,1674890686,2023-01-28 08:24:46,58.00721,56.256127,58.00763133477656,56.255145877976155,74.40287057801065,"https://sun9-44.userapi.com/s/v1/if2/p_3xcaRfoP4wJa1LxyLxSjfp2slNatn9_oyAP5tq06LgIZu3dYl2hLZIJ7UEVQueUQmMo6KK0Q_A6oJwY2QYvioN.jpg?quality=95&as=32x24,48x36,72x54,108x81,160x120,240x180,360x270,480x360,540x405,640x480,720x540,1080x810,1280x960,1440x1080,2560x1920&from=bu&cs=2560x0",,False,,or avner habad community center,True,False,-209485236__457239807
457239806,292620802,-209485236,-209485236,1674890681,2023-01-28 08:24:41,58.00721,56.256127,58.00763133477656,56.255145877976155,74.40287057801065,"https://sun9-75.userapi.com/s/v1/if2/9jSzF4PiLPvIN0CqGWkwQ0FLoCvJ-BX6SnjhoVEWQrDVwdLgnfN7wZf-KDZUgwQhKWYmPRh9Rfk_aNL2afvNUcHG.jpg?quality=95&as=32x24,48x36,72x54,108x81,160x120,240x180,360x270,480x360,540x405,640x480,720x540,1080x810,1280x960,1440x1080,2560x1920&from=bu&cs=2560x0",,False,,or avner habad community center,True,False,-209485236__457239806
457239805,292620802,-209485236,-209485236,1674890670,2023-01-28 08:24:30,58.00721,56.256127,58.00763133477656,56.255145877976155,74.40287057801065,"https://sun9-34.userapi.com/s/v1/if2/p_zRV2HflL2qq9iw8GfV9wKQwxJsqhAHI0v3Eagh0sMXMojf9kzBeQyd3yB0VuX7LdbbWdvTb4ukL00iP3RdmTOG.jpg?quality=95&as=32x24,48x36,72x54,108x81,160x120,240x180,360x270,480x360,540x405,640x480,720x540,1080x810,1280x960,1440x1080,2560x1920&from=bu&cs=2560x0",,False,,or avner habad community center,True,False,-209485236__457239805
457239804,292620802,-209485236,-209485236,1674890665,2023-01-28 08:24:25,58.00721,56.256127,58.00763133477656,56.255145877976155,74.40287057801065,"https://sun9-87.userapi.com/s/v1/if2/HJFx3qSBJnLY_OWC98upUSZhElP_y0zuUGxMkZqCVTZmpf407WOJejvt-9SYKDXgNZuEGGd4Pl2_vgTHrgSyyp3U.jpg?quality=95&as=32x24,48x36,72x54,108x81,160x120,240x180,360x270,480x360,540x405,640x480,720x540,1080x810,1280x960,1440x1080,2560x1920&from=bu&cs=2560x0",,False,,or avner habad community center,True,False,-209485236__457239804
457239803,292620802,-209485236,-209485236,1674890660,2023-01-28 08:24:20,58.007105,56.256088,58.00763133477656,56.255145877976155,80.65847945459433,"https://sun9-38.userapi.com/s/v1/if2/WT7eq0HxKi5vxrG4nUY8dWBlikNjo45KEb7prlFECyB9C1dQIpgefNPQZf7Pm6lPxeZdiwAnn6cJ3j23zs4eeDZV.jpg?quality=95&as=32x24,48x36,72x54,108x81,160x120,240x180,360x270,480x360,540x405,640x480,720x540,1080x810,1280x960,1440x1080,2560x1920&from=bu&cs=2560x0",,False,,or avner habad community center,True,False,-209485236__457239803
457239800,292620802,-209485236,-209485236,1674890644,2023-01-28 08:24:04,58.00721,56.256127,58.00763133477656,56.255145877976155,74.40287057801065,"https://sun9-71.userapi.com/s/v1/ig2/TucS3_T3OBUC7SnX56xLLB_lklBz5ABljrox6S7MJi98Yxm3b4Athgt6yTtZLNYDXO7DC0C3iHUd3R37FvJnaP_d.jpg?quality=95&as=32x43,48x64,72x96,108x144,160x213,240x320,360x480,480x640,540x720,640x853,720x960,1080x1440,1280x1707,1440x1920,1920x2560&from=bu&cs=1920x0",,False,,or avner habad community center,True,False,-209485236__457239800
457239799,292620802,-209485236,-209485236,1674890640,2023-01-28 08:24:00,58.007308,56.255717,58.00763133477656,56.255145877976155,49.24106496243882,"https://sun9-16.userapi.com/s/v1/ig2/aVFEu534NoUdVkFH1njtbkuVtf3GY8Nzw27EldCeefp1XHzuZDx5QxOyG5iBuwshJEoa6YG1mT0sGY2NO88GTvD-.jpg?quality=95&as=32x43,48x64,72x96,108x144,160x213,240x320,360x480,480x640,540x720,640x853,720x960,1080x1440,1280x1707,1440x1920,1920x2560&from=bu&cs=1920x0",,False,,or avner habad community center,True,False,-209485236__457239799
457239798,292620802,-209485236,-209485236,1674890635,2023-01-28 08:23:55,58.007308,56.255717,58.00763133477656,56.255145877976155,49.24106496243882,"https://sun9-41.userapi.com/s/v1/ig2/W5UTizFcKiUr5ioljYmFVHRtfqbv7RxIYRXAoDmMshrryJEHSg6Vlk9Z-PMd2eFF_ZLddfp8D5hmg1KeyvDgm-3k.jpg?quality=95&as=32x43,48x64,72x96,108x144,160x213,240x320,360x480,480x640,540x720,640x853,720x960,1080x1440,1280x1707,1440x1920,1920x2560&from=bu&cs=1920x0",,False,,or avner habad community center,True,False,-209485236__457239798
457239796,292620802,-209485236,-209485236,1674890622,2023-01-28 08:23:42,58.007308,56.255717,58.00763133477656,56.255145877976155,49.24106496243882,"https://sun9-20.userapi.com/s/v1/if2/KuQNwBvHP4fO6BBy_k8ZpfCrv7ps4fTZ0gsvFkgO35Qt-opfjvY2wRXcENvWZwgEKsCK7ywsjaoxUqggjXmjK2X7.jpg?quality=95&as=32x24,48x36,72x54,108x81,160x120,240x180,360x270,480x360,540x405,640x480,720x540,1080x810,1280x960,1440x1080,2560x1920&from=bu&cs=2560x0",,False,,or avner habad community center,True,False,-209485236__457239796
457239785,292620802,-209485236,-209485236,1674890595,2023-01-28 08:23:15,58.007203,56.256021,58.00763133477656,56.255145877976155,70.18858543268541,"https://sun9-26.userapi.com/s/v1/ig2/9Uh0Fa4MWksHeh596MPUMdHDu0ICibVte2CbVQkyowIrvBLn4fFKkKH3nzvYCuPLVIvRZp8v5OX_wXergpIlSdwW.jpg?quality=95&as=32x43,48x64,72x96,108x144,160x213,240x320,360x480,480x640,540x720,640x853,720x960,1080x1440,1280x1707,1440x1920,1920x2560&from=bu&cs=1920x0",,False,,or avner habad community center,True,False,-209485236__457239785
457239784,292620802,-209485236,-209485236,1674890589,2023-01-28 08:23:09,58.007203,56.256021,58.00763133477656,56.255145877976155,70.18858543268541,"https://sun9-68.userapi.com/s/v1/ig2/-o06BKzKOE6YvnZiAsUsdD0cyLKWZ-uA7ksLamvmfrLmeToQuW-1RxqIsJ6e0jp675ekgLhvw6O_nc6y1ZSH0k7P.jpg?quality=95&as=32x43,48x64,72x96,108x144,160x213,240x320,360x480,480x640,540x720,640x853,720x960,1080x1440,1280x1707,1440x1920,1920x2560&from=bu&cs=1920x0",,False,,or avner habad community center,True,False,-209485236__457239784
457239779,292620802,-209485236,-209485236,1674890563,2023-01-28 08:22:43,58.007112,56.256022,58.00763133477656,56.255145877976155,77.45188747241512,"https://sun9-34.userapi.com/s/v1/ig2/nKe5NHvCm2fpYEBcWXHcqzYckbbXv4TXYp7-jK6h4_eU_GsYT6eXICLGDXldqiiPcyzMWmHGBUcaI9_lRmK-Cxlp.jpg?quality=95&as=32x43,48x64,72x96,108x144,160x213,240x320,360x480,480x640,540x720,640x853,720x960,1080x1440,1280x1707,1440x1920,1920x2560&from=bu&cs=1920x0",,False,,or avner habad community center,True,False,-209485236__457239779
457239776,292620802,-209485236,-209485236,1674890537,2023-01-28 08:22:17,58.007112,56.256022,58.00763133477656,56.255145877976155,77.45188747241512,"https://sun9-46.userapi.com/s/v1/if2/zlUpX6Iq_CAo_zr3n36wEl4hN-RKJTWQIZWYf18N6EzXC8feIntZCEdPn-iqeN43hWlWUdA5Bdtpz-gRUKnVfDld.jpg?quality=95&as=32x24,48x36,72x54,108x81,160x120,240x180,360x270,480x360,540x405,640x480,720x540,1080x810,1280x960,1440x1080,2560x1920&from=bu&cs=2560x0",,False,,or avner habad community center,True,False,-209485236__457239776
457239775,292620802,-209485236,-209485236,1674890530,2023-01-28 08:22:10,58.007112,56.256022,58.00763133477656,56.255145877976155,77.45188747241512,"https://sun9-34.userapi.com/s/v1/if2/CAlDbP3TsviZY9GY3SpbDanKSGKZ_qj_ghhpRQdw0b9Hu8nqoXnh_Ca12fbEuD-RhzKdLQqe47nf9-Sh9Vv5GNqA.jpg?quality=95&as=32x24,48x36,72x54,108x81,160x120,240x180,360x270,480x360,540x405,640x480,720x540,1080x810,1280x960,1440x1080,2560x1920&from=bu&cs=2560x0",,False,,or avner habad community center,True,False,-209485236__457239775
457239774,292620802,-209485236,-209485236,1674890525,2023-01-28 08:22:05,58.007112,56.256022,58.00763133477656,56.255145877976155,77.45188747241512,"https://sun9-37.userapi.com/s/v1/if2/6o2ojrmBZWq9yKoulVMuRAwL0u99CpPkeMSwkNTh-Zr4prZMg15FCGFK0zZ8ig-IQo9A00mcKpVem8R9iTSfBkjC.jpg?quality=95&as=32x24,48x36,72x54,108x81,160x120,240x180,360x270,480x360,540x405,640x480,720x540,1080x810,1280x960,1440x1080,2560x1920&from=bu&cs=2560x0",,False,,or avner habad community center,True,False,-209485236__457239774
457239773,292620802,-209485236,-209485236,1674890520,2023-01-28 08:22:00,58.007112,56.256022,58.00763133477656,56.255145877976155,77.45188747241512,"https://sun9-15.userapi.com/s/v1/if2/pEWogXJASCp8zfOSItMLolvCrOoS0I7QZQJR15J1-mca70QmcHIcs5tP3X_OXCSHzjuBxlotxstWzXbKxU6FC5-Y.jpg?quality=95&as=32x24,48x36,72x54,108x81,160x120,240x180,360x270,480x360,540x405,640x480,720x540,1080x810,1280x960,1440x1080,2560x1920&from=bu&cs=2560x0",,False,,or avner habad community center,True,False,-209485236__457239773
457239764,283571111,-209485236,-209485236,1674890231,2023-01-28 08:17:11,58.007203,56.256021,58.00763133477656,56.255145877976155,70.18858543268541,"https://sun9-76.userapi.com/s/v1/if2/xaxaT160aPsFEXjb4QEo0FKpaKVcM3s6U7wu96NZgmvzjBDgpbyBk4XxaMTMBdATAzKeLZIdCiwvENt6tdoYBOqo.jpg?quality=95&as=32x24,48x36,72x54,108x81,160x120,240x180,360x270,480x360,540x405,640x480,720x540,1080x810,1280x960,1440x1080,2560x1920&from=bu&cs=2560x0",,False,,or avner habad community center,True,False,-209485236__457239764
457239747,283571111,-209485236,-209485236,1674890186,2023-01-28 08:16:26,58.007112,56.256022,58.00763133477656,56.255145877976155,77.45188747241512,"https://sun9-47.userapi.com/s/v1/if2/8LExFuk6kvKj3XXFw4cPSbsLoJ5c_lTKFPGbOBPd0PhFjVXxhWlGUZVQLwNqDc-t4JP7BbFmfJwlIDOcJJfraxjR.jpg?quality=95&as=32x24,48x36,72x54,108x81,160x120,240x180,360x270,480x360,540x405,640x480,720x540,1080x810,1280x960,1440x1080,2560x1920&from=bu&cs=2560x0",,False,,or avner habad community center,True,False,-209485236__457239747
457239746,283571111,-209485236,-209485236,1674890182,2023-01-28 08:16:22,58.007112,56.256022,58.00763133477656,56.255145877976155,77.45188747241512,"https://sun9-42.userapi.com/s/v1/if2/zHlxMikMSeWU7-JSD_SSlWxO-y-KeDQAEA2SJClXhT01T8HAEclYoCYyQ0_LCdjVbYxZh20J0uS2lT-qBwFh_csz.jpg?quality=95&as=32x24,48x36,72x54,108x81,160x120,240x180,360x270,480x360,540x405,640x480,720x540,1080x810,1280x960,1440x1080,2560x1920&from=bu&cs=2560x0",,False,,or avner habad community center,True,False,-209485236__457239746
457239737,292620556,-209485236,-209485236,1674889778,2023-01-28 08:09:38,58.00721,56.256127,58.00763133477656,56.255145877976155,74.40287057801065,"https://sun9-79.userapi.com/s/v1/if2/Q3UDp0df8Pt7BAq5g6MkuPAvBoB54BWzxS_8VaxGabuVKtQNhh5rENxeI26ZL4TDfI4dveW8OyvHaQb6r7NSNA6N.jpg?quality=95&as=32x24,48x36,72x54,108x81,160x120,240x180,360x270,480x360,540x405,640x480,720x540,1080x810,1280x960,1440x1080,2560x1920&from=bu&cs=2560x0",,False,,or avner habad community center,True,False,-209485236__457239737
457239729,292620556,-209485236,-209485236,1674889742,2023-01-28 08:09:02,58.007014,56.256088,58.00763133477656,56.255145877976155,88.27570811572419,"https://sun9-80.userapi.com/s/v1/if2/p_YFPDiMHUIHFvc87bRN-X4bQahAn3huZVTg8oZgkBpICZaYpwrfcPvRaEqSKRMFDCrC-REOMjxz1jymQTHHrd3f.jpg?quality=95&as=32x24,48x36,72x54,108x81,160x120,240x180,360x270,480x360,540x405,640x480,720x540,1080x810,1280x960,1440x1080,2560x1920&from=bu&cs=2560x0",,False,,or avner habad community center,True,False,-209485236__457239729
457239723,292620556,-209485236,-209485236,1674889711,2023-01-28 08:08:31,58.007203,56.256021,58.00763133477656,56.255145877976155,70.18858543268541,"https://sun9-10.userapi.com/s/v1/ig2/t7V-TCtmXpAVcyFtdriXSTmq_fRxsHUhNOyfJjGhJLPI-zt0te3bvLCdc2u5CVczKLnQxavE_otXv4ZRNhMHoG_i.jpg?quality=95&as=32x43,48x64,72x96,108x144,160x213,240x320,360x480,480x640,540x720,640x853,720x960,1080x1440,1280x1707,1440x1920,1920x2560&from=bu&cs=1920x0",,False,,or avner habad community center,True,False,-209485236__457239723
457239722,292620556,-209485236,-209485236,1674889705,2023-01-28 08:08:25,58.007203,56.256021,58.00763133477656,56.255145877976155,70.18858543268541,"https://sun9-13.userapi.com/s/v1/ig2/3q7cALepQZAASnixeoc_vWgnJYKQVdRHU4PwaY1IdV9LX5RxpDHujZK9frG0R4VJXSlmGTy0qhh0--VfRahOVodD.jpg?quality=95&as=32x43,48x64,72x96,108x144,160x213,240x320,360x480,480x640,540x720,640x853,720x960,1080x1440,1280x1707,1440x1920,1920x2560&from=bu&cs=1920x0",,False,,or avner habad community center,True,False,-209485236__457239722
457239721,292620556,-209485236,-209485236,1674889699,2023-01-28 08:08:19,58.007203,56.256021,58.00763133477656,56.255145877976155,70.18858543268541,"https://sun9-67.userapi.com/s/v1/ig2/lzvdBh-W1802ue4uhu1Afrn34URBxDnl1qWp6Z_mMDrBPrq-BJuNv0yHjV09FUP1_F4FNvmPXM_1nZw4HdvzriJW.jpg?quality=95&as=32x43,48x64,72x96,108x144,160x213,240x320,360x480,480x640,540x720,640x853,720x960,1080x1440,1280x1707,1440x1920,1920x2560&from=bu&cs=1920x0",,False,,or avner habad community center,True,False,-209485236__457239721
457239711,292620556,-209485236,-209485236,1674889643,2023-01-28 08:07:23,58.007203,56.256021,58.00763133477656,56.255145877976155,70.18858543268541,"https://sun9-33.userapi.com/s/v1/ig2/Lcg87B53eNGn2nktJ_23soomz_ZDx0aftb_4Q9xcelWK9Q-ISDQCU0JtMPBkTr0YXRMAjysX_XOB14yRnVZC_9k0.jpg?quality=95&as=32x43,48x64,72x96,108x144,160x213,240x320,360x480,480x640,540x720,640x853,720x960,1080x1440,1280x1707,1440x1920,1920x2560&from=bu&cs=1920x0",,False,,or avner habad community center,True,False,-209485236__457239711
457239710,292620556,-209485236,-209485236,1674889636,2023-01-28 08:07:16,58.007203,56.256021,58.00763133477656,56.255145877976155,70.18858543268541,"https://sun9-46.userapi.com/s/v1/ig2/PR5qTyFK3fsqBPRWYPEDsWz-TV01x0pvffa3wYvY6xYUZXn4O66qR6qqFBdnonnryPwHyA06jOhn7xT-eidsf-vm.jpg?quality=95&as=32x43,48x64,72x96,108x144,160x213,240x320,360x480,480x640,540x720,640x853,720x960,1080x1440,1280x1707,1440x1920,1920x2560&from=bu&cs=1920x0",,False,,or avner habad community center,True,False,-209485236__457239710
457239709,292620556,-209485236,-209485236,1674889629,2023-01-28 08:07:09,58.007203,56.256021,58.00763133477656,56.255145877976155,70.18858543268541,"https://sun9-34.userapi.com/s/v1/ig2/0FNpz6Q4P-20LBZ7sqYKQrvsF77t0wkwYvm-FydEtNcuUPbHJAHeG6goyx-MH4Se7d9aDmifF-KESyOAyjRK9NVD.jpg?quality=95&as=32x43,48x64,72x96,108x144,160x213,240x320,360x480,480x640,540x720,640x853,720x960,1080x1440,1280x1707,1440x1920,1920x2560&from=bu&cs=1920x0",,False,,or avner habad community center,True,False,-209485236__457239709
457239679,292620556,-209485236,-209485236,1674889127,2023-01-28 07:58:47,58.007112,56.256022,58.00763133477656,56.255145877976155,77.45188747241512,"https://sun9-59.userapi.com/s/v1/if2/InGT7cHoRJlrWih72mPHJig6OEibGJUAROhGLmZbGzisKa_63D2MImEKyN8o5j5mm_5k_OD6G5R7o619MjTqWoWJ.jpg?quality=95&as=32x24,48x36,72x54,108x81,160x120,240x180,360x270,480x360,540x405,640x480,720x540,1080x810,1280x960,1440x1080,2560x1920&from=bu&cs=2560x0",,False,,or avner habad community center,True,False,-209485236__457239679
457239678,292620556,-209485236,-209485236,1674889123,2023-01-28 07:58:43,58.007112,56.256022,58.00763133477656,56.255145877976155,77.45188747241512,"https://sun9-53.userapi.com/s/v1/ig2/7qQW5tKFEmsDZ3s3m-_BLCZfRHAtnrlKmEHIzD33phmcI3ltzDpdiV5onBuoeAPrhZeqkf0dpCa8kQfBDK34sOli.jpg?quality=95&as=32x43,48x64,72x96,108x144,160x213,240x320,360x480,480x640,540x720,640x853,720x960,1080x1440,1280x1707,1440x1920,1920x2560&from=bu&cs=1920x0",,False,,or avner habad community center,True,False,-209485236__457239678
457239677,292620556,-209485236,-209485236,1674889119,2023-01-28 07:58:39,58.007105,56.256088,58.00763133477656,56.255145877976155,80.65847945459433,"https://sun9-74.userapi.com/s/v1/ig2/cW1ts5T3AdBW-gPqInCcXR72DcISR8zOq2mOlL7fmJZmwosnEP9NS-lv-4EKK9JJtiKxOQUTNrvAZN3WEu-ZXwQr.jpg?quality=95&as=32x43,48x64,72x96,108x144,160x213,240x320,360x480,480x640,540x720,640x853,720x960,1080x1440,1280x1707,1440x1920,1920x2560&from=bu&cs=1920x0",,False,,or avner habad community center,True,False,-209485236__457239677
457239676,292620556,-209485236,-209485236,1674889114,2023-01-28 07:58:34,58.007105,56.256088,58.00763133477656,56.255145877976155,80.65847945459433,"https://sun9-25.userapi.com/s/v1/if2/o2hH38udZRNNWZmA_gAHKhIi7_fMF5nQ3TySu9k064NEPqsw-6KTSPvAMvGHMVEPOamUAYnUFlpEA_7PiVXW756w.jpg?quality=95&as=32x24,48x36,72x54,108x81,160x120,240x180,360x270,480x360,540x405,640x480,720x540,1080x810,1280x960,1440x1080,2560x1920&from=bu&cs=2560x0",,False,,or avner habad community center,True,False,-209485236__457239676
457239673,292620556,-209485236,-209485236,1674889099,2023-01-28 07:58:19,58.007014,56.256088,58.00763133477656,56.255145877976155,88.27570811572419,"https://sun9-40.userapi.com/s/v1/ig2/fPqL6RnekK4h14Gt8PZ3t7kCWxxJN4pPPshfoID5cFAG_mftO6tJSbhqjJrM_cDFpkw3U0NXECSXVz3p21V35qCj.jpg?quality=95&as=32x43,48x64,72x96,108x144,160x213,240x320,360x480,480x640,540x720,640x853,720x960,1080x1440,1280x1707,1440x1920,1920x2560&from=bu&cs=1920x0",,False,,or avner habad community center,True,False,-209485236__457239673
457239548,-7,-209485236,-209485236,1673444216,2023-01-11 14:36:56,58.007203,56.256021,58.00763133477656,56.255145877976155,70.18858543268541,"https://sun9-43.userapi.com/s/v1/if2/TX9vlllPD8ku_JlhNdPvNaPbS9ozITn-Uibjz-G-RpL9O2VyyMTNcgKf9T6xBJnWO95MTb9JPRBiRuv9d8LpLqDo.jpg?quality=95&as=32x24,48x36,72x54,108x81,160x120,240x180,360x270,480x360,540x405,640x480,720x540,1080x810,1280x960,1440x1080,2560x1920&from=bu&cs=2560x0",,False,,or avner habad community center,True,False,-209485236__457239548
457241099,-7,-108946670,-108946670,1673442584,2023-01-11 14:09:44,58.007,56.25622,58.00763133477656,56.255145877976155,94.5116004421848,"https://sun9-58.userapi.com/s/v1/ig2/yWen8wZ67OoI-WGDvi9McFW7OVlh2OavaHIxf63V4FR5pTyWc5emejv0XQorMTnczO6aK-tFpYyDd6Zu5FAuwBZA.jpg?quality=95&as=32x37,48x56,72x83,108x125,160x185,240x278,360x416,480x555,540x625,640x740,720x833,1080x1249,1280x1480,1284x1485&from=bu&cs=1284x0",,False,,or avner habad community center,True,False,-108946670__457241099
457241098,-7,-108946670,-108946670,1673442479,2023-01-11 14:07:59,58.007,56.25622,58.00763133477656,56.255145877976155,94.5116004421848,"https://sun9-14.userapi.com/s/v1/ig2/G8eNEdrYmJnpftK4opE3AHon3vu59ysUNb0gEqFj0Fp_jGjKfESJuo3xS_zmw6JWzRpwMtDyG7Xphjs9VVthO18m.jpg?quality=95&as=32x57,48x85,72x128,108x192,160x284,240x427,360x640,480x853,540x960,640x1138,720x1280,1080x1920&from=bu&cs=1080x0",,False,,or avner habad community center,True,False,-108946670__457241098
457240208,293030186,-209485236,-209485236,1677122547,2023-02-23 04:22:27,58.007112,56.256022,58.00763133477656,56.255145877976155,77.45188747241512,"https://sun9-53.userapi.com/s/v1/if2/rJyEkKgMerkBQBDurUparYNxNVbRpITf8PQ25sQ2qVlt7ofrZE-AvIec0Cdco4GB7Xts82dBYon81f3D9YWSVRmj.jpg?quality=95&as=32x24,48x36,72x54,108x81,160x120,240x180,360x270,480x360,540x405,640x480,720x540,1080x810,1280x960,1440x1080,2560x1920&from=bu&cs=2560x0",,False,,or avner habad community center,True,False,-209485236__457240208
457240206,292620802,-209485236,-209485236,1677122507,2023-02-23 04:21:47,58.007203,56.256021,58.00763133477656,56.255145877976155,70.18858543268541,"https://sun9-48.userapi.com/s/v1/ig2/cVcv5IGw16N4vBf9saWK1_mkkusfK4Xca-G220gw8O6ODzTsronQ4_b6ZsUhizIExwRwQeSBTLSoou8-vkqwDSPD.jpg?quality=95&as=32x43,48x64,72x96,108x144,160x213,240x320,360x480,480x640,540x720,640x853,720x960,1080x1440,1280x1707,1440x1920,1920x2560&from=bu&cs=1920x0",,False,,or avner habad community center,True,False,-209485236__457240206
457240205,292620802,-209485236,-209485236,1677122504,2023-02-23 04:21:44,58.007203,56.256021,58.00763133477656,56.255145877976155,70.18858543268541,"https://sun9-67.userapi.com/s/v1/ig2/NyXwTN9eOoQhkpq4ciwMZUA3rwzys8H2ieuwPsCS-mD-nl-kV9PbzCkluhuIctb7ppEh3RxlL2-gNCxu2Rt_DOaZ.jpg?quality=95&as=32x43,48x64,72x96,108x144,160x213,240x320,360x480,480x640,540x720,640x853,720x960,1080x1440,1280x1707,1440x1920,1920x2560&from=bu&cs=1920x0",,False,,or avner habad community center,True,False,-209485236__457240205
457240204,292620802,-209485236,-209485236,1677122501,2023-02-23 04:21:41,58.007203,56.256021,58.00763133477656,56.255145877976155,70.18858543268541,"https://sun9-48.userapi.com/s/v1/if2/4L3WQ1cBhy4toVZ3CJxFLD-sdysOBS_Y7246LbD2JdrEEgX_BnIkP7X5HL30kCsWsnfBOa06xrGz7OW0OTBnRMf_.jpg?quality=95&as=32x24,48x36,72x54,108x81,160x120,240x180,360x270,480x360,540x405,640x480,720x540,1080x810,1280x960,1440x1080,2560x1920&from=bu&cs=2560x0",,False,,or avner habad community center,True,False,-209485236__457240204
457240203,292620802,-209485236,-209485236,1677122498,2023-02-23 04:21:38,58.007203,56.256021,58.00763133477656,56.255145877976155,70.18858543268541,"https://sun9-12.userapi.com/s/v1/if2/uGrVw6-xPT3KpUQ9SS-dqpTdjlLmYrn0Qrf4UAo_3jCEAI8Z4Nx9vhLaw9MjZw3myoXpg9Szp_wyJ__vNwI1BcZr.jpg?quality=95&as=32x24,48x36,72x54,108x81,160x120,240x180,360x270,480x360,540x405,640x480,720x540,1080x810,1280x960,1440x1080,2560x1920&from=bu&cs=2560x0",,False,,or avner habad community center,True,False,-209485236__457240203
457240202,292620802,-209485236,-209485236,1677122496,2023-02-23 04:21:36,58.007203,56.256021,58.00763133477656,56.255145877976155,70.18858543268541,"https://sun9-12.userapi.com/s/v1/ig2/uaux5eCZ6lt72-byYv46mOJCI1e3uFINCQhtoI9AtiOusWxzES0cwrQjOchKMiERqcx2yCAeWK3zGNt-AbDthQhn.jpg?quality=95&as=32x43,48x64,72x96,108x144,160x213,240x320,360x480,480x640,540x720,640x853,720x960,1080x1440,1280x1707,1440x1920,1920x2560&from=bu&cs=1920x0",,False,,or avner habad community center,True,False,-209485236__457240202
457240200,292620802,-209485236,-209485236,1677122490,2023-02-23 04:21:30,58.007203,56.256021,58.00763133477656,56.255145877976155,70.18858543268541,"https://sun9-9.userapi.com/s/v1/ig2/SwghLFFGdhSUH-Tk92dF9PH2X_P1sIBX4oCb3AG2HUEzmFrlV4LnX8jtXcvGy2dDC0YKNoYPBvxnRglvk8HicOVB.jpg?quality=95&as=32x43,48x64,72x96,108x144,160x213,240x320,360x480,480x640,540x720,640x853,720x960,1080x1440,1280x1707,1440x1920,1920x2560&from=bu&cs=1920x0",,False,,or avner habad community center,True,False,-209485236__457240200
457240198,292620802,-209485236,-209485236,1677122483,2023-02-23 04:21:23,58.00721,56.256127,58.00763133477656,56.255145877976155,74.40287057801065,"https://sun9-86.userapi.com/s/v1/ig2/hYRONqwsQTFiKlJ3M8skXo3WyagbQP87t3QFXoMWhPkEmn8kTI1SfAVYf_RiSuEsZGXpVphcuCcQGf8zci_vC5ns.jpg?quality=95&as=32x43,48x64,72x96,108x144,160x213,240x320,360x480,480x640,540x720,640x853,720x960,1080x1440,1280x1707,1440x1920,1920x2560&from=bu&cs=1920x0",,False,,or avner habad community center,True,False,-209485236__457240198
457240197,292620802,-209485236,-209485236,1677122481,2023-02-23 04:21:21,58.007203,56.256021,58.00763133477656,56.255145877976155,70.18858543268541,"https://sun9-42.userapi.com/s/v1/if2/Qa8vvqOCUtjIrDGfqcGAJGL15TDqSbR2gaMkvZ_yMGS6Mzveln6xJ0CNSFt_hp1r8aZzdvuen-FCyzFyATQ0Y93U.jpg?quality=95&as=32x24,48x36,72x54,108x81,160x120,240x180,360x270,480x360,540x405,640x480,720x540,1080x810,1280x960,1440x1080,2560x1920&from=bu&cs=2560x0",,False,,or avner habad community center,True,False,-209485236__457240197
457240196,292620802,-209485236,-209485236,1677122478,2023-02-23 04:21:18,58.007203,56.256021,58.00763133477656,56.255145877976155,70.18858543268541,"https://sun9-60.userapi.com/s/v1/if2/aw9Qt9NO23LMwqFI2BRnGQ9E5zIqzhopPR4Z-55X3IquP8q1UyjpM_yto9WoHtUdHIsk1QNUKBAeSCOyLDx7-WwJ.jpg?quality=95&as=32x24,48x36,72x54,108x81,160x120,240x180,360x270,480x360,540x405,640x480,720x540,1080x810,1280x960,1440x1080,2560x1920&from=bu&cs=2560x0",,False,,or avner habad community center,True,False,-209485236__457240196
457240195,292620802,-209485236,-209485236,1677122474,2023-02-23 04:21:14,58.007203,56.256021,58.00763133477656,56.255145877976155,70.18858543268541,"https://sun9-77.userapi.com/s/v1/if2/GJJ2kMFEkSKDRY7cuHUVv7ikWJHztF8wmx7b6TChQXgjGjS4fnzke3yXaCLvIouhv1k7bvFYqxYTPC68GAK5DxwS.jpg?quality=95&as=32x24,48x36,72x54,108x81,160x120,240x180,360x270,480x360,540x405,640x480,720x540,1080x810,1280x960,1440x1080,2560x1920&from=bu&cs=2560x0",,False,,or avner habad community center,True,False,-209485236__457240195
457240194,292620802,-209485236,-209485236,1677122471,2023-02-23 04:21:11,58.007203,56.256021,58.00763133477656,56.255145877976155,70.18858543268541,"https://sun9-70.userapi.com/s/v1/if2/qspz764HUsNMdBRAXbfJURR0Xwb1iMOk7Mzt8cDL1KuwX25TTZOx8aBF_xp_7aGLHeiFVGd1Dl64CA4-_Iihshno.jpg?quality=95&as=32x24,48x36,72x54,108x81,160x120,240x180,360x270,480x360,540x405,640x480,720x540,1080x810,1280x960,1440x1080,2560x1920&from=bu&cs=2560x0",,False,,or avner habad community center,True,False,-209485236__457240194
457240193,292620802,-209485236,-209485236,1677122467,2023-02-23 04:21:07,58.007203,56.256021,58.00763133477656,56.255145877976155,70.18858543268541,"https://sun9-66.userapi.com/s/v1/if2/pJ0-xBAfXx_WvohCAdwlEdAW1VN6mWfjiga5BmrlRmpWg8DlWZrTXPTt3bf2R6wK2HvNWDQ6-_ra_O_qjafOkO3Y.jpg?quality=95&as=32x24,48x36,72x54,108x81,160x120,240x180,360x270,480x360,540x405,640x480,720x540,1080x810,1280x960,1440x1080,2560x1920&from=bu&cs=2560x0",,False,,or avner habad community center,True,False,-209485236__457240193
457240192,292620802,-209485236,-209485236,1677122464,2023-02-23 04:21:04,58.007203,56.256021,58.00763133477656,56.255145877976155,70.18858543268541,"https://sun9-26.userapi.com/s/v1/if2/M5Q10qUztWbZ-cogzKFIaSxqHOoKzbiqNeDOENcm7u2XjY7UCsSejayGixjVdhI9d3lkrEbCQFq7imFfL1MEEkWN.jpg?quality=95&as=32x24,48x36,72x54,108x81,160x120,240x180,360x270,480x360,540x405,640x480,720x540,1080x810,1280x960,1440x1080,2560x1920&from=bu&cs=2560x0",,False,,or avner habad community center,True,False,-209485236__457240192
457240191,292620802,-209485236,-209485236,1677122460,2023-02-23 04:21:00,58.00721,56.256127,58.00763133477656,56.255145877976155,74.40287057801065,"https://sun9-7.userapi.com/s/v1/ig2/SFkoy3yi2f8veZjOGrIQxrowHbo5R2-qBXPXU9wmkokpiMH61ozJbKqaPg_abyIHdW8psN4eRvzilKm0-bIhFjsF.jpg?quality=95&as=32x43,48x64,72x96,108x144,160x213,240x320,360x480,480x640,540x720,640x853,720x960,1080x1440,1280x1707,1440x1920,1920x2560&from=bu&cs=1920x0",,False,,or avner habad community center,True,False,-209485236__457240191
457240190,292620802,-209485236,-209485236,1677122456,2023-02-23 04:20:56,58.00721,56.256127,58.00763133477656,56.255145877976155,74.40287057801065,"https://sun9-45.userapi.com/s/v1/ig2/7iCGRyNYfujT_hGOHoyF-LGs_V96ZN6Xc0-78zQ30focqeiNxRs87vKhmXeDAYAdyN5v3Sr9ZjZqWCvJnxKd8TvU.jpg?quality=95&as=32x43,48x64,72x96,108x144,160x213,240x320,360x480,480x640,540x720,640x853,720x960,1080x1440,1280x1707,1440x1920,1920x2560&from=bu&cs=1920x0",,False,,or avner habad community center,True,False,-209485236__457240190
457240175,292621033,-209485236,-209485236,1677122354,2023-02-23 04:19:14,58.007112,56.256022,58.00763133477656,56.255145877976155,77.45188747241512,"https://sun9-61.userapi.com/s/v1/if2/5kpns1J3gA5-GeixxWTFQv_un_m81q_kumEpx2qMLOsBFHpasBoY2W_UjIy5HHf-HT-E_THiq6EPoHRiJQFLZpa4.jpg?quality=95&as=32x24,48x36,72x54,108x81,160x120,240x180,360x270,480x360,540x405,640x480,720x540,1080x810,1280x960,1440x1080,2560x1920&from=bu&cs=2560x0",,False,,or avner habad community center,True,False,-209485236__457240175
457240174,292621033,-209485236,-209485236,1677122352,2023-02-23 04:19:12,58.007105,56.256088,58.00763133477656,56.255145877976155,80.65847945459433,"https://sun9-9.userapi.com/s/v1/if2/hTyeDrxWoY8F8lRZCzqzr4Sae5Wvd3AXMPB6iy0A8FHDg_9cz1p1nK2LJriqjvFN612TzdWH0W70jCLC5d8v88bv.jpg?quality=95&as=32x24,48x36,72x54,108x81,160x120,240x180,360x270,480x360,540x405,640x480,720x540,1080x810,1280x960,1440x1080,2560x1920&from=bu&cs=2560x0",,False,,or avner habad community center,True,False,-209485236__457240174
457240172,292621033,-209485236,-209485236,1677122345,2023-02-23 04:19:05,58.007112,56.256022,58.00763133477656,56.255145877976155,77.45188747241512,"https://sun9-71.userapi.com/s/v1/if2/PNsxtMHp2FVvuMggF_fZKoNbCIgjzx2fvXy0Kso1WilufBdehsVl6DOlUxMI-BDpsKgohnchu4i4TFTFosWgv43o.jpg?quality=95&as=32x24,48x36,72x54,108x81,160x120,240x180,360x270,480x360,540x405,640x480,720x540,1080x810,1280x960,1440x1080,2560x1920&from=bu&cs=2560x0",,False,,or avner habad community center,True,False,-209485236__457240172
457240171,292621033,-209485236,-209485236,1677122341,2023-02-23 04:19:01,58.007112,56.256022,58.00763133477656,56.255145877976155,77.45188747241512,"https://sun9-86.userapi.com/s/v1/if2/gOO3c54Qqr7chz9soxbsOMRfs2N2PspBFFnUlqLPhZ6z3tLjyu3ZDcpwSylIuOkDuuhiF8gfEuZNCWeZYHslJaz7.jpg?quality=95&as=32x24,48x36,72x54,108x81,160x120,240x180,360x270,480x360,540x405,640x480,720x540,1080x810,1280x960,1440x1080,2560x1920&from=bu&cs=2560x0",,False,,or avner habad community center,True,False,-209485236__457240171
457240138,292977143,-209485236,-209485236,1676861749,2023-02-20 03:55:49,58.007105,56.256088,58.00763133477656,56.255145877976155,80.65847945459433,"https://sun9-38.userapi.com/s/v1/if2/27-RgC2EYDBmYK8YGdemR8uPOgh1becv0zhf-1qKfuuIa-jKx_QknN31teGpG23NAW4OmJk0T61yfI8EICLPXc8m.jpg?quality=95&as=32x24,48x36,72x54,108x81,160x120,240x180,360x270,480x360,540x405,640x480,720x540,1080x810,1280x960,1440x1080,2560x1920&from=bu&cs=2560x0",,False,,or avner habad community center,True,False,-209485236__457240138
457240112,-7,-209485236,-209485236,1676775469,2023-02-19 03:57:49,58.007105,56.256088,58.00763133477656,56.255145877976155,80.65847945459433,"https://sun9-67.userapi.com/s/v1/ig2/cWsEJ0UOm-O5FHudLrcwPyq82MfOAKt8wFdqkOwCVc8y5pr6mlNsTWMqcCOnCHhQ4XxDpk0YsRDJYB-JHqI_M9NP.jpg?quality=95&as=32x43,48x64,72x96,108x144,160x213,240x320,360x480,480x640,540x720,640x853,720x960,1080x1440,1280x1707,1440x1920,1920x2560&from=bu&cs=1920x0",,False,,or avner habad community center,True,False,-209485236__457240112
457240089,-7,-209485236,-209485236,1676464077,2023-02-15 13:27:57,58.007203,56.256021,58.00763133477656,56.255145877976155,70.18858543268541,"https://sun9-56.userapi.com/s/v1/if2/erQ1gO1Z3wMcOcmF1FCK838goxOXm1eDDoZxt6zzRKKRIAOhxcpu0O0WiafLMspeI6xUe7dncavOSHGKftpGRsHs.jpg?quality=95&as=32x24,48x36,72x54,108x81,160x120,240x180,360x270,480x360,540x405,640x480,720x540,1080x810,1280x960,1440x1080,2560x1920&from=bu&cs=2560x0",,False,,or avner habad community center,True,False,-209485236__457240089
457240088,-7,-209485236,-209485236,1676464077,2023-02-15 13:27:57,58.007112,56.256022,58.00763133477656,56.255145877976155,77.45188747241512,"https://sun9-84.userapi.com/s/v1/if2/csoajdabgCKd5mHKf1DhgO5MFCp7USkbFcfhJaLDlnHRlvYH9GQK7cvpSU-pULQ_EKvtGKMfKIhH-4-7i7WuHmNC.jpg?quality=95&as=32x24,48x36,72x54,108x81,160x120,240x180,360x270,480x360,540x405,640x480,720x540,1080x810,1280x960,1440x1080,2560x1920&from=bu&cs=2560x0",,False,,or avner habad community center,True,False,-209485236__457240088
457240270,-7,-209485236,-209485236,1678894402,2023-03-15 16:33:22,58.007112,56.256022,58.00763133477656,56.255145877976155,77.45188747241512,"https://sun9-53.userapi.com/s/v1/if2/i3HokOV1dpc9wYj_9A0_grqO35gD_jUIRsYyByOzpg826WqQR6MsExibWf5gCalpVUWxAD27ER9qVTOI2nXX8Mug.jpg?quality=95&as=32x24,48x36,72x54,108x81,160x120,240x180,360x270,480x360,540x405,640x480,720x540,1080x810,1280x960,1440x1080,2560x1920&from=bu&cs=2560x0",,False,,or avner habad community center,True,False,-209485236__457240270
457240245,-7,-209485236,-209485236,1678376800,2023-03-09 16:46:40,58.007112,56.256022,58.00763133477656,56.255145877976155,77.45188747241512,"https://sun9-50.userapi.com/s/v1/if2/JE7ee7XMvj7KbWc5JvpwBc5Bo7ciP_WS7cX4pJpFagQyW-I2MIDDqrv0lYhWTJCZqoKQ4geIAiJRDtMW01w9u7u6.jpg?quality=95&as=32x24,48x36,72x54,108x81,160x120,240x180,360x270,480x360,540x405,640x480,720x540,1080x810,1280x960,1440x1080,2560x1920&from=bu&cs=2560x0",,False,,or avner habad community center,True,False,-209485236__457240245
457240246,-7,-209485236,-209485236,1678376800,2023-03-09 16:46:40,58.007112,56.256022,58.00763133477656,56.255145877976155,77.45188747241512,"https://sun9-29.userapi.com/s/v1/if2/bflw3UItY_CPhZ86FBuj61FpzfWscRqy6AvmttBzrbsyq5sN1MfmkWWooqWQ09cxvm4mnO31TpHa3cEk_DawJITG.jpg?quality=95&as=32x24,48x36,72x54,108x81,160x120,240x180,360x270,480x360,540x405,640x480,720x540,1080x810,1280x960,1440x1080,2560x1920&from=bu&cs=2560x0",,False,,or avner habad community center,True,False,-209485236__457240246
457240248,-7,-209485236,-209485236,1678376800,2023-03-09 16:46:40,58.007112,56.256022,58.00763133477656,56.255145877976155,77.45188747241512,"https://sun9-71.userapi.com/s/v1/ig2/X6q9YxqbQ0rNc4ZW5KCzbClgiBNuT3CEq39zag_kmT0ve_LB5S5vbWJVPB9Allf1sC29EfZDG0AIPR3ECq0mLJMF.jpg?quality=95&as=32x43,48x64,72x96,108x144,160x213,240x320,360x480,480x640,540x720,640x853,720x960,1080x1440,1280x1707,1440x1920,1920x2560&from=bu&cs=1920x0",,False,,or avner habad community center,True,False,-209485236__457240248
457240239,-7,-209485236,-209485236,1678203191,2023-03-07 16:33:11,58.007112,56.256022,58.00763133477656,56.255145877976155,77.45188747241512,"https://sun9-60.userapi.com/s/v1/ig2/VEDXHWPgONcLlXYHgRTXnCgaEr-yMEd_XTitbUlOx6c7kRw7mfuMFigW4Wb1liifEchHIIlg897fnsIeC-lzATYR.jpg?quality=95&as=32x43,48x64,72x96,108x144,160x213,240x320,360x480,480x640,540x720,640x853,720x960,1080x1440,1280x1707,1440x1920,1920x2560&from=bu&cs=1920x0",,False,,or avner habad community center,True,False,-209485236__457240239
457240238,-7,-209485236,-209485236,1678203191,2023-03-07 16:33:11,58.007112,56.256022,58.00763133477656,56.255145877976155,77.45188747241512,"https://sun9-75.userapi.com/s/v1/if2/YJJ8Y4ZKpoSm87KXV4aOgWD_mtRbUOFUvvRvyJpHJG-XP0y72jUmrgBUPQPkeQ48qFbIZJVpAAn29Ukrsw1nkz_H.jpg?quality=95&as=32x24,48x36,72x54,108x81,160x120,240x180,360x270,480x360,540x405,640x480,720x540,1080x810,1280x960,1440x1080,2560x1920&from=bu&cs=2560x0",,False,,or avner habad community center,True,False,-209485236__457240238
457240237,-7,-209485236,-209485236,1678203191,2023-03-07 16:33:11,58.007112,56.256022,58.00763133477656,56.255145877976155,77.45188747241512,"https://sun9-30.userapi.com/s/v1/if2/r4O6TOt4yjBUJsCrSb9gPK1o4ui2TtnuAUlf4n2sFs5PaCLk-9lYXuZRYy7C2ShIDpu9bJXMEjXytJsuGM8OydEY.jpg?quality=95&as=32x24,48x36,72x54,108x81,160x120,240x180,360x270,480x360,540x405,640x480,720x540,1080x810,1280x960,1440x1080,2560x1920&from=bu&cs=2560x0",,False,,or avner habad community center,True,False,-209485236__457240237
457240233,-7,-209485236,-209485236,1678111290,2023-03-06 15:01:30,58.007112,56.256022,58.00763133477656,56.255145877976155,77.45188747241512,"https://sun9-51.userapi.com/s/v1/if2/aDo0WL-__qSC-RHE_55JrsV881z1v3K1vkWPNOeNgcX4PeZBexK9LRlzyO2eTDBYZc2i5bN22NksqfJXqayqteGK.jpg?quality=95&as=32x24,48x36,72x54,108x81,160x120,240x180,360x270,480x360,540x405,640x480,720x540,1080x810,1280x960,1440x1080,2560x1920&from=bu&cs=2560x0",,False,,or avner habad community center,True,False,-209485236__457240233
457240232,-7,-209485236,-209485236,1678111290,2023-03-06 15:01:30,58.007112,56.256022,58.00763133477656,56.255145877976155,77.45188747241512,"https://sun9-70.userapi.com/s/v1/if2/25dCrAntoLO-IHd7A_wt6QJPcPQLZhIJRWfPPDcQv_jkCX7o5U66TEQVdAPv7FJlMnlPMus1JdC0hYxgIO1ED1x5.jpg?quality=95&as=32x24,48x36,72x54,108x81,160x120,240x180,360x270,480x360,540x405,640x480,720x540,1080x810,1280x960,1440x1080,2560x1920&from=bu&cs=2560x0",,False,,or avner habad community center,True,False,-209485236__457240232
457240231,-7,-209485236,-209485236,1678111290,2023-03-06 15:01:30,58.007112,56.256022,58.00763133477656,56.255145877976155,77.45188747241512,"https://sun9-79.userapi.com/s/v1/if2/NlMlEYftUayPJS8l1mdhNuOzeze-_nPLVqAbeM-2ppFvyeMmICoHUBd04Zyq1BIA9N8X7hAkHbifuTxfq2jhagEQ.jpg?quality=95&as=32x24,48x36,72x54,108x81,160x120,240x180,360x270,480x360,540x405,640x480,720x540,1080x810,1280x960,1440x1080,2560x1920&from=bu&cs=2560x0",,False,,or avner habad community center,True,False,-209485236__457240231
457240217,-7,-209485236,-209485236,1677769021,2023-03-02 15:57:01,58.007112,56.256022,58.00763133477656,56.255145877976155,77.45188747241512,"https://sun9-38.userapi.com/s/v1/if2/PtfKFWr4vlAYdhEJk5uckmUpmckbs8V34lnR6kcRVEFtegfjzVeeNqdas4Fu4TxmMKTBRuZLBUjsMNLblFaS7ngp.jpg?quality=95&as=32x24,48x36,72x54,108x81,160x120,240x180,360x270,480x360,540x405,640x480,720x540,1080x810,1280x960,1440x1080,2560x1920&from=bu&cs=2560x0",,False,,or avner habad community center,True,False,-209485236__457240217
457240216,-7,-209485236,-209485236,1677769021,2023-03-02 15:57:01,58.007112,56.256022,58.00763133477656,56.255145877976155,77.45188747241512,"https://sun9-37.userapi.com/s/v1/if2/r-tYvpFmQ-cn21GHiDAbUlX0j9v1Ag6vuc20ccUMTdi4O2iMPuk-S2BLZdJ840orC5PmI0CCb1p_M56LT0lf8F8q.jpg?quality=95&as=32x24,48x36,72x54,108x81,160x120,240x180,360x270,480x360,540x405,640x480,720x540,1080x810,1280x960,1440x1080,2560x1920&from=bu&cs=2560x0",,False,,or avner habad community center,True,False,-209485236__457240216
457240213,292621033,-209485236,-209485236,1677583667,2023-02-28 12:27:47,58.007112,56.256022,58.00763133477656,56.255145877976155,77.45188747241512,"https://sun9-88.userapi.com/s/v1/if2/_MqoXfeUY7v-eZwkQP7K_M92JPBp51dliwRcfnq0BHrh8XqIcQrG0kwoNH2C2s3ae9KjqAa2rCOV2q3pIUdGXTzW.jpg?quality=95&as=32x24,48x36,72x54,108x81,160x120,240x180,360x270,480x360,540x405,640x480,720x540,1080x810,1280x960,1440x1080,2560x1920&from=bu&cs=2560x0",,False,,or avner habad community center,True,False,-209485236__457240213
457240212,292621033,-209485236,-209485236,1677583658,2023-02-28 12:27:38,58.007112,56.256022,58.00763133477656,56.255145877976155,77.45188747241512,"https://sun9-87.userapi.com/s/v1/if2/LLtJTkEu20Wz0DbSVFlGbQjNDHs2z5GQMzPHjBzc4II3sORKe3nrXDib0fEnsxX1Yg4ImOdygv-lcp1v2vXKmNGs.jpg?quality=95&as=32x24,48x36,72x54,108x81,160x120,240x180,360x270,480x360,540x405,640x480,720x540,1080x810,1280x960,1440x1080,2560x1920&from=bu&cs=2560x0",,False,,or avner habad community center,True,False,-209485236__457240212
457240380,-7,-209485236,-209485236,1680627913,2023-04-04 19:05:13,58.007203,56.256021,58.00763133477656,56.255145877976155,70.18858543268541,"https://sun9-20.userapi.com/s/v1/if2/d6bWXeZEcKauzGEBD_dH6wjhgVwIsmSwufO0GLEXk0BJI3ZR25YCdDX6_z4kMTFbJFiMpjP39IcLMglVgqJvlCSN.jpg?quality=95&as=32x24,48x36,72x54,108x81,160x120,240x180,360x270,480x360,540x405,640x480,720x540,1080x810,1280x960,1440x1080,2560x1920&from=bu&cs=2560x0",,False,,or avner habad community center,True,False,-209485236__457240380
457240381,-7,-209485236,-209485236,1680627913,2023-04-04 19:05:13,58.007203,56.256021,58.00763133477656,56.255145877976155,70.18858543268541,"https://sun9-66.userapi.com/s/v1/if2/NnDof2JzjZaXbkEEdv0_Wa5rwwfZf2R-jVZo97mjt3_bPadzM4K8BfP6Xgiy0_6PfkWLD7TPnaEo6uw6Dv6mufme.jpg?quality=95&as=32x24,48x36,72x54,108x81,160x120,240x180,360x270,480x360,540x405,640x480,720x540,1080x810,1280x960,1440x1080,2560x1920&from=bu&cs=2560x0",,False,,or avner habad community center,True,False,-209485236__457240381
457240361,-7,-209485236,-209485236,1680155700,2023-03-30 07:55:00,58.007203,56.256021,58.00763133477656,56.255145877976155,70.18858543268541,"https://sun9-57.userapi.com/s/v1/ig2/U_3zIAd9ifS0A5Wt1QC5_OF2VdjgnYxxJMx5fPbx7wlFPd3QUWDY9_ho3jQDxQSQ0R1xKJ46fJUNRa6K3jQwhTLl.jpg?quality=95&as=32x43,48x64,72x96,108x144,160x213,240x320,360x480,480x640,540x720,640x853,720x960,1080x1440,1280x1707,1440x1920,1920x2560&from=bu&cs=1920x0",,False,,or avner habad community center,True,False,-209485236__457240361
457240364,-7,-209485236,-209485236,1680155700,2023-03-30 07:55:00,58.007203,56.256021,58.00763133477656,56.255145877976155,70.18858543268541,"https://sun9-76.userapi.com/s/v1/if2/Zw603XQd2qz7RPez4_LZd8kymnH53aE2mzZf80h9cZtjKk0PIx4GY-g-aDFZaOW4eyzVaqhOumCAWFgmEvmkK-be.jpg?quality=95&as=32x24,48x36,72x54,108x81,160x120,240x180,360x270,480x360,540x405,640x480,720x540,1080x810,1280x960,1440x1080,2560x1920&from=bu&cs=2560x0",,False,,or avner habad community center,True,False,-209485236__457240364
457240362,-7,-209485236,-209485236,1680155700,2023-03-30 07:55:00,58.007203,56.256021,58.00763133477656,56.255145877976155,70.18858543268541,"https://sun9-8.userapi.com/s/v1/ig2/XaJigXnOBnpT3HipVHoX9izf7ILpb1VEObQlF3arYgjqtNukyl6gFygyNfe4MgiPQYK7qv2TdT9jVM8NZCnsC95P.jpg?quality=95&as=32x43,48x64,72x96,108x144,160x213,240x320,360x480,480x640,540x720,640x853,720x960,1080x1440,1280x1707,1440x1920,1920x2560&from=bu&cs=1920x0",,False,,or avner habad community center,True,False,-209485236__457240362
457240360,-7,-209485236,-209485236,1680155540,2023-03-30 07:52:20,58.007203,56.256021,58.00763133477656,56.255145877976155,70.18858543268541,"https://sun9-54.userapi.com/s/v1/if2/l1Jd2CDfJQ9WsqPfwqE5gyHKigIjT2dPggUic4YZfRH466m8PDom9UtyyEgsN9jJ_nMclLB5f5e60DE-7fwjCwPF.jpg?quality=95&as=32x24,48x36,72x54,108x81,160x120,240x180,360x270,480x360,540x405,640x480,720x540,1080x810,1280x960,1440x1080,2560x1920&from=bu&cs=2560x0",,False,,or avner habad community center,True,False,-209485236__457240360
457240359,-7,-209485236,-209485236,1680155540,2023-03-30 07:52:20,58.007203,56.256021,58.00763133477656,56.255145877976155,70.18858543268541,"https://sun9-21.userapi.com/s/v1/if2/9qlDApf_ovfmBQr9BHqfX-sdQZ__niEP51pMMd5U-S63x5YMQ7Xoxqy_atOhy7SPTM05iVMPmUoo866-O6fDNx50.jpg?quality=95&as=32x24,48x36,72x54,108x81,160x120,240x180,360x270,480x360,540x405,640x480,720x540,1080x810,1280x960,1440x1080,2560x1920&from=bu&cs=2560x0",,False,,or avner habad community center,True,False,-209485236__457240359
457240334,293030186,-209485236,-209485236,1679491968,2023-03-22 14:32:48,58.007112,56.256022,58.00763133477656,56.255145877976155,77.45188747241512,"https://sun9-6.userapi.com/s/v1/if2/rS5yQvq8j2nAiewXHwhvOknBd7HtE4b-M2F-TZ28fcUFkd1qAP37_xy7e4pEKQfjqyTeX1Ut4ysDGbGoOvnuZwcf.jpg?quality=95&as=32x24,48x36,72x54,108x81,160x120,240x180,360x270,480x360,540x405,640x480,720x540,1080x810,1280x960,1440x1080,2560x1920&from=bu&cs=2560x0",,False,,or avner habad community center,True,False,-209485236__457240334
457240332,-7,-209485236,-209485236,1679491953,2023-03-22 14:32:33,58.007112,56.256022,58.00763133477656,56.255145877976155,77.45188747241512,"https://sun9-48.userapi.com/s/v1/if2/MUyK9R-A8UVL6pgNFXafhwY8JEIChyqEn5KYpA2POx5qJeosu8ode7_kZ9VawN8oEPVsz5pnSrP0bF3ODyni5Lk5.jpg?quality=95&as=32x24,48x36,72x54,108x81,160x120,240x180,360x270,480x360,540x405,640x480,720x540,1080x810,1280x960,1440x1080,2560x1920&from=bu&cs=2560x0",,False,,or avner habad community center,True,False,-209485236__457240332
457240284,292977143,-209485236,-209485236,1679114754,2023-03-18 05:45:54,58.007112,56.256022,58.00763133477656,56.255145877976155,77.45188747241512,"https://sun9-86.userapi.com/s/v1/if2/tnvtZy72ZfSDsNKAS0xgCNnIgLyHmwMQ3L2-q8ySFveanUAh3_kL8_yVxgmIbeLyKAghKMALVzSzJUmtr3Q_FL8A.jpg?quality=95&as=32x24,48x36,72x54,108x81,160x120,240x180,360x270,480x360,540x405,640x480,720x540,1080x810,1280x960,1440x1080,2560x1920&from=bu&cs=2560x0",,False,,or avner habad community center,True,False,-209485236__457240284
457240282,292977143,-209485236,-209485236,1679114748,2023-03-18 05:45:48,58.007112,56.256022,58.00763133477656,56.255145877976155,77.45188747241512,"https://sun9-61.userapi.com/s/v1/if2/girJcd-ua9CMUUlONLhMqd9yfto50aL0dOf1-CcruXAdc5n4CDacYkwZBhih_GZZvd23ezQ2l2mNzmzU11C06DB3.jpg?quality=95&as=32x24,48x36,72x54,108x81,160x120,240x180,360x270,480x360,540x405,640x480,720x540,1080x810,1280x960,1440x1080,2560x1920&from=bu&cs=2560x0",,False,,or avner habad community center,True,False,-209485236__457240282
457240461,-7,-209485236,-209485236,1683167979,2023-05-04 04:39:39,58.007112,56.256193,58.00763133477656,56.255145877976155,84.49972252664689,"https://sun9-79.userapi.com/s/v1/if2/2thv0Vp5NnmksI9VyHfqDEyT3YqIGLf6ZE1kn4-WCiy2CNky3oT8dkj0rzqrJnfkMEk1IJs-_c3locHezXKwM2M8.jpg?quality=95&as=32x24,48x36,72x54,108x81,160x120,240x180,360x270,480x360,540x405,640x480,720x540,1080x810,1280x960,1440x1080,2560x1920&from=bu&cs=2560x0",,False,,or avner habad community center,True,False,-209485236__457240461
457240458,-7,-209485236,-209485236,1683167247,2023-05-04 04:27:27,58.007112,56.256022,58.00763133477656,56.255145877976155,77.45188747241512,"https://sun9-24.userapi.com/s/v1/if2/JmwGNk0PFcatCxNCIyuYi_5CiN_Xko_ZgN1MJPyAJpxWuZd584eZUm0gC7LzYzhuy1R1DOeLjhHkISVpFcYNWvmh.jpg?quality=95&as=32x24,48x36,72x54,108x81,160x120,240x180,360x270,480x360,540x405,640x480,720x540,1080x810,1280x960,1440x1080,2560x1920&from=bu&cs=2560x0",,False,,or avner habad community center,True,False,-209485236__457240458
457240459,-7,-209485236,-209485236,1683167247,2023-05-04 04:27:27,58.007112,56.256022,58.00763133477656,56.255145877976155,77.45188747241512,"https://sun9-16.userapi.com/s/v1/if2/-QJ8SZXJBwUXb1-vU0xCil8lQAJLVgvQi27vwL0Lz8J305U9RDRQki9Tt4wT3FC_MpKmazsd6EZm-4HtwWw1-pWF.jpg?quality=95&as=32x24,48x36,72x54,108x81,160x120,240x180,360x270,480x360,540x405,640x480,720x540,1080x810,1280x960,1440x1080,2560x1920&from=bu&cs=2560x0",,False,,or avner habad community center,True,False,-209485236__457240459
457240454,-7,-209485236,-209485236,1683044678,2023-05-02 18:24:38,58.007112,56.256022,58.00763133477656,56.255145877976155,77.45188747241512,"https://sun9-1.userapi.com/s/v1/ig2/x36_yMi4CiqY42IzaKJe-82_08JHwhaHgaIOP_vaYM20h3g2iMZpj7oWkg_P-QTWoFgTsY9rHdGpPBgpqnZ2szEC.jpg?quality=95&as=32x43,48x64,72x96,108x144,160x213,240x320,360x480,480x640,540x720,640x853,720x960,1080x1440,1280x1707,1440x1920,1920x2560&from=bu&cs=1920x0",,False,,or avner habad community center,True,False,-209485236__457240454
457240452,-7,-209485236,-209485236,1683044678,2023-05-02 18:24:38,58.007112,56.256022,58.00763133477656,56.255145877976155,77.45188747241512,"https://sun9-46.userapi.com/s/v1/if2/_RbfjI9HaraFP2Gns48mJGpQNBnIp8wuuadGRr4XZGF_M01d9biAiphAxq0pyA_QtULABD13N31p_6gNWYr9yOCa.jpg?quality=95&as=32x24,48x36,72x54,108x81,160x120,240x180,360x270,480x360,540x405,640x480,720x540,1080x810,1280x960,1440x1080,2560x1920&from=bu&cs=2560x0",,False,,or avner habad community center,True,False,-209485236__457240452
457240451,-7,-209485236,-209485236,1683044678,2023-05-02 18:24:38,58.007112,56.256022,58.00763133477656,56.255145877976155,77.45188747241512,"https://sun9-18.userapi.com/s/v1/if2/XARw2pcnnGxi5xeU4upzYuXUE7IL2Pu_GPt4Y2gwh1qLKrC1wUFnWUVovQS1qApAr9jt9Ocqp8zB3UW-saS3F6SX.jpg?quality=95&as=32x24,48x36,72x54,108x81,160x120,240x180,360x270,480x360,540x405,640x480,720x540,1080x810,1280x960,1440x1080,2560x1920&from=bu&cs=2560x0",,False,,or avner habad community center,True,False,-209485236__457240451
457240453,-7,-209485236,-209485236,1683044678,2023-05-02 18:24:38,58.0073,56.255612,58.00763133477656,56.255145877976155,45.95052390347694,"https://sun9-33.userapi.com/s/v1/if2/6bfM3x0H73UUU7VOCSS3wfXgNkfD8ZWeyFjnP6Irey6zKxdnEo2C5fPzETqEDX4X8JwkHZfK1O3EXpxME9X-eZ0T.jpg?quality=95&as=32x24,48x36,72x54,108x81,160x120,240x180,360x270,480x360,540x405,640x480,720x540,1080x810,1280x960,1440x1080,2560x1920&from=bu&cs=2560x0",,False,,or avner habad community center,True,False,-209485236__457240453
457240436,-7,-209485236,-209485236,1682507898,2023-04-26 13:18:18,58.007112,56.256022,58.00763133477656,56.255145877976155,77.45188747241512,"https://sun9-11.userapi.com/s/v1/if2/QrGAzdbYvq9TsYugB8wp0YXXVSj0c0yljjBZKxMQoXsUL7lkW-gwPcgE1whtV7rX4xdHewuGLCcNNZ8EgubCt0AI.jpg?quality=95&as=32x24,48x36,72x54,108x81,160x120,240x180,360x270,480x360,540x405,640x480,720x540,1080x810,1280x960,1440x1080,2560x1920&from=bu&cs=2560x0",,False,,or avner habad community center,True,False,-209485236__457240436
457240410,-7,-209485236,-209485236,1681914990,2023-04-19 16:36:30,58.007112,56.256022,58.00763133477656,56.255145877976155,77.45188747241512,"https://sun9-63.userapi.com/s/v1/if2/i8eXacgNIjekkFLHPuKlP-_72p65huCdJq0A8JE7Pp7y8RzNUaSLiIsSgZih_QsetVpF7mkJui_VZc1qx1rtQ2AF.jpg?quality=95&as=32x24,48x36,72x54,108x81,160x120,240x180,360x270,480x360,540x405,640x480,720x540,1080x810,1280x960,1440x1080,2560x1920&from=bu&cs=2560x0",,False,,or avner habad community center,True,False,-209485236__457240410
457240409,-7,-209485236,-209485236,1681914990,2023-04-19 16:36:30,58.007112,56.256022,58.00763133477656,56.255145877976155,77.45188747241512,"https://sun9-70.userapi.com/s/v1/if2/qHoQiVqC9NWAME1GIWXA6IM0HMuLCgSW1CdDA-xtx2vcyXamO0it3c0eCOfb93QSGcv9asp5hv4xz5W8-ub2936j.jpg?quality=95&as=32x24,48x36,72x54,108x81,160x120,240x180,360x270,480x360,540x405,640x480,720x540,1080x810,1280x960,1440x1080,2560x1920&from=bu&cs=2560x0",,False,,or avner habad community center,True,False,-209485236__457240409
457240408,-7,-209485236,-209485236,1681914990,2023-04-19 16:36:30,58.007112,56.256022,58.00763133477656,56.255145877976155,77.45188747241512,"https://sun9-76.userapi.com/s/v1/if2/g34TTSYwx8LfIPs7tTc07npTZsv5YRkEYtpx_8lEXAyNdi610UVQrMYXspee7C5RkSTnsxUGn6un0w_aehSguJGv.jpg?quality=95&as=32x24,48x36,72x54,108x81,160x120,240x180,360x270,480x360,540x405,640x480,720x540,1080x810,1280x960,1440x1080,2560x1920&from=bu&cs=2560x0",,False,,or avner habad community center,True,False,-209485236__457240408
457240406,-7,-209485236,-209485236,1681892045,2023-04-19 10:14:05,58.007112,56.256022,58.00763133477656,56.255145877976155,77.45188747241512,"https://sun9-83.userapi.com/s/v1/if2/Y9hBBY-O4gWqTMncrDrImF072MV6XHPi9nf5KxDVbq2rAmDKKPmkC_FdnYxhfE1a_Auqvtmd6FL0qH2oMnkKgaw7.jpg?quality=95&as=32x24,48x36,72x54,108x81,160x120,240x180,360x270,480x360,540x405,640x480,720x540,1080x810,1280x960,1440x1080,2560x1920&from=bu&cs=2560x0",,False,,or avner habad community center,True,False,-209485236__457240406
457240407,-7,-209485236,-209485236,1681892045,2023-04-19 10:14:05,58.007112,56.256022,58.00763133477656,56.255145877976155,77.45188747241512,"https://sun9-76.userapi.com/s/v1/if2/tA9K16tPKrHpPCdw637z9bUE1wNFWL37AYGTbEbmsQ278bFxEqd6sW1ubJMJt9Ag1mTW-bdCrVZ_mK64vNAemasT.jpg?quality=95&as=32x24,48x36,72x54,108x81,160x120,240x180,360x270,480x360,540x405,640x480,720x540,1080x810,1280x960,1440x1080,2560x1920&from=bu&cs=2560x0",,False,,or avner habad community center,True,False,-209485236__457240407
457240567,-7,-209485236,-209485236,1687453582,2023-06-22 19:06:22,58.007203,56.256021,58.00763133477656,56.255145877976155,70.18858543268541,"https://sun9-67.userapi.com/s/v1/ig2/Cd686ok_zKO2MmkqalN7u5m3mQJ58c1PiHLQyQAyAUtToOqoay-cyI40RN2IzSpU9lYugj1_2BIv-DYEcaP3AvHv.jpg?quality=95&as=32x42,48x63,72x94,108x141,160x210,240x314,360x471,480x629,540x707,640x838,720x943,1080x1414,1280x1676,1440x1886,1955x2560&from=bu&cs=1955x0",,False,1399.0,or avner habad community center,True,False,-209485236__457240567
457240562,-7,-209485236,-209485236,1687234732,2023-06-20 06:18:52,58.007203,56.256021,58.00763133477656,56.255145877976155,70.18858543268541,"https://sun9-63.userapi.com/s/v1/if2/HG3bP-Y9w51LdtLnxUi6AWB636fsgfKAaSuvGxua-1JGsrLhMgut4xz9czTuF_AhPAaH-uGpHA3BXd9r9dHMq_7A.jpg?quality=95&as=32x24,48x36,72x54,108x81,160x120,240x180,360x270,480x360,540x405,640x480,720x540,1080x810,1280x960,1440x1080,2560x1920&from=bu&cs=2560x0",,False,,or avner habad community center,True,False,-209485236__457240562
457258330,143326222,20338102,20338102,1686808800,2023-06-15 08:00:00,58.0084,56.2552,58.00763133477656,56.255145877976155,85.53112147213741,"https://sun9-7.userapi.com/s/v1/if2/Ie-HNHEA1hpVC06g3mBfbWYWPH0iJSvCpRV-vedOxkq5orE5Ilaa8DA6YhdzEA1GL4g5eZv5qv12sUg1xBW7bewN.jpg?quality=95&as=32x24,48x36,72x54,108x81,160x120,240x180,360x270,480x360,540x405,640x480,720x540,1080x810,1280x960,1440x1080,2560x1920&from=bu&cs=2560x0",Пермь-300,False,,or avner habad community center,True,False,20338102__457258330
457241181,-7,-108946670,-108946670,1686758076,2023-06-14 17:54:36,58.007,56.25622,58.00763133477656,56.255145877976155,94.5116004421848,"https://sun9-26.userapi.com/s/v1/ig2/-aAnDoqq9tpQZTQhUdzc5o4Bkbu2SPmpDdai3zdYtV5s5_WcYX-48s0YmUeQ6r8rTx9vqwaRefNVJFzW10xj3mXN.jpg?quality=95&as=32x33,48x49,72x73,108x110,160x163,240x244,360x366,480x488,540x549,640x650,720x732,1080x1098,1280x1301,1440x1463,2519x2560&from=bu&cs=2519x0",,False,,or avner habad community center,True,False,-108946670__457241181
457241183,-7,-108946670,-108946670,1686758076,2023-06-14 17:54:36,58.007,56.25622,58.00763133477656,56.255145877976155,94.5116004421848,"https://sun9-66.userapi.com/s/v1/ig2/VG8WDi7zvwtvTmg3YUMjqumyHRcljtSODBfVIWEo9HGdihKC2fD2kVt1QD1_zaVUl-R9EfPOQs6EFtTt00YhZhuN.jpg?quality=95&as=32x32,48x48,72x72,108x108,160x160,240x240,360x360,480x480,540x540,640x640,720x720,1080x1080,1280x1280,1440x1440,2560x2560&from=bu&cs=2560x0",,False,,or avner habad community center,True,False,-108946670__457241183
457241182,-7,-108946670,-108946670,1686758076,2023-06-14 17:54:36,58.007,56.25622,58.00763133477656,56.255145877976155,94.5116004421848,"https://sun9-19.userapi.com/s/v1/ig2/0QODehMEwuT9H7Us0XxOL2rqn4YEgOfpacScOp4X7cK-QfCYoOS2-juROZOagzSiK2u-iI84hX-gCamt2NtFpf5C.jpg?quality=95&as=32x32,48x48,72x72,108x108,160x160,240x240,360x360,480x480,540x540,640x640,720x720,1080x1080,1280x1280,1440x1440,2476x2476&from=bu&cs=2476x0",,False,,or avner habad community center,True,False,-108946670__457241182
457241184,-7,-108946670,-108946670,1686758076,2023-06-14 17:54:36,58.007,56.25622,58.00763133477656,56.255145877976155,94.5116004421848,"https://sun9-70.userapi.com/s/v1/ig2/X2uqrtKOKMtlzc4R4DVIVfiWulFRXkcO1176JlXR-RUChBmUbBAtmKE-p-Jfk-CXaYLolx_Jhlkycy3d3cf42SQZ.jpg?quality=95&as=32x34,48x51,72x77,108x116,160x171,240x257,360x385,480x514,540x578,640x685,720x771,1080x1156,1280x1370,1440x1541,2392x2560&from=bu&cs=2392x0",,False,,or avner habad community center,True,False,-108946670__457241184
457240670,-7,-209485236,-209485236,1691410746,2023-08-07 14:19:06,58.007203,56.256021,58.00763133477656,56.255145877976155,70.18858543268541,"https://sun9-83.userapi.com/s/v1/if2/JRmKBlNEZlhxvuAfTG_tk6tHBUn3vlN9pwZzz3DTspTOzXiqhGISVmu9WEpYeIWtLCL9JLf_acLMIvpfNv4a5Da4.jpg?quality=95&as=32x24,48x36,72x54,108x81,160x120,240x180,360x270,480x360,540x405,640x480,720x540,1080x810,1280x960,1440x1080,2560x1920&from=bu&cs=2560x0",,False,,or avner habad community center,True,False,-209485236__457240670
457240660,-7,-209485236,-209485236,1691060212,2023-08-03 12:56:52,58.007105,56.256088,58.00763133477656,56.255145877976155,80.65847945459433,"https://sun9-79.userapi.com/s/v1/if2/sebW4kE4LKoHJ8s2SazqUNEKFcfceD2fKggjVy6NAhItsc17MZ5O_OXsbl6CHW3L3a61CcGJ3VHk6ly5QzRdRzHj.jpg?quality=95&as=32x24,48x36,72x54,108x81,160x120,240x180,360x270,480x360,540x405,640x480,720x540,1080x810,1280x960,1440x1080,2560x1920&from=bu&cs=2560x0",,False,,or avner habad community center,True,False,-209485236__457240660
457240659,-7,-209485236,-209485236,1690971297,2023-08-02 12:14:57,58.007105,56.256088,58.00763133477656,56.255145877976155,80.65847945459433,"https://sun9-79.userapi.com/s/v1/if2/owImjigeeZRtlZmHL7Y_2Q1MV5cpIx5_yWhiftYBKCbK_ew6Nzt1qzCWVMHLiAIT1Yd5NzQFNKQnoudxsXhhXKoo.jpg?quality=95&as=32x24,48x36,72x54,108x81,160x120,240x180,360x270,480x360,540x405,640x480,720x540,1080x810,1280x960,1440x1080,2560x1920&from=bu&cs=2560x0",,False,1528.0,or avner habad community center,True,False,-209485236__457240659
457240656,-7,-209485236,-209485236,1690868040,2023-08-01 07:34:00,58.007112,56.256193,58.00763133477656,56.255145877976155,84.49972252664689,"https://sun9-88.userapi.com/s/v1/ig2/XEw7osx_QRcyJYt3TRvvtBtbzSyzCivcEfwlgMo88F9RgmxnEBZA82GHEV1uyCfaMzdP9YVgxvFfZam56KP7IgwZ.jpg?quality=95&as=32x43,48x64,72x96,108x144,160x213,240x320,360x480,480x640,540x720,640x853,720x960,1080x1440,1280x1707,1440x1920,1920x2560&from=bu&cs=1920x0",,False,,or avner habad community center,True,False,-209485236__457240656
457240655,-7,-209485236,-209485236,1690868040,2023-08-01 07:34:00,58.007112,56.256193,58.00763133477656,56.255145877976155,84.49972252664689,"https://sun9-79.userapi.com/s/v1/ig2/S_nCbLV8Yf-3jL0FD1N6P7dW-uRLKJFwcswoOW61274eOniSJK9QJw1TyiP_WUDEYJyQuM5D9JR-4hhfomDG6X1H.jpg?quality=95&as=32x43,48x64,72x96,108x144,160x213,240x320,360x480,480x640,540x720,640x853,720x960,1080x1440,1280x1707,1440x1920,1920x2560&from=bu&cs=1920x0",,False,,or avner habad community center,True,False,-209485236__457240655
457240657,-7,-209485236,-209485236,1690868040,2023-08-01 07:34:00,58.007112,56.256193,58.00763133477656,56.255145877976155,84.49972252664689,"https://sun9-69.userapi.com/s/v1/ig2/6hGFDMWUHKJ4wGIi-9bZkwtuT3V3_WGjLQE3LEWaufNFczlVsPy7L7gxNOKc2Gw1oaUS5W9R8AYuJIZNCPsUNCeM.jpg?quality=95&as=32x43,48x64,72x96,108x144,160x213,240x320,360x480,480x640,540x720,640x853,720x960,1080x1440,1280x1707,1440x1920,1920x2560&from=bu&cs=1920x0",,False,,or avner habad community center,True,False,-209485236__457240657
457240640,-7,-209485236,-209485236,1690272324,2023-07-25 10:05:24,58.00721,56.256127,58.00763133477656,56.255145877976155,74.40287057801065,"https://sun9-38.userapi.com/s/v1/ig2/kjK1l6tgLuzG1ugCJWWHdAMmfEXpvQ2-IvSyGQcLS1R6CgZGQAJpywviwMCI3qmGu41Q6M3HQqAf6XPgQixxV3SV.jpg?quality=95&as=32x43,48x64,72x96,108x144,160x213,240x320,360x480,480x640,540x720,640x853,720x960,1080x1440,1280x1707,1440x1920,1920x2560&from=bu&cs=1920x0",,False,,or avner habad community center,True,False,-209485236__457240640
457240638,-7,-209485236,-209485236,1690272324,2023-07-25 10:05:24,58.00721,56.256127,58.00763133477656,56.255145877976155,74.40287057801065,"https://sun9-8.userapi.com/s/v1/ig2/LnQRfxFF5zvdSTBH_CauyZwDeXQAOanYQyfSKafF8P_hJHi0dVmrl0Xo61ixIf7_IIm65NCDED1LafwvLfTjEHRA.jpg?quality=95&as=32x43,48x64,72x96,108x144,160x213,240x320,360x480,480x640,540x720,640x853,720x960,1080x1440,1280x1707,1440x1920,1920x2560&from=bu&cs=1920x0",,False,,or avner habad community center,True,False,-209485236__457240638
457240639,-7,-209485236,-209485236,1690272324,2023-07-25 10:05:24,58.007203,56.256021,58.00763133477656,56.255145877976155,70.18858543268541,"https://sun9-55.userapi.com/s/v1/ig2/tgeCstFdGuDwN862xw_P77tuU6FenbpceIpawEfgAreQN5CxXEB5zDHSVw8bujokn2mTej7Y8d-3phM8Vyf-Xc8Q.jpg?quality=95&as=32x43,48x64,72x96,108x144,160x213,240x320,360x480,480x640,540x720,640x853,720x960,1080x1440,1280x1707,1440x1920,1920x2560&from=bu&cs=1920x0",,False,,or avner habad community center,True,False,-209485236__457240639
457240629,-7,-209485236,-209485236,1690212569,2023-07-24 17:29:29,58.007112,56.256193,58.00763133477656,56.255145877976155,84.49972252664689,"https://sun9-83.userapi.com/s/v1/ig2/8I0YqqA172Q6SiXyyjXwbmD5ogvKl2Ylo1Mu7aGwsDf1uBaQ9RShh0uRDDsyDAzKdVZmIv5594w6B-GwT_Iv4Qlo.jpg?quality=95&as=32x43,48x64,72x96,108x144,160x213,240x320,360x480,480x640,540x720,640x853,720x960,1080x1440,1280x1707,1440x1920,1920x2560&from=bu&cs=1920x0",,False,,or avner habad community center,True,False,-209485236__457240629
457240630,-7,-209485236,-209485236,1690212569,2023-07-24 17:29:29,58.00721,56.256127,58.00763133477656,56.255145877976155,74.40287057801065,"https://sun9-88.userapi.com/s/v1/if2/U-lvm5x3Au4AFkSdoWXz-4lC8vy3byNu_R5D4nPW0FVDtOzMywhHJcXLZ_K61vpKgoEMn410UYRDh6B00lXbBX8_.jpg?quality=95&as=32x24,48x36,72x54,108x81,160x120,240x180,360x270,480x360,540x405,640x480,720x540,1080x810,1280x960,1440x1080,2560x1920&from=bu&cs=2560x0",,False,,or avner habad community center,True,False,-209485236__457240630
457240615,-7,-209485236,-209485236,1689657347,2023-07-18 07:15:47,58.007203,56.256021,58.00763133477656,56.255145877976155,70.18858543268541,"https://sun9-88.userapi.com/s/v1/ig2/2yzByA2VzyuaDhyLvB9IOZbhkRK4dhi3B8ucXqS9uVzQYC8_AwPBi7OPtGA1fU7zS8WKmXKqSGAtnIyUgt1I9iDO.jpg?quality=95&as=32x43,48x64,72x96,108x144,160x213,240x320,360x480,480x640,540x720,640x853,720x960,1080x1440,1280x1707,1440x1920,1920x2560&from=bu&cs=1920x0",,False,,or avner habad community center,True,False,-209485236__457240615
457240616,-7,-209485236,-209485236,1689657347,2023-07-18 07:15:47,58.007203,56.256021,58.00763133477656,56.255145877976155,70.18858543268541,"https://sun9-75.userapi.com/s/v1/ig2/YXLYtxTyJvgDdWd3vOEHNBjD3BiCOfMsEBKHlALfXGMMwxL5qlX8lMGAHnJ5kDOsLxkVh6j7UULpP562mh3r7ewH.jpg?quality=95&as=32x43,48x64,72x96,108x144,160x213,240x320,360x480,480x640,540x720,640x853,720x960,1080x1440,1280x1707,1440x1920,1920x2560&from=bu&cs=1920x0",,False,,or avner habad community center,True,False,-209485236__457240616
457240614,-7,-209485236,-209485236,1689646871,2023-07-18 04:21:11,58.007203,56.256021,58.00763133477656,56.255145877976155,70.18858543268541,"https://sun9-88.userapi.com/s/v1/if2/0TOD4ZDDdYQrkGKJDd6GBk3G3komUr1BWgmwARxernN7KHToRPxKhyg6bzob9qhODg0X1KN4IwpJEIDO5BCoy-Tu.jpg?quality=95&as=32x22,48x33,72x49,108x73,160x108,240x163,360x244,480x325,540x366,640x433,720x488,1080x732,1280x867,1440x975,2560x1734&from=bu&cs=2560x0",,False,,or avner habad community center,True,False,-209485236__457240614
457240607,-7,-209485236,-209485236,1689257036,2023-07-13 16:03:56,58.007112,56.256193,58.00763133477656,56.255145877976155,84.49972252664689,"https://sun9-19.userapi.com/s/v1/if2/Hx7ut5NiQ4ws3OWXCWJPQkBQM0kRRYDY22mJMrshWJxC-jwDU10eBWdmM7aqgQ1uZtLY0-TLidrHLteR5P78bADJ.jpg?quality=95&as=32x24,48x36,72x54,108x81,160x120,240x180,360x270,480x360,540x405,640x480,720x540,1080x810,1280x960,1440x1080,2560x1920&from=bu&cs=2560x0",,False,,or avner habad community center,True,False,-209485236__457240607
457240609,-7,-209485236,-209485236,1689257036,2023-07-13 16:03:56,58.007203,56.256021,58.00763133477656,56.255145877976155,70.18858543268541,"https://sun9-47.userapi.com/s/v1/ig2/s9hY_EYt7dYZezcoGi2Zo1LHtkrZTfjeRd7wLmFxANxcNgPNSM6L_jiXGG4lEZBaM1B1NwIhLQx4RivaEstxl3aA.jpg?quality=95&as=32x43,48x64,72x96,108x144,160x213,240x320,360x480,480x640,540x720,640x853,720x960,1080x1440,1280x1707,1440x1920,1920x2560&from=bu&cs=1920x0",,False,,or avner habad community center,True,False,-209485236__457240609
457240604,-7,-209485236,-209485236,1689256916,2023-07-13 16:01:56,58.007203,56.256021,58.00763133477656,56.255145877976155,70.18858543268541,"https://sun9-65.userapi.com/s/v1/if2/cnw5KOiGn0mOsoXMdcIODN7do2vEC3RSnjptnUAJbKTQrqMfHRmD9lvwMq7NlhLFAqwK5H5uYi8VUj1JTnveuyoz.jpg?quality=95&as=32x24,48x36,72x54,108x81,160x120,240x180,360x270,480x360,540x405,640x480,720x540,1080x810,1280x960,1440x1080,2560x1920&from=bu&cs=2560x0",,False,,or avner habad community center,True,False,-209485236__457240604
457240605,-7,-209485236,-209485236,1689256916,2023-07-13 16:01:56,58.007203,56.256021,58.00763133477656,56.255145877976155,70.18858543268541,"https://sun9-48.userapi.com/s/v1/if2/O9LDiavXv2mHreHEIwVHfeEGTmsd9iyHOjGVBkIWLz2arCpgKnoOE7HqxWF6Oml96Zd2Lx7ws2klnawfSXJu1EWw.jpg?quality=95&as=32x24,48x36,72x54,108x81,160x120,240x180,360x270,480x360,540x405,640x480,720x540,1080x810,1280x960,1440x1080,2560x1920&from=bu&cs=2560x0",,False,,or avner habad community center,True,False,-209485236__457240605
457240577,-7,-209485236,-209485236,1688052192,2023-06-29 17:23:12,58.007203,56.256021,58.00763133477656,56.255145877976155,70.18858543268541,"https://sun9-43.userapi.com/s/v1/if2/wcOhquk_iXJAiwDsyml9XUZAC1pNtWTBFLHWgdZDUsxHzkKemAZXlvjIQmeeCIs4JFbH-FQAdeS3TG1_wCCuspIe.jpg?quality=95&as=32x24,48x36,72x54,108x81,160x120,240x180,360x270,480x360,540x405,640x480,720x540,1080x810,1280x960,1440x1080,2560x1920&from=bu&cs=2560x0",,False,,or avner habad community center,True,False,-209485236__457240577
457240777,-7,-209485236,-209485236,1696500959,2023-10-05 12:15:59,58.0073,56.255612,58.00763133477656,56.255145877976155,45.95052390347694,"https://sun9-56.userapi.com/s/v1/ig2/lgyi56FNv_HhUiMxH7dMq_i2ULuXSbXwj2Llr33RvF5gR506VY-FpryXx6daen53rXh71rPcUf2KvqWNshOQ8Z4b.jpg?quality=95&as=32x43,48x64,72x96,108x144,160x213,240x320,360x480,480x640,540x720,640x853,720x960,1080x1440,1280x1707,1440x1920,1920x2560&from=bu&cs=1920x0",,False,,or avner habad community center,True,False,-209485236__457240777
457240779,-7,-209485236,-209485236,1696500959,2023-10-05 12:15:59,58.007308,56.255717,58.00763133477656,56.255145877976155,49.24106496243882,"https://sun9-53.userapi.com/s/v1/ig2/d4ktwsa4rJOByDsfzesDJvNfbfvlmOUuOwacoWlB-yYSmQD5RpOVmyeUjfnz6-nENWZvu6ttBLX98ZYLQ_G3pDqh.jpg?quality=95&as=32x43,48x64,72x96,108x144,160x213,240x320,360x480,480x640,540x720,640x853,720x960,1080x1440,1280x1707,1440x1920,1920x2560&from=bu&cs=1920x0",,False,,or avner habad community center,True,False,-209485236__457240779
457240765,-7,-209485236,-209485236,1695903565,2023-09-28 14:19:25,58.007112,56.256022,58.00763133477656,56.255145877976155,77.45188747241512,"https://sun9-53.userapi.com/s/v1/ig2/3WJgiB0IH02tExdjrPnpcCkDxd2J_UnRWQHxyUy0xUd8mc9wZsg5sDEu__1DVJmo0HDuvJ8tXmCohD6uqsT25cnu.jpg?quality=95&as=32x39,48x59,72x89,108x133,160x197,240x296,360x444,480x592,540x666,640x789,720x888,1080x1332,1280x1578,1440x1776,2076x2560&from=bu&cs=2076x0",,False,,or avner habad community center,True,False,-209485236__457240765
457240764,-7,-209485236,-209485236,1695903565,2023-09-28 14:19:25,58.007308,56.255717,58.00763133477656,56.255145877976155,49.24106496243882,"https://sun9-70.userapi.com/s/v1/ig2/iSHQHVypxdNGX54mQeuXzwoD-ozTM_iP7qGgwCoGaddIuhUq6MB-wPbhIUX_wt4SqmhKlz-jU--wYTrZVxFH0qdI.jpg?quality=95&as=32x43,48x64,72x96,108x144,160x213,240x320,360x480,480x640,540x720,640x853,720x960,1080x1440,1280x1707,1440x1920,1920x2560&from=bu&cs=1920x0",,False,,or avner habad community center,True,False,-209485236__457240764
457240759,-7,-209485236,-209485236,1695903418,2023-09-28 14:16:58,58.007308,56.255717,58.00763133477656,56.255145877976155,49.24106496243882,"https://sun9-64.userapi.com/s/v1/ig2/n3bLTTJyFCGbu1YAyaF8SdEiuLjLzi8UvO0nh7--eV7CEz8KFITilr1v6iGqf0ZTlpGsbefBvXCWlhfZMNOvCo94.jpg?quality=95&as=32x43,48x64,72x96,108x144,160x213,240x320,360x480,480x640,540x720,640x853,720x960,1080x1440,1280x1707,1440x1920,1920x2560&from=bu&cs=1920x0",,False,,or avner habad community center,True,False,-209485236__457240759
457240762,-7,-209485236,-209485236,1695903418,2023-09-28 14:16:58,58.007112,56.256022,58.00763133477656,56.255145877976155,77.45188747241512,"https://sun9-68.userapi.com/s/v1/ig2/rbj_6loPN5LVFHrzXX6ZaEWmLxfat25RW34Vxk_YQ9kyd-D8l4V3tAELjXXRkNSwzXvij8RQtjfLoPGQxDen3NFh.jpg?quality=95&as=32x43,48x64,72x96,108x144,160x213,240x320,360x480,480x640,540x720,640x853,720x960,1080x1440,1280x1707,1440x1920,1920x2560&from=bu&cs=1920x0",,False,,or avner habad community center,True,False,-209485236__457240762
457240763,-7,-209485236,-209485236,1695903418,2023-09-28 14:16:58,58.007112,56.256022,58.00763133477656,56.255145877976155,77.45188747241512,"https://sun9-49.userapi.com/s/v1/if2/09-LCu9hqbrc2_0OwzacmROVtwza74UKOOBopplsMKiUb4fRvJfSaQw_G-QCVDWPCjuD8pDJm9qFlA5DawZfUsXo.jpg?quality=95&as=32x24,48x36,72x54,108x81,160x120,240x180,360x270,480x360,540x405,640x480,720x540,1080x810,1280x960,1440x1080,2560x1920&from=bu&cs=2560x0",,False,,or avner habad community center,True,False,-209485236__457240763
457240752,-7,-209485236,-209485236,1695626326,2023-09-25 09:18:46,58.007105,56.256088,58.00763133477656,56.255145877976155,80.65847945459433,"https://sun9-55.userapi.com/s/v1/if2/7-0FFsEtXqEL9D1eG-ja-iFYL0sabhdhsd6IhPWHLxSNmmeOQVdBEw3CooAfgm8NpYggHq726qQBVpb8KCy7u-w5.jpg?quality=95&as=32x24,48x36,72x54,108x81,160x120,240x180,360x270,480x360,540x405,640x480,720x540,1080x810,1280x960,1440x1080,2560x1920&from=bu&cs=2560x0",,False,1682.0,or avner habad community center,True,False,-209485236__457240752
457240742,-7,-209485236,-209485236,1695298480,2023-09-21 14:14:40,58.007308,56.255717,58.00763133477656,56.255145877976155,49.24106496243882,"https://sun9-81.userapi.com/s/v1/ig2/FfLKl9gq-33RHORNBe4P-Hv26fPZwUY07uzeUB6xpsCQLDQb-P-jNgrgLDJ9L-AR2yX8MOcdTWBWKlDAMiuo1HE5.jpg?quality=95&as=32x43,48x64,72x96,108x144,160x213,240x320,360x480,480x640,540x720,640x853,720x960,1080x1440,1280x1707,1440x1920,1920x2560&from=bu&cs=1920x0",,False,,or avner habad community center,True,False,-209485236__457240742
457364956,299631052,-95724412,470237352,1701857579,2023-12-06 11:12:59,58.006999,56.255189,58.00763133477656,56.255145877976155,70.35829730200112,"https://sun9-69.userapi.com/s/v1/ig2/sK5ft_fClLq5KLKJZ5KpVAo23gKC0mTGJUbp7hpGyC0pqJeg_3gbM7VCVdloaFXQD06RBvTjhaUGYf7Po3gsEsgC.jpg?quality=95&as=32x43,48x64,72x96,108x144,160x213,240x320,360x480,480x640,540x720,640x853,720x960,1080x1440,1280x1707,1440x1920,1920x2560&from=bu&cs=1920x0",,False,,or avner habad community center,True,False,-95724412__457364956
457240883,-7,-209485236,-209485236,1698921696,2023-11-02 11:41:36,58.007112,56.256193,58.00763133477656,56.255145877976155,84.49972252664689,"https://sun9-19.userapi.com/s/v1/if2/vanlmyQCG_LRjOf7iiN9r06IHI4UWb9McFoxPAY6ZyZBw9Ip6oqPyOWSbFn37vjuTqNE8fRYOiS51iSJqDUzDRep.jpg?quality=95&as=32x24,48x36,72x54,108x81,160x120,240x180,360x270,480x360,540x405,640x480,720x540,1080x810,1280x960,1440x1080,2560x1920&from=bu&cs=2560x0",,False,,or avner habad community center,True,False,-209485236__457240883
457240881,-7,-209485236,-209485236,1698921696,2023-11-02 11:41:36,58.0073,56.255612,58.00763133477656,56.255145877976155,45.95052390347694,"https://sun9-26.userapi.com/s/v1/ig2/xDh2iKFaA2qFUfkyOhj4akOBd_20BqXS3bKVD4F5KR-U2vJ_5znt_m80pRC00nBvXfQ9s5ZSb6KtBmy-ZCxq2s02.jpg?quality=95&as=32x43,48x64,72x96,108x144,160x213,240x320,360x480,480x640,540x720,640x853,720x960,1080x1440,1280x1707,1440x1920,1920x2560&from=bu&cs=1920x0",,False,,or avner habad community center,True,False,-209485236__457240881
457240880,-7,-209485236,-209485236,1698921696,2023-11-02 11:41:36,58.007203,56.256021,58.00763133477656,56.255145877976155,70.18858543268541,"https://sun9-3.userapi.com/s/v1/ig2/v9B0oNXkJH9xGdzE9rOr4XSKQ8m1pnrsVVlhTsO3qVPtaCk-pAVSo57qjwUgCi_ULpfEDkCqp4EQX8kB3RjMgqGi.jpg?quality=95&as=32x43,48x64,72x96,108x144,160x213,240x320,360x480,480x640,540x720,640x853,720x960,1080x1440,1280x1707,1440x1920,1920x2560&from=bu&cs=1920x0",,False,,or avner habad community center,True,False,-209485236__457240880
457240882,-7,-209485236,-209485236,1698921696,2023-11-02 11:41:36,58.007203,56.256021,58.00763133477656,56.255145877976155,70.18858543268541,"https://sun9-14.userapi.com/s/v1/ig2/h6KFx2FqfyTEgSu55L24AC8qcFBiVRXf-658Y9gbpHRmJkbDwDVYgPbNrIUVrwapKop54EhxmkMMjnlEBC4wwYbt.jpg?quality=95&as=32x43,48x64,72x96,108x144,160x213,240x320,360x480,480x640,540x720,640x853,720x960,1080x1440,1280x1707,1440x1920,1920x2560&from=bu&cs=1920x0",,False,,or avner habad community center,True,False,-209485236__457240882
457240804,-7,-209485236,-209485236,1697085105,2023-10-12 06:31:45,58.007112,56.256022,58.00763133477656,56.255145877976155,77.45188747241512,"https://sun9-55.userapi.com/s/v1/ig2/O9XMaFG5rH6rfVHOJRd9Ia9LwC-6MDKMDoiL3SvA7FCabq2LPdS4LfMiK-I8u5V1bYSvt9814PcHrKPlHMiPlISc.jpg?quality=95&as=32x43,48x64,72x96,108x144,160x213,240x320,360x480,480x640,540x720,640x853,720x960,1080x1440,1280x1707,1440x1920,1920x2560&from=bu&cs=1920x0",,False,,or avner habad community center,True,False,-209485236__457240804
457239477,301763170,-219768549,-219768549,1707808828,2024-02-13 08:20:28,58.007013,56.254198,58.00763133477656,56.255145877976155,88.57559112030793,"https://sun9-14.userapi.com/s/v1/ig2/jrk_Tl1eC-x572vxtHJxt5gltsBt_qVdIIX-wGhUQFAxJ29Fa5zCQCrUsNF7yuHdEDkGo8sD-lW9fdbUgpAdkA-J.jpg?quality=95&as=32x43,48x64,72x96,108x144,160x213,240x320,360x480,480x640,540x720,640x853,720x960,1080x1440,1280x1707,1440x1920,1920x2560&from=bu&cs=1920x0",,False,,or avner habad community center,True,False,-219768549__457239477
457239472,301763170,-219768549,-219768549,1707808821,2024-02-13 08:20:21,58.007104,56.254198,58.00763133477656,56.255145877976155,80.97267814623164,"https://sun9-45.userapi.com/s/v1/ig2/wEFhXwnzYJ5zj9ldooZaAnO6hor1Q1Qsbqr0k4CnMbJaZgsRMxXUYrq0tN2GYvRPBeYaGP45dB57XLwMgo85jEkB.jpg?quality=95&as=32x43,48x64,72x96,108x144,160x213,240x320,360x480,480x640,540x720,640x853,720x960,1080x1440,1280x1707,1440x1920,1920x2560&from=bu&cs=1920x0",,False,,or avner habad community center,True,False,-219768549__457239472
457239470,301763170,-219768549,-219768549,1707808819,2024-02-13 08:20:19,58.007006,56.254092,58.00763133477656,56.255145877976155,93.21856683573051,"https://sun9-86.userapi.com/s/v1/ig2/TCoihsZAeWLh7A6lNfTC8FmhQNU-_9iYT2MamD0zLSOEb96AhNpFD-J-pCxdpARM2FtKa0IG39p3d65cOtSc-4G2.jpg?quality=95&as=32x43,48x64,72x96,108x144,160x213,240x320,360x480,480x640,540x720,640x853,720x960,1080x1440,1280x1707,1440x1920,1920x2560&from=bu&cs=1920x0",,False,,or avner habad community center,True,False,-219768549__457239470
457239572,304832452,-207278548,-207278548,1730218268,2024-10-29 17:11:08,58.007119,56.256299,58.00763133477656,56.255145877976155,88.65864747976343,"https://sun9-19.userapi.com/s/v1/ig2/y968Y_D17W7nvBT3hPYCvQmRl4xO-7I8unBwdohq-HfazFMXnf5rH-Wwzua9hUcgXGucDsMdFUOgXC9IgCJ8d2Ve.jpg?quality=95&as=32x43,48x64,72x96,108x144,160x213,240x320,360x480,480x640,540x720,640x853,720x960,1080x1440,1280x1707,1440x1920,1920x2560&from=bu&cs=1920x0",,False,,or avner habad community center,True,False,-207278548__457239572
457239533,-7,-207278548,-207278548,1729598768,2024-10-22 14:06:08,58.007119,56.256299,58.00763133477656,56.255145877976155,88.65864747976343,"https://sun9-19.userapi.com/s/v1/ig2/ycZ-cH3tVZMFA-qJo3l9ma8-ndJFwjcglvCECr3pFn0ihB3hOnajlk3_ix5hvIpFPy-373H96kESWfRM_mBvnRto.jpg?quality=95&as=32x43,48x64,72x96,108x144,160x213,240x320,360x480,480x640,540x720,640x853,720x960,1080x1440,1280x1707,1440x1920,1920x2560&from=bu&cs=1920x0",,False,,or avner habad community center,True,False,-207278548__457239533
457246043,302105821,5209884,5209884,1723019820,2024-08-07 10:37:00,58.007,56.25622,58.00763133477656,56.255145877976155,94.5116004421848,"https://sun9-79.userapi.com/s/v1/if2/yDHyJ4ynwcUUzkaSmTFg0gR4zPOG-dsBjTCPq2lnHRcfaxaL1O9MuUEuiExesAwcLHF10nh8qNh3HpO2t7qgfOUg.jpg?quality=95&as=32x15,48x22,72x33,108x50,160x74,240x111,360x166,480x221,540x249,640x295,720x332,1080x498,1280x590,1440x664,2560x1180&from=bu&cs=2560x0",,False,,or avner habad community center,True,False,5209884__457246043
457239092,-6,-106157138,-106157138,1718104948,2024-06-11 13:22:28,58.008316,56.255306,58.00763133477656,56.255145877976155,76.71346612508572,"https://sun9-8.userapi.com/s/v1/ig2/YjQ2ZuAk3s2ChQejV4H0MDPBqXaB058Z7EHfXYfu3AQZbeuDg5Ai_IhLlkcbWwwvUkwrv_7VxTbzgEemFFjbOF2P.jpg?quality=95&as=32x57,48x85,72x128,108x192,160x284,240x427,360x640,480x853,540x960,640x1138,720x1280,1080x1920,1280x2276,1440x2560&from=bu&cs=1440x0",,False,,or avner habad community center,True,False,-106157138__457239092
457241844,-7,-169271002,-169271002,1741415514,2025-03-08 07:31:54,58.00681,56.255084,58.00763133477656,56.255145877976155,91.40098432136593,"https://sun9-67.userapi.com/s/v1/ig2/kOCe3igYEHLmwqKcDmCV1tXO6N_bT5VagBDahfJS2ShYYo65d0KbQ30OgVBBJ3V_i23UXMLJshpcmmHiNDLlQrD0.jpg?quality=95&as=32x48,48x71,72x107,108x161,160x238,240x357,360x535,480x714,540x803,640x952,720x1071,1080x1606,1280x1904,1440x2142,1721x2560&from=bu&cs=1721x0",,False,2403.0,or avner habad community center,True,False,-169271002__457241844
312766271,-7,95432435,95432435,1381246823,2013-10-08 17:40:23,58.008443,56.234741,58.00819896273859,56.23476395501453,27.16937995497787,"https://sun9-46.userapi.com/s/v1/ig2/fSru70uel_KtkvyR7PZlGesLVleZptlkQHlyQHlqRE24PGkbJdfbfsnsuqmk_lLuPLX-nen1GwMgDiVDnvgiA-HB.jpg?quality=96&as=32x54,48x80,72x120,108x181,160x268,240x402,360x602,480x803,540x904,612x1024&from=bu&cs=612x0",,False,,synagogue,True,False,95432435__312766271
312766243,-7,95432435,95432435,1381246790,2013-10-08 17:39:50,58.008443,56.234741,58.00819896273859,56.23476395501453,27.16937995497787,"https://sun9-38.userapi.com/s/v1/if2/wiEOZ5CMqbpno2KUfY-ZfwSmGiBbqhpVRw9krbxH8i4Dk4sl_rx8uHT8Gh1rrgcwbxtnBSn9XAsYwDVtaorW1Qcx.jpg?quality=96&as=32x19,48x29,72x43,108x65,160x96,240x143,360x215,480x287,540x323,640x382,720x430,1080x645,1280x765&from=bu&cs=1280x0",,False,,synagogue,True,False,95432435__312766243
328048635,184922153,4515414,4515414,1397924801,2014-04-19 18:26:41,58.008394,56.23486,58.00819896273859,56.23476395501453,22.413086875790555,"https://sun9-55.userapi.com/s/v1/if1/dWSOoyo5Zmh0MtGDQpEe2vg2OF2cUmwDeO8dIpjDmOt4NyjxICu5esdx2x9F_JgkD-hnkg.jpg?quality=96&as=32x18,48x27,72x41,108x61,160x90,240x135,360x203,480x270,540x304,640x360,720x405,1080x608,1265x712&from=bu&cs=1265x0",,False,,synagogue,True,True,4515414__328048635
328048605,184922153,4515414,4515414,1397924776,2014-04-19 18:26:16,58.008394,56.23486,58.00819896273859,56.23476395501453,22.413086875790555,"https://sun9-54.userapi.com/s/v1/if1/G_su82ypzLGRcmBOjYZhwqeFbJveeo0r-7clEoa9VPtCwymrdmNY-jYByxFbEo_2nMnHIg.jpg?quality=96&as=32x18,48x27,72x41,108x61,160x90,240x135,360x203,480x270,540x304,640x360,720x405,1080x608,1265x712&from=bu&cs=1265x0",,False,,synagogue,True,True,4515414__328048605
328048595,184922153,4515414,4515414,1397924773,2014-04-19 18:26:13,58.008394,56.23486,58.00819896273859,56.23476395501453,22.413086875790555,"https://sun9-87.userapi.com/s/v1/if1/02-PVtIfuvO8FyWA0oPXQAVCsY7WU_xJ4v1LUieEVkOSch9IZopPrRGtXrKvWSCmeuc8Ag.jpg?quality=96&as=32x18,48x27,72x41,108x61,160x90,240x135,360x203,480x270,540x304,640x360,720x405,1080x608,1265x712&from=bu&cs=1265x0",,False,,synagogue,True,True,4515414__328048595
328048592,184922153,4515414,4515414,1397924771,2014-04-19 18:26:11,58.008394,56.23486,58.00819896273859,56.23476395501453,22.413086875790555,"https://sun9-74.userapi.com/s/v1/ig1/gvVEyg8-ow1pjxpYkRQ70j-Qjruv8yawTrJTjjoZXnfeuj3alDcvTScmleET13LWCxQ2oQ.jpg?quality=96&as=32x57,48x85,72x128,108x192,160x284,240x426,360x640,480x853,540x959,640x1137,712x1265&from=bu&cs=712x0",,False,,synagogue,True,True,4515414__328048592
328048589,184922153,4515414,4515414,1397924768,2014-04-19 18:26:08,58.008394,56.23486,58.00819896273859,56.23476395501453,22.413086875790555,"https://sun9-45.userapi.com/s/v1/if1/fYn4rjBicqlB9Y3OkMqd87zVGBKKUpT--ZVO7fTZ301cFNkDhskwDhcWDb2kL-nsLZR9eg.jpg?quality=96&as=32x18,48x27,72x41,108x61,160x90,240x135,360x203,480x270,540x304,640x360,720x405,1080x608,1265x712&from=bu&cs=1265x0",,False,,synagogue,True,True,4515414__328048589
328048584,184922153,4515414,4515414,1397924766,2014-04-19 18:26:06,58.008394,56.23486,58.00819896273859,56.23476395501453,22.413086875790555,"https://sun9-65.userapi.com/s/v1/if1/HYlIj29Z3iX3vbZNP71v2v2qXhswKhE33lHLOutGc7TimjeTtiwdI5ZNK9VI8Xx0x6__RQ.jpg?quality=96&as=32x18,48x27,72x41,108x61,160x90,240x135,360x203,480x270,540x304,640x360,720x405,1080x608,1265x712&from=bu&cs=1265x0",,False,,synagogue,True,True,4515414__328048584
328048578,184922153,4515414,4515414,1397924763,2014-04-19 18:26:03,58.008394,56.23486,58.00819896273859,56.23476395501453,22.413086875790555,"https://sun9-9.userapi.com/s/v1/if1/rH6A22AU3M4cQL8VkGV3wjnv0eFEIfRWTlaKqWyNyGgf4Fh4E4JWC6o9vrto4rLHtul-dQ.jpg?quality=96&as=32x18,48x27,72x41,108x61,160x90,240x135,360x203,480x270,540x304,640x360,720x405,1080x608,1265x712&from=bu&cs=1265x0",,False,,synagogue,True,True,4515414__328048578
328048571,184922153,4515414,4515414,1397924761,2014-04-19 18:26:01,58.008394,56.23486,58.00819896273859,56.23476395501453,22.413086875790555,"https://sun9-10.userapi.com/s/v1/ig1/48Tcwkad4e8uSMeWrL5my7RwwEynKtV_hWqGwfeAWBa215b3iqj8vCg_0eJgp-9jR0Z5Yw.jpg?quality=96&as=32x57,48x85,72x128,108x192,160x284,240x426,360x640,480x853,540x959,640x1137,712x1265&from=bu&cs=712x0",,False,,synagogue,True,True,4515414__328048571
328048568,184922153,4515414,4515414,1397924758,2014-04-19 18:25:58,58.008394,56.23486,58.00819896273859,56.23476395501453,22.413086875790555,"https://sun9-7.userapi.com/s/v1/if1/ohxG3-lR9Xq5VoVeMBsAGa0yskUIzD5aBRRHoq2xdd_KxwggTdOle1RYS29uDRfSvMErAA.jpg?quality=96&as=32x18,48x27,72x41,108x61,160x90,240x135,360x203,480x270,540x304,640x360,720x405,1080x608,1265x712&from=bu&cs=1265x0",,False,,synagogue,True,True,4515414__328048568
331467227,196973347,-72942675,-72942675,1402764761,2014-06-14 18:52:41,58.008597,56.234317,58.00819896273859,56.23476395501453,51.49961581813346,"https://sun9-5.userapi.com/s/v1/ig2/p6-pdJP_5U_eRjef5CWJLoBEIg-iGJ1ZYi8W5bxdGnInrr4iYWn9Jqban-zSdNvBJpU_2vnAjqmxOo9YTT7xVIRS.jpg?quality=96&as=32x43,48x64,72x96,108x144,160x213,240x320,360x480,480x640,540x720,640x853,720x960,960x1280&from=bu&cs=960x0",С Мастер-класса Валерии Филипповой,False,,synagogue,True,False,-72942675__331467227
342565077,194065306,252214571,252214571,1413186465,2014-10-13 09:47:45,58.008352,56.234913,58.00819896273859,56.23476395501453,19.14867228847779,"https://sun9-54.userapi.com/s/v1/if1/TxSkVes1egUzrQpIvl8RVWv2q0-5zrjZeiJ89CqjRrn3y0rFweRa9Mp_xPVq-bgQqYQzWA.jpg?quality=96&as=32x24,48x36,72x54,108x81,160x120,240x180,360x270,480x360,540x405,640x480,720x540,960x720&from=bu&cs=960x0",,False,,synagogue,True,False,252214571__342565077
359329665,-7,175818923,175818923,1429092145,2015-04-15 12:02:25,58.00775,56.235099,58.00819896273859,56.23476395501453,53.68266757427056,"https://sun9-81.userapi.com/s/v1/ig1/r8VtLqTNxntEXQV90Wr80rHd-vrYcfrMJMSiOz8s6C6G-DWS2JWtqRdkfqtvhQnPjFgKEYX6.jpg?quality=96&as=32x57,48x85,72x128,108x192,160x284,240x426,360x639,480x851,540x958,640x1135,720x1277,920x1632&from=bu&cs=920x0",,False,,synagogue,True,False,175818923__359329665
361992942,214820518,-91891710,-91891710,1430076508,2015-04-26 21:28:28,58.007618,56.236011,58.00819896273859,56.23476395501453,97.82785663198273,"https://sun9-82.userapi.com/s/v1/if1/5erVFJSfGh9eaYT74yXkYGmnO_l8aFHHLooow2g9huiPE7AqFEtdVokIcxBppT5egdFdSQ.jpg?quality=96&as=32x20,48x30,72x45,108x67,160x100,240x150,360x224,480x299,540x336,640x399,720x449,1024x638&from=bu&cs=1024x0","Обувь для пляжа Котофей, размеры: 22, 23, 24, 25, 26, 27. Цена: 680 руб.",False,,synagogue,True,False,-91891710__361992942
361992926,214820518,-91891710,-91891710,1430076500,2015-04-26 21:28:20,58.007618,56.236011,58.00819896273859,56.23476395501453,97.82785663198273,"https://sun9-16.userapi.com/s/v1/ig1/71V2xj_g62vFbJoCC9t0NicmwfEiE-8sG7nVEDfAPlkZnkO5yaxSsXCeWNoYQHO9FVmBbxWV.jpg?quality=96&as=32x32,48x48,72x72,108x108,160x160,240x240,360x360,480x480,540x540,640x640,720x720,1024x1024&from=bu&cs=1024x0","Обувь для пляжа Котофей, размеры: 22, 23, 24, 25, 26, 27. Цена: 680 руб.",False,,synagogue,True,False,-91891710__361992926
361992552,214820518,-91891710,-91891710,1430076372,2015-04-26 21:26:12,58.007618,56.236011,58.00819896273859,56.23476395501453,97.82785663198273,"https://sun9-5.userapi.com/s/v1/ig1/d7wWBOtXllVH_GQHxvnS_ztzW0ryBbhMRN11kSazg6v1AI-mE357SJ_oiusFWyfYpEu_UApG.jpg?quality=96&as=32x32,48x48,72x72,108x108,160x160,240x240,360x360,480x480,540x540,640x640,720x720,1024x1024&from=bu&cs=1024x0","Обувь для пляжа Котофей, размеры: 22, 23, 24, 25, 26, 27. Цена: 890 руб.",False,,synagogue,True,False,-91891710__361992552
361992168,214820518,-91891710,-91891710,1430076227,2015-04-26 21:23:47,58.007632,56.236051,58.00819896273859,56.23476395501453,98.6071383054656,"https://sun9-79.userapi.com/s/v1/ig1/J5CyMQfZzngCH86bn3JYoYf9clSQILIApdgRNREiZD2SJS1jtGk5_XSQ9L2j_ldrnn_ggOoi.jpg?quality=96&as=32x32,48x48,72x72,108x108,160x160,240x240,360x360,480x480,540x540,640x640,720x720,1024x1024&from=bu&cs=1024x0","Обувь для пляжа Котофей, размеры: 24, 25, 27. Цена: 505 руб.",False,,synagogue,True,False,-91891710__361992168
361990423,214819407,-91891710,-91891710,1430075605,2015-04-26 21:13:25,58.007618,56.236011,58.00819896273859,56.23476395501453,97.82785663198273,"https://sun9-56.userapi.com/s/v1/ig1/VuWasOUXLPV1iTAupxcS4EI4x80S7egxawc1VnPLyyqp4fWivcVZf21Cl115DKjv_wFmHgEv.jpg?quality=96&as=32x32,48x48,72x72,108x108,160x160,240x240,360x360,480x480,540x540,640x640,720x720,1024x1024&from=bu&cs=1024x0","Сандалии Strobbs, размеры: 25, 26, 28, 29, 30. Цена 1500 руб.",False,,synagogue,True,False,-91891710__361990423
361990396,214820518,-91891710,-91891710,1430075592,2015-04-26 21:13:12,58.007618,56.236011,58.00819896273859,56.23476395501453,97.82785663198273,"https://sun9-78.userapi.com/s/v1/ig1/tjs9RGevkT0r91EHsokdjkznKrGomwxYXRN_BNIxkrCQJA7e3K18vTG-uGE4D5OdeqK-LK_s.jpg?quality=96&as=32x32,48x48,72x72,108x108,160x160,240x240,360x360,480x480,540x540,640x640,720x720,1024x1024&from=bu&cs=1024x0","Обувь для пляжа Котофей, размеры: 22, 23, 24, 25, 26, 27. Цена: 890 руб.",False,,synagogue,True,False,-91891710__361990396
361990347,214820518,-91891710,-91891710,1430075573,2015-04-26 21:12:53,58.007618,56.236011,58.00819896273859,56.23476395501453,97.82785663198273,"https://sun9-84.userapi.com/s/v1/ig1/NMMHt3ORvrpXaIpTn8JY8NwbFoDBuzwcMlq972t5Kls6HXBqxiQCzasH7DDYWxYSvtiXIoOA.jpg?quality=96&as=32x32,48x48,72x72,108x108,160x160,240x240,360x360,480x480,540x540,640x640,720x720,1024x1024&from=bu&cs=1024x0","Обувь для пляжа Котофей, размеры: 24, 25, 26, 27. Цена: 945 руб.",False,,synagogue,True,False,-91891710__361990347
361990325,214819407,-91891710,-91891710,1430075561,2015-04-26 21:12:41,58.007618,56.236011,58.00819896273859,56.23476395501453,97.82785663198273,"https://sun9-9.userapi.com/s/v1/ig1/BiF-EuFsf1uLrIc9DekWRHKx6oL54ezQk5BHEGKqpD4jsIByzdGuoec5-rCowj7jS641hvqt.jpg?quality=96&as=32x32,48x48,72x72,108x108,160x160,240x240,360x360,480x480,540x540,640x640,720x720,1024x1024&from=bu&cs=1024x0","Сандалии Зебра из натуральной кожи, размеры: 2, 23, 24, 25, 26, 27. Цена 1820 руб.",False,,synagogue,True,False,-91891710__361990325
361985043,214443807,-91891710,-91891710,1430073659,2015-04-26 20:40:59,58.007618,56.236011,58.00819896273859,56.23476395501453,97.82785663198273,"https://sun9-6.userapi.com/s/v1/ig1/F-NqlejTWsqWz4PCSEgOJm9byUFyardvaYsPgMfPsHw6BOWJXrKlYcgfNElqvona1LJB2gM_.jpg?quality=96&as=32x32,48x48,72x72,108x108,160x160,240x240,360x360,480x480,540x540,640x640,720x720,1024x1024&from=bu&cs=1024x0","Туфли Фома, размеры: 19, 20, 21, 22. Цена 825 руб.",False,,synagogue,True,False,-91891710__361985043
374869873,219057263,-75573647,-75573647,1438756622,2015-08-05 08:37:02,58.007623,56.23354,58.00819896273859,56.23476395501453,96.4404112329554,"https://sun9-44.userapi.com/s/v1/ig1/PyTpfn9trR0H87p9CCWdzpMCLc0eiq-5bjejC6-eBvgy3AOt_XepmwuwDz_8e49K0ZIa_w.jpg?quality=96&as=32x57,48x85,72x128,108x192,160x284,240x427,360x640,480x853,540x960,640x1138,720x1280,1080x1920&from=bu&cs=1080x0",,False,,synagogue,True,False,-75573647__374869873
392018945,-7,247762684,247762684,1450729117,2015-12-21 21:18:37,58.008471,56.234304,58.00819896273859,56.23476395501453,40.61056165148205,"https://sun9-61.userapi.com/s/v1/if1/J34s8Xr5iMTORB3DcW9Lom8IAJaPyMJHgai0y4K5FGGdORM5PGTN0Awks5yUXGoLAyaP6btS.jpg?quality=96&as=32x24,48x36,72x54,108x81,160x120,240x180,360x270,480x360,540x405,640x480,720x540,960x720&from=bu&cs=960x0",,False,1191.0,synagogue,True,False,247762684__392018945
399764807,-7,261660768,261660768,1454593547,2016-02-04 14:45:47,58.007667,56.236064,58.00819896273859,56.23476395501453,96.77046472900638,"https://sun9-10.userapi.com/s/v1/ig1/cbl9ihcT9w1g3INzf0kJ3H2EhNATy8V_hfDU2IImgkpCu3_NbJLYXG3DKucyaZIopW2WAX-8.jpg?quality=96&as=32x43,48x64,72x96,108x144,160x213,240x320,360x480,480x640,540x720,640x853,720x960&from=bu&cs=720x0",,False,,synagogue,True,False,261660768__399764807
404272865,-7,261660768,261660768,1457247530,2016-03-06 07:58:50,58.007667,56.236064,58.00819896273859,56.23476395501453,96.77046472900638,"https://sun9-44.userapi.com/s/v1/ig1/KGTzX38Epu5ADawnh1FUlf12TikoyaylDqGssZ-EGdex-xG8qD2PX0VdCc67D0t-NV0JbgIf.jpg?quality=96&as=32x43,48x64,72x96,108x144,160x213,240x320,360x480,480x640,540x720,640x853,720x960&from=bu&cs=720x0",,False,,synagogue,True,False,261660768__404272865
412889443,-7,261660768,261660768,1462381869,2016-05-04 19:11:09,58.007618,56.23584,58.00819896273859,56.23476395501453,90.50757876853152,"https://sun9-32.userapi.com/s/v1/ig1/8gZ01R1wPp2YYv8kmEJUL3JkQDHEqaHrUEngaBj1FKiutjAVk6HFadKezdkpJpJ-NDYq-Mrh.jpg?quality=96&as=32x40,48x60,72x90,108x135,160x200,240x300,360x451,480x601,540x676,640x801,720x901,767x960&from=bu&cs=767x0",,False,6225.0,synagogue,True,False,261660768__412889443
432359228,-7,225018948,225018948,1475344343,2016-10-01 19:52:23,58.008044,56.235072,58.00819896273859,56.23476395501453,25.024621160213616,"https://sun9-54.userapi.com/s/v1/ig1/1evQBRSUeXRcwqRUgXNeiC3bOQ-0LyAXtQ7kAiGah1Na2TGZiJecXhoTVVDheyeFqYquSHRa.jpg?quality=96&as=32x43,48x64,72x96,108x144,160x213,240x320,360x480,480x640,540x720,640x853,720x960&from=bu&cs=720x0",,False,333.0,synagogue,True,False,225018948__432359228
438728426,-6,168987972,168987972,1478152743,2016-11-03 06:59:03,58.008597,56.234317,58.00819896273859,56.23476395501453,51.49961581813346,"https://sun9-8.userapi.com/s/v1/ig1/UtqRI9aS7fKwEBEEsw1fmANU8Ah_a604-j0r2sSA-6UzGgVAvH1TBfZ4zyw2rqYnXp6LlA.jpg?quality=96&as=32x43,48x64,72x96,108x144,160x213,240x320,360x480,480x640,540x720,640x853,720x960,1080x1440,1280x1707,1440x1920,1536x2048&from=bu&cs=1536x0",,False,195.0,synagogue,True,False,168987972__438728426
456239106,-7,-75252175,-75252175,1479798056,2016-11-22 08:00:56,58.007646,56.236091,58.00819896273859,56.23476395501453,99.46053579856569,"https://sun9-69.userapi.com/s/v1/ig1/xJz2JznXgH_CybeU8NmJ2DKf73QdvwoybO_-NTBwT4SvT_G0gzXFYiLhTGfmTVOdb5j1fd9k.jpg?quality=96&as=32x32,48x48,72x72,108x108,160x160,240x240,360x360,480x480,540x540,640x640,720x720,960x960&from=bu&cs=960x0",,False,121.0,synagogue,True,False,-75252175__456239106
456239038,-7,-58954545,-58954545,1482145150,2016-12-19 11:59:10,58.008345,56.234292,58.00819896273859,56.23476395501453,32.19799147001286,"https://sun9-77.userapi.com/s/v1/ig1/2eHBqS_lMX3nzuSI0d9vy26V4RqjEa3iohxhsljVH6K6Rnn9v_gixvzT7qRCK87C_5zIAM5u.jpg?quality=96&as=32x32,48x48,72x72,108x108,160x160,240x240,360x360,480x480,540x540,640x640,720x720,960x960&from=bu&cs=960x0",,False,,synagogue,True,False,-58954545__456239038
456239035,-7,-58954545,-58954545,1482145150,2016-12-19 11:59:10,58.007974,56.234187,58.00819896273859,56.23476395501453,42.201763408732745,"https://sun9-3.userapi.com/s/v1/ig1/nT1lNzz7BMsFOCdOg1zKPFDusE9L0h3hDu11O26KgyACuHlCN9Le1fP19KLIhz4lOyMvG0E7.jpg?quality=96&as=32x32,48x48,72x72,108x108,160x160,240x240,360x360,480x480,540x540,640x640,720x720,960x960&from=bu&cs=960x0",,False,,synagogue,True,False,-58954545__456239035
456239068,-7,-58954545,-58954545,1484209910,2017-01-12 09:31:50,58.008198,56.234305,58.00819896273859,56.23476395501453,27.037637297510656,"https://sun9-34.userapi.com/s/v1/ig1/XY9NAOnhOSptyGOPhLYLl5pEiazPpAd4fpKgZ5jO2_4YQ1GpOMFk9zFhEWC4Qo0B5gF80tcE.jpg?quality=96&as=32x43,48x64,72x96,108x144,160x213,240x320,360x480,480x640,540x720,640x853,720x960&from=bu&cs=720x0",,False,,synagogue,True,False,-58954545__456239068
456239063,-7,-58954545,-58954545,1484205101,2017-01-12 08:11:41,58.008198,56.234305,58.00819896273859,56.23476395501453,27.037637297510656,"https://sun9-57.userapi.com/s/v1/ig1/8D9Uk8Um2fxmBcAqkmbj5vaBu9PZ9FRh9xY3ktpP5KpbcyOPrNdf-mfPl2C-AjIdodpY93i-.jpg?quality=96&as=32x43,48x64,72x96,108x144,160x213,240x320,360x480,480x640,540x720,640x853,720x960&from=bu&cs=720x0",,False,,synagogue,True,False,-58954545__456239063
456239058,-7,-58954545,-58954545,1483871147,2017-01-08 11:25:47,58.008198,56.234305,58.00819896273859,56.23476395501453,27.037637297510656,"https://sun9-23.userapi.com/s/v1/ig1/oD8PPkdXngHEmLUtwBfYOVk2gGmYwIbFiSX1XcdI4krg4mt1sqd84t85HCwW1bKS1yOJHyvn.jpg?quality=96&as=32x43,48x64,72x96,108x144,160x213,240x320,360x480,480x640,540x720,640x853,720x960&from=bu&cs=720x0",,False,,synagogue,True,False,-58954545__456239058
456239053,196655429,-72702113,-72702113,1491402593,2017-04-05 16:29:53,58.007665,56.233659,58.00819896273859,56.23476395501453,88.10525059090747,"https://sun9-64.userapi.com/s/v1/ig1/Lyg4WOTRFWmHZcttF1E9KkolYB8A3lhb5TzWGnVnIPZFTlvdTxI-4CzMQw_Q9qrvpr5JPqw1.jpg?quality=96&as=32x32,48x48,72x72,108x108,160x160,240x240,360x360,480x480,540x540,640x640,720x720,1080x1080&from=bu&cs=1080x0",,False,,synagogue,True,False,-72702113__456239053
456239461,-7,95047177,95047177,1496587478,2017-06-04 16:44:38,58.007623,56.23354,58.00819896273859,56.23476395501453,96.4404112329554,"https://sun9-11.userapi.com/s/v1/if1/MV2HGB6EX3ETNHYcbz1CdGo5nS1TKsTqoW3SWrjpFkAwXN2WUWKceJs55-6klWnpUw5Ij8Du.jpg?quality=96&as=32x24,48x36,72x54,108x81,160x120,240x180,360x270,480x359,540x404,640x479,720x539,960x719&from=bu&cs=960x0",,False,,synagogue,True,False,95047177__456239461
456239225,-7,406816795,406816795,1507976330,2017-10-14 12:18:50,58.007715,56.234914,58.00819896273859,56.23476395501453,54.535328999557485,"https://sun9-12.userapi.com/s/v1/ig1/5NZjyrkcE8TFqZbQ4YNlq0lVVzFwVl4vz_Xxw8Eg2mIws-0jtjQVsMZDr5ITcaS_ycmIggs_.jpg?quality=96&as=32x43,48x64,72x96,108x144,160x213,240x320,360x480,480x640,540x720,640x853,720x960,1080x1440,1280x1707,1440x1920,1548x2064&from=bu&cs=1548x0",,False,80.0,synagogue,True,False,406816795__456239225
456239224,-7,406816795,406816795,1507976296,2017-10-14 12:18:16,58.007715,56.234914,58.00819896273859,56.23476395501453,54.535328999557485,"https://sun9-50.userapi.com/s/v1/ig1/8Gi3Y1QYhvqRHeCDpIi_Pp3zQEqXsoHeFD07caFgXvLaj-57pEBa_TPTERqFHTccE8HpiFBL.jpg?quality=96&as=32x61,48x91,72x137,108x206,160x305,240x457,360x685,480x914,538x1024&from=bu&cs=538x0",,False,79.0,synagogue,True,False,406816795__456239224
456239662,247407234,-46008634,-46008634,1507630328,2017-10-10 12:12:08,58.008135,56.234385,58.00819896273859,56.23476395501453,23.43015241045381,"https://sun9-54.userapi.com/s/v1/ig1/amRJ_CLNBWL2-mH3Ap2oPMof_SMk_rWoSwRWwikM7xiwLbsYlgPwbgDIVjEdrkoByK-jp602.jpg?quality=96&as=32x43,48x64,72x96,108x144,160x213,240x320,360x480,480x640&from=bu&cs=480x0",,False,,synagogue,True,False,-46008634__456239662
456239657,247407234,-46008634,-46008634,1507630306,2017-10-10 12:11:46,58.008044,56.235072,58.00819896273859,56.23476395501453,25.024621160213616,"https://sun9-69.userapi.com/s/v1/ig1/L9PGrYd5IVjRsywVfGjShox48CC5DFfAwQHMJ4Uu3Y8t2EnLpW7Ox6arg5LoSL9QHKK5l6_R.jpg?quality=96&as=32x43,48x64,72x96,108x144,160x213,240x320,360x480,480x640&from=bu&cs=480x0",,False,,synagogue,True,False,-46008634__456239657
456239656,247407234,-46008634,-46008634,1507630302,2017-10-10 12:11:42,58.008443,56.234741,58.00819896273859,56.23476395501453,27.16937995497787,"https://sun9-88.userapi.com/s/v1/ig1/LFFtx89xInzEa2x3FTHJCxNIx187mpNzngEsw83MYpx_XkfInkU1XRieRFNSPWCzp0IeeQXL.jpg?quality=96&as=32x43,48x64,72x96,108x144,160x213,240x320,360x480,480x640&from=bu&cs=480x0",,False,,synagogue,True,False,-46008634__456239656
456242277,-7,261660768,261660768,1511423499,2017-11-23 08:51:39,58.007597,56.235866,58.00819896273859,56.23476395501453,93.24864383870118,"https://sun9-79.userapi.com/s/v1/ig1/OjchKtFb2FQK_x0oQQIxAjM3AOX7H6QbxSa5e7lW19PGKJQIytuFiuWM8PJNGT26q30VRYWH.jpg?quality=96&as=32x40,48x60,72x89,108x134,160x199,240x298,360x447,480x596,540x671,640x795,720x894,773x960&from=bu&cs=773x0",,False,,synagogue,True,False,261660768__456242277
456242788,-7,261660768,261660768,1515658212,2018-01-11 09:10:12,58.007597,56.235866,58.00819896273859,56.23476395501453,93.24864383870118,"https://sun9-73.userapi.com/s/v1/ig1/eW6jLN_PtAe3Gu4Bn4DQr41Pj0_9iq3ngAy0P6CmwnvPoWskmzHZ--gMmO6hGjdqxO_3IJ7Y.jpg?quality=96&as=32x32,48x48,72x72,108x108,160x160,240x240,360x360,480x480,540x540,640x640,720x720,960x960&from=bu&cs=960x0",,False,,synagogue,True,False,261660768__456242788
456240475,-7,15941029,15941029,1515655869,2018-01-11 08:31:09,58.008541,56.234331,58.00819896273859,56.23476395501453,45.79335342274736,"https://sun9-69.userapi.com/s/v1/if1/14yHKuZppUdZ_OdH_oqH7DMUlISx2-lihCAUQtCrLKbmWq0E8NJq8udf4F3-xnUUrmO0Y43p.jpg?quality=96&as=32x21,48x32,72x48,108x72,160x106,240x159,360x239,480x319,540x359,640x425,720x478,960x638&from=bu&cs=960x0",,False,,synagogue,True,False,15941029__456240475
456242731,-7,261660768,261660768,1515304614,2018-01-07 06:56:54,58.007597,56.235866,58.00819896273859,56.23476395501453,93.24864383870118,"https://sun9-14.userapi.com/s/v1/ig1/M90E9SiCnH70w7183sf_ujs3Y-vVONZ1Y6Pz5phzCP4hF09n06ymUg2gaQH823wR1TjiwRbM.jpg?quality=96&as=32x32,48x48,72x72,108x108,160x160,240x240,360x360,480x480,540x540,640x640,720x720,959x959&from=bu&cs=959x0",,False,,synagogue,True,False,261660768__456242731
456240972,-7,252068287,252068287,1517198210,2018-01-29 04:56:50,58.007672,56.233593,58.00819896273859,56.23476395501453,90.50978287791564,"https://sun9-10.userapi.com/s/v1/ig2/PZsR0S3gbc3zMAAcnicR44HQ44L9a383lJC71IH1Fu0RChhYkdNLQ5jMejZzYZ9U53C1u3NgGr5jCu76sLjY-FxT.jpg?quality=96&as=32x43,48x64,72x96,108x144,160x213,240x320,360x480,480x640,540x720,640x853,720x960&from=bu&cs=720x0",,False,,synagogue,True,False,252068287__456240972
456242619,96996584,51419008,51419008,1516465098,2018-01-20 17:18:18,58.008604,56.234423,58.00819896273859,56.23476395501453,49.31399479698315,"https://sun9-35.userapi.com/s/v1/ig1/JrrZvuXHVd_G9-MCkyZgbQQw3ssVPFy0mrG3pfWpMk-O3lkN7S1UdkvwBJUIKuuhIytHGbt-.jpg?quality=96&as=32x43,48x64,72x96,108x144,160x213,240x320,360x480,480x640,540x720,640x853,720x960&from=bu&cs=720x0",,False,,synagogue,True,False,51419008__456242619
456243529,-7,261660768,261660768,1525672666,2018-05-07 07:57:46,58.007632,56.235879,58.00819896273859,56.23476395501453,91.046583902512,"https://sun9-75.userapi.com/s/v1/ig1/ICJCdiV6eyMW_Nx5BXHdmar0gX2ZuxHLoBxoPQVzC0MakP68S2FgURdh-IuQqYgMT0sfHDi5.jpg?quality=96&as=32x40,48x60,72x90,108x135,160x200,240x300,360x450,480x600,540x675,640x800,720x900,768x960&from=bu&cs=768x0",,False,,synagogue,True,False,261660768__456243529
456243505,-7,261660768,261660768,1524919923,2018-04-28 14:52:03,58.007618,56.23584,58.00819896273859,56.23476395501453,90.50757876853152,"https://sun9-26.userapi.com/s/v1/ig1/HuPmTICrRrqPRpB2wdMJjHYJ_aqqtLUZFpQ1REfdaa5Td3saltGugtj8oV5IXfecokvslW-g.jpg?quality=96&as=32x40,48x60,72x90,108x135,160x200,240x300,360x450,480x600,540x675,640x800,720x900,768x960&from=bu&cs=768x0",,False,,synagogue,True,False,261660768__456243505
456243506,-7,261660768,261660768,1524919923,2018-04-28 14:52:03,58.007618,56.23584,58.00819896273859,56.23476395501453,90.50757876853152,"https://sun9-60.userapi.com/s/v1/ig1/TWBWattBycGgDhAWF61yCBjQa8lek_NtiY1Cfv3QXOHj1RTgqdQBqeOSP5mvgk4I9MSmaeU-.jpg?quality=96&as=32x40,48x60,72x90,108x135,160x200,240x300,360x450,480x600,540x675,640x800,720x900,768x960&from=bu&cs=768x0",,False,,synagogue,True,False,261660768__456243506
456243504,-7,261660768,261660768,1524919923,2018-04-28 14:52:03,58.007597,56.235866,58.00819896273859,56.23476395501453,93.24864383870118,"https://sun9-80.userapi.com/s/v1/ig1/GswAuPLCKyzEhePMTcj8lVMmtO6DniYYIFpln7hs9I2tsvErdDGSs-eCWpQP9pCx8ulseHvY.jpg?quality=96&as=32x40,48x60,72x90,108x135,160x200,240x300,360x450,480x600,540x675,640x800,720x900,768x960&from=bu&cs=768x0",,False,,synagogue,True,False,261660768__456243504
456243501,-7,261660768,261660768,1524910570,2018-04-28 12:16:10,58.007618,56.23584,58.00819896273859,56.23476395501453,90.50757876853152,"https://sun9-12.userapi.com/s/v1/ig1/Gkz0pAJGa866Jpjt4urjgfhnUaj6F5wmq3-9kVkdjexT4A3M8wjOcKP7AQh_c_NNMFw6pWQQ.jpg?quality=96&as=32x37,48x56,72x84,108x126,160x187,240x280,360x420,480x561,540x631,640x747,720x841,822x960&from=bu&cs=822x0",,False,,synagogue,True,False,261660768__456243501
456243498,-7,261660768,261660768,1524910397,2018-04-28 12:13:17,58.007597,56.235866,58.00819896273859,56.23476395501453,93.24864383870118,"https://sun9-78.userapi.com/s/v1/ig1/Gr2Ef30O0QxW2v2-Sk6d_ATN-c4PCQcHzakVqpJYD4Mt-fNaooVojeyayjaVes_pGP-eY9Vh.jpg?quality=96&as=32x40,48x60,72x90,108x135,160x200,240x300,360x450,480x600,540x675,640x800,720x900,768x960&from=bu&cs=768x0",,False,,synagogue,True,False,261660768__456243498
456243499,-7,261660768,261660768,1524910397,2018-04-28 12:13:17,58.007632,56.235879,58.00819896273859,56.23476395501453,91.046583902512,"https://sun9-27.userapi.com/s/v1/ig2/UPnFTghZOZIkxSc54bzmedbCkQqmbMZjcsHM_FV48zFXudQJid2FNVwV9VhpoOp0Lb5qNY_Lo4cu2Hs5T1yZnGj_.jpg?quality=96&as=32x40,48x60,72x90,108x135,160x200,240x300,360x450,480x600,540x675,640x800,720x900,768x960&from=bu&cs=768x0",,False,,synagogue,True,False,261660768__456243499
456241307,-7,127814647,127814647,1526886595,2018-05-21 09:09:55,58.008604,56.234423,58.00819896273859,56.23476395501453,49.31399479698315,"https://sun9-41.userapi.com/s/v1/ig1/Wq-_qnZStusPlRPQctZbNZS3S6TtOqkBOLY7bHST8YoooGxaxHj-2RcMscZVSArEpLC7vlO6.jpg?quality=96&as=32x43,48x64,72x96,108x144,160x213,240x320,360x480,480x640,540x720,640x853,720x960,1080x1440,1280x1707,1440x1920,1620x2160&from=bu&cs=1620x0",,False,1767.0,synagogue,True,False,127814647__456241307
456243592,-7,261660768,261660768,1526839706,2018-05-20 20:08:26,58.007618,56.23584,58.00819896273859,56.23476395501453,90.50757876853152,"https://sun9-28.userapi.com/s/v1/ig1/f6xr2-31kl75ZUU9dncRxeXU1uxn8Ma0dwOaTRTsVqE1yvrSuZzrENtYJn2K1WUKhTdnxP6k.jpg?quality=96&as=32x34,48x50,72x76,108x113,160x168,240x252,360x378,480x504,540x567,640x672,720x756,914x960&from=bu&cs=914x0",,False,,synagogue,True,False,261660768__456243592
456263056,-7,360619746,360619746,1528708285,2018-06-11 11:11:25,58.00763,56.233474,58.00819896273859,56.23476395501453,98.88116108604402,"https://sun9-19.userapi.com/s/v1/if2/hS83B_IoWvuouC0z8i6Devb4GxwLqkWq2EInkXu7szKV5IPXMpjuSRST3nQDeb3dhNDgUGeJ3gAkGPRjIMCjvQl-.jpg?quality=96&as=32x24,48x36,72x54,108x81,160x119,240x179,360x269,480x358,540x403,640x478,720x538,1080x807,1280x956,1440x1075,2560x1912&from=bu&cs=2560x0",,False,114838.0,synagogue,True,False,360619746__456263056
456240357,-7,12067675,12067675,1531170605,2018-07-09 23:10:05,58.008373,56.234886,58.00819896273859,56.23476395501453,20.644486514173433,"https://sun9-47.userapi.com/s/v1/ig1/PYfXaqiyz3OZLDuL3y_nJ9yVY62Zwks1tCTr4CurIYevtAE_yHI3yAedXMdK9Seb1SnAAyQR.jpg?quality=96&as=32x32,48x49,72x73,108x109,160x162,240x243,360x365,480x487,540x547,640x649,720x730,947x960&from=bu&cs=947x0",,False,,synagogue,True,False,12067675__456240357
456239284,-7,-167874142,-167874142,1534179135,2018-08-13 18:52:15,58.007757,56.235205,58.00819896273859,56.23476395501453,55.58978285811734,"https://sun9-86.userapi.com/s/v1/ig1/chCJ0Fym7-YRD0bnExq7M8tuw4gfpqousiSU_ZBDNcTp4c8ja5acIwgVGTG5X3ZI7DTiieXS.jpg?quality=96&as=32x43,48x64,72x96,108x144,160x213,240x320,360x480,480x640,540x720,640x853,720x960,1080x1440,1280x1707,1440x1920,1620x2160&from=bu&cs=1620x0",,False,12.0,synagogue,True,False,-167874142__456239284
456244203,-7,266060497,266060497,1537328613,2018-09-19 05:43:33,58.008597,56.234317,58.00819896273859,56.23476395501453,51.49961581813346,"https://sun9-78.userapi.com/s/v1/ig1/uICESTebpiM2NumEkMcogYxyII-KchuOuPKsWs_ZIlXVWmsBjuz8Ogrwkmvdl3UWFshf-fH-.jpg?quality=96&as=32x32,48x48,72x72,108x108,160x160,240x240,360x360,480x480,540x540,640x640,720x720,734x734&from=bu&cs=734x0",,False,7261.0,synagogue,True,False,266060497__456244203
456244202,-7,266060497,266060497,1537328512,2018-09-19 05:41:52,58.008597,56.234317,58.00819896273859,56.23476395501453,51.49961581813346,"https://sun9-40.userapi.com/s/v1/ig2/35HhXUZijHIePFVUkxN5dVrVP0SUKxq80SY2kXgHEFQ9CJGMI2KncsD5SLerFY6SkNjgAXyluKovROYwbsMUNagm.jpg?quality=96&as=32x43,48x64,72x96,108x144,160x213,240x320,360x480,480x640,540x720,640x853,720x960,1080x1440,1280x1707,1440x1920,1536x2048&from=bu&cs=1536x0",,False,7260.0,synagogue,True,False,266060497__456244202
456282249,-7,360619746,360619746,1542107821,2018-11-13 12:17:01,58.00763,56.233646,58.00819896273859,56.23476395501453,91.32427096338348,"https://sun9-70.userapi.com/s/v1/if1/hvaUJUjKBYtwFWjD04oOEnuFjkx0MXDsDxXEt7WiSFnb3XaGICsWlBM3N-_7lwWeTo8BcLGl.jpg?quality=96&as=32x24,48x36,72x54,108x81,160x120,240x180,360x270,480x360,540x405,640x480&from=bu&cs=640x0",,False,174143.0,synagogue,True,False,360619746__456282249
456241251,-7,429946864,429946864,1541828436,2018-11-10 06:40:36,58.007603,56.234254,58.00819896273859,56.23476395501453,72.7597529352593,"https://sun9-25.userapi.com/s/v1/ig1/VexzY8Pq9k6piW4DIOj0jEHeXbhZunbeOTV-spY3MY0jrQeDr-rkDEuNMFV0FjNBqhlHcYtv.jpg?quality=96&as=32x43,48x64,72x96,108x144,160x213,240x320,360x480,480x640,540x720,640x853,720x960,780x1040&from=bu&cs=780x0",,False,,synagogue,True,False,429946864__456241251
456239481,-7,-138821516,-138821516,1541588755,2018-11-07 12:05:55,58.007786,56.235284,58.00819896273859,56.23476395501453,55.20127381423416,"https://sun9-56.userapi.com/s/v1/ig1/IDPGQ84PeLol54d-4l3inXoUiO9g1qmDoZxjT8UKv0VS3Z_uOvvDl1Xz2hwXAiG1btBNFHu7.jpg?quality=96&as=32x43,48x64,72x96,108x144,160x213,240x320,360x480,480x640,540x720,640x853,720x960,1080x1440,1280x1707,1440x1920,1620x2160&from=bu&cs=1620x0",,False,,synagogue,True,False,-138821516__456239481
456241341,-7,269898165,269898165,1541235618,2018-11-03 10:00:18,58.008009,56.234372,58.00819896273859,56.23476395501453,31.294503437941728,"https://sun9-31.userapi.com/s/v1/ig1/tE0mGLQeL0-tBpVQyo8S49myWbqeDv7cn1sId3282aYlIWjS2pG2aoTPjNR_yE-F7jvpUrch.jpg?quality=96&as=32x40,48x60,72x90,108x135,160x200,240x300,360x450,480x600,540x675,640x800,720x900,768x960&from=bu&cs=768x0",,False,,synagogue,True,False,269898165__456241341
456243781,-7,171187614,171187614,1542739570,2018-11-20 19:46:10,58.008576,56.234344,58.00819896273859,56.23476395501453,48.67988260207728,"https://sun9-50.userapi.com/s/v1/ig2/jyqISvUyVilEIX2yOyj6tXk81XD-CQIrsNuSwA1xNlJL6IK8B4sigISvP8t0QUxnm_I9insd_4jX631hrlZJIiFx.jpg?quality=96&as=32x37,48x55,72x83,108x124,160x184,240x277,360x415,480x553,540x622,640x738,720x830,833x960&from=bu&cs=833x0",,False,2264.0,synagogue,True,False,171187614__456243781
456239256,-7,-152436168,-152436168,1542625040,2018-11-19 11:57:20,58.007644,56.233514,58.00819896273859,56.23476395501453,96.07463451413136,"https://sun9-14.userapi.com/s/v1/ig1/FjEonJQCfSIYMWoIaUtMUVqqjjM0XhD_azFCRmaRqp3shTnug3WCRD3EGiTbWqxikRgdkNOJ.jpg?quality=96&as=32x43,48x64,72x96,108x144,160x213,240x320,360x480,480x640,540x720,640x853,720x960&from=bu&cs=720x0",,False,,synagogue,True,False,-152436168__456239256
456239259,-7,-152436168,-152436168,1542625040,2018-11-19 11:57:20,58.007644,56.233514,58.00819896273859,56.23476395501453,96.07463451413136,"https://sun9-73.userapi.com/s/v1/if2/sSHloBropG7nMccmNC2hiumsg9qoTggSd3GzyMx-xGW0AsQkzcLcj9enxl1uvDGApRKryfnjkx976tyl9vF1MjFW.jpg?quality=96&as=32x24,48x36,72x54,108x81,160x120,240x180,360x270,480x360,540x405,640x480,720x540,960x720&from=bu&cs=960x0",,False,,synagogue,True,False,-152436168__456239259
456239333,-7,-152436168,-152436168,1544082752,2018-12-06 08:52:32,58.007658,56.233553,58.00819896273859,56.23476395501453,93.31420820077544,"https://sun9-14.userapi.com/s/v1/if1/fYMIZtR593guzI9PNPQucZu39hW1BrY_ahMOCJTnxCl0H0lDBW8aMS-IsQt_X9zCeHS3JzYD.jpg?quality=96&as=32x24,48x36,72x54,108x81,160x120,240x180,360x270,480x360,540x405,640x480,720x540,960x720&from=bu&cs=960x0",,False,,synagogue,True,False,-152436168__456239333
456239121,-7,-53012131,-53012131,1545323678,2018-12-20 17:34:38,58.007611,56.235906,58.00819896273859,56.23476395501453,93.8128984346702,"https://sun9-27.userapi.com/s/v1/if1/GdfJRqTL42XwAw1Y7WnHKU69hXM5NcCWLdqCteorA_vrBCpG8My233vRCE0tMIuHT5sXyfgU.jpg?quality=96&as=32x31,48x46,72x70,108x105,160x155,240x232,360x349,480x465,540x523,640x620,720x697,960x930&from=bu&cs=960x0",,False,,synagogue,True,False,-53012131__456239121
456239349,-7,-152436168,-152436168,1545070106,2018-12-17 19:08:26,58.007581,56.233593,58.00819896273859,56.23476395501453,97.3665676932762,"https://sun9-5.userapi.com/s/v1/if1/Gi1Sk6vSm2abxtqatMMcGxsizoH7KKJu8jloik1itFb1DVkCJb4XLfnuhWMpErfywgyZWyi6.jpg?quality=96&as=32x24,48x36,72x54,108x81,160x120,240x180,360x270,480x360,540x405,640x480,720x540,960x720&from=bu&cs=960x0",,False,,synagogue,True,False,-152436168__456239349
456239734,-7,-53272954,-53272954,1547030258,2019-01-09 11:37:38,58.008541,56.234331,58.00819896273859,56.23476395501453,45.79335342274736,"https://sun9-43.userapi.com/s/v1/ig1/4Eu2G05YejRg_wGYj-Py13Z00qvB_9AB0tSW_ZX0udFzJaIbQnSl09RY8KIZf6o1VCGmb97Z.jpg?quality=96&as=32x40,48x60,72x90,108x135,160x200,240x300,360x450,480x600,540x675,640x800,720x900,1080x1350&from=bu&cs=1080x0",,False,3322.0,synagogue,True,False,-53272954__456239734
456240915,-7,149288665,149288665,1546054010,2018-12-29 04:26:50,58.008079,56.234398,58.00819896273859,56.23476395501453,25.351831694186213,"https://sun9-47.userapi.com/s/v1/if1/19JYaQKyHSJy6-I8wd4lsNfElrOB6YcXyNk-F-wSki3J8DvIArLgigEGtLo0PFmhfsMqsWnQ.jpg?quality=96&as=32x24,48x36,72x54,108x81,160x120,240x180,360x270,480x360,540x405,640x480,720x540,1080x810,1280x960,1386x1040&from=bu&cs=1386x0",,False,787.0,synagogue,True,False,149288665__456240915
456239169,-7,-53012131,-53012131,1548602988,2019-01-27 16:29:48,58.007849,56.236064,58.00819896273859,56.23476395501453,85.90629745965744,"https://sun9-4.userapi.com/s/v1/ig1/ibZlNB0b-NHEKailYiNOkWwO--0q2sWvmq8e1zBc26Uj8GttFK3ivKbD90AuJ2cPxQzF-zAK.jpg?quality=96&as=32x32,48x48,72x71,108x107,160x159,240x238,360x357,480x476,540x535,640x635,720x714,960x952&from=bu&cs=960x0",,False,798.0,synagogue,True,False,-53012131__456239169
456239149,-7,-53012131,-53012131,1547559861,2019-01-15 14:44:21,58.007639,56.235985,58.00819896273859,56.23476395501453,95.13852339512216,"https://sun9-61.userapi.com/s/v1/ig1/i_5RjlKZNwP2LhLBJGM8KAid2SheO4-8pme_ufBvvxMFLtwR2f8qxWnr927Ju6aE0l3KiOhB.jpg?quality=96&as=32x32,48x48,72x72,108x108,160x160,240x240,360x360,480x480,540x540,640x640,720x720,959x959&from=bu&cs=959x0",,False,,synagogue,True,False,-53012131__456239149
456239565,-7,-138821516,-138821516,1550036467,2019-02-13 06:41:07,58.007786,56.235284,58.00819896273859,56.23476395501453,55.20127381423416,"https://sun9-84.userapi.com/s/v1/ig1/fKP9n_u1Y2uz1Gpk4QXgIfQCChUuaiL7CBojZVq1UG6jTxXn2ij967VOqdMCAemsc7rGKg31.jpg?quality=96&as=32x43,48x64,72x96,108x144,160x213,240x320,360x480,480x640,540x720,640x853,720x960,1080x1440,1280x1707,1440x1920,1620x2160&from=bu&cs=1620x0",,False,,synagogue,True,False,-138821516__456239565
456239564,-7,-138821516,-138821516,1550036467,2019-02-13 06:41:07,58.007786,56.235284,58.00819896273859,56.23476395501453,55.20127381423416,"https://sun9-12.userapi.com/s/v1/ig1/TbFIwvS8vFuLiQwCe-ujq-hNjMWq2zuzmch7nF7B4MUfWgU2kKtjHdfuc5uzkE06536tYerN.jpg?quality=96&as=32x43,48x64,72x96,108x144,160x213,240x320,360x480,480x640,540x720,640x853,720x960,1080x1440,1280x1707,1440x1920,1620x2160&from=bu&cs=1620x0",,False,,synagogue,True,False,-138821516__456239564
456313366,-7,-124008451,-124008451,1549820832,2019-02-10 18:47:12,58.008569,56.23441,58.00819896273859,56.23476395501453,46.12816643785107,"https://sun9-31.userapi.com/s/v1/ig1/eide62U5qU8WdCE33rxfsOQaNfnFUksZ8Qg4c_B__Kr-fygwOWNxo8nHnxA_5Im4zYKPTlXG.jpg?quality=96&as=32x43,48x64,72x96,108x144,160x213,240x320,360x480,480x640,540x720,640x853,720x960&from=bu&cs=720x0",,False,,synagogue,True,False,-124008451__456313366
456313368,-7,-124008451,-124008451,1549820832,2019-02-10 18:47:12,58.008576,56.234344,58.00819896273859,56.23476395501453,48.67988260207728,"https://sun9-74.userapi.com/s/v1/ig1/0pNvWiSFgeBpOQeYv7FTnkMq-JiBMR7CT4TouxHsZUcj3AERrQaEqJnoWTYlzAq2Q2FMTpNR.jpg?quality=96&as=32x43,48x64,72x96,108x144,160x213,240x320,360x480,480x640,540x720,640x853,720x960&from=bu&cs=720x0",,False,,synagogue,True,False,-124008451__456313368
456269283,-7,-169879213,-169879213,1549819058,2019-02-10 18:17:38,58.008576,56.234344,58.00819896273859,56.23476395501453,48.67988260207728,"https://sun9-22.userapi.com/s/v1/ig1/IKiNBnRIip2DImXcfgDMdEzEopVIbrMVzUyqz0ksLePODMWfn4co9S94yb76Q0XtppG2UBic.jpg?quality=96&as=32x43,48x64,72x96,108x144,160x213,240x320,360x480,480x640,540x720,640x853,720x960&from=bu&cs=720x0",,False,,synagogue,True,False,-169879213__456269283
456269281,-7,-169879213,-169879213,1549819058,2019-02-10 18:17:38,58.008569,56.23441,58.00819896273859,56.23476395501453,46.12816643785107,"https://sun9-29.userapi.com/s/v1/ig1/5364eSPq57tlODrHQoX9MTPZ1HRqLJtDquhwQ2oy8USlmqRciENNLT2xLqZJvhqYp-ZEgFSV.jpg?quality=96&as=32x43,48x64,72x96,108x144,160x213,240x320,360x480,480x640,540x720,640x853,720x960&from=bu&cs=720x0",,False,,synagogue,True,False,-169879213__456269281
456239249,-7,522579941,522579941,1549817354,2019-02-10 17:49:14,58.008562,56.234304,58.00819896273859,56.23476395501453,48.61863277164448,"https://sun9-29.userapi.com/s/v1/ig1/2sQVUnMQzcka-UCKrk_Ml1EqRdLVtiKImATdXYy1oefOsz9OKtyWD4073YfCNcyMvC1I-QfZ.jpg?quality=96&as=32x43,48x64,72x96,108x144,160x213,240x320,360x480,480x640,540x720,640x853,720x960&from=bu&cs=720x0",,False,,synagogue,True,False,522579941__456239249
456239247,-7,522579941,522579941,1549540433,2019-02-07 12:53:53,58.008576,56.234344,58.00819896273859,56.23476395501453,48.67988260207728,"https://sun9-87.userapi.com/s/v1/ig2/t7Mck3iGphkd_uimAdbBIPwItPOf4dTgT79Ahd-_P88y5YE1R1ZxOi93Mj-t-Yw4bZyXdjMWMVYGble77mABbAkj.jpg?quality=96&as=32x43,48x64,72x96,108x144,160x213,240x320,360x480,480x640,540x720,640x853,720x960&from=bu&cs=720x0",,False,40.0,synagogue,True,False,522579941__456239247
456267656,-7,-159821582,-159821582,1551186716,2019-02-26 14:11:56,58.008576,56.234344,58.00819896273859,56.23476395501453,48.67988260207728,"https://sun9-79.userapi.com/s/v1/ig1/H8PZvGzpmk61ksV4VRumdYx9ZpQpEdeCYJUnuHLyIjrnYtNCDPYRp8L_W16L0Xx0JoU2wwaW.jpg?quality=96&as=32x43,48x64,72x96,108x144,160x213,240x320,360x480,480x640,540x720,640x853,720x960&from=bu&cs=720x0",,False,,synagogue,True,False,-159821582__456267656
456275171,-7,-96797607,-96797607,1551186441,2019-02-26 14:07:21,58.008576,56.234344,58.00819896273859,56.23476395501453,48.67988260207728,"https://sun9-79.userapi.com/s/v1/ig1/iATXSrO87O8czmya6D_GqTwZrdqIh5qwAoD9IM9hY002wfuHC_X5xi_5gdpkdzQNVG3CasEx.jpg?quality=96&as=32x43,48x64,72x96,108x144,160x213,240x320,360x480,480x640,540x720,640x853,720x960&from=bu&cs=720x0",,False,,synagogue,True,False,-96797607__456275171
456272268,-7,-169879213,-169879213,1551183957,2019-02-26 13:25:57,58.008576,56.234344,58.00819896273859,56.23476395501453,48.67988260207728,"https://sun9-18.userapi.com/s/v1/ig1/qCqC3MoUI0GgT3YdCHkYX-ZUkKUL5iUz1n4aM4_1eNisY6Y4lz8BN96tX-hxmJ9oRD25NBZU.jpg?quality=96&as=32x43,48x64,72x96,108x144,160x213,240x320,360x480,480x640,540x720,640x853,720x960&from=bu&cs=720x0",,False,,synagogue,True,False,-169879213__456272268
456239305,-7,522579941,522579941,1551070820,2019-02-25 06:00:20,58.008583,56.23445,58.00819896273859,56.23476395501453,46.53622477281824,"https://sun9-26.userapi.com/s/v1/ig2/eaZhHNTpDrEQp9cuoVo3Nvg_87kcZ71anaD7iXRm8Vr-HrRT27omJVIKNvMnY7_AnBcksQl_u4rCL7sfso4Gzrdu.jpg?quality=96&as=32x43,48x64,72x96,108x144,160x213,240x320,360x480,480x640,540x720,640x853,720x960&from=bu&cs=720x0",,False,,synagogue,True,False,522579941__456239305
456239304,-7,522579941,522579941,1551070790,2019-02-25 05:59:50,58.00859,56.234383,58.00819896273859,56.23476395501453,48.9314165939377,"https://sun9-2.userapi.com/s/v1/ig1/P1w1YDBSe15eROp-R7i3SlBw4WbkroQgyPh61QFLRPBx4Y-imDe1mIkHCRlbj-42LaVgC0Fz.jpg?quality=96&as=32x43,48x64,72x96,108x144,160x213,240x320,360x480,480x640,540x720,640x853,720x960&from=bu&cs=720x0",,False,,synagogue,True,False,522579941__456239304
456251184,263377850,-10982863,5137613,1551038207,2019-02-24 20:56:47,58.008429,56.234357,58.00819896273859,56.23476395501453,35.057609141504955,"https://sun9-79.userapi.com/s/v1/if1/EvW2lDx-EjDv9JjKn9lVNmojLKHmeGH-AbWx35RJA9G3_T26MsClte8F1xSAVu7KUEj3RQUz.jpg?quality=96&as=32x24,48x36,72x54,108x81,160x120,240x180,360x270,480x360,540x405,640x480,720x540,1080x810,1280x960,1440x1080,2560x1920&from=bu&cs=2560x0",,False,,synagogue,True,False,-10982863__456251184
456317376,-7,-41914067,-41914067,1552313043,2019-03-11 15:04:03,58.008569,56.23441,58.00819896273859,56.23476395501453,46.12816643785107,"https://sun9-14.userapi.com/s/v1/if1/iKv3jOI3XR7jg--s4ELt2mgV8kA0CeP2583bUL2HJIHoTwzMNZ4lY-uiEXMEYxzLUxwGKW8m.jpg?quality=96&as=32x24,48x35,72x53,108x80,160x118,240x177,360x266,480x355,540x399,640x473,720x532,1080x798,1280x946,1440x1064,2560x1892&from=bu&cs=2560x0",,False,,synagogue,True,False,-41914067__456317376
456239031,-6,532410452,532410452,1552307298,2019-03-11 13:28:18,58.008569,56.23441,58.00819896273859,56.23476395501453,46.12816643785107,"https://sun9-15.userapi.com/s/v1/if1/Qh-tg3k5liXyg0_sX4B1gP7SxLhnjH8G65kQMFMxXgRNxBYoZnZ-9VL5cqmt76wPHAqcSPBj.jpg?quality=96&as=32x24,48x35,72x53,108x80,160x118,240x177,360x266,480x355,540x399,640x473,720x532,1080x798,1280x946,1440x1064,2560x1892&from=bu&cs=2560x0",,False,1.0,synagogue,True,False,532410452__456239031
456273075,-7,-169879213,-169879213,1551533843,2019-03-02 14:37:23,58.008583,56.23445,58.00819896273859,56.23476395501453,46.53622477281824,"https://sun9-73.userapi.com/s/v1/ig1/q_SXzYvzAnXAjvP0M5P6InCUwgXLZ1lW0hwVzedXAswNPypAiANr9UVm1EzWsIi35M_Z3KFC.jpg?quality=96&as=32x43,48x64,72x96,108x144,160x213,240x320,360x480,480x640,540x720,640x853,720x960&from=bu&cs=720x0",,False,,synagogue,True,False,-169879213__456273075
456273078,-7,-169879213,-169879213,1551533843,2019-03-02 14:37:23,58.008576,56.234344,58.00819896273859,56.23476395501453,48.67988260207728,"https://sun9-20.userapi.com/s/v1/ig1/xDHpX7bMl6CzzytIXsZRWc_fVHC5feIZ0_pow8aDhXWqKOkfNWuVEo5dKLL1GSzuXeB-KAck.jpg?quality=96&as=32x43,48x64,72x96,108x144,160x213,240x320,360x480,480x640,540x720,640x853,720x960&from=bu&cs=720x0",,False,,synagogue,True,False,-169879213__456273078
456241789,-7,180930841,180930841,1551522925,2019-03-02 11:35:25,58.007757,56.235205,58.00819896273859,56.23476395501453,55.58978285811734,"https://sun9-13.userapi.com/s/v1/ig1/a8YQHCOHgRlo1MkVuDM9xfFOsBOj556olcYuO2smWxP5nMtvLjl_PY2DZ6anWlTqT58YQJV6.jpg?quality=96&as=32x43,48x64,72x96,108x144,160x213,240x320,360x480,480x640,540x720,640x853,720x960,1000x1333&from=bu&cs=1000x0",,False,,synagogue,True,False,180930841__456241789
456239953,-7,-53272954,-53272954,1553686536,2019-03-27 12:35:36,58.00859,56.234383,58.00819896273859,56.23476395501453,48.9314165939377,"https://sun9-29.userapi.com/s/v1/ig1/KjzPctW1bo7X_lyiL6qGsErh3kq4zNmnLZLFGC98x86Ha4McNu2Pi2tZ_7vHodp3dZ2tTKQC.jpg?quality=96&as=32x40,48x60,72x90,108x135,160x200,240x300,360x450,480x600,540x675,640x800,720x900,1080x1350,1280x1600,1440x1800,1728x2160&from=bu&cs=1728x0",,False,,synagogue,True,False,-53272954__456239953
456239952,-7,-53272954,-53272954,1553684895,2019-03-27 12:08:15,58.008576,56.234344,58.00819896273859,56.23476395501453,48.67988260207728,"https://sun9-33.userapi.com/s/v1/ig1/lt0mTzPGT3AKiCgspbgUe423cOedxM6UFe2J8kL4-Vwg7CG9K0i6iW5CO4cYG9bhaxOsy2b4.jpg?quality=96&as=32x43,48x64,72x96,108x144,160x213,240x320,360x480,480x640,540x720,640x853,720x960,1080x1440,1280x1707,1440x1920,1620x2160&from=bu&cs=1620x0",,False,3440.0,synagogue,True,False,-53272954__456239952
456239948,-7,-53272954,-53272954,1553671859,2019-03-27 08:30:59,58.008541,56.234331,58.00819896273859,56.23476395501453,45.79335342274736,"https://sun9-56.userapi.com/s/v1/ig1/sSidqELBMwEgduCDHgXoUdNcgNptHcyx_Sg5XQ6QQGLwLbX0MG52vLecFfgZwhuS7E5dPGNs.jpg?quality=96&as=32x43,48x64,72x96,108x144,160x213,240x320,360x480,480x640,540x720,640x853,720x960,1080x1440,1280x1707,1440x1920,1620x2160&from=bu&cs=1620x0",,False,,synagogue,True,False,-53272954__456239948
456246852,-7,-48912725,-48912725,1553504525,2019-03-25 10:02:05,58.007588,56.233527,58.00819896273859,56.23476395501453,99.626453357867,"https://sun9-50.userapi.com/s/v1/if1/5yf0oM6FpQbY3XKjJ4RFhly4XKP0kRNAZGQfSwqrCXEZT07GEBjVL4EvFnfgox7QeQxT0j39.jpg?quality=96&as=32x24,48x36,72x54,108x81,160x119,240x179,360x269,480x358,540x403,640x478,720x538,1080x807,1280x956,1440x1075,2560x1912&from=bu&cs=2560x0",,False,,synagogue,True,False,-48912725__456246852
456301857,-7,360619746,360619746,1559028057,2019-05-28 09:20:57,58.007609,56.2335,58.00819896273859,56.23476395501453,99.2368537513353,"https://sun9-65.userapi.com/s/v1/if1/PxP4WeFIUJN3HECEkbEyF5XMvd3mI8RDFyO3Zn8SrRUviG6sAhopd8DU_qKiGyYXUdek9MnC.jpg?quality=96&as=32x24,48x36,72x54,108x81,160x119,240x179,360x269,480x358,540x403,640x478,720x538,1080x807,1280x956,1440x1075,2560x1912&from=bu&cs=2560x0",,False,,synagogue,True,False,360619746__456301857
456301855,-7,360619746,360619746,1559028012,2019-05-28 09:20:12,58.007581,56.233593,58.00819896273859,56.23476395501453,97.3665676932762,"https://sun9-73.userapi.com/s/v1/if1/eWgNQRCL2be6ryktkeOpYHYvOOvtx_tASm7N6V4j-gHwp69TUX5NBYVJVxFIkeR2Pm858VZT.jpg?quality=96&as=32x24,48x36,72x54,108x81,160x120,240x180,360x270,480x360,540x405,640x480&from=bu&cs=640x0",,False,,synagogue,True,False,360619746__456301855
456239343,-7,-53012131,-53012131,1560003546,2019-06-08 16:19:06,58.007667,56.236064,58.00819896273859,56.23476395501453,96.77046472900638,"https://sun9-6.userapi.com/s/v1/ig1/1ckAOC83r8rSGHJ75Zpn7Hg1oAWPz2xtdQ20Y0paxKNTzfNOjG8SP1Zgsxb67GjJWhSWYH0Z.jpg?quality=96&as=32x32,48x48,72x72,108x108,160x160,240x240,360x360,480x480,540x540,640x640,720x720,960x960&from=bu&cs=960x0",,False,,synagogue,True,False,-53012131__456239343
456302291,-7,360619746,360619746,1559561138,2019-06-03 13:25:38,58.00763,56.233474,58.00819896273859,56.23476395501453,98.88116108604402,"https://sun9-53.userapi.com/s/v1/if1/vWBMTdxiYYJnTTK5qrlVXJ5PKbavSASw2khGFLsv31gNELtMtea4opHUTb6c4SS4wOpdsUl8.jpg?quality=96&as=32x24,48x36,72x54,108x81,160x119,240x179,360x269,480x358,540x403,640x478,720x538,1080x807,1280x956,1440x1075,2560x1912&from=bu&cs=2560x0",,False,,synagogue,True,False,360619746__456302291
456304287,-7,360619746,360619746,1561994095,2019-07-01 17:14:55,58.00763,56.233474,58.00819896273859,56.23476395501453,98.88116108604402,"https://sun9-45.userapi.com/s/v1/if1/fnJANw56sZZmpY0aGH_t2F8i8Dveu2PCHJNc2IW5mQuJOkw_u2hVFvU78Kgk9xGuXxyYIU-7.jpg?quality=96&as=32x24,48x36,72x54,108x81,160x119,240x179,360x269,480x358,540x403,640x478,720x538,1080x807,1280x956,1440x1075,2560x1912&from=bu&cs=2560x0",,False,,synagogue,True,False,360619746__456304287
456239154,-7,-179516639,-179516639,1561784148,2019-06-29 06:55:48,58.008331,56.234939,58.00819896273859,56.23476395501453,17.941441768514846,"https://sun9-26.userapi.com/s/v1/ig1/6tQJCwWFg4gnpsTzg4JRT530_A5LadtCBxSNORtlLOAKMPb97ng0RBaO1TKM8Figs_pGvkge.jpg?quality=96&as=32x43,48x64,72x96,108x144,160x213,240x320,360x480,480x640,540x721,640x854&from=bu&cs=640x0",,False,,synagogue,True,False,-179516639__456239154
457240795,-7,-53272954,-53272954,1564489980,2019-07-30 14:33:00,58.008548,56.234436,58.00819896273859,56.23476395501453,43.3540072554743,"https://sun9-24.userapi.com/s/v1/ig1/uy-al2aBtoCpYeYeQtgRZIlCc6gDAR0vj8L-ZQeCYBVK4p5djWfdwNnG1Pa8M1_XnUmdN78D.jpg?quality=96&as=32x44,48x66,72x99,108x149,160x221,240x332,360x497,480x663,540x746,640x884,695x960&from=bu&cs=695x0",,False,,synagogue,True,False,-53272954__457240795
457241004,-7,-53272954,-53272954,1566813542,2019-08-26 11:59:02,58.008548,56.234436,58.00819896273859,56.23476395501453,43.3540072554743,"https://sun9-77.userapi.com/s/v1/ig1/bZtpJZhPwWA0Gl5vEQ16M_sp4F8Z-kWY74Whr3Fu6TxkY6UNjWGrMMjOexBX0mV6bOY8rn3q.jpg?quality=96&as=32x43,48x64,72x96,108x144,160x213,240x320,360x480,480x640,540x720,640x853,720x960,1080x1440,1280x1707,1440x1920,1620x2160&from=bu&cs=1620x0",,False,3620.0,synagogue,True,False,-53272954__457241004
457239430,-7,-183475242,-183475242,1566797121,2019-08-26 07:25:21,58.007653,56.236025,58.00819896273859,56.23476395501453,95.9399197328097,"https://sun9-44.userapi.com/s/v1/ig1/bQDDOuPFd1KIizvm-RdkZhyU4va_-buUDB-0SV3x5uirtPxeAkcp_bkD2ZahgLOneJp7USbo.jpg?quality=96&as=32x43,48x64,72x96,108x144,160x213,240x320,360x480,480x640,540x720,640x853,720x960,1008x1344&from=bu&cs=1008x0",,False,,synagogue,True,False,-183475242__457239430
457239429,-7,-183475242,-183475242,1566797121,2019-08-26 07:25:21,58.007653,56.236025,58.00819896273859,56.23476395501453,95.9399197328097,"https://sun9-28.userapi.com/s/v1/if1/iuujc4S70Aq4GpOKrKjXUs04MiVA4aYhXOly2u5IspVlPZ3T9f6nKaH9Rce67qKNxG7vO93M.jpg?quality=96&as=32x24,48x36,72x54,108x81,160x120,240x180,360x270,480x360,540x405,640x480,720x540,1080x810,1280x960,1344x1008&from=bu&cs=1344x0",,False,,synagogue,True,False,-183475242__457239429
457239404,-7,-183475242,-183475242,1566480283,2019-08-22 15:24:43,58.007583,56.235998,58.00819896273859,56.23476395501453,99.88155885222844,"https://sun9-86.userapi.com/s/v1/ig1/tyQiwSH_89y9lz72M77tR70orUzFPYedZ2FHz8OzDKMtYe2hOUcOtLOWPm1f3ccdtrRpj4TH.jpg?quality=96&as=32x43,48x64,72x96,108x144,160x213,240x320,360x480,480x640,540x720,640x853,720x960,1008x1344&from=bu&cs=1008x0",,False,,synagogue,True,False,-183475242__457239404
457239806,-7,-157842570,-157842570,1566181624,2019-08-19 04:27:04,58.007659,56.234584,58.00819896273859,56.23476395501453,60.969869771828385,"https://sun9-61.userapi.com/s/v1/ig1/39BqgDOvUC8Shc_RLMU1H2DbC6DfnWYFhbcU5jJmzht4t7xOhIAp5QiW0wYsYWlvct6qWR3L.jpg?quality=96&as=32x57,48x85,72x128,108x192,160x285,240x427,360x640,480x854,540x960,640x1138,720x1280,1024x1821&from=bu&cs=1024x0",,False,,synagogue,True,False,-157842570__457239806
457239803,-7,-157842570,-157842570,1566181624,2019-08-19 04:27:04,58.007659,56.234584,58.00819896273859,56.23476395501453,60.969869771828385,"https://sun9-35.userapi.com/s/v1/ig1/NeJERBMGdnxD-K_qcrg8mfoAdK934CoOiKqe-EcADz9B8N-jurC70M8lDCZT6IHpn5OLhuGP.jpg?quality=96&as=32x57,48x85,72x128,108x192,160x285,240x427,360x640,480x854,540x960,640x1138,720x1280,1024x1821&from=bu&cs=1024x0",,False,,synagogue,True,False,-157842570__457239803
457241029,-7,-53272954,-53272954,1567599694,2019-09-04 14:21:34,58.008548,56.234436,58.00819896273859,56.23476395501453,43.3540072554743,"https://sun9-15.userapi.com/s/v1/if1/Tb0P98FQyENHntfqe5ETO1xiRoo20MYMOz0FXUjkNFk2rOWL4UMb7kdedgW1jZ9CkyMQ2sH1.jpg?quality=96&as=32x23,48x35,72x52,108x79,160x116,240x175,360x262,480x349,540x393,640x466,720x524,1080x786,1280x932,1440x1048,2560x1864&from=bu&cs=2560x0",,False,,synagogue,True,False,-53272954__457241029
457241074,-7,-53272954,-53272954,1568538931,2019-09-15 11:15:31,58.008583,56.23445,58.00819896273859,56.23476395501453,46.53622477281824,"https://sun9-49.userapi.com/s/v1/ig1/ldjDOebOfRFwVceQHlJGrBe9RJN02tBLq0wcQkusUbPTEeuzT9lgCYCL_9O_T3e4BadaKzck.jpg?quality=96&as=32x43,48x64,72x96,108x144,160x214,240x320,360x480,480x641,540x721,640x854,720x961,959x1280&from=bu&cs=959x0",,False,,synagogue,True,False,-53272954__457241074
457240558,-7,-152436168,-152436168,1571117943,2019-10-15 07:39:03,58.007623,56.23354,58.00819896273859,56.23476395501453,96.4404112329554,"https://sun9-9.userapi.com/s/v1/if1/JVXOWhnd8MY1ZLOD0_IHdQBRaYzNsdcf2qWk4WD8x1xyRV4pazIvb5YtrD3rJYwhXfuZgOpH.jpg?quality=96&as=32x24,48x36,72x54,108x81,160x120,240x180,360x270,480x360,540x405,640x480,720x540,1080x810,1280x960&from=bu&cs=1280x0",,False,,synagogue,True,False,-152436168__457240558
457240555,-7,-152436168,-152436168,1571117943,2019-10-15 07:39:03,58.007644,56.233514,58.00819896273859,56.23476395501453,96.07463451413136,"https://sun9-38.userapi.com/s/v1/ig1/o_-jWh6yw2uBcr4MIpr4_52TBa1Q6rlXVWBevdVCgUPlomdJjfn2hlPa4vzynd9jWpE8HbIi.jpg?quality=96&as=32x43,48x64,72x96,108x144,160x214,240x320,360x480,480x641,540x721,640x854,720x961,959x1280&from=bu&cs=959x0",,False,,synagogue,True,False,-152436168__457240555
457240557,-7,-152436168,-152436168,1571117943,2019-10-15 07:39:03,58.007644,56.233514,58.00819896273859,56.23476395501453,96.07463451413136,"https://sun9-4.userapi.com/s/v1/if1/JrJ0VZ6zHQ_cwRP1NcTwjOS1kR4aAKybY-BZGUKy7eEVQSjam0fVMRvN_rX_x5-Mv5qjhfc4.jpg?quality=96&as=32x24,48x36,72x54,108x81,160x120,240x180,360x270,480x360,540x405,640x480,720x540,1080x810,1280x960&from=bu&cs=1280x0",,False,,synagogue,True,False,-152436168__457240557
457241124,-7,-53272954,-53272954,1570519558,2019-10-08 09:25:58,58.008541,56.234331,58.00819896273859,56.23476395501453,45.79335342274736,"https://sun9-63.userapi.com/s/v1/ig1/xS3jX5dxi2mZuAvGZRAdDHMOkelod5P4VoCv1GIRA0Jf1qFYbLANd_AB5M0c2td0Lxb8Cg2g.jpg?quality=96&as=32x43,48x64,72x96,108x144,160x214,240x320,360x480,480x641,540x721,640x854,720x961,959x1280&from=bu&cs=959x0",,False,,synagogue,True,False,-53272954__457241124
457241265,-7,392721900,392721900,1571810962,2019-10-23 08:09:22,58.00763,56.233646,58.00819896273859,56.23476395501453,91.32427096338348,"https://sun9-23.userapi.com/s/v1/ig2/Ex-Yz596PUGY_YxEx_7c4CYmtlX5jtj_LniQGmPdb8p4-f_I3SZIHtB0KJOwZhtMsifWstw9S53oZkZiQPv_izXp.jpg?quality=96&as=32x32,48x48,72x72,108x108,160x160,240x240,360x360,480x480,540x540,640x640,720x720,1080x1080,1280x1280,1440x1440,2160x2160&from=bu&cs=2160x0",,False,1769.0,synagogue,True,False,392721900__457241265
457241264,-7,392721900,392721900,1571810877,2019-10-23 08:07:57,58.00763,56.233646,58.00819896273859,56.23476395501453,91.32427096338348,"https://sun9-68.userapi.com/s/v1/ig1/XJwaxS1XvpRj_vPpgHM3JrAIU5gU_E6pDtsDDI3jFsMHd7nV2lrOICqVyMHD1kwHpcKhWR81.jpg?quality=96&as=32x32,48x48,72x72,108x108,160x160,240x240,360x360,480x480,540x540,640x640,720x720,1080x1080,1280x1280,1440x1440,2160x2160&from=bu&cs=2160x0",,False,1768.0,synagogue,True,False,392721900__457241264
457239066,-7,-188139110,-188139110,1573408358,2019-11-10 18:52:38,58.007597,56.235866,58.00819896273859,56.23476395501453,93.24864383870118,"https://sun9-60.userapi.com/s/v1/ig1/J7qBTZTZkEM91QV4yxJOpEeI1oxPwxbeUCfIxatfNqAmeSGsCwVQpbILzLREYJepoME0RRv_.jpg?quality=96&as=32x43,48x64,72x96,108x144,160x213,240x320,360x480,480x640,540x720,640x853,720x960,1008x1344&from=bu&cs=1008x0",,False,35.0,synagogue,True,False,-188139110__457239066
457241190,-7,-53272954,-53272954,1573291418,2019-11-09 10:23:38,58.008583,56.23445,58.00819896273859,56.23476395501453,46.53622477281824,"https://sun9-78.userapi.com/s/v1/ig1/hh2OH-TXvQEmVdgDnsRhJnZ3dwCfgsarKEZeusIi77uRL_zCHlr2dPpIqBOfQ6dPX67aubCj.jpg?quality=96&as=32x40,48x60,72x90,108x135,160x200,240x301,360x451,480x601,540x676,640x802,720x902,1022x1280&from=bu&cs=1022x0",,False,3670.0,synagogue,True,False,-53272954__457241190
457257664,-7,148385946,148385946,1576730516,2019-12-19 05:41:56,58.007771,56.235245,58.00819896273859,56.23476395501453,55.38632373549243,"https://sun9-40.userapi.com/s/v1/ig1/-Ex4-WlqDjM0TdEu5meI8vzr5ja4HbfP48lY0EI65lXemPopeWhCIgCQt-LizUQlh_gTAv7B.jpg?quality=96&as=32x43,48x64,72x96,108x144,160x213,240x320,360x479,480x639,540x719,640x852,720x959,961x1280&from=bu&cs=961x0",,False,13786.0,synagogue,True,False,148385946__457257664
457239564,-7,4000424,4000424,1578240285,2020-01-05 17:04:45,58.008478,56.234582,58.00819896273859,56.23476395501453,32.826912362813,"https://sun9-79.userapi.com/s/v1/ig2/UwsGWMKj8JDN7_evqPZeE92gvdDduR3l3cKB5cvH30beRlPwhUCGRPc_ww6VGVJ94hst398f4p4EG3UrYXtD4rXa.jpg?quality=96&as=32x43,48x64,72x96,108x144,160x213,240x320,360x480,480x640,540x720,640x853,720x960,960x1280&from=bu&cs=960x0",,False,,synagogue,True,False,4000424__457239564
457247593,-7,301222089,301222089,1577954196,2020-01-02 09:36:36,58.007862,56.234042,58.00819896273859,56.23476395501453,56.68150436352378,"https://sun9-11.userapi.com/s/v1/ig2/zSQoaTzupKzphEYTgITpFBhvtw8AhCh73nSaDcr-8tEdSLrfp9H2Ky0NxgR-LjllJcH1lOFmrmt4mnt0aFNAmWVy.jpg?quality=96&as=32x40,48x60,72x90,108x135,160x200,240x301,360x451,480x601,540x676,640x802,720x902,1022x1280&from=bu&cs=1022x0",,False,497.0,synagogue,True,False,301222089__457247593
457248019,-7,261660768,261660768,1583333049,2020-03-04 15:44:09,58.007659,56.234584,58.00819896273859,56.23476395501453,60.969869771828385,"https://sun9-81.userapi.com/s/v1/ig1/75fF-Md8ZhoHE1PmV31NW0OioaEpSvtJvvBAKJiUqfmEH56QSh_FQpVGaCYzSpwb5Lrvwa3O.jpg?quality=96&as=32x43,48x64,72x96,108x144,160x213,240x320,360x480,480x640,540x720,640x853,720x960,1080x1440,1104x1472&from=bu&cs=1104x0",,False,,synagogue,True,False,261660768__457248019
457248010,-7,261660768,261660768,1583331816,2020-03-04 15:23:36,58.007659,56.234584,58.00819896273859,56.23476395501453,60.969869771828385,"https://sun9-61.userapi.com/s/v1/ig1/2hIWEViuAA0zh2d1EWivJDzv-MC-53g-2ppRZoMyrRpPx7Pb6dfcbUAF4KVAQgyDRpmkVg4Q.jpg?quality=96&as=32x43,48x64,72x96,108x144,160x213,240x320,360x480,480x640,540x720,640x853,720x960,1080x1440,1104x1472&from=bu&cs=1104x0",,False,,synagogue,True,False,261660768__457248010
457248237,-7,261660768,261660768,1584548994,2020-03-18 17:29:54,58.007659,56.234584,58.00819896273859,56.23476395501453,60.969869771828385,"https://sun9-75.userapi.com/s/v1/ig2/ZdWAQiE68UUhe1B2tIEr0ZEZS-X_MuwXByTBCE9GeTHQcJ9TTlAkzBcL2hUatvQAmrfju34OIKTbMrqX-UWGT68t.jpg?quality=96&as=32x43,48x64,72x96,108x144,160x213,240x320,360x480,480x640,540x720,640x853,720x960,1080x1440,1104x1472&from=bu&cs=1104x0",,False,,synagogue,True,False,261660768__457248237
457240143,-7,-151869011,-151869011,1591520355,2020-06-07 10:59:15,58.008478,56.234582,58.00819896273859,56.23476395501453,32.826912362813,"https://sun9-21.userapi.com/s/v1/ig2/jQXqyKGPv00TtFEYrUObN2nVZ0kk6tIsHKm1nO4wX-T3oMXGn4KOwQEg7DWPn7CH3O-A7VtIVnQ8m-m-c05KaQ_H.jpg?quality=96&as=32x32,48x48,72x72,108x108,160x160,240x240,360x360,480x480,540x540,640x640&from=bu&cs=640x0",,False,686.0,synagogue,True,False,-151869011__457240143
457253452,-7,-20170464,-20170464,1595511039,2020-07-23 15:30:39,58.007757,56.235205,58.00819896273859,56.23476395501453,55.58978285811734,"https://sun9-13.userapi.com/s/v1/ig2/uhE1aylBxuonRcHUtkvqRMHWREpOblNkwpzerxfQjrlKy2d4O8hRh7LQpj4gVI03gFrljuZ_V3MYsmk26qhCx6jY.jpg?quality=96&as=32x43,48x64,72x96,108x144,160x213,240x320,360x480,480x640,540x720,640x853,720x960,1080x1440,1280x1707,1440x1920,1620x2160&from=bu&cs=1620x0",,False,,synagogue,True,False,-20170464__457253452
457250542,-7,261660768,261660768,1593661865,2020-07-02 05:51:05,58.007686,56.233632,58.00819896273859,56.23476395501453,87.75138995737218,"https://sun9-81.userapi.com/s/v1/ig1/SuBWrfft0Ks95pt923PW1uDGei6H7MU1rZZDb9HG936qmxriQwBaFH7cYpynCZvKmkR75fFi.jpg?quality=96&as=32x43,48x64,72x96,108x144,160x214,240x320,360x481,480x641,540x721,640x855,720x961,1080x1442,1280x1709,1342x1792&from=bu&cs=1342x0",,False,,synagogue,True,False,261660768__457250542
457250541,-7,261660768,261660768,1593661864,2020-07-02 05:51:04,58.007644,56.233514,58.00819896273859,56.23476395501453,96.07463451413136,"https://sun9-66.userapi.com/s/v1/ig2/Ae9PKQwjXN-Ugy5nNfCnJpT7Y2E4UUkyNPhrDCaHmQhXJE4R49PZulmzFXG_wf-K2beDtOClEN4ClPtVgTPBSPT6.jpg?quality=96&as=32x43,48x64,72x96,108x144,160x214,240x320,360x481,480x641,540x721,640x855,720x961,1080x1442,1280x1709,1342x1792&from=bu&cs=1342x0",,False,,synagogue,True,False,261660768__457250541
457240439,-7,-179988268,-179988268,1597236063,2020-08-12 14:41:03,58.008044,56.234385,58.00819896273859,56.23476395501453,28.2010252961035,"https://sun9-29.userapi.com/s/v1/ig2/COpZsYE5LuP8Yi-PziMMTvAliaoPpB1spS1kiL0_33ZojBYDjNAPNnmITbhR4Ep9OxMe3FieqxY-NdEtRiAYKQB9.jpg?quality=96&as=32x43,48x64,72x96,108x144,160x213,240x320,360x480,480x640,540x720,640x853,720x960,1080x1440,1280x1707,1440x1920,1620x2160&from=bu&cs=1620x0",,False,,synagogue,True,False,-179988268__457240439
457250784,-7,261660768,261660768,1597902774,2020-08-20 07:52:54,58.008086,56.235019,58.00819896273859,56.23476395501453,19.5837827985401,"https://sun9-78.userapi.com/s/v1/ig2/9ysFiNCdx_s4VU8a1kTo6gmrF5bHSEUBVBLWT1ou2BeprfaGtf2Abpp_HQg-IxWRu9-2kIg9Y9nDArlsDtROBsHR.jpg?quality=96&as=32x43,48x64,72x96,108x144,160x214,240x320,360x481,480x641,540x721,640x855,720x961,1080x1442,1280x1709,1342x1792&from=bu&cs=1342x0",,False,,synagogue,True,False,261660768__457250784
457240480,-7,-179988268,-179988268,1599029861,2020-09-02 08:57:41,58.008121,56.234345,58.00819896273859,56.23476395501453,26.159229423898175,"https://sun9-29.userapi.com/s/v1/ig2/atntqg0vT5-suXAaoakcSkF7qk7VoQ_HOHMt6nyFR2oy774vn59-n9qju6V-HHLgRQjBcQIDb179K7E0z-wija-n.jpg?quality=96&as=32x43,48x64,72x96,108x144,160x213,240x320,360x480,480x640,540x720,640x853,720x960,1080x1440,1280x1707,1440x1920,1620x2160&from=bu&cs=1620x0",,False,,synagogue,True,False,-179988268__457240480
457240474,-7,-179988268,-179988268,1599029297,2020-09-02 08:48:17,58.008121,56.234345,58.00819896273859,56.23476395501453,26.159229423898175,"https://sun9-56.userapi.com/s/v1/ig2/D2A2LxeV3w2wqyfr_Q0lNGF64TPuYxbn14hXSnGzBD8AMsoqyTN1a1xIFHLVcQpe1qnqaUulwDg70cfaW-ot-eFQ.jpg?quality=96&as=32x43,48x64,72x96,108x144,160x213,240x320,360x480,480x640,540x720,640x853,720x960,1080x1440,1280x1707,1440x1920,1620x2160&from=bu&cs=1620x0",,False,,synagogue,True,False,-179988268__457240474
457248632,-7,-148841088,-148841088,1605970321,2020-11-21 15:52:01,58.007686,56.233632,58.00819896273859,56.23476395501453,87.75138995737218,"https://sun9-11.userapi.com/s/v1/if2/qKKRY90G14zoj9G8wlvlKTot8OhgBuRKu7YxZvbUh3CSD2K2fBHyB_nM35eO3hFMkd0zThAyJb2QYjjcccTM_vhY.jpg?quality=96&as=32x24,48x36,72x54,108x81,160x120,240x180,360x270,480x360,540x405,640x480&from=bu&cs=640x0",,False,,synagogue,True,False,-148841088__457248632
457240515,-7,600095200,600095200,1608751390,2020-12-23 20:23:10,58.008275,56.234953,58.00819896273859,56.23476395501453,13.982643955220649,"https://sun9-25.userapi.com/s/v1/ig2/4tKCR_suhuJE5FLnLh5v4ldKMxX-R5UuuAjObQNcK-41JWgIDeIZot77U-IAuZEVTKL4GpIxsAQC8jBLwwN5WX-i.jpg?quality=96&as=32x43,48x64,72x96,108x144,160x213,240x320,360x480,480x640,540x720,640x853,720x960,1080x1440,1104x1472&from=bu&cs=1104x0",,False,,synagogue,True,False,600095200__457240515
457240602,-7,444177497,444177497,1613928880,2021-02-21 18:34:40,58.007757,56.235205,58.00819896273859,56.23476395501453,55.58978285811734,"https://sun9-58.userapi.com/s/v1/ig2/75vNJDC5dPd-PZYZNgKgzoTp4r-hW6uwIifNrgGPpw_qUwPfHgpHh6hErPZyNaYC5AjyZMjqrL3T1-Hqkw9XUefL.jpg?quality=96&as=32x43,48x64,72x96,108x144,160x214,240x321,360x481,480x642,540x722,640x856,720x963,1005x1344&from=bu&cs=1005x0",,False,961.0,synagogue,True,False,444177497__457240602
457240596,-7,444177497,444177497,1613928431,2021-02-21 18:27:11,58.007771,56.235245,58.00819896273859,56.23476395501453,55.38632373549243,"https://sun9-75.userapi.com/s/v1/if2/BBy5MqP_T37tg9m8qQCis3CXofGbgzuNq15MMTCDnE4v4WGidM212YOOBGQuOwmjys6_t6QWy_EC_NRfyYGnRh1b.jpg?quality=96&as=32x24,48x36,72x54,108x81,160x120,240x179,360x269,480x359,540x404,640x479,720x538,1080x808,1280x957,1344x1005&from=bu&cs=1344x0",,False,955.0,synagogue,True,False,444177497__457240596
457240593,-7,444177497,444177497,1613928342,2021-02-21 18:25:42,58.007757,56.235205,58.00819896273859,56.23476395501453,55.58978285811734,"https://sun9-13.userapi.com/s/v1/ig2/NuLOr-kSU1QoDsMKStb5tnXrqT-v_eVGksZi5OKkNwZZ3H9f2LBiT64dPB_pM0mkkmOtT25cZH6OJekV8eFMVbvA.jpg?quality=96&as=32x43,48x64,72x96,108x144,160x214,240x321,360x481,480x642,540x722,640x856,720x963,1005x1344&from=bu&cs=1005x0",,False,952.0,synagogue,True,False,444177497__457240593
457242156,-7,592603175,592603175,1613056295,2021-02-11 16:11:35,58.007757,56.235205,58.00819896273859,56.23476395501453,55.58978285811734,"https://sun9-8.userapi.com/s/v1/ig2/NmZ1c6Jo--brDI-48Xk42dDeZZV8IxJmrLLbk_VTWfnqLsZniltrtJY78mcmczZwbLirbYuE8sXUO0JgAXNAX84r.jpg?quality=96&as=32x43,48x64,72x96,108x144,160x213,240x320,360x480,480x640,540x720,640x853,720x960,1080x1440,1218x1624&from=bu&cs=1218x0",,False,,synagogue,True,False,592603175__457242156
457242154,-7,592603175,592603175,1613056294,2021-02-11 16:11:34,58.007757,56.235205,58.00819896273859,56.23476395501453,55.58978285811734,"https://sun9-49.userapi.com/s/v1/ig2/ofJxm7jmjV6VpUOxa_J0PVdTOuGkVh5QSlGnsnjnQLovtI-QQ9BnJftzb9Z5tjpOpKJ8u-fm23Ed7zlUV0rn6sfG.jpg?quality=96&as=32x43,48x64,72x96,108x144,160x213,240x320,360x480,480x640,540x720,640x853,720x960,1080x1440,1218x1624&from=bu&cs=1218x0",,False,,synagogue,True,False,592603175__457242154
457250588,-7,124158085,124158085,1614796397,2021-03-03 19:33:17,58.008604,56.234423,58.00819896273859,56.23476395501453,49.31399479698315,"https://sun9-85.userapi.com/s/v1/if2/PO0NlqqjlyEdmyQJzxAjmN5PGsgCTBxFvLx52hOPz1rMSOpNZIVHlkL3A_1rWhrmc1cPM6v94i6nedUo59AeENiV.jpg?quality=96&as=32x24,48x36,72x54,108x81,160x120,240x180,360x270,480x360,540x405,640x480,720x540,1080x810,1280x960,1440x1080,1920x1440&from=bu&cs=1920x0",,False,,synagogue,True,False,124158085__457250588
457242178,-7,-152436168,-152436168,1616064645,2021-03-18 11:50:45,58.007658,56.233553,58.00819896273859,56.23476395501453,93.31420820077544,"https://sun9-78.userapi.com/s/v1/ig2/aF0LlciHNUZcxf3E6D3Upn5Tmo8qr3RiI-FGsT0MgPCYZ_HJP-oo9WuCxCPzWrqPEgt-4_VHSwQUQVgvnB8GjIXw.jpg?quality=96&as=32x43,48x64,72x96,108x144,160x213,240x320,360x480,480x640,540x720,640x853,720x960,1080x1440,1280x1707,1440x1920&from=bu&cs=1440x0",,False,,synagogue,True,False,-152436168__457242178
457239457,-7,-179672049,-179672049,1615653855,2021-03-13 17:44:15,58.008086,56.235019,58.00819896273859,56.23476395501453,19.5837827985401,"https://sun9-5.userapi.com/s/v1/if2/0PGbpJEmXNvic22RAicSSt-03ZmEXGgwGvPrueiTehPphKv447hHDEPjBHf8wqlc2FmW2e_NDkIPpIBKtB_gm956.jpg?quality=96&as=32x24,48x36,72x54,108x81,160x120,240x180,360x270,480x360,540x405,640x480,720x540,1080x810,1280x960,1440x1080,1920x1440&from=bu&cs=1920x0",,False,327.0,synagogue,True,False,-179672049__457239457
457242142,-7,145952748,145952748,1615187015,2021-03-08 08:03:35,58.007659,56.234584,58.00819896273859,56.23476395501453,60.969869771828385,"https://sun9-15.userapi.com/s/v1/ig2/XNeIyt3jdFMXK_hFsawOVIaUJK5ixOpbxXL4G_BSnOSNjOF9wi6L0srYbaA2krrHnGzGjgf4Uppq-X4MjpCmGIBU.jpg?quality=96&as=32x40,48x60,72x90,108x135,160x200,240x301,360x451,480x601,540x676,640x801,720x902,932x1167&from=bu&cs=932x0",,False,3825.0,synagogue,True,False,145952748__457242142
457242214,-7,-152436168,-152436168,1619004950,2021-04-21 13:35:50,58.007602,56.233567,58.00819896273859,56.23476395501453,96.84242890171708,"https://sun9-56.userapi.com/s/v1/ig2/HmJLxAZqIn1jzEbEIHzdyBSH_xldpQ17-2nemNCXWYjxANf9Q-0lfiZXwqhZXqfjh2gOaFcFcLXY1CYmGpEqgSq3.jpg?quality=96&as=32x43,48x64,72x96,108x144,160x213,240x320,360x480,480x640,540x720,640x853,720x960,1080x1440,1280x1707,1440x1920&from=bu&cs=1440x0",,False,,synagogue,True,False,-152436168__457242214
457239051,-7,652920858,652920858,1621068034,2021-05-15 10:40:34,58.00768,56.234729,58.00819896273859,56.23476395501453,57.74275410657036,"https://sun9-11.userapi.com/s/v1/ig2/nHNs3sIPfUyB4n5uHttOwpoFCJJGiGEh-DL3N8xfWY7i4r-BHbR3PhtB_Ze7Oki2WiKzdOwJ3a_y3CDD-VTboziv.jpg?quality=96&as=32x43,48x64,72x96,108x144,160x213,240x320,360x480,480x640,540x720,640x853,720x960,1080x1440,1200x1600&from=bu&cs=1200x0",,False,,synagogue,True,False,652920858__457239051
457273244,278300314,-7165191,301828947,1622462417,2021-05-31 14:00:17,58.007611,56.235906,58.00819896273859,56.23476395501453,93.8128984346702,"https://sun9-9.userapi.com/s/v1/ig2/8Ly6BLJcqk6nUeDzd7HuBM9N5SYZqHg0BCrYbERWW5MZ7wgPIxKC97e8UJVl_ldStf1r4pORmdnzQjejFM1NxVVl.jpg?quality=96&as=32x43,48x64,72x96,108x144,160x213,240x320,360x480,480x640,540x720,640x853,720x960,1080x1440,1104x1472&from=bu&cs=1104x0","Костюм 
Цена 1999р 
Размер 42 44",False,,synagogue,True,False,-7165191__457273244
457356370,-7,360619746,360619746,1629649621,2021-08-22 18:27:01,58.007637,56.23358,58.00819896273859,56.23476395501453,93.64563795634037,"https://sun9-12.userapi.com/s/v1/if2/nYqN_ed4Nvjskm8tn7_QubhIGH7363eCCyy9w234sOtEcpTDColbAEtHZbgpTL7AaTeiqi9V0PqmnAE9-3NUOq8s.jpg?quality=96&as=32x24,48x36,72x54,108x81,160x120,240x180,360x270,480x360,540x405,640x480&from=bu&cs=640x0",,False,402890.0,synagogue,True,False,360619746__457356370
457357708,-7,360619746,360619746,1632402790,2021-09-23 15:13:10,58.007644,56.233514,58.00819896273859,56.23476395501453,96.07463451413136,"https://sun9-67.userapi.com/s/v1/if2/x7b3jc5Oqd8m9Nya1ScMZCck8LaEel9myQJXxyiC7bkXe5UfJ3lHo6XVhg6oXG-7P80a2ARxM1LezmBxd_sNMMgg.jpg?quality=96&as=32x24,48x36,72x54,108x81,160x120,240x180,360x270,480x360,540x405,640x480&from=bu&cs=640x0",,False,406575.0,synagogue,True,False,360619746__457357708
457359157,-7,360619746,360619746,1634845143,2021-10-21 21:39:03,58.00763,56.233646,58.00819896273859,56.23476395501453,91.32427096338348,"https://sun9-54.userapi.com/s/v1/if2/ahkJS4ulJaM0nNGJme2lBlB9VcX8ThVakW_xi_JdInGNYmybmZYQHm6qdasPX2LbBBNfm4ROfoKFuLKOhDC528sv.jpg?quality=96&as=32x24,48x36,72x54,108x81,160x120,240x180,360x270,480x360,540x405,640x480&from=bu&cs=640x0",,False,,synagogue,True,False,360619746__457359157
457359812,-7,360619746,360619746,1635961347,2021-11-03 18:42:27,58.007595,56.233633,58.00819896273859,56.23476395501453,94.60008222197452,"https://sun9-85.userapi.com/s/v1/if2/Rb_0nh80tuU7sJjlOZQO_9RI6GJY3qcH11q1xUitW2Zbq513Eryh7-Ced1pZn61OdWKMeco6JQn6LaBWKv4BJENK.jpg?quality=96&as=32x24,48x36,72x54,108x81,160x120,240x180,360x270,480x360,540x405,640x480&from=bu&cs=640x0",,False,411789.0,synagogue,True,False,360619746__457359812
457273172,-7,-32557779,-32557779,1638871002,2021-12-07 10:56:42,58.007736,56.23506,58.00819896273859,56.23476395501453,54.353151576930024,"https://sun9-83.userapi.com/s/v1/ig2/S1MJoVZ5dGRLVETxQmIxxPVJcR2CQzCyz24FqYy7SZeqtoXtwyi7BJGC8oKxRQ7gBbJzPfLK0FzI-GFNwVsZosEo.jpg?quality=96&as=32x43,48x64,72x96,108x144,160x213,240x320,360x480,480x640,540x721,640x854,720x961,1080x1441,1280x1708,1388x1852&from=bu&cs=1388x0",,False,19607.0,synagogue,True,False,-32557779__457273172
457273150,-7,-32557779,-32557779,1638870449,2021-12-07 10:47:29,58.007736,56.23506,58.00819896273859,56.23476395501453,54.353151576930024,"https://sun9-2.userapi.com/s/v1/if2/eKI9EZqdbH6FqExV37QR5AYBwVifXxij4EVNmBCYPfC6N9vOOoguBx4z0XnTZgLnLVNbBLRIy-gQ_Z9GLvputxdY.jpg?quality=96&as=32x24,48x36,72x54,108x81,160x120,240x180,360x270,480x360,540x405,640x480,720x540,1080x810,1280x960,1440x1080,1920x1440&from=bu&cs=1920x0",,False,,synagogue,True,False,-32557779__457273150
457273151,-7,-32557779,-32557779,1638870449,2021-12-07 10:47:29,58.007736,56.23506,58.00819896273859,56.23476395501453,54.353151576930024,"https://sun9-38.userapi.com/s/v1/if2/SRIj2i-4droNKjKT96i60wUgEZba_stOL4DotCvzGcjUmSFbhiiFWOKGz7_ONELxQl63MjM85BwLozow6MpS9LPL.jpg?quality=96&as=32x24,48x36,72x54,108x81,160x120,240x180,360x270,480x360,540x405,640x480,720x540,1080x810,1280x960,1440x1080,1920x1440&from=bu&cs=1920x0",,False,,synagogue,True,False,-32557779__457273151
457252224,-7,-53041106,-53041106,1639494269,2021-12-14 16:04:29,58.007757,56.235205,58.00819896273859,56.23476395501453,55.58978285811734,"https://sun9-40.userapi.com/s/v1/ig2/1BnWa8UDUQHLbhik30zyJdUgNwz1tDGOkdV1xLaHOHb8qI--VuEQobdzVS0nArhXKfBESv2ms7UuuEvuP2QUsXbo.jpg?quality=96&as=32x43,48x64,72x96,108x144,160x213,240x320,360x480,480x640,540x720,640x853,720x960,1080x1440,1280x1707,1440x1920&from=bu&cs=1440x0",,False,,synagogue,True,False,-53041106__457252224
457252223,-7,-53041106,-53041106,1639494269,2021-12-14 16:04:29,58.007757,56.235205,58.00819896273859,56.23476395501453,55.58978285811734,"https://sun9-77.userapi.com/s/v1/ig2/SFOGekwMTS3q7obsDpKuoyJx26hONldzIRVNN8qDLd751mvtM0skZjKnOvbUoRmVSoQAatgyLQ8gi6WR9voVa6qf.jpg?quality=96&as=32x43,48x64,72x96,108x144,160x213,240x320,360x480,480x640,540x720,640x853,720x960,1080x1440,1280x1707,1440x1920&from=bu&cs=1440x0",,False,,synagogue,True,False,-53041106__457252223
457252225,-7,-53041106,-53041106,1639494269,2021-12-14 16:04:29,58.007736,56.23506,58.00819896273859,56.23476395501453,54.353151576930024,"https://sun9-31.userapi.com/s/v1/ig2/nrZ12DQe_Qy-Xr6TDm63pswbwyZcMvRotI_iZKgzeaW5LV_HtrJOzjBVLRdNoRIWvhhSzEP4ZXiJWwALoby-sjWz.jpg?quality=96&as=32x43,48x64,72x96,108x144,160x213,240x320,360x480,480x640,540x720,640x853,720x960,1080x1440,1280x1707,1440x1920&from=bu&cs=1440x0",,False,,synagogue,True,False,-53041106__457252225
457250372,-7,244252115,244252115,1639282064,2021-12-12 05:07:44,58.00775,56.235099,58.00819896273859,56.23476395501453,53.68266757427056,"https://sun9-40.userapi.com/s/v1/ig2/kTaq2wiYAOn1lWYfHFAzbJZN78WEi97lfoU9yjxFK9j4fNp53mfsWlvTeLP51RKt3gHajxXDsVOgH-9PWYxcwMXm.jpg?quality=96&as=32x43,48x64,72x96,108x144,160x213,240x320,360x480,480x640,540x720,640x853,720x960,1080x1440,1200x1600&from=bu&cs=1200x0",,False,,synagogue,True,False,244252115__457250372
457252251,-7,-53041106,-53041106,1640703871,2021-12-28 16:04:31,58.00775,56.235099,58.00819896273859,56.23476395501453,53.68266757427056,"https://sun9-5.userapi.com/s/v1/ig2/66qxPkKqUA4LxghipsY2SKUrLVYXdO6yKC-pOS3Fii2CmWFWMsDWCAVhw2aC3WrAR1xUxMjcZVSJTjCrD_jj0Iz4.jpg?quality=96&as=32x32,48x48,72x72,108x108,160x160,240x240,360x359,480x479,540x539,640x639,720x719,1080x1078,1280x1278,1440x1438,1920x1917&from=bu&cs=1920x0",,False,,synagogue,True,False,-53041106__457252251
457242527,-7,-152436168,-152436168,1641716648,2022-01-09 09:24:08,58.007595,56.233633,58.00819896273859,56.23476395501453,94.60008222197452,"https://sun9-70.userapi.com/s/v1/ig2/EptaUjmMet52vSiN2FjgvOovpfYgR73CNr7cQwM6x2EjI25Aq8V3tVVIg2AaDQutTGMVokzpKi5rNv_Q-zhi0u1q.jpg?quality=96&as=32x43,48x64,72x96,108x144,160x213,240x320,360x480,480x640,540x720,640x853,720x960,1080x1440,1266x1688&from=bu&cs=1266x0",,False,,synagogue,True,False,-152436168__457242527
457242883,-7,145952748,145952748,1643461171,2022-01-29 13:59:31,58.00768,56.234729,58.00819896273859,56.23476395501453,57.74275410657036,"https://sun9-1.userapi.com/s/v1/ig2/MgoFQfKCuy3b-S0J23AualyYKXLRw5mpE_sEB79vAQvwaOwVUzDplUOAzM1XM66rgu1UL0OhZJpAS-fYWXJzrCr5.jpg?quality=96&as=32x33,48x49,72x74,108x110,160x163,240x245,360x368,480x490,540x551,640x653,720x735,1080x1103,1280x1307,1440x1470,1567x1600&from=bu&cs=1567x0",,False,4163.0,synagogue,True,False,145952748__457242883
457242918,-7,145952748,145952748,1644837063,2022-02-14 12:11:03,58.00768,56.234729,58.00819896273859,56.23476395501453,57.74275410657036,"https://sun9-80.userapi.com/s/v1/ig2/PD06AcjVWB_8i-Dnd3JRCFf4qTlnndK4yzp9WnAyykD_Jt0g1qEmuS83ZXgRDfapE6XJD4V5erqfoRUb4pPkcCU0.jpg?quality=96&as=32x43,48x64,72x96,108x144,160x213,240x320,360x480,480x640,540x720,640x853,720x960,1080x1440,1200x1600&from=bu&cs=1200x0",,False,4178.0,synagogue,True,False,145952748__457242918
457241576,-7,-170690865,-170690865,1647346524,2022-03-15 13:15:24,58.008016,56.234306,58.00819896273859,56.23476395501453,33.78969930208058,"https://sun9-60.userapi.com/s/v1/ig2/8iuP7uAkJrlXyTPOQbeqsz207rGPmQNJ3IjvSNqYB1H4gU76sBbomGmA-MWUunzBoGJXTKBUq6WVO2WQEQ7x7e5H.jpg?quality=96&as=32x43,48x64,72x96,108x144,160x213,240x320,360x480,480x640,540x720,640x853,720x960,1080x1440,1280x1707,1344x1792&from=bu&cs=1344x0",,False,,synagogue,True,False,-170690865__457241576
457367525,-7,360619746,360619746,1649165521,2022-04-05 15:32:01,58.007581,56.233593,58.00819896273859,56.23476395501453,97.3665676932762,"https://sun9-26.userapi.com/s/v1/if2/NrjLzRBFM8utscPEOQEaNVxoZ8mCee5J4_jfssXHeKQUJDkYJW_Am-TE5wzjEp-QHW-M0nUjvjsuKHLFDVEnqh_C.jpg?quality=96&as=32x24,48x36,72x54,108x81,160x120,240x180,360x270,480x360,540x405,640x480&from=bu&cs=640x0",,False,,synagogue,True,False,360619746__457367525
457244984,-7,-170690865,-170690865,1649929166,2022-04-14 11:39:26,58.008016,56.234306,58.00819896273859,56.23476395501453,33.78969930208058,"https://sun9-2.userapi.com/s/v1/ig2/zp-KTbOPEOAtMqQTNPAQl7YC3ut4XYu63h024xN4DHmZGxtuMMR5ShVnHpgO1wXeuqw7VzbxOSI6ULt3seX2PmCc.jpg?quality=96&as=32x43,48x64,72x96,108x144,160x213,240x320,360x480,480x640,540x720,640x853,720x960,1080x1440,1280x1707,1344x1792&from=bu&cs=1344x0",,False,,synagogue,True,False,-170690865__457244984
457244911,-7,-170690865,-170690865,1649919406,2022-04-14 08:56:46,58.008023,56.234411,58.00819896273859,56.23476395501453,28.55136751134135,"https://sun9-85.userapi.com/s/v1/ig2/ibJJyzzYOvDSI0Uz3XivTfyIog8FK4i_UHDa-MUvDteseMOSCh5zmoYtQDv6ATDoPQ32qLuLK7mVBqSaoFGSZa9i.jpg?quality=96&as=32x43,48x64,72x96,108x144,160x213,240x320,360x480,480x640,540x720,640x853,720x960,1080x1440,1280x1707,1344x1792&from=bu&cs=1344x0",,False,,synagogue,True,False,-170690865__457244911
457246002,-7,-170690865,-170690865,1650450045,2022-04-20 12:20:45,58.007988,56.234226,58.00819896273859,56.23476395501453,39.4287545663268,"https://sun9-14.userapi.com/s/v1/ig2/8sr2gydOe3g9EyRquVdvEXNB16OdAm61dCeCsUAwLDKLtyLZ8l8B_fSaIk8D9kveQNuDQTEeXjxVNcevnUsPf5_s.jpg?quality=96&as=32x43,48x64,72x96,108x144,160x214,240x320,360x481,480x641,540x721,640x855,720x961,1080x1442,1280x1709,1342x1792&from=bu&cs=1342x0",,False,,synagogue,True,False,-170690865__457246002
457245577,-7,-170690865,-170690865,1650267587,2022-04-18 09:39:47,58.008079,56.234398,58.00819896273859,56.23476395501453,25.351831694186213,"https://sun9-41.userapi.com/s/v1/ig2/np8raOKqPaD-ltM78sMJjoMm4F7A4te6jc8lCmucE6umPFxdDH-tPYUX4eXWOrIp4P77gRiLQDwT0cUfphfmF_4y.jpg?quality=96&as=32x43,48x64,72x96,108x144,160x213,240x320,360x480,480x640,540x720,640x853,720x960,1080x1440,1280x1707,1344x1792&from=bu&cs=1344x0",,False,,synagogue,True,False,-170690865__457245577
457245337,-7,-170690865,-170690865,1650100605,2022-04-16 11:16:45,58.008009,56.234372,58.00819896273859,56.23476395501453,31.294503437941728,"https://sun9-14.userapi.com/s/v1/ig2/H22oXdvNAt7gadODiKIKzDL3IgKbuOepOSyy-bpNQRfufHiVnI6kdBVGBdt_ZUXd_jjnHjcj-D-3jLRWEJCjGoiP.jpg?quality=96&as=32x43,48x64,72x96,108x144,160x213,240x320,360x480,480x640,540x720,640x853,720x960,1080x1440,1280x1707,1344x1792&from=bu&cs=1344x0",,False,,synagogue,True,False,-170690865__457245337
457245336,-7,-170690865,-170690865,1650100605,2022-04-16 11:16:45,58.008009,56.234372,58.00819896273859,56.23476395501453,31.294503437941728,"https://sun9-17.userapi.com/s/v1/ig2/wHRqNEHjZ1vjnO7nWCNApW8BZV7qedTzyX7s5QusnpAhEcf70tyOa6AswEGcPwfTDFz_ZYoKP3HVxlJ5aFavFcqn.jpg?quality=96&as=32x43,48x64,72x96,108x144,160x213,240x320,360x480,480x640,540x720,640x853,720x960,1080x1440,1280x1707,1344x1792&from=bu&cs=1344x0",,False,,synagogue,True,False,-170690865__457245336
457246852,-7,-170690865,-170690865,1650966393,2022-04-26 11:46:33,58.00796,56.234147,58.00819896273859,56.23476395501453,45.022594658333766,"https://sun9-33.userapi.com/s/v1/ig2/gzD_TA0GAQWFajPAYBD9SLZODfBykQqTFJ4fx97MmLmjKSMPtfmPT4PdYrR2YIB1IZDqh9ODko1QyBX3VYIi7bmF.jpg?quality=96&as=32x43,48x64,72x96,108x144,160x214,240x320,360x481,480x641,540x721,640x855,720x961,1080x1442,1280x1709,1342x1792&from=bu&cs=1342x0",,False,,synagogue,True,False,-170690865__457246852
457240353,-7,-194619161,-194619161,1652856688,2022-05-18 08:51:28,58.007715,56.234914,58.00819896273859,56.23476395501453,54.535328999557485,"https://sun9-71.userapi.com/s/v1/ig2/64okNsorxc84fqL29SIu6TnePb6hQk7r8_EwopnmuhWBR0Gjg7-oaSvKzpxCueh-Z4fJL-pZR3h_qw8V_k6YEgse.jpg?quality=96&as=32x43,48x64,72x96,108x144,160x213,240x320,360x480,480x640,540x721,640x854,720x961,1080x1441,1280x1708,1388x1852&from=bu&cs=1388x0",,False,,synagogue,True,False,-194619161__457240353
457250656,-7,-170690865,-170690865,1654167557,2022-06-02 12:59:17,58.008016,56.234306,58.00819896273859,56.23476395501453,33.78969930208058,"https://sun9-52.userapi.com/s/v1/ig2/-Yr9A5oclkrd4NO9POhQq5_PuqiKjwEnhUJWMqrElPMZ8tzzXQLShvFeb8Tabr31v3O3zQCgBZD-v_uqttTutJgU.jpg?quality=95&as=32x43,48x64,72x96,108x144,160x214,240x320,360x481,480x641,540x721,640x855,720x961,1080x1442,1280x1709,1342x1792&from=bu&cs=1342x0",,False,,synagogue,True,False,-170690865__457250656
457250651,-7,-170690865,-170690865,1654167449,2022-06-02 12:57:29,58.008198,56.234305,58.00819896273859,56.23476395501453,27.037637297510656,"https://sun9-88.userapi.com/s/v1/ig2/1-eVPGp2sJAEpZOVhlHSOPs3oxEGayH8dGSHFv5XGPV9j3ZabBQqlzM_Tm5Ktct9an5qRlBXbnQyJXXYxQtJ0Mmu.jpg?quality=95&as=32x43,48x64,72x96,108x144,160x214,240x320,360x481,480x641,540x721,640x855,720x961,1080x1442,1280x1709,1342x1792&from=bu&cs=1342x0",,False,,synagogue,True,False,-170690865__457250651
457250534,-7,-170690865,-170690865,1653995894,2022-05-31 13:18:14,58.008016,56.234306,58.00819896273859,56.23476395501453,33.78969930208058,"https://sun9-78.userapi.com/s/v1/ig2/yxEEXw_068CXzYAsDO0Vlyq8jjsW1PBer4V8yZTQpTKpu2e4ufXXsiSSfg-dFsbgb0yBZXbxVY_KRFgOkx4plLUG.jpg?quality=95&as=32x43,48x64,72x96,108x144,160x214,240x320,360x481,480x641,540x721,640x855,720x961,1080x1442,1280x1709,1342x1792&from=bu&cs=1342x0",,False,,synagogue,True,False,-170690865__457250534
457250514,-7,-170690865,-170690865,1653993472,2022-05-31 12:37:52,58.008198,56.234305,58.00819896273859,56.23476395501453,27.037637297510656,"https://sun9-57.userapi.com/s/v1/ig2/Tqoxa6QWivM9PvAcV1vX40Tic9-i33CMsJwc9aoFllU0WIs6ebudgLCobuqLn63830-w7dgGZ63ZcBI9CnZkzPVs.jpg?quality=95&as=32x43,48x64,72x96,108x144,160x214,240x320,360x481,480x641,540x721,640x855,720x961,1080x1442,1280x1709,1342x1792&from=bu&cs=1342x0",,False,,synagogue,True,False,-170690865__457250514
457250515,-7,-170690865,-170690865,1653993472,2022-05-31 12:37:52,58.008016,56.234306,58.00819896273859,56.23476395501453,33.78969930208058,"https://sun9-19.userapi.com/s/v1/ig2/c9UrDZFur-Tdzaz7Lp8sw-l7NoLmdJozWUNgDKRcwAuBKCDHyHqrcH3dGSS1qMqtIKyIYyEGI4DJMfFglHl7PAMa.jpg?quality=95&as=32x43,48x64,72x96,108x144,160x214,240x320,360x481,480x641,540x721,640x855,720x961,1080x1442,1280x1709,1342x1792&from=bu&cs=1342x0",,False,,synagogue,True,False,-170690865__457250515
457251074,-7,-170690865,-170690865,1654595752,2022-06-07 11:55:52,58.008016,56.234306,58.00819896273859,56.23476395501453,33.78969930208058,"https://sun9-71.userapi.com/s/v1/ig2/QU1DqaiG0viBVY7NGpFP-MGoC5ACxM5bXTmGUcrhLUMQMSSEPpNXNqFRteaQSergZmq3_m-RUatOuNX1eeYse36i.jpg?quality=95&as=32x43,48x64,72x96,108x144,160x213,240x320,360x480,480x640,540x720,640x853,720x960,1080x1440,1280x1707,1344x1792&from=bu&cs=1344x0",,False,,synagogue,True,False,-170690865__457251074
457251068,-7,-170690865,-170690865,1654595508,2022-06-07 11:51:48,58.008016,56.234306,58.00819896273859,56.23476395501453,33.78969930208058,"https://sun9-55.userapi.com/s/v1/ig2/2QLfPHwaWB70nALmjYhVvfBw-r5zIcI-ddDq7FHZ8RacLPrFe2V3KnSa4Z7bT5M3KSynKgByczVPf7fFxGbdAUsD.jpg?quality=95&as=32x43,48x64,72x96,108x144,160x213,240x320,360x480,480x640,540x720,640x853,720x960,1080x1440,1280x1707,1344x1792&from=bu&cs=1344x0",,False,,synagogue,True,False,-170690865__457251068
457251061,-7,-170690865,-170690865,1654595259,2022-06-07 11:47:39,58.008016,56.234306,58.00819896273859,56.23476395501453,33.78969930208058,"https://sun9-49.userapi.com/s/v1/ig2/zIc6MbYKPBvcWRsu2VmbEAH4riP8NOI99aMUhHC_UwZAJqHKm9-NMk84Q1SxjspVNhFKdr8JNjph8JeUiIcjlXwk.jpg?quality=95&as=32x43,48x64,72x96,108x144,160x213,240x320,360x480,480x640,540x720,640x853,720x960,1080x1440,1280x1707,1344x1792&from=bu&cs=1344x0",,False,,synagogue,True,False,-170690865__457251061
457251729,-7,-170690865,-170690865,1655287934,2022-06-15 12:12:14,58.008016,56.234306,58.00819896273859,56.23476395501453,33.78969930208058,"https://sun9-39.userapi.com/s/v1/ig2/RkVeUWfZQPYa_QgA0MWs_NvNEpELtOnaRMTG-3Ob_oNHt9gyVz0oQHADoyoBLJr-_ss3B33hBJ4yLCWDySzXcMLx.jpg?quality=95&as=32x43,48x64,72x96,108x144,160x214,240x320,360x481,480x641,540x721,640x855,720x961,1080x1442,1280x1709,1342x1792&from=bu&cs=1342x0",,False,,synagogue,True,False,-170690865__457251729
457251718,-7,-170690865,-170690865,1655287787,2022-06-15 12:09:47,58.008016,56.234306,58.00819896273859,56.23476395501453,33.78969930208058,"https://sun9-14.userapi.com/s/v1/ig2/afOaBGKvSphv_wuIefPHdRHCeBndVXx0blu-4WlRqK9jdE69F4LiAgoehJI9ozmnOch7vOWpjbbH8sb7bwnQTYZg.jpg?quality=95&as=32x43,48x64,72x96,108x144,160x214,240x320,360x481,480x641,540x721,640x855,720x961,1080x1442,1280x1709,1342x1792&from=bu&cs=1342x0",,False,,synagogue,True,False,-170690865__457251718
457251714,-7,-170690865,-170690865,1655287739,2022-06-15 12:08:59,58.008198,56.234305,58.00819896273859,56.23476395501453,27.037637297510656,"https://sun9-87.userapi.com/s/v1/ig2/mHT1Sz3DLyuYoNlxUUA4c34zLRed7nGqhil5oWi_Bva8xbhcg1rctF9jt8RwUFD903RRgUZf_DA_QAdzBzeILH28.jpg?quality=95&as=32x43,48x64,72x96,108x144,160x214,240x320,360x481,480x641,540x721,640x855,720x961,1080x1442,1280x1709,1342x1792&from=bu&cs=1342x0",,False,,synagogue,True,False,-170690865__457251714
457251659,-7,-170690865,-170690865,1655204515,2022-06-14 13:01:55,58.008016,56.234306,58.00819896273859,56.23476395501453,33.78969930208058,"https://sun9-32.userapi.com/s/v1/ig2/EaxwNbKDHjsO6Ux1g0ShzI57WMNnPdRgoItWnkHl8zKnqKBV1kZRIi7EXQyPsuzCRF7_eU7U42TswBNGdO8XQVHM.jpg?quality=95&as=32x43,48x64,72x96,108x144,160x213,240x320,360x480,480x640,540x720,640x853,720x960,1080x1440,1280x1707,1344x1792&from=bu&cs=1344x0",,False,,synagogue,True,False,-170690865__457251659
457251646,-7,-170690865,-170690865,1655204014,2022-06-14 12:53:34,58.008016,56.234306,58.00819896273859,56.23476395501453,33.78969930208058,"https://sun9-85.userapi.com/s/v1/ig2/S2InPP62W2RZGvbth-fTdFeMNSvRgTpgHncH_arAOoowwnmDcY7ee7bZ_UF52o7t4F-HECV8e8MhCqOE9fq72PHI.jpg?quality=95&as=32x43,48x64,72x96,108x144,160x213,240x320,360x480,480x640,540x720,640x853,720x960,1080x1440,1280x1707,1344x1792&from=bu&cs=1344x0",,False,,synagogue,True,False,-170690865__457251646
457246316,-7,-199699675,-199699675,1654974035,2022-06-11 21:00:35,58.007611,56.235906,58.00819896273859,56.23476395501453,93.8128984346702,"https://sun9-10.userapi.com/s/v1/if2/LCgfZ3IC-9LaTkhPuaCUjMBQ8E5dsGAuJ04oW44_O0AGXmVGcUFNje0aCBiw_6IwkXGQnBpO_8np7NM--qQqMDVJ.jpg?quality=95&as=32x24,48x36,72x54,108x81,160x120,240x180,360x270,480x360,540x405,640x480,720x540,1080x810,1280x960,1440x1080,1920x1440&from=bu&cs=1920x0",,False,,synagogue,True,False,-199699675__457246316
457251901,-7,-170690865,-170690865,1655720657,2022-06-20 12:24:17,58.008016,56.234306,58.00819896273859,56.23476395501453,33.78969930208058,"https://sun9-27.userapi.com/s/v1/ig2/pn-oXFTi2qj7CHtjQP70KvYYUzpqGKVJM-U7oF2cyU2nm1ekmgb-sfFV3ZMKLxni4tz7juzJr6mzq5QIwTV0GwN-.jpg?quality=95&as=32x43,48x64,72x96,108x144,160x213,240x320,360x480,480x640,540x720,640x853,720x960,1080x1440,1280x1707,1344x1792&from=bu&cs=1344x0",,False,,synagogue,True,False,-170690865__457251901
457251889,-7,-170690865,-170690865,1655720319,2022-06-20 12:18:39,58.008016,56.234306,58.00819896273859,56.23476395501453,33.78969930208058,"https://sun9-77.userapi.com/s/v1/ig2/696dr7LxiWI0Dj2AtJ6it3fuGWB7n7qSERzjfeyFu74zUrtObxj3jdNToDmHp8aJTwTqASXz_QZE8pjMVmoKj7fq.jpg?quality=95&as=32x43,48x64,72x96,108x144,160x213,240x320,360x480,480x640,540x720,640x853,720x960,1080x1440,1280x1707,1344x1792&from=bu&cs=1344x0",,False,,synagogue,True,False,-170690865__457251889
457251855,-7,-170690865,-170690865,1655549981,2022-06-18 12:59:41,58.008023,56.234411,58.00819896273859,56.23476395501453,28.55136751134135,"https://sun9-33.userapi.com/s/v1/ig2/fJvJatToKYUKOdkB9d38lSlZ7BWmvUAbcaM9VeX_5_dOTrhtmiBqAGh7_Jdx-UekLYSxfC2oNTez3IYx-Yh4Nko8.jpg?quality=95&as=32x43,48x64,72x96,108x144,160x214,240x320,360x481,480x641,540x721,640x855,720x961,1080x1442,1280x1709,1342x1792&from=bu&cs=1342x0",,False,,synagogue,True,False,-170690865__457251855
457251846,-7,-170690865,-170690865,1655538847,2022-06-18 09:54:07,58.008016,56.234306,58.00819896273859,56.23476395501453,33.78969930208058,"https://sun9-32.userapi.com/s/v1/ig2/AEEf7WAaFtvi2BJiQnV6_8TVka7Rqnrsaraf767APShI7wZYoq5EO7NegneJGCKFQSJa1-wMedbxB1MxnjP37Lx9.jpg?quality=95&as=32x43,48x64,72x96,108x144,160x214,240x320,360x481,480x641,540x721,640x855,720x961,1080x1442,1280x1709,1342x1792&from=bu&cs=1342x0",,False,,synagogue,True,False,-170690865__457251846
457252878,-7,-170690865,-170690865,1660037791,2022-08-09 11:36:31,58.008198,56.234305,58.00819896273859,56.23476395501453,27.037637297510656,"https://sun9-62.userapi.com/s/v1/ig2/Dp1Yskhk7P2Q7NzikbNjH0zwydZKS7Gt62SdpBrpIZgXuK_Niu7cdkFVRRbOkdkMVXxBlpCRNqsVeBSUtlFTs7Fn.jpg?quality=95&as=32x43,48x64,72x96,108x144,160x213,240x320,360x480,480x640,540x720,640x853,720x960,1080x1440,1280x1707,1344x1792&from=bu&cs=1344x0",,False,,synagogue,True,False,-170690865__457252878
457252877,-7,-170690865,-170690865,1660037791,2022-08-09 11:36:31,58.008198,56.234305,58.00819896273859,56.23476395501453,27.037637297510656,"https://sun9-21.userapi.com/s/v1/ig2/35pliy3fh7SpJKgDEVogPWrK9qaOzvoImNcVHxR-ezpR4-cJB3Dwzf4YBq7MUnsDU3a5xGVVsI8KXPmOD2y2oKlj.jpg?quality=95&as=32x43,48x64,72x96,108x144,160x213,240x320,360x480,480x640,540x720,640x853,720x960,1080x1440,1280x1707,1344x1792&from=bu&cs=1344x0",,False,,synagogue,True,False,-170690865__457252877
457252873,-7,-170690865,-170690865,1660037657,2022-08-09 11:34:17,58.008016,56.234306,58.00819896273859,56.23476395501453,33.78969930208058,"https://sun9-30.userapi.com/s/v1/ig2/OUpZI_z1c0GnG5rA8ln4e6Q1LLKKszg1wtwG3xjch9IalDrkFMQhkOf1BG4J9ZCM8c9dWvuil-kZyQKhvAu-pF2A.jpg?quality=95&as=32x43,48x64,72x96,108x144,160x213,240x320,360x480,480x640,540x720,640x853,720x960,1080x1440,1280x1707,1344x1792&from=bu&cs=1344x0",,False,,synagogue,True,False,-170690865__457252873
457240778,-7,-194619161,-194619161,1659344701,2022-08-01 11:05:01,58.007715,56.234914,58.00819896273859,56.23476395501453,54.535328999557485,"https://sun9-79.userapi.com/s/v1/ig2/d-_W7UiPQUlc_GWxzhVUbYHE7QaosYZhqK2uPU6MgjhgHTuJH1nh2__ez-Eu_s8aE2GJs3ntdccmV0IsTk4GRqMi.jpg?quality=95&as=32x43,48x64,72x96,108x144,160x213,240x320,360x480,480x640,540x721,640x854,720x961,1080x1441,1280x1708,1388x1852&from=bu&cs=1388x0",,False,,synagogue,True,False,-194619161__457240778
457262905,-7,63059081,63059081,1659299219,2022-07-31 22:26:59,58.008254,56.234979,58.00819896273859,56.23476395501453,14.069217839912223,"https://sun9-16.userapi.com/s/v1/ig2/r8AuJVi5Ex21qA2gnryHPMMAFwgIF_AdHQiJv5BjHtrzWSOan14tey7JE9rj7Tf1p2BYjWa1HoY25bTZmG3IzES0.jpg?quality=96&as=32x43,48x64,72x96,108x144,160x213,240x320,360x480,480x640,540x720,640x853,720x960,1080x1440,1266x1688&from=bu&cs=1266x0","🔥#историимоихклиентов Или история о том, к чему приводит дружба с вашим риэлтором🤝

Знакомьтесь, Дарья и Роман наш путь ⤵⤵⤵

✅2018 ребята приобрели квартиру в центре города в старом фонде. За это время в молодой семье родилась маленькая принцесса #дети👸 Жизнь приобрела новые краски 🌈

🎉 Все лучшее детям! Именно так мы встретили июнь 2022. Ребята приняли решение купить квартиру в одной из лучших новостроек города Перми 🏗 #пермьактивная

🔴 Задачи:

☑ Продать квартиру, находящуюся в залоге у банка. (✅ не выплачен кредит банку)
☑ Оформить ипотеку #ипотека по льготной ставке.
☑Найти новостройку, где будет вся инфраструктура для детей (школа,сад,бассейн), главное пожелание -сдача первый квартал 2023.

🔴 Итоги работы:

☑ Покупатель принял все наши условия по сделке, в том числе увеличил сроки освобождения нашей полюбившейся квартиры.

☑Изначально, жилой комплекс «Погода» не привлёк клиента своей отдалённостью от центра, 🎯 НО это на первый взгляд. Любовь ❤ случилась с первого взгляда! До центра всего 12 минут 🛤

(О ЖК «Погода» #жкпогода в последнее время много упоминаю, листай посты ) ⤵

🥳 Дарья и Рома, поздравляю Вас с покупкой новой квартиры. В этой сделке мне приходилось быть больше #психолог психологом, но это не может не радовать, когда итог работы превзошел все ожидания 🔥А это дополнительный стимул к моему развитию🙏 Довольный клиент - счастливый риэлтор❤ #риелторпермь

Наше знакомство на данном этапе жизни больше про дружбу 👬🧑‍🤝‍🧑 Спасибо, что второй раз доверили мне стать Вашим личным риэлтором #риэлторнаталья89091148233 🎉 Мысль для Вас, мои дорогие … 💭 «Там где двое, там и трое»

🎇Принимаем поздравления в комментариях ✍Запись на бесплатную консультацию в личные сообщения",False,,synagogue,True,False,63059081__457262905
457253027,-7,-170690865,-170690865,1660816964,2022-08-18 12:02:44,58.008016,56.234306,58.00819896273859,56.23476395501453,33.78969930208058,"https://sun9-7.userapi.com/s/v1/ig2/K2NMP6N6ml43_g-GDd1LsPbLETmKYMcryQqSaH8JeSWO38xMIU5ql61fDnQsxZ8SiX53G_jpzmatMhzx3LSjZ7IE.jpg?quality=95&as=32x43,48x64,72x96,108x144,160x213,240x320,360x480,480x640,540x720,640x853,720x960,1080x1440,1280x1707,1344x1792&from=bu&cs=1344x0",,False,,synagogue,True,False,-170690865__457253027
457253028,-7,-170690865,-170690865,1660816964,2022-08-18 12:02:44,58.008016,56.234306,58.00819896273859,56.23476395501453,33.78969930208058,"https://sun9-74.userapi.com/s/v1/ig2/Ih4ss34tYDAtUlTYIg0WW6JbyBtGFJVH6TYM2jmil5_-FjdhFFvXtTie-ummshps9H84EzvyX1_CYFl4BW7leuDZ.jpg?quality=95&as=32x43,48x64,72x96,108x144,160x213,240x320,360x480,480x640,540x720,640x853,720x960,1080x1440,1280x1707,1344x1792&from=bu&cs=1344x0",,False,,synagogue,True,False,-170690865__457253028
457253029,-7,-170690865,-170690865,1660816964,2022-08-18 12:02:44,58.008016,56.234306,58.00819896273859,56.23476395501453,33.78969930208058,"https://sun9-5.userapi.com/s/v1/ig2/cxA1-iV8TfSr24ZmLcYGl8TDPo2hKhaMNFXYLdvO8LEGpfmRSLpMv1x9W53puChuecuUb41tiw6_Kv3SFSWOiy7R.jpg?quality=95&as=32x43,48x64,72x96,108x144,160x213,240x320,360x480,480x640,540x720,640x853,720x960,1080x1440,1280x1707,1344x1792&from=bu&cs=1344x0",,False,,synagogue,True,False,-170690865__457253029
457253022,-7,-170690865,-170690865,1660816594,2022-08-18 11:56:34,58.008016,56.234306,58.00819896273859,56.23476395501453,33.78969930208058,"https://sun9-64.userapi.com/s/v1/ig2/0KAZ1Gw-8JmUmN9TX5elYxQ1LQreNMpt6hYsPMeu3npr0g6ugA0oW7hPY3jMoMbiBd34PRuWXeOAaSfTszT4J7Ju.jpg?quality=95&as=32x43,48x64,72x96,108x144,160x213,240x320,360x480,480x640,540x720,640x853,720x960,1080x1440,1280x1707,1344x1792&from=bu&cs=1344x0",,False,,synagogue,True,False,-170690865__457253022
457253024,-7,-170690865,-170690865,1660816594,2022-08-18 11:56:34,58.008023,56.234411,58.00819896273859,56.23476395501453,28.55136751134135,"https://sun9-43.userapi.com/s/v1/ig2/nwXuK7h_afzvOWEH7AH53LQlfrBXgFhFuTp8a6dYXRdN9u8PCQlnu7I7hm12iSJH-AafTGFEErqvEDwckRz4nrrp.jpg?quality=95&as=32x43,48x64,72x96,108x144,160x213,240x320,360x480,480x640,540x720,640x853,720x960,1080x1440,1280x1707,1344x1792&from=bu&cs=1344x0",,False,,synagogue,True,False,-170690865__457253024
457253020,-7,-170690865,-170690865,1660816463,2022-08-18 11:54:23,58.008198,56.234305,58.00819896273859,56.23476395501453,27.037637297510656,"https://sun9-80.userapi.com/s/v1/ig2/nJE6VPtGVUzUxxFfZJSDqTvB8UOTe5MPwfGUCh9eN_6HHU044k7uUoAh7iZHt__mNzTZ7-X3HupjL0G9wdhT2ut1.jpg?quality=95&as=32x43,48x64,72x96,108x144,160x213,240x320,360x480,480x640,540x720,640x853,720x960,1080x1440,1280x1707,1344x1792&from=bu&cs=1344x0",,False,,synagogue,True,False,-170690865__457253020
457253021,-7,-170690865,-170690865,1660816463,2022-08-18 11:54:23,58.008198,56.234305,58.00819896273859,56.23476395501453,27.037637297510656,"https://sun9-51.userapi.com/s/v1/ig2/5tb5dwGS5mzEAJyzKIlC7cqYKctD5g-1h7vNjNicmi0w3pyCjXrgVoRA6EnuwO24v54gMT-lhVFBNmsIvznF7qpq.jpg?quality=95&as=32x43,48x64,72x96,108x144,160x213,240x320,360x480,480x640,540x720,640x853,720x960,1080x1440,1280x1707,1344x1792&from=bu&cs=1344x0",,False,,synagogue,True,False,-170690865__457253021
457253017,-7,-170690865,-170690865,1660816350,2022-08-18 11:52:30,58.008016,56.234306,58.00819896273859,56.23476395501453,33.78969930208058,"https://sun9-51.userapi.com/s/v1/ig2/2R3KYJsbXa-WE4NSe5fHcik4zHajUa1c8OEBEzlXxpU-UMFsR5bXlmccuZa1B_Vp8iI2fMQo3cjxWiyDlbV1Ty5S.jpg?quality=95&as=32x43,48x64,72x96,108x144,160x213,240x320,360x480,480x640,540x720,640x853,720x960,1080x1440,1280x1707,1344x1792&from=bu&cs=1344x0",,False,,synagogue,True,False,-170690865__457253017
457253014,-7,-170690865,-170690865,1660816229,2022-08-18 11:50:29,58.008023,56.234411,58.00819896273859,56.23476395501453,28.55136751134135,"https://sun9-4.userapi.com/s/v1/ig2/tDHa8qOgVRmKdjl8lE4biSt9c3dReYgJW7ddvEMeeZ9zbLM4gHwrBHszO2Kk-1nrFsYIsthWfT94xSWQBDyxMGDs.jpg?quality=95&as=32x43,48x64,72x96,108x144,160x213,240x320,360x480,480x640,540x720,640x853,720x960,1080x1440,1280x1707,1344x1792&from=bu&cs=1344x0",,False,,synagogue,True,False,-170690865__457253014
457253016,-7,-170690865,-170690865,1660816229,2022-08-18 11:50:29,58.008016,56.234306,58.00819896273859,56.23476395501453,33.78969930208058,"https://sun9-71.userapi.com/s/v1/ig2/Qx6_eo5i6w26WfuRcvWXxIfY9bXGEywC0wsNF93pw-6ojieu9SOQ_x_sz8jhk2bynDxsvVsxF08-MpvPvI6xp6jA.jpg?quality=95&as=32x43,48x64,72x96,108x144,160x213,240x320,360x480,480x640,540x720,640x853,720x960,1080x1440,1280x1707,1344x1792&from=bu&cs=1344x0",,False,,synagogue,True,False,-170690865__457253016
457253008,-7,-170690865,-170690865,1660814867,2022-08-18 11:27:47,58.008023,56.234411,58.00819896273859,56.23476395501453,28.55136751134135,"https://sun9-47.userapi.com/s/v1/ig2/i0BvSacbzJQ3RIMVrnDuG6DFN-pnOVOyuaSK_LkDVrjnwwnooicVLqo7SmP9e1hNdjOkUJNDFj9lv-ZKLBQmG7uv.jpg?quality=95&as=32x43,48x64,72x96,108x144,160x213,240x320,360x480,480x640,540x720,640x853,720x960,1080x1440,1280x1707,1344x1792&from=bu&cs=1344x0",,False,,synagogue,True,False,-170690865__457253008
457240912,-7,-194619161,-194619161,1660809315,2022-08-18 09:55:15,58.007715,56.234914,58.00819896273859,56.23476395501453,54.535328999557485,"https://sun9-4.userapi.com/s/v1/ig2/1J01p3avVNEnJUsKoicGYsk9T2d-Zq1kdzEvMcgv-wsSD0Zhcj3jjjA9kKuisbEjAd2c8PMTBVHeY799cCBFHRjh.jpg?quality=95&as=32x43,48x64,72x96,108x144,160x213,240x320,360x480,480x640,540x721,640x854,720x961,1080x1441,1280x1708,1388x1852&from=bu&cs=1388x0",,False,,synagogue,True,False,-194619161__457240912
457247255,-7,183228100,183228100,1660449911,2022-08-14 06:05:11,58.007611,56.235906,58.00819896273859,56.23476395501453,93.8128984346702,"https://sun9-84.userapi.com/s/v1/ig2/m0zXvR8puIl6qE_pdMNXGOb9c4iipRTIin6TAVs5S7E8XLPiFquKR8DNpAJOFrGHZRj2Pv35BB45WsEowRtRReID.jpg?quality=95&as=32x43,48x64,72x96,108x144,160x213,240x320,360x480,480x640,540x720,640x853,720x960,1080x1440,1200x1600&from=bu&cs=1200x0",,False,,synagogue,True,False,183228100__457247255
457247254,-7,183228100,183228100,1660449908,2022-08-14 06:05:08,58.007611,56.235906,58.00819896273859,56.23476395501453,93.8128984346702,"https://sun9-6.userapi.com/s/v1/ig2/oq-goTVEt8aRBE2toGyg9TGvDUOdIBDBV2GmGZXTWez11D3g9_mEw940Ly719wO0qZHVhpj5VjtlEpKVFE2ztwar.jpg?quality=95&as=32x43,48x64,72x96,108x144,160x213,240x320,360x480,480x640,540x720,640x853,720x960,1080x1440,1200x1600&from=bu&cs=1200x0",,False,,synagogue,True,False,183228100__457247254
457252935,-7,-170690865,-170690865,1660376941,2022-08-13 09:49:01,58.008023,56.234411,58.00819896273859,56.23476395501453,28.55136751134135,"https://sun9-74.userapi.com/s/v1/ig2/KQQn-wk8OpALZElPL7aENwS3-m3kT1wMSTggcR6NOXtoiiJiZR1u7fUew2mIjc3SM4tdCaS_KT75LxlHZi-q5fMK.jpg?quality=95&as=32x43,48x64,72x96,108x144,160x213,240x320,360x480,480x640,540x720,640x853,720x960,1080x1440,1280x1707,1344x1792&from=bu&cs=1344x0",,False,,synagogue,True,False,-170690865__457252935
457252934,-7,-170690865,-170690865,1660376941,2022-08-13 09:49:01,58.008023,56.234411,58.00819896273859,56.23476395501453,28.55136751134135,"https://sun9-75.userapi.com/s/v1/ig2/ZcGW0TBgXGI4EZ3xl07raXlgDn5zq2gvC-OTRpubIYBzDrRc0Er-gJWpotgiDc_QOtwvNxo5Zkh89r47wxRcl-iH.jpg?quality=95&as=32x43,48x64,72x96,108x144,160x213,240x320,360x480,480x640,540x720,640x853,720x960,1080x1440,1280x1707,1344x1792&from=bu&cs=1344x0",,False,,synagogue,True,False,-170690865__457252934
457252936,-7,-170690865,-170690865,1660376941,2022-08-13 09:49:01,58.008016,56.234306,58.00819896273859,56.23476395501453,33.78969930208058,"https://sun9-82.userapi.com/s/v1/ig2/WMhgW9OFyA2ZuvySJeX9NE6wSU3UoCchPD16tYJIIQImF4GO9pRKUj4OpvH0RDAJYMp3NheRHImwb5KKvG0RxYkS.jpg?quality=95&as=32x43,48x64,72x96,108x144,160x213,240x320,360x480,480x640,540x720,640x853,720x960,1080x1440,1280x1707,1344x1792&from=bu&cs=1344x0",,False,,synagogue,True,False,-170690865__457252936
457253161,-7,-170690865,-170690865,1661435116,2022-08-25 15:45:16,58.007911,56.234094,58.00819896273859,56.23476395501453,50.82307597422893,"https://sun9-23.userapi.com/s/v1/ig2/Y_zhrPxBOOVLUDOKjENLNkt8em_J-8JD_tj-jdS58gFebEnE9IJmIWiCl_LBGMfSIfGhIHY0CRUPGK99lmkLBIrB.jpg?quality=95&as=32x43,48x64,72x96,108x144,160x213,240x320,360x480,480x640,540x720,640x853,720x960,1080x1440,1280x1707,1344x1792&from=bu&cs=1344x0",,False,,synagogue,True,False,-170690865__457253161
457253156,-7,-170690865,-170690865,1661435016,2022-08-25 15:43:36,58.008016,56.234306,58.00819896273859,56.23476395501453,33.78969930208058,"https://sun9-15.userapi.com/s/v1/ig2/xhrpIKROVwMHcSOt4-4Yhl5veCR3cWpuMIM1RSvjHTilduwWXs60WGVc7jJsvc7ZppHa0kDXaUKtaEp5ZhAsSsRo.jpg?quality=95&as=32x43,48x64,72x96,108x144,160x213,240x320,360x480,480x640,540x720,640x853,720x960,1080x1440,1280x1707,1344x1792&from=bu&cs=1344x0",,False,,synagogue,True,False,-170690865__457253156
457253153,-7,-170690865,-170690865,1661434805,2022-08-25 15:40:05,58.007911,56.234094,58.00819896273859,56.23476395501453,50.82307597422893,"https://sun9-1.userapi.com/s/v1/ig2/3OcAOJ99nhlq3Mys1VU3zqXRaJXPDXZBodsA5mOwWTdTGGInijk5I_okztXhMqkLxaCoEYXdvf6OlI_1s5kbaJTV.jpg?quality=95&as=32x43,48x64,72x96,108x144,160x213,240x320,360x480,480x640,540x720,640x853,720x960,1080x1440,1280x1707,1344x1792&from=bu&cs=1344x0",,False,,synagogue,True,False,-170690865__457253153
457253152,-7,-170690865,-170690865,1661434805,2022-08-25 15:40:05,58.007911,56.234094,58.00819896273859,56.23476395501453,50.82307597422893,"https://sun9-61.userapi.com/s/v1/ig2/iRDwLk3qOWq_vh7-2sXNllvuXt1SuiefNnItouspsHyMkySE2b9grxWDDVilb8h6vpyBH3r8k5BbQdPnqB0D9QMp.jpg?quality=95&as=32x43,48x64,72x96,108x144,160x213,240x320,360x480,480x640,540x720,640x853,720x960,1080x1440,1280x1707,1344x1792&from=bu&cs=1344x0",,False,,synagogue,True,False,-170690865__457253152
457253147,-7,-170690865,-170690865,1661434696,2022-08-25 15:38:16,58.008016,56.234306,58.00819896273859,56.23476395501453,33.78969930208058,"https://sun9-74.userapi.com/s/v1/ig2/Yr2914VZesn7Fj0jr0WPfp-goezyDg9A7wz8kiymZp7H_hJpa38IARhvC8A_QyymKimri_s_YB9lQo0-ov9sU_sP.jpg?quality=95&as=32x43,48x64,72x96,108x144,160x213,240x320,360x480,480x640,540x720,640x853,720x960,1080x1440,1280x1707,1344x1792&from=bu&cs=1344x0",,False,,synagogue,True,False,-170690865__457253147
457253146,-7,-170690865,-170690865,1661434696,2022-08-25 15:38:16,58.008016,56.234306,58.00819896273859,56.23476395501453,33.78969930208058,"https://sun9-26.userapi.com/s/v1/ig2/DX1u9WgyaAUCvq7THrkfh7lRJGqhIZVNxlfxLaKdaLUQiRKxJpOzcSAra6ISB5NsyDH7_ut3lgXA4-S6WYA5CJu6.jpg?quality=95&as=32x43,48x64,72x96,108x144,160x213,240x320,360x480,480x640,540x720,640x853,720x960,1080x1440,1280x1707,1344x1792&from=bu&cs=1344x0",,False,,synagogue,True,False,-170690865__457253146
457253144,-7,-170690865,-170690865,1661434475,2022-08-25 15:34:35,58.008016,56.234306,58.00819896273859,56.23476395501453,33.78969930208058,"https://sun9-34.userapi.com/s/v1/ig2/tghFS0NYG2vNhkHNv9ADmpOMlfvMrALPIh8KvRJF_4_frKuBGhydBQTiNac1b8mNSZ8xTDYD-I4TSKkzlDvCZilA.jpg?quality=95&as=32x43,48x64,72x96,108x144,160x213,240x320,360x480,480x640,540x720,640x853,720x960,1080x1440,1280x1707,1344x1792&from=bu&cs=1344x0",,False,,synagogue,True,False,-170690865__457253144
457253145,-7,-170690865,-170690865,1661434475,2022-08-25 15:34:35,58.008016,56.234306,58.00819896273859,56.23476395501453,33.78969930208058,"https://sun9-20.userapi.com/s/v1/ig2/85df9wcx7WBQdpNTXbDyfcXWDdexltINAg-oQTlbXxy3bleGIwG4QodgoXG6gEn_0OZAibc15iQV8NZLVSPjgk6J.jpg?quality=95&as=32x43,48x64,72x96,108x144,160x213,240x320,360x480,480x640,540x720,640x853,720x960,1080x1440,1280x1707,1344x1792&from=bu&cs=1344x0",,False,,synagogue,True,False,-170690865__457253145
457253141,-7,-170690865,-170690865,1661434239,2022-08-25 15:30:39,58.008016,56.234306,58.00819896273859,56.23476395501453,33.78969930208058,"https://sun9-39.userapi.com/s/v1/ig2/swjX0ZtMco4fZB9Db-m-Pz-VAxeI_yx-d1yRw_t-gSU37Zyu9Wua9-Xn5cUh7F3ZV1OlVdy5HU6vx0xsW2ez2u5K.jpg?quality=95&as=32x43,48x64,72x96,108x144,160x213,240x320,360x480,480x640,540x720,640x853,720x960,1080x1440,1280x1707,1344x1792&from=bu&cs=1344x0",,False,,synagogue,True,False,-170690865__457253141
457253135,-7,-170690865,-170690865,1661260682,2022-08-23 15:18:02,58.008016,56.234306,58.00819896273859,56.23476395501453,33.78969930208058,"https://sun9-60.userapi.com/s/v1/ig2/Ldyldoqdyt0yqAPbePfZ_tJvWI-DCu8kV4rh_m-bVaOltJTkpo6TRIYuJOndu2jsa3DcTM6LKMQfXuEvDlE7wmS1.jpg?quality=95&as=32x43,48x64,72x96,108x144,160x214,240x320,360x481,480x641,540x721,640x855,720x961,1080x1442,1280x1709,1342x1792&from=bu&cs=1342x0",,False,,synagogue,True,False,-170690865__457253135
457253134,-7,-170690865,-170690865,1661260682,2022-08-23 15:18:02,58.008016,56.234306,58.00819896273859,56.23476395501453,33.78969930208058,"https://sun9-45.userapi.com/s/v1/ig2/afYGS52nd6RfDjHB0J5c1_kb8tlhxaQAg5TEByZgtSnQhLFn8Fl2mAgCg4FQUIxzivOTuKOIeYcWJuVSRveB1ZOB.jpg?quality=95&as=32x43,48x64,72x96,108x144,160x214,240x320,360x481,480x641,540x721,640x855,720x961,1080x1442,1280x1709,1342x1792&from=bu&cs=1342x0",,False,,synagogue,True,False,-170690865__457253134
457253130,-7,-170690865,-170690865,1661260039,2022-08-23 15:07:19,58.008023,56.234411,58.00819896273859,56.23476395501453,28.55136751134135,"https://sun9-71.userapi.com/s/v1/ig2/KcWWN_dICakxSH0dSJmlPmp8WY7A-gMOYLfrJlzlbw-SXO0LZm59ysFG6dMu5oCuKp_J-2TKoaRC93ayDDwj9AeM.jpg?quality=95&as=32x43,48x64,72x96,108x144,160x214,240x320,360x481,480x641,540x721,640x855,720x961,1080x1442,1280x1709,1342x1792&from=bu&cs=1342x0",,False,,synagogue,True,False,-170690865__457253130
457253127,-7,-170690865,-170690865,1661259947,2022-08-23 15:05:47,58.008198,56.234305,58.00819896273859,56.23476395501453,27.037637297510656,"https://sun9-9.userapi.com/s/v1/ig2/wJPeVPbeo0MzAHP-ujIVg8R-sBhgSVnAUhmPGh-GiAK6NuBTQx4ziFXxp3ACJSwHm2ZkSyFT0KMleHDIUBpJYqGS.jpg?quality=95&as=32x43,48x64,72x96,108x144,160x214,240x320,360x481,480x641,540x721,640x855,720x961,1080x1442,1280x1709,1342x1792&from=bu&cs=1342x0",,False,,synagogue,True,False,-170690865__457253127
457253119,-7,-170690865,-170690865,1661259778,2022-08-23 15:02:58,58.008016,56.234306,58.00819896273859,56.23476395501453,33.78969930208058,"https://sun9-82.userapi.com/s/v1/ig2/yA8jYVt1nkM_i43hJ-sGXrFLUfwDpw3WN8pS9SONQOvl_1UMrEObHyTqwhMeHrM4pdLiFEGXwRWS8lvR8ilnCqlh.jpg?quality=95&as=32x43,48x64,72x96,108x144,160x214,240x320,360x481,480x641,540x721,640x855,720x961,1080x1442,1280x1709,1342x1792&from=bu&cs=1342x0",,False,,synagogue,True,False,-170690865__457253119
457253118,-7,-170690865,-170690865,1661259778,2022-08-23 15:02:58,58.008016,56.234306,58.00819896273859,56.23476395501453,33.78969930208058,"https://sun9-82.userapi.com/s/v1/ig2/MNEC5nJhnxd-T01e9qqvM9CWZy3mP2bzakjDGFM70qJsOV0Hci9qg-DuWJv2MAIvhxIJ8kKODDF6WezQ6aJ5-CmP.jpg?quality=95&as=32x43,48x64,72x96,108x144,160x214,240x320,360x481,480x641,540x721,640x855,720x961,1080x1442,1280x1709,1342x1792&from=bu&cs=1342x0",,False,,synagogue,True,False,-170690865__457253118
457253114,-7,-170690865,-170690865,1661259675,2022-08-23 15:01:15,58.008023,56.234411,58.00819896273859,56.23476395501453,28.55136751134135,"https://sun9-44.userapi.com/s/v1/ig2/TncsMbqLtItcT1CBpm_oyEuwnUAyqAyVZ78BLDQVywLmITfyEZAkLRh7b6TKoDvBJq8Lbbu5K3mgsRHDwMZ3JFks.jpg?quality=95&as=32x43,48x64,72x96,108x144,160x213,240x320,360x480,480x640,540x720,640x853,720x960,1080x1440,1280x1707,1344x1792&from=bu&cs=1344x0",,False,,synagogue,True,False,-170690865__457253114
457253112,-7,-170690865,-170690865,1661259599,2022-08-23 14:59:59,58.008016,56.234306,58.00819896273859,56.23476395501453,33.78969930208058,"https://sun9-82.userapi.com/s/v1/ig2/kJlXHVrxe5gLR8POdZdP0BO732qnChWDDnHXwNkdPKd2JuYJQ8UHEeJvp6mgYM-1_OV9e17UAxLUa3itDt1cY-NB.jpg?quality=95&as=32x43,48x64,72x96,108x144,160x214,240x320,360x481,480x641,540x721,640x855,720x961,1080x1442,1280x1709,1342x1792&from=bu&cs=1342x0",,False,,synagogue,True,False,-170690865__457253112
457253108,-7,-170690865,-170690865,1661259158,2022-08-23 14:52:38,58.008016,56.234306,58.00819896273859,56.23476395501453,33.78969930208058,"https://sun9-22.userapi.com/s/v1/ig2/J8YE61mZKv2dYfhbQq3KOQwyO7mAknrwe967aR7IzEc7z9_q1CJuxDZhNam5dAc-gIdod9WTMvxgbGlfvJNCo5tj.jpg?quality=95&as=32x43,48x64,72x96,108x144,160x214,240x320,360x481,480x641,540x721,640x855,720x961,1080x1442,1280x1709,1342x1792&from=bu&cs=1342x0",,False,,synagogue,True,False,-170690865__457253108
457253109,-7,-170690865,-170690865,1661259158,2022-08-23 14:52:38,58.008016,56.234306,58.00819896273859,56.23476395501453,33.78969930208058,"https://sun9-63.userapi.com/s/v1/ig2/kd1Xz8pv8BnD2GTul3UFHDuYGiSpz-whBRGWUKR6lRqfvDOi8pD0-WT35eS7NsTF_O7gKWswVkrY9dEhBJ1yR7DQ.jpg?quality=95&as=32x43,48x64,72x96,108x144,160x214,240x320,360x481,480x641,540x721,640x855,720x961,1080x1442,1280x1709,1342x1792&from=bu&cs=1342x0",,False,,synagogue,True,False,-170690865__457253109
457253106,-7,-170690865,-170690865,1661166642,2022-08-22 13:10:42,58.008023,56.234411,58.00819896273859,56.23476395501453,28.55136751134135,"https://sun9-31.userapi.com/s/v1/ig2/LN4AgzOw0Rf0-pg2DY94DgKz7l7aNrwt45iQhiKlo_PT7hJ6B-QVSFwaSL7zJwf-Pnso4hNZLWTdhOl8gZXPC6pq.jpg?quality=95&as=32x43,48x64,72x96,108x144,160x213,240x320,360x480,480x640,540x720,640x853,720x960,1080x1440,1280x1707,1344x1792&from=bu&cs=1344x0",,False,,synagogue,True,False,-170690865__457253106
457253104,-7,-170690865,-170690865,1661166504,2022-08-22 13:08:24,58.008023,56.234411,58.00819896273859,56.23476395501453,28.55136751134135,"https://sun9-10.userapi.com/s/v1/ig2/qzgGqNKNc-iF8k-ZOao5ro6ikUYI2TMAwVd-7ZVOQdukilt_eH-gFPgRxgYWMsXyH_c1EcYEh4gXhjlKx4P6ujQ-.jpg?quality=95&as=32x43,48x64,72x96,108x144,160x213,240x320,360x480,480x640,540x720,640x853,720x960,1080x1440,1280x1707,1344x1792&from=bu&cs=1344x0",,False,,synagogue,True,False,-170690865__457253104
457253103,-7,-170690865,-170690865,1661166504,2022-08-22 13:08:24,58.008023,56.234411,58.00819896273859,56.23476395501453,28.55136751134135,"https://sun9-83.userapi.com/s/v1/ig2/wwGVG1Uja69lYM4Pw9OTiLGakIwC1dwCAckfn0H9bwHpQxzcCjMkZKdLxSudNBAyb90SzpGMkRXEFI-EwnRiUn0C.jpg?quality=95&as=32x43,48x64,72x96,108x144,160x213,240x320,360x480,480x640,540x720,640x853,720x960,1080x1440,1280x1707,1344x1792&from=bu&cs=1344x0",,False,,synagogue,True,False,-170690865__457253103
457253096,-7,-170690865,-170690865,1661166203,2022-08-22 13:03:23,58.008023,56.234411,58.00819896273859,56.23476395501453,28.55136751134135,"https://sun9-75.userapi.com/s/v1/ig2/kxxakb_0lPsdAlveSshFuCqm1O1GZ6x6ceardH8lgLZVg98WK0MoEoTYpEmhrPYj-4Su5aYQcN4UpQ79lqUQRsZD.jpg?quality=95&as=32x43,48x64,72x96,108x144,160x213,240x320,360x480,480x640,540x720,640x853,720x960,1080x1440,1280x1707,1344x1792&from=bu&cs=1344x0",,False,,synagogue,True,False,-170690865__457253096
457253097,-7,-170690865,-170690865,1661166203,2022-08-22 13:03:23,58.008023,56.234411,58.00819896273859,56.23476395501453,28.55136751134135,"https://sun9-65.userapi.com/s/v1/ig2/7WVZ9v5PlG-kwfbecD4FKBXZcAEKirPsSXWO6Rgtgy6hhCgVtFLC9ueYQxfwbFcr3MfmhGGwduPfT3RkXhUVbR1b.jpg?quality=95&as=32x43,48x64,72x96,108x144,160x213,240x320,360x480,480x640,540x720,640x853,720x960,1080x1440,1280x1707,1344x1792&from=bu&cs=1344x0",,False,,synagogue,True,False,-170690865__457253097
457253074,-7,-170690865,-170690865,1660989442,2022-08-20 11:57:22,58.008016,56.234306,58.00819896273859,56.23476395501453,33.78969930208058,"https://sun9-86.userapi.com/s/v1/ig2/Yg43HzOOq2YqD78A2pIGwja0EY3KBK9b_T5mlnFSKDO0NIzzm1qfz0v3joND9Q-f2y_I502Y4Sxx2-3nPNl8EtE8.jpg?quality=95&as=32x43,48x64,72x96,108x144,160x213,240x320,360x480,480x640,540x720,640x853,720x960,1080x1440,1280x1707,1344x1792&from=bu&cs=1344x0",,False,,synagogue,True,False,-170690865__457253074
457253065,-7,-170690865,-170690865,1660988904,2022-08-20 11:48:24,58.008016,56.234306,58.00819896273859,56.23476395501453,33.78969930208058,"https://sun9-49.userapi.com/s/v1/ig2/WPPifAzoUrVS_U9h_aeeN5uvFLlobUg56ASBtpXxYQNnzu32XJ-BsjNtQHXw4-p1qlTLFmwN0N8rsGuxPsTWYtI1.jpg?quality=95&as=32x43,48x64,72x96,108x144,160x213,240x320,360x480,480x640,540x720,640x853,720x960,1080x1440,1280x1707,1344x1792&from=bu&cs=1344x0",,False,,synagogue,True,False,-170690865__457253065
457253066,-7,-170690865,-170690865,1660988904,2022-08-20 11:48:24,58.008016,56.234306,58.00819896273859,56.23476395501453,33.78969930208058,"https://sun9-51.userapi.com/s/v1/ig2/_Xe6iSYREgVoZSok4p-64xIvZX1sYO0TuWIcrkeaA2Uc4Mp4iBkxe6OctpSpdWAA4xIRhv4Bpfl9ZmJsQ8EArwsT.jpg?quality=95&as=32x43,48x64,72x96,108x144,160x213,240x320,360x480,480x640,540x720,640x853,720x960,1080x1440,1280x1707,1344x1792&from=bu&cs=1344x0",,False,,synagogue,True,False,-170690865__457253066
457253062,-7,-170690865,-170690865,1660988801,2022-08-20 11:46:41,58.008023,56.234411,58.00819896273859,56.23476395501453,28.55136751134135,"https://sun9-45.userapi.com/s/v1/ig2/fI_7elsNJltfMzHWJUJF3nKWuiVkaWV3vM83PRGlBNjRia6MJKEnaO67cwMeRCyBKy5h3osMM5KpVyf9_-6y2fas.jpg?quality=95&as=32x43,48x64,72x96,108x144,160x213,240x320,360x480,480x640,540x720,640x853,720x960,1080x1440,1280x1707,1344x1792&from=bu&cs=1344x0",,False,,synagogue,True,False,-170690865__457253062
457253064,-7,-170690865,-170690865,1660988801,2022-08-20 11:46:41,58.008023,56.234411,58.00819896273859,56.23476395501453,28.55136751134135,"https://sun9-80.userapi.com/s/v1/ig2/HSzTGDWObYrAQBbtY7VqMWkaXzZY2PZUSnGysDvcFEdFcrP1uTwdHUU7lnlOplKKTW2nrTN6VXd06tpvZBO-GzMC.jpg?quality=95&as=32x43,48x64,72x96,108x144,160x213,240x320,360x480,480x640,540x720,640x853,720x960,1080x1440,1280x1707,1344x1792&from=bu&cs=1344x0",,False,,synagogue,True,False,-170690865__457253064
457253061,-7,-170690865,-170690865,1660988801,2022-08-20 11:46:41,58.008023,56.234411,58.00819896273859,56.23476395501453,28.55136751134135,"https://sun9-27.userapi.com/s/v1/ig2/z91Tb07dYwNRw0-Nh0a7YYbvxmlAKONGL3nXBZUdJ9p-1xE2Bbxnp0FEkaprv3D-mMWj7fwi52Ng4tJ56NMqaYja.jpg?quality=95&as=32x43,48x64,72x96,108x144,160x213,240x320,360x480,480x640,540x720,640x853,720x960,1080x1440,1280x1707,1344x1792&from=bu&cs=1344x0",,False,,synagogue,True,False,-170690865__457253061
457253060,-7,-170690865,-170690865,1660988650,2022-08-20 11:44:10,58.008016,56.234306,58.00819896273859,56.23476395501453,33.78969930208058,"https://sun9-24.userapi.com/s/v1/ig2/GwnARNgFNHfycLIZc2obbeHAMyE9NV3UrR0ACzZULKeWf4heFm_LfFlDgxlnXtAQLuQDN6C9rAC6WWc1ltXY5JQn.jpg?quality=95&as=32x43,48x64,72x96,108x144,160x213,240x320,360x480,480x640,540x720,640x853,720x960,1080x1440,1280x1707,1344x1792&from=bu&cs=1344x0",,False,,synagogue,True,False,-170690865__457253060
457253313,-7,-170690865,-170690865,1662033099,2022-09-01 13:51:39,58.008016,56.234306,58.00819896273859,56.23476395501453,33.78969930208058,"https://sun9-53.userapi.com/s/v1/ig2/h8ZqD_idShTnIhWTFPFA9KY0pj4-r8dZZ5yFSb7QFZCdvUc1RiSbv45JvLlDTC9B1RobO9lNFMPtNpJpFdK6MHTQ.jpg?quality=95&as=32x43,48x64,72x96,108x144,160x214,240x320,360x481,480x641,540x721,640x855,720x961,1080x1442,1280x1709,1342x1792&from=bu&cs=1342x0",,False,,synagogue,True,False,-170690865__457253313
457253310,-7,-170690865,-170690865,1662033046,2022-09-01 13:50:46,58.008023,56.234411,58.00819896273859,56.23476395501453,28.55136751134135,"https://sun9-52.userapi.com/s/v1/ig2/QPBR2QzF6WMJKA4SxwVatpamsQ5OnX7T86DUMNcnzQk18w28j9f59yQWYJmHFVIfptcNrFY53GNQbWkX7hKXbXK8.jpg?quality=95&as=32x43,48x64,72x96,108x144,160x214,240x320,360x481,480x641,540x721,640x855,720x961,1080x1442,1280x1709,1342x1792&from=bu&cs=1342x0",,False,,synagogue,True,False,-170690865__457253310
457253312,-7,-170690865,-170690865,1662033046,2022-09-01 13:50:46,58.008016,56.234306,58.00819896273859,56.23476395501453,33.78969930208058,"https://sun9-72.userapi.com/s/v1/ig2/17-uQCT6-KajrU_yqZqPTMiJ5g05fljUh1bHVEAeiAm9o09ZxiHE6SLWHHojUyfBicJWanDUampQ0oKpmUkMEb68.jpg?quality=95&as=32x43,48x64,72x96,108x144,160x214,240x320,360x481,480x641,540x721,640x855,720x961,1080x1442,1280x1709,1342x1792&from=bu&cs=1342x0",,False,,synagogue,True,False,-170690865__457253312
457253311,-7,-170690865,-170690865,1662033046,2022-09-01 13:50:46,58.008016,56.234306,58.00819896273859,56.23476395501453,33.78969930208058,"https://sun9-41.userapi.com/s/v1/ig2/S6f5dhDbzxnAAxOjK9ZB9fu-bqkfY0SEDlOqtKXyYY-bKLfLcWw6NuNThqQyVy8WLvsUr5LZ3_TKvRfysuOzn6sK.jpg?quality=95&as=32x43,48x64,72x96,108x144,160x214,240x320,360x481,480x641,540x721,640x855,720x961,1080x1442,1280x1709,1342x1792&from=bu&cs=1342x0",,False,,synagogue,True,False,-170690865__457253311
457253305,-7,-170690865,-170690865,1662032859,2022-09-01 13:47:39,58.008016,56.234306,58.00819896273859,56.23476395501453,33.78969930208058,"https://sun9-68.userapi.com/s/v1/ig2/hi-CgDfAXyahQwW529U6iWLWrDKnI2JGI4o5jhuCDVKrFmrdhMUv5WP8nemqTGntziwuR2mwlGfoPxifaxbbGk0R.jpg?quality=95&as=32x43,48x64,72x96,108x144,160x214,240x320,360x481,480x641,540x721,640x855,720x961,1080x1442,1280x1709,1342x1792&from=bu&cs=1342x0",,False,,synagogue,True,False,-170690865__457253305
457253304,-7,-170690865,-170690865,1662032859,2022-09-01 13:47:39,58.008023,56.234411,58.00819896273859,56.23476395501453,28.55136751134135,"https://sun9-23.userapi.com/s/v1/ig2/TDUAWlXcGKGL7XE05VZj9qSDKCvTXQweMa3SpCY7DQhOHcRSVn26xRGinKq0_zzqmozrjHYilQqtsfJiJhY-rUPV.jpg?quality=95&as=32x43,48x64,72x96,108x144,160x214,240x320,360x481,480x641,540x721,640x855,720x961,1080x1442,1280x1709,1342x1792&from=bu&cs=1342x0",,False,,synagogue,True,False,-170690865__457253304
457253303,-7,-170690865,-170690865,1662032859,2022-09-01 13:47:39,58.008016,56.234306,58.00819896273859,56.23476395501453,33.78969930208058,"https://sun9-80.userapi.com/s/v1/ig2/q97XNul7awZufw6EREvWyLRhPp5fKvpL8VpOrYD4q4dSV51cUjlFBOO2y1oJkpVzuMij65gMqUt9o6PxXBQ8KHy7.jpg?quality=95&as=32x43,48x64,72x96,108x144,160x214,240x320,360x481,480x641,540x721,640x855,720x961,1080x1442,1280x1709,1342x1792&from=bu&cs=1342x0",,False,,synagogue,True,False,-170690865__457253303
457253281,-7,-170690865,-170690865,1661938777,2022-08-31 11:39:37,58.008016,56.234306,58.00819896273859,56.23476395501453,33.78969930208058,"https://sun9-36.userapi.com/s/v1/ig2/zlKtjgrzD03OE4rCY5p-PFdDBF0_HYWAqW-RX1G2Z-cZjbIwgCpkq3GoaNUs23ufFtrnKDuMqwzbQKmSpdLv9Tx9.jpg?quality=95&as=32x43,48x64,72x96,108x144,160x213,240x320,360x480,480x640,540x720,640x853,720x960,1080x1440,1280x1707,1344x1792&from=bu&cs=1344x0",,False,,synagogue,True,False,-170690865__457253281
457253278,-7,-170690865,-170690865,1661938698,2022-08-31 11:38:18,58.008016,56.234306,58.00819896273859,56.23476395501453,33.78969930208058,"https://sun9-67.userapi.com/s/v1/ig2/Ay0lbomr2W9lQs8onNsnZ38JtXbRJtzVWRlqvIIDLjdkqyY4s1YzGz9XL5ufJ0MqBbqznyuC-yRoRvu_m9KzSznc.jpg?quality=95&as=32x43,48x64,72x96,108x144,160x213,240x320,360x480,480x640,540x720,640x853,720x960,1080x1440,1280x1707,1344x1792&from=bu&cs=1344x0",,False,,synagogue,True,False,-170690865__457253278
457253279,-7,-170690865,-170690865,1661938698,2022-08-31 11:38:18,58.008023,56.234411,58.00819896273859,56.23476395501453,28.55136751134135,"https://sun9-64.userapi.com/s/v1/ig2/Yql2liPuAgLrXZmTVDl5wtinzchWKBjwZCGAaoKFYUEPYOBz7JcY7pcja1AoYOQg4WQ8PIhDDmLroCJU-kZ9z2iU.jpg?quality=95&as=32x43,48x64,72x96,108x144,160x213,240x320,360x480,480x640,540x720,640x853,720x960,1080x1440,1280x1707,1344x1792&from=bu&cs=1344x0",,False,,synagogue,True,False,-170690865__457253279
457253245,-7,-170690865,-170690865,1661772476,2022-08-29 13:27:56,58.008023,56.234411,58.00819896273859,56.23476395501453,28.55136751134135,"https://sun9-48.userapi.com/s/v1/ig2/CHAmpySVKiN9ayefWMHu8WpQ0er-9NTvRUdOkUthyGCvrSUXkmruHdZuSb_PRMuKh5zzu3fssjxeHWr792y3Ngci.jpg?quality=95&as=32x43,48x64,72x96,108x144,160x214,240x320,360x481,480x641,540x721,640x855,720x961,1080x1442,1280x1709,1342x1792&from=bu&cs=1342x0",,False,,synagogue,True,False,-170690865__457253245
457253244,-7,-170690865,-170690865,1661772413,2022-08-29 13:26:53,58.007911,56.234094,58.00819896273859,56.23476395501453,50.82307597422893,"https://sun9-6.userapi.com/s/v1/ig2/ritjUy0G_IwowS6zftR8QTJ38b6EzC6us5KzbPKqLCt1fgmkDenkfZ6gB5C7NsAo7xK4G4lTJK3UPskLVTejT1ok.jpg?quality=95&as=32x43,48x64,72x96,108x144,160x214,240x320,360x481,480x641,540x721,640x855,720x961,1080x1442,1280x1709,1342x1792&from=bu&cs=1342x0",,False,,synagogue,True,False,-170690865__457253244
457253242,-7,-170690865,-170690865,1661772271,2022-08-29 13:24:31,58.008016,56.234306,58.00819896273859,56.23476395501453,33.78969930208058,"https://sun9-4.userapi.com/s/v1/ig2/Lm9g1xnuXZKRTkZEh_fZvuQ7HJZqgmqz7_OFaTonk0tPmrcTmY7nsU_630FVA08xWHzoFUa_xTyPDn06TToZlk4l.jpg?quality=95&as=32x43,48x64,72x96,108x144,160x214,240x320,360x481,480x641,540x721,640x855,720x961,1080x1442,1280x1709,1342x1792&from=bu&cs=1342x0",,False,,synagogue,True,False,-170690865__457253242
457253234,-7,-170690865,-170690865,1661772016,2022-08-29 13:20:16,58.008023,56.234411,58.00819896273859,56.23476395501453,28.55136751134135,"https://sun9-85.userapi.com/s/v1/ig2/2KiAwVYT9K3N8rbEbHj2OIgQ3k7fB_2Vy5-ByxlhUXSRY2swzVLBjYeaaytm2eMXtIRRrD0297vjWaUtL2oW6PRt.jpg?quality=95&as=32x43,48x64,72x96,108x144,160x214,240x320,360x481,480x641,540x721,640x855,720x961,1080x1442,1280x1709,1342x1792&from=bu&cs=1342x0",,False,,synagogue,True,False,-170690865__457253234
457253233,-7,-170690865,-170690865,1661771951,2022-08-29 13:19:11,58.008016,56.234306,58.00819896273859,56.23476395501453,33.78969930208058,"https://sun9-46.userapi.com/s/v1/ig2/q7IeiFn4dbJ2nKZCFv1NMXot9V1Xw-mlcaD8lIu-NGNx4f8-fG3Hkkw9fUpieVTgADpFnkUHSgHKwn8urRgtwCff.jpg?quality=95&as=32x43,48x64,72x96,108x144,160x214,240x320,360x481,480x641,540x721,640x855,720x961,1080x1442,1280x1709,1342x1792&from=bu&cs=1342x0",,False,,synagogue,True,False,-170690865__457253233
457253215,-7,-170690865,-170690865,1661679023,2022-08-28 11:30:23,58.008198,56.234305,58.00819896273859,56.23476395501453,27.037637297510656,"https://sun9-14.userapi.com/s/v1/ig2/AfEcF4MEwWx1-eKGco3NFSUlvT21TW2p1fM1dAWmKSgAHEpGwu9hJh8rh3J9Uq4VuzmNX6pjLTu4EqEY4gzt-_kP.jpg?quality=95&as=32x43,48x64,72x96,108x144,160x213,240x320,360x480,480x640,540x720,640x853,720x960,1080x1440,1280x1707,1344x1792&from=bu&cs=1344x0",,False,,synagogue,True,False,-170690865__457253215
457253426,-7,-170690865,-170690865,1662468141,2022-09-06 14:42:21,58.008023,56.234411,58.00819896273859,56.23476395501453,28.55136751134135,"https://sun9-85.userapi.com/s/v1/ig2/l_mpRnQQaxc5xJTDD7SNRae10D-0yB38sDwJ1x-m2QMVAikylV2lBGiT1NMieGxgOlaF_97A0vMkioEltegigxyK.jpg?quality=95&as=32x43,48x64,72x96,108x144,160x213,240x320,360x480,480x640,540x720,640x853,720x960,1080x1440,1280x1707,1344x1792&from=bu&cs=1344x0",,False,,synagogue,True,False,-170690865__457253426
457253394,-7,-170690865,-170690865,1662384380,2022-09-05 15:26:20,58.008016,56.234306,58.00819896273859,56.23476395501453,33.78969930208058,"https://sun9-80.userapi.com/s/v1/ig2/rEDoendk8KKt6QHqUUP80r0eeDVDqMB6qWSq6wcXtPUIUGhU1ROhNiO8EuDQhZoJhMhptDZe9uwpxhh7mI8RAHfy.jpg?quality=95&as=32x43,48x64,72x96,108x144,160x213,240x320,360x480,480x640,540x720,640x853,720x960,1080x1440,1280x1707,1344x1792&from=bu&cs=1344x0",,False,,synagogue,True,False,-170690865__457253394
457253381,-7,-170690865,-170690865,1662379114,2022-09-05 13:58:34,58.008604,56.234423,58.00819896273859,56.23476395501453,49.31399479698315,"https://sun9-68.userapi.com/s/v1/ig2/uWcJbZrK_SBdNjH9W3Boiib36mADdlDtnQ8aEYNOkkvl1jsCMMaU3vOK43jHgNmwTZABLd2SmEOoVQbYC2syFh2e.jpg?quality=95&as=32x43,48x64,72x96,108x144,160x213,240x320,360x480,480x640,540x720,640x853,720x960,1080x1440,1280x1707,1344x1792&from=bu&cs=1344x0",,False,,synagogue,True,False,-170690865__457253381
457253597,-7,-170690865,-170690865,1663238409,2022-09-15 12:40:09,58.007911,56.234094,58.00819896273859,56.23476395501453,50.82307597422893,"https://sun9-87.userapi.com/s/v1/ig2/Kn6TwYkSm4f9ijzlmXzw-BL3Np8qeztXvWGAWGIaj-W94xXqdR_MclAOVPEhaYSAp_7o_h6w1iJbEOFTZB6BBz2-.jpg?quality=95&as=32x43,48x64,72x96,108x144,160x213,240x320,360x480,480x640,540x720,640x853,720x960,1080x1440,1280x1707,1344x1792&from=bu&cs=1344x0",,False,,synagogue,True,False,-170690865__457253597
457253700,-7,-170690865,-170690865,1663762666,2022-09-21 14:17:46,58.008016,56.234306,58.00819896273859,56.23476395501453,33.78969930208058,"https://sun9-24.userapi.com/s/v1/ig2/OTauLFLc_CpycdhDfzLPUKZJvElN9LRdqqfj5xCiXeMa0Pdxiyy9sgxdqlo4JVuGOpnG7ir8j30g9R4CDg3AWzuQ.jpg?quality=95&as=32x43,48x64,72x96,108x144,160x213,240x320,360x480,480x640,540x720,640x853,720x960,1080x1440,1280x1707,1344x1792&from=bu&cs=1344x0",,False,,synagogue,True,False,-170690865__457253700
457253684,-7,-170690865,-170690865,1663750191,2022-09-21 10:49:51,58.008016,56.234306,58.00819896273859,56.23476395501453,33.78969930208058,"https://sun9-33.userapi.com/s/v1/ig2/FocLnIBaHZSPw-N5L_tMSs3SGerWgQcMaepC7AJGrE58ZerzQBKYwodMnpJSOSkVW1mQa4cS9JGO_3akrUUmzuGz.jpg?quality=95&as=32x43,48x64,72x96,108x144,160x213,240x320,360x480,480x640,540x720,640x853,720x960,1080x1440,1280x1707,1344x1792&from=bu&cs=1344x0",,False,,synagogue,True,False,-170690865__457253684
457253683,-7,-170690865,-170690865,1663750191,2022-09-21 10:49:51,58.008023,56.234411,58.00819896273859,56.23476395501453,28.55136751134135,"https://sun9-59.userapi.com/s/v1/ig2/jIBU01lKWXUMAdTXBSooYMg7t4X6lhXEVqN9GpQVFBrrp8h5TaLyZS0wX2-hVQS_5yXojbZ2fDngsAqByoT2wHnc.jpg?quality=95&as=32x43,48x64,72x96,108x144,160x213,240x320,360x480,480x640,540x720,640x853,720x960,1080x1440,1280x1707,1344x1792&from=bu&cs=1344x0",,False,,synagogue,True,False,-170690865__457253683
457240898,-7,167573282,167573282,1664291274,2022-09-27 17:07:54,58.008198,56.234305,58.00819896273859,56.23476395501453,27.037637297510656,"https://sun9-44.userapi.com/s/v1/if2/67OvwIwItmMX99qvLW5dGAd1zDagM8AnbnLEvatMFNCEdnaujr45q5yW3zi_yZL0lxZoS9u9P53CTKkuo_sSf6qy.jpg?quality=95&as=32x30,48x45,72x68,108x102,160x151,240x226,360x339,480x452,540x509,640x603,720x678,1080x1018,1280x1206,1440x1357,1920x1809&from=bu&cs=1920x0",,False,,synagogue,True,False,167573282__457240898
457253784,-7,-170690865,-170690865,1664272743,2022-09-27 11:59:03,58.008023,56.234411,58.00819896273859,56.23476395501453,28.55136751134135,"https://sun9-15.userapi.com/s/v1/ig2/_zyIFSGXpTp2ZV-Z5ogr7pJliXs_pMH3qFErT8SsIoWpPOJTWkakkrhGnDQPjdSCHogNLrE8MGlmyFjLNkVyr0Zk.jpg?quality=95&as=32x43,48x64,72x96,108x144,160x213,240x320,360x480,480x640,540x720,640x853,720x960,1080x1440,1280x1707,1344x1792&from=bu&cs=1344x0",,False,,synagogue,True,False,-170690865__457253784
457253781,-7,-170690865,-170690865,1664271402,2022-09-27 11:36:42,58.008016,56.234306,58.00819896273859,56.23476395501453,33.78969930208058,"https://sun9-41.userapi.com/s/v1/ig2/8bhudxUDUxzI149SqWJtJw5CXk0a8GHZESUQltCOeXjKoOgd5Gag91SUPGpy4Cw36zTuK5TKmbJZvUqByaF1usrm.jpg?quality=95&as=32x43,48x64,72x96,108x144,160x213,240x320,360x480,480x640,540x720,640x853,720x960,1080x1440,1280x1707,1344x1792&from=bu&cs=1344x0",,False,,synagogue,True,False,-170690865__457253781
457253771,-7,-170690865,-170690865,1664263628,2022-09-27 09:27:08,58.008016,56.234306,58.00819896273859,56.23476395501453,33.78969930208058,"https://sun9-83.userapi.com/s/v1/ig2/XudqxHrzp_Ta8uwUpdktWhnJPfiPtb1_OzyOmWRtcY6kZxBbAU2HVIOWl1ZdyC_N5FF8DARADPv6zFTCd4D9ID9x.jpg?quality=95&as=32x43,48x64,72x96,108x144,160x213,240x320,360x480,480x640,540x720,640x853,720x960,1080x1440,1280x1707,1344x1792&from=bu&cs=1344x0",,False,,synagogue,True,False,-170690865__457253771
457253769,-7,-170690865,-170690865,1664263472,2022-09-27 09:24:32,58.008023,56.234411,58.00819896273859,56.23476395501453,28.55136751134135,"https://sun9-27.userapi.com/s/v1/ig2/1kCrLkJaMIb2nOJdIButLzUjrZ_-Kowps0f1scIaqVCtFeukV4hnVyUpaqG2XidUMBJTuI7ztvq1lzLpGW2MV00O.jpg?quality=95&as=32x43,48x64,72x96,108x144,160x213,240x320,360x480,480x640,540x720,640x853,720x960,1080x1440,1280x1707,1344x1792&from=bu&cs=1344x0",,False,,synagogue,True,False,-170690865__457253769
457253754,-7,-170690865,-170690865,1664184801,2022-09-26 11:33:21,58.008016,56.234306,58.00819896273859,56.23476395501453,33.78969930208058,"https://sun9-67.userapi.com/s/v1/ig2/Ln9oS8w0rsGQgqAWES_AB80MPpROe9ouPTdAa9RqIGfV4SlsUgSg3vGtlgLDHOzI7V9vMh5PjoBcRaPyi6pHTPIz.jpg?quality=95&as=32x43,48x64,72x96,108x144,160x213,240x320,360x480,480x640,540x720,640x853,720x960,1080x1440,1280x1707,1344x1792&from=bu&cs=1344x0",,False,,synagogue,True,False,-170690865__457253754
457253899,-7,-170690865,-170690865,1664959158,2022-10-05 10:39:18,58.008016,56.234306,58.00819896273859,56.23476395501453,33.78969930208058,"https://sun9-78.userapi.com/s/v1/ig2/y_U2VwI6yKd07LVQM9tesVjd-GZhiC4_GhQjc9Ug-JHnGqKijy2SRox_y10KcTdzQ8ZgnAGhEstifO5eNifXQDO8.jpg?quality=95&as=32x43,48x64,72x96,108x144,160x213,240x320,360x480,480x640,540x720,640x853,720x960,1080x1440,1280x1707,1344x1792&from=bu&cs=1344x0",,False,,synagogue,True,False,-170690865__457253899
457253890,-7,-170690865,-170690865,1664958911,2022-10-05 10:35:11,58.008023,56.234411,58.00819896273859,56.23476395501453,28.55136751134135,"https://sun9-17.userapi.com/s/v1/ig2/g3gsPFMlcPuLkEgVaPtNGWM-irc6eyZvtyx6GTsvRUCax3lI8IVlnMnAxAnimd8zHB-zvVjlzIR23V20NDdPtds9.jpg?quality=95&as=32x43,48x64,72x96,108x144,160x213,240x320,360x480,480x640,540x720,640x853,720x960,1080x1440,1280x1707,1344x1792&from=bu&cs=1344x0",,False,,synagogue,True,False,-170690865__457253890
457254020,-7,-170690865,-170690865,1665659259,2022-10-13 13:07:39,58.008016,56.234306,58.00819896273859,56.23476395501453,33.78969930208058,"https://sun9-68.userapi.com/s/v1/ig2/TtoBB9LIQ5_5mVkFD2vFQ7l0B-NkI0wZQHs6Z4MaoYTLy34xdzdkBKnPm2utF6f8WPvgua4QUP52TRlHDh-TFPbw.jpg?quality=95&as=32x43,48x64,72x96,108x144,160x213,240x320,360x480,480x640,540x720,640x853,720x960,1080x1440,1280x1707,1344x1792&from=bu&cs=1344x0",,False,,synagogue,True,False,-170690865__457254020
457254019,-7,-170690865,-170690865,1665659259,2022-10-13 13:07:39,58.008023,56.234411,58.00819896273859,56.23476395501453,28.55136751134135,"https://sun9-47.userapi.com/s/v1/ig2/u50RMPKFYubKGnaLp__yzrTzurkXf017C4JJJ8SEgv2ASMvDh3pb6JLCa3AQi9Uaxf8KiLw7h9mXSPonJwSWrtQs.jpg?quality=95&as=32x43,48x64,72x96,108x144,160x213,240x320,360x480,480x640,540x720,640x853,720x960,1080x1440,1280x1707,1344x1792&from=bu&cs=1344x0",,False,,synagogue,True,False,-170690865__457254019
457254018,-7,-170690865,-170690865,1665659259,2022-10-13 13:07:39,58.008016,56.234306,58.00819896273859,56.23476395501453,33.78969930208058,"https://sun9-25.userapi.com/s/v1/ig2/U_2cuvmsv_FOJ-ZMec6H3cMsr5cXKKSan4mZRwOFcN85kmS-ZP8rUNiXKMfK8aaSwzfUZJGIyL0ZmhKKF8hBq-Tm.jpg?quality=95&as=32x43,48x64,72x96,108x144,160x213,240x320,360x480,480x640,540x720,640x853,720x960,1080x1440,1280x1707,1344x1792&from=bu&cs=1344x0",,False,,synagogue,True,False,-170690865__457254018
457254016,-7,-170690865,-170690865,1665659114,2022-10-13 13:05:14,58.008016,56.234306,58.00819896273859,56.23476395501453,33.78969930208058,"https://sun9-38.userapi.com/s/v1/ig2/CvzFDyOAzEGcEWGKMeImnljG4oTOMyB-3GmbkOb7hnMvVXgOZ3l4e1WB_s4_S04a8rK4-XmOSyGe6Os2cohgF-3a.jpg?quality=95&as=32x43,48x64,72x96,108x144,160x213,240x320,360x480,480x640,540x720,640x853,720x960,1080x1440,1280x1707,1344x1792&from=bu&cs=1344x0",,False,,synagogue,True,False,-170690865__457254016
457254017,-7,-170690865,-170690865,1665659114,2022-10-13 13:05:14,58.008016,56.234306,58.00819896273859,56.23476395501453,33.78969930208058,"https://sun9-57.userapi.com/s/v1/ig2/GUo3_2i79qQTi_bsEQMZwufzspHf0siX2S6gNDxah34e-_EK-SzBepocu4uAzOdz0GDAKgv3Lv0NZq14VsN4B5Ll.jpg?quality=95&as=32x43,48x64,72x96,108x144,160x213,240x320,360x480,480x640,540x720,640x853,720x960,1080x1440,1280x1707,1344x1792&from=bu&cs=1344x0",,False,,synagogue,True,False,-170690865__457254017
457254007,-7,-170690865,-170690865,1665567041,2022-10-12 11:30:41,58.008023,56.234411,58.00819896273859,56.23476395501453,28.55136751134135,"https://sun9-19.userapi.com/s/v1/ig2/FdSw400ICZRmI7sDIE5XTf2NZ2MqlltW8jvalFaYK7CRCfHcEukRaVVgK_BTEKSpz__8TBS-NF430iDQsgVF38xC.jpg?quality=95&as=32x43,48x64,72x96,108x144,160x213,240x320,360x480,480x640,540x720,640x853,720x960,1080x1440,1280x1707,1344x1792&from=bu&cs=1344x0",,False,,synagogue,True,False,-170690865__457254007
457241303,-7,-194619161,-194619161,1665563447,2022-10-12 10:30:47,58.007715,56.234914,58.00819896273859,56.23476395501453,54.535328999557485,"https://sun9-9.userapi.com/s/v1/ig2/gMyFgpn7CEnrbPC5x2sVIjhJb7wE_AxAs7dOR1TpbxCMMlEnaRI9bVqxqwHkluqZFHUnYhcez0drW-OzsWChT5WV.jpg?quality=95&as=32x43,48x64,72x96,108x144,160x213,240x320,360x480,480x640,540x721,640x854,720x961,1080x1441,1280x1708,1388x1852&from=bu&cs=1388x0",,False,,synagogue,True,False,-194619161__457241303
457254142,-7,-170690865,-170690865,1666266809,2022-10-20 13:53:29,58.008023,56.234411,58.00819896273859,56.23476395501453,28.55136751134135,"https://sun9-34.userapi.com/s/v1/ig2/uaQKpI1WBgdHIA4fyhig0lWZEDxNragtZD0jokhWLQo6odQgmnvNJOFlk3V-LRDG9vG_qh0KEcgDCQrIvSio0PBK.jpg?quality=95&as=32x43,48x64,72x96,108x144,160x213,240x320,360x480,480x640,540x720,640x853,720x960,1080x1440,1280x1707,1344x1792&from=bu&cs=1344x0",,False,,synagogue,True,False,-170690865__457254142
457254141,-7,-170690865,-170690865,1666266809,2022-10-20 13:53:29,58.008023,56.234411,58.00819896273859,56.23476395501453,28.55136751134135,"https://sun9-29.userapi.com/s/v1/ig2/-PMnwvlb7uQGpjPZ-0JGGsMmGgP06E5NXZhC-xmJBYcaqO2-f4O318ZgA1o0jq73dEU89cV7jKiJQzA0oF6WODJt.jpg?quality=95&as=32x43,48x64,72x96,108x144,160x213,240x320,360x480,480x640,540x720,640x853,720x960,1080x1440,1280x1707,1344x1792&from=bu&cs=1344x0",,False,,synagogue,True,False,-170690865__457254141
457254134,-7,-170690865,-170690865,1666266570,2022-10-20 13:49:30,58.008016,56.234306,58.00819896273859,56.23476395501453,33.78969930208058,"https://sun9-9.userapi.com/s/v1/ig2/oR7KElHnYIUUTXZ9GOWyFksKCO2MfKrgpzt6rOPR3z2K3egPOjBkgQr4yYJatOS45PKLrDHFdtLihxJNUPLEvEBJ.jpg?quality=95&as=32x43,48x64,72x96,108x144,160x213,240x320,360x480,480x640,540x720,640x853,720x960,1080x1440,1280x1707,1344x1792&from=bu&cs=1344x0",,False,,synagogue,True,False,-170690865__457254134
457254098,-7,-170690865,-170690865,1666087893,2022-10-18 12:11:33,58.008023,56.234411,58.00819896273859,56.23476395501453,28.55136751134135,"https://sun9-3.userapi.com/s/v1/ig2/AlVPqPtaxLj26KY2Bsfu7MH1d1Kct7vIc2mf6Lf9BhbK-oKeddToNRG3I3Eju96FvUWsDpiAdOLqpxygymF-NoLT.jpg?quality=95&as=32x43,48x64,72x96,108x144,160x213,240x320,360x480,480x640,540x720,640x853,720x960,1080x1440,1280x1707,1344x1792&from=bu&cs=1344x0",,False,,synagogue,True,False,-170690865__457254098
457254099,-7,-170690865,-170690865,1666087893,2022-10-18 12:11:33,58.008023,56.234411,58.00819896273859,56.23476395501453,28.55136751134135,"https://sun9-80.userapi.com/s/v1/ig2/SU7QlS0bXXiNl9C22WqWCulLIuNaQvkO3RPYPwzx24__GbsTJK3a6kQuovj8YN76tyZxc5aQt9nzhapxWYRHXFrs.jpg?quality=95&as=32x43,48x64,72x96,108x144,160x213,240x320,360x480,480x640,540x720,640x853,720x960,1080x1440,1280x1707,1344x1792&from=bu&cs=1344x0",,False,,synagogue,True,False,-170690865__457254099
457254074,-7,-170690865,-170690865,1665917645,2022-10-16 12:54:05,58.008023,56.234411,58.00819896273859,56.23476395501453,28.55136751134135,"https://sun9-63.userapi.com/s/v1/ig2/cK_W7BgHcDUp6CZ52Zp8v_S1dSEbe4o-XieRV2qzO6RHZdXgjVKFXBV2JYh1xVj4n-JQlJBWDeaYr2qaWwIQGzup.jpg?quality=95&as=32x43,48x64,72x96,108x144,160x213,240x320,360x480,480x640,540x720,640x853,720x960,1080x1440,1280x1707,1344x1792&from=bu&cs=1344x0",,False,,synagogue,True,False,-170690865__457254074
457254042,-7,-170690865,-170690865,1665828037,2022-10-15 12:00:37,58.007911,56.234094,58.00819896273859,56.23476395501453,50.82307597422893,"https://sun9-76.userapi.com/s/v1/ig2/BP1K3Mu6sBAx-XKVTcHndvKUu7DRdqqVGRNSko7SD8MheVpeZ1JxhbXhlTsM7jLxzdV_3XifDsdfvWK02YdGssEz.jpg?quality=95&as=32x43,48x64,72x96,108x144,160x213,240x320,360x480,480x640,540x720,640x853,720x960,1080x1440,1280x1707,1344x1792&from=bu&cs=1344x0",,False,,synagogue,True,False,-170690865__457254042
457254213,-7,-170690865,-170690865,1666781197,2022-10-26 12:46:37,58.008023,56.234411,58.00819896273859,56.23476395501453,28.55136751134135,"https://sun9-14.userapi.com/s/v1/ig2/R95pO-JiUAvjW6y_lsq-x4_uXTT5MeeQ41fxL8zQwQ7EmRRf6w3_XfqsZe9pX1ccXbr8kgMd1hd1UM_q7pvzpDBU.jpg?quality=95&as=32x43,48x64,72x96,108x144,160x213,240x320,360x480,480x640,540x720,640x853,720x960,1080x1440,1280x1707,1344x1792&from=bu&cs=1344x0",,False,,synagogue,True,False,-170690865__457254213
457254214,-7,-170690865,-170690865,1666781197,2022-10-26 12:46:37,58.008016,56.234306,58.00819896273859,56.23476395501453,33.78969930208058,"https://sun9-26.userapi.com/s/v1/ig2/_uJ3QIVAa0V3Jatkq7fJRZynq9wPE9KenLGR8Jc_bjQPYc-peoLN_uGLuNaQ6WO_7tNos0RoymW25ADsuHbs_2Ds.jpg?quality=95&as=32x43,48x64,72x96,108x144,160x213,240x320,360x480,480x640,540x720,640x853,720x960,1080x1440,1280x1707,1344x1792&from=bu&cs=1344x0",,False,,synagogue,True,False,-170690865__457254214
457254210,-7,-170690865,-170690865,1666781112,2022-10-26 12:45:12,58.008023,56.234411,58.00819896273859,56.23476395501453,28.55136751134135,"https://sun9-34.userapi.com/s/v1/ig2/tyfuF69OmwlRrWZqgVWym_S_O1PqJEImGA2Kjmpx09w9l3UtKSG850mR966mdHMafRbi4g5OeZThsrCHad_V9uFo.jpg?quality=95&as=32x43,48x64,72x96,108x144,160x213,240x320,360x480,480x640,540x720,640x853,720x960,1080x1440,1280x1707,1344x1792&from=bu&cs=1344x0",,False,,synagogue,True,False,-170690865__457254210
457254207,-7,-170690865,-170690865,1666781043,2022-10-26 12:44:03,58.008023,56.234411,58.00819896273859,56.23476395501453,28.55136751134135,"https://sun9-66.userapi.com/s/v1/ig2/atqgJcIFlv18jaTLaz3odf_9pFxOlv7ukIEDpRCLkFDk8tBwo-J2msrJ08vi5Z6Q_WfFQ2VP_8p8sM4vZAEF7iNY.jpg?quality=95&as=32x43,48x64,72x96,108x144,160x213,240x320,360x480,480x640,540x720,640x853,720x960,1080x1440,1280x1707,1344x1792&from=bu&cs=1344x0",,False,,synagogue,True,False,-170690865__457254207
457254166,-7,-170690865,-170690865,1666435639,2022-10-22 12:47:19,58.008023,56.234411,58.00819896273859,56.23476395501453,28.55136751134135,"https://sun9-81.userapi.com/s/v1/ig2/idANUcdUYY6i_GZF2x3eJRkXvS8eEemZca3lDbnYexvyfiZ5V4gLHyvC31C2RD72zFOrrHyJFNKqO9pN0ZReOHoW.jpg?quality=95&as=32x43,48x64,72x96,108x144,160x213,240x320,360x480,480x640,540x720,640x853,720x960,1080x1440,1280x1707,1344x1792&from=bu&cs=1344x0",,False,,synagogue,True,False,-170690865__457254166
457254165,-7,-170690865,-170690865,1666435639,2022-10-22 12:47:19,58.008023,56.234411,58.00819896273859,56.23476395501453,28.55136751134135,"https://sun9-13.userapi.com/s/v1/ig2/9mI-Xkyqu1uoGumNjsOFL75BW2iza-5UDD1XqoABi07I8nTnaCY-uVLyRmEriT1_Bc-4YkxpGKe9qHiTSKwqgnYl.jpg?quality=95&as=32x43,48x64,72x96,108x144,160x213,240x320,360x480,480x640,540x720,640x853,720x960,1080x1440,1280x1707,1344x1792&from=bu&cs=1344x0",,False,,synagogue,True,False,-170690865__457254165
457254159,-7,-170690865,-170690865,1666435336,2022-10-22 12:42:16,58.008016,56.234306,58.00819896273859,56.23476395501453,33.78969930208058,"https://sun9-63.userapi.com/s/v1/ig2/0MDzMy2ABhRscCgosR9jLuJEU8HhEjSZMf_PrnAn1C6eGARSHa1S37qek_SsNNhiL3jSgh4xW-YeJVhMND_tcDtZ.jpg?quality=95&as=32x43,48x64,72x96,108x144,160x213,240x320,360x480,480x640,540x720,640x853,720x960,1080x1440,1280x1707,1344x1792&from=bu&cs=1344x0",,False,,synagogue,True,False,-170690865__457254159
457254158,-7,-170690865,-170690865,1666435336,2022-10-22 12:42:16,58.008016,56.234306,58.00819896273859,56.23476395501453,33.78969930208058,"https://sun9-52.userapi.com/s/v1/ig2/cr_Bmwk0cS2GaZYG4kGwlxm5BGRhlggOiZUZRUbRPoXRKVJMifzxqtYQxw5TCegYBefcHJQsELyXmH6HYO80jZq5.jpg?quality=95&as=32x43,48x64,72x96,108x144,160x213,240x320,360x480,480x640,540x720,640x853,720x960,1080x1440,1280x1707,1344x1792&from=bu&cs=1344x0",,False,,synagogue,True,False,-170690865__457254158
457254160,-7,-170690865,-170690865,1666435336,2022-10-22 12:42:16,58.008016,56.234306,58.00819896273859,56.23476395501453,33.78969930208058,"https://sun9-17.userapi.com/s/v1/ig2/QwwReV-uGNe8OQG-NN8byOcyCkRI5svdL8yhCITbB0bN6nSE1hUA6TBYsJtJ1psfuLgiL7yQ1cpqLwFJfSFEW9rd.jpg?quality=95&as=32x43,48x64,72x96,108x144,160x213,240x320,360x480,480x640,540x720,640x853,720x960,1080x1440,1280x1707,1344x1792&from=bu&cs=1344x0",,False,,synagogue,True,False,-170690865__457254160
457254321,-7,-170690865,-170690865,1667304929,2022-11-01 13:15:29,58.008016,56.234306,58.00819896273859,56.23476395501453,33.78969930208058,"https://sun9-79.userapi.com/s/v1/ig2/EwGWiSrTelmpKjoaWgb5RuRGWLrZph8p09wQJTiTkXe93CHP6JL2GFek_Z5VIcjGjk_9jn_k-GSQJDBRbRF4J7Xo.jpg?quality=95&as=32x43,48x64,72x96,108x144,160x213,240x320,360x480,480x640,540x720,640x853,720x960,1080x1440,1280x1707,1344x1792&from=bu&cs=1344x0",,False,,synagogue,True,False,-170690865__457254321
457254322,-7,-170690865,-170690865,1667304929,2022-11-01 13:15:29,58.008016,56.234306,58.00819896273859,56.23476395501453,33.78969930208058,"https://sun9-33.userapi.com/s/v1/ig2/1mPlgFvDYU-d4wYLYm0Ub1NBwIRU6kHazWNIh7uh9CxEGi6Y3J8iZYanlV6oTlJyttmOQUx4VSDNrCSFhBvBfLx6.jpg?quality=95&as=32x43,48x64,72x96,108x144,160x213,240x320,360x480,480x640,540x720,640x853,720x960,1080x1440,1280x1707,1344x1792&from=bu&cs=1344x0",,False,,synagogue,True,False,-170690865__457254322
457254320,-7,-170690865,-170690865,1667304929,2022-11-01 13:15:29,58.008016,56.234306,58.00819896273859,56.23476395501453,33.78969930208058,"https://sun9-36.userapi.com/s/v1/ig2/52iGc4BUbWV5RanzINtr-gcsggJkrW2QN9kLM6lx8IzCU-328Byett-8GlLEZAAp8VkPInoL6cT9RBvbVeB7Ox29.jpg?quality=95&as=32x43,48x64,72x96,108x144,160x213,240x320,360x480,480x640,540x720,640x853,720x960,1080x1440,1280x1707,1344x1792&from=bu&cs=1344x0",,False,,synagogue,True,False,-170690865__457254320
457254289,-7,-170690865,-170690865,1667037773,2022-10-29 12:02:53,58.008604,56.234423,58.00819896273859,56.23476395501453,49.31399479698315,"https://sun9-13.userapi.com/s/v1/ig2/764ROMK7JX4TI36pxS4NzGa9I2JWU8o5Y_Vdqvkx-8uOHxkKMDjqdCyEsoqfOlbuCPQ6N5ty5Q7ZccevsXE1EHD1.jpg?quality=95&as=32x43,48x64,72x96,108x144,160x213,240x320,360x480,480x640,540x720,640x853,720x960,1080x1440,1280x1707,1344x1792&from=bu&cs=1344x0",,False,,synagogue,True,False,-170690865__457254289
457254550,-7,-170690865,-170690865,1668587292,2022-11-16 09:28:12,58.008023,56.234411,58.00819896273859,56.23476395501453,28.55136751134135,"https://sun9-30.userapi.com/s/v1/ig2/Dk7q6yv3BNaRRL9Floc8VOEy1oGGgU-hZLhhY8c2DSWHpEFhT4P5KXt1J7SzHz8efaBc5LLOQm9UPBRSVBI18ytp.jpg?quality=95&as=32x43,48x64,72x96,108x144,160x213,240x320,360x480,480x640,540x720,640x853,720x960,1080x1440,1280x1707,1344x1792&from=bu&cs=1344x0",,False,,synagogue,True,False,-170690865__457254550
457254549,-7,-170690865,-170690865,1668587292,2022-11-16 09:28:12,58.008023,56.234411,58.00819896273859,56.23476395501453,28.55136751134135,"https://sun9-28.userapi.com/s/v1/ig2/mch1i1Wl1NqcrnsVwEcnLcTubfaviOTH7GAwKSgQn8fgmZoIoS3TFYrxYvYatTSIMyhjnnP8erxI78Dw9n6dNSUr.jpg?quality=95&as=32x43,48x64,72x96,108x144,160x213,240x320,360x480,480x640,540x720,640x853,720x960,1080x1440,1280x1707,1344x1792&from=bu&cs=1344x0",,False,,synagogue,True,False,-170690865__457254549
457254539,-7,-170690865,-170690865,1668586948,2022-11-16 09:22:28,58.008023,56.234411,58.00819896273859,56.23476395501453,28.55136751134135,"https://sun9-6.userapi.com/s/v1/ig2/GsnqaZKqNMdXDY2icxqpCEcn7qHxcuw75_dn9fYfLTUjWBx6bNrF8at-gqPUIbX99mtDBet7D5i8oEmuQzKrqrER.jpg?quality=95&as=32x43,48x64,72x96,108x144,160x213,240x320,360x480,480x640,540x720,640x853,720x960,1080x1440,1280x1707,1344x1792&from=bu&cs=1344x0",,False,,synagogue,True,False,-170690865__457254539
457253670,289375661,2426676,2426676,1668519666,2022-11-15 14:41:06,58.007609,56.2335,58.00819896273859,56.23476395501453,99.2368537513353,"https://sun9-53.userapi.com/s/v1/if2/AJZntAY7zGUDNuPV8y2gfVTgMuK8Qp10d9TKuKgWDQFkBsdSUx7s0muXEaOMkqzUW3_gBD7chljWwyOOoC0TFMw8.jpg?quality=95&as=32x27,48x40,72x61,108x91,160x135,240x202,360x303,480x404,540x454,640x538,720x606,749x630&from=bu&cs=749x0",Описание https://vk.com/wall-216919326_99,False,,synagogue,True,False,2426676__457253670
457254510,-7,-170690865,-170690865,1668501678,2022-11-15 09:41:18,58.008016,56.234306,58.00819896273859,56.23476395501453,33.78969930208058,"https://sun9-6.userapi.com/s/v1/ig2/O2of6WoEAkL71oaPNaOpMkH26LuDF0YTEOgQkziEOqlAWmZBvS9sxPz0_KZ9l9moV18Lb_rjvtMFf5yeHHmJZfiw.jpg?quality=95&as=32x43,48x64,72x96,108x144,160x213,240x320,360x480,480x640,540x720,640x853,720x960,1080x1440,1280x1707,1344x1792&from=bu&cs=1344x0",,False,,synagogue,True,False,-170690865__457254510
457254512,-7,-170690865,-170690865,1668501678,2022-11-15 09:41:18,58.008023,56.234411,58.00819896273859,56.23476395501453,28.55136751134135,"https://sun9-77.userapi.com/s/v1/ig2/hzBJCCm8BpAXBFySWAqs9vYlb2UNE45HEdWnMhGGD3ZxctUT1Vpm7NZ_B9SgdOT8CtIyrSDvKUqgnT3usuMU8Unr.jpg?quality=95&as=32x43,48x64,72x96,108x144,160x213,240x320,360x480,480x640,540x720,640x853,720x960,1080x1440,1280x1707,1344x1792&from=bu&cs=1344x0",,False,,synagogue,True,False,-170690865__457254512
457254509,-7,-170690865,-170690865,1668501631,2022-11-15 09:40:31,58.008023,56.234411,58.00819896273859,56.23476395501453,28.55136751134135,"https://sun9-78.userapi.com/s/v1/ig2/iT2tIAYeDXNRl5yuqliDEpryvsFyHiuhB_MzPE01jR6J_mVlwRKEPbf5_RsL5NQywKWn3y0Ym2e9ceRUj_s1pYsv.jpg?quality=95&as=32x43,48x64,72x96,108x144,160x213,240x320,360x480,480x640,540x720,640x853,720x960,1080x1440,1280x1707,1344x1792&from=bu&cs=1344x0",,False,,synagogue,True,False,-170690865__457254509
457254507,-7,-170690865,-170690865,1668501631,2022-11-15 09:40:31,58.008023,56.234411,58.00819896273859,56.23476395501453,28.55136751134135,"https://sun9-71.userapi.com/s/v1/ig2/k09Qilyrjc-8mOKQjifj7P7FvRX0GkqEhWPiXM5vP9eLR4WGb0pAw1TIj-rFnD2VH9rJkHKQUTFpNlCcwR_ylswa.jpg?quality=95&as=32x43,48x64,72x96,108x144,160x213,240x320,360x480,480x640,540x720,640x853,720x960,1080x1440,1280x1707,1344x1792&from=bu&cs=1344x0",,False,,synagogue,True,False,-170690865__457254507
457254508,-7,-170690865,-170690865,1668501631,2022-11-15 09:40:31,58.008023,56.234411,58.00819896273859,56.23476395501453,28.55136751134135,"https://sun9-69.userapi.com/s/v1/ig2/82bL6hOQaHhrnSRkvQyO5Iog3aXuEETxzv5aHtawHV4PugtZ19iGtbBhwkXppHEqAZAR_IDwnooAOYAVlJFeERwe.jpg?quality=95&as=32x43,48x64,72x96,108x144,160x213,240x320,360x480,480x640,540x720,640x853,720x960,1080x1440,1280x1707,1344x1792&from=bu&cs=1344x0",,False,,synagogue,True,False,-170690865__457254508
457254493,-7,-170690865,-170690865,1668337168,2022-11-13 11:59:28,58.008023,56.234411,58.00819896273859,56.23476395501453,28.55136751134135,"https://sun9-88.userapi.com/s/v1/ig2/i8PHS0r_eR_T64Q_UYlHI6CHvzrEa9fB0NNzFynfIlmoK9Y-4ut4WUZGDvoN-HYEQZXAmZBUbsZWGC9AwFUBZNwG.jpg?quality=95&as=32x43,48x64,72x96,108x144,160x213,240x320,360x480,480x640,540x720,640x853,720x960,1080x1440,1280x1707,1344x1792&from=bu&cs=1344x0",,False,,synagogue,True,False,-170690865__457254493
457254491,-7,-170690865,-170690865,1668337168,2022-11-13 11:59:28,58.008023,56.234411,58.00819896273859,56.23476395501453,28.55136751134135,"https://sun9-23.userapi.com/s/v1/ig2/QgXSiXwkhHoqS1pPTfPFWxZ529apZsFulxdP33RQSK7Vy-dXAgcKdO5SRnvSL73xuFF5BERMUabuITjX41lGSba8.jpg?quality=95&as=32x43,48x64,72x96,108x144,160x213,240x320,360x480,480x640,540x720,640x853,720x960,1080x1440,1280x1707,1344x1792&from=bu&cs=1344x0",,False,,synagogue,True,False,-170690865__457254491
457254492,-7,-170690865,-170690865,1668337168,2022-11-13 11:59:28,58.008023,56.234411,58.00819896273859,56.23476395501453,28.55136751134135,"https://sun9-71.userapi.com/s/v1/ig2/G5O73eEwfXR5BlneWQ1F39Ktl70e2RfBqEaY0KKCiWTkruL-mmd1i6ZLfEJAHF8LiLebc9BbSOTBFwIrRDk4vqAW.jpg?quality=95&as=32x43,48x64,72x96,108x144,160x213,240x320,360x480,480x640,540x720,640x853,720x960,1080x1440,1280x1707,1344x1792&from=bu&cs=1344x0",,False,,synagogue,True,False,-170690865__457254492
457254490,-7,-170690865,-170690865,1668337017,2022-11-13 11:56:57,58.008016,56.234306,58.00819896273859,56.23476395501453,33.78969930208058,"https://sun9-10.userapi.com/s/v1/ig2/iBBgA843CpeRjPS6q3IKMxTyhuWaf-yKqNj2sSojEOjs90nseXHLesFd2L0eiArQOuyoUzAsARXYh2FORjFVpBPE.jpg?quality=95&as=32x43,48x64,72x96,108x144,160x213,240x320,360x480,480x640,540x720,640x853,720x960,1080x1440,1280x1707,1344x1792&from=bu&cs=1344x0",,False,,synagogue,True,False,-170690865__457254490
457254486,-7,-170690865,-170690865,1668336957,2022-11-13 11:55:57,58.008023,56.234411,58.00819896273859,56.23476395501453,28.55136751134135,"https://sun9-9.userapi.com/s/v1/ig2/lJK25TIqxS0bdmrVpZIWWBuybHs8QSa8PGHRvtphoG_Sb4tplAUO8AP_FUqVo0wpnSxR77DBgUUmBNUTxJGECleM.jpg?quality=95&as=32x43,48x64,72x96,108x144,160x213,240x320,360x480,480x640,540x720,640x853,720x960,1080x1440,1280x1707,1344x1792&from=bu&cs=1344x0",,False,,synagogue,True,False,-170690865__457254486
457254485,-7,-170690865,-170690865,1668336957,2022-11-13 11:55:57,58.008016,56.234306,58.00819896273859,56.23476395501453,33.78969930208058,"https://sun9-59.userapi.com/s/v1/ig2/iCEpGKUGHQIP88YtBMxSQUKk15IAsw9HhOz8O5p2FwfKLDkW8DX9Ex6y0dasJ_R5_ak1nZYZlduCpYgomQ_1XOCO.jpg?quality=95&as=32x43,48x64,72x96,108x144,160x213,240x320,360x480,480x640,540x720,640x853,720x960,1080x1440,1280x1707,1344x1792&from=bu&cs=1344x0",,False,,synagogue,True,False,-170690865__457254485
457254484,-7,-170690865,-170690865,1668336844,2022-11-13 11:54:04,58.008023,56.234411,58.00819896273859,56.23476395501453,28.55136751134135,"https://sun9-3.userapi.com/s/v1/ig2/cgQnap07q99CyTucLcR_ED7zVPesqEWGqSEbe8whc6Dd0WUFgdAChVlTQVcsjSxZomJ8uaz1RCdUyYOJVxMA9I-w.jpg?quality=95&as=32x43,48x64,72x96,108x144,160x213,240x320,360x480,480x640,540x720,640x853,720x960,1080x1440,1280x1707,1344x1792&from=bu&cs=1344x0",,False,,synagogue,True,False,-170690865__457254484
457254477,-7,-170690865,-170690865,1668247579,2022-11-12 11:06:19,58.008023,56.234411,58.00819896273859,56.23476395501453,28.55136751134135,"https://sun9-48.userapi.com/s/v1/ig2/NTNoSHO1g86uGaXsmXyNA-HMGJOv6QqZyJZpdqme7GIyCokksl5T0weswMfBexsJz5ErhxrvNGW5Qse3rGL5kqiE.jpg?quality=95&as=32x43,48x64,72x96,108x144,160x213,240x320,360x480,480x640,540x720,640x853,720x960,1080x1440,1280x1707,1344x1792&from=bu&cs=1344x0",,False,,synagogue,True,False,-170690865__457254477
457254478,-7,-170690865,-170690865,1668247579,2022-11-12 11:06:19,58.008023,56.234411,58.00819896273859,56.23476395501453,28.55136751134135,"https://sun9-73.userapi.com/s/v1/ig2/LxpCu_aArT78Zqa_GC51294QpCC3ve6zM5HYO8NCM0S-Vrzaxa9qzRyx3tnBTG7f00NSi08evhkkLSF_mOFGgZB0.jpg?quality=95&as=32x43,48x64,72x96,108x144,160x213,240x320,360x480,480x640,540x720,640x853,720x960,1080x1440,1280x1707,1344x1792&from=bu&cs=1344x0",,False,,synagogue,True,False,-170690865__457254478
457254476,-7,-170690865,-170690865,1668247579,2022-11-12 11:06:19,58.008023,56.234411,58.00819896273859,56.23476395501453,28.55136751134135,"https://sun9-70.userapi.com/s/v1/ig2/Hkg1E4B8Njv_goGtM9TfEWAZHuSgOnz27oz7K_4X2Vdv_dQJQMVxVXrwzaNHoLp47DeMoGUDmjD1GjAkfn5IkcUC.jpg?quality=95&as=32x43,48x64,72x96,108x144,160x213,240x320,360x480,480x640,540x720,640x853,720x960,1080x1440,1280x1707,1344x1792&from=bu&cs=1344x0",,False,,synagogue,True,False,-170690865__457254476
457254474,-7,-170690865,-170690865,1668247510,2022-11-12 11:05:10,58.008023,56.234411,58.00819896273859,56.23476395501453,28.55136751134135,"https://sun9-63.userapi.com/s/v1/ig2/b7FvYZQ0PM2wgylZ5Nc2eyhcTZawKoaFROI2wFKPvnoWNmXBFG5-Gs-tp1zT8XLq5YAUHK2gfTplBovnVH0GYdVi.jpg?quality=95&as=32x43,48x64,72x96,108x144,160x213,240x320,360x480,480x640,540x720,640x853,720x960,1080x1440,1280x1707,1344x1792&from=bu&cs=1344x0",,False,,synagogue,True,False,-170690865__457254474
457254475,-7,-170690865,-170690865,1668247510,2022-11-12 11:05:10,58.008023,56.234411,58.00819896273859,56.23476395501453,28.55136751134135,"https://sun9-36.userapi.com/s/v1/ig2/fBoB4k1KPe1hzf6zODjL8Rc6Xt-Iyi0rrYkdUhK0G_347VFAmXiK4pHPoLKuOUFrfZEBNjsyk_h-B7SqeOJljTPg.jpg?quality=95&as=32x43,48x64,72x96,108x144,160x213,240x320,360x480,480x640,540x720,640x853,720x960,1080x1440,1280x1707,1344x1792&from=bu&cs=1344x0",,False,,synagogue,True,False,-170690865__457254475
457254471,-7,-170690865,-170690865,1668247285,2022-11-12 11:01:25,58.008016,56.234306,58.00819896273859,56.23476395501453,33.78969930208058,"https://sun9-39.userapi.com/s/v1/ig2/pekIdr9gzc8JzYHYfPeUvkYezZB2fmVtEhW_7AKtd7Q2t72kmP2p_VhVHhX8kLfedMVOl5-fDmPAviOxIUS7Xktq.jpg?quality=95&as=32x43,48x64,72x96,108x144,160x213,240x320,360x480,480x640,540x720,640x853,720x960,1080x1440,1280x1707,1344x1792&from=bu&cs=1344x0",,False,,synagogue,True,False,-170690865__457254471
457254469,-7,-170690865,-170690865,1668247285,2022-11-12 11:01:25,58.008016,56.234306,58.00819896273859,56.23476395501453,33.78969930208058,"https://sun9-87.userapi.com/s/v1/ig2/Ic8txoS-HUTAuDJX9eFE46vFKju2fGtiOeg6LS1j1K69jnACYYg_vs5KMnOYnWcmPiBOTIaVIgW3ULw-Qlgtro_m.jpg?quality=95&as=32x43,48x64,72x96,108x144,160x213,240x320,360x480,480x640,540x720,640x853,720x960,1080x1440,1280x1707,1344x1792&from=bu&cs=1344x0",,False,,synagogue,True,False,-170690865__457254469
457254470,-7,-170690865,-170690865,1668247285,2022-11-12 11:01:25,58.008016,56.234306,58.00819896273859,56.23476395501453,33.78969930208058,"https://sun9-80.userapi.com/s/v1/ig2/D4fDICTd7W1U80NFA3VKj9h6Wao-IuoGaziS3CnmvA3-x2QNyQNxLYgbE5delc1SO5DNv_0FaeadJoj_8iOpN62f.jpg?quality=95&as=32x43,48x64,72x96,108x144,160x213,240x320,360x480,480x640,540x720,640x853,720x960,1080x1440,1280x1707,1344x1792&from=bu&cs=1344x0",,False,,synagogue,True,False,-170690865__457254470
457254467,-7,-170690865,-170690865,1668247191,2022-11-12 10:59:51,58.008016,56.234306,58.00819896273859,56.23476395501453,33.78969930208058,"https://sun9-56.userapi.com/s/v1/ig2/5shds-T3_F2nNcjAqFir5s8ZaoHqDjME3_-0Omq6lLbiCqXT_z7c9zACopuT0snIN0MJZSYXBelofC42TUupXtue.jpg?quality=95&as=32x43,48x64,72x96,108x144,160x213,240x320,360x480,480x640,540x720,640x853,720x960,1080x1440,1280x1707,1344x1792&from=bu&cs=1344x0",,False,,synagogue,True,False,-170690865__457254467
457254468,-7,-170690865,-170690865,1668247191,2022-11-12 10:59:51,58.008016,56.234306,58.00819896273859,56.23476395501453,33.78969930208058,"https://sun9-19.userapi.com/s/v1/ig2/H5FuJVDurRkJQisX5-cioVdJ3sFK4S9nFSJ5qLFOl3qFDTG-Wp8D0dTz-e0J4n_KEGh1mukyIEzOa7fq4v1P0APA.jpg?quality=95&as=32x43,48x64,72x96,108x144,160x213,240x320,360x480,480x640,540x720,640x853,720x960,1080x1440,1280x1707,1344x1792&from=bu&cs=1344x0",,False,,synagogue,True,False,-170690865__457254468
457254462,-7,-170690865,-170690865,1668246985,2022-11-12 10:56:25,58.008023,56.234411,58.00819896273859,56.23476395501453,28.55136751134135,"https://sun9-5.userapi.com/s/v1/ig2/69HjHhZqJuwJSJaoSPmkJ0IKWnkJRAViMufMwRAp_Y6fHOhS2zkpO7sqfUj2dMZdviMm43-gp0OBV-XyYT6_JQhF.jpg?quality=95&as=32x43,48x64,72x96,108x144,160x213,240x320,360x480,480x640,540x720,640x853,720x960,1080x1440,1280x1707,1344x1792&from=bu&cs=1344x0",,False,,synagogue,True,False,-170690865__457254462
457254461,-7,-170690865,-170690865,1668246985,2022-11-12 10:56:25,58.008023,56.234411,58.00819896273859,56.23476395501453,28.55136751134135,"https://sun9-65.userapi.com/s/v1/ig2/NDU8txdU5WYAmeu8_vPlTtoD8jvy_4WGCgSX8B2pX9hMQzYRKsTz4UxjWR52sK_M2bTuMYg12kLVAarHooySVKYh.jpg?quality=95&as=32x43,48x64,72x96,108x144,160x213,240x320,360x480,480x640,540x720,640x853,720x960,1080x1440,1280x1707,1344x1792&from=bu&cs=1344x0",,False,,synagogue,True,False,-170690865__457254461
457254671,-7,-170690865,-170690865,1669290367,2022-11-24 12:46:07,58.008023,56.234411,58.00819896273859,56.23476395501453,28.55136751134135,"https://sun9-31.userapi.com/s/v1/ig2/c6lbztINCUW1TEB7t-FCATP7UDoEcbuw_HerdhHkc0MNBUDtDh8IDUJt3MyxNeLrJrAydW34H2r3K9tlp0MkarDh.jpg?quality=95&as=32x43,48x64,72x96,108x144,160x213,240x320,360x480,480x640,540x720,640x853,720x960,1080x1440,1280x1707,1344x1792&from=bu&cs=1344x0",,False,,synagogue,True,False,-170690865__457254671
457254658,-7,-170690865,-170690865,1669198178,2022-11-23 11:09:38,58.008016,56.234306,58.00819896273859,56.23476395501453,33.78969930208058,"https://sun9-70.userapi.com/s/v1/ig2/CTxrsgUOxYMcT1N0Fy0QglN9W-hAaTA9eD2zIBfk9RyTkJaAed66Sv5P-d8o_Yqu14HhrVreLMOpaYF8q3QV85T-.jpg?quality=95&as=32x43,48x64,72x96,108x144,160x213,240x320,360x480,480x640,540x720,640x853,720x960,1080x1440,1280x1707,1344x1792&from=bu&cs=1344x0",,False,,synagogue,True,False,-170690865__457254658
457254659,-7,-170690865,-170690865,1669198178,2022-11-23 11:09:38,58.008023,56.234411,58.00819896273859,56.23476395501453,28.55136751134135,"https://sun9-81.userapi.com/s/v1/ig2/McrlvxdV1FCRHKA5xaRc2PRKS8fNoIdEx7A4usU62OqEVnhUAJfkbqsiAoVlcSf7nRpMsDvD46j8ajGV-5HMOuwR.jpg?quality=95&as=32x43,48x64,72x96,108x144,160x213,240x320,360x480,480x640,540x720,640x853,720x960,1080x1440,1280x1707,1344x1792&from=bu&cs=1344x0",,False,,synagogue,True,False,-170690865__457254659
457254615,-7,-170690865,-170690865,1668853479,2022-11-19 11:24:39,58.008023,56.234411,58.00819896273859,56.23476395501453,28.55136751134135,"https://sun9-84.userapi.com/s/v1/ig2/uLoRbzOppseiVGwd3KPQI08Xs3hAMGEn-yO_DW9ydOW5M7K2c4nUqcTUdLRNxh4yMJBkMY1xq07vv8ONO_uWyYjO.jpg?quality=95&as=32x43,48x64,72x96,108x144,160x213,240x320,360x480,480x640,540x720,640x853,720x960,1080x1440,1280x1707,1344x1792&from=bu&cs=1344x0",,False,,synagogue,True,False,-170690865__457254615
457254613,-7,-170690865,-170690865,1668853479,2022-11-19 11:24:39,58.008016,56.234306,58.00819896273859,56.23476395501453,33.78969930208058,"https://sun9-37.userapi.com/s/v1/ig2/9rgqSBF3dwcIXI0kWbY7ycN04WSXvpwCasiOPtdCkcBNPnKodIEkK7R74aebMRfa0W5zqpnioEtQR9H9eEYLhxUz.jpg?quality=95&as=32x43,48x64,72x96,108x144,160x213,240x320,360x480,480x640,540x720,640x853,720x960,1080x1440,1280x1707,1344x1792&from=bu&cs=1344x0",,False,,synagogue,True,False,-170690865__457254613
457254612,-7,-170690865,-170690865,1668853429,2022-11-19 11:23:49,58.008016,56.234306,58.00819896273859,56.23476395501453,33.78969930208058,"https://sun9-67.userapi.com/s/v1/ig2/XupQUALkwJIOqxO7StYrKiHxeCzDRfzEwSZuoz_MMEP4f5mrmbNqULVwhiJOjMcx2znAjSQJV2oO1MM-c2F1iy_p.jpg?quality=95&as=32x43,48x64,72x96,108x144,160x213,240x320,360x480,480x640,540x720,640x853,720x960,1080x1440,1280x1707,1344x1792&from=bu&cs=1344x0",,False,,synagogue,True,False,-170690865__457254612
457254611,-7,-170690865,-170690865,1668853429,2022-11-19 11:23:49,58.008016,56.234306,58.00819896273859,56.23476395501453,33.78969930208058,"https://sun9-47.userapi.com/s/v1/ig2/ZSnbqd0CBcz8d_kgyXnFB-j00q-uPMcarizfjojaT-oes7LBxecXVoEgVo7TauDJLkXh_SnT6oDK3YXdKGilfidM.jpg?quality=95&as=32x43,48x64,72x96,108x144,160x213,240x320,360x480,480x640,540x720,640x853,720x960,1080x1440,1280x1707,1344x1792&from=bu&cs=1344x0",,False,,synagogue,True,False,-170690865__457254611
457254604,-7,-170690865,-170690865,1668853261,2022-11-19 11:21:01,58.008016,56.234306,58.00819896273859,56.23476395501453,33.78969930208058,"https://sun9-2.userapi.com/s/v1/ig2/VTZVVTXMBXONia_xNEb7xzmjJGOfe22Sn3j1exGzERmZ8nmxVvACRHO8Y-D2rD6JSTFzqOaXp1xlf9w9i8K47Zgl.jpg?quality=95&as=32x43,48x64,72x96,108x144,160x213,240x320,360x480,480x640,540x720,640x853,720x960,1080x1440,1280x1707,1344x1792&from=bu&cs=1344x0",,False,,synagogue,True,False,-170690865__457254604
457254766,-7,-170690865,-170690865,1669721699,2022-11-29 12:34:59,58.008023,56.234411,58.00819896273859,56.23476395501453,28.55136751134135,"https://sun9-67.userapi.com/s/v1/ig2/IO7Y3kYAUtxl2LiXGJCfwK4XTePViRuHqDmmXyQD0qfuzZlMJNA7bPT-pLUAdCWomGrCG4Zi5GYRuAnGTcHGSqGe.jpg?quality=95&as=32x43,48x64,72x96,108x144,160x214,240x320,360x481,480x641,540x721,640x855,720x961,1080x1442,1280x1709,1342x1792&from=bu&cs=1342x0",,False,,synagogue,True,False,-170690865__457254766
457254753,-7,-170690865,-170690865,1669721420,2022-11-29 12:30:20,58.008023,56.234411,58.00819896273859,56.23476395501453,28.55136751134135,"https://sun9-65.userapi.com/s/v1/ig2/9qCctmi_xwPjr0ZWtf0bQbBtpZTMbVdeOUBeWdxXNsyj7r1sp3cAI9Kcy86YPT7Zo_kXhJc7mGcnWDaKXMxr9efs.jpg?quality=95&as=32x43,48x64,72x96,108x144,160x214,240x320,360x481,480x641,540x721,640x855,720x961,1080x1442,1280x1709,1342x1792&from=bu&cs=1342x0",,False,,synagogue,True,False,-170690865__457254753
457254739,-7,-170690865,-170690865,1669618410,2022-11-28 07:53:30,58.008023,56.234411,58.00819896273859,56.23476395501453,28.55136751134135,"https://sun9-9.userapi.com/s/v1/ig2/Dy2_HjVLWiJfkYlP-pba9HjSwycsbLdSmOa5fuIo1oRJ9sNJz1MjJhNUGtGdp2tKavttYoiwJyBq-h9iRC-_Tpub.jpg?quality=95&as=32x43,48x64,72x96,108x144,160x213,240x320,360x480,480x640,540x720,640x853,720x960,1080x1440,1280x1707,1344x1792&from=bu&cs=1344x0",,False,,synagogue,True,False,-170690865__457254739
457254730,-7,-170690865,-170690865,1669546871,2022-11-27 12:01:11,58.008016,56.234306,58.00819896273859,56.23476395501453,33.78969930208058,"https://sun9-10.userapi.com/s/v1/ig2/Yu2GDf98uDzBP22hZwt2cjuU-uJ70EvLSSyhHztlVGdZDrJOMjqtAX7_JB9LJo5Jy2UyrRR1OdwXIKOO42d7vrSU.jpg?quality=95&as=32x43,48x64,72x96,108x144,160x213,240x320,360x480,480x640,540x720,640x853,720x960,1080x1440,1280x1707,1344x1792&from=bu&cs=1344x0",,False,,synagogue,True,False,-170690865__457254730
457254731,-7,-170690865,-170690865,1669546871,2022-11-27 12:01:11,58.008016,56.234306,58.00819896273859,56.23476395501453,33.78969930208058,"https://sun9-64.userapi.com/s/v1/ig2/slhSwV7EZndGJjCYy-awVISriEb9T71f-2bowlYtJx_7xN87K9mdsNT_o9weL5-FIvVoxsk4tu6cc5BVppyvpAeA.jpg?quality=95&as=32x43,48x64,72x96,108x144,160x213,240x320,360x480,480x640,540x720,640x853,720x960,1080x1440,1280x1707,1344x1792&from=bu&cs=1344x0",,False,,synagogue,True,False,-170690865__457254731
457254724,-7,-170690865,-170690865,1669546617,2022-11-27 11:56:57,58.008023,56.234411,58.00819896273859,56.23476395501453,28.55136751134135,"https://sun9-9.userapi.com/s/v1/ig2/ikpOc2iz9e1vtFUHuyvREZZvCAEQxPaLVIgPsGANclBrnd80Fz-cFNELT8WTwCvdI1_bJWIq15_0CBpVQqQ9Iy79.jpg?quality=95&as=32x43,48x64,72x96,108x144,160x213,240x320,360x480,480x640,540x720,640x853,720x960,1080x1440,1280x1707,1344x1792&from=bu&cs=1344x0",,False,,synagogue,True,False,-170690865__457254724
457254723,-7,-170690865,-170690865,1669546617,2022-11-27 11:56:57,58.008023,56.234411,58.00819896273859,56.23476395501453,28.55136751134135,"https://sun9-30.userapi.com/s/v1/ig2/ejgTFoWrW_N8rnmCmeRVXCHWMIeBdAmD1kOnR5LHgObaxwVbYYuC9yYblyjgYiKcsBZDwQHFBVIuHENI7fa-ySy8.jpg?quality=95&as=32x43,48x64,72x96,108x144,160x213,240x320,360x480,480x640,540x720,640x853,720x960,1080x1440,1280x1707,1344x1792&from=bu&cs=1344x0",,False,,synagogue,True,False,-170690865__457254723
457254721,-7,-170690865,-170690865,1669546517,2022-11-27 11:55:17,58.008016,56.234306,58.00819896273859,56.23476395501453,33.78969930208058,"https://sun9-2.userapi.com/s/v1/ig2/PyYa27DvndnkSxOdNnaJdjGmE6jNMKX_Qqg0rJgZvYGujZQMhpShozylEcPQEQejwoDJV9064bWV7lf5_hWW45w2.jpg?quality=95&as=32x43,48x64,72x96,108x144,160x213,240x320,360x480,480x640,540x720,640x853,720x960,1080x1440,1280x1707,1344x1792&from=bu&cs=1344x0",,False,,synagogue,True,False,-170690865__457254721
457254722,-7,-170690865,-170690865,1669546517,2022-11-27 11:55:17,58.008016,56.234306,58.00819896273859,56.23476395501453,33.78969930208058,"https://sun9-76.userapi.com/s/v1/ig2/n-vZ3uwRpoY-T_lokD4jciAkwQ5BREFlNpxknFhD0mQ3KNkXTyWhHELNeEnlEwt6VNga3YrWGxXGDfPIHkuqaMsn.jpg?quality=95&as=32x43,48x64,72x96,108x144,160x213,240x320,360x480,480x640,540x720,640x853,720x960,1080x1440,1280x1707,1344x1792&from=bu&cs=1344x0",,False,,synagogue,True,False,-170690865__457254722
457254859,-7,-170690865,-170690865,1670415352,2022-12-07 13:15:52,58.008016,56.234306,58.00819896273859,56.23476395501453,33.78969930208058,"https://sun9-85.userapi.com/s/v1/ig2/17oWlUlcof8_sxFPz0CD5K2hZIMrRpfnKIUJRP48G48s6ipLhBV1TqRCpXj039vZc4E9FSN1EpVF_xhHBbRdOSUX.jpg?quality=95&as=32x43,48x64,72x96,108x144,160x213,240x320,360x480,480x640,540x720,640x853,720x960,1080x1440,1280x1707,1344x1792&from=bu&cs=1344x0",,False,,synagogue,True,False,-170690865__457254859
457254856,-7,-170690865,-170690865,1670415312,2022-12-07 13:15:12,58.008023,56.234411,58.00819896273859,56.23476395501453,28.55136751134135,"https://sun9-85.userapi.com/s/v1/ig2/O8YDjotF4vVJjyrHLOUXw8lsvZDuwnTwcX_R8WB9nKU3qCZOY2NrpmHGwl2qjoF9AOJxWkCAwmdW4qklA8Nl7r9k.jpg?quality=95&as=32x43,48x64,72x96,108x144,160x213,240x320,360x480,480x640,540x720,640x853,720x960,1080x1440,1280x1707,1344x1792&from=bu&cs=1344x0",,False,,synagogue,True,False,-170690865__457254856
457254857,-7,-170690865,-170690865,1670415312,2022-12-07 13:15:12,58.008023,56.234411,58.00819896273859,56.23476395501453,28.55136751134135,"https://sun9-35.userapi.com/s/v1/ig2/HU3j2VuCFMlCUyBknEC_A-5hOzLBjhOcSGXpC-bHKRrSACTA1ORKxC29lcjVZ7zseWlyPFO0R2HlJ1o9fB5oXa_j.jpg?quality=95&as=32x43,48x64,72x96,108x144,160x213,240x320,360x480,480x640,540x720,640x853,720x960,1080x1440,1280x1707,1344x1792&from=bu&cs=1344x0",,False,,synagogue,True,False,-170690865__457254857
457254851,-7,-170690865,-170690865,1670415236,2022-12-07 13:13:56,58.008023,56.234411,58.00819896273859,56.23476395501453,28.55136751134135,"https://sun9-17.userapi.com/s/v1/ig2/Y22OmwNfZ3lNtQmRrVTwljcG3gaQ3S4ooArwtFEDQ7J52917_Slhkq2EJGW03mwkXAEz3tpyQLYqadx6XQJc_o_L.jpg?quality=95&as=32x43,48x64,72x96,108x144,160x213,240x320,360x480,480x640,540x720,640x853,720x960,1080x1440,1280x1707,1344x1792&from=bu&cs=1344x0",,False,,synagogue,True,False,-170690865__457254851
457254847,-7,-170690865,-170690865,1670413214,2022-12-07 12:40:14,58.008023,56.234411,58.00819896273859,56.23476395501453,28.55136751134135,"https://sun9-16.userapi.com/s/v1/ig2/twgtpimqnLkoqdod0To4h6mjE-1uSy7uNuLe1B5Qu9MaG-E2xRd4onZCLneVFsAfqYVRJtvUZAw9jxPifUxyxDoA.jpg?quality=95&as=32x43,48x64,72x96,108x144,160x213,240x320,360x480,480x640,540x720,640x853,720x960,1080x1440,1280x1707,1344x1792&from=bu&cs=1344x0",,False,,synagogue,True,False,-170690865__457254847
457254828,-7,-170690865,-170690865,1670333927,2022-12-06 14:38:47,58.008016,56.234306,58.00819896273859,56.23476395501453,33.78969930208058,"https://sun9-81.userapi.com/s/v1/ig2/ircJhPqy7zutoke7KE1wRWQkwKp9B-hwW1mMIWww49AqgEkf2csGmxjb0eAw6vdlDnfMEV5K-CAbrVcBqUyFo7xP.jpg?quality=95&as=32x43,48x64,72x96,108x144,160x213,240x320,360x480,480x640,540x720,640x853,720x960,1080x1440,1280x1707,1344x1792&from=bu&cs=1344x0",,False,,synagogue,True,False,-170690865__457254828
457254822,-7,-170690865,-170690865,1670333770,2022-12-06 14:36:10,58.008016,56.234306,58.00819896273859,56.23476395501453,33.78969930208058,"https://sun9-65.userapi.com/s/v1/ig2/FufJvfwsSztUg7TDRZY27FDCDFxiBQ4Ws_zbDlICMapaiEquV9mvtxUv85eDEzj6h72BS6lDicexfgC1HHRi2w-1.jpg?quality=95&as=32x43,48x64,72x96,108x144,160x213,240x320,360x480,480x640,540x720,640x853,720x960,1080x1440,1280x1707,1344x1792&from=bu&cs=1344x0",,False,,synagogue,True,False,-170690865__457254822
457255030,-7,-170690865,-170690865,1671622815,2022-12-21 12:40:15,58.008023,56.234411,58.00819896273859,56.23476395501453,28.55136751134135,"https://sun9-9.userapi.com/s/v1/ig2/ykfjqh8My9m1RdPua__-Owv-mVI7HWBlXqjeMEWspGLmq1Tkd3KnnI7n2h75zR1wcGRrOXuTfMCnVXYQTlZAjutJ.jpg?quality=95&as=32x43,48x64,72x96,108x144,160x213,240x320,360x480,480x640,540x720,640x853,720x960,1080x1440,1280x1707,1344x1792&from=bu&cs=1344x0",,False,,synagogue,True,False,-170690865__457255030
457254942,-7,-170690865,-170690865,1671111264,2022-12-15 14:34:24,58.008023,56.234411,58.00819896273859,56.23476395501453,28.55136751134135,"https://sun9-11.userapi.com/s/v1/ig2/q9tRht4YDlaJ4DiNkhqp-ez0t_InZRjf_3I4R5RJB3b2RzY6iEoQLpM9HTWWb7VTHxy9BbnPodjXzAbHyMSKh-Rd.jpg?quality=95&as=32x43,48x64,72x96,108x144,160x213,240x320,360x480,480x640,540x720,640x853,720x960,1080x1440,1280x1707,1344x1792&from=bu&cs=1344x0",,False,,synagogue,True,False,-170690865__457254942
457254943,-7,-170690865,-170690865,1671111264,2022-12-15 14:34:24,58.008023,56.234411,58.00819896273859,56.23476395501453,28.55136751134135,"https://sun9-71.userapi.com/s/v1/ig2/8FoR7JtQcYrV0jEhWPnvizCebJqq5TH4vr8hKheqReG6aSdh7W-1NZDYzkSc1OaZRiEzNANnMy1aUGWpS33MfBMC.jpg?quality=95&as=32x43,48x64,72x96,108x144,160x213,240x320,360x480,480x640,540x720,640x853,720x960,1080x1440,1280x1707,1344x1792&from=bu&cs=1344x0",,False,,synagogue,True,False,-170690865__457254943
457254932,-7,-170690865,-170690865,1671110992,2022-12-15 14:29:52,58.008016,56.234306,58.00819896273859,56.23476395501453,33.78969930208058,"https://sun9-37.userapi.com/s/v1/ig2/gKr3yBs4FyaO6PvY8JMHqBTrbXPxp8TG4FrwLDQ1yC29X7_LMa2rOTiobnle43N8kHuLpP1jk_OQ8RpaqLNZySUv.jpg?quality=95&as=32x43,48x64,72x96,108x144,160x213,240x320,360x480,480x640,540x720,640x853,720x960,1080x1440,1280x1707,1344x1792&from=bu&cs=1344x0",,False,,synagogue,True,False,-170690865__457254932
457254936,-7,-170690865,-170690865,1671110992,2022-12-15 14:29:52,58.008023,56.234411,58.00819896273859,56.23476395501453,28.55136751134135,"https://sun9-54.userapi.com/s/v1/ig2/sVr1Om9LaGgxRhHnZkuaPjZRdn2neeqAcFWc1B5avvwXo8qo3Z7dGHO1OiXVBRZRagm4wl-voZaCQcY8P4xuXPNW.jpg?quality=95&as=32x43,48x64,72x96,108x144,160x213,240x320,360x480,480x640,540x720,640x853,720x960,1080x1440,1280x1707,1344x1792&from=bu&cs=1344x0",,False,,synagogue,True,False,-170690865__457254936
457255161,-7,-170690865,-170690865,1672820010,2023-01-04 09:13:30,58.008016,56.234306,58.00819896273859,56.23476395501453,33.78969930208058,"https://sun9-13.userapi.com/s/v1/ig2/uc4oEtXDsCoPF2e815eufP9x3bDi6qsFtakgIPveL4_0Y06cHKTkqcDFcxDOsuHLNPTJY99OvkHaAyuKjNm09SM9.jpg?quality=95&as=32x43,48x64,72x96,108x144,160x213,240x320,360x480,480x640,540x720,640x853,720x960,1080x1440,1280x1707,1344x1792&from=bu&cs=1344x0",,False,,synagogue,True,False,-170690865__457255161
457255158,-7,-170690865,-170690865,1672819903,2023-01-04 09:11:43,58.008023,56.234411,58.00819896273859,56.23476395501453,28.55136751134135,"https://sun9-64.userapi.com/s/v1/ig2/4ICpWdn8b7dTW2iNwRIimqveCTJj-DEyOu8Q1KI6NncYsbouK-uXQ6iaAdM-4w1_Gw8KsHTZ0t88fR-0YGcPNARZ.jpg?quality=95&as=32x43,48x64,72x96,108x144,160x213,240x320,360x480,480x640,540x720,640x853,720x960,1080x1440,1280x1707,1344x1792&from=bu&cs=1344x0",,False,,synagogue,True,False,-170690865__457255158
457255159,-7,-170690865,-170690865,1672819903,2023-01-04 09:11:43,58.008023,56.234411,58.00819896273859,56.23476395501453,28.55136751134135,"https://sun9-54.userapi.com/s/v1/ig2/WPvXySteZkGux-VAX2AhCkRe2Up9EsZABSrknIoUIThTL7ObOKzBcaQkDXs8QPl9atuxuqHKn3y-FwPd3Utf75sl.jpg?quality=95&as=32x43,48x64,72x96,108x144,160x213,240x320,360x480,480x640,540x720,640x853,720x960,1080x1440,1280x1707,1344x1792&from=bu&cs=1344x0",,False,,synagogue,True,False,-170690865__457255159
457255151,-7,-170690865,-170690865,1672819612,2023-01-04 09:06:52,58.008023,56.234411,58.00819896273859,56.23476395501453,28.55136751134135,"https://sun9-54.userapi.com/s/v1/ig2/XKzmD3GvKiNM_VTvPh2d8ZOHk89cPG1YwNFG4M5hr8_iwGJfV9sJXJDFydYU36ddw9ToWm5V-Qy_2wvQttgVZgNX.jpg?quality=95&as=32x43,48x64,72x96,108x144,160x213,240x320,360x480,480x640,540x720,640x853,720x960,1080x1440,1280x1707,1344x1792&from=bu&cs=1344x0",,False,,synagogue,True,False,-170690865__457255151
457255148,-7,-170690865,-170690865,1672819500,2023-01-04 09:05:00,58.008016,56.234306,58.00819896273859,56.23476395501453,33.78969930208058,"https://sun9-76.userapi.com/s/v1/ig2/Q4n78a3-1Gtg_q161EPOU7BtiaO-fX80SHvSZJltE-B8LvKSm7gdCF8rhGBo5orRSYlm22dx4_vdXtyrslBUyrDd.jpg?quality=95&as=32x43,48x64,72x96,108x144,160x213,240x320,360x480,480x640,540x720,640x853,720x960,1080x1440,1280x1707,1344x1792&from=bu&cs=1344x0",,False,,synagogue,True,False,-170690865__457255148
457255285,-7,-170690865,-170690865,1673435653,2023-01-11 12:14:13,58.008198,56.234305,58.00819896273859,56.23476395501453,27.037637297510656,"https://sun9-87.userapi.com/s/v1/ig2/PyyCfNxNoUNpUMd0m73rlcONtiarjSonZjsBrGWUObkM6wTlEf2BjGM1pZo5TL4zodT-wBuIuhzf5PX4dxf1e8Gx.jpg?quality=95&as=32x43,48x64,72x96,108x144,160x213,240x320,360x480,480x640,540x720,640x853,720x960,1080x1440,1280x1707,1344x1792&from=bu&cs=1344x0",,False,,synagogue,True,False,-170690865__457255285
457255253,-7,-170690865,-170690865,1673159425,2023-01-08 07:30:25,58.008016,56.234306,58.00819896273859,56.23476395501453,33.78969930208058,"https://sun9-20.userapi.com/s/v1/ig2/URLmX8qRL_MHcVaOlczX56idb8EZwNDqXzKhwC0I6oeD0q9xJQQ4UHwiNDfShdKTeSvlmXhKOUAFxus6yj1iTFgR.jpg?quality=95&as=32x43,48x64,72x96,108x144,160x213,240x320,360x480,480x640,540x720,640x853,720x960,1080x1440,1280x1707,1344x1792&from=bu&cs=1344x0",,False,,synagogue,True,False,-170690865__457255253
457255222,-7,-170690865,-170690865,1673087618,2023-01-07 11:33:38,58.008198,56.234305,58.00819896273859,56.23476395501453,27.037637297510656,"https://sun9-18.userapi.com/s/v1/ig2/Zx7CUjWi7UqezTNfuraIES2rkuBi3Fg4AKYPKz_Bp1m8zRa6SHGIJ9CrM9EDnk9xQJcw_77tdP5ud1FHRpBR8PJf.jpg?quality=95&as=32x43,48x64,72x96,108x144,160x213,240x320,360x480,480x640,540x720,640x853,720x960,1080x1440,1280x1707,1344x1792&from=bu&cs=1344x0",,False,,synagogue,True,False,-170690865__457255222
457255223,-7,-170690865,-170690865,1673087618,2023-01-07 11:33:38,58.008023,56.234411,58.00819896273859,56.23476395501453,28.55136751134135,"https://sun9-68.userapi.com/s/v1/ig2/7XSi1qLKO0wwHlLv4l7dn5ErhEt3qTLBrmEZeqs8ZNI90F6SjRiQsk5h__3BO_kgQO4yHNEQ7VsG5rakiBZsmszQ.jpg?quality=95&as=32x43,48x64,72x96,108x144,160x213,240x320,360x480,480x640,540x720,640x853,720x960,1080x1440,1280x1707,1344x1792&from=bu&cs=1344x0",,False,,synagogue,True,False,-170690865__457255223
457255218,-7,-170690865,-170690865,1673087565,2023-01-07 11:32:45,58.008016,56.234306,58.00819896273859,56.23476395501453,33.78969930208058,"https://sun9-6.userapi.com/s/v1/ig2/UZcsIcHF3fqtRb17uOohmVnV5gSYChiseQUFO5Czu5nv2GM5dx5SPu3LA79D0ZVuqk9_xp7Y_IfoZmz8vrknUzLi.jpg?quality=95&as=32x43,48x64,72x96,108x144,160x213,240x320,360x480,480x640,540x720,640x853,720x960,1080x1440,1280x1707,1344x1792&from=bu&cs=1344x0",,False,,synagogue,True,False,-170690865__457255218
457255219,-7,-170690865,-170690865,1673087565,2023-01-07 11:32:45,58.008023,56.234411,58.00819896273859,56.23476395501453,28.55136751134135,"https://sun9-28.userapi.com/s/v1/ig2/RP8S5tw5_ynV0NmlGnbpszriOAX07hpKN62cz7X6uEjHc_np1miwWqaxcnnu5DnktucCvEPYJGs7CdUm5HDfdYF1.jpg?quality=95&as=32x43,48x64,72x96,108x144,160x213,240x320,360x480,480x640,540x720,640x853,720x960,1080x1440,1280x1707,1344x1792&from=bu&cs=1344x0",,False,,synagogue,True,False,-170690865__457255219
457255407,-7,-170690865,-170690865,1674127268,2023-01-19 12:21:08,58.007911,56.234094,58.00819896273859,56.23476395501453,50.82307597422893,"https://sun9-42.userapi.com/s/v1/ig2/8JXszlHLfH4S39fum6G7S0onm1MGY1Q7TQ4s3cNUlnkei5_JpmMfv5-0cMFBoPmo0SqFSrgtW_P_GQVjdc2GHdp-.jpg?quality=95&as=32x43,48x64,72x96,108x144,160x213,240x320,360x480,480x640,540x720,640x853,720x960,1080x1440,1280x1707,1344x1792&from=bu&cs=1344x0",,False,,synagogue,True,False,-170690865__457255407
457255406,-7,-170690865,-170690865,1674127181,2023-01-19 12:19:41,58.008023,56.234411,58.00819896273859,56.23476395501453,28.55136751134135,"https://sun9-88.userapi.com/s/v1/ig2/FLydkkDSYnoIkalVGyv5pb0Kh4Okr2l__XAq249msVWxh4QF5xgSBe6JyQBCye9JXAxtuAz9yDcoyy_mxvY4IFQ9.jpg?quality=95&as=32x43,48x64,72x96,108x144,160x213,240x320,360x480,480x640,540x720,640x853,720x960,1080x1440,1280x1707,1344x1792&from=bu&cs=1344x0",,False,,synagogue,True,False,-170690865__457255406
457255386,-7,-170690865,-170690865,1674123366,2023-01-19 11:16:06,58.008016,56.234306,58.00819896273859,56.23476395501453,33.78969930208058,"https://sun9-58.userapi.com/s/v1/ig2/VTnSq7rzFzwneLxbD-AceKX3dAFhyghWw5Tx6CMWiAWP1nSiZLBjX5_CM1LBD7ZdvCv-QRpvETQHo-kUbItYT1ct.jpg?quality=95&as=32x43,48x64,72x96,108x144,160x213,240x320,360x480,480x640,540x720,640x853,720x960,1080x1440,1280x1707,1344x1792&from=bu&cs=1344x0",,False,,synagogue,True,False,-170690865__457255386
457255387,-7,-170690865,-170690865,1674123366,2023-01-19 11:16:06,58.008016,56.234306,58.00819896273859,56.23476395501453,33.78969930208058,"https://sun9-26.userapi.com/s/v1/ig2/wbz_8HwIpowWE0SkqiUcjRaQHShCQM0u9UNOtCJO90VQK7-RLh0Z7sX4NO1jSWjU9ukZLddfTE-MXNBU1db6UyMz.jpg?quality=95&as=32x43,48x64,72x96,108x144,160x213,240x320,360x480,480x640,540x720,640x853,720x960,1080x1440,1280x1707,1344x1792&from=bu&cs=1344x0",,False,,synagogue,True,False,-170690865__457255387
457255331,-7,-170690865,-170690865,1673702704,2023-01-14 14:25:04,58.008016,56.234306,58.00819896273859,56.23476395501453,33.78969930208058,"https://sun9-53.userapi.com/s/v1/ig2/s_cKldQJzYvdduLPDGlZXgm0hM77QRF3dIcRF8nTMBMlq_7ELBMOfyknRoijG6BZDA296BwZyxyajlXU8XQrjSOy.jpg?quality=95&as=32x43,48x64,72x96,108x144,160x213,240x320,360x480,480x640,540x720,640x853,720x960,1080x1440,1280x1707,1344x1792&from=bu&cs=1344x0",,False,,synagogue,True,False,-170690865__457255331
457255330,-7,-170690865,-170690865,1673702704,2023-01-14 14:25:04,58.008016,56.234306,58.00819896273859,56.23476395501453,33.78969930208058,"https://sun9-38.userapi.com/s/v1/ig2/rhjFVyrligH6S_U5r-MIkkkInDMjcytBO0JmmLlrlpvuZG8QaPldEtMo9C3QUVq6ngGuhaEJ3gaARRnYl33dMpBh.jpg?quality=95&as=32x43,48x64,72x96,108x144,160x213,240x320,360x480,480x640,540x720,640x853,720x960,1080x1440,1280x1707,1344x1792&from=bu&cs=1344x0",,False,,synagogue,True,False,-170690865__457255330
457255326,-7,-170690865,-170690865,1673702630,2023-01-14 14:23:50,58.008016,56.234306,58.00819896273859,56.23476395501453,33.78969930208058,"https://sun9-80.userapi.com/s/v1/ig2/3fdYkXckXKpO036J2LdsV5SYHRmfRgOFxDTppoor2gszuCv6R9t4nriGqWPJnHh78K5zB9-SkD80EpKEqrguddk2.jpg?quality=95&as=32x43,48x64,72x96,108x144,160x213,240x320,360x480,480x640,540x720,640x853,720x960,1080x1440,1280x1707,1344x1792&from=bu&cs=1344x0",,False,,synagogue,True,False,-170690865__457255326
457255328,-7,-170690865,-170690865,1673702630,2023-01-14 14:23:50,58.008016,56.234306,58.00819896273859,56.23476395501453,33.78969930208058,"https://sun9-60.userapi.com/s/v1/ig2/N2xd2kH8fWXt3Br9y8D0q0p170ay6zNbzt_Lg6m2V8MqAXjXlEtpYtwGE2AQfxzI9svvsF7aTsdYOTf963RMGtuD.jpg?quality=95&as=32x43,48x64,72x96,108x144,160x213,240x320,360x480,480x640,540x720,640x853,720x960,1080x1440,1280x1707,1344x1792&from=bu&cs=1344x0",,False,,synagogue,True,False,-170690865__457255328
457255527,-7,-170690865,-170690865,1674734561,2023-01-26 13:02:41,58.008016,56.234306,58.00819896273859,56.23476395501453,33.78969930208058,"https://sun9-86.userapi.com/s/v1/ig2/t_jaWRQT2MO9-EtQ4uQhcuz972uAyDiOrk8qm5yLt95rPOmMAodMwqC7itX2xa6G3-gidatPf4MpgZKpjkcSZb52.jpg?quality=95&as=32x43,48x64,72x96,108x144,160x213,240x320,360x480,480x640,540x720,640x853,720x960,1080x1440,1280x1707,1344x1792&from=bu&cs=1344x0",,False,,synagogue,True,False,-170690865__457255527
457255526,-7,-170690865,-170690865,1674734561,2023-01-26 13:02:41,58.008016,56.234306,58.00819896273859,56.23476395501453,33.78969930208058,"https://sun9-8.userapi.com/s/v1/ig2/R6m563N-UKLZ6coGVQPWhPbkjBGKqcCU2IHo3qqwjbcxu-WMxAwTMN9h2LqJQ5fFfElMerTQvzP0IpJIvwMzP1ND.jpg?quality=95&as=32x43,48x64,72x96,108x144,160x213,240x320,360x480,480x640,540x720,640x853,720x960,1080x1440,1280x1707,1344x1792&from=bu&cs=1344x0",,False,,synagogue,True,False,-170690865__457255526
457255528,-7,-170690865,-170690865,1674734561,2023-01-26 13:02:41,58.008016,56.234306,58.00819896273859,56.23476395501453,33.78969930208058,"https://sun9-86.userapi.com/s/v1/ig2/GtBZ7h0-aiU--CUuW0nL2FXIBE6zEpvqGE7ZZu0K3C33aJq4YnWY94uTI4WDDnoAthc35sURLZ_0U6MRV76cR4m_.jpg?quality=95&as=32x43,48x64,72x96,108x144,160x213,240x320,360x480,480x640,540x720,640x853,720x960,1080x1440,1280x1707,1344x1792&from=bu&cs=1344x0",,False,,synagogue,True,False,-170690865__457255528
457255523,-7,-170690865,-170690865,1674734364,2023-01-26 12:59:24,58.008023,56.234411,58.00819896273859,56.23476395501453,28.55136751134135,"https://sun9-79.userapi.com/s/v1/ig2/f_3kpVfCFwtG5PTjSYRiHygu2mYztP16LNl2U7-eNNL61N9qsfiiFoCI-JgJykJ5Yj8rSDIR_DJPzgL1B87_UiPO.jpg?quality=95&as=32x43,48x64,72x96,108x144,160x213,240x320,360x480,480x640,540x720,640x853,720x960,1080x1440,1280x1707,1344x1792&from=bu&cs=1344x0",,False,,synagogue,True,False,-170690865__457255523
457255522,-7,-170690865,-170690865,1674734364,2023-01-26 12:59:24,58.008023,56.234411,58.00819896273859,56.23476395501453,28.55136751134135,"https://sun9-9.userapi.com/s/v1/ig2/WhzOtjxnFxqeXg9gKmoc7paZUK32Z4BBMk3dHZgfdCKnMlHv63oyYOLnIVazYaokeQf40T2qnpRgK5ChinCOigR1.jpg?quality=95&as=32x43,48x64,72x96,108x144,160x213,240x320,360x480,480x640,540x720,640x853,720x960,1080x1440,1280x1707,1344x1792&from=bu&cs=1344x0",,False,,synagogue,True,False,-170690865__457255522
457255509,-7,-170690865,-170690865,1674562570,2023-01-24 13:16:10,58.008016,56.234306,58.00819896273859,56.23476395501453,33.78969930208058,"https://sun9-69.userapi.com/s/v1/ig2/UjQZgZXiD3gWvplvDQJI7V-y9mGoqxWjU3Ol4N3rXbKtI7Cc8yPlz7ds8kPYA0mf4A9ZswsMwShGlboO0zNlMdUN.jpg?quality=95&as=32x43,48x64,72x96,108x144,160x213,240x320,360x480,480x640,540x720,640x853,720x960,1080x1440,1280x1707,1344x1792&from=bu&cs=1344x0",,False,,synagogue,True,False,-170690865__457255509
457255508,-7,-170690865,-170690865,1674562570,2023-01-24 13:16:10,58.008016,56.234306,58.00819896273859,56.23476395501453,33.78969930208058,"https://sun9-52.userapi.com/s/v1/ig2/rvaBOp2jcoffJ-3gXVFOSQJCHaZ4VzPec91yjihv4Y29EG_etyRSwTkD1LaRpWG89vpoPuzuwSteLuPt9As_R0TE.jpg?quality=95&as=32x43,48x64,72x96,108x144,160x213,240x320,360x480,480x640,540x720,640x853,720x960,1080x1440,1280x1707,1344x1792&from=bu&cs=1344x0",,False,,synagogue,True,False,-170690865__457255508
457255510,-7,-170690865,-170690865,1674562570,2023-01-24 13:16:10,58.008016,56.234306,58.00819896273859,56.23476395501453,33.78969930208058,"https://sun9-12.userapi.com/s/v1/ig2/BY8E1FfUg-lV7-Dh6FcJuYaHbF5EloQzOTMjtlsFpkClEamKMNoghs2YP2EaUpqlPLe3Ch4LpczrEpAGMS1yHmvD.jpg?quality=95&as=32x43,48x64,72x96,108x144,160x213,240x320,360x480,480x640,540x720,640x853,720x960,1080x1440,1280x1707,1344x1792&from=bu&cs=1344x0",,False,,synagogue,True,False,-170690865__457255510
457255500,-7,-170690865,-170690865,1674560819,2023-01-24 12:46:59,58.008198,56.234305,58.00819896273859,56.23476395501453,27.037637297510656,"https://sun9-73.userapi.com/s/v1/ig2/_vSeIgOlR72bzJ5peNmPw6nhK_ju5sVqAtuj61gtGdAXU9o-QOatVlnUfn4ijcjouvs0n-h7DvPwkX-st0sRPEN1.jpg?quality=95&as=32x43,48x64,72x96,108x144,160x213,240x320,360x480,480x640,540x720,640x853,720x960,1080x1440,1280x1707,1344x1792&from=bu&cs=1344x0",,False,,synagogue,True,False,-170690865__457255500
457255501,-7,-170690865,-170690865,1674560819,2023-01-24 12:46:59,58.008016,56.234306,58.00819896273859,56.23476395501453,33.78969930208058,"https://sun9-45.userapi.com/s/v1/ig2/uj0h1jMPkiX5zqyJKr1EjnV2iCPxxnCXg_ruiJPJqu9tsCj1IQ9Ft3oLOEXm8KJx3_yaaBAyIg_0G9v7gHQTUl-5.jpg?quality=95&as=32x43,48x64,72x96,108x144,160x213,240x320,360x480,480x640,540x720,640x853,720x960,1080x1440,1280x1707,1344x1792&from=bu&cs=1344x0",,False,,synagogue,True,False,-170690865__457255501
457255495,-7,-170690865,-170690865,1674560609,2023-01-24 12:43:29,58.008023,56.234411,58.00819896273859,56.23476395501453,28.55136751134135,"https://sun9-33.userapi.com/s/v1/ig2/vLI-1a4EfkWG-I6EvibUJhZeJ1FCe0QA6G8QCDQLILwY6EcCAuGw2OQ1UxOFj8y4WvZt5SFdRRpdWMZiBaHf7HTN.jpg?quality=95&as=32x43,48x64,72x96,108x144,160x213,240x320,360x480,480x640,540x720,640x853,720x960,1080x1440,1280x1707,1344x1792&from=bu&cs=1344x0",,False,,synagogue,True,False,-170690865__457255495
457255496,-7,-170690865,-170690865,1674560609,2023-01-24 12:43:29,58.008023,56.234411,58.00819896273859,56.23476395501453,28.55136751134135,"https://sun9-12.userapi.com/s/v1/ig2/4peNx78ichn5gqed945Gb0Xtwe-r59cxHtZcn8omIF0owuEX0Wijmj3tPtFqTbFGyGLEJbrbyqNgJDTvQEKfpDI6.jpg?quality=95&as=32x43,48x64,72x96,108x144,160x213,240x320,360x480,480x640,540x720,640x853,720x960,1080x1440,1280x1707,1344x1792&from=bu&cs=1344x0",,False,,synagogue,True,False,-170690865__457255496
457255492,-7,-170690865,-170690865,1674560480,2023-01-24 12:41:20,58.008023,56.234411,58.00819896273859,56.23476395501453,28.55136751134135,"https://sun9-79.userapi.com/s/v1/ig2/81VqdH5efGTvPxBeCiWmhY56pQpng_V3b75RcrbIz8DeA_fWeN3Hz6UaKCeWPlT4fNMFiftuttlHeE7Zu7Wtpwla.jpg?quality=95&as=32x43,48x64,72x96,108x144,160x213,240x320,360x480,480x640,540x720,640x853,720x960,1080x1440,1280x1707,1344x1792&from=bu&cs=1344x0",,False,,synagogue,True,False,-170690865__457255492
457255491,-7,-170690865,-170690865,1674560480,2023-01-24 12:41:20,58.008023,56.234411,58.00819896273859,56.23476395501453,28.55136751134135,"https://sun9-81.userapi.com/s/v1/ig2/XwlmBOqEoMFwAX6cOz8KlxAgRXpxcGsucUAAI-EjnrzNG_mZ9oIsu5kToz2ypLy9JvGugSQHb1GOabTw4cphm0qR.jpg?quality=95&as=32x43,48x64,72x96,108x144,160x213,240x320,360x480,480x640,540x720,640x853,720x960,1080x1440,1280x1707,1344x1792&from=bu&cs=1344x0",,False,,synagogue,True,False,-170690865__457255491
457255486,-7,-170690865,-170690865,1674396982,2023-01-22 15:16:22,58.008023,56.234411,58.00819896273859,56.23476395501453,28.55136751134135,"https://sun9-36.userapi.com/s/v1/ig2/9Y1D99vE7V_i2BuivTQ5oi49o8KaQGd5UFj6tvwEBKsZjtQ36S7lYJnEEkOmOKn-6piitg08clgnkdeAcTbH3-Yn.jpg?quality=95&as=32x43,48x64,72x96,108x144,160x213,240x320,360x480,480x640,540x720,640x853,720x960,1080x1440,1280x1707,1344x1792&from=bu&cs=1344x0",,False,,synagogue,True,False,-170690865__457255486
457255481,-7,-170690865,-170690865,1674396882,2023-01-22 15:14:42,58.008023,56.234411,58.00819896273859,56.23476395501453,28.55136751134135,"https://sun9-7.userapi.com/s/v1/ig2/JtYsKJuBXOkLGR6dG5IlJ2MXt63Y9GgTBSDJ4yzuPHHpHfyioX9NV-EwzasENDY82JV3aw383f9jVmQ-mE2wBg0T.jpg?quality=95&as=32x43,48x64,72x96,108x144,160x213,240x320,360x480,480x640,540x720,640x853,720x960,1080x1440,1280x1707,1344x1792&from=bu&cs=1344x0",,False,,synagogue,True,False,-170690865__457255481
457255483,-7,-170690865,-170690865,1674396882,2023-01-22 15:14:42,58.008023,56.234411,58.00819896273859,56.23476395501453,28.55136751134135,"https://sun9-47.userapi.com/s/v1/ig2/8r0WdM1XM1yjFjnB1ywT4mVU4XbUOvN5b6uYqZnh8ndF0ONFbuNyaIMw1XV41DnFVlGERyhkOd1aQtsyfSsTlzsM.jpg?quality=95&as=32x43,48x64,72x96,108x144,160x213,240x320,360x480,480x640,540x720,640x853,720x960,1080x1440,1280x1707,1344x1792&from=bu&cs=1344x0",,False,,synagogue,True,False,-170690865__457255483
457255472,-7,-170690865,-170690865,1674390318,2023-01-22 13:25:18,58.008023,56.234411,58.00819896273859,56.23476395501453,28.55136751134135,"https://sun9-31.userapi.com/s/v1/ig2/Xph4ge7x3ayFq40CAgw9t4x65TtawyAQjh67wKyd9FklL6Df6WZU8vVIHai3kQiDIM6Y_DcasL-jyfsgxUP1qAwC.jpg?quality=95&as=32x43,48x64,72x96,108x144,160x213,240x320,360x480,480x640,540x720,640x853,720x960,1080x1440,1280x1707,1344x1792&from=bu&cs=1344x0",,False,,synagogue,True,False,-170690865__457255472
457255467,-7,-170690865,-170690865,1674390170,2023-01-22 13:22:50,58.008023,56.234411,58.00819896273859,56.23476395501453,28.55136751134135,"https://sun9-10.userapi.com/s/v1/ig2/wUVNhf6ZWthTQDuLCV9TgTTo-YDFZ-I0NDCPSIb_cdmxN9S9DuWbWP5cw9tKUom0igtxEQeVbvaOePLA4cFT2r2m.jpg?quality=95&as=32x43,48x64,72x96,108x144,160x213,240x320,360x480,480x640,540x720,640x853,720x960,1080x1440,1280x1707,1344x1792&from=bu&cs=1344x0",,False,,synagogue,True,False,-170690865__457255467
457255466,-7,-170690865,-170690865,1674390170,2023-01-22 13:22:50,58.008016,56.234306,58.00819896273859,56.23476395501453,33.78969930208058,"https://sun9-62.userapi.com/s/v1/ig2/6Tp5M-9IXI4c79O_Vs5rOxQkF-JkWgS_C6fHb6qCl-4h1813slJgYZhp-bVAdQ--xFaQ06v3drSBM9aCjwiqhNcC.jpg?quality=95&as=32x43,48x64,72x96,108x144,160x213,240x320,360x480,480x640,540x720,640x853,720x960,1080x1440,1280x1707,1344x1792&from=bu&cs=1344x0",,False,,synagogue,True,False,-170690865__457255466
457255442,-7,-170690865,-170690865,1674292233,2023-01-21 10:10:33,58.008016,56.234306,58.00819896273859,56.23476395501453,33.78969930208058,"https://sun9-55.userapi.com/s/v1/ig2/NcQlNvEh1WvmXPwQa8YcAqyDJi_dhIJHWuA3x-d-x5211haHf1t-yLdVvPWaQpgA3YR9wwwz57qXI_f0KiqGr_kz.jpg?quality=95&as=32x43,48x64,72x96,108x144,160x213,240x320,360x480,480x640,540x720,640x853,720x960,1080x1440,1280x1707,1344x1792&from=bu&cs=1344x0",,False,,synagogue,True,False,-170690865__457255442
457255588,-7,-170690865,-170690865,1675344162,2023-02-02 14:22:42,58.008016,56.234306,58.00819896273859,56.23476395501453,33.78969930208058,"https://sun9-40.userapi.com/s/v1/ig2/P4UN_y0Z6VLa59qOpi6T7lXELW_-PhYUoz3UhM6HozNzBIOsocPGu9Q9fKkjCTe5HSqHr2-V4aSomUVfbBAqGCaK.jpg?quality=95&as=32x43,48x64,72x96,108x144,160x213,240x320,360x480,480x640,540x720,640x853,720x960,1080x1440,1280x1707,1344x1792&from=bu&cs=1344x0",,False,,synagogue,True,False,-170690865__457255588
457255685,-7,-170690865,-170690865,1675852569,2023-02-08 11:36:09,58.008016,56.234306,58.00819896273859,56.23476395501453,33.78969930208058,"https://sun9-19.userapi.com/s/v1/ig2/iyfeJ8kEXA9yg1Mzr13TkFut1KMQjZZIW34rFnO1QmIIr7gLk3XKe0fc0xq92uoV3VKnUSO7v0GjI5eXJAKLL-Rj.jpg?quality=95&as=32x43,48x64,72x96,108x144,160x213,240x320,360x480,480x640,540x720,640x853,720x960,1080x1440,1280x1707,1344x1792&from=bu&cs=1344x0",,False,,synagogue,True,False,-170690865__457255685
457255663,-7,-170690865,-170690865,1675696480,2023-02-06 16:14:40,58.008016,56.234306,58.00819896273859,56.23476395501453,33.78969930208058,"https://sun9-47.userapi.com/s/v1/ig2/IKQcZx7wsT5ktYPZvNRbMDhzacU4bcIv9RI6cEaB5YI_5DHmRmnW2vlPYnNyBBxAjXK7ll0fVwdmn0lxbSiWfzyz.jpg?quality=95&as=32x43,48x64,72x96,108x144,160x213,240x320,360x480,480x640,540x720,640x853,720x960,1080x1440,1280x1707,1344x1792&from=bu&cs=1344x0",,False,,synagogue,True,False,-170690865__457255663
457255654,-7,-170690865,-170690865,1675694676,2023-02-06 15:44:36,58.008023,56.234411,58.00819896273859,56.23476395501453,28.55136751134135,"https://sun9-80.userapi.com/s/v1/ig2/KjRc3MhPyRx3ZEjHs_cHTDujR7K9DBfpRbDj-WGr1EmrPtvWUwC8niAwcl4NUq_-za55LQ5n37TeO6PFj9XuPn5X.jpg?quality=95&as=32x43,48x64,72x96,108x144,160x213,240x320,360x480,480x640,540x720,640x853,720x960,1080x1440,1280x1707,1344x1792&from=bu&cs=1344x0",,False,,synagogue,True,False,-170690865__457255654
457255656,-7,-170690865,-170690865,1675694676,2023-02-06 15:44:36,58.008016,56.234306,58.00819896273859,56.23476395501453,33.78969930208058,"https://sun9-17.userapi.com/s/v1/ig2/qnBVD6lNOYUfxPI-DHIRspau7aEudGn2sxQUWVl_rl8kfHPLPFwqtW5kKh2vqlRwb3n13dYjULoSqiGJDBu9aLOi.jpg?quality=95&as=32x43,48x64,72x96,108x144,160x213,240x320,360x480,480x640,540x720,640x853,720x960,1080x1440,1280x1707,1344x1792&from=bu&cs=1344x0",,False,,synagogue,True,False,-170690865__457255656
457255655,-7,-170690865,-170690865,1675694676,2023-02-06 15:44:36,58.008023,56.234411,58.00819896273859,56.23476395501453,28.55136751134135,"https://sun9-13.userapi.com/s/v1/ig2/U_mqDbcrFRWlZbalpLQ4Uw99ix_K7VKLdCFdgMYoGad3vdLQIkhx3riaI5UulO6HBerj86I5POZjO2QE8Qvt5HHW.jpg?quality=95&as=32x43,48x64,72x96,108x144,160x213,240x320,360x480,480x640,540x720,640x853,720x960,1080x1440,1280x1707,1344x1792&from=bu&cs=1344x0",,False,,synagogue,True,False,-170690865__457255655
457255652,-7,-170690865,-170690865,1675693212,2023-02-06 15:20:12,58.008198,56.234305,58.00819896273859,56.23476395501453,27.037637297510656,"https://sun9-27.userapi.com/s/v1/ig2/NF-_VJhZdl80zE4F8Ng9Km2-YmP4eX9jkuePKncw2_VYuchM6mnBF9vRneIUGTX7XB57LHu3nYx8NP_t3oxuF-_b.jpg?quality=95&as=32x43,48x64,72x96,108x144,160x213,240x320,360x480,480x640,540x720,640x853,720x960,1080x1440,1280x1707,1344x1792&from=bu&cs=1344x0",,False,,synagogue,True,False,-170690865__457255652
457255649,-7,-170690865,-170690865,1675692997,2023-02-06 15:16:37,58.008016,56.234306,58.00819896273859,56.23476395501453,33.78969930208058,"https://sun9-38.userapi.com/s/v1/ig2/gbd05sC3HfHgc2F3AQCtaqrAr5M_Hpvacdn9e3ygxKMzip9whHkaXNL2R9It_Kdz75ZNXhL_sguwKuFG3BJTYpyX.jpg?quality=95&as=32x43,48x64,72x96,108x144,160x213,240x320,360x480,480x640,540x720,640x853,720x960,1080x1440,1280x1707,1344x1792&from=bu&cs=1344x0",,False,,synagogue,True,False,-170690865__457255649
457255645,-7,-170690865,-170690865,1675605666,2023-02-05 15:01:06,58.008023,56.234411,58.00819896273859,56.23476395501453,28.55136751134135,"https://sun9-44.userapi.com/s/v1/ig2/FfU4d9UYOqlUWtBk7KVthZXsAOtExAW_Lg_mYGiK9SAwDkDmtKfbAmHWN8JKIHM42oMYNVxtH3R_8u9Vd-eHgLnL.jpg?quality=95&as=32x43,48x64,72x96,108x144,160x213,240x320,360x480,480x640,540x720,640x853,720x960,1080x1440,1280x1707,1344x1792&from=bu&cs=1344x0",,False,,synagogue,True,False,-170690865__457255645
457255644,-7,-170690865,-170690865,1675605666,2023-02-05 15:01:06,58.008023,56.234411,58.00819896273859,56.23476395501453,28.55136751134135,"https://sun9-20.userapi.com/s/v1/ig2/VD8MfgDPk7h9jGaVwLkfgAM4IcZA4p2s6d1qCLIPcyQ_5swh4ey3wXkrwWZxlDJ_Np6cNrEFPs5_Br3D3B0JVrWD.jpg?quality=95&as=32x43,48x64,72x96,108x144,160x213,240x320,360x480,480x640,540x720,640x853,720x960,1080x1440,1280x1707,1344x1792&from=bu&cs=1344x0",,False,,synagogue,True,False,-170690865__457255644
457255640,-7,-170690865,-170690865,1675605577,2023-02-05 14:59:37,58.008016,56.234306,58.00819896273859,56.23476395501453,33.78969930208058,"https://sun9-70.userapi.com/s/v1/ig2/tW6qX3UHOVprPXV8QoWR15c3ZJ5muND6PhkOdDKBkWYGLQzWHbEphQIweUuysxtUXXCopzFt_EJa1ZrKND9uGfjj.jpg?quality=95&as=32x43,48x64,72x96,108x144,160x213,240x320,360x480,480x640,540x720,640x853,720x960,1080x1440,1280x1707,1344x1792&from=bu&cs=1344x0",,False,,synagogue,True,False,-170690865__457255640
457255631,-7,-170690865,-170690865,1675604721,2023-02-05 14:45:21,58.008016,56.234306,58.00819896273859,56.23476395501453,33.78969930208058,"https://sun9-84.userapi.com/s/v1/ig2/DiSUnLvZbAoCSgIZcaEumHbZAKT6Hk9xZiiEHdKKUhKAtgBr4jI4eX96dJcT_mNWOZ9bVozZeIJpGsURWTTVP9Wy.jpg?quality=95&as=32x43,48x64,72x96,108x144,160x213,240x320,360x480,480x640,540x720,640x853,720x960,1080x1440,1280x1707,1344x1792&from=bu&cs=1344x0",,False,,synagogue,True,False,-170690865__457255631
457255613,-7,-170690865,-170690865,1675508645,2023-02-04 12:04:05,58.008016,56.234306,58.00819896273859,56.23476395501453,33.78969930208058,"https://sun9-16.userapi.com/s/v1/ig2/PXiSkuvAq-KBHwcybO6lKlZSOseV12RkA_RdYHv15bLU_5N0cyoTQM_dbnyvL3QRdmdYFZ56ABp2b9T4T-UGN5DS.jpg?quality=95&as=32x43,48x64,72x96,108x144,160x213,240x320,360x480,480x640,540x720,640x853,720x960,1080x1440,1280x1707,1344x1792&from=bu&cs=1344x0",,False,,synagogue,True,False,-170690865__457255613
457255776,-7,-170690865,-170690865,1676460810,2023-02-15 12:33:30,58.008016,56.234306,58.00819896273859,56.23476395501453,33.78969930208058,"https://sun9-71.userapi.com/s/v1/ig2/oIBweVty9vYOyCbJC-6DcwSiS8qPFpyniMPrHxIt-irTPPnIqUEgZv8R7WQypAqBoKQW7qAsFf42MKbchg7CB08B.jpg?quality=95&as=32x43,48x64,72x96,108x144,160x213,240x320,360x480,480x640,540x720,640x853,720x960,1080x1440,1280x1707,1344x1792&from=bu&cs=1344x0",,False,,synagogue,True,False,-170690865__457255776
457255773,-7,-170690865,-170690865,1676460738,2023-02-15 12:32:18,58.008016,56.234306,58.00819896273859,56.23476395501453,33.78969930208058,"https://sun9-38.userapi.com/s/v1/ig2/lx4MGJQW85SpxDOSAJVVHIIi1UXjKxmOX6I_ZixzeM5ahERerDNzqayndpA5bcBxd_P1oDZCHJYf7lpziseii7_H.jpg?quality=95&as=32x43,48x64,72x96,108x144,160x213,240x320,360x480,480x640,540x720,640x853,720x960,1080x1440,1280x1707,1344x1792&from=bu&cs=1344x0",,False,,synagogue,True,False,-170690865__457255773
457255720,-7,-170690865,-170690865,1676112078,2023-02-11 11:41:18,58.008198,56.234305,58.00819896273859,56.23476395501453,27.037637297510656,"https://sun9-33.userapi.com/s/v1/ig2/-XobWIsmRN3skDncUmOnk6jUyvaZgVTqQ4jwy7oEqMzO63-bRhMZOg4BbrDjYf1ye_f-m4KwbGxqn69emS7H0Ibr.jpg?quality=95&as=32x43,48x64,72x96,108x144,160x213,240x320,360x480,480x640,540x720,640x853,720x960,1080x1440,1280x1707,1344x1792&from=bu&cs=1344x0",,False,,synagogue,True,False,-170690865__457255720
457255718,-7,-170690865,-170690865,1676112029,2023-02-11 11:40:29,58.008506,56.234318,58.00819896273859,56.23476395501453,43.07896376064505,"https://sun9-37.userapi.com/s/v1/ig2/hHtexfT-_h1kSk3eM_se4dQ2TJyatCTbRy0pzvW6gLNz2SrHCOc_S1Dxcm3sQxkGz4wvXebLn-Lzy0Nr_9hwgOD2.jpg?quality=95&as=32x43,48x64,72x96,108x144,160x213,240x320,360x480,480x640,540x720,640x853,720x960,1080x1440,1280x1707,1344x1792&from=bu&cs=1344x0",,False,,synagogue,True,False,-170690865__457255718
457255875,-7,-170690865,-170690865,1677154393,2023-02-23 13:13:13,58.007911,56.234094,58.00819896273859,56.23476395501453,50.82307597422893,"https://sun9-12.userapi.com/s/v1/ig2/T86xNwe50brROHSCECLxkVTLxU9Ae5ErTTojkvNhci4DpAa3S5x22GxqlJOSeEgf10tFtawqYPUIUo1QP9IZKvLD.jpg?quality=95&as=32x43,48x64,72x96,108x144,160x214,240x320,360x481,480x641,540x721,640x855,720x961,1080x1442,1280x1709,1342x1792&from=bu&cs=1342x0",,False,,synagogue,True,False,-170690865__457255875
457255869,-7,-170690865,-170690865,1677154247,2023-02-23 13:10:47,58.008016,56.234306,58.00819896273859,56.23476395501453,33.78969930208058,"https://sun9-27.userapi.com/s/v1/ig2/QwdEhn7Hta-kL62Apyp8EwZBxOlu2yZlP37MUl31yduNY7-GoK7MgDKVaqHIZ3vb7kLQ6yBzlAujboqAc1-p9L9y.jpg?quality=95&as=32x43,48x64,72x96,108x144,160x214,240x320,360x481,480x641,540x721,640x855,720x961,1080x1442,1280x1709,1342x1792&from=bu&cs=1342x0",,False,,synagogue,True,False,-170690865__457255869
457255852,-7,-170690865,-170690865,1677068285,2023-02-22 13:18:05,58.008016,56.234306,58.00819896273859,56.23476395501453,33.78969930208058,"https://sun9-47.userapi.com/s/v1/ig2/HYethizlBZgRW5SwptHiadbCclaA-K2LRi2diQXxDJRyb4akaxMhMjKY6FfnlQ_vVuPEusMVqjTNLXO8wmN4Sucn.jpg?quality=95&as=32x43,48x64,72x96,108x144,160x214,240x320,360x481,480x641,540x721,640x855,720x961,1080x1442,1280x1709,1342x1792&from=bu&cs=1342x0",,False,,synagogue,True,False,-170690865__457255852
457255962,-7,-170690865,-170690865,1677585256,2023-02-28 12:54:16,58.008016,56.234306,58.00819896273859,56.23476395501453,33.78969930208058,"https://sun9-79.userapi.com/s/v1/ig2/9ILsErme3jhphTCz7ddXgZvgvvbNlRheFnEE2GBhOkFnVfJzSp9Z9JPLeLfG4VVoqN6bbAbTqLnYPvkGMBNa1vAZ.jpg?quality=95&as=32x43,48x64,72x96,108x144,160x214,240x320,360x481,480x641,540x721,640x855,720x961,1080x1442,1280x1709,1342x1792&from=bu&cs=1342x0",,False,,synagogue,True,False,-170690865__457255962
457255954,-7,-170690865,-170690865,1677502730,2023-02-27 13:58:50,58.008016,56.234306,58.00819896273859,56.23476395501453,33.78969930208058,"https://sun9-1.userapi.com/s/v1/ig2/_1vMBncN9jYfAVLgW9xjz1Ju7h7Md6DKRpfzIcGIeuVK8uf9-zuOmF4Auj9yl7LGEBpNLQcTO35LfqVc18rIJcDV.jpg?quality=95&as=32x43,48x64,72x96,108x144,160x214,240x320,360x481,480x641,540x721,640x855,720x961,1080x1442,1280x1709,1342x1792&from=bu&cs=1342x0",,False,,synagogue,True,False,-170690865__457255954
457255951,-7,-170690865,-170690865,1677502659,2023-02-27 13:57:39,58.008023,56.234411,58.00819896273859,56.23476395501453,28.55136751134135,"https://sun9-55.userapi.com/s/v1/ig2/i9Taax4TL5t__63f2U4pfLAH66hFlnG_MD0Uwc0HxtQI5lvB0otvPRpezMd-BUehWCQEK1SIrW--4nHae-_tejed.jpg?quality=95&as=32x43,48x64,72x96,108x144,160x214,240x320,360x481,480x641,540x721,640x855,720x961,1080x1442,1280x1709,1342x1792&from=bu&cs=1342x0",,False,,synagogue,True,False,-170690865__457255951
457255935,-7,-170690865,-170690865,1677502241,2023-02-27 13:50:41,58.007911,56.234094,58.00819896273859,56.23476395501453,50.82307597422893,"https://sun9-84.userapi.com/s/v1/ig2/DlHPXxeCB0wfr2U5ef2Dx5m6lsrsM-0TpnbEKEnAfa1POKjSnMrmlab-WWXwseAcSY_KkuKWqeLmyzETfI_1pqii.jpg?quality=95&as=32x43,48x64,72x96,108x144,160x214,240x320,360x481,480x641,540x721,640x855,720x961,1080x1442,1280x1709,1342x1792&from=bu&cs=1342x0",,False,,synagogue,True,False,-170690865__457255935
457255932,-7,-170690865,-170690865,1677416803,2023-02-26 14:06:43,58.008198,56.234305,58.00819896273859,56.23476395501453,27.037637297510656,"https://sun9-87.userapi.com/s/v1/ig2/g7EDFh0qYxamgyB58kNAD9Fx2dDAMNpTeOlyBiA8u_Sbv-S6KbpMV4w8V-fyJnr-lXTmysbFsRcON76wuCvW7l6N.jpg?quality=95&as=32x43,48x64,72x96,108x144,160x214,240x320,360x481,480x641,540x721,640x855,720x961,1080x1442,1280x1709,1342x1792&from=bu&cs=1342x0",,False,,synagogue,True,False,-170690865__457255932
457255918,-7,-170690865,-170690865,1677416251,2023-02-26 13:57:31,58.008016,56.234306,58.00819896273859,56.23476395501453,33.78969930208058,"https://sun9-74.userapi.com/s/v1/ig2/vmEahnNvWNRXap2S-G5Jr4GHpnB7j0LxbR89Gow-ToqpinNZXIb1u-Uazhn4VMwf8d-tTQ3KGdJGsXHWSvF0cS_H.jpg?quality=95&as=32x43,48x64,72x96,108x144,160x214,240x320,360x481,480x641,540x721,640x855,720x961,1080x1442,1280x1709,1342x1792&from=bu&cs=1342x0",,False,,synagogue,True,False,-170690865__457255918
457255913,-7,-170690865,-170690865,1677416054,2023-02-26 13:54:14,58.008198,56.234305,58.00819896273859,56.23476395501453,27.037637297510656,"https://sun9-86.userapi.com/s/v1/ig2/ifZSO7zZE3rRPA2cHTFlVk2BQdw1Vxvim_WGf27LAqi9YhWM9ivKdpubgMmBjki0q35gzr57E_zDlXSqb-274dRL.jpg?quality=95&as=32x43,48x64,72x96,108x144,160x214,240x320,360x481,480x641,540x721,640x855,720x961,1080x1442,1280x1709,1342x1792&from=bu&cs=1342x0",,False,,synagogue,True,False,-170690865__457255913
457255902,-7,-170690865,-170690865,1677332405,2023-02-25 14:40:05,58.008023,56.234411,58.00819896273859,56.23476395501453,28.55136751134135,"https://sun9-50.userapi.com/s/v1/ig2/S-xsK5F6qII1vOs6xifpEbWi0fjwVoYzbFLjmIhYOrLOvhOLqBEO3I6E948sWyX2uJQKx7Ws0YKiVPBg6_1bVQ8n.jpg?quality=95&as=32x43,48x64,72x96,108x144,160x214,240x320,360x481,480x641,540x721,640x855,720x961,1080x1442,1280x1709,1342x1792&from=bu&cs=1342x0",,False,,synagogue,True,False,-170690865__457255902
457256110,-7,-170690865,-170690865,1678368577,2023-03-09 14:29:37,58.008023,56.234411,58.00819896273859,56.23476395501453,28.55136751134135,"https://sun9-11.userapi.com/s/v1/ig2/4jWO90xt4ULJP5h3zH1h6gTj5BtDzUBmZQ79Q8NKsNAWbClG8dvLTR2QsGfDQNZi07SFUsiWYWIVpHSmSA-6_Ytn.jpg?quality=95&as=32x43,48x64,72x96,108x144,160x214,240x320,360x481,480x641,540x721,640x855,720x961,1080x1442,1280x1709,1342x1792&from=bu&cs=1342x0",,False,,synagogue,True,False,-170690865__457256110
457242654,-7,-194619161,-194619161,1678352056,2023-03-09 09:54:16,58.007715,56.234914,58.00819896273859,56.23476395501453,54.535328999557485,"https://sun9-1.userapi.com/s/v1/ig2/IX1OY8JfrDy9ABX6Ykq4VW6Ia9GEx2rJi72C5a6Zufcyhqdb8VUIQcF7DK1sVdmU6XYCITNBodRT-RstTDi3sfLw.jpg?quality=95&as=32x43,48x64,72x96,108x144,160x213,240x320,360x480,480x640,540x720,640x853,720x960,1080x1440,1280x1707,1440x1920,1920x2560&from=bu&cs=1920x0",,False,,synagogue,True,False,-194619161__457242654
457242653,-7,-194619161,-194619161,1678352056,2023-03-09 09:54:16,58.007715,56.234914,58.00819896273859,56.23476395501453,54.535328999557485,"https://sun9-15.userapi.com/s/v1/ig2/O1yz7n9w5RaDZA_xpDtg3nYrj6vZaEmhP2kCbkks3W1B8-o7v7-jwMkT8idgrAldzQn-hp8DL01Wy0lOZ7Auvjax.jpg?quality=95&as=32x43,48x64,72x96,108x144,160x213,240x320,360x480,480x640,540x720,640x853,720x960,1080x1440,1280x1707,1440x1920,1920x2560&from=bu&cs=1920x0",,False,,synagogue,True,False,-194619161__457242653
457242634,-7,-194619161,-194619161,1677995142,2023-03-05 06:45:42,58.007715,56.234914,58.00819896273859,56.23476395501453,54.535328999557485,"https://sun9-80.userapi.com/s/v1/ig2/RFyT2wJOHpswqOUsClq1qlQ9VFaTXRO3wNib1dMGWkgGLnMTYL2rquV-bm3wVNu333wAIYRd3nyYs09-hg-Hgv9T.jpg?quality=95&as=32x43,48x64,72x96,108x144,160x213,240x320,360x480,480x640,540x720,640x853,720x960,1080x1440,1280x1707,1440x1920,1920x2560&from=bu&cs=1920x0",,False,,synagogue,True,False,-194619161__457242634
457256422,-7,-170690865,-170690865,1680100579,2023-03-29 16:36:19,58.008016,56.234306,58.00819896273859,56.23476395501453,33.78969930208058,"https://sun9-82.userapi.com/s/v1/ig2/ujXJlf1wZK1u_IntHtPneUn2AxMcNYNGw8xFuEvvOMzQYIZa_pJcyI9G8QT3Y1fhFG5qQfuXLckkrrE_iyY_b1FW.jpg?quality=95&as=32x43,48x64,72x96,108x144,160x214,240x320,360x481,480x641,540x721,640x855,720x961,1080x1442,1280x1709,1342x1792&from=bu&cs=1342x0",,False,,synagogue,True,False,-170690865__457256422
457256378,-7,-170690865,-170690865,1679748213,2023-03-25 13:43:33,58.008023,56.234411,58.00819896273859,56.23476395501453,28.55136751134135,"https://sun9-58.userapi.com/s/v1/ig2/0E9tb-MY4YdbFIijMXWsMbvQA8paVZwKpHqTvXFepRMuQtqh7NCoeNyQe4p0fd6vapqAmMP7rZK7ccWpWvcWkaZb.jpg?quality=95&as=32x43,48x64,72x96,108x144,160x214,240x320,360x481,480x641,540x721,640x855,720x961,1080x1442,1280x1709,1342x1792&from=bu&cs=1342x0",,False,,synagogue,True,False,-170690865__457256378
457256363,-7,-170690865,-170690865,1679745394,2023-03-25 12:56:34,58.008023,56.234411,58.00819896273859,56.23476395501453,28.55136751134135,"https://sun9-7.userapi.com/s/v1/ig2/s5V2BQHBH7-z-BW3GCQqt3j60p8CgeVx0I-_Ew4qq_fx9aMcz0sw-5exoLJxw9eIo89DyIi7hNwGlQwhwsyITZ4n.jpg?quality=95&as=32x43,48x64,72x96,108x144,160x214,240x320,360x481,480x641,540x721,640x855,720x961,1080x1442,1280x1709,1342x1792&from=bu&cs=1342x0",,False,,synagogue,True,False,-170690865__457256363
457256364,-7,-170690865,-170690865,1679745394,2023-03-25 12:56:34,58.008023,56.234411,58.00819896273859,56.23476395501453,28.55136751134135,"https://sun9-30.userapi.com/s/v1/ig2/_VOMfwO_JrovFsz7ZYfIXgdDckS9-P71C_htzlIgjbxMH6OrALAJlQJCc5Il1tAQjqOc5JZdgqQXgvAM5gzePcgI.jpg?quality=95&as=32x43,48x64,72x96,108x144,160x214,240x320,360x481,480x641,540x721,640x855,720x961,1080x1442,1280x1709,1342x1792&from=bu&cs=1342x0",,False,,synagogue,True,False,-170690865__457256364
457256353,-7,-170690865,-170690865,1679744922,2023-03-25 12:48:42,58.008198,56.234305,58.00819896273859,56.23476395501453,27.037637297510656,"https://sun9-8.userapi.com/s/v1/ig2/KuITOmr3twLegyCWmpXPye__nonaqXqeypXictU97Y2mSEwlpi8lYDR015G8qyKVFU9lGuxdxUjtXIUbk_APAGmC.jpg?quality=95&as=32x43,48x64,72x96,108x144,160x214,240x320,360x481,480x641,540x721,640x855,720x961,1080x1442,1280x1709,1342x1792&from=bu&cs=1342x0",,False,,synagogue,True,False,-170690865__457256353
457256516,-7,-170690865,-170690865,1680704045,2023-04-05 16:14:05,58.008023,56.234411,58.00819896273859,56.23476395501453,28.55136751134135,"https://sun9-34.userapi.com/s/v1/ig2/CybCUDDDxVCWxC_zs3Ym-A_UtASGk41Lb8D01twh6hUEol1TCVXsMODIwqKlJ8U6kmzGhR2-txQekteuA7YDyIjS.jpg?quality=95&as=32x43,48x64,72x96,108x144,160x214,240x320,360x481,480x641,540x721,640x855,720x961,1080x1442,1280x1709,1342x1792&from=bu&cs=1342x0",,False,,synagogue,True,False,-170690865__457256516
457256515,-7,-170690865,-170690865,1680704045,2023-04-05 16:14:05,58.008023,56.234411,58.00819896273859,56.23476395501453,28.55136751134135,"https://sun9-77.userapi.com/s/v1/ig2/C3K7_DgKcDSszB6CmuyGexVkjcooutqPNTtBXrirWtQ3RkFUL84McoFicu5XT9Vuu0D_rlbvEw_Nv8gxcv4oWUKR.jpg?quality=95&as=32x43,48x64,72x96,108x144,160x214,240x320,360x481,480x641,540x721,640x855,720x961,1080x1442,1280x1709,1342x1792&from=bu&cs=1342x0",,False,,synagogue,True,False,-170690865__457256515
457256469,-7,-170690865,-170690865,1680527656,2023-04-03 15:14:16,58.008016,56.234306,58.00819896273859,56.23476395501453,33.78969930208058,"https://sun9-50.userapi.com/s/v1/ig2/nOrqIKJeN-lyex-r3Z2thrYHrFV2qNASUahGW6Dulf0ShGp52XCFTSRzBPw1HvOsFBYG8kvyaaihFHqucIWkx_hq.jpg?quality=95&as=32x43,48x64,72x96,108x144,160x214,240x320,360x481,480x641,540x721,640x855,720x961,1080x1442,1280x1709,1342x1792&from=bu&cs=1342x0",,False,,synagogue,True,False,-170690865__457256469
457256472,-7,-170690865,-170690865,1680527656,2023-04-03 15:14:16,58.008023,56.234411,58.00819896273859,56.23476395501453,28.55136751134135,"https://sun9-71.userapi.com/s/v1/ig2/l0UcpcSIXHO3GXIIiD6FaZ4x_1zFLzU9cQCaR5sepG_3UOX_Ma0Z5z6wzZnZ6WdTCdIMpCYH8KzST5Q9vLzk2Fc0.jpg?quality=95&as=32x43,48x64,72x96,108x144,160x214,240x320,360x481,480x641,540x721,640x855,720x961,1080x1442,1280x1709,1342x1792&from=bu&cs=1342x0",,False,,synagogue,True,False,-170690865__457256472
457256616,-7,-170690865,-170690865,1681401120,2023-04-13 17:52:00,58.007911,56.234094,58.00819896273859,56.23476395501453,50.82307597422893,"https://sun9-53.userapi.com/s/v1/ig2/vgctYI3oQSDddUlZXrieoqFDVlJbCx71xXM40NuXo7mIq9xcr8fvZP0zhndXgsMnmFxwRu_unSAGY-pmnSWBwtwG.jpg?quality=95&as=32x43,48x64,72x96,108x144,160x214,240x320,360x481,480x641,540x721,640x855,720x961,1080x1442,1280x1709,1342x1792&from=bu&cs=1342x0",,False,,synagogue,True,False,-170690865__457256616
457256615,-7,-170690865,-170690865,1681401120,2023-04-13 17:52:00,58.007911,56.234094,58.00819896273859,56.23476395501453,50.82307597422893,"https://sun9-20.userapi.com/s/v1/ig2/WazI5ggh-knHgRsFR8WD6bLcjgUx112a8lWjl1u4DKPfSsWHPHZQaxBimpoBAVzVQUWoURdq40UXCawJQ1Yo0556.jpg?quality=95&as=32x43,48x64,72x96,108x144,160x214,240x320,360x481,480x641,540x721,640x855,720x961,1080x1442,1280x1709,1342x1792&from=bu&cs=1342x0",,False,,synagogue,True,False,-170690865__457256615
457256598,-7,-170690865,-170690865,1681392395,2023-04-13 15:26:35,58.007911,56.234094,58.00819896273859,56.23476395501453,50.82307597422893,"https://sun9-41.userapi.com/s/v1/ig2/D20c5zyvzJH6CHvDJtDg--ZuqPuvhcsok9--fmuo1fK7uLZWpD82QAOYGFTcgRhgDbFjUMz0ykT_VzrbHOVbiI1_.jpg?quality=95&as=32x43,48x64,72x96,108x144,160x214,240x320,360x481,480x641,540x721,640x855,720x961,1080x1442,1280x1709,1342x1792&from=bu&cs=1342x0",,False,,synagogue,True,False,-170690865__457256598
457256546,-7,-170690865,-170690865,1681040522,2023-04-09 13:42:02,58.008016,56.234306,58.00819896273859,56.23476395501453,33.78969930208058,"https://sun9-66.userapi.com/s/v1/ig2/K8tQNM8aTXrZbr5lZ5ubpO-aws33LcCyHdNVpemBiIHNCEABA8594VAjxlDG5LysPV8vHJfVV_Plvtq2O6rMPFKE.jpg?quality=95&as=32x43,48x64,72x96,108x144,160x214,240x320,360x481,480x641,540x721,640x855,720x961,1080x1442,1280x1709,1342x1792&from=bu&cs=1342x0",,False,,synagogue,True,False,-170690865__457256546
457256548,-7,-170690865,-170690865,1681040522,2023-04-09 13:42:02,58.008016,56.234306,58.00819896273859,56.23476395501453,33.78969930208058,"https://sun9-88.userapi.com/s/v1/ig2/gB1-yEYAChE0lDrfTRZzs8qa11XPkYYjsq-0uSCWzfgy94djn4sSSvMSzVBtf8DKmmR4vttrIZXSJwtRuLJdVU-n.jpg?quality=95&as=32x43,48x64,72x96,108x144,160x214,240x320,360x481,480x641,540x721,640x855,720x961,1080x1442,1280x1709,1342x1792&from=bu&cs=1342x0",,False,,synagogue,True,False,-170690865__457256548
457256785,-7,-170690865,-170690865,1681909604,2023-04-19 15:06:44,58.008016,56.234306,58.00819896273859,56.23476395501453,33.78969930208058,"https://sun9-22.userapi.com/s/v1/ig2/zVFzhEFEa3UrQm-cWeLrcvn1a_Za-00045ixxq32xCdQIfuOUO1h46JEQpCxwrNOvxdjFCEkxqRyUDXKVB_o1ERa.jpg?quality=95&as=32x43,48x64,72x96,108x144,160x214,240x320,360x481,480x641,540x721,640x855,720x961,1080x1442,1280x1709,1342x1792&from=bu&cs=1342x0",,False,,synagogue,True,False,-170690865__457256785
457256724,-7,-170690865,-170690865,1681740903,2023-04-17 16:15:03,58.007911,56.234094,58.00819896273859,56.23476395501453,50.82307597422893,"https://sun9-53.userapi.com/s/v1/ig2/WTEs9NQPAf5od-QJ3MqiTUDBfCFTMvWY-vg3VRz2SH-SIkPXfAB3LBHzMJgPy52ubjHRAFFR0v1-V-ByS8lXPynj.jpg?quality=95&as=32x43,48x64,72x96,108x144,160x214,240x320,360x481,480x641,540x721,640x855,720x961,1080x1442,1280x1709,1342x1792&from=bu&cs=1342x0",,False,,synagogue,True,False,-170690865__457256724
457256722,-7,-170690865,-170690865,1681740903,2023-04-17 16:15:03,58.008016,56.234306,58.00819896273859,56.23476395501453,33.78969930208058,"https://sun9-85.userapi.com/s/v1/ig2/CfwZmQ3jHxy_ojgoFEs8E89dkF03P3g-CUriCqqydR0D005ymLSaXtW3VHsZd-GQavS2JNYrGP9CFV2fWpn__Rxm.jpg?quality=95&as=32x43,48x64,72x96,108x144,160x214,240x320,360x481,480x641,540x721,640x855,720x961,1080x1442,1280x1709,1342x1792&from=bu&cs=1342x0",,False,,synagogue,True,False,-170690865__457256722
457256710,-7,-170690865,-170690865,1681656248,2023-04-16 16:44:08,58.008016,56.234306,58.00819896273859,56.23476395501453,33.78969930208058,"https://sun9-9.userapi.com/s/v1/ig2/sJhxuf-yE9OujlLbFPWUbbaPitkDZbmPP6m43WRIVaNrV7UQWuVREiVhp_W3CBHIPezeAFT337vtkurSQsgE1Hhk.jpg?quality=95&as=32x43,48x64,72x96,108x144,160x214,240x320,360x481,480x641,540x721,640x855,720x961,1080x1442,1280x1709,1342x1792&from=bu&cs=1342x0",,False,,synagogue,True,False,-170690865__457256710
457256702,-7,-170690865,-170690865,1681655999,2023-04-16 16:39:59,58.008023,56.234411,58.00819896273859,56.23476395501453,28.55136751134135,"https://sun9-86.userapi.com/s/v1/ig2/uuTOVfPYRabCYEOQwocQj-tNwoXan-AFYDKJZ45ckdktxuCpFWukMDkQJror_GRXSXIFi7hnhPN06I-5vLDFACOQ.jpg?quality=95&as=32x43,48x64,72x96,108x144,160x214,240x320,360x481,480x641,540x721,640x855,720x961,1080x1442,1280x1709,1342x1792&from=bu&cs=1342x0",,False,,synagogue,True,False,-170690865__457256702
457256701,-7,-170690865,-170690865,1681655999,2023-04-16 16:39:59,58.008023,56.234411,58.00819896273859,56.23476395501453,28.55136751134135,"https://sun9-5.userapi.com/s/v1/ig2/Wz2aAVYze-_78TBlp_d6HZwtmvQzFDPDXCcdU2IlMC7PH_QwskyspKbyg5NIMprkbe2OpIL6M0xak1Yaa7HgoROE.jpg?quality=95&as=32x43,48x64,72x96,108x144,160x214,240x320,360x481,480x641,540x721,640x855,720x961,1080x1442,1280x1709,1342x1792&from=bu&cs=1342x0",,False,,synagogue,True,False,-170690865__457256701
457256875,-7,-170690865,-170690865,1682436452,2023-04-25 17:27:32,58.008023,56.234411,58.00819896273859,56.23476395501453,28.55136751134135,"https://sun9-8.userapi.com/s/v1/ig2/ug9fCFE2rgrc05SW5YtQlUvdhXhVgq3kPSR-y8qNLhLup8WdZLCRAEWgEY54wBTd58YucSAaaI2Chmq2ghh8hxwI.jpg?quality=95&as=32x43,48x64,72x96,108x144,160x213,240x320,360x480,480x640,540x720,640x853,720x960,1080x1440,1280x1707,1398x1864&from=bu&cs=1398x0",,False,,synagogue,True,False,-170690865__457256875
457256866,-7,-170690865,-170690865,1682436083,2023-04-25 17:21:23,58.007911,56.234094,58.00819896273859,56.23476395501453,50.82307597422893,"https://sun9-2.userapi.com/s/v1/ig2/hpFfhhpawBa93CtHq-k6TGvW-REr2LjNwPLJTFhhkRMID25vZqaWZkrx0MjkiVDfhMPMZjZEEskIXRUoI-gOL8XX.jpg?quality=95&as=32x43,48x64,72x96,108x144,160x213,240x320,360x480,480x640,540x720,640x853,720x960,1080x1440,1280x1707,1398x1864&from=bu&cs=1398x0",,False,,synagogue,True,False,-170690865__457256866
457256865,-7,-170690865,-170690865,1682436083,2023-04-25 17:21:23,58.007911,56.234094,58.00819896273859,56.23476395501453,50.82307597422893,"https://sun9-62.userapi.com/s/v1/ig2/9rp7N9ww1vpM5-h7GwFnW_h0sbJfZeB9WK-Zs7xwYfJC-NCLbuVl1g_7MavBvErigErnDZx7CyaY7lZSM4FJRgcZ.jpg?quality=95&as=32x43,48x64,72x96,108x144,160x213,240x320,360x480,480x640,540x720,640x853,720x960,1080x1440,1280x1707,1398x1864&from=bu&cs=1398x0",,False,,synagogue,True,False,-170690865__457256865
457257071,-7,-170690865,-170690865,1683121842,2023-05-03 15:50:42,58.008016,56.234306,58.00819896273859,56.23476395501453,33.78969930208058,"https://sun9-55.userapi.com/s/v1/ig2/w9BWR3AkIs5FsUmH5IQJO4joyc24zx6c-d69-3Ps85YvdLlARE8ojH1ypcCDakZs7QKnEYCcMgBKsD7LxDCo0N-q.jpg?quality=95&as=32x43,48x64,72x96,108x144,160x213,240x320,360x480,480x640,540x720,640x853,720x960,1080x1440,1280x1707,1398x1864&from=bu&cs=1398x0",,False,,synagogue,True,False,-170690865__457257071
457257070,-7,-170690865,-170690865,1683121842,2023-05-03 15:50:42,58.008016,56.234306,58.00819896273859,56.23476395501453,33.78969930208058,"https://sun9-51.userapi.com/s/v1/ig2/TwjESQarJS9MEXOt1Dwy-y82SGVlwmw_MIqE5VuYyhmFJeyhfV5MpFSMkEGhW5VcfAzEm2rTrVYBwlEiDkEoCmbP.jpg?quality=95&as=32x43,48x64,72x96,108x144,160x213,240x320,360x480,480x640,540x720,640x853,720x960,1080x1440,1280x1707,1398x1864&from=bu&cs=1398x0",,False,,synagogue,True,False,-170690865__457257070
457257061,-7,-170690865,-170690865,1683121484,2023-05-03 15:44:44,58.007911,56.234094,58.00819896273859,56.23476395501453,50.82307597422893,"https://sun9-37.userapi.com/s/v1/ig2/NaX4Z85TYtME_M1blAQA_OwROtykgU297fCiLO1zalvsPKAEJjegDffVCkUrRk1w1SyPb8-DdPvDTkdaagByM3yq.jpg?quality=95&as=32x43,48x64,72x96,108x144,160x213,240x320,360x480,480x640,540x720,640x853,720x960,1080x1440,1280x1707,1398x1864&from=bu&cs=1398x0",,False,,synagogue,True,False,-170690865__457257061
457257036,-7,-170690865,-170690865,1683030931,2023-05-02 14:35:31,58.008023,56.234411,58.00819896273859,56.23476395501453,28.55136751134135,"https://sun9-65.userapi.com/s/v1/ig2/gB2yviv2Na5nJIcQ9Xax4UgRPe3xexc8vDEhOi0Z13L785HsRMn2gDN4FCZjOqAn2Kgx8Dy1ECSnCpgEtxkwWrby.jpg?quality=95&as=32x43,48x64,72x96,108x144,160x213,240x320,360x480,480x640,540x720,640x853,720x960,1080x1440,1280x1707,1398x1864&from=bu&cs=1398x0",,False,,synagogue,True,False,-170690865__457257036
457257024,-7,-170690865,-170690865,1683030018,2023-05-02 14:20:18,58.008023,56.234411,58.00819896273859,56.23476395501453,28.55136751134135,"https://sun9-21.userapi.com/s/v1/ig2/oAmIxEWd95Xg8uQjci_u3_vM7G9jCYy47P0ihot4L7rrnE4EyqxEO96pS8C_BvDvWMBoDmeUJZWJlSNIrWCYl8HH.jpg?quality=95&as=32x43,48x64,72x96,108x144,160x213,240x320,360x480,480x640,540x720,640x853,720x960,1080x1440,1280x1707,1398x1864&from=bu&cs=1398x0",,False,,synagogue,True,False,-170690865__457257024
457257011,-7,-170690865,-170690865,1682952795,2023-05-01 16:53:15,58.007911,56.234094,58.00819896273859,56.23476395501453,50.82307597422893,"https://sun9-4.userapi.com/s/v1/ig2/SqiUWMNR3rX-bx_eDosUA5sjGyBTTAYmAAm0mQuHJExsnTy4U-hFZxEBVaKx7drMXMyjhiw1tFCUqApg8bXGyNLp.jpg?quality=95&as=32x43,48x64,72x96,108x144,160x213,240x320,360x480,480x640,540x720,640x853,720x960,1080x1440,1280x1707,1398x1864&from=bu&cs=1398x0",,False,,synagogue,True,False,-170690865__457257011
457257001,-7,-170690865,-170690865,1682952497,2023-05-01 16:48:17,58.008023,56.234411,58.00819896273859,56.23476395501453,28.55136751134135,"https://sun9-55.userapi.com/s/v1/ig2/9ekqMvyZU7YubBwff2p7t2cTr1er9AQvX_SqeNuDpNn2PSDWzqaxl8hn_dVLyUuyJ5ldHhJpCAUTuSVRYaiuk-Pj.jpg?quality=95&as=32x43,48x64,72x96,108x144,160x213,240x320,360x480,480x640,540x720,640x853,720x960,1080x1440,1280x1707,1398x1864&from=bu&cs=1398x0",,False,,synagogue,True,False,-170690865__457257001
457257002,-7,-170690865,-170690865,1682952497,2023-05-01 16:48:17,58.008023,56.234411,58.00819896273859,56.23476395501453,28.55136751134135,"https://sun9-67.userapi.com/s/v1/ig2/hQI0wBy9eTiDhEFE5neCpwWsAd9bX7UvSKMszpKVEVUjQqzB_CQlzI5HrNFTdW3BEvJLBzxVMAX_0uCV6kvE9yeH.jpg?quality=95&as=32x43,48x64,72x96,108x144,160x213,240x320,360x480,480x640,540x720,640x853,720x960,1080x1440,1280x1707,1398x1864&from=bu&cs=1398x0",,False,,synagogue,True,False,-170690865__457257002
457257118,-7,-170690865,-170690865,1683468584,2023-05-07 16:09:44,58.008023,56.234411,58.00819896273859,56.23476395501453,28.55136751134135,"https://sun9-29.userapi.com/s/v1/ig2/OUEqtew4VqlGqEKMDujhZ91fkVnKUK-bDFcrrls279do0vX5QyEDxo_4aBLqjEwy58lJeL8a2d9-yWVU-fxa_LRW.jpg?quality=95&as=32x43,48x64,72x96,108x144,160x213,240x320,360x480,480x640,540x720,640x853,720x960,1080x1440,1280x1707,1398x1864&from=bu&cs=1398x0",,False,,synagogue,True,False,-170690865__457257118
457257117,-7,-170690865,-170690865,1683468584,2023-05-07 16:09:44,58.008023,56.234411,58.00819896273859,56.23476395501453,28.55136751134135,"https://sun9-47.userapi.com/s/v1/ig2/-MsGkXYyd9KNaOQqQo1bpEg1rsZWNlNSW-anheU8T2xzenPAf0CmD3-5atvrnTUhMUvDGOF77dH4XlJeqlecIFEv.jpg?quality=95&as=32x43,48x64,72x96,108x144,160x213,240x320,360x480,480x640,540x720,640x853,720x960,1080x1440,1280x1707,1398x1864&from=bu&cs=1398x0",,False,,synagogue,True,False,-170690865__457257117
457257226,-7,-170690865,-170690865,1684416944,2023-05-18 15:35:44,58.008016,56.234306,58.00819896273859,56.23476395501453,33.78969930208058,"https://sun9-50.userapi.com/s/v1/ig2/MLRyUvMNT1Z9NM8G0R4dzLNbXXYml-vS6quClOWFv_freUAcl4bUGmWMJSMSZ974jx3B5b7n6LvmCM7spDZyZYbj.jpg?quality=95&as=32x43,48x64,72x96,108x144,160x213,240x320,360x480,480x640,540x720,640x853,720x960,1080x1440,1280x1707,1398x1864&from=bu&cs=1398x0",,False,,synagogue,True,False,-170690865__457257226
457257198,-7,-170690865,-170690865,1684065010,2023-05-14 13:50:10,58.007911,56.234094,58.00819896273859,56.23476395501453,50.82307597422893,"https://sun9-67.userapi.com/s/v1/ig2/SKYf3hWXeBZxZVYGGMcSnkw8YzvB1nFsZD2hnFVLRD7AyvDMWIg-UDnfoRTxx2EkbFKajRFISUxSthK8Ay5pOqIG.jpg?quality=95&as=32x43,48x64,72x96,108x144,160x213,240x320,360x480,480x640,540x720,640x853,720x960,1080x1440,1280x1707,1398x1864&from=bu&cs=1398x0",,False,,synagogue,True,False,-170690865__457257198
457257356,-7,-170690865,-170690865,1685028131,2023-05-25 17:22:11,58.008016,56.234306,58.00819896273859,56.23476395501453,33.78969930208058,"https://sun9-16.userapi.com/s/v1/ig2/4gGCmnT02za7_Ug-VOgodrVqUL74d2J7iqBy--VKaOgL1Jml6zmNfwMGuQhg2c3wkAw_eFnM9YbTIAJrw_gAKGs6.jpg?quality=95&as=32x43,48x64,72x96,108x144,160x213,240x320,360x480,480x640,540x720,640x853,720x960,1080x1440,1280x1707,1398x1864&from=bu&cs=1398x0",,False,,synagogue,True,False,-170690865__457257356
457257357,-7,-170690865,-170690865,1685028131,2023-05-25 17:22:11,58.008016,56.234306,58.00819896273859,56.23476395501453,33.78969930208058,"https://sun9-82.userapi.com/s/v1/ig2/O5rVXlt2bkAmvxqNPgW-NkCLw8rdNNDy63ctbSakXnfGlQKMGmGJLZkqUrSn3c5vswfzzaliQhdTOCjLNP4-hhEJ.jpg?quality=95&as=32x43,48x64,72x96,108x144,160x213,240x320,360x480,480x640,540x720,640x853,720x960,1080x1440,1280x1707,1398x1864&from=bu&cs=1398x0",,False,,synagogue,True,False,-170690865__457257357
457257319,-7,-170690865,-170690865,1684842429,2023-05-23 13:47:09,58.008016,56.234306,58.00819896273859,56.23476395501453,33.78969930208058,"https://sun9-76.userapi.com/s/v1/ig2/57zhuIxop1yOEtnXdHIBzK0c_rUaeqJMCMFzqItDZaofZZ9YU-kk5hNCHnJAVx2p8O3MxAT_6HPTtHUWLQdGquHZ.jpg?quality=95&as=32x43,48x64,72x96,108x144,160x213,240x320,360x480,480x640,540x720,640x853,720x960,1080x1440,1280x1707,1398x1864&from=bu&cs=1398x0",,False,,synagogue,True,False,-170690865__457257319
457257283,-7,-170690865,-170690865,1684672772,2023-05-21 14:39:32,58.008023,56.234411,58.00819896273859,56.23476395501453,28.55136751134135,"https://sun9-71.userapi.com/s/v1/ig2/7TZK3gn6Z8grvgbcncuxeOhkv5hzDZ-o4s3U4V6XZmLCnDE81rwPflAv6NGHhifHcAu89PegHt9y_z0L15m--3W8.jpg?quality=95&as=32x43,48x64,72x96,108x144,160x213,240x320,360x480,480x640,540x720,640x853,720x960,1080x1440,1280x1707,1398x1864&from=bu&cs=1398x0",,False,,synagogue,True,False,-170690865__457257283
457257275,-7,-170690865,-170690865,1684672240,2023-05-21 14:30:40,58.007911,56.234094,58.00819896273859,56.23476395501453,50.82307597422893,"https://sun9-32.userapi.com/s/v1/ig2/Te4VFoQ54DetLA5ScuE4oFcBCJsmKxE0F923pT_Cvnx-aMpLc_5Jj7-GXQ7ZzuIPSV_65nkKu7Q3WF9nLPVGfaWA.jpg?quality=95&as=32x43,48x64,72x96,108x144,160x213,240x320,360x480,480x640,540x720,640x853,720x960,1080x1440,1280x1707,1398x1864&from=bu&cs=1398x0",,False,,synagogue,True,False,-170690865__457257275
457257421,-7,-170690865,-170690865,1685453881,2023-05-30 15:38:01,58.008016,56.234306,58.00819896273859,56.23476395501453,33.78969930208058,"https://sun9-25.userapi.com/s/v1/ig2/0Bgc9MbTm8T-OP6GdL0aXIPZV0BXBBaMGh2pb2dQUGsE5kAeE1xoqpBpsPDDU6YmowaR225y1CmgxOxs2sMDZ9ZK.jpg?quality=95&as=32x43,48x64,72x96,108x144,160x213,240x320,360x480,480x640,540x720,640x853,720x960,1080x1440,1280x1707,1398x1864&from=bu&cs=1398x0",,False,,synagogue,True,False,-170690865__457257421
457257401,-7,-170690865,-170690865,1685376310,2023-05-29 18:05:10,58.008016,56.234306,58.00819896273859,56.23476395501453,33.78969930208058,"https://sun9-11.userapi.com/s/v1/ig2/wrxerGPQFTT7Clo8Qcr9q2LNWArq4Yoqpb2X9v5lw62s_k5kcozdQqamqrvZkk3NdiKmfDEhBftiI37IUA6TMg5k.jpg?quality=95&as=32x43,48x64,72x96,108x144,160x213,240x320,360x480,480x640,540x720,640x853,720x960,1080x1440,1280x1707,1398x1864&from=bu&cs=1398x0",,False,,synagogue,True,False,-170690865__457257401
457257402,-7,-170690865,-170690865,1685376310,2023-05-29 18:05:10,58.008016,56.234306,58.00819896273859,56.23476395501453,33.78969930208058,"https://sun9-69.userapi.com/s/v1/ig2/ZwmOrkGNg3y-0RYJO5yihjbCSkngYpHN7PhK_gBz7IFTk4ApQVb2zil1Ej5dTBnTaElwxuc1D9HWopGgQJrgwrXM.jpg?quality=95&as=32x43,48x64,72x96,108x144,160x213,240x320,360x480,480x640,540x720,640x853,720x960,1080x1440,1280x1707,1398x1864&from=bu&cs=1398x0",,False,,synagogue,True,False,-170690865__457257402
457257403,-7,-170690865,-170690865,1685376310,2023-05-29 18:05:10,58.008016,56.234306,58.00819896273859,56.23476395501453,33.78969930208058,"https://sun9-60.userapi.com/s/v1/ig2/IyJ8rUWNsfpp_YA6V1AZCC5fFiClABGeeg46wVMO6KJOWipm5C-48wJDvF7BEekqw4OOnyMBhAtR0DRVGp2b6TCR.jpg?quality=95&as=32x43,48x64,72x96,108x144,160x213,240x320,360x480,480x640,540x720,640x853,720x960,1080x1440,1280x1707,1398x1864&from=bu&cs=1398x0",,False,,synagogue,True,False,-170690865__457257403
457257512,-7,-170690865,-170690865,1686148912,2023-06-07 16:41:52,58.008023,56.234411,58.00819896273859,56.23476395501453,28.55136751134135,"https://sun9-84.userapi.com/s/v1/ig2/_Fkl_eyFOAoGCL9y5wwXtTEHWJStnIb1Rw4KKbefAw3WXGXWlgocKCJhjp3ibrJjUuRgPfwhqYBxFHIpz1CJfItF.jpg?quality=95&as=32x43,48x64,72x96,108x144,160x213,240x320,360x480,480x640,540x720,640x853,720x960,1080x1440,1280x1707,1398x1864&from=bu&cs=1398x0",,False,,synagogue,True,False,-170690865__457257512
457257504,-7,-170690865,-170690865,1686059494,2023-06-06 15:51:34,58.008016,56.234306,58.00819896273859,56.23476395501453,33.78969930208058,"https://sun9-76.userapi.com/s/v1/ig2/q-s_goISzA-Yi6_XjXEujEn_ze9bAGyEn8qFUaGJ7A86iofwBl0mWnvYZ8MZVMyZDLKS_cqkIKBwI9yPqtCKy0M-.jpg?quality=95&as=32x43,48x64,72x96,108x144,160x213,240x320,360x480,480x640,540x720,640x853,720x960,1080x1440,1280x1707,1398x1864&from=bu&cs=1398x0",,False,,synagogue,True,False,-170690865__457257504
457240244,-7,-215880081,-215880081,1687089903,2023-06-18 14:05:03,58.008401,56.234794,58.00819896273859,56.23476395501453,22.53513511586698,"https://sun9-28.userapi.com/s/v1/ig2/bpBu-xmyW97FfcphokYh3FW9zgfQAguKhcLQdjFRrAzk3n8ACEcPfdQIICJ6CmKLle-e37WmRiIeNeerrymMJW-S.jpg?quality=95&as=32x46,48x69,72x104,108x156,160x231,240x347,360x520,480x693,540x780,640x925,720x1040,1080x1560,1280x1849,1440x2080,1772x2560&from=bu&cs=1772x0",,False,,synagogue,True,True,-215880081__457240244
457257888,-7,-170690865,-170690865,1688400672,2023-07-03 18:11:12,58.008198,56.234305,58.00819896273859,56.23476395501453,27.037637297510656,"https://sun9-45.userapi.com/s/v1/ig2/sxhkEZC2XvJ5nmgflXKI1jBrLhlpvNtOzqsaZNyPsB5aFhaOiw8KsU-YYk-Mmz1YK1ohOpomGz425CH2jpCukjF6.jpg?quality=95&as=32x43,48x64,72x96,108x144,160x213,240x320,360x480,480x640,540x720,640x853,720x960,1080x1440,1280x1707,1398x1864&from=bu&cs=1398x0",,False,,synagogue,True,False,-170690865__457257888
457257890,-7,-170690865,-170690865,1688400672,2023-07-03 18:11:12,58.008198,56.234305,58.00819896273859,56.23476395501453,27.037637297510656,"https://sun9-72.userapi.com/s/v1/ig2/r-v_2y6hV0z5TP4cG9pbiLiomZKIcAFCRsfBe_WFUCJTdVZaeBCdQOTDkG-biD9RHl3p3yumCNWGEKnmMkVhWO6t.jpg?quality=95&as=32x43,48x64,72x96,108x144,160x213,240x320,360x480,480x640,540x720,640x853,720x960,1080x1440,1280x1707,1398x1864&from=bu&cs=1398x0",,False,,synagogue,True,False,-170690865__457257890
457257869,-7,-170690865,-170690865,1688311025,2023-07-02 17:17:05,58.008016,56.234306,58.00819896273859,56.23476395501453,33.78969930208058,"https://sun9-44.userapi.com/s/v1/ig2/NCJbdVlV-WZ4xYEKzLka7HemdPZIXnNr9cPJ0IdqjoDMVJNzhTIj6YS4xrlTHuhK1sAIHkuoatwCeDsZC5Cf0oEo.jpg?quality=95&as=32x43,48x64,72x96,108x144,160x213,240x320,360x480,480x640,540x720,640x853,720x960,1080x1440,1280x1707,1398x1864&from=bu&cs=1398x0",,False,,synagogue,True,False,-170690865__457257869
457259898,291213570,261660768,261660768,1692624560,2023-08-21 15:29:20,58.00796,56.234147,58.00819896273859,56.23476395501453,45.022594658333766,"https://sun9-79.userapi.com/s/v1/ig2/vYxFvM5sJoe_Xd2Nq-ApRYMGCL1eof7uTINtkGHt4owW4WmnhQdZhXF-S86pyL5zPkXBFRh1P-U6hAPYe3ztBMjQ.jpg?quality=96&as=32x43,48x64,72x96,108x144,160x213,240x320,360x480,480x640,540x720,640x853,720x960,1080x1440,1280x1707,1440x1920,1620x2160&from=bu&cs=1620x0",,False,,synagogue,True,False,261660768__457259898
457239180,293285421,-216111863,-216111863,1697022120,2023-10-11 13:02:00,58.008506,56.234318,58.00819896273859,56.23476395501453,43.07896376064505,"https://sun9-63.userapi.com/s/v1/if2/CfPj_PhUxis-8XYk2-OX1Fqo-wariYIBYzkggl2cRMsNcIJSpsTuEaTQfHJlanDj_hy9NolHG6p4bHHU_SznA3sj.jpg?quality=95&as=32x24,48x36,72x54,108x81,160x120,240x180,360x270,480x360,540x405,640x480,720x540,1080x810,1280x960,1440x1080,2560x1920&from=bu&cs=2560x0",,False,,synagogue,True,False,-216111863__457239180
457260215,291213570,261660768,261660768,1695039460,2023-09-18 14:17:40,58.0081,56.234371,58.00819896273859,56.23476395501453,25.63168806862104,"https://sun9-56.userapi.com/s/v1/ig2/s5FxAwq_VxQSjYeZaVvYKLo0yDHjzxyuGuxb8SdGpCl4mE_O4TAb_ylhz_4q-pGMrtYQN9smpWcdAoukig7vFJHu.jpg?quality=96&as=32x49,48x73,72x110,108x165,160x245,240x367,360x551,480x735,540x827,640x980,720x1102,1080x1653,1280x1959,1411x2160&from=bu&cs=1411x0",,False,,synagogue,True,False,261660768__457260215
457260211,291213570,261660768,261660768,1695039453,2023-09-18 14:17:33,58.007974,56.234187,58.00819896273859,56.23476395501453,42.201763408732745,"https://sun9-51.userapi.com/s/v1/ig2/HouSP07-Nxli4Vr7PQJVQ3hM5jMXNDs0YiOE_-vntxcbOxO0d7vKS7Vp5rEiP_ActhauX9DiiGuKg_EUD6cke64L.jpg?quality=96&as=32x54,48x81,72x121,108x182,160x269,240x404,360x606,480x807,540x908,640x1077,720x1211,1080x1817,1280x2153,1284x2160&from=bu&cs=1284x0",,False,,synagogue,True,False,261660768__457260211
457239767,-7,-218196818,-218196818,1698928008,2023-11-02 13:26:48,58.007715,56.234914,58.00819896273859,56.23476395501453,54.535328999557485,"https://sun9-12.userapi.com/s/v1/ig2/AmaXoUwnVBXgVAuQUKjsDTn26V1o5y28htqxvVTBsLDEy1IserzicOMmayyNZyssZnO7HbL0igE1PsoGd62A1EM4.jpg?quality=95&as=32x43,48x64,72x96,108x144,160x213,240x320,360x480,480x640,540x720,640x853,720x960,1080x1440,1280x1707,1440x1920,1920x2560&from=bu&cs=1920x0",,False,,synagogue,True,False,-218196818__457239767
457244428,-7,-182233912,-182233912,1698590154,2023-10-29 15:35:54,58.007611,56.235906,58.00819896273859,56.23476395501453,93.8128984346702,"https://sun9-65.userapi.com/s/v1/ig2/fiYBPIaGZz7xc3Ak_QFsblGkqkkhSRbSILySZRx1kZ9pWxa1GtkE4I61DRAU5a4ubiWkELbZjgMwAgYqzobB2Ik0.jpg?quality=95&as=32x43,48x64,72x96,108x144,160x213,240x320,360x480,480x640,540x720,640x853,720x960,1080x1440,1280x1707,1440x1920,1920x2560&from=bu&cs=1920x0",,False,939.0,synagogue,True,False,-182233912__457244428
457244174,-7,-194619161,-194619161,1701763092,2023-12-05 08:58:12,58.007715,56.234914,58.00819896273859,56.23476395501453,54.535328999557485,"https://sun9-52.userapi.com/s/v1/ig2/ouyya_vKQrEupO86Ynp6PNtVRBr7PpUvBRoU_9DDLjA6j2biMQbylU9-aAXHwqTLQYcbeGde64y0a43sK2YU-yww.jpg?quality=95&as=32x43,48x64,72x96,108x144,160x213,240x320,360x480,480x640,540x720,640x853,720x960,1080x1440,1280x1707,1440x1920,1920x2560&from=bu&cs=1920x0",,False,,synagogue,True,False,-194619161__457244174
457239776,-7,-218196818,-218196818,1699700782,2023-11-11 12:06:22,58.007715,56.234914,58.00819896273859,56.23476395501453,54.535328999557485,"https://sun9-64.userapi.com/s/v1/ig2/FSHaslkKZfb2l6bc8Gken9oKMd9VV1TUhltRqXfm8ixIaW0lRMaRwPmmRO58U9KWXuSWDgqkX847TLWRBHtf-TW5.jpg?quality=95&as=32x43,48x64,72x96,108x144,160x213,240x320,360x480,480x640,540x720,640x853,720x960,1080x1440,1280x1707,1440x1920,1920x2560&from=bu&cs=1920x0",,False,,synagogue,True,False,-218196818__457239776
457239777,-7,-218196818,-218196818,1699700782,2023-11-11 12:06:22,58.007715,56.234914,58.00819896273859,56.23476395501453,54.535328999557485,"https://sun9-9.userapi.com/s/v1/ig2/-fCpGqrDHSh-BqhYZDnIAD4_a-t_nf4H24eBwx5qfExuEBMKleQef28b4ZuhK-R9nuZ2dQD0c_6anpBTOWC-i34j.jpg?quality=95&as=32x43,48x64,72x96,108x144,160x213,240x320,360x480,480x640,540x720,640x853,720x960,1080x1440,1280x1707,1440x1920,1920x2560&from=bu&cs=1920x0",,False,,synagogue,True,False,-218196818__457239777
457239942,-7,-224421397,-224421397,1709973592,2024-03-09 09:39:52,58.008604,56.234423,58.00819896273859,56.23476395501453,49.31399479698315,"https://sun9-18.userapi.com/s/v1/ig2/GHf0_eur16dAm_lx06BowhR6wjAHmFFsCHMLk0j_RGUU07Z7Pxrhq6wHqrudmTOSo77bwnUZk0BmkTZyzUq1AMHS.jpg?quality=95&as=32x43,48x64,72x96,108x144,160x213,240x320,360x480,480x640,540x720,640x853,720x960,1080x1440,1280x1707,1440x1920,1920x2560&from=bu&cs=1920x0",,False,,synagogue,True,False,-224421397__457239942
457239935,-7,-224421397,-224421397,1709973592,2024-03-09 09:39:52,58.008604,56.234423,58.00819896273859,56.23476395501453,49.31399479698315,"https://sun9-47.userapi.com/s/v1/ig2/zQqtG6zr1Gjlbe3PlIeCBGW-Gn3YIgtCQpVzdfr4ySaEQAC7eXEhaX7U5jLDieLsTAPL1PGh_2gyQgshcClMd2Lv.jpg?quality=95&as=32x43,48x64,72x96,108x144,160x213,240x320,360x480,480x640,540x720,640x853,720x960,1080x1440,1280x1707,1440x1920,1920x2560&from=bu&cs=1920x0",,False,,synagogue,True,False,-224421397__457239935
457239125,-7,-224534117,-224534117,1709627489,2024-03-05 09:31:29,58.007609,56.2335,58.00819896273859,56.23476395501453,99.2368537513353,"https://sun9-68.userapi.com/s/v1/ig2/qxjmIfIVbd0j1cfTOOUoluTEyYcPSt0Qxud40dJDDnvtWG4myekg_CY2xjEsKfkexiMmqAZubaDPTCNKFA0pzlOp.jpg?quality=95&as=32x57,48x85,72x128,108x192,160x285,240x427,360x640,480x854,540x961,640x1139,720x1281,1080x1921,1280x2277,1439x2560&from=bu&cs=1439x0",,False,,synagogue,True,False,-224534117__457239125
457239123,-7,-224534117,-224534117,1709627193,2024-03-05 09:26:33,58.007609,56.2335,58.00819896273859,56.23476395501453,99.2368537513353,"https://sun9-68.userapi.com/s/v1/ig2/r893YgQihkrj7Xf2AFiSDlzRwEqjeqvX4lTgKLWFIoNt-KG6xpEUtnitNELX5uF3vRiMRSGtdZv6pwAHJDrm1DgY.jpg?quality=95&as=32x57,48x85,72x128,108x192,160x285,240x427,360x640,480x854,540x961,640x1139,720x1281,1080x1921,1280x2277,1439x2560&from=bu&cs=1439x0",,False,,synagogue,True,False,-224534117__457239123
457239112,-7,-224534117,-224534117,1709455459,2024-03-03 09:44:19,58.007609,56.2335,58.00819896273859,56.23476395501453,99.2368537513353,"https://sun9-8.userapi.com/s/v1/ig2/sPoaIGE3fHLOcrMOtzIW1u6lGB8JjRAaRzbN5GnfSDar6tA_s_hynbhBlOHzQVgxbjqEw48i85dgpC0XWKCvZBhD.jpg?quality=95&as=32x57,48x85,72x128,108x192,160x284,240x427,360x640,480x853,540x960,640x1138,720x1280,1080x1920,1280x2276,1440x2560&from=bu&cs=1440x0",,False,,synagogue,True,False,-224534117__457239112
457240421,300940854,-224421397,-224421397,1711282426,2024-03-24 13:13:46,58.008604,56.234423,58.00819896273859,56.23476395501453,49.31399479698315,"https://sun9-69.userapi.com/s/v1/ig2/C6bv7SgXP7VXFCCxLXsabWocLYAnV5lVdsmgfxA32dmWNxPKxLgE2HtzRZqaxweJet5AN5namicd0XIA1RkvsUWE.jpg?quality=95&as=32x43,48x64,72x96,108x144,160x213,240x320,360x480,480x640,540x720,640x853,720x960,1080x1440,1280x1707,1440x1920,1920x2560&from=bu&cs=1920x0",,False,,synagogue,True,False,-224421397__457240421
457240420,300940854,-224421397,-224421397,1711282424,2024-03-24 13:13:44,58.008604,56.234423,58.00819896273859,56.23476395501453,49.31399479698315,"https://sun9-76.userapi.com/s/v1/ig2/FTJPcpauWrWaYNtX17pQ0icJeuxcaf4XLayh7wzKH1rxKOOKXF16IlxmeqjOqv1KvMX6USBFilE_U2GHZNv5MyEy.jpg?quality=95&as=32x43,48x64,72x96,108x144,160x213,240x320,360x480,480x640,540x720,640x853,720x960,1080x1440,1280x1707,1440x1920,1920x2560&from=bu&cs=1920x0",,False,,synagogue,True,False,-224421397__457240420
457240419,300940854,-224421397,-224421397,1711282422,2024-03-24 13:13:42,58.008604,56.234423,58.00819896273859,56.23476395501453,49.31399479698315,"https://sun9-73.userapi.com/s/v1/ig2/1uIC_jH-Hd2q0LLLBXCUZqPNmeWHAwaktyKRF5srxDTP8JcR6WG6jm8BZjdhhLRFa2UD_reB_ef_l5mlePAwN7os.jpg?quality=95&as=32x43,48x64,72x96,108x144,160x213,240x320,360x480,480x640,540x720,640x853,720x960,1080x1440,1280x1707,1440x1920,1920x2560&from=bu&cs=1920x0",,False,,synagogue,True,False,-224421397__457240419
457240392,300940854,-224421397,-224421397,1711282384,2024-03-24 13:13:04,58.008604,56.234423,58.00819896273859,56.23476395501453,49.31399479698315,"https://sun9-38.userapi.com/s/v1/ig2/YDPRjkNuAzvGzJTIA6hO-uApk3sJb4YAuBgP-yucQNAa3_X75kG5EZVDwSMeY2BAx-GLgYIOpzsjKcgtkp4ut0po.jpg?quality=95&as=32x43,48x64,72x96,108x144,160x213,240x320,360x480,480x640,540x720,640x853,720x960,1080x1440,1280x1707,1440x1920,1920x2560&from=bu&cs=1920x0",,False,,synagogue,True,False,-224421397__457240392
457240391,300940854,-224421397,-224421397,1711282382,2024-03-24 13:13:02,58.008604,56.234423,58.00819896273859,56.23476395501453,49.31399479698315,"https://sun9-40.userapi.com/s/v1/ig2/0dy6zJxhf_sIQvDSddWCvyRavsdbTwYY9R6okSLCZTwNQ4_d3Ag5bKPi2d3eiJ9R5JtOyDKuLNd0sufes6qBfd9o.jpg?quality=95&as=32x43,48x64,72x96,108x144,160x213,240x320,360x480,480x640,540x720,640x853,720x960,1080x1440,1280x1707,1440x1920,1920x2560&from=bu&cs=1920x0",,False,,synagogue,True,False,-224421397__457240391
457240390,300940854,-224421397,-224421397,1711282381,2024-03-24 13:13:01,58.008604,56.234423,58.00819896273859,56.23476395501453,49.31399479698315,"https://sun9-23.userapi.com/s/v1/ig2/m-WBlyrp1X7xEdIynCgP7e2v7XMCOse5ErKM_shYxnAZX51bqR6kOIzdJ2dRvSCIhJPhj2N371pdC0W269NjBWM3.jpg?quality=95&as=32x43,48x64,72x96,108x144,160x213,240x320,360x480,480x640,540x720,640x853,720x960,1080x1440,1280x1707,1440x1920,1920x2560&from=bu&cs=1920x0",,False,,synagogue,True,False,-224421397__457240390
457240389,300940854,-224421397,-224421397,1711282379,2024-03-24 13:12:59,58.008604,56.234423,58.00819896273859,56.23476395501453,49.31399479698315,"https://sun9-77.userapi.com/s/v1/ig2/5QcvZRLdQh4xQbH66Jv58tcm5wvyQGVzkz9MGRQxhslZ_rtmyUrcsUCZgJcn7id4ixmplYBj2KPlm9jGGNr7EFP-.jpg?quality=95&as=32x43,48x64,72x96,108x144,160x213,240x320,360x480,480x640,540x720,640x853,720x960,1080x1440,1280x1707,1440x1920,1920x2560&from=bu&cs=1920x0",,False,,synagogue,True,False,-224421397__457240389
457240388,300940854,-224421397,-224421397,1711282378,2024-03-24 13:12:58,58.008604,56.234423,58.00819896273859,56.23476395501453,49.31399479698315,"https://sun9-88.userapi.com/s/v1/ig2/VPJdPYbJc4MSBjOvQQq4KUOJnkDhRmJV4d-jKNagkrL-26HoZwcM402nZhGZ4umwNNT1ah1eSHOo247yvV4sIzoV.jpg?quality=95&as=32x43,48x64,72x96,108x144,160x213,240x320,360x480,480x640,540x720,640x853,720x960,1080x1440,1280x1707,1440x1920,1920x2560&from=bu&cs=1920x0",,False,,synagogue,True,False,-224421397__457240388
457240387,300940854,-224421397,-224421397,1711282376,2024-03-24 13:12:56,58.008604,56.234423,58.00819896273859,56.23476395501453,49.31399479698315,"https://sun9-36.userapi.com/s/v1/ig2/XDjHnrf9Hs_EuWt1uyEVdTNnR8fCpy-bUWbyfsbl5c7taO3o5CyCFbEFuc8DDKNo4IpbQ6o_L_CSbbaNCaLgp7U9.jpg?quality=95&as=32x43,48x64,72x96,108x144,160x213,240x320,360x480,480x640,540x720,640x853,720x960,1080x1440,1280x1707,1440x1920,1920x2560&from=bu&cs=1920x0",,False,,synagogue,True,False,-224421397__457240387
457240386,300940854,-224421397,-224421397,1711282375,2024-03-24 13:12:55,58.008604,56.234423,58.00819896273859,56.23476395501453,49.31399479698315,"https://sun9-6.userapi.com/s/v1/ig2/HAXshcPYwDzQdqv3pbUsTk72ztJR8vRc3IR1HgKaDV54gnUqbMXSFWFf5beEe6n3Xe5DIXNJ0GBircNpK9fUk15t.jpg?quality=95&as=32x43,48x64,72x96,108x144,160x213,240x320,360x480,480x640,540x720,640x853,720x960,1080x1440,1280x1707,1440x1920,1920x2560&from=bu&cs=1920x0",,False,,synagogue,True,False,-224421397__457240386
457240385,300940854,-224421397,-224421397,1711282374,2024-03-24 13:12:54,58.008604,56.234423,58.00819896273859,56.23476395501453,49.31399479698315,"https://sun9-35.userapi.com/s/v1/ig2/3sxd1gOFoNWJyscP8je3hLkJhxtv6VIe5dIsRPxqNU6t55zPjlZByPENpWoSrF6dWllNBPCY8FyehU-pcE3mnDJs.jpg?quality=95&as=32x43,48x64,72x96,108x144,160x213,240x320,360x480,480x640,540x720,640x853,720x960,1080x1440,1280x1707,1440x1920,1920x2560&from=bu&cs=1920x0",,False,,synagogue,True,False,-224421397__457240385
457240384,300940854,-224421397,-224421397,1711282372,2024-03-24 13:12:52,58.008604,56.234423,58.00819896273859,56.23476395501453,49.31399479698315,"https://sun9-50.userapi.com/s/v1/ig2/tQY1bn9qaAYvsUYf41Kv5hMDVBggRRPBYxJ595GAkmJhPQHUZKNKmVbgLmpfZgr41FwHcsHJbUTkSQCwgI4GATmn.jpg?quality=95&as=32x43,48x64,72x96,108x144,160x213,240x320,360x480,480x640,540x720,640x853,720x960,1080x1440,1280x1707,1440x1920,1920x2560&from=bu&cs=1920x0",,False,,synagogue,True,False,-224421397__457240384
457240383,300940854,-224421397,-224421397,1711282371,2024-03-24 13:12:51,58.008604,56.234423,58.00819896273859,56.23476395501453,49.31399479698315,"https://sun9-53.userapi.com/s/v1/ig2/9Vj1ZC2LMhgsp4ziHAN_Q-Vvt5fQXOU_XQhVm_9ccej6HmR9REPMVC41OAF_w_qcjgeSdnwBZ1QaYfU_0U_smyv2.jpg?quality=95&as=32x43,48x64,72x96,108x144,160x213,240x320,360x480,480x640,540x720,640x853,720x960,1080x1440,1280x1707,1440x1920,1920x2560&from=bu&cs=1920x0",,False,,synagogue,True,False,-224421397__457240383
457240382,300940854,-224421397,-224421397,1711282369,2024-03-24 13:12:49,58.008604,56.234423,58.00819896273859,56.23476395501453,49.31399479698315,"https://sun9-82.userapi.com/s/v1/ig2/4MOHlJLg78tfQz1_VHOqChI4vqu93lkxRl5MnkxfHM59t93rCq8A1ojFfJlNCC9UdrTn6G1CuTcf4YW-j7xqWD7V.jpg?quality=95&as=32x43,48x64,72x96,108x144,160x213,240x320,360x480,480x640,540x720,640x853,720x960,1080x1440,1280x1707,1440x1920,1920x2560&from=bu&cs=1920x0",,False,,synagogue,True,False,-224421397__457240382
457240381,300940854,-224421397,-224421397,1711282368,2024-03-24 13:12:48,58.008604,56.234423,58.00819896273859,56.23476395501453,49.31399479698315,"https://sun9-15.userapi.com/s/v1/ig2/iJUKt-nGjfQ6JUxkykc9m-L4jXAUVghPupZlL3R2l83Sm5hXtVRHSU6hkcJo9OsIaZDQAWsx6XrftBl4lIl-wipJ.jpg?quality=95&as=32x43,48x64,72x96,108x144,160x213,240x320,360x480,480x640,540x720,640x853,720x960,1080x1440,1280x1707,1440x1920,1920x2560&from=bu&cs=1920x0",,False,,synagogue,True,False,-224421397__457240381
457240380,300940854,-224421397,-224421397,1711282366,2024-03-24 13:12:46,58.008604,56.234423,58.00819896273859,56.23476395501453,49.31399479698315,"https://sun9-14.userapi.com/s/v1/ig2/9UONdE56rrmGj8y0F3oODpN6knixa2iSmg8ZYJBJ4WPtUIpTh_LwOlkV9YaAWwQIn85Yq299yE8HU6uGcoYGZl6E.jpg?quality=95&as=32x43,48x64,72x96,108x144,160x213,240x320,360x480,480x640,540x720,640x853,720x960,1080x1440,1280x1707,1440x1920,1920x2560&from=bu&cs=1920x0",,False,,synagogue,True,False,-224421397__457240380
457240379,300940670,-224421397,-224421397,1711280248,2024-03-24 12:37:28,58.008604,56.234423,58.00819896273859,56.23476395501453,49.31399479698315,"https://sun9-16.userapi.com/s/v1/ig2/nypCe91JALGWd_-EL_rwkc7sy4RFfalmaTK9bc18C6eniKk7qsa2V0CiAilTvw6L-oFmqBV3BOwUfPkiwmxs6h7L.jpg?quality=95&as=32x43,48x64,72x96,108x144,160x213,240x320,360x480,480x640,540x720,640x853,720x960,1080x1440,1280x1707,1440x1920,1920x2560&from=bu&cs=1920x0",,False,,synagogue,True,False,-224421397__457240379
457240378,300940670,-224421397,-224421397,1711280247,2024-03-24 12:37:27,58.008604,56.234423,58.00819896273859,56.23476395501453,49.31399479698315,"https://sun9-68.userapi.com/s/v1/ig2/Pdmxkg7CpRKh8OvfYdXqjBxXEgoiIypP3RA-K46anzIi5AwCTYBfF3DSd_k9zBcriNrQ7uHZGPNRr373nETCvTnC.jpg?quality=95&as=32x43,48x64,72x96,108x144,160x213,240x320,360x480,480x640,540x720,640x853,720x960,1080x1440,1280x1707,1440x1920,1920x2560&from=bu&cs=1920x0",,False,,synagogue,True,False,-224421397__457240378
457240377,300940670,-224421397,-224421397,1711280245,2024-03-24 12:37:25,58.008604,56.234423,58.00819896273859,56.23476395501453,49.31399479698315,"https://sun9-82.userapi.com/s/v1/ig2/L8cf4WstGGlO4eVdGcjS59ovtKWAcOAbEvPW5efFFjv-wLkD5U0s8q9g9Tq-4T2Ij3UM85I_Gdqk2rmvT7UUW7RE.jpg?quality=95&as=32x43,48x64,72x96,108x144,160x213,240x320,360x480,480x640,540x720,640x853,720x960,1080x1440,1280x1707,1440x1920,1920x2560&from=bu&cs=1920x0",,False,,synagogue,True,False,-224421397__457240377
457240376,300940670,-224421397,-224421397,1711280244,2024-03-24 12:37:24,58.008604,56.234423,58.00819896273859,56.23476395501453,49.31399479698315,"https://sun9-64.userapi.com/s/v1/ig2/F0ifXBgDs4mSKQGKf3E2mNWicKAlUulWXNiSRaQCPQJSUF98SY-OG7-Cq5Of_KLTzGIpfR9cJ4VqjEbsPhxdaIdf.jpg?quality=95&as=32x43,48x64,72x96,108x144,160x213,240x320,360x480,480x640,540x720,640x853,720x960,1080x1440,1280x1707,1440x1920,1920x2560&from=bu&cs=1920x0",,False,,synagogue,True,False,-224421397__457240376
457240375,300940670,-224421397,-224421397,1711280242,2024-03-24 12:37:22,58.008604,56.234423,58.00819896273859,56.23476395501453,49.31399479698315,"https://sun9-14.userapi.com/s/v1/ig2/chO3pXXHBXLn6rRfd4yMX0ar4GB1rkCwN4u2X2lMoWTt7H-qYmkh7oqYgTU0M7dkLWUjllgtmnIDPl_Lz1Z_qzpv.jpg?quality=95&as=32x43,48x64,72x96,108x144,160x213,240x320,360x480,480x640,540x720,640x853,720x960,1080x1440,1280x1707,1440x1920,1920x2560&from=bu&cs=1920x0",,False,,synagogue,True,False,-224421397__457240375
457240374,300940670,-224421397,-224421397,1711280241,2024-03-24 12:37:21,58.008604,56.234423,58.00819896273859,56.23476395501453,49.31399479698315,"https://sun9-32.userapi.com/s/v1/ig2/ITuvstY_Tq_9vtX79Qxog5Flq7viFqQX-JJRUYc7imNUiQ7qCueR8AWKvaPYYiBiY-b6iTMrRkk9uCgWFJGfMmsn.jpg?quality=95&as=32x43,48x64,72x96,108x144,160x213,240x320,360x480,480x640,540x720,640x853,720x960,1080x1440,1280x1707,1440x1920,1920x2560&from=bu&cs=1920x0",,False,,synagogue,True,False,-224421397__457240374
457240373,300940670,-224421397,-224421397,1711280240,2024-03-24 12:37:20,58.008604,56.234423,58.00819896273859,56.23476395501453,49.31399479698315,"https://sun9-79.userapi.com/s/v1/ig2/JVHuFrUqdof1BRtDpGbrgM-tvbAqXVzaf0PDveLg6FGSJX4S4eeAmjId6xzzcvgc1vswi1bsfCNJKGUDcawVsWTl.jpg?quality=95&as=32x43,48x64,72x96,108x144,160x213,240x320,360x480,480x640,540x720,640x853,720x960,1080x1440,1280x1707,1440x1920,1920x2560&from=bu&cs=1920x0",,False,,synagogue,True,False,-224421397__457240373
457240372,300940670,-224421397,-224421397,1711280238,2024-03-24 12:37:18,58.008604,56.234423,58.00819896273859,56.23476395501453,49.31399479698315,"https://sun9-69.userapi.com/s/v1/ig2/T_m1w3Bi9u3hFhAMfxPdJC6bpwVVzYOmr3vL4PtiaWGZUTfawOzR3XfrbV_k45WvKZnb5Gm49r35bWVAUkOAZ1_D.jpg?quality=95&as=32x43,48x64,72x96,108x144,160x213,240x320,360x480,480x640,540x720,640x853,720x960,1080x1440,1280x1707,1440x1920,1920x2560&from=bu&cs=1920x0",,False,,synagogue,True,False,-224421397__457240372
457240371,300940670,-224421397,-224421397,1711280237,2024-03-24 12:37:17,58.008604,56.234423,58.00819896273859,56.23476395501453,49.31399479698315,"https://sun9-26.userapi.com/s/v1/ig2/Hy7ulFLR8BtoEzghzLMWjb1Zrka4n2WzdlCYjWYsR6B8qb0LeZuBr0Bz_1fZlCMA1p2xyZ9ftUbDoqR2k-u-OiN0.jpg?quality=95&as=32x43,48x64,72x96,108x144,160x213,240x320,360x480,480x640,540x720,640x853,720x960,1080x1440,1280x1707,1440x1920,1920x2560&from=bu&cs=1920x0",,False,,synagogue,True,False,-224421397__457240371
457240370,300940670,-224421397,-224421397,1711280236,2024-03-24 12:37:16,58.008604,56.234423,58.00819896273859,56.23476395501453,49.31399479698315,"https://sun9-18.userapi.com/s/v1/ig2/zGFTXjtZHpKEIYuotxlQBrVzT9Pz_wgr-01j-sbSlvbKGZPcCEmZJo-A1vbIO44Fci2eMBszJSN6LBXI8OrYSWXv.jpg?quality=95&as=32x43,48x64,72x96,108x144,160x213,240x320,360x480,480x640,540x720,640x853,720x960,1080x1440,1280x1707,1440x1920,1920x2560&from=bu&cs=1920x0",,False,,synagogue,True,False,-224421397__457240370
457240369,300940670,-224421397,-224421397,1711280234,2024-03-24 12:37:14,58.008604,56.234423,58.00819896273859,56.23476395501453,49.31399479698315,"https://sun9-88.userapi.com/s/v1/ig2/WJGdRuH2cnX5uS_SZARh-AWa6O59A6GzcgyTdRORBH_NnOcE7TjulzrJqytsJ5EkVwqC1kHWuBE_e-xj4YF5J0Sb.jpg?quality=95&as=32x43,48x64,72x96,108x144,160x213,240x320,360x480,480x640,540x720,640x853,720x960,1080x1440,1280x1707,1440x1920,1920x2560&from=bu&cs=1920x0",,False,,synagogue,True,False,-224421397__457240369
457240368,300940670,-224421397,-224421397,1711280233,2024-03-24 12:37:13,58.008604,56.234423,58.00819896273859,56.23476395501453,49.31399479698315,"https://sun9-87.userapi.com/s/v1/ig2/ylDIuZnR8BEmrLPj4eNcps3P-l7P5TzzhydT5Zd5-BFZ-UT4eKS0eZcY_Zi4UgaPskK2zqGcbQL3IcDJTq3P20Yr.jpg?quality=95&as=32x43,48x64,72x96,108x144,160x213,240x320,360x480,480x640,540x720,640x853,720x960,1080x1440,1280x1707,1440x1920,1920x2560&from=bu&cs=1920x0",,False,,synagogue,True,False,-224421397__457240368
457240367,300940670,-224421397,-224421397,1711280232,2024-03-24 12:37:12,58.008604,56.234423,58.00819896273859,56.23476395501453,49.31399479698315,"https://sun9-21.userapi.com/s/v1/ig2/6MPvihDwvE_u3JQANwJXuSXd9a_-bpX5kplvK2O9MLbjqThtgkM_y7k9aBj3CxXLM4qmFuKyNxueDjcsV8I3MEmv.jpg?quality=95&as=32x43,48x64,72x96,108x144,160x213,240x320,360x480,480x640,540x720,640x853,720x960,1080x1440,1280x1707,1440x1920,1920x2560&from=bu&cs=1920x0",,False,,synagogue,True,False,-224421397__457240367
457240366,300940670,-224421397,-224421397,1711280231,2024-03-24 12:37:11,58.008604,56.234423,58.00819896273859,56.23476395501453,49.31399479698315,"https://sun9-11.userapi.com/s/v1/ig2/oEW9RtU7IL_U6OfatlzfSLJv-I60cmsPYf_y5zqv9xz2THKw6weFFQp6cwhUEVWQoHnrQDAj-Wq1joI9WUZ7BryB.jpg?quality=95&as=32x43,48x64,72x96,108x144,160x213,240x320,360x480,480x640,540x720,640x853,720x960,1080x1440,1280x1707,1440x1920,1920x2560&from=bu&cs=1920x0",,False,,synagogue,True,False,-224421397__457240366
457240365,300940670,-224421397,-224421397,1711280230,2024-03-24 12:37:10,58.008604,56.234423,58.00819896273859,56.23476395501453,49.31399479698315,"https://sun9-22.userapi.com/s/v1/ig2/nSAzuQSz5F-NdVsh6DSjvYEnrIgf0-2jebPlgyQiKHS2QjIGDsRP4XWr9HCx6Ohb593TovTJPmnbaTbH0kdFd35q.jpg?quality=95&as=32x43,48x64,72x96,108x144,160x213,240x320,360x480,480x640,540x720,640x853,720x960,1080x1440,1280x1707,1440x1920,1920x2560&from=bu&cs=1920x0",,False,,synagogue,True,False,-224421397__457240365
457240364,300940670,-224421397,-224421397,1711280229,2024-03-24 12:37:09,58.008604,56.234423,58.00819896273859,56.23476395501453,49.31399479698315,"https://sun9-40.userapi.com/s/v1/ig2/K7br0nKqt620hI8pkZVT8x_laGPTqUADL72Y86XfKCRI4HIRVwkLWWOEHnrSUBPlemICl5tXTwP5yMrZII-hT5Rl.jpg?quality=95&as=32x43,48x64,72x96,108x144,160x213,240x320,360x480,480x640,540x720,640x853,720x960,1080x1440,1280x1707,1440x1920,1920x2560&from=bu&cs=1920x0",,False,,synagogue,True,False,-224421397__457240364
457240363,300940670,-224421397,-224421397,1711280227,2024-03-24 12:37:07,58.008604,56.234423,58.00819896273859,56.23476395501453,49.31399479698315,"https://sun9-72.userapi.com/s/v1/ig2/QYT1qQkh912lN0zHVfJ3hFpqYsZ9CsMdCW4TOFP9PgiQOuXlCgJYwUFwnJEINJcOsgNlUm9l7sJV2jv3fBM0fb4r.jpg?quality=95&as=32x43,48x64,72x96,108x144,160x213,240x320,360x480,480x640,540x720,640x853,720x960,1080x1440,1280x1707,1440x1920,1920x2560&from=bu&cs=1920x0",,False,,synagogue,True,False,-224421397__457240363
457240362,300940670,-224421397,-224421397,1711280226,2024-03-24 12:37:06,58.008604,56.234423,58.00819896273859,56.23476395501453,49.31399479698315,"https://sun9-78.userapi.com/s/v1/ig2/ZUJCT88YZxAJis6LPBcR51r0ew6ZdMhpC4Vqpg0eorNht7D9JXek9BQ5X2_xuD0Un_yQ5sGom7ef3aTGZZb3TN4j.jpg?quality=95&as=32x43,48x64,72x96,108x144,160x213,240x320,360x480,480x640,540x720,640x853,720x960,1080x1440,1280x1707,1440x1920,1920x2560&from=bu&cs=1920x0",,False,,synagogue,True,False,-224421397__457240362
457240361,300940670,-224421397,-224421397,1711280225,2024-03-24 12:37:05,58.008604,56.234423,58.00819896273859,56.23476395501453,49.31399479698315,"https://sun9-33.userapi.com/s/v1/ig2/Jx-U-pmshKZvACkaaSUd9MNfFJgkiLoVC4kJskusaHYiYdT6OMNybn7p-ZtJgwqb-8kKUuzkY27CDKpp6bZWFBDc.jpg?quality=95&as=32x43,48x64,72x96,108x144,160x213,240x320,360x480,480x640,540x720,640x853,720x960,1080x1440,1280x1707,1440x1920,1920x2560&from=bu&cs=1920x0",,False,,synagogue,True,False,-224421397__457240361
457240360,300940670,-224421397,-224421397,1711280224,2024-03-24 12:37:04,58.008604,56.234423,58.00819896273859,56.23476395501453,49.31399479698315,"https://sun9-41.userapi.com/s/v1/ig2/pp8CNaQGsWujlYlwfpjYUDTlF9hyCX6kzThsbZEOYSbO0XkwUxrNG7LO4HjJL74KgX9Tx9hBhX4KlR9eXr1Str9y.jpg?quality=95&as=32x43,48x64,72x96,108x144,160x213,240x320,360x480,480x640,540x720,640x853,720x960,1080x1440,1280x1707,1440x1920,1920x2560&from=bu&cs=1920x0",,False,,synagogue,True,False,-224421397__457240360
457240359,300940670,-224421397,-224421397,1711280222,2024-03-24 12:37:02,58.008604,56.234423,58.00819896273859,56.23476395501453,49.31399479698315,"https://sun9-4.userapi.com/s/v1/ig2/lyA7pLEzsjgxckKCLL202tC_4XOC6AuXmMkRkgghWfE0PGoLEHYfEO2nwMRzN8pSGvZqw5slRnyVGrS4oJ7ZocOS.jpg?quality=95&as=32x43,48x64,72x96,108x144,160x213,240x320,360x480,480x640,540x720,640x853,720x960,1080x1440,1280x1707,1440x1920,1920x2560&from=bu&cs=1920x0",,False,,synagogue,True,False,-224421397__457240359
457240358,300940670,-224421397,-224421397,1711280221,2024-03-24 12:37:01,58.008604,56.234423,58.00819896273859,56.23476395501453,49.31399479698315,"https://sun9-3.userapi.com/s/v1/ig2/E3O4qv0l-iAeVs03y2gvmNxCkyJ8P2PYe2hyiZD8D4np8JY96aM_-GYJKvFFaizh2lfuuFMtBzzsZUShj3_kqwpo.jpg?quality=95&as=32x43,48x64,72x96,108x144,160x213,240x320,360x480,480x640,540x720,640x853,720x960,1080x1440,1280x1707,1440x1920,1920x2560&from=bu&cs=1920x0",,False,,synagogue,True,False,-224421397__457240358
457240357,300940670,-224421397,-224421397,1711280220,2024-03-24 12:37:00,58.008604,56.234423,58.00819896273859,56.23476395501453,49.31399479698315,"https://sun9-41.userapi.com/s/v1/ig2/KldHdL7_WgdjASpQqhKg6uvK9OqIpo71xH8Dw83-6y6ZwlCBFowilGUUfU66HKzFZNguRhP7F6OnB5mHIxAfCyZi.jpg?quality=95&as=32x43,48x64,72x96,108x144,160x213,240x320,360x480,480x640,540x720,640x853,720x960,1080x1440,1280x1707,1440x1920,1920x2560&from=bu&cs=1920x0",,False,,synagogue,True,False,-224421397__457240357
457240356,300940670,-224421397,-224421397,1711280219,2024-03-24 12:36:59,58.008604,56.234423,58.00819896273859,56.23476395501453,49.31399479698315,"https://sun9-31.userapi.com/s/v1/ig2/ms4Us0kGRylM3zGAQiIwEKYEtl5KOIq2Rztk0TLIi40iv4L96PcnQcfI3NSQsrunLOJ_6WFNz8djATW_CrnaA93s.jpg?quality=95&as=32x43,48x64,72x96,108x144,160x213,240x320,360x480,480x640,540x720,640x853,720x960,1080x1440,1280x1707,1440x1920,1920x2560&from=bu&cs=1920x0",,False,,synagogue,True,False,-224421397__457240356
457240355,300940670,-224421397,-224421397,1711280218,2024-03-24 12:36:58,58.008604,56.234423,58.00819896273859,56.23476395501453,49.31399479698315,"https://sun9-8.userapi.com/s/v1/ig2/9IZdBNEeWH64LSSeOL_tqFjGLHfWuaYFioG8N9yKmSiey_Ey0fbZfIln1nE8i0ac9L5D4QUyDdeQu4h5JLX8M7mb.jpg?quality=95&as=32x43,48x64,72x96,108x144,160x213,240x320,360x480,480x640,540x720,640x853,720x960,1080x1440,1280x1707,1440x1920,1920x2560&from=bu&cs=1920x0",,False,,synagogue,True,False,-224421397__457240355
457240354,300940670,-224421397,-224421397,1711280215,2024-03-24 12:36:55,58.008604,56.234423,58.00819896273859,56.23476395501453,49.31399479698315,"https://sun9-20.userapi.com/s/v1/ig2/HD1NETSJWyLdDHbzvWTFmDoNbdtb-joxmJOEMuR_35kwlDcUTAdDYEQAA9CGy5MpsVNvClasREElKaiSU4k2w_sJ.jpg?quality=95&as=32x43,48x64,72x96,108x144,160x213,240x320,360x480,480x640,540x720,640x853,720x960,1080x1440,1280x1707,1440x1920,1920x2560&from=bu&cs=1920x0",,False,,synagogue,True,False,-224421397__457240354
457240353,300940670,-224421397,-224421397,1711280213,2024-03-24 12:36:53,58.008604,56.234423,58.00819896273859,56.23476395501453,49.31399479698315,"https://sun9-83.userapi.com/s/v1/if2/TxxlMtf1SWJ7xygB-8th30y9q2w-1IviZ0BFwnKcOiIDKva0aabG3vzNUIdqkRxI5MPJg6feBLsFRw-Qyx6eq5Ws.jpg?quality=95&as=32x24,48x36,72x54,108x81,160x120,240x180,360x270,480x360,540x405,640x480,720x540,1080x810,1280x960,1440x1080,2560x1920&from=bu&cs=2560x0",,False,,synagogue,True,False,-224421397__457240353
457240352,300940670,-224421397,-224421397,1711280212,2024-03-24 12:36:52,58.008604,56.234423,58.00819896273859,56.23476395501453,49.31399479698315,"https://sun9-79.userapi.com/s/v1/ig2/ui6L653cM4ywh8RWbqeME8OmILUP37r3cTS23Eic6zIPy36yU8l6TISVxUBxZFKAeCel6NuU5fikC6m5UtyQB8Q_.jpg?quality=95&as=32x43,48x64,72x96,108x144,160x213,240x320,360x480,480x640,540x720,640x853,720x960,1080x1440,1280x1707,1440x1920,1920x2560&from=bu&cs=1920x0",,False,,synagogue,True,False,-224421397__457240352
457240351,300940670,-224421397,-224421397,1711280210,2024-03-24 12:36:50,58.008604,56.234423,58.00819896273859,56.23476395501453,49.31399479698315,"https://sun9-18.userapi.com/s/v1/ig2/hLiE9BApGClV7h1rWtnT1SQ2_77aI8vv3KPDpW-IZ_OsBsg9cgm_LFlCTqYyi0uDZPbDPzZul02c6gOn-pfS9F0D.jpg?quality=95&as=32x43,48x64,72x96,108x144,160x213,240x320,360x480,480x640,540x720,640x853,720x960,1080x1440,1280x1707,1440x1920,1920x2560&from=bu&cs=1920x0",,False,,synagogue,True,False,-224421397__457240351
457240350,300940670,-224421397,-224421397,1711280209,2024-03-24 12:36:49,58.008604,56.234423,58.00819896273859,56.23476395501453,49.31399479698315,"https://sun9-11.userapi.com/s/v1/ig2/pgEnok0KU0iyWmPInavByPA65CZsIoc4hBANxnr6BQKiClJ2cj73xYtETF-r85Y1Dpoe7NXrNHvsLXVuBAIWx9vA.jpg?quality=95&as=32x43,48x64,72x96,108x144,160x213,240x320,360x480,480x640,540x720,640x853,720x960,1080x1440,1280x1707,1440x1920,1920x2560&from=bu&cs=1920x0",,False,,synagogue,True,False,-224421397__457240350
457240349,300940670,-224421397,-224421397,1711280207,2024-03-24 12:36:47,58.008604,56.234423,58.00819896273859,56.23476395501453,49.31399479698315,"https://sun9-40.userapi.com/s/v1/ig2/8pBwpw_UjMMKO2eVwbvDT9VydZnwYmhx6Xcj1A65y8bfa34Ln3yrgpJHfSzA7v5iErQhT1-_sp4dHDCIg_1rl4by.jpg?quality=95&as=32x43,48x64,72x96,108x144,160x213,240x320,360x480,480x640,540x720,640x853,720x960,1080x1440,1280x1707,1440x1920,1920x2560&from=bu&cs=1920x0",,False,,synagogue,True,False,-224421397__457240349
457240348,300940670,-224421397,-224421397,1711280206,2024-03-24 12:36:46,58.008604,56.234423,58.00819896273859,56.23476395501453,49.31399479698315,"https://sun9-37.userapi.com/s/v1/ig2/QCG7skcYFuZ7w_PRRRv7i5n9bxDEV41JYeeK6Wr2SlXga888Jnu0GxXC_zwKBltk13Z4YleWlg7W0ZQh43yPoyjA.jpg?quality=95&as=32x43,48x64,72x96,108x144,160x213,240x320,360x480,480x640,540x720,640x853,720x960,1080x1440,1280x1707,1440x1920,1920x2560&from=bu&cs=1920x0",,False,,synagogue,True,False,-224421397__457240348
457240347,300940670,-224421397,-224421397,1711280205,2024-03-24 12:36:45,58.008604,56.234423,58.00819896273859,56.23476395501453,49.31399479698315,"https://sun9-60.userapi.com/s/v1/ig2/lBdbnfmh6NUcK7uc9MF6bNCNp01wg24J9Z5p-QMWygpX1oY85pO0KouZ6Msd1Kve3GFoAK77ogTbphLiJFc9fa3S.jpg?quality=95&as=32x43,48x64,72x96,108x144,160x213,240x320,360x480,480x640,540x720,640x853,720x960,1080x1440,1280x1707,1440x1920,1920x2560&from=bu&cs=1920x0",,False,,synagogue,True,False,-224421397__457240347
457240346,300940670,-224421397,-224421397,1711280204,2024-03-24 12:36:44,58.008604,56.234423,58.00819896273859,56.23476395501453,49.31399479698315,"https://sun9-70.userapi.com/s/v1/ig2/4zL9Wtt3L-mQxYLp2pkSf0KUC-kLZx2N26A58Y6znN7WQZuJOZVBBmoi4LUD0Bu86K_1aY_8gxOr9CO3cXH_j58r.jpg?quality=95&as=32x43,48x64,72x96,108x144,160x213,240x320,360x480,480x640,540x720,640x853,720x960,1080x1440,1280x1707,1440x1920,1920x2560&from=bu&cs=1920x0",,False,,synagogue,True,False,-224421397__457240346
457240345,300940670,-224421397,-224421397,1711280202,2024-03-24 12:36:42,58.008604,56.234423,58.00819896273859,56.23476395501453,49.31399479698315,"https://sun9-40.userapi.com/s/v1/ig2/AOKNFDVPreZn85mZMaNx91ZVMIqmpn2v3tEvHBp_2tCS7DhgorB25tYi5B12ZTSeIAvtkTe4tBLSn1URFeYv751M.jpg?quality=95&as=32x43,48x64,72x96,108x144,160x213,240x320,360x480,480x640,540x720,640x853,720x960,1080x1440,1280x1707,1440x1920,1920x2560&from=bu&cs=1920x0",,False,,synagogue,True,False,-224421397__457240345
457240344,300940670,-224421397,-224421397,1711280201,2024-03-24 12:36:41,58.008604,56.234423,58.00819896273859,56.23476395501453,49.31399479698315,"https://sun9-15.userapi.com/s/v1/ig2/6XfjQalVFiI9YnZXVuZMWQEv5NwTpA08p1K417wfce3Waa7mumdbZUA_t6RNWRSC-vEOOjoaqWV7uCky7_QxAh04.jpg?quality=95&as=32x43,48x64,72x96,108x144,160x213,240x320,360x480,480x640,540x720,640x853,720x960,1080x1440,1280x1707,1440x1920,1920x2560&from=bu&cs=1920x0",,False,,synagogue,True,False,-224421397__457240344
457240343,300940670,-224421397,-224421397,1711280199,2024-03-24 12:36:39,58.008604,56.234423,58.00819896273859,56.23476395501453,49.31399479698315,"https://sun9-88.userapi.com/s/v1/ig2/KoAobLec_gd-EJFNxbdHcHYOK0eMOoboNm8BAZC-ZbIUoafgCG2W6DbBaNhkauc5qbl859MvwUSKhftDSdS-rS9K.jpg?quality=95&as=32x43,48x64,72x96,108x144,160x213,240x320,360x480,480x640,540x720,640x853,720x960,1080x1440,1280x1707,1440x1920,1920x2560&from=bu&cs=1920x0",,False,,synagogue,True,False,-224421397__457240343
457240342,300940670,-224421397,-224421397,1711280198,2024-03-24 12:36:38,58.008604,56.234423,58.00819896273859,56.23476395501453,49.31399479698315,"https://sun9-14.userapi.com/s/v1/ig2/dC2eQ7J5eCi8s5P948KXwJBGS77sAxsQF_J7zsPMW7jNwy4ESpT22-_6qt_AlOUJtLg0sQTIbMxPxr2jwIA-1-dG.jpg?quality=95&as=32x43,48x64,72x96,108x144,160x213,240x320,360x480,480x640,540x720,640x853,720x960,1080x1440,1280x1707,1440x1920,1920x2560&from=bu&cs=1920x0",,False,,synagogue,True,False,-224421397__457240342
457240341,300940670,-224421397,-224421397,1711280197,2024-03-24 12:36:37,58.008604,56.234423,58.00819896273859,56.23476395501453,49.31399479698315,"https://sun9-44.userapi.com/s/v1/ig2/YtzWQoCe5ScWh9z1dgYjw2eZy1A0swiRSHmij_DhXhuYxliYj4H4B8PJWcqFS5Vu0cQx699traKn2gwzQ88wFNuR.jpg?quality=95&as=32x43,48x64,72x96,108x144,160x213,240x320,360x480,480x640,540x720,640x853,720x960,1080x1440,1280x1707,1440x1920,1920x2560&from=bu&cs=1920x0",,False,,synagogue,True,False,-224421397__457240341
457240340,300940670,-224421397,-224421397,1711280195,2024-03-24 12:36:35,58.008604,56.234423,58.00819896273859,56.23476395501453,49.31399479698315,"https://sun9-41.userapi.com/s/v1/ig2/jMEQj5CqfkjuWbFWdyXkQ1mCs8KWY95emDmyFTaD0vzc4nu-dsInWkNp6Kko05HzbfdWsrvicd5AXSCE27YG-70P.jpg?quality=95&as=32x43,48x64,72x96,108x144,160x213,240x320,360x480,480x640,540x720,640x853,720x960,1080x1440,1280x1707,1440x1920,1920x2560&from=bu&cs=1920x0",,False,,synagogue,True,False,-224421397__457240340
457240339,300940670,-224421397,-224421397,1711280194,2024-03-24 12:36:34,58.008604,56.234423,58.00819896273859,56.23476395501453,49.31399479698315,"https://sun9-55.userapi.com/s/v1/ig2/th2gz75yF6LnO6LrrR3doxp-BLJHkecP6gH1bGHQ7u1CvWApIncJ6I1-KUT9GRf2QMiNhwGLTNedRyS6ZsWOaiLd.jpg?quality=95&as=32x43,48x64,72x96,108x144,160x213,240x320,360x480,480x640,540x720,640x853,720x960,1080x1440,1280x1707,1440x1920,1920x2560&from=bu&cs=1920x0",,False,,synagogue,True,False,-224421397__457240339
457240338,300940670,-224421397,-224421397,1711280193,2024-03-24 12:36:33,58.008604,56.234423,58.00819896273859,56.23476395501453,49.31399479698315,"https://sun9-82.userapi.com/s/v1/ig2/dReHr7eaBFWnOG0PzO9wMnJbMVEfqABulrb7fA6B-_rqrUGfF0ip2e2cwhi-0fkpvqhcyS2ztHi6g513ojaNWQVV.jpg?quality=95&as=32x43,48x64,72x96,108x144,160x213,240x320,360x480,480x640,540x720,640x853,720x960,1080x1440,1280x1707,1440x1920,1920x2560&from=bu&cs=1920x0",,False,,synagogue,True,False,-224421397__457240338
457240337,300940670,-224421397,-224421397,1711280191,2024-03-24 12:36:31,58.008604,56.234423,58.00819896273859,56.23476395501453,49.31399479698315,"https://sun9-44.userapi.com/s/v1/if2/sEj_NQ-KrtwWtPiPeisVhO4iKO6aYK8nN6pIPvaZqw_qbMfqRhZ3z4n4w7lvg-4MFDZApZ4uP-yq7qKFA9LVmF0h.jpg?quality=95&as=32x24,48x36,72x54,108x81,160x120,240x180,360x270,480x360,540x405,640x480,720x540,1080x810,1280x960,1440x1080,2560x1920&from=bu&cs=2560x0",,False,,synagogue,True,False,-224421397__457240337
457240336,300940670,-224421397,-224421397,1711280190,2024-03-24 12:36:30,58.008604,56.234423,58.00819896273859,56.23476395501453,49.31399479698315,"https://sun9-76.userapi.com/s/v1/ig2/rOHsvLiDVLIttbnGW3-2Votm2dkx3-dgY1DH1wn1jCrIB5iU9AXCWUjWHf80vOwCQP9HJlL2pJ8vWuoz2tKVv0Un.jpg?quality=95&as=32x43,48x64,72x96,108x144,160x213,240x320,360x480,480x640,540x720,640x853,720x960,1080x1440,1280x1707,1440x1920,1920x2560&from=bu&cs=1920x0",,False,,synagogue,True,False,-224421397__457240336
457240335,300940670,-224421397,-224421397,1711280188,2024-03-24 12:36:28,58.008604,56.234423,58.00819896273859,56.23476395501453,49.31399479698315,"https://sun9-33.userapi.com/s/v1/ig2/VuuQJDqIh0j_nBoPOLW_k-cvoYiJ8GbgQ6ZA7KVg9Q5tLdo6fQg1EwrDsxE-uISAVoLky-yQv5bpk-SbGZe97cCm.jpg?quality=95&as=32x43,48x64,72x96,108x144,160x213,240x320,360x480,480x640,540x720,640x853,720x960,1080x1440,1280x1707,1440x1920,1920x2560&from=bu&cs=1920x0",,False,,synagogue,True,False,-224421397__457240335
457240334,300940670,-224421397,-224421397,1711280187,2024-03-24 12:36:27,58.008604,56.234423,58.00819896273859,56.23476395501453,49.31399479698315,"https://sun9-71.userapi.com/s/v1/ig2/1ZpGgrVc_KZaLaG58-dFyBuWKnfFLheDGGpwoNmKVF88F-h39H3pWkxWfOUcaYzCB32pbSOz_NHGr7l1FZtvEiL7.jpg?quality=95&as=32x43,48x64,72x96,108x144,160x213,240x320,360x480,480x640,540x720,640x853,720x960,1080x1440,1280x1707,1440x1920,1920x2560&from=bu&cs=1920x0",,False,,synagogue,True,False,-224421397__457240334
457240333,300940670,-224421397,-224421397,1711280185,2024-03-24 12:36:25,58.008604,56.234423,58.00819896273859,56.23476395501453,49.31399479698315,"https://sun9-51.userapi.com/s/v1/ig2/lzC7YasILC-p3vzcs6Q3Klj0w1UpAZLUT4LBTIEzqt6k5Vn7qliHVbd46KpMaSgOkOMBEfIoSTlEBZ44nCq_6iWW.jpg?quality=95&as=32x43,48x64,72x96,108x144,160x213,240x320,360x480,480x640,540x720,640x853,720x960,1080x1440,1280x1707,1440x1920,1920x2560&from=bu&cs=1920x0",,False,,synagogue,True,False,-224421397__457240333
457240332,300940670,-224421397,-224421397,1711280184,2024-03-24 12:36:24,58.008604,56.234423,58.00819896273859,56.23476395501453,49.31399479698315,"https://sun9-76.userapi.com/s/v1/ig2/WMppaoeTsfAE9S8L_IFoHcLZF1k8WEfOGpAHqD7WWfldXIcs7KMKtWv25YnM124wMUI4TbBidxO_HFxmjgz8dPHq.jpg?quality=95&as=32x43,48x64,72x96,108x144,160x213,240x320,360x480,480x640,540x720,640x853,720x960,1080x1440,1280x1707,1440x1920,1920x2560&from=bu&cs=1920x0",,False,,synagogue,True,False,-224421397__457240332
457240331,300940670,-224421397,-224421397,1711280182,2024-03-24 12:36:22,58.008604,56.234423,58.00819896273859,56.23476395501453,49.31399479698315,"https://sun9-82.userapi.com/s/v1/ig2/FWXIViQD-R4JhJMXeU5sU4oZQ9J5ei9zp5fVJMXtvCnT-2jBwJaD0_nAF-Ww47iug_eSOgczM5aD6Z0M7NbpHEtP.jpg?quality=95&as=32x43,48x64,72x96,108x144,160x213,240x320,360x480,480x640,540x720,640x853,720x960,1080x1440,1280x1707,1440x1920,1920x2560&from=bu&cs=1920x0",,False,,synagogue,True,False,-224421397__457240331
457240330,300940670,-224421397,-224421397,1711280181,2024-03-24 12:36:21,58.008604,56.234423,58.00819896273859,56.23476395501453,49.31399479698315,"https://sun9-80.userapi.com/s/v1/ig2/2pzN77imUNL33r7JJ42ycOr_txevWkIkvhqxUIwC0ucNsEjDaQechfHtj8nUH_Wv01kIqAGnnxsTZ7tssI_SfT_T.jpg?quality=95&as=32x43,48x64,72x96,108x144,160x213,240x320,360x480,480x640,540x720,640x853,720x960,1080x1440,1280x1707,1440x1920,1920x2560&from=bu&cs=1920x0",,False,,synagogue,True,False,-224421397__457240330
457240329,300940670,-224421397,-224421397,1711280179,2024-03-24 12:36:19,58.008604,56.234423,58.00819896273859,56.23476395501453,49.31399479698315,"https://sun9-40.userapi.com/s/v1/ig2/iSzOjNy8vwZjnKCNkJtuIttDJR3MuUCh_zfzkjS0YbEwlgP3ptg8k4j3sn_PC4sKbIOoZdA7A_2RKzXiw8FJhtLV.jpg?quality=95&as=32x43,48x64,72x96,108x144,160x213,240x320,360x480,480x640,540x720,640x853,720x960,1080x1440,1280x1707,1440x1920,1920x2560&from=bu&cs=1920x0",,False,,synagogue,True,False,-224421397__457240329
457240328,300940670,-224421397,-224421397,1711280178,2024-03-24 12:36:18,58.008604,56.234423,58.00819896273859,56.23476395501453,49.31399479698315,"https://sun9-68.userapi.com/s/v1/ig2/CDiTf7vgq0Wiq-PYOXKdDBoiBzLlYbhn_jc6ov1hfpdIbony14DjaQPJJEWjID7fafIqhvZO--LAakzS7p2WD2g4.jpg?quality=95&as=32x43,48x64,72x96,108x144,160x213,240x320,360x480,480x640,540x720,640x853,720x960,1080x1440,1280x1707,1440x1920,1920x2560&from=bu&cs=1920x0",,False,,synagogue,True,False,-224421397__457240328
457240327,300940670,-224421397,-224421397,1711280176,2024-03-24 12:36:16,58.008604,56.234423,58.00819896273859,56.23476395501453,49.31399479698315,"https://sun9-5.userapi.com/s/v1/ig2/F1g31lF0ZhWPVs5LICV4UF7N1vFmKPqOM22X8F58q2QrZVOFgoNY1KCoYsE6paR9Cu-mNjE-f4Ll3WvGLT1k0mQx.jpg?quality=95&as=32x43,48x64,72x96,108x144,160x213,240x320,360x480,480x640,540x720,640x853,720x960,1080x1440,1280x1707,1440x1920,1920x2560&from=bu&cs=1920x0",,False,,synagogue,True,False,-224421397__457240327
457240326,300940670,-224421397,-224421397,1711280175,2024-03-24 12:36:15,58.008604,56.234423,58.00819896273859,56.23476395501453,49.31399479698315,"https://sun9-24.userapi.com/s/v1/ig2/RTXakEzrWWaos3myChpu9DwMmZ1lneX5dPsZ-S5B1So5TbEU8qiT60oVNplI7lOrqNXNh_ivhX5iThGfEs1fFhOT.jpg?quality=95&as=32x43,48x64,72x96,108x144,160x213,240x320,360x480,480x640,540x720,640x853,720x960,1080x1440,1280x1707,1440x1920,1920x2560&from=bu&cs=1920x0",,False,,synagogue,True,False,-224421397__457240326
457240325,300940670,-224421397,-224421397,1711280174,2024-03-24 12:36:14,58.008604,56.234423,58.00819896273859,56.23476395501453,49.31399479698315,"https://sun9-2.userapi.com/s/v1/ig2/lraXGvmFz2amFDYP3QD4NIGcukKMkbgNcRDxX8B5hne848awXbhiiAO6aKsjHmtlHzRBgm88ujxClt3vZWd-sdFd.jpg?quality=95&as=32x43,48x64,72x96,108x144,160x213,240x320,360x480,480x640,540x720,640x853,720x960,1080x1440,1280x1707,1440x1920,1920x2560&from=bu&cs=1920x0",,False,,synagogue,True,False,-224421397__457240325
457240324,300940670,-224421397,-224421397,1711280172,2024-03-24 12:36:12,58.008604,56.234423,58.00819896273859,56.23476395501453,49.31399479698315,"https://sun9-71.userapi.com/s/v1/ig2/1RocMU5qTRSCXFH56U82yEhokUj11utksqV_k5stPiILMZ7suoXmTOjnhbX5Zoc7h8nSelpiJZnUV2TjLeELJT3n.jpg?quality=95&as=32x43,48x64,72x96,108x144,160x213,240x320,360x480,480x640,540x720,640x853,720x960,1080x1440,1280x1707,1440x1920,1920x2560&from=bu&cs=1920x0",,False,,synagogue,True,False,-224421397__457240324
457240323,300940670,-224421397,-224421397,1711280171,2024-03-24 12:36:11,58.008604,56.234423,58.00819896273859,56.23476395501453,49.31399479698315,"https://sun9-13.userapi.com/s/v1/ig2/pER9jnvD7TL380ZmZUnZubndzsyvASG2nDJ1L3Zk7wjgsUXor4Judx2VWcyKXSOEAHbtvQa7-IoYN1tuHy25tigv.jpg?quality=95&as=32x43,48x64,72x96,108x144,160x213,240x320,360x480,480x640,540x720,640x853,720x960,1080x1440,1280x1707,1440x1920,1920x2560&from=bu&cs=1920x0",,False,,synagogue,True,False,-224421397__457240323
457240322,300940670,-224421397,-224421397,1711280169,2024-03-24 12:36:09,58.008604,56.234423,58.00819896273859,56.23476395501453,49.31399479698315,"https://sun9-22.userapi.com/s/v1/ig2/OEgx5N0kIC_pHwhhUpxNiX5ur3sJfdmqHyOfoOgtTZ6jysimCnAZ01ovBFJEXbTPZnxLowRyBmHj-AkQ4A1Cpx7b.jpg?quality=95&as=32x43,48x64,72x96,108x144,160x213,240x320,360x480,480x640,540x720,640x853,720x960,1080x1440,1280x1707,1440x1920,1920x2560&from=bu&cs=1920x0",,False,,synagogue,True,False,-224421397__457240322
457240321,300940670,-224421397,-224421397,1711280168,2024-03-24 12:36:08,58.008604,56.234423,58.00819896273859,56.23476395501453,49.31399479698315,"https://sun9-62.userapi.com/s/v1/ig2/NDRoS3H0yRLVV2oIHJxMU2ruQ3aYRrlQhylWBSRbKI0PFpu4av-CDLZLY_dTgKd33ByPWAD6STJJU3n0_Y3AhwPV.jpg?quality=95&as=32x43,48x64,72x96,108x144,160x213,240x320,360x480,480x640,540x720,640x853,720x960,1080x1440,1280x1707,1440x1920,1920x2560&from=bu&cs=1920x0",,False,,synagogue,True,False,-224421397__457240321
457240320,300940670,-224421397,-224421397,1711280166,2024-03-24 12:36:06,58.008604,56.234423,58.00819896273859,56.23476395501453,49.31399479698315,"https://sun9-30.userapi.com/s/v1/ig2/QQEW3Fqvr6E9sfKMC3blQPE_438ocA4mehBkLFYQa0oHt2c7d_ZVvxvEI5_641KsnRf_XQtyFjrqzRJrQ3rDQ1-T.jpg?quality=95&as=32x43,48x64,72x96,108x144,160x213,240x320,360x480,480x640,540x720,640x853,720x960,1080x1440,1280x1707,1440x1920,1920x2560&from=bu&cs=1920x0",,False,,synagogue,True,False,-224421397__457240320
457240319,300940670,-224421397,-224421397,1711280164,2024-03-24 12:36:04,58.008604,56.234423,58.00819896273859,56.23476395501453,49.31399479698315,"https://sun9-32.userapi.com/s/v1/ig2/oUx1jLNLEOYMmt0qsRagMqZci4Waz-GzRD5QZOMirl7ArK6T6Kg2_eg7ej2CVMLbZfDhPs6FBQTVzY8XBGFDLAqx.jpg?quality=95&as=32x43,48x64,72x96,108x144,160x213,240x320,360x480,480x640,540x720,640x853,720x960,1080x1440,1280x1707,1440x1920,1920x2560&from=bu&cs=1920x0",,False,,synagogue,True,False,-224421397__457240319
457240318,300940670,-224421397,-224421397,1711280161,2024-03-24 12:36:01,58.008604,56.234423,58.00819896273859,56.23476395501453,49.31399479698315,"https://sun9-87.userapi.com/s/v1/ig2/WMZoIXWvZyjdwl7RXrreiKQxWcbMUYSfQv2OOF1kz121Noc-LfyEpzh99Qei3jqlGV2EWgoE6lGjAXBiRTxHlcAn.jpg?quality=95&as=32x43,48x64,72x96,108x144,160x213,240x320,360x480,480x640,540x720,640x853,720x960,1080x1440,1280x1707,1440x1920,1920x2560&from=bu&cs=1920x0",,False,,synagogue,True,False,-224421397__457240318
457240724,301013678,-224421397,-224421397,1711791915,2024-03-30 10:45:15,58.008604,56.234423,58.00819896273859,56.23476395501453,49.31399479698315,"https://sun9-18.userapi.com/s/v1/ig2/ADS2bsnSD35ooYwRv7Uf7YYCFfiHWFmJvUGbFQ1UXUyAucusOrhZiB3vERYDQ0b9Vrs4a2CQr0UhBGFzd7Jy_6Fa.jpg?quality=95&as=32x43,48x64,72x96,108x144,160x213,240x320,360x480,480x640,540x720,640x853,720x960,1080x1440,1280x1707,1440x1920,1920x2560&from=bu&cs=1920x0",,False,,synagogue,True,False,-224421397__457240724
457240723,301013678,-224421397,-224421397,1711791914,2024-03-30 10:45:14,58.008604,56.234423,58.00819896273859,56.23476395501453,49.31399479698315,"https://sun9-29.userapi.com/s/v1/ig2/zjuieomJ03ga6zxLHAB3R-0AXiKeUwhKcRcqaSMK_eiuqQXq1p0FPqTTwPQZrmb15sVnOPMzeeMUwwRrSekWt15o.jpg?quality=95&as=32x43,48x64,72x96,108x144,160x213,240x320,360x480,480x640,540x720,640x853,720x960,1080x1440,1280x1707,1440x1920,1920x2560&from=bu&cs=1920x0",,False,,synagogue,True,False,-224421397__457240723
457240722,301013678,-224421397,-224421397,1711791913,2024-03-30 10:45:13,58.008604,56.234423,58.00819896273859,56.23476395501453,49.31399479698315,"https://sun9-81.userapi.com/s/v1/ig2/Zb6TypC65oWLOFu4e0lb0OYBzfY7_jxQFQcFI1h3m3S74SKEhuHM-Pp9FvSPyDYrU68xHiEUbaT5NAbu_X88x6Y2.jpg?quality=95&as=32x43,48x64,72x96,108x144,160x213,240x320,360x480,480x640,540x720,640x853,720x960,1080x1440,1280x1707,1440x1920,1920x2560&from=bu&cs=1920x0",,False,,synagogue,True,False,-224421397__457240722
457240721,301013678,-224421397,-224421397,1711791911,2024-03-30 10:45:11,58.008604,56.234423,58.00819896273859,56.23476395501453,49.31399479698315,"https://sun9-51.userapi.com/s/v1/ig2/D5WDor0mothFxNt6s3Gx-K_Bow9cdSwiIH8E2AB5doudTp38Hr62Qahnh8VvJ-f6udzwpHnBjHwlt2qngcnXmGor.jpg?quality=95&as=32x43,48x64,72x96,108x144,160x213,240x320,360x480,480x640,540x720,640x853,720x960,1080x1440,1280x1707,1440x1920,1920x2560&from=bu&cs=1920x0",,False,,synagogue,True,False,-224421397__457240721
457240720,301013678,-224421397,-224421397,1711791910,2024-03-30 10:45:10,58.008604,56.234423,58.00819896273859,56.23476395501453,49.31399479698315,"https://sun9-64.userapi.com/s/v1/ig2/Og5MKnemOe67cOkMonWsb960u7cBf_dK3hvz8_CYic8T_WaF9DNsuq87GipygHy03TRifFkYpQilZe7RzQjmW5kz.jpg?quality=95&as=32x43,48x64,72x96,108x144,160x213,240x320,360x480,480x640,540x720,640x853,720x960,1080x1440,1280x1707,1440x1920,1920x2560&from=bu&cs=1920x0",,False,,synagogue,True,False,-224421397__457240720
457240719,301013678,-224421397,-224421397,1711791909,2024-03-30 10:45:09,58.008604,56.234423,58.00819896273859,56.23476395501453,49.31399479698315,"https://sun9-32.userapi.com/s/v1/ig2/8YSPwX9w5I9Fr4BwaWPejvJER6GlclztvgyaclTSiSBw_3W0tFhAdHazNNdBpXEyt1r1Awra7X7z5QI6g3ZlKixl.jpg?quality=95&as=32x43,48x64,72x96,108x144,160x213,240x320,360x480,480x640,540x720,640x853,720x960,1080x1440,1280x1707,1440x1920,1920x2560&from=bu&cs=1920x0",,False,,synagogue,True,False,-224421397__457240719
457240718,301013678,-224421397,-224421397,1711791908,2024-03-30 10:45:08,58.008604,56.234423,58.00819896273859,56.23476395501453,49.31399479698315,"https://sun9-22.userapi.com/s/v1/ig2/QtEU95QWrwTatq_A2cg-V8LULyUaqnJrPZBhT8yTzig7X-eCMmHnGqyLApI2ZPrSkDtSpqWiIHW7Lubc-sDb-DhR.jpg?quality=95&as=32x43,48x64,72x96,108x144,160x213,240x320,360x480,480x640,540x720,640x853,720x960,1080x1440,1280x1707,1440x1920,1920x2560&from=bu&cs=1920x0",,False,,synagogue,True,False,-224421397__457240718
457240717,301013678,-224421397,-224421397,1711791906,2024-03-30 10:45:06,58.008604,56.234423,58.00819896273859,56.23476395501453,49.31399479698315,"https://sun9-84.userapi.com/s/v1/ig2/XONjGCw6Z8XApFuFEsW_tR8ZzJeD39ynEx2snetJf2NlHMyvtAUathA5kXC-wY5hjDVmpYpQop8eec1FC_UX6B3C.jpg?quality=95&as=32x43,48x64,72x96,108x144,160x213,240x320,360x480,480x640,540x720,640x853,720x960,1080x1440,1280x1707,1440x1920,1920x2560&from=bu&cs=1920x0",,False,,synagogue,True,False,-224421397__457240717
457240716,301013678,-224421397,-224421397,1711791905,2024-03-30 10:45:05,58.008604,56.234423,58.00819896273859,56.23476395501453,49.31399479698315,"https://sun9-63.userapi.com/s/v1/ig2/rPsXk-oYDfvlsqJutVPMpCuyuR-U3rsT9oO-W7I7vArb-ujOWG82U8vwgWCipOv-b70TBijITO7j9mQvmdJ7Kw02.jpg?quality=95&as=32x43,48x64,72x96,108x144,160x213,240x320,360x480,480x640,540x720,640x853,720x960,1080x1440,1280x1707,1440x1920,1920x2560&from=bu&cs=1920x0",,False,,synagogue,True,False,-224421397__457240716
457240715,301013678,-224421397,-224421397,1711791904,2024-03-30 10:45:04,58.008604,56.234423,58.00819896273859,56.23476395501453,49.31399479698315,"https://sun9-31.userapi.com/s/v1/ig2/GhnrVs0VpBmOEN074AfI9cS-Jr2O7KACofvbEfB4OIUzLyRscwiuWwf4uwZq197ynDIOLh0rkcmQ7Xc99AezcgSq.jpg?quality=95&as=32x43,48x64,72x96,108x144,160x213,240x320,360x480,480x640,540x720,640x853,720x960,1080x1440,1280x1707,1440x1920,1920x2560&from=bu&cs=1920x0",,False,,synagogue,True,False,-224421397__457240715
457240714,301013678,-224421397,-224421397,1711791902,2024-03-30 10:45:02,58.008604,56.234423,58.00819896273859,56.23476395501453,49.31399479698315,"https://sun9-78.userapi.com/s/v1/ig2/O8s6zKQqeOCGloLSM2BAK2WsUk3ANAm2lR1A6RbjifcLxI_CWT-JoGdJ8kSNAa4bTTEAO0_222NhPHWRQ2fTZr9Q.jpg?quality=95&as=32x43,48x64,72x96,108x144,160x213,240x320,360x480,480x640,540x720,640x853,720x960,1080x1440,1280x1707,1440x1920,1920x2560&from=bu&cs=1920x0",,False,,synagogue,True,False,-224421397__457240714
457240713,301013678,-224421397,-224421397,1711791901,2024-03-30 10:45:01,58.008604,56.234423,58.00819896273859,56.23476395501453,49.31399479698315,"https://sun9-23.userapi.com/s/v1/ig2/TLqHLnot0lAeZVRvvWK15w-wZRXh2PxUf6_bhQBR4ZyyxS3floj4yV8LtgCCAuY-AdDY8Vj54cNmg2p7eT0vitwS.jpg?quality=95&as=32x43,48x64,72x96,108x144,160x213,240x320,360x480,480x640,540x720,640x853,720x960,1080x1440,1280x1707,1440x1920,1920x2560&from=bu&cs=1920x0",,False,,synagogue,True,False,-224421397__457240713
457240712,301013678,-224421397,-224421397,1711791899,2024-03-30 10:44:59,58.008604,56.234423,58.00819896273859,56.23476395501453,49.31399479698315,"https://sun9-78.userapi.com/s/v1/ig2/8UDZ0XgnDl-ny3UEZwO8R7UlJN6HkWZjFgAdAyDxegtUehTe7dfuL82Mnmh-hTmd68h_6ezPSHgLERlKpqVtpLr6.jpg?quality=95&as=32x43,48x64,72x96,108x144,160x213,240x320,360x480,480x640,540x720,640x853,720x960,1080x1440,1280x1707,1440x1920,1920x2560&from=bu&cs=1920x0",,False,,synagogue,True,False,-224421397__457240712
457240711,301013678,-224421397,-224421397,1711791898,2024-03-30 10:44:58,58.008604,56.234423,58.00819896273859,56.23476395501453,49.31399479698315,"https://sun9-87.userapi.com/s/v1/ig2/Ocdv08TycLfuGRRpo7CEeajWx_BThrTzL9qGvLV3dS0foeIgsqdfEApr1dL_BHMxRCdMdNgHTd8oFWfn16oRrq4S.jpg?quality=95&as=32x43,48x64,72x96,108x144,160x213,240x320,360x480,480x640,540x720,640x853,720x960,1080x1440,1280x1707,1440x1920,1920x2560&from=bu&cs=1920x0",,False,,synagogue,True,False,-224421397__457240711
457240710,301013678,-224421397,-224421397,1711791896,2024-03-30 10:44:56,58.008604,56.234423,58.00819896273859,56.23476395501453,49.31399479698315,"https://sun9-1.userapi.com/s/v1/ig2/F1kaoebjKTOGk5ciF8sA8-EunChF4VAYcz0uR9s7-eS8dRoCY5NlIcfXNnDGysjgeJpoam7Bp2zB24boUBFOSt3d.jpg?quality=95&as=32x43,48x64,72x96,108x144,160x213,240x320,360x480,480x640,540x720,640x853,720x960,1080x1440,1280x1707,1440x1920,1920x2560&from=bu&cs=1920x0",,False,,synagogue,True,False,-224421397__457240710
457240709,301013678,-224421397,-224421397,1711791895,2024-03-30 10:44:55,58.008604,56.234423,58.00819896273859,56.23476395501453,49.31399479698315,"https://sun9-53.userapi.com/s/v1/ig2/xly13u1gghpE0jsPt9wnFaZ-_APJhiIPZnWzRG8Vo0qck6Wk-h3jSjo0isJLHCTWUbESm3uGZoEYL9jrmq43dIqi.jpg?quality=95&as=32x43,48x64,72x96,108x144,160x213,240x320,360x480,480x640,540x720,640x853,720x960,1080x1440,1280x1707,1440x1920,1920x2560&from=bu&cs=1920x0",,False,,synagogue,True,False,-224421397__457240709
457240708,301013678,-224421397,-224421397,1711791894,2024-03-30 10:44:54,58.008604,56.234423,58.00819896273859,56.23476395501453,49.31399479698315,"https://sun9-25.userapi.com/s/v1/ig2/fo3CTIwrQiUhzyy3Rdf17TWJegxhayXL8ljdTAYHS0s_JhBwFX00DUb7y3mHJWMCfWixmCwU2j5uDOlxr-vvtqle.jpg?quality=95&as=32x43,48x64,72x96,108x144,160x213,240x320,360x480,480x640,540x720,640x853,720x960,1080x1440,1280x1707,1440x1920,1920x2560&from=bu&cs=1920x0",,False,,synagogue,True,False,-224421397__457240708
457240707,301013678,-224421397,-224421397,1711791892,2024-03-30 10:44:52,58.008604,56.234423,58.00819896273859,56.23476395501453,49.31399479698315,"https://sun9-49.userapi.com/s/v1/ig2/TlWFc6YKr6ywZbYDiztZszWY6Y19U8egx7laVUCimFjSQ4QuotRw2_E0IGX0DVYmFjrtpZt4JytRZafTOPrvi8TQ.jpg?quality=95&as=32x43,48x64,72x96,108x144,160x213,240x320,360x480,480x640,540x720,640x853,720x960,1080x1440,1280x1707,1440x1920,1920x2560&from=bu&cs=1920x0",,False,,synagogue,True,False,-224421397__457240707
457240706,301013678,-224421397,-224421397,1711791891,2024-03-30 10:44:51,58.008604,56.234423,58.00819896273859,56.23476395501453,49.31399479698315,"https://sun9-33.userapi.com/s/v1/ig2/Ys6aXzG_n4bVwoVR0TfsZ4na5YJWC9RZ6dySVdTAz-lPFaqvFIUI1zU5VKs-ljUaF5wo4HdllVO1KU_DoKyAY8lU.jpg?quality=95&as=32x43,48x64,72x96,108x144,160x213,240x320,360x480,480x640,540x720,640x853,720x960,1080x1440,1280x1707,1440x1920,1920x2560&from=bu&cs=1920x0",,False,,synagogue,True,False,-224421397__457240706
457240705,301013678,-224421397,-224421397,1711791890,2024-03-30 10:44:50,58.008604,56.234423,58.00819896273859,56.23476395501453,49.31399479698315,"https://sun9-60.userapi.com/s/v1/ig2/jcrg7nJbd0-o0BsXg6nZoqcNx_5VpBBhguufkF9nYbFoQEVeq3TCbZGtWF4qYRLZ7B9AogwiXqjuH_2rc_H8_CaW.jpg?quality=95&as=32x43,48x64,72x96,108x144,160x213,240x320,360x480,480x640,540x720,640x853,720x960,1080x1440,1280x1707,1440x1920,1920x2560&from=bu&cs=1920x0",,False,,synagogue,True,False,-224421397__457240705
457240704,301013678,-224421397,-224421397,1711791888,2024-03-30 10:44:48,58.008604,56.234423,58.00819896273859,56.23476395501453,49.31399479698315,"https://sun9-13.userapi.com/s/v1/ig2/ZDJ1h97IpPdLPcx48PwBUI6xheJ2BkBZPBm0t57dS8ZZk40fUw29beBtQQp32bcy1OCvBLDgFmvibwnZCvLshit2.jpg?quality=95&as=32x43,48x64,72x96,108x144,160x213,240x320,360x480,480x640,540x720,640x853,720x960,1080x1440,1280x1707,1440x1920,1920x2560&from=bu&cs=1920x0",,False,,synagogue,True,False,-224421397__457240704
457240703,301013678,-224421397,-224421397,1711791887,2024-03-30 10:44:47,58.008604,56.234423,58.00819896273859,56.23476395501453,49.31399479698315,"https://sun9-52.userapi.com/s/v1/ig2/tqyzczl_rDIhEy63x47ti30G4JXeb2t2NhjgzjqEwQdo3Dhcr16aXtmzccEQTQHc3_3qtysaQ0mIZH1OLlUY-Ize.jpg?quality=95&as=32x43,48x64,72x96,108x144,160x213,240x320,360x480,480x640,540x720,640x853,720x960,1080x1440,1280x1707,1440x1920,1920x2560&from=bu&cs=1920x0",,False,,synagogue,True,False,-224421397__457240703
457240702,301013678,-224421397,-224421397,1711791885,2024-03-30 10:44:45,58.008604,56.234423,58.00819896273859,56.23476395501453,49.31399479698315,"https://sun9-65.userapi.com/s/v1/ig2/g4W4XT3zDgjpGdsdhhwnVpxWUiKTitX92WZlgMHS4N1NSi1jGYJqkv57jXqoUJ5QkZRUgPokO8g17rTyf_EP0lAu.jpg?quality=95&as=32x43,48x64,72x96,108x144,160x213,240x320,360x480,480x640,540x720,640x853,720x960,1080x1440,1280x1707,1440x1920,1920x2560&from=bu&cs=1920x0",,False,,synagogue,True,False,-224421397__457240702
457240701,301013678,-224421397,-224421397,1711791884,2024-03-30 10:44:44,58.008604,56.234423,58.00819896273859,56.23476395501453,49.31399479698315,"https://sun9-44.userapi.com/s/v1/ig2/ZYekpSpn6QruFYF9NfPwBi4iQmtQJxTMWqFN3ONoe6Vtb5VfRj9Rq2NMCZC82qKR332_OXGVQ9UHyFol9wUSwHaS.jpg?quality=95&as=32x43,48x64,72x96,108x144,160x213,240x320,360x480,480x640,540x720,640x853,720x960,1080x1440,1280x1707,1440x1920,1920x2560&from=bu&cs=1920x0",,False,,synagogue,True,False,-224421397__457240701
457240700,301013678,-224421397,-224421397,1711791882,2024-03-30 10:44:42,58.008604,56.234423,58.00819896273859,56.23476395501453,49.31399479698315,"https://sun9-14.userapi.com/s/v1/ig2/8sRX5ia_wOFfR2uWldQuF9Smt4VBtQmaIHVkZG-5yGhQjS-t6IPmA-RjkdGDGiABrFpEYtBw8Fx5ULvrlq6tDZp4.jpg?quality=95&as=32x43,48x64,72x96,108x144,160x213,240x320,360x480,480x640,540x720,640x853,720x960,1080x1440,1280x1707,1440x1920,1920x2560&from=bu&cs=1920x0",,False,,synagogue,True,False,-224421397__457240700
457240699,301013678,-224421397,-224421397,1711791881,2024-03-30 10:44:41,58.008604,56.234423,58.00819896273859,56.23476395501453,49.31399479698315,"https://sun9-43.userapi.com/s/v1/ig2/EgysqA5TlhdPiqp7cahi_8Yw6JPduMN3ifZm0CjCJtNSqOEKw3qO2RgcLsWHlmDgp3EfE0XC7KBkudQI9ve1NgRd.jpg?quality=95&as=32x43,48x64,72x96,108x144,160x213,240x320,360x480,480x640,540x720,640x853,720x960,1080x1440,1280x1707,1440x1920,1920x2560&from=bu&cs=1920x0",,False,,synagogue,True,False,-224421397__457240699
457240698,301013678,-224421397,-224421397,1711791880,2024-03-30 10:44:40,58.008604,56.234423,58.00819896273859,56.23476395501453,49.31399479698315,"https://sun9-76.userapi.com/s/v1/ig2/S-v_BJ5NSopxhLFaHo-m5qUvr-h8Z-TfYmnnJCLERdfx8_4sPddjfJn2-sFHUCsYFMC5nkuOTBT8dnt7w7ONdDL9.jpg?quality=95&as=32x43,48x64,72x96,108x144,160x213,240x320,360x480,480x640,540x720,640x853,720x960,1080x1440,1280x1707,1440x1920,1920x2560&from=bu&cs=1920x0",,False,,synagogue,True,False,-224421397__457240698
457240697,301013678,-224421397,-224421397,1711791878,2024-03-30 10:44:38,58.008604,56.234423,58.00819896273859,56.23476395501453,49.31399479698315,"https://sun9-10.userapi.com/s/v1/ig2/dPZSbr0kEfIpuZWa2myyxrnsg69P1M7Te7xk18W2ld2T1qXDmRRCqnMqY9NHQ-Qimxzu5_W1x0DlKhmlpnFp355-.jpg?quality=95&as=32x43,48x64,72x96,108x144,160x213,240x320,360x480,480x640,540x720,640x853,720x960,1080x1440,1280x1707,1440x1920,1920x2560&from=bu&cs=1920x0",,False,,synagogue,True,False,-224421397__457240697
457240696,301013678,-224421397,-224421397,1711791877,2024-03-30 10:44:37,58.008604,56.234423,58.00819896273859,56.23476395501453,49.31399479698315,"https://sun9-87.userapi.com/s/v1/ig2/_2DaN_m1OvZ6oEtnobTw0lnnQ-NpHzLe5aCB82RdIGvYTke7IzTbfNG1Rt0BH9-eTjgTEPqA5Q7IiNrYxKWC4vx1.jpg?quality=95&as=32x43,48x64,72x96,108x144,160x213,240x320,360x480,480x640,540x720,640x853,720x960,1080x1440,1280x1707,1440x1920,1920x2560&from=bu&cs=1920x0",,False,,synagogue,True,False,-224421397__457240696
457240695,301013678,-224421397,-224421397,1711791875,2024-03-30 10:44:35,58.008604,56.234423,58.00819896273859,56.23476395501453,49.31399479698315,"https://sun9-41.userapi.com/s/v1/ig2/X5sh3gGPiaexSlhz_lFTgbWU7hqyTnRbK5yDl-aT1KxhXPnJjnioqNs91mHigeX--XQi8wYkGvuQLESrtUH62IXI.jpg?quality=95&as=32x43,48x64,72x96,108x144,160x213,240x320,360x480,480x640,540x720,640x853,720x960,1080x1440,1280x1707,1440x1920,1920x2560&from=bu&cs=1920x0",,False,,synagogue,True,False,-224421397__457240695
457240694,301013678,-224421397,-224421397,1711791873,2024-03-30 10:44:33,58.008604,56.234423,58.00819896273859,56.23476395501453,49.31399479698315,"https://sun9-6.userapi.com/s/v1/if2/WZSrEX3PVCD5mgAVkmT3duZBGaobwegO3FNhZfxOaNeEkhrgeuuLtakJ2blXCcT3L0v2R8Ya6QboP3hFxuajfCST.jpg?quality=95&as=32x24,48x36,72x54,108x81,160x120,240x180,360x270,480x360,540x405,640x480,720x540,1080x810,1280x960,1440x1080,2560x1920&from=bu&cs=2560x0",,False,,synagogue,True,False,-224421397__457240694
457240693,301013678,-224421397,-224421397,1711791870,2024-03-30 10:44:30,58.008604,56.234423,58.00819896273859,56.23476395501453,49.31399479698315,"https://sun9-34.userapi.com/s/v1/ig2/zy7MFne3OxdtOh7Vp0B6DcoyXbvrqBJE9nYOG0Yf--cvgovnPCFtnE2vWCQrljrUcAv31_93hFcf0oAz4TYcCAi7.jpg?quality=95&as=32x43,48x64,72x96,108x144,160x213,240x320,360x480,480x640,540x720,640x853,720x960,1080x1440,1280x1707,1440x1920,1920x2560&from=bu&cs=1920x0",,False,,synagogue,True,False,-224421397__457240693
457240692,301013678,-224421397,-224421397,1711791867,2024-03-30 10:44:27,58.008604,56.234423,58.00819896273859,56.23476395501453,49.31399479698315,"https://sun9-83.userapi.com/s/v1/ig2/G-5BwXzwX3j9OWAne0WdRn4h1HWsKXnhXfRWBDe7oJRQMeTptflXrhuWw_i-z7jqnljd1XmsFK3LyqtOcCD9mTHv.jpg?quality=95&as=32x43,48x64,72x96,108x144,160x213,240x320,360x480,480x640,540x720,640x853,720x960,1080x1440,1280x1707,1440x1920,1920x2560&from=bu&cs=1920x0",,False,,synagogue,True,False,-224421397__457240692
457240691,301013678,-224421397,-224421397,1711791865,2024-03-30 10:44:25,58.008604,56.234423,58.00819896273859,56.23476395501453,49.31399479698315,"https://sun9-68.userapi.com/s/v1/ig2/tY3Z9_rW6kOnTHoIBA1pOtAZl_1O-dXT-8HJQghXhjkVxabWnPihFWbEso0v1b6m0fcH8UzmXVFYJJsd9B-b9B13.jpg?quality=95&as=32x43,48x64,72x96,108x144,160x213,240x320,360x480,480x640,540x720,640x853,720x960,1080x1440,1280x1707,1440x1920,1920x2560&from=bu&cs=1920x0",,False,,synagogue,True,False,-224421397__457240691
457240690,301013678,-224421397,-224421397,1711791863,2024-03-30 10:44:23,58.008604,56.234423,58.00819896273859,56.23476395501453,49.31399479698315,"https://sun9-51.userapi.com/s/v1/ig2/u0ws7X-7iAKK4ApPrLigZb12EUeOfNBrz0QTcPmauthxE6e5MHS_qirlHsUUyZ3US6Lo283NFNlDXXXnXLqX6HmQ.jpg?quality=95&as=32x43,48x64,72x96,108x144,160x213,240x320,360x480,480x640,540x720,640x853,720x960,1080x1440,1280x1707,1440x1920,1920x2560&from=bu&cs=1920x0",,False,,synagogue,True,False,-224421397__457240690
457240689,301013678,-224421397,-224421397,1711791862,2024-03-30 10:44:22,58.008604,56.234423,58.00819896273859,56.23476395501453,49.31399479698315,"https://sun9-22.userapi.com/s/v1/ig2/0Doprdzla9bUNK2Ev71SoCNr2NLsYRHRpkXBz1VsnQnanL8T9TfXu2yfzIUCrLsZ0zb0OqYi7jwQRrPDIAj5PtTF.jpg?quality=95&as=32x43,48x64,72x96,108x144,160x213,240x320,360x480,480x640,540x720,640x853,720x960,1080x1440,1280x1707,1440x1920,1920x2560&from=bu&cs=1920x0",,False,,synagogue,True,False,-224421397__457240689
457240688,301013678,-224421397,-224421397,1711791861,2024-03-30 10:44:21,58.008604,56.234423,58.00819896273859,56.23476395501453,49.31399479698315,"https://sun9-79.userapi.com/s/v1/ig2/dv4dYrwVzBR2RSpAeATFSGJXyorgWx4hub-YJgWkPxDI8qJOXgQXlSra-f1fFIG2Wm9Dwn2qPN2sfcov-Dp7UNi5.jpg?quality=95&as=32x43,48x64,72x96,108x144,160x213,240x320,360x480,480x640,540x720,640x853,720x960,1080x1440,1280x1707,1440x1920,1920x2560&from=bu&cs=1920x0",,False,,synagogue,True,False,-224421397__457240688
457240687,301013678,-224421397,-224421397,1711791859,2024-03-30 10:44:19,58.008604,56.234423,58.00819896273859,56.23476395501453,49.31399479698315,"https://sun9-79.userapi.com/s/v1/ig2/3cYNwljnQe7Z6JAjPeYEUDAr0B6Onxw_00xZXgnA3Oqne0ibZt-Sts3ubtTRp7awozPir1MyzCNnA5BMAO4lXMis.jpg?quality=95&as=32x43,48x64,72x96,108x144,160x213,240x320,360x480,480x640,540x720,640x853,720x960,1080x1440,1280x1707,1440x1920,1920x2560&from=bu&cs=1920x0",,False,,synagogue,True,False,-224421397__457240687
457240686,301013678,-224421397,-224421397,1711791857,2024-03-30 10:44:17,58.008604,56.234423,58.00819896273859,56.23476395501453,49.31399479698315,"https://sun9-30.userapi.com/s/v1/ig2/-5d_z9ZmGqhipiNH8FQUtr_hDoYGLTAgCKIpjxR0MiTuZNgXYqQWr6DCSnuMu4PzjEdY-e5umCJfhJFuXJcQIKN2.jpg?quality=95&as=32x43,48x64,72x96,108x144,160x213,240x320,360x480,480x640,540x720,640x853,720x960,1080x1440,1280x1707,1440x1920,1920x2560&from=bu&cs=1920x0",,False,,synagogue,True,False,-224421397__457240686
457240685,301013678,-224421397,-224421397,1711791856,2024-03-30 10:44:16,58.008604,56.234423,58.00819896273859,56.23476395501453,49.31399479698315,"https://sun9-47.userapi.com/s/v1/ig2/jG7xotbNK6S_UhDnv04DwMHwkO8QB0lXdLd9sTq74ZLlr_feuwThxwy2uslv0XCIStwBh-FJeNFQh3XI0xv4DPvT.jpg?quality=95&as=32x43,48x64,72x96,108x144,160x213,240x320,360x480,480x640,540x720,640x853,720x960,1080x1440,1280x1707,1440x1920,1920x2560&from=bu&cs=1920x0",,False,,synagogue,True,False,-224421397__457240685
457240684,301013678,-224421397,-224421397,1711791854,2024-03-30 10:44:14,58.008604,56.234423,58.00819896273859,56.23476395501453,49.31399479698315,"https://sun9-30.userapi.com/s/v1/ig2/NfUxF07ut2W-1b3dMMUZ5sf5JAqjq49nN2tqI1y7DWQXeUnDORcwQ-vsD3nuraEGuXToGdCrjxCa_JE5du30RsaI.jpg?quality=95&as=32x43,48x64,72x96,108x144,160x213,240x320,360x480,480x640,540x720,640x853,720x960,1080x1440,1280x1707,1440x1920,1920x2560&from=bu&cs=1920x0",,False,,synagogue,True,False,-224421397__457240684
457240683,301013678,-224421397,-224421397,1711791853,2024-03-30 10:44:13,58.008604,56.234423,58.00819896273859,56.23476395501453,49.31399479698315,"https://sun9-27.userapi.com/s/v1/ig2/-9TXaL-zKD9DToamuUT6BJ1l9kX3RjP1jH7dw2TZTcql4G4HWDnMKYCpyQqaCxPiEYqWXha4kddii-uE3Ctb48xw.jpg?quality=95&as=32x43,48x64,72x96,108x144,160x213,240x320,360x480,480x640,540x720,640x853,720x960,1080x1440,1280x1707,1440x1920,1920x2560&from=bu&cs=1920x0",,False,,synagogue,True,False,-224421397__457240683
457240682,301013678,-224421397,-224421397,1711791851,2024-03-30 10:44:11,58.008604,56.234423,58.00819896273859,56.23476395501453,49.31399479698315,"https://sun9-11.userapi.com/s/v1/ig2/K6EopHMDNf9f7EE7zeni5BPFYCppFruqtUU58bloEKbPH8G1jU4hjRtRPn-sNGa7TvU6vx4n0ae-ScJFsPZqDovg.jpg?quality=95&as=32x43,48x64,72x96,108x144,160x213,240x320,360x480,480x640,540x720,640x853,720x960,1080x1440,1280x1707,1440x1920,1920x2560&from=bu&cs=1920x0",,False,,synagogue,True,False,-224421397__457240682
457240681,301013678,-224421397,-224421397,1711791850,2024-03-30 10:44:10,58.008604,56.234423,58.00819896273859,56.23476395501453,49.31399479698315,"https://sun9-13.userapi.com/s/v1/ig2/B128nATNX25QOVlh_PFNIrnzifSiRdhVPW_KRSO0GZsIwjlthmNS4qGSf5G_7OYmGQMHS8ZkWpz3hf0pvhZJmSyv.jpg?quality=95&as=32x43,48x64,72x96,108x144,160x213,240x320,360x480,480x640,540x720,640x853,720x960,1080x1440,1280x1707,1440x1920,1920x2560&from=bu&cs=1920x0",,False,,synagogue,True,False,-224421397__457240681
457240680,301013678,-224421397,-224421397,1711791848,2024-03-30 10:44:08,58.008604,56.234423,58.00819896273859,56.23476395501453,49.31399479698315,"https://sun9-6.userapi.com/s/v1/ig2/IdRylpHO-VfNRV5lpRyKxSTusLLolSBHlJT7kDp1bqgbtnJyZ7EGAYoXVTkRhq0zBDcSsJIv9xFck3r2jvkwbs9h.jpg?quality=95&as=32x43,48x64,72x96,108x144,160x213,240x320,360x480,480x640,540x720,640x853,720x960,1080x1440,1280x1707,1440x1920,1920x2560&from=bu&cs=1920x0",,False,,synagogue,True,False,-224421397__457240680
457240679,301013678,-224421397,-224421397,1711791847,2024-03-30 10:44:07,58.008604,56.234423,58.00819896273859,56.23476395501453,49.31399479698315,"https://sun9-4.userapi.com/s/v1/ig2/3QGd6Yd2d7xNRqc2XW9KFHn1Jvi_T1zSNcGnJ9729YBzOgRdAeU-eTSK625p8MGlmhB-fbVt13t9O8um3ezHeBEK.jpg?quality=95&as=32x43,48x64,72x96,108x144,160x213,240x320,360x480,480x640,540x720,640x853,720x960,1080x1440,1280x1707,1440x1920,1920x2560&from=bu&cs=1920x0",,False,,synagogue,True,False,-224421397__457240679
457240678,301013678,-224421397,-224421397,1711791846,2024-03-30 10:44:06,58.008604,56.234423,58.00819896273859,56.23476395501453,49.31399479698315,"https://sun9-44.userapi.com/s/v1/ig2/MTfger_9_pYTaXm4nmy4IVjajM7T7DuqNvlfXxFr6ExvUE9QpjRKjtZFun5o41vkdkX1XfHa_4bxEsDo2DGbM20j.jpg?quality=95&as=32x43,48x64,72x96,108x144,160x213,240x320,360x480,480x640,540x720,640x853,720x960,1080x1440,1280x1707,1440x1920,1920x2560&from=bu&cs=1920x0",,False,,synagogue,True,False,-224421397__457240678
457240677,301013678,-224421397,-224421397,1711791844,2024-03-30 10:44:04,58.008604,56.234423,58.00819896273859,56.23476395501453,49.31399479698315,"https://sun9-65.userapi.com/s/v1/ig2/gjgrcYHWBGIoM7GkY41pozGn8-TFYBVtK_DHddi2GjdD0ce4Z1wgwRpd4WUDsPZw_jtxnhaPxOfm5vL1uiGVRVYU.jpg?quality=95&as=32x43,48x64,72x96,108x144,160x213,240x320,360x480,480x640,540x720,640x853,720x960,1080x1440,1280x1707,1440x1920,1920x2560&from=bu&cs=1920x0",,False,,synagogue,True,False,-224421397__457240677
457240676,301013678,-224421397,-224421397,1711791843,2024-03-30 10:44:03,58.008604,56.234423,58.00819896273859,56.23476395501453,49.31399479698315,"https://sun9-8.userapi.com/s/v1/ig2/TerhQRngsmhrOyd85NhfStfiF9bOZYQQE4my6_YZugl4Y-zfYl0x8XaQznIEe5_yWXmsPgi90qnNadD8eAGB8tHy.jpg?quality=95&as=32x43,48x64,72x96,108x144,160x213,240x320,360x480,480x640,540x720,640x853,720x960,1080x1440,1280x1707,1440x1920,1920x2560&from=bu&cs=1920x0",,False,,synagogue,True,False,-224421397__457240676
457240675,301013678,-224421397,-224421397,1711791842,2024-03-30 10:44:02,58.008604,56.234423,58.00819896273859,56.23476395501453,49.31399479698315,"https://sun9-56.userapi.com/s/v1/ig2/X_Y595tfXnPv3e5CebA66wN6x3VhFeHLCcfpWFN2fBhDdhfy-cSBqJhUXZiKYdWbyZLMmrygk1kNpe6GlMcL6y_s.jpg?quality=95&as=32x43,48x64,72x96,108x144,160x213,240x320,360x480,480x640,540x720,640x853,720x960,1080x1440,1280x1707,1440x1920,1920x2560&from=bu&cs=1920x0",,False,,synagogue,True,False,-224421397__457240675
457240674,301013678,-224421397,-224421397,1711791841,2024-03-30 10:44:01,58.008604,56.234423,58.00819896273859,56.23476395501453,49.31399479698315,"https://sun9-1.userapi.com/s/v1/ig2/_bNlBeog7eVb3GnBACNIDO3XdX_eMtCRqc9sQeauXo5mJleO4QjwPjASuBon3AQFAT8mqZ1LwZYIWC8gReGBS_1R.jpg?quality=95&as=32x43,48x64,72x96,108x144,160x213,240x320,360x480,480x640,540x720,640x853,720x960,1080x1440,1280x1707,1440x1920,1920x2560&from=bu&cs=1920x0",,False,,synagogue,True,False,-224421397__457240674
457240673,301013678,-224421397,-224421397,1711791839,2024-03-30 10:43:59,58.008604,56.234423,58.00819896273859,56.23476395501453,49.31399479698315,"https://sun9-50.userapi.com/s/v1/ig2/S7faLPYqmYBmNr-2_rocWgsV3qZFR2EgYhZ2v6QqYzBCnEaZaTIlZ7XpvLb58imCTIkIq6j9-jjmNejjHVWNrQly.jpg?quality=95&as=32x43,48x64,72x96,108x144,160x213,240x320,360x480,480x640,540x720,640x853,720x960,1080x1440,1280x1707,1440x1920,1920x2560&from=bu&cs=1920x0",,False,,synagogue,True,False,-224421397__457240673
457240672,301013678,-224421397,-224421397,1711791838,2024-03-30 10:43:58,58.008604,56.234423,58.00819896273859,56.23476395501453,49.31399479698315,"https://sun9-28.userapi.com/s/v1/ig2/zojP2iD6hb_rAEKIp-4-JQzp91N9VLq1iIELBRg43jWKgW1Pw4N7wu_rtsJ9e_MLYFq1MD6o1vEOxfv-L6gywjjm.jpg?quality=95&as=32x43,48x64,72x96,108x144,160x213,240x320,360x480,480x640,540x720,640x853,720x960,1080x1440,1280x1707,1440x1920,1920x2560&from=bu&cs=1920x0",,False,,synagogue,True,False,-224421397__457240672
457240671,301013678,-224421397,-224421397,1711791837,2024-03-30 10:43:57,58.008604,56.234423,58.00819896273859,56.23476395501453,49.31399479698315,"https://sun9-74.userapi.com/s/v1/ig2/2SG5VU_63Z1rrM8vsZYdGv4P6FAwNTQrxqzB0EB7GpMSI9F30p2MpE-saOI0wAoU4G5lOGIglommljAKItEB54YP.jpg?quality=95&as=32x43,48x64,72x96,108x144,160x213,240x320,360x480,480x640,540x720,640x853,720x960,1080x1440,1280x1707,1440x1920,1920x2560&from=bu&cs=1920x0",,False,,synagogue,True,False,-224421397__457240671
457240670,301013678,-224421397,-224421397,1711791835,2024-03-30 10:43:55,58.008604,56.234423,58.00819896273859,56.23476395501453,49.31399479698315,"https://sun9-44.userapi.com/s/v1/ig2/nd1Ksq1JCf8-XmYfNESnUiJ5CGRNQn3MK7muN47lEcGrZhvpxwyRMnwe6zqwnJrsMaRJcomX2Z_7HLgIHnjgo9eL.jpg?quality=95&as=32x43,48x64,72x96,108x144,160x213,240x320,360x480,480x640,540x720,640x853,720x960,1080x1440,1280x1707,1440x1920,1920x2560&from=bu&cs=1920x0",,False,,synagogue,True,False,-224421397__457240670
457240669,301013678,-224421397,-224421397,1711791834,2024-03-30 10:43:54,58.008604,56.234423,58.00819896273859,56.23476395501453,49.31399479698315,"https://sun9-5.userapi.com/s/v1/ig2/gdnW5Ifh7LRsVrbYizaPdSFAjMb6t1yLDUFg09jtOxRHJp8Vvr3jarccYnuQH1Vlpjg1ZRWfyZwIHzyIIgc9zi7i.jpg?quality=95&as=32x43,48x64,72x96,108x144,160x213,240x320,360x480,480x640,540x720,640x853,720x960,1080x1440,1280x1707,1440x1920,1920x2560&from=bu&cs=1920x0",,False,,synagogue,True,False,-224421397__457240669
457240668,301013678,-224421397,-224421397,1711791832,2024-03-30 10:43:52,58.008604,56.234423,58.00819896273859,56.23476395501453,49.31399479698315,"https://sun9-83.userapi.com/s/v1/ig2/dIofPM6Tm76_i0Gn1IzS811Vf8dYKfcJ_-7Iip3-jPLNH8nQHplT5UwiqlgFCLTfo4GjCN8uK4aJZkvpzE98GBaS.jpg?quality=95&as=32x43,48x64,72x96,108x144,160x213,240x320,360x480,480x640,540x720,640x853,720x960,1080x1440,1280x1707,1440x1920,1920x2560&from=bu&cs=1920x0",,False,,synagogue,True,False,-224421397__457240668
457240667,301013678,-224421397,-224421397,1711791831,2024-03-30 10:43:51,58.008604,56.234423,58.00819896273859,56.23476395501453,49.31399479698315,"https://sun9-73.userapi.com/s/v1/ig2/D1oxV6bB5ERAYaafCnAxi0HTfXL79OEhrPcl4anJlzMETxc8Io_tR-54fTxMI7y750lMT8DsSznXnP4P4QNCWKYU.jpg?quality=95&as=32x43,48x64,72x96,108x144,160x213,240x320,360x480,480x640,540x720,640x853,720x960,1080x1440,1280x1707,1440x1920,1920x2560&from=bu&cs=1920x0",,False,,synagogue,True,False,-224421397__457240667
457240666,301013678,-224421397,-224421397,1711791830,2024-03-30 10:43:50,58.008604,56.234423,58.00819896273859,56.23476395501453,49.31399479698315,"https://sun9-5.userapi.com/s/v1/ig2/UJVdDNm-KJGp9PTNncP0c9JeDRREFNY_OP3HbZebdqULWvSbjNiyhwkXWY6yxb-ev4o-7akmwe9VnudU4xl0KOdy.jpg?quality=95&as=32x43,48x64,72x96,108x144,160x213,240x320,360x480,480x640,540x720,640x853,720x960,1080x1440,1280x1707,1440x1920,1920x2560&from=bu&cs=1920x0",,False,,synagogue,True,False,-224421397__457240666
457240665,301013678,-224421397,-224421397,1711791828,2024-03-30 10:43:48,58.008604,56.234423,58.00819896273859,56.23476395501453,49.31399479698315,"https://sun9-45.userapi.com/s/v1/ig2/NKUaibWhdkpTqVWRnW2_aTehSRqtPCJwN3_MG00MM3tbAWqNMB0HmmiMccSg7wVWNTb3BHX1TGU3QuTwgRxDSCrX.jpg?quality=95&as=32x43,48x64,72x96,108x144,160x213,240x320,360x480,480x640,540x720,640x853,720x960,1080x1440,1280x1707,1440x1920,1920x2560&from=bu&cs=1920x0",,False,,synagogue,True,False,-224421397__457240665
457240664,301013678,-224421397,-224421397,1711791827,2024-03-30 10:43:47,58.008604,56.234423,58.00819896273859,56.23476395501453,49.31399479698315,"https://sun9-8.userapi.com/s/v1/ig2/wADqUMzORRD5wP-GiCPGeuryGkp1OzxCAhRCu4Nia8P3anLNBDDQ6qG_oU9rFbn61oxLPTuBcqhTO3bBD1-mCZG2.jpg?quality=95&as=32x43,48x64,72x96,108x144,160x213,240x320,360x480,480x640,540x720,640x853,720x960,1080x1440,1280x1707,1440x1920,1920x2560&from=bu&cs=1920x0",,False,,synagogue,True,False,-224421397__457240664
457240663,301013678,-224421397,-224421397,1711791825,2024-03-30 10:43:45,58.008604,56.234423,58.00819896273859,56.23476395501453,49.31399479698315,"https://sun9-78.userapi.com/s/v1/ig2/l6tjWc90jrIMXeE6e3WYprHFeL6DN6tTKr5dztk7JHtHCkQZdLuZ4_sDDKt45AFOC4WC0k63pyNP_x4w9gfElgxp.jpg?quality=95&as=32x43,48x64,72x96,108x144,160x213,240x320,360x480,480x640,540x720,640x853,720x960,1080x1440,1280x1707,1440x1920,1920x2560&from=bu&cs=1920x0",,False,,synagogue,True,False,-224421397__457240663
457240662,301013678,-224421397,-224421397,1711791824,2024-03-30 10:43:44,58.008604,56.234423,58.00819896273859,56.23476395501453,49.31399479698315,"https://sun9-3.userapi.com/s/v1/ig2/F42cvD3lXAUA-1KoMQshMKmCccM98WOFxoeOnZcaD3uiULuX0-ddKNMb2zZjKhFkqGufXBr4ytchgVXHZgRF0Fnb.jpg?quality=95&as=32x43,48x64,72x96,108x144,160x213,240x320,360x480,480x640,540x720,640x853,720x960,1080x1440,1280x1707,1440x1920,1920x2560&from=bu&cs=1920x0",,False,,synagogue,True,False,-224421397__457240662
457240661,301013678,-224421397,-224421397,1711791822,2024-03-30 10:43:42,58.008604,56.234423,58.00819896273859,56.23476395501453,49.31399479698315,"https://sun9-25.userapi.com/s/v1/ig2/1NtxbZ0Z6xGIo1h_klCAbGcGeJmXqEbyQDr8J3j5_OMbjImnCR1YqoHGvfQQFEb5bQQ8cDrYcEr2UHJWWgOJW2Z2.jpg?quality=95&as=32x43,48x64,72x96,108x144,160x213,240x320,360x480,480x640,540x720,640x853,720x960,1080x1440,1280x1707,1440x1920,1920x2560&from=bu&cs=1920x0",,False,,synagogue,True,False,-224421397__457240661
457240660,301013678,-224421397,-224421397,1711791821,2024-03-30 10:43:41,58.008604,56.234423,58.00819896273859,56.23476395501453,49.31399479698315,"https://sun9-33.userapi.com/s/v1/ig2/pi7jez3X9neF8fYYJ4gL2GALWzJOZCThIwoefzEKfLOOAhcI5WQLL0MOVTfKzta25yoIODSG_BiML0yzTXeU8IzC.jpg?quality=95&as=32x43,48x64,72x96,108x144,160x213,240x320,360x480,480x640,540x720,640x853,720x960,1080x1440,1280x1707,1440x1920,1920x2560&from=bu&cs=1920x0",,False,,synagogue,True,False,-224421397__457240660
457240659,301013678,-224421397,-224421397,1711791820,2024-03-30 10:43:40,58.008604,56.234423,58.00819896273859,56.23476395501453,49.31399479698315,"https://sun9-39.userapi.com/s/v1/ig2/BlrFNLMeJvRSdzKpk5CjE2laDPwDC91cN81J6DpVD0hx0f_a5YhVuPacwO0CK5h2izBXc1dkpPHdVCuY-GuSMHHD.jpg?quality=95&as=32x43,48x64,72x96,108x144,160x213,240x320,360x480,480x640,540x720,640x853,720x960,1080x1440,1280x1707,1440x1920,1920x2560&from=bu&cs=1920x0",,False,,synagogue,True,False,-224421397__457240659
457240658,301013678,-224421397,-224421397,1711791818,2024-03-30 10:43:38,58.008604,56.234423,58.00819896273859,56.23476395501453,49.31399479698315,"https://sun9-63.userapi.com/s/v1/ig2/apH6x0UAvvZiNI2PCuOa0na478_sRpzqRgy1fiwYDRDl4jVhTlj58YZROIbpmP8vbFCQM3oqoOnl53IQMDSLOJka.jpg?quality=95&as=32x43,48x64,72x96,108x144,160x213,240x320,360x480,480x640,540x720,640x853,720x960,1080x1440,1280x1707,1440x1920,1920x2560&from=bu&cs=1920x0",,False,,synagogue,True,False,-224421397__457240658
457240657,301013678,-224421397,-224421397,1711791816,2024-03-30 10:43:36,58.008604,56.234423,58.00819896273859,56.23476395501453,49.31399479698315,"https://sun9-73.userapi.com/s/v1/ig2/lmCmJ4TzvbZ9HSpy4oc-L3o16F9Qj-OPIOwo1taeK9tw2I7BjrZFf_zDFcnsSbfuhWfhd_giezmyn90pa0n47jHf.jpg?quality=95&as=32x43,48x64,72x96,108x144,160x213,240x320,360x480,480x640,540x720,640x853,720x960,1080x1440,1280x1707,1440x1920,1920x2560&from=bu&cs=1920x0",,False,,synagogue,True,False,-224421397__457240657
457240656,301013678,-224421397,-224421397,1711791814,2024-03-30 10:43:34,58.008604,56.234423,58.00819896273859,56.23476395501453,49.31399479698315,"https://sun9-84.userapi.com/s/v1/ig2/HGzsfFw_tl9td0RGTiAATxOEDfGj7IiKVJeQ0ber5T039Q8O07qRORPWsq4K5CZMiRSa4GLUU-xRQkXlbv8WXJ5n.jpg?quality=95&as=32x43,48x64,72x96,108x144,160x213,240x320,360x480,480x640,540x720,640x853,720x960,1080x1440,1280x1707,1440x1920,1920x2560&from=bu&cs=1920x0",,False,,synagogue,True,False,-224421397__457240656
457240655,301013678,-224421397,-224421397,1711791813,2024-03-30 10:43:33,58.008604,56.234423,58.00819896273859,56.23476395501453,49.31399479698315,"https://sun9-19.userapi.com/s/v1/ig2/QykvnpmiHrHs3lq9PvkW9bVSSBkGFzC7WSIwN3LBhuvz3YcEvsWSn0PGjafwm-8vp14uJr7JYXt0oeDZAJdO9cXO.jpg?quality=95&as=32x43,48x64,72x96,108x144,160x213,240x320,360x480,480x640,540x720,640x853,720x960,1080x1440,1280x1707,1440x1920,1920x2560&from=bu&cs=1920x0",,False,,synagogue,True,False,-224421397__457240655
457240654,301013678,-224421397,-224421397,1711791812,2024-03-30 10:43:32,58.008604,56.234423,58.00819896273859,56.23476395501453,49.31399479698315,"https://sun9-40.userapi.com/s/v1/ig2/R4nE8rVl4GFI4f95k6X-UHa2WZfgc5yhnv4Alea2qjeB-GH0kbWbt8F-yxocyLYBp84DbpuHbfNuz24g5PWVv6g1.jpg?quality=95&as=32x43,48x64,72x96,108x144,160x213,240x320,360x480,480x640,540x720,640x853,720x960,1080x1440,1280x1707,1440x1920,1920x2560&from=bu&cs=1920x0",,False,,synagogue,True,False,-224421397__457240654
457240653,301013678,-224421397,-224421397,1711791809,2024-03-30 10:43:29,58.008604,56.234423,58.00819896273859,56.23476395501453,49.31399479698315,"https://sun9-36.userapi.com/s/v1/ig2/7j1Fgne7Ya-3Y41dYA3bMR2TllYJ-vyn_Hk-JsP9B7Np96juuvAzbfS3MiciKbyhJzVLDKL0r17W_9PkJU8cFnI1.jpg?quality=95&as=32x43,48x64,72x96,108x144,160x213,240x320,360x480,480x640,540x720,640x853,720x960,1080x1440,1280x1707,1440x1920,1920x2560&from=bu&cs=1920x0",,False,,synagogue,True,False,-224421397__457240653
457240652,301013678,-224421397,-224421397,1711791808,2024-03-30 10:43:28,58.008604,56.234423,58.00819896273859,56.23476395501453,49.31399479698315,"https://sun9-6.userapi.com/s/v1/ig2/aZwGTNnjAGWjCVnk1bcjI8SXr0TzmLQyNHwp8xF1z43pmx8fnxpvqJalhs-tHxSCEWOP_4-KkBiU4veB7qEUwzaH.jpg?quality=95&as=32x43,48x64,72x96,108x144,160x213,240x320,360x480,480x640,540x720,640x853,720x960,1080x1440,1280x1707,1440x1920,1920x2560&from=bu&cs=1920x0",,False,,synagogue,True,False,-224421397__457240652
457240651,301013678,-224421397,-224421397,1711791804,2024-03-30 10:43:24,58.008604,56.234423,58.00819896273859,56.23476395501453,49.31399479698315,"https://sun9-81.userapi.com/s/v1/ig2/uXQzBpGOtNqStKfuDk2wftppcJRqoUDQ_cilhXGt2aU-gYXy3X0k064gjQMEDLUJhbGR1sqho2zuaYBysS48d-OH.jpg?quality=95&as=32x43,48x64,72x96,108x144,160x213,240x320,360x480,480x640,540x720,640x853,720x960,1080x1440,1280x1707,1440x1920,1920x2560&from=bu&cs=1920x0",,False,,synagogue,True,False,-224421397__457240651
457240650,301013678,-224421397,-224421397,1711791802,2024-03-30 10:43:22,58.008604,56.234423,58.00819896273859,56.23476395501453,49.31399479698315,"https://sun9-20.userapi.com/s/v1/ig2/E9OSNqyIMNa04GCd64lWtsDCc7e2Z3jsJa9P7kUUc6KtrwAD4s9fbj2oi_OTr5WPrpPalrPrPqU8I2fF9F2jWU5K.jpg?quality=95&as=32x43,48x64,72x96,108x144,160x213,240x320,360x480,480x640,540x720,640x853,720x960,1080x1440,1280x1707,1440x1920,1920x2560&from=bu&cs=1920x0",,False,,synagogue,True,False,-224421397__457240650
457240649,301013678,-224421397,-224421397,1711791801,2024-03-30 10:43:21,58.008604,56.234423,58.00819896273859,56.23476395501453,49.31399479698315,"https://sun9-53.userapi.com/s/v1/ig2/seVosUbZqwQqgqzEe1Q5hfRmO9YAPKR4oA42IMz7u1PhRIBtLmqhtAU3d-GlrXM2AzuX_TY5NKVz6irgpom_fn6F.jpg?quality=95&as=32x43,48x64,72x96,108x144,160x213,240x320,360x480,480x640,540x720,640x853,720x960,1080x1440,1280x1707,1440x1920,1920x2560&from=bu&cs=1920x0",,False,,synagogue,True,False,-224421397__457240649
457240648,301013678,-224421397,-224421397,1711791799,2024-03-30 10:43:19,58.008604,56.234423,58.00819896273859,56.23476395501453,49.31399479698315,"https://sun9-63.userapi.com/s/v1/ig2/AN8WCDWKDsI8Ca99GB7De8MWWQkJUSPfUM1dBVmHz0nl7ejQvVJ-cz052B5fZjvwna7QDfw07_n8MhhxWYAteYZ7.jpg?quality=95&as=32x43,48x64,72x96,108x144,160x213,240x320,360x480,480x640,540x720,640x853,720x960,1080x1440,1280x1707,1440x1920,1920x2560&from=bu&cs=1920x0",,False,,synagogue,True,False,-224421397__457240648
457240647,301013678,-224421397,-224421397,1711791797,2024-03-30 10:43:17,58.008604,56.234423,58.00819896273859,56.23476395501453,49.31399479698315,"https://sun9-63.userapi.com/s/v1/ig2/voBr6JBpmd84vREEBioh4otasZgYyEtxEJEmKX_Bh2gnxgGBKCZDBER58AVmqrpUFzkmH7c05IGTKN7yU3Itwfze.jpg?quality=95&as=32x43,48x64,72x96,108x144,160x213,240x320,360x480,480x640,540x720,640x853,720x960,1080x1440,1280x1707,1440x1920,1920x2560&from=bu&cs=1920x0",,False,,synagogue,True,False,-224421397__457240647
457240646,301013678,-224421397,-224421397,1711791793,2024-03-30 10:43:13,58.008604,56.234423,58.00819896273859,56.23476395501453,49.31399479698315,"https://sun9-57.userapi.com/s/v1/ig2/skOCXW5U1reKBoS6OkM7YkLZfPlDIJhtuM2C7NA3YRt1dtH3Sa_8nOsixGx6u4otJ57naUezH8PsNpZrDlTDGocg.jpg?quality=95&as=32x43,48x64,72x96,108x144,160x213,240x320,360x480,480x640,540x720,640x853,720x960,1080x1440,1280x1707,1440x1920,1920x2560&from=bu&cs=1920x0",,False,,synagogue,True,False,-224421397__457240646
457240645,301013678,-224421397,-224421397,1711791791,2024-03-30 10:43:11,58.008604,56.234423,58.00819896273859,56.23476395501453,49.31399479698315,"https://sun9-8.userapi.com/s/v1/ig2/ENs6OjrKJSGp1OovVm1VwXUgGj59uHdf4yR1RFMh5i9QIMtXpOwZMbOhzANvDDRPU2l6oRJLlaXEMKCaWpZq6GgZ.jpg?quality=95&as=32x43,48x64,72x96,108x144,160x213,240x320,360x480,480x640,540x720,640x853,720x960,1080x1440,1280x1707,1440x1920,1920x2560&from=bu&cs=1920x0",,False,,synagogue,True,False,-224421397__457240645
457240644,301013678,-224421397,-224421397,1711791790,2024-03-30 10:43:10,58.008604,56.234423,58.00819896273859,56.23476395501453,49.31399479698315,"https://sun9-66.userapi.com/s/v1/ig2/kxCzofYuUkJZE_J63GoPrW1nkQLRw0lqsbYmDp9LaiGcW-V5whbtaqc6P59nws7yLMvaSMbFlQkFU_wxULBmWMAU.jpg?quality=95&as=32x43,48x64,72x96,108x144,160x213,240x320,360x480,480x640,540x720,640x853,720x960,1080x1440,1280x1707,1440x1920,1920x2560&from=bu&cs=1920x0",,False,,synagogue,True,False,-224421397__457240644
457240643,301013678,-224421397,-224421397,1711791789,2024-03-30 10:43:09,58.008604,56.234423,58.00819896273859,56.23476395501453,49.31399479698315,"https://sun9-51.userapi.com/s/v1/ig2/Tn8ozHR_c0ufG8j7lhoAHyJpI2nodHv0mWxXJ-nkFBkyB_hQL0Ehi-vRNHJA4OMSztIyVO3kV1ugmSNka2RsmUZW.jpg?quality=95&as=32x43,48x64,72x96,108x144,160x213,240x320,360x480,480x640,540x720,640x853,720x960,1080x1440,1280x1707,1440x1920,1920x2560&from=bu&cs=1920x0",,False,,synagogue,True,False,-224421397__457240643
457240642,301013678,-224421397,-224421397,1711791787,2024-03-30 10:43:07,58.008604,56.234423,58.00819896273859,56.23476395501453,49.31399479698315,"https://sun9-24.userapi.com/s/v1/ig2/-f2ce_9MzLuObrc5Tc4jgWF30WUkcz7AuTdnfUz2m8Twd6O_7V9V_-uxUnPXmwy2t4JZ_u5m8bQlffxiocpbjFtf.jpg?quality=95&as=32x43,48x64,72x96,108x144,160x213,240x320,360x480,480x640,540x720,640x853,720x960,1080x1440,1280x1707,1440x1920,1920x2560&from=bu&cs=1920x0",,False,,synagogue,True,False,-224421397__457240642
457240641,301013678,-224421397,-224421397,1711791786,2024-03-30 10:43:06,58.008604,56.234423,58.00819896273859,56.23476395501453,49.31399479698315,"https://sun9-38.userapi.com/s/v1/ig2/q-YznmmRdyYwIgdVwHqbjZ_-1pAKs4un-goDGTydsyrrN5bZYKxaDOR_H0SpPek6uXyBJAnEYxI5FRGM2QXqjnt2.jpg?quality=95&as=32x43,48x64,72x96,108x144,160x213,240x320,360x480,480x640,540x720,640x853,720x960,1080x1440,1280x1707,1440x1920,1920x2560&from=bu&cs=1920x0",,False,,synagogue,True,False,-224421397__457240641
457240640,301013678,-224421397,-224421397,1711791784,2024-03-30 10:43:04,58.008604,56.234423,58.00819896273859,56.23476395501453,49.31399479698315,"https://sun9-16.userapi.com/s/v1/if2/qMg2GkvuTMkIWIPVYcylni64h_t4Qm5-Z4gzHLjiUirqp8bDKUqkp9GCX5PaPhdhmmuRBB3igVr5uisod9UrK9xb.jpg?quality=95&as=32x24,48x36,72x54,108x81,160x120,240x180,360x270,480x360,540x405,640x480,720x540,1080x810,1280x960,1440x1080,2560x1920&from=bu&cs=2560x0",,False,,synagogue,True,False,-224421397__457240640
457240639,301013678,-224421397,-224421397,1711791781,2024-03-30 10:43:01,58.008604,56.234423,58.00819896273859,56.23476395501453,49.31399479698315,"https://sun9-84.userapi.com/s/v1/if2/UxDPtJYZx3OdyxnUPHxyjtJogpshxdmchQtmyDoVQDTwZ_XRq5N89ssqFFdFg1iuQjJwIigeOGor708xHM3zVRmV.jpg?quality=95&as=32x24,48x36,72x54,108x81,160x120,240x180,360x270,480x360,540x405,640x480,720x540,1080x810,1280x960,1440x1080,2560x1920&from=bu&cs=2560x0",,False,,synagogue,True,False,-224421397__457240639
457240638,301013678,-224421397,-224421397,1711791778,2024-03-30 10:42:58,58.008604,56.234423,58.00819896273859,56.23476395501453,49.31399479698315,"https://sun9-2.userapi.com/s/v1/if2/Dtg6hpQz9ulMC-nII_X28vbYgO6m0ucD5pYtxsykyVIxw95NNk7rvR1zzEXoY4hx-NNINnQuYtN6I3HO4RvmDeXr.jpg?quality=95&as=32x24,48x36,72x54,108x81,160x120,240x180,360x270,480x360,540x405,640x480,720x540,1080x810,1280x960,1440x1080,2560x1920&from=bu&cs=2560x0",,False,,synagogue,True,False,-224421397__457240638
457240637,301013678,-224421397,-224421397,1711791776,2024-03-30 10:42:56,58.008604,56.234423,58.00819896273859,56.23476395501453,49.31399479698315,"https://sun9-29.userapi.com/s/v1/if2/Tw3uUFZnoxK0uz1dDNlaqRUkiaK2J1_T9BrxgLXRGs6ckiMwzHaz_0wgGkEeCKVutOkhW05W8GGAsASwABpRzb_6.jpg?quality=95&as=32x24,48x36,72x54,108x81,160x120,240x180,360x270,480x360,540x405,640x480,720x540,1080x810,1280x960,1440x1080,2560x1920&from=bu&cs=2560x0",,False,,synagogue,True,False,-224421397__457240637
457240636,301013678,-224421397,-224421397,1711791773,2024-03-30 10:42:53,58.008604,56.234423,58.00819896273859,56.23476395501453,49.31399479698315,"https://sun9-2.userapi.com/s/v1/ig2/B0_gHGqVjtMNIcgpiFn0Y3ZDw46GjNLWbr_ZlchMvO-kMnoRrlibSMysj1ai5apNb9MXm2Sc2jGbQwjMIz97AcAS.jpg?quality=95&as=32x43,48x64,72x96,108x144,160x213,240x320,360x480,480x640,540x720,640x853,720x960,1080x1440,1280x1707,1440x1920,1920x2560&from=bu&cs=1920x0",,False,,synagogue,True,False,-224421397__457240636
457240635,301013678,-224421397,-224421397,1711791771,2024-03-30 10:42:51,58.008604,56.234423,58.00819896273859,56.23476395501453,49.31399479698315,"https://sun9-79.userapi.com/s/v1/ig2/5A2AoB3K8ZDhoS0yGTdcEXVlyphaJS0wsoL4LoYDQMnWwiKduq2AmRk99URILkOPeqI9aQNoIlW63wD_ooknhCBR.jpg?quality=95&as=32x43,48x64,72x96,108x144,160x213,240x320,360x480,480x640,540x720,640x853,720x960,1080x1440,1280x1707,1440x1920,1920x2560&from=bu&cs=1920x0",,False,,synagogue,True,False,-224421397__457240635
457240634,301013678,-224421397,-224421397,1711789930,2024-03-30 10:12:10,58.008604,56.234423,58.00819896273859,56.23476395501453,49.31399479698315,"https://sun9-74.userapi.com/s/v1/ig2/JXpkM95Gh8-hZBUkH8sv2gwOMb2KlqfyWq37zDheDPlJS_kyljlQERLAAuPa2-4kfxiHG9mu8XHoxeSAIQvjBRXI.jpg?quality=95&as=32x43,48x64,72x96,108x144,160x213,240x320,360x480,480x640,540x720,640x853,720x960,1080x1440,1280x1707,1440x1920,1920x2560&from=bu&cs=1920x0",,False,,synagogue,True,False,-224421397__457240634
457240633,301013678,-224421397,-224421397,1711789929,2024-03-30 10:12:09,58.008604,56.234423,58.00819896273859,56.23476395501453,49.31399479698315,"https://sun9-32.userapi.com/s/v1/ig2/fZAFsT9r1MnrI3aobqkuZvDnezYNKV3CyeFhls1RP3FHvprjvNQBmMzgA4BYZizqNTYl-UsnA1Mu-5zaxEKpQuip.jpg?quality=95&as=32x43,48x64,72x96,108x144,160x213,240x320,360x480,480x640,540x720,640x853,720x960,1080x1440,1280x1707,1440x1920,1920x2560&from=bu&cs=1920x0",,False,,synagogue,True,False,-224421397__457240633
457240632,301013678,-224421397,-224421397,1711789927,2024-03-30 10:12:07,58.008604,56.234423,58.00819896273859,56.23476395501453,49.31399479698315,"https://sun9-82.userapi.com/s/v1/ig2/sZsJVrdv9Rp84Z-Ee5h-JMS3I0MvlJ83Xl6sK6W5bkZB8xhxc6UYGRolkAXtIGdxu2qHcHDGTql27ncdeNO1-JG1.jpg?quality=95&as=32x43,48x64,72x96,108x144,160x213,240x320,360x480,480x640,540x720,640x853,720x960,1080x1440,1280x1707,1440x1920,1920x2560&from=bu&cs=1920x0",,False,,synagogue,True,False,-224421397__457240632
457240631,301013678,-224421397,-224421397,1711789926,2024-03-30 10:12:06,58.008604,56.234423,58.00819896273859,56.23476395501453,49.31399479698315,"https://sun9-74.userapi.com/s/v1/ig2/32gr3on8PZkzBtEQSDuOZVEWmeJb7fMihi4LO_FqUECmD81rdma6QIjNcISH6SoO-uf8QSIVEVUC7nwYJWaNjF6t.jpg?quality=95&as=32x43,48x64,72x96,108x144,160x213,240x320,360x480,480x640,540x720,640x853,720x960,1080x1440,1280x1707,1440x1920,1920x2560&from=bu&cs=1920x0",,False,,synagogue,True,False,-224421397__457240631
457240630,301013678,-224421397,-224421397,1711789925,2024-03-30 10:12:05,58.008604,56.234423,58.00819896273859,56.23476395501453,49.31399479698315,"https://sun9-78.userapi.com/s/v1/ig2/hL_7fihTrvpu6JHz1Km5l7idRE1XjqowmoRWhzeoAB4OnlRMq55uBMQ8980l6mnFXbc5n438pZSF8gpGqZSRQnRB.jpg?quality=95&as=32x43,48x64,72x96,108x144,160x213,240x320,360x480,480x640,540x720,640x853,720x960,1080x1440,1280x1707,1440x1920,1920x2560&from=bu&cs=1920x0",,False,,synagogue,True,False,-224421397__457240630
457240629,301013678,-224421397,-224421397,1711789923,2024-03-30 10:12:03,58.008604,56.234423,58.00819896273859,56.23476395501453,49.31399479698315,"https://sun9-31.userapi.com/s/v1/ig2/a4JTefsLSHZW1cArPJkLuEU51Eii30VDxhEtemv-IdFwMvuODDvQb3CECA6TxoMCB_2IT0TSvpYHH7VUzBP-lmFM.jpg?quality=95&as=32x43,48x64,72x96,108x144,160x213,240x320,360x480,480x640,540x720,640x853,720x960,1080x1440,1280x1707,1440x1920,1920x2560&from=bu&cs=1920x0",,False,,synagogue,True,False,-224421397__457240629
457240628,301013678,-224421397,-224421397,1711789922,2024-03-30 10:12:02,58.008604,56.234423,58.00819896273859,56.23476395501453,49.31399479698315,"https://sun9-16.userapi.com/s/v1/ig2/Y3TrGPxAXCfKSq43GAfyu6Dj2MB8B-We0EJvU30u_cfRCKMKX7zL79ObSWTUNwb2j6teDL8Q9kEK6x5RcLjhwmpx.jpg?quality=95&as=32x43,48x64,72x96,108x144,160x213,240x320,360x480,480x640,540x720,640x853,720x960,1080x1440,1280x1707,1440x1920,1920x2560&from=bu&cs=1920x0",,False,,synagogue,True,False,-224421397__457240628
457240627,301013678,-224421397,-224421397,1711789920,2024-03-30 10:12:00,58.008604,56.234423,58.00819896273859,56.23476395501453,49.31399479698315,"https://sun9-74.userapi.com/s/v1/ig2/X_z_6p_TxS_IJR5r0OG0bWRHFfrKqLc6isUjWTJ-ZPabNroC8oLxepFN8CDuZgcL_VVJlGMoTwcxUUZpHbQMiUd2.jpg?quality=95&as=32x43,48x64,72x96,108x144,160x213,240x320,360x480,480x640,540x720,640x853,720x960,1080x1440,1280x1707,1440x1920,1920x2560&from=bu&cs=1920x0",,False,,synagogue,True,False,-224421397__457240627
457240626,301013678,-224421397,-224421397,1711789918,2024-03-30 10:11:58,58.008604,56.234423,58.00819896273859,56.23476395501453,49.31399479698315,"https://sun9-69.userapi.com/s/v1/ig2/wi27-lBGhtog6TexkXOGmc1-x90hJrtXjvnWAHAfh4Z6P-qzI3qmMam0Lu5KN_UxK1NkVCWf0zcP6Km5UcagJy-i.jpg?quality=95&as=32x43,48x64,72x96,108x144,160x213,240x320,360x480,480x640,540x720,640x853,720x960,1080x1440,1280x1707,1440x1920,1920x2560&from=bu&cs=1920x0",,False,,synagogue,True,False,-224421397__457240626
457240625,301013678,-224421397,-224421397,1711789916,2024-03-30 10:11:56,58.008604,56.234423,58.00819896273859,56.23476395501453,49.31399479698315,"https://sun9-6.userapi.com/s/v1/ig2/Rm9uA5QZSzam6NkwhWYEVha9Vwe4_408tmAuVEj2nbTyQD1luRJS6tj4hUalsVrwB2loz0R6j_oAvbOTxamvPHxB.jpg?quality=95&as=32x43,48x64,72x96,108x144,160x213,240x320,360x480,480x640,540x720,640x853,720x960,1080x1440,1280x1707,1440x1920,1920x2560&from=bu&cs=1920x0",,False,,synagogue,True,False,-224421397__457240625
457240624,301013678,-224421397,-224421397,1711789913,2024-03-30 10:11:53,58.008604,56.234423,58.00819896273859,56.23476395501453,49.31399479698315,"https://sun9-16.userapi.com/s/v1/ig2/wSbou54Gatdr-8gEAG2Iv0D0iHvdxb82UWNLD6oXlWq2GOzbVYf9c-_QL-9_C69GKNAMY8PAkc4liDt76wgA1CRx.jpg?quality=95&as=32x43,48x64,72x96,108x144,160x213,240x320,360x480,480x640,540x720,640x853,720x960,1080x1440,1280x1707,1440x1920,1920x2560&from=bu&cs=1920x0",,False,,synagogue,True,False,-224421397__457240624
457240623,301013678,-224421397,-224421397,1711789912,2024-03-30 10:11:52,58.008604,56.234423,58.00819896273859,56.23476395501453,49.31399479698315,"https://sun9-64.userapi.com/s/v1/ig2/WODqFcw7XoibA4blzDkkBMRtOau8e2mfuN7LDIjFhadLzEJA_pTLwjhnXYlADl6lysf10BaQVtATjz-jGv1ViG2N.jpg?quality=95&as=32x43,48x64,72x96,108x144,160x213,240x320,360x480,480x640,540x720,640x853,720x960,1080x1440,1280x1707,1440x1920,1920x2560&from=bu&cs=1920x0",,False,,synagogue,True,False,-224421397__457240623
457240622,301013678,-224421397,-224421397,1711789911,2024-03-30 10:11:51,58.008604,56.234423,58.00819896273859,56.23476395501453,49.31399479698315,"https://sun9-25.userapi.com/s/v1/ig2/FxW0tbn-m4Hr6qe4Ils_QllcfDeuHPnRad_WLTLnOQk9r3l7vP3_0kpKBPE3LUNu_rU36Sv8jbe4nT8xjN73jP9T.jpg?quality=95&as=32x43,48x64,72x96,108x144,160x213,240x320,360x480,480x640,540x720,640x853,720x960,1080x1440,1280x1707,1440x1920,1920x2560&from=bu&cs=1920x0",,False,,synagogue,True,False,-224421397__457240622
457240621,301013678,-224421397,-224421397,1711789909,2024-03-30 10:11:49,58.008604,56.234423,58.00819896273859,56.23476395501453,49.31399479698315,"https://sun9-1.userapi.com/s/v1/ig2/OJ2PId0OFt4OVcz5kfm-dI9xL-AJ2nydT7vDgNvrq-m_yKKLPfhSj_6YQNoBDy34aEo1MgFuqGiT4jzkmSafWLW9.jpg?quality=95&as=32x43,48x64,72x96,108x144,160x213,240x320,360x480,480x640,540x720,640x853,720x960,1080x1440,1280x1707,1440x1920,1920x2560&from=bu&cs=1920x0",,False,,synagogue,True,False,-224421397__457240621
457240620,301013678,-224421397,-224421397,1711789908,2024-03-30 10:11:48,58.008604,56.234423,58.00819896273859,56.23476395501453,49.31399479698315,"https://sun9-68.userapi.com/s/v1/ig2/8XjxBOpemqO65PQ7cy6jAuipBtJ6uxjb_FtDWnFoHoGLXaIVnEhQvCz8Bcx1wG_SWlTuIh66xKdnoY__CRrd3yCI.jpg?quality=95&as=32x43,48x64,72x96,108x144,160x213,240x320,360x480,480x640,540x720,640x853,720x960,1080x1440,1280x1707,1440x1920,1920x2560&from=bu&cs=1920x0",,False,,synagogue,True,False,-224421397__457240620
457240619,301013678,-224421397,-224421397,1711789906,2024-03-30 10:11:46,58.008604,56.234423,58.00819896273859,56.23476395501453,49.31399479698315,"https://sun9-74.userapi.com/s/v1/ig2/wNLoYO5VoudrheZuSEEsF1MdBkJKbr4eIdF8lqPLfz1u9yId_5mziLAc_h55c7s8X_fSEfql6VpxgfvYaSOPqkzn.jpg?quality=95&as=32x43,48x64,72x96,108x144,160x213,240x320,360x480,480x640,540x720,640x853,720x960,1080x1440,1280x1707,1440x1920,1920x2560&from=bu&cs=1920x0",,False,,synagogue,True,False,-224421397__457240619
457240618,301013678,-224421397,-224421397,1711789905,2024-03-30 10:11:45,58.008604,56.234423,58.00819896273859,56.23476395501453,49.31399479698315,"https://sun9-69.userapi.com/s/v1/ig2/ul3Ad2X2NkCdZqxg4UJf9La4nKpM6NLqcMul6T7UpkdLkTd_SpQHaP-Si0sJ1RhOXFqfSGs_9B8DpTUecKbTfsDb.jpg?quality=95&as=32x43,48x64,72x96,108x144,160x213,240x320,360x480,480x640,540x720,640x853,720x960,1080x1440,1280x1707,1440x1920,1920x2560&from=bu&cs=1920x0",,False,,synagogue,True,False,-224421397__457240618
457240617,301013678,-224421397,-224421397,1711789904,2024-03-30 10:11:44,58.008604,56.234423,58.00819896273859,56.23476395501453,49.31399479698315,"https://sun9-18.userapi.com/s/v1/ig2/O_yhv1IwRNScYaopUw7MkXuAf5V3Uv39auCAgL_5jX-OZDy5YrpUXXXZOZ3ATTHsHAnFVBZs6676B08DHKVRJgEq.jpg?quality=95&as=32x43,48x64,72x96,108x144,160x213,240x320,360x480,480x640,540x720,640x853,720x960,1080x1440,1280x1707,1440x1920,1920x2560&from=bu&cs=1920x0",,False,,synagogue,True,False,-224421397__457240617
457240616,301013678,-224421397,-224421397,1711789902,2024-03-30 10:11:42,58.008604,56.234423,58.00819896273859,56.23476395501453,49.31399479698315,"https://sun9-20.userapi.com/s/v1/ig2/2pEB7JZB85Hna_HKTwqTluqgmjkg8BoZb5VUzAzpLv65hDkpRqk5y36yK3CCrfER_i_WSeBa64x936-LrIxxCq0G.jpg?quality=95&as=32x43,48x64,72x96,108x144,160x213,240x320,360x480,480x640,540x720,640x853,720x960,1080x1440,1280x1707,1440x1920,1920x2560&from=bu&cs=1920x0",,False,,synagogue,True,False,-224421397__457240616
457240615,301013678,-224421397,-224421397,1711789901,2024-03-30 10:11:41,58.008604,56.234423,58.00819896273859,56.23476395501453,49.31399479698315,"https://sun9-56.userapi.com/s/v1/ig2/BmZB6_9Lh9-3lRludKCruRHbJ-5ZVQcKAuQi60xXWvHvB1MzzPKAcPo6tAeiSSeIp9Kw8sug9XVpUJ1lN-hSna2A.jpg?quality=95&as=32x43,48x64,72x96,108x144,160x213,240x320,360x480,480x640,540x720,640x853,720x960,1080x1440,1280x1707,1440x1920,1920x2560&from=bu&cs=1920x0",,False,,synagogue,True,False,-224421397__457240615
457240614,301013678,-224421397,-224421397,1711789899,2024-03-30 10:11:39,58.008604,56.234423,58.00819896273859,56.23476395501453,49.31399479698315,"https://sun9-34.userapi.com/s/v1/ig2/7YXoQ-SCMH1OxV7i7gk6MXctZpKTAseXRQh9xP7x4vGgjJZp0IrU6R9hMNA7LmeD94nE4AnRr8NslOy25qME6wA8.jpg?quality=95&as=32x43,48x64,72x96,108x144,160x213,240x320,360x480,480x640,540x720,640x853,720x960,1080x1440,1280x1707,1440x1920,1920x2560&from=bu&cs=1920x0",,False,,synagogue,True,False,-224421397__457240614
457240613,301013678,-224421397,-224421397,1711789898,2024-03-30 10:11:38,58.008604,56.234423,58.00819896273859,56.23476395501453,49.31399479698315,"https://sun9-3.userapi.com/s/v1/ig2/G3ZELE9gis-KHCKeJHw5oVZ8vGt7YT7mudkWeI2_1na5Zk8DilOVPR1IDWlY0ID7nurcaPSXCJmXVXhWMsdVqZed.jpg?quality=95&as=32x43,48x64,72x96,108x144,160x213,240x320,360x480,480x640,540x720,640x853,720x960,1080x1440,1280x1707,1440x1920,1920x2560&from=bu&cs=1920x0",,False,,synagogue,True,False,-224421397__457240613
457240612,301013678,-224421397,-224421397,1711789896,2024-03-30 10:11:36,58.008604,56.234423,58.00819896273859,56.23476395501453,49.31399479698315,"https://sun9-60.userapi.com/s/v1/ig2/OB7oG8b3RYyOs1r0OA5-cwa6qgvtkG5lAYrQ1SUgM55FSOcIOE__NSytEmzK4ytWWhidzdNeKaGzboqTWJo9KUSf.jpg?quality=95&as=32x43,48x64,72x96,108x144,160x213,240x320,360x480,480x640,540x720,640x853,720x960,1080x1440,1280x1707,1440x1920,1920x2560&from=bu&cs=1920x0",,False,,synagogue,True,False,-224421397__457240612
457240611,301013678,-224421397,-224421397,1711789894,2024-03-30 10:11:34,58.008604,56.234423,58.00819896273859,56.23476395501453,49.31399479698315,"https://sun9-7.userapi.com/s/v1/ig2/-p7vDwmEUTGBfTSa23REy3u0VPdiEqiEPAPFdsNO5R65cF2tENCzQ1S-4ey-Gtc3kb-pGBBPmfUYNFPbI96QT0un.jpg?quality=95&as=32x43,48x64,72x96,108x144,160x213,240x320,360x480,480x640,540x720,640x853,720x960,1080x1440,1280x1707,1440x1920,1920x2560&from=bu&cs=1920x0",,False,,synagogue,True,False,-224421397__457240611
457240610,301013678,-224421397,-224421397,1711789890,2024-03-30 10:11:30,58.008604,56.234423,58.00819896273859,56.23476395501453,49.31399479698315,"https://sun9-54.userapi.com/s/v1/ig2/zNuEGMO3avM8QETTIcs7B2DasKY--0N4zz3YqmW0st9h0tNUWocUqKVJwLWbII131QzC8cEx0_M8c5ScPDC4eEEb.jpg?quality=95&as=32x43,48x64,72x96,108x144,160x213,240x320,360x480,480x640,540x720,640x853,720x960,1080x1440,1280x1707,1440x1920,1920x2560&from=bu&cs=1920x0",,False,,synagogue,True,False,-224421397__457240610
457240609,301013678,-224421397,-224421397,1711789888,2024-03-30 10:11:28,58.008604,56.234423,58.00819896273859,56.23476395501453,49.31399479698315,"https://sun9-31.userapi.com/s/v1/ig2/HHWX37PN0JvqWUSdjS7eLnp41RDR9VzizmsXQEqtNhACmOLM_QBgY5PrAigvH0UY4WvyHTous7sADWfgMxTp6X9y.jpg?quality=95&as=32x43,48x64,72x96,108x144,160x213,240x320,360x480,480x640,540x720,640x853,720x960,1080x1440,1280x1707,1440x1920,1920x2560&from=bu&cs=1920x0",,False,,synagogue,True,False,-224421397__457240609
457240608,301013678,-224421397,-224421397,1711789887,2024-03-30 10:11:27,58.008604,56.234423,58.00819896273859,56.23476395501453,49.31399479698315,"https://sun9-59.userapi.com/s/v1/ig2/GVlxOWQpZHeQqrLNu3_FxgjGMeav-JSt9SJmmINk7160XMaPf2w0o7NS3cbAgmsw64y-9lzUjCWjnKTFtNEJO6kc.jpg?quality=95&as=32x43,48x64,72x96,108x144,160x213,240x320,360x480,480x640,540x720,640x853,720x960,1080x1440,1280x1707,1440x1920,1920x2560&from=bu&cs=1920x0",,False,,synagogue,True,False,-224421397__457240608
457240607,301013678,-224421397,-224421397,1711789886,2024-03-30 10:11:26,58.008604,56.234423,58.00819896273859,56.23476395501453,49.31399479698315,"https://sun9-81.userapi.com/s/v1/ig2/mvyqWKu07_yifNU8QnBT9XGHuvbbYe1Lg3DRvXzZLhpa176Oa3lelSMuGDOsiBF5zMnJemQ67Cf7a6oFg7fVBtBY.jpg?quality=95&as=32x43,48x64,72x96,108x144,160x213,240x320,360x480,480x640,540x720,640x853,720x960,1080x1440,1280x1707,1440x1920,1920x2560&from=bu&cs=1920x0",,False,,synagogue,True,False,-224421397__457240607
457240606,301013678,-224421397,-224421397,1711789884,2024-03-30 10:11:24,58.008604,56.234423,58.00819896273859,56.23476395501453,49.31399479698315,"https://sun9-10.userapi.com/s/v1/ig2/2hbcnwKPiA3RqWgSHkqxwc2Xze7GUNwAar2GJhWJyLfRU2qV4mQnopjybzE0U3qAVYFIkawuCNVKUQAlcp4ML-iO.jpg?quality=95&as=32x43,48x64,72x96,108x144,160x213,240x320,360x480,480x640,540x720,640x853,720x960,1080x1440,1280x1707,1440x1920,1920x2560&from=bu&cs=1920x0",,False,,synagogue,True,False,-224421397__457240606
457240605,301013678,-224421397,-224421397,1711789882,2024-03-30 10:11:22,58.008604,56.234423,58.00819896273859,56.23476395501453,49.31399479698315,"https://sun9-67.userapi.com/s/v1/ig2/m0QhX-SWTnhtrC4ZlMtuet2akLfRAHQ-HKCmE1a3dI6fByAbGD-ClzVaUnfAM_wihTjQ0oEFbud8C16jE6uBdXNo.jpg?quality=95&as=32x43,48x64,72x96,108x144,160x213,240x320,360x480,480x640,540x720,640x853,720x960,1080x1440,1280x1707,1440x1920,1920x2560&from=bu&cs=1920x0",,False,,synagogue,True,False,-224421397__457240605
457240604,301013678,-224421397,-224421397,1711789881,2024-03-30 10:11:21,58.008604,56.234423,58.00819896273859,56.23476395501453,49.31399479698315,"https://sun9-18.userapi.com/s/v1/ig2/jPewaUmKmjdRC5GFCjRCdcjJqC0jBhezPYB2Rrer7TDyDnwyMJpPSb1F6xTpPeUqmY9LgpNnzFsV7T7cXTapSq9k.jpg?quality=95&as=32x43,48x64,72x96,108x144,160x213,240x320,360x480,480x640,540x720,640x853,720x960,1080x1440,1280x1707,1440x1920,1920x2560&from=bu&cs=1920x0",,False,,synagogue,True,False,-224421397__457240604
457240603,301013678,-224421397,-224421397,1711789880,2024-03-30 10:11:20,58.008604,56.234423,58.00819896273859,56.23476395501453,49.31399479698315,"https://sun9-87.userapi.com/s/v1/ig2/vlMvWnz7e-KTNxF_Ri2wK4PYJoFIBZTihr7kOr0YYhDnwe1-TNL53ZOphOlIdeAsmHs8Azw0FwCAdY5DzCK6O9gE.jpg?quality=95&as=32x43,48x64,72x96,108x144,160x213,240x320,360x480,480x640,540x720,640x853,720x960,1080x1440,1280x1707,1440x1920,1920x2560&from=bu&cs=1920x0",,False,,synagogue,True,False,-224421397__457240603
457240602,301013678,-224421397,-224421397,1711789878,2024-03-30 10:11:18,58.008604,56.234423,58.00819896273859,56.23476395501453,49.31399479698315,"https://sun9-84.userapi.com/s/v1/ig2/WheXFs4z_cT82exZiNmXXaZYEET5_74g3TVBPjtQwj-S2Au09pfmzbGzDM4BPNG0aS9jI296T8bp1XG0DAmeaaxk.jpg?quality=95&as=32x43,48x64,72x96,108x144,160x213,240x320,360x480,480x640,540x720,640x853,720x960,1080x1440,1280x1707,1440x1920,1920x2560&from=bu&cs=1920x0",,False,,synagogue,True,False,-224421397__457240602
457240601,301013678,-224421397,-224421397,1711789877,2024-03-30 10:11:17,58.008604,56.234423,58.00819896273859,56.23476395501453,49.31399479698315,"https://sun9-42.userapi.com/s/v1/ig2/RS4Gyw7FrZ7CSMvCeBfoFpUQacIFsVAH7Mb86hlPMAC00y4iN4kABSa-_QbF-pUdWS_YehoPghf9OiJkkqTwCl5I.jpg?quality=95&as=32x43,48x64,72x96,108x144,160x213,240x320,360x480,480x640,540x720,640x853,720x960,1080x1440,1280x1707,1440x1920,1920x2560&from=bu&cs=1920x0",,False,,synagogue,True,False,-224421397__457240601
457240600,301013678,-224421397,-224421397,1711789876,2024-03-30 10:11:16,58.008604,56.234423,58.00819896273859,56.23476395501453,49.31399479698315,"https://sun9-4.userapi.com/s/v1/ig2/iIhVr1_WEYryHXNJU9VjHJlvk_EVQ4Ygcg7oiRdZwRBGsVO773e3VuG7s9kt88nNsNiuo2AgI1gmC61hFb5494Bm.jpg?quality=95&as=32x43,48x64,72x96,108x144,160x213,240x320,360x480,480x640,540x720,640x853,720x960,1080x1440,1280x1707,1440x1920,1920x2560&from=bu&cs=1920x0",,False,,synagogue,True,False,-224421397__457240600
457240599,301013678,-224421397,-224421397,1711789874,2024-03-30 10:11:14,58.008604,56.234423,58.00819896273859,56.23476395501453,49.31399479698315,"https://sun9-66.userapi.com/s/v1/ig2/tuyccLoJO0HaVCdYMyBqtXlrkCrgQkRgiNl_gNKy8X6b_Lf9c4nfBske1ohSbXVnmvE8oqieHwXsYVYHBv7hawVJ.jpg?quality=95&as=32x43,48x64,72x96,108x144,160x213,240x320,360x480,480x640,540x720,640x853,720x960,1080x1440,1280x1707,1440x1920,1920x2560&from=bu&cs=1920x0",,False,,synagogue,True,False,-224421397__457240599
457240598,301013678,-224421397,-224421397,1711789872,2024-03-30 10:11:12,58.008604,56.234423,58.00819896273859,56.23476395501453,49.31399479698315,"https://sun9-66.userapi.com/s/v1/ig2/XpveQxtXnB_mTiN_opo-pS-dowyJXczFk4O84cXyUx9D5Fmm6Zx8PvQO5j2sCdQOGijrLb38pkbPaxPZkUiOrNib.jpg?quality=95&as=32x43,48x64,72x96,108x144,160x213,240x320,360x480,480x640,540x720,640x853,720x960,1080x1440,1280x1707,1440x1920,1920x2560&from=bu&cs=1920x0",,False,,synagogue,True,False,-224421397__457240598
457240597,301013678,-224421397,-224421397,1711789871,2024-03-30 10:11:11,58.008604,56.234423,58.00819896273859,56.23476395501453,49.31399479698315,"https://sun9-24.userapi.com/s/v1/ig2/n4dz1nF9aHjtGrdcnu6hzkayNRvBBPXf8wKXGfjTqoFZVY-KdEa1VVZWYyLtQLxFnp6idJ1l7MVLqZNXzi8moIqy.jpg?quality=95&as=32x43,48x64,72x96,108x144,160x213,240x320,360x480,480x640,540x720,640x853,720x960,1080x1440,1280x1707,1440x1920,1920x2560&from=bu&cs=1920x0",,False,,synagogue,True,False,-224421397__457240597
457240596,301013678,-224421397,-224421397,1711789870,2024-03-30 10:11:10,58.008604,56.234423,58.00819896273859,56.23476395501453,49.31399479698315,"https://sun9-23.userapi.com/s/v1/ig2/8MarruKNv_x6T0o7dgoS11pHIGs8liJRDljSAb11SN9xD01LSD7bK0BlmKIElNZ0Ls9MLj2FbJAiAY8Y6oAplzZm.jpg?quality=95&as=32x43,48x64,72x96,108x144,160x213,240x320,360x480,480x640,540x720,640x853,720x960,1080x1440,1280x1707,1440x1920,1920x2560&from=bu&cs=1920x0",,False,,synagogue,True,False,-224421397__457240596
457240595,301013678,-224421397,-224421397,1711789868,2024-03-30 10:11:08,58.008604,56.234423,58.00819896273859,56.23476395501453,49.31399479698315,"https://sun9-40.userapi.com/s/v1/ig2/BJuDGsLxJMyZ2J_ZDLsH2mh8IBuECOS9Dublvml9BlsKvuawI4YilNuZZF4oPO0SAiWPjIYWg0NPIGg2bH1VyqTO.jpg?quality=95&as=32x43,48x64,72x96,108x144,160x213,240x320,360x480,480x640,540x720,640x853,720x960,1080x1440,1280x1707,1440x1920,1920x2560&from=bu&cs=1920x0",,False,,synagogue,True,False,-224421397__457240595
457240594,301013678,-224421397,-224421397,1711789866,2024-03-30 10:11:06,58.008604,56.234423,58.00819896273859,56.23476395501453,49.31399479698315,"https://sun9-13.userapi.com/s/v1/ig2/DdFA__x_Btae_qUHQj41rKKugbhWF8ERI9Yux1ANr-5UozUC6cWI-Y7fOm0MNVrSHdQ-u0J7XAHntsYSGNP7HMxa.jpg?quality=95&as=32x43,48x64,72x96,108x144,160x213,240x320,360x480,480x640,540x720,640x853,720x960,1080x1440,1280x1707,1440x1920,1920x2560&from=bu&cs=1920x0",,False,,synagogue,True,False,-224421397__457240594
457240593,301013678,-224421397,-224421397,1711789864,2024-03-30 10:11:04,58.008604,56.234423,58.00819896273859,56.23476395501453,49.31399479698315,"https://sun9-60.userapi.com/s/v1/ig2/f_ocx87_N89AVXm5yBdKxshFYKB1oYgaDgo_p3v5P4T_OXyQu8FMjqliKR52oJ59uHTDYg5w4l5P4npZogwGTvtQ.jpg?quality=95&as=32x43,48x64,72x96,108x144,160x213,240x320,360x480,480x640,540x720,640x853,720x960,1080x1440,1280x1707,1440x1920,1920x2560&from=bu&cs=1920x0",,False,,synagogue,True,False,-224421397__457240593
457240592,301013678,-224421397,-224421397,1711789862,2024-03-30 10:11:02,58.008604,56.234423,58.00819896273859,56.23476395501453,49.31399479698315,"https://sun9-80.userapi.com/s/v1/ig2/nkAbhogXWPGTgbWOMt5PJEtcJ8jp3kQN0E3-GYPfYFusDEaCoPHGbr3MieQ6oQRivvWKmd1m2MYfkSbmbnlv0gbX.jpg?quality=95&as=32x43,48x64,72x96,108x144,160x213,240x320,360x480,480x640,540x720,640x853,720x960,1080x1440,1280x1707,1440x1920,1920x2560&from=bu&cs=1920x0",,False,,synagogue,True,False,-224421397__457240592
457240591,301013678,-224421397,-224421397,1711789860,2024-03-30 10:11:00,58.008604,56.234423,58.00819896273859,56.23476395501453,49.31399479698315,"https://sun9-86.userapi.com/s/v1/ig2/_mBVYtycwKLsy8m3Q7RpTHUCad9EX8k3CFuRXulWx1xkVAI5muvH_bWysIX5uvYdoyRNZwS4rAGFX3h97K5FizCj.jpg?quality=95&as=32x43,48x64,72x96,108x144,160x213,240x320,360x480,480x640,540x720,640x853,720x960,1080x1440,1280x1707,1440x1920,1920x2560&from=bu&cs=1920x0",,False,,synagogue,True,False,-224421397__457240591
457240590,301013678,-224421397,-224421397,1711789857,2024-03-30 10:10:57,58.008604,56.234423,58.00819896273859,56.23476395501453,49.31399479698315,"https://sun9-61.userapi.com/s/v1/ig2/RbgCR0-CIMo6M91OdL3wVpbQ1Ol_14XR3LZ9qQhawx_A5r4spzC3Mk-zT-5N3ACOduI6joZvtDdhjyJKvQsCBNJA.jpg?quality=95&as=32x43,48x64,72x96,108x144,160x213,240x320,360x480,480x640,540x720,640x853,720x960,1080x1440,1280x1707,1440x1920,1920x2560&from=bu&cs=1920x0",,False,,synagogue,True,False,-224421397__457240590
457240589,301013678,-224421397,-224421397,1711789856,2024-03-30 10:10:56,58.008604,56.234423,58.00819896273859,56.23476395501453,49.31399479698315,"https://sun9-6.userapi.com/s/v1/ig2/M8rNSRq8QCIp7900fDs72qGLPj66OQ5t4PQNGJoxste7kNILBK2zJm71BbDKKN4VSZDkY26NyOQEjKOGAcEnYHfu.jpg?quality=95&as=32x43,48x64,72x96,108x144,160x213,240x320,360x480,480x640,540x720,640x853,720x960,1080x1440,1280x1707,1440x1920,1920x2560&from=bu&cs=1920x0",,False,,synagogue,True,False,-224421397__457240589
457240588,301013678,-224421397,-224421397,1711789855,2024-03-30 10:10:55,58.008604,56.234423,58.00819896273859,56.23476395501453,49.31399479698315,"https://sun9-31.userapi.com/s/v1/ig2/hWvOalseG9OHw4FCu07epkrW0g35k-SFfv4K59uqZQr2rnJRsd4XAQB8wkcuCIMiDu9hLuJUcYos9BM2EO2Wja_d.jpg?quality=95&as=32x43,48x64,72x96,108x144,160x213,240x320,360x480,480x640,540x720,640x853,720x960,1080x1440,1280x1707,1440x1920,1920x2560&from=bu&cs=1920x0",,False,,synagogue,True,False,-224421397__457240588
457240587,301013678,-224421397,-224421397,1711789853,2024-03-30 10:10:53,58.008604,56.234423,58.00819896273859,56.23476395501453,49.31399479698315,"https://sun9-8.userapi.com/s/v1/ig2/1OiMv87SPJjG-_dHbqAcFFDdZ1rdd28W0qh_zoWf5o7q6QIeWd2T4hRXxaff7FWpxI5JH6XG9WeBsZ80clbY4M9T.jpg?quality=95&as=32x43,48x64,72x96,108x144,160x213,240x320,360x480,480x640,540x720,640x853,720x960,1080x1440,1280x1707,1440x1920,1920x2560&from=bu&cs=1920x0",,False,,synagogue,True,False,-224421397__457240587
457240586,301013678,-224421397,-224421397,1711789852,2024-03-30 10:10:52,58.008604,56.234423,58.00819896273859,56.23476395501453,49.31399479698315,"https://sun9-31.userapi.com/s/v1/ig2/QtbUjU4k-zaP7vL512up5FKNpNd2vySdIWuF7tzDp04A0-ylPYakN9Kc6rvXfRNKoEJZfwl3kQ-LqmF5lLOthHZu.jpg?quality=95&as=32x43,48x64,72x96,108x144,160x213,240x320,360x480,480x640,540x720,640x853,720x960,1080x1440,1280x1707,1440x1920,1920x2560&from=bu&cs=1920x0",,False,,synagogue,True,False,-224421397__457240586
457240585,301013678,-224421397,-224421397,1711789851,2024-03-30 10:10:51,58.008604,56.234423,58.00819896273859,56.23476395501453,49.31399479698315,"https://sun9-19.userapi.com/s/v1/ig2/lWP30kv4EC1_qC0cSmM5lNUyzcxScMM01HLfFcd9FG-xE3Z-XswY60iR-jvHynNzGWgoIACeh49DA22ACaykZRrX.jpg?quality=95&as=32x43,48x64,72x96,108x144,160x213,240x320,360x480,480x640,540x720,640x853,720x960,1080x1440,1280x1707,1440x1920,1920x2560&from=bu&cs=1920x0",,False,,synagogue,True,False,-224421397__457240585
457240584,301013678,-224421397,-224421397,1711789850,2024-03-30 10:10:50,58.008604,56.234423,58.00819896273859,56.23476395501453,49.31399479698315,"https://sun9-69.userapi.com/s/v1/ig2/0HexGFPUGs2I0Izoa_Mv5gYm_3uIn4VAb90p6utG6gO364uJpkET2YzuGmxPl6jVp9BccLrnJH5EK_H1rFiY6HzB.jpg?quality=95&as=32x43,48x64,72x96,108x144,160x213,240x320,360x480,480x640,540x720,640x853,720x960,1080x1440,1280x1707,1440x1920,1920x2560&from=bu&cs=1920x0",,False,,synagogue,True,False,-224421397__457240584
457240583,301013678,-224421397,-224421397,1711788397,2024-03-30 09:46:37,58.008604,56.234423,58.00819896273859,56.23476395501453,49.31399479698315,"https://sun9-66.userapi.com/s/v1/ig2/ayzUp0n6GpqhRnuuT8EAbW4WfR8G6FUdIzZ3Ip-Gy0d6WX-Hco4TXUwi3mAbSxSE2EUYNllDXRWoYIVeVrd_h6-d.jpg?quality=95&as=32x43,48x64,72x96,108x144,160x213,240x320,360x480,480x640,540x720,640x853,720x960,1080x1440,1280x1707,1440x1920,1920x2560&from=bu&cs=1920x0",,False,,synagogue,True,False,-224421397__457240583
457240582,301013678,-224421397,-224421397,1711788395,2024-03-30 09:46:35,58.008604,56.234423,58.00819896273859,56.23476395501453,49.31399479698315,"https://sun9-80.userapi.com/s/v1/ig2/cCJhyCx85c40Yk0SvDa5qLpgQCMsnBRVxc2sgdO9YCGjDJX5lJVVPpm86am3OOo8tOFTi6ZL6PVELWSkNdVJdzI7.jpg?quality=95&as=32x43,48x64,72x96,108x144,160x213,240x320,360x480,480x640,540x720,640x853,720x960,1080x1440,1280x1707,1440x1920,1920x2560&from=bu&cs=1920x0",,False,,synagogue,True,False,-224421397__457240582
457240581,301013678,-224421397,-224421397,1711788394,2024-03-30 09:46:34,58.008604,56.234423,58.00819896273859,56.23476395501453,49.31399479698315,"https://sun9-50.userapi.com/s/v1/ig2/8NhwZbNEtpKMoMY5rhj4DJfyy9wuyNvOqLync-UjSr7fRlPAHt4pUi7GGEXsht2yY9T_lXMc_wSa47ItduiC5-6F.jpg?quality=95&as=32x43,48x64,72x96,108x144,160x213,240x320,360x480,480x640,540x720,640x853,720x960,1080x1440,1280x1707,1440x1920,1920x2560&from=bu&cs=1920x0",,False,,synagogue,True,False,-224421397__457240581
457240580,301013678,-224421397,-224421397,1711788392,2024-03-30 09:46:32,58.008604,56.234423,58.00819896273859,56.23476395501453,49.31399479698315,"https://sun9-15.userapi.com/s/v1/ig2/XSjoXIxdrq6YgHPAsk910gVnAnBAIh_kWsh3oO43IR8GhhpSZaJqUlKO0iz7hvFgj-F9jQi2YSp17QMtZpccJRgo.jpg?quality=95&as=32x43,48x64,72x96,108x144,160x213,240x320,360x480,480x640,540x720,640x853,720x960,1080x1440,1280x1707,1440x1920,1920x2560&from=bu&cs=1920x0",,False,,synagogue,True,False,-224421397__457240580
457240579,301013678,-224421397,-224421397,1711788391,2024-03-30 09:46:31,58.008604,56.234423,58.00819896273859,56.23476395501453,49.31399479698315,"https://sun9-54.userapi.com/s/v1/ig2/QH82EeEj4UXPJeib3_6YaCNW5U4shqqrDgflzGBrpnbNZj83SiZ4OcdQJCY8ffwYKCeop_gx5kF5ASeZ07s1oCGe.jpg?quality=95&as=32x43,48x64,72x96,108x144,160x213,240x320,360x480,480x640,540x720,640x853,720x960,1080x1440,1280x1707,1440x1920,1920x2560&from=bu&cs=1920x0",,False,,synagogue,True,False,-224421397__457240579
457240578,301013678,-224421397,-224421397,1711788389,2024-03-30 09:46:29,58.008604,56.234423,58.00819896273859,56.23476395501453,49.31399479698315,"https://sun9-32.userapi.com/s/v1/ig2/_ZZFn3Bg7xtAxhdBFghNRLramYZXleufWRWh2TVjTsMDbYX51T7ST-PIdZ3b8jMad0MtG4W_piVG3JjMefAGjrEc.jpg?quality=95&as=32x43,48x64,72x96,108x144,160x213,240x320,360x480,480x640,540x720,640x853,720x960,1080x1440,1280x1707,1440x1920,1920x2560&from=bu&cs=1920x0",,False,,synagogue,True,False,-224421397__457240578
457240577,301013678,-224421397,-224421397,1711788388,2024-03-30 09:46:28,58.008604,56.234423,58.00819896273859,56.23476395501453,49.31399479698315,"https://sun9-50.userapi.com/s/v1/ig2/8s2VyeM8TzZVew9Pi6bOU08WD6Dep7w4ZrG1SgvPEPA2Qb9asGJIRSGOVQ6az6fyBeUKMyU9aMKuiaSDcXS1sd4u.jpg?quality=95&as=32x43,48x64,72x96,108x144,160x213,240x320,360x480,480x640,540x720,640x853,720x960,1080x1440,1280x1707,1440x1920,1920x2560&from=bu&cs=1920x0",,False,,synagogue,True,False,-224421397__457240577
457240576,301013678,-224421397,-224421397,1711788386,2024-03-30 09:46:26,58.008604,56.234423,58.00819896273859,56.23476395501453,49.31399479698315,"https://sun9-78.userapi.com/s/v1/ig2/wVrPNgZe2IyQGpLmh7FXBHNbw6U1ihWO8ir3CUd3xgX5VGx3_mKrvXGhiXj3I_tpgoSrnSQwmeTkGbBUOcSgI_oN.jpg?quality=95&as=32x43,48x64,72x96,108x144,160x213,240x320,360x480,480x640,540x720,640x853,720x960,1080x1440,1280x1707,1440x1920,1920x2560&from=bu&cs=1920x0",,False,,synagogue,True,False,-224421397__457240576
457240575,301013678,-224421397,-224421397,1711788384,2024-03-30 09:46:24,58.008604,56.234423,58.00819896273859,56.23476395501453,49.31399479698315,"https://sun9-87.userapi.com/s/v1/ig2/fpupGzbK7_3Vkzcnaw98L-6PMpousSjSk2ZgJxVGPbQ9ylVSGDP1Z_zYYdzNbMHTcqYxj5ZQsldRE1Wbxva8Swpz.jpg?quality=95&as=32x43,48x64,72x96,108x144,160x213,240x320,360x480,480x640,540x720,640x853,720x960,1080x1440,1280x1707,1440x1920,1920x2560&from=bu&cs=1920x0",,False,,synagogue,True,False,-224421397__457240575
457240574,301013678,-224421397,-224421397,1711788383,2024-03-30 09:46:23,58.008604,56.234423,58.00819896273859,56.23476395501453,49.31399479698315,"https://sun9-56.userapi.com/s/v1/ig2/12l2UvsTUyinpGXkJBkf_kTa6bsWe5aq-ZGmzdLDhfswi81l7AxZIdcreA2baPU-ZhJ4F4U78Z8BYZuQ8ggVtofi.jpg?quality=95&as=32x43,48x64,72x96,108x144,160x213,240x320,360x480,480x640,540x720,640x853,720x960,1080x1440,1280x1707,1440x1920,1920x2560&from=bu&cs=1920x0",,False,,synagogue,True,False,-224421397__457240574
457240573,301013678,-224421397,-224421397,1711788381,2024-03-30 09:46:21,58.008604,56.234423,58.00819896273859,56.23476395501453,49.31399479698315,"https://sun9-82.userapi.com/s/v1/ig2/EjCJLWEaAGE-Yp5ZseZlnCE2X807HU3DZvehmYGOUm22lkMr3tP5UENBUPxqZ_gES8a_5E3YpEXyMvRz4m4dsDBy.jpg?quality=95&as=32x43,48x64,72x96,108x144,160x213,240x320,360x480,480x640,540x720,640x853,720x960,1080x1440,1280x1707,1440x1920,1920x2560&from=bu&cs=1920x0",,False,,synagogue,True,False,-224421397__457240573
457240572,301013678,-224421397,-224421397,1711788379,2024-03-30 09:46:19,58.008604,56.234423,58.00819896273859,56.23476395501453,49.31399479698315,"https://sun9-34.userapi.com/s/v1/ig2/QPGSCQWuOrxi53mgVy1kIxZpkwoLl6N6vPcYlUVme0fys35Mc-w4utxAMswIz4rMSkK8zoTvcbS688D1PxP71owx.jpg?quality=95&as=32x43,48x64,72x96,108x144,160x213,240x320,360x480,480x640,540x720,640x853,720x960,1080x1440,1280x1707,1440x1920,1920x2560&from=bu&cs=1920x0",,False,,synagogue,True,False,-224421397__457240572
457240571,301013678,-224421397,-224421397,1711788378,2024-03-30 09:46:18,58.008604,56.234423,58.00819896273859,56.23476395501453,49.31399479698315,"https://sun9-59.userapi.com/s/v1/ig2/wCgEpGjmdeMcm9T9VbsjBF4LzWVZZ0yYCM3dst37_Vs8FW1-LlbobtFMJP9LCsgVLGB2UEhoTj8DTx60MxxpesTJ.jpg?quality=95&as=32x43,48x64,72x96,108x144,160x213,240x320,360x480,480x640,540x720,640x853,720x960,1080x1440,1280x1707,1440x1920,1920x2560&from=bu&cs=1920x0",,False,,synagogue,True,False,-224421397__457240571
457240570,301013678,-224421397,-224421397,1711788377,2024-03-30 09:46:17,58.008604,56.234423,58.00819896273859,56.23476395501453,49.31399479698315,"https://sun9-61.userapi.com/s/v1/ig2/yzMEclbFw9Y5Ah5NHrdg0OaLzNtyr9uBlHaL1xbPQ9w5p7Yadjoqd7T4s-iYXgU4ZEtj1UCoisIXHcivgCBMQx7u.jpg?quality=95&as=32x43,48x64,72x96,108x144,160x213,240x320,360x480,480x640,540x720,640x853,720x960,1080x1440,1280x1707,1440x1920,1920x2560&from=bu&cs=1920x0",,False,,synagogue,True,False,-224421397__457240570
457240569,301013678,-224421397,-224421397,1711788376,2024-03-30 09:46:16,58.008604,56.234423,58.00819896273859,56.23476395501453,49.31399479698315,"https://sun9-27.userapi.com/s/v1/ig2/u0rS3pdWL_v8AYXo5mLRYhsckeev3AGgM9czIdgo1sYmUTh-CbqX9dDVYxK4MhvCAm17GcB5c82rpMlPMKO18VSa.jpg?quality=95&as=32x43,48x64,72x96,108x144,160x213,240x320,360x480,480x640,540x720,640x853,720x960,1080x1440,1280x1707,1440x1920,1920x2560&from=bu&cs=1920x0",,False,,synagogue,True,False,-224421397__457240569
457240568,301013678,-224421397,-224421397,1711788374,2024-03-30 09:46:14,58.008604,56.234423,58.00819896273859,56.23476395501453,49.31399479698315,"https://sun9-7.userapi.com/s/v1/ig2/x2TInwce92gEkSkfDZzF2jJNr-5ac8Ycc4-Cn7cEIOcZQyDJ90CZP_xyI4bFAGdzhve0iBZW2HFPhGhNu8x6kB_n.jpg?quality=95&as=32x43,48x64,72x96,108x144,160x213,240x320,360x480,480x640,540x720,640x853,720x960,1080x1440,1280x1707,1440x1920,1920x2560&from=bu&cs=1920x0",,False,,synagogue,True,False,-224421397__457240568
457240567,301013678,-224421397,-224421397,1711788373,2024-03-30 09:46:13,58.008604,56.234423,58.00819896273859,56.23476395501453,49.31399479698315,"https://sun9-20.userapi.com/s/v1/ig2/1GFxn2nZhpaicrs2wqvd_-ZUKanC6aLYckTWj77TfLB-TOyKW69ng6pbxNhgEcd_OAnVh3_IssvH0I4WoZGbBBar.jpg?quality=95&as=32x43,48x64,72x96,108x144,160x213,240x320,360x480,480x640,540x720,640x853,720x960,1080x1440,1280x1707,1440x1920,1920x2560&from=bu&cs=1920x0",,False,,synagogue,True,False,-224421397__457240567
457240566,301013678,-224421397,-224421397,1711788371,2024-03-30 09:46:11,58.008604,56.234423,58.00819896273859,56.23476395501453,49.31399479698315,"https://sun9-58.userapi.com/s/v1/ig2/3vgofsu_Av3Ui-fh_uwV6BvIWcc_dO47Tl6KLV55fjgFUIdT0gOGuuRLB42E7AiJAk8rqAHaIYJVVM5aSt3hLmb3.jpg?quality=95&as=32x43,48x64,72x96,108x144,160x213,240x320,360x480,480x640,540x720,640x853,720x960,1080x1440,1280x1707,1440x1920,1920x2560&from=bu&cs=1920x0",,False,,synagogue,True,False,-224421397__457240566
457240565,301013678,-224421397,-224421397,1711788370,2024-03-30 09:46:10,58.008604,56.234423,58.00819896273859,56.23476395501453,49.31399479698315,"https://sun9-19.userapi.com/s/v1/ig2/0BExhxsX0_9Upef_Z676Utd5yfQZ3wiJB9cFTvlEdp6fV9Hr-eer_uzM0AcuvdEXHIcwr5PoJSC7Yx5X64M96OMw.jpg?quality=95&as=32x43,48x64,72x96,108x144,160x213,240x320,360x480,480x640,540x720,640x853,720x960,1080x1440,1280x1707,1440x1920,1920x2560&from=bu&cs=1920x0",,False,,synagogue,True,False,-224421397__457240565
457240564,301013678,-224421397,-224421397,1711788368,2024-03-30 09:46:08,58.008604,56.234423,58.00819896273859,56.23476395501453,49.31399479698315,"https://sun9-59.userapi.com/s/v1/ig2/-FA-vP6xxPG1GISH3tErcy4yAiCR2cHcGzd6D3m09GJIs0EzJnMnOozW2ToJ0neBGhGLLdRPysGHBoOxTqfZXVO7.jpg?quality=95&as=32x43,48x64,72x96,108x144,160x213,240x320,360x480,480x640,540x720,640x853,720x960,1080x1440,1280x1707,1440x1920,1920x2560&from=bu&cs=1920x0",,False,,synagogue,True,False,-224421397__457240564
457240563,301013678,-224421397,-224421397,1711788367,2024-03-30 09:46:07,58.008604,56.234423,58.00819896273859,56.23476395501453,49.31399479698315,"https://sun9-80.userapi.com/s/v1/ig2/WW_47en3pE7rRvJzrnIcYGH-8BgpK034Tf2TYHFKHn8RmlsRq3LtZLoh0T0USRPVQuDrzc2mZuK_6W_QC3OMY-UM.jpg?quality=95&as=32x43,48x64,72x96,108x144,160x213,240x320,360x480,480x640,540x720,640x853,720x960,1080x1440,1280x1707,1440x1920,1920x2560&from=bu&cs=1920x0",,False,,synagogue,True,False,-224421397__457240563
457240562,301013678,-224421397,-224421397,1711788365,2024-03-30 09:46:05,58.008604,56.234423,58.00819896273859,56.23476395501453,49.31399479698315,"https://sun9-43.userapi.com/s/v1/ig2/qqhaARbJgt8JQ18ZZWS6CvU9EX6ESTyuINiSPtdVgd5LwqHt4KT2R6xNGgnFRuja_VQfUW2Wo0I8iOYQrnppwIyt.jpg?quality=95&as=32x43,48x64,72x96,108x144,160x213,240x320,360x480,480x640,540x720,640x853,720x960,1080x1440,1280x1707,1440x1920,1920x2560&from=bu&cs=1920x0",,False,,synagogue,True,False,-224421397__457240562
457240561,301013678,-224421397,-224421397,1711788363,2024-03-30 09:46:03,58.008604,56.234423,58.00819896273859,56.23476395501453,49.31399479698315,"https://sun9-70.userapi.com/s/v1/ig2/hnIwzWTwzIjN9Ng0gsAKwkdUiwnzQnOlcfeJnXyb1LDaR-RCWZi3oIhRMpFC4dcUwO3qyVXVI9HmE0sHAtQDlxQP.jpg?quality=95&as=32x43,48x64,72x96,108x144,160x213,240x320,360x480,480x640,540x720,640x853,720x960,1080x1440,1280x1707,1440x1920,1920x2560&from=bu&cs=1920x0",,False,,synagogue,True,False,-224421397__457240561
457240560,301013678,-224421397,-224421397,1711788362,2024-03-30 09:46:02,58.008604,56.234423,58.00819896273859,56.23476395501453,49.31399479698315,"https://sun9-71.userapi.com/s/v1/ig2/MX0jjK9RcH55IgS75lrZGF8Y1b5bLId5U_3-GjUXhFUz3uEYzq-qm7sWnDoX9tJ8VtcO84yRp_4Kd60DHxSjacRy.jpg?quality=95&as=32x43,48x64,72x96,108x144,160x213,240x320,360x480,480x640,540x720,640x853,720x960,1080x1440,1280x1707,1440x1920,1920x2560&from=bu&cs=1920x0",,False,,synagogue,True,False,-224421397__457240560
457240559,301013678,-224421397,-224421397,1711788360,2024-03-30 09:46:00,58.008604,56.234423,58.00819896273859,56.23476395501453,49.31399479698315,"https://sun9-71.userapi.com/s/v1/ig2/xpFVjGG_417-CR0QUM0Gs6tsICgL1S2ekJVbXzzmCu1c8rLD5fThL1-387ubwedVR8ccFQHLWy_JfWRjm5EQ2c9U.jpg?quality=95&as=32x43,48x64,72x96,108x144,160x213,240x320,360x480,480x640,540x720,640x853,720x960,1080x1440,1280x1707,1440x1920,1920x2560&from=bu&cs=1920x0",,False,,synagogue,True,False,-224421397__457240559
457240558,301013678,-224421397,-224421397,1711788358,2024-03-30 09:45:58,58.008604,56.234423,58.00819896273859,56.23476395501453,49.31399479698315,"https://sun9-79.userapi.com/s/v1/ig2/vRdDGdYi99sVPYKSmdt80aOokg1AhPvUMbVZRHSEW6xMsB5sbzPtgT6zj5IqiK475SZ4W8Ffl74oQzEVvfzdtA6Y.jpg?quality=95&as=32x43,48x64,72x96,108x144,160x213,240x320,360x480,480x640,540x720,640x853,720x960,1080x1440,1280x1707,1440x1920,1920x2560&from=bu&cs=1920x0",,False,,synagogue,True,False,-224421397__457240558
457240557,301013678,-224421397,-224421397,1711788357,2024-03-30 09:45:57,58.008604,56.234423,58.00819896273859,56.23476395501453,49.31399479698315,"https://sun9-78.userapi.com/s/v1/ig2/BB7s9CZfAAxH3ZcG-sPhUuvnbAJLk503kcMfW2Cw_762JlMBc02L3OalpDfoB3iTdmcPpJpZn1gbCbYqTjq9n_y0.jpg?quality=95&as=32x43,48x64,72x96,108x144,160x213,240x320,360x480,480x640,540x720,640x853,720x960,1080x1440,1280x1707,1440x1920,1920x2560&from=bu&cs=1920x0",,False,,synagogue,True,False,-224421397__457240557
457240556,301013678,-224421397,-224421397,1711788355,2024-03-30 09:45:55,58.008604,56.234423,58.00819896273859,56.23476395501453,49.31399479698315,"https://sun9-79.userapi.com/s/v1/ig2/hxCgvZiQ-bfKVABLRcoqriC-FgG5cVnrCjg2gnFlxBMUXlQIlBzWJsRwP5VCcQPfcIq5YKPqO5dU3Zaf_ru9ID6i.jpg?quality=95&as=32x43,48x64,72x96,108x144,160x213,240x320,360x480,480x640,540x720,640x853,720x960,1080x1440,1280x1707,1440x1920,1920x2560&from=bu&cs=1920x0",,False,,synagogue,True,False,-224421397__457240556
457240555,301013678,-224421397,-224421397,1711788353,2024-03-30 09:45:53,58.008604,56.234423,58.00819896273859,56.23476395501453,49.31399479698315,"https://sun9-85.userapi.com/s/v1/ig2/e5zWJwk8Aa-bgmmSLsHXhEGfOm86Gc5nlbOcp2pTeDb30p9O9KoMq-FwfzzQz6Kiitpol0mKbahMXRzfeHVO1idj.jpg?quality=95&as=32x43,48x64,72x96,108x144,160x213,240x320,360x480,480x640,540x720,640x853,720x960,1080x1440,1280x1707,1440x1920,1920x2560&from=bu&cs=1920x0",,False,,synagogue,True,False,-224421397__457240555
457240554,301013678,-224421397,-224421397,1711788352,2024-03-30 09:45:52,58.008604,56.234423,58.00819896273859,56.23476395501453,49.31399479698315,"https://sun9-12.userapi.com/s/v1/ig2/wR8miQRB93NrVdOT8bPF29Z8lBlHKqC_NZet9zseJiCxfUFGQsFrTZIw3dHihnj9VIouu7A4PRgKpVHNG1FKZ1iD.jpg?quality=95&as=32x43,48x64,72x96,108x144,160x213,240x320,360x480,480x640,540x720,640x853,720x960,1080x1440,1280x1707,1440x1920,1920x2560&from=bu&cs=1920x0",,False,,synagogue,True,False,-224421397__457240554
457240553,301013678,-224421397,-224421397,1711788350,2024-03-30 09:45:50,58.008604,56.234423,58.00819896273859,56.23476395501453,49.31399479698315,"https://sun9-1.userapi.com/s/v1/ig2/gbllcgJhaSrk8onatevxag8eD_kVmnSrccjNjw8OR1dHLWB96wxmkBMaw6V6bF1MYa-MjWpfY1W3ubkwsRhXYKDz.jpg?quality=95&as=32x43,48x64,72x96,108x144,160x213,240x320,360x480,480x640,540x720,640x853,720x960,1080x1440,1280x1707,1440x1920,1920x2560&from=bu&cs=1920x0",,False,,synagogue,True,False,-224421397__457240553
457240552,301013678,-224421397,-224421397,1711788348,2024-03-30 09:45:48,58.008604,56.234423,58.00819896273859,56.23476395501453,49.31399479698315,"https://sun9-3.userapi.com/s/v1/ig2/OeUvHOtmzT-Oep_Spy291ddiqFNs0jmj4pQXDEENdIKfn64UbdDRU17DIr7Fxyz6gBciAIK8TVA39YxmJRhf5oID.jpg?quality=95&as=32x43,48x64,72x96,108x144,160x213,240x320,360x480,480x640,540x720,640x853,720x960,1080x1440,1280x1707,1440x1920,1920x2560&from=bu&cs=1920x0",,False,,synagogue,True,False,-224421397__457240552
457240551,301013678,-224421397,-224421397,1711788347,2024-03-30 09:45:47,58.008604,56.234423,58.00819896273859,56.23476395501453,49.31399479698315,"https://sun9-84.userapi.com/s/v1/ig2/q7NG6B8qDYWNTvTJAZNFd4JQlgxOOW54SmcfTGKx__wheaM2_ku720hy-MypwW9G0K99dG08lPcA_7Sg4OCmm64v.jpg?quality=95&as=32x43,48x64,72x96,108x144,160x213,240x320,360x480,480x640,540x720,640x853,720x960,1080x1440,1280x1707,1440x1920,1920x2560&from=bu&cs=1920x0",,False,,synagogue,True,False,-224421397__457240551
457240550,301013678,-224421397,-224421397,1711788345,2024-03-30 09:45:45,58.008604,56.234423,58.00819896273859,56.23476395501453,49.31399479698315,"https://sun9-32.userapi.com/s/v1/ig2/aI2tI1N5p_vSFdjL93Rt4DvFRXo9QNnEi-_GEd1Qe-_XfwFITO_NRlRD9CEbPPagbU6AsSXLz27AJOpiJ7UaLMdp.jpg?quality=95&as=32x43,48x64,72x96,108x144,160x213,240x320,360x480,480x640,540x720,640x853,720x960,1080x1440,1280x1707,1440x1920,1920x2560&from=bu&cs=1920x0",,False,,synagogue,True,False,-224421397__457240550
457240549,301013678,-224421397,-224421397,1711788344,2024-03-30 09:45:44,58.008604,56.234423,58.00819896273859,56.23476395501453,49.31399479698315,"https://sun9-41.userapi.com/s/v1/ig2/roxPWo_SMg6o1OVGUGsK1nBKzTUhlLyNrSOuRfEIuM4hqpjTxquKPof8Ppt14ZZPOsgh60vWPpudAHO-Xy4K6J-2.jpg?quality=95&as=32x43,48x64,72x96,108x144,160x213,240x320,360x480,480x640,540x720,640x853,720x960,1080x1440,1280x1707,1440x1920,1920x2560&from=bu&cs=1920x0",,False,,synagogue,True,False,-224421397__457240549
457240548,301013678,-224421397,-224421397,1711788342,2024-03-30 09:45:42,58.008604,56.234423,58.00819896273859,56.23476395501453,49.31399479698315,"https://sun9-36.userapi.com/s/v1/ig2/SGkOO0VotsNVMVod_hKh5yW-vqE4ysFdbas_pnauPrBZ5WN5H6fH1xtIvtn4XiXDUfHTLVhovbwbtuw5QeBu57dP.jpg?quality=95&as=32x43,48x64,72x96,108x144,160x213,240x320,360x480,480x640,540x720,640x853,720x960,1080x1440,1280x1707,1440x1920,1920x2560&from=bu&cs=1920x0",,False,,synagogue,True,False,-224421397__457240548
457240547,301013678,-224421397,-224421397,1711788340,2024-03-30 09:45:40,58.008604,56.234423,58.00819896273859,56.23476395501453,49.31399479698315,"https://sun9-12.userapi.com/s/v1/ig2/MfEpE7jM_daw1rWyJdvYf9EUwwb8p-W6dZ7x9GogcimbEwRt56GzZqon-57k5YwjnTa0Y_gNx_dU4JztRP78fxQI.jpg?quality=95&as=32x43,48x64,72x96,108x144,160x213,240x320,360x480,480x640,540x720,640x853,720x960,1080x1440,1280x1707,1440x1920,1920x2560&from=bu&cs=1920x0",,False,,synagogue,True,False,-224421397__457240547
457240546,301013678,-224421397,-224421397,1711788339,2024-03-30 09:45:39,58.008604,56.234423,58.00819896273859,56.23476395501453,49.31399479698315,"https://sun9-59.userapi.com/s/v1/ig2/hmByh-KaYURGucHGmfA-CzMaQmxuKw6dXV917lUspq4Gk2R30_QTcFuJIg8bEsbMIL9tcuUU21ZTkFh5_rcCrVr-.jpg?quality=95&as=32x43,48x64,72x96,108x144,160x213,240x320,360x480,480x640,540x720,640x853,720x960,1080x1440,1280x1707,1440x1920,1920x2560&from=bu&cs=1920x0",,False,,synagogue,True,False,-224421397__457240546
457240545,301013678,-224421397,-224421397,1711788337,2024-03-30 09:45:37,58.008604,56.234423,58.00819896273859,56.23476395501453,49.31399479698315,"https://sun9-18.userapi.com/s/v1/ig2/bb5Wn4vRMXkel8wDpNnAJAgBnm8r_bquRdPiUVbzshLh2-kHk8X0m3QNno5kJvETtWL4MIbJ33ukI3UTMBNKVBjP.jpg?quality=95&as=32x43,48x64,72x96,108x144,160x213,240x320,360x480,480x640,540x720,640x853,720x960,1080x1440,1280x1707,1440x1920,1920x2560&from=bu&cs=1920x0",,False,,synagogue,True,False,-224421397__457240545
457240544,301013678,-224421397,-224421397,1711788335,2024-03-30 09:45:35,58.008604,56.234423,58.00819896273859,56.23476395501453,49.31399479698315,"https://sun9-78.userapi.com/s/v1/ig2/oFha0U8wcroDiXC0j1-Sj8cBM4ObR-szBhxSf2PhntQCcAV6kcL6tSPkGeRlYp9FI6CEkq_OwAPfjDJfNeRxO9sZ.jpg?quality=95&as=32x43,48x64,72x96,108x144,160x213,240x320,360x480,480x640,540x720,640x853,720x960,1080x1440,1280x1707,1440x1920,1920x2560&from=bu&cs=1920x0",,False,,synagogue,True,False,-224421397__457240544
457240543,301013678,-224421397,-224421397,1711788334,2024-03-30 09:45:34,58.008604,56.234423,58.00819896273859,56.23476395501453,49.31399479698315,"https://sun9-10.userapi.com/s/v1/ig2/uPhIZ0b-paW46lXbC1y_6OLgXHpEc0o9jygjfwf9K635YuLSnClBnhyIVkjF1GTC8Z2-IBgVu4uA5-IKw1yHzw8n.jpg?quality=95&as=32x43,48x64,72x96,108x144,160x213,240x320,360x480,480x640,540x720,640x853,720x960,1080x1440,1280x1707,1440x1920,1920x2560&from=bu&cs=1920x0",,False,,synagogue,True,False,-224421397__457240543
457240542,301013678,-224421397,-224421397,1711788332,2024-03-30 09:45:32,58.008604,56.234423,58.00819896273859,56.23476395501453,49.31399479698315,"https://sun9-85.userapi.com/s/v1/ig2/olirqvk-RVxp8_G22naou8yXuTC3469vpWgHRLmysD8JGXeurlmekNSC6vbtp-8-945IAALqa6jhQaFDQsZoq5g1.jpg?quality=95&as=32x43,48x64,72x96,108x144,160x213,240x320,360x480,480x640,540x720,640x853,720x960,1080x1440,1280x1707,1440x1920,1920x2560&from=bu&cs=1920x0",,False,,synagogue,True,False,-224421397__457240542
457240541,301013678,-224421397,-224421397,1711788331,2024-03-30 09:45:31,58.008604,56.234423,58.00819896273859,56.23476395501453,49.31399479698315,"https://sun9-69.userapi.com/s/v1/ig2/zqV-HPmRn8CzNMqk6kf7bCD20ZJrLwJWoKiitzCI-NQB5oW4DR5tE84dgHMKoJJ33bMUfjOEvuAZI0Ju-9MoOkNA.jpg?quality=95&as=32x43,48x64,72x96,108x144,160x213,240x320,360x480,480x640,540x720,640x853,720x960,1080x1440,1280x1707,1440x1920,1920x2560&from=bu&cs=1920x0",,False,,synagogue,True,False,-224421397__457240541
457240540,301013678,-224421397,-224421397,1711788329,2024-03-30 09:45:29,58.008604,56.234423,58.00819896273859,56.23476395501453,49.31399479698315,"https://sun9-88.userapi.com/s/v1/ig2/A9JKvSnj4iyfwm3DnqSgN4xMfiJ0tlIVrwl6rxStaDJ50LhVZ0BJaFNhvlwKum3LeFcyHlw7InPNUppo1n-ZWBuf.jpg?quality=95&as=32x43,48x64,72x96,108x144,160x213,240x320,360x480,480x640,540x720,640x853,720x960,1080x1440,1280x1707,1440x1920,1920x2560&from=bu&cs=1920x0",,False,,synagogue,True,False,-224421397__457240540
457240539,301013678,-224421397,-224421397,1711788327,2024-03-30 09:45:27,58.008604,56.234423,58.00819896273859,56.23476395501453,49.31399479698315,"https://sun9-34.userapi.com/s/v1/ig2/0yAh024bpu-z6w7UbnaIWe-zRsRbHPxbGmDoFfj7b5lULpaj_Hgn72TpbIJHnUPmKOH6HSiIAIGIeYb-48kba1iD.jpg?quality=95&as=32x43,48x64,72x96,108x144,160x213,240x320,360x480,480x640,540x720,640x853,720x960,1080x1440,1280x1707,1440x1920,1920x2560&from=bu&cs=1920x0",,False,,synagogue,True,False,-224421397__457240539
457240538,301013678,-224421397,-224421397,1711788324,2024-03-30 09:45:24,58.008604,56.234423,58.00819896273859,56.23476395501453,49.31399479698315,"https://sun9-69.userapi.com/s/v1/ig2/k7yb46xeaAy37j07nR7yveQNkJ0nxosSCgb8JSt6-rbErXsH2ylcXdKX3mIu1R-4sHw3XXM_5IWLShWlH14Lpov_.jpg?quality=95&as=32x43,48x64,72x96,108x144,160x213,240x320,360x480,480x640,540x720,640x853,720x960,1080x1440,1280x1707,1440x1920,1920x2560&from=bu&cs=1920x0",,False,,synagogue,True,False,-224421397__457240538
457240537,301013678,-224421397,-224421397,1711788322,2024-03-30 09:45:22,58.008604,56.234423,58.00819896273859,56.23476395501453,49.31399479698315,"https://sun9-78.userapi.com/s/v1/ig2/YCxtO2lM3KIThrQo0iuYntWWTptZzsPM7U2cOtBNigZuE7L3e_TDM-kD5ABbUff5P25NM69TiKKazGe8xaERCcq3.jpg?quality=95&as=32x43,48x64,72x96,108x144,160x213,240x320,360x480,480x640,540x720,640x853,720x960,1080x1440,1280x1707,1440x1920,1920x2560&from=bu&cs=1920x0",,False,,synagogue,True,False,-224421397__457240537
457240536,301013678,-224421397,-224421397,1711788320,2024-03-30 09:45:20,58.008604,56.234423,58.00819896273859,56.23476395501453,49.31399479698315,"https://sun9-18.userapi.com/s/v1/ig2/cfVvOfG_9z39hWQeyWczUNo5HtS1spTCmBcQ0TfGNHSZC1qIPPE-GNEZNYm7sWC6oPbfb8i4QwvVYRQ_KokTit1E.jpg?quality=95&as=32x43,48x64,72x96,108x144,160x213,240x320,360x480,480x640,540x720,640x853,720x960,1080x1440,1280x1707,1440x1920,1920x2560&from=bu&cs=1920x0",,False,,synagogue,True,False,-224421397__457240536
457240535,301013678,-224421397,-224421397,1711788318,2024-03-30 09:45:18,58.008604,56.234423,58.00819896273859,56.23476395501453,49.31399479698315,"https://sun9-86.userapi.com/s/v1/ig2/8FXCP4sorJHSmTczHUUfD-z6wh_8spqxXWF9-08okUS-INt-CRwu-tWPwYgr_QSMJ7Sgdyl0M9F26qPGezen4kJS.jpg?quality=95&as=32x43,48x64,72x96,108x144,160x213,240x320,360x480,480x640,540x720,640x853,720x960,1080x1440,1280x1707,1440x1920,1920x2560&from=bu&cs=1920x0",,False,,synagogue,True,False,-224421397__457240535
457240534,301013678,-224421397,-224421397,1711788317,2024-03-30 09:45:17,58.008604,56.234423,58.00819896273859,56.23476395501453,49.31399479698315,"https://sun9-60.userapi.com/s/v1/ig2/jZynzJBkZLR1xxt_di77ODcR784EvPYpLiWYUoMud3Fsy2LqN6SsBS5fnRDE4OYD3uq9bJEfV_rGUvFDq67P7wQE.jpg?quality=95&as=32x57,48x85,72x128,108x192,160x284,240x427,360x640,480x853,540x960,640x1138,720x1280,1080x1920,1280x2276,1440x2560&from=bu&cs=1440x0",,False,,synagogue,True,False,-224421397__457240534
457240533,301013678,-224421397,-224421397,1711788063,2024-03-30 09:41:03,58.008604,56.234423,58.00819896273859,56.23476395501453,49.31399479698315,"https://sun9-32.userapi.com/s/v1/ig2/fbPmZaCVJluNIgeiHcKInfC2Vk9nGM8C3vXwgrMaUZXG9BM7t2ixrPEz3UoGMdiHw_oYTvikXhA4tW9Bja1MPajW.jpg?quality=95&as=32x43,48x64,72x96,108x144,160x213,240x320,360x480,480x640,540x720,640x853,720x960,1080x1440,1280x1707,1440x1920,1920x2560&from=bu&cs=1920x0",,False,,synagogue,True,False,-224421397__457240533
457240532,301013678,-224421397,-224421397,1711788058,2024-03-30 09:40:58,58.008604,56.234423,58.00819896273859,56.23476395501453,49.31399479698315,"https://sun9-87.userapi.com/s/v1/ig2/vmBNVwrKlH7pEk-fAnhW2RTFU7iPyN6le5qw-rYsd2D9AWnZCmhR-FRsHlmcgJRIuc2IL31tvfF2k7pBtoSG35Dr.jpg?quality=95&as=32x43,48x64,72x96,108x144,160x213,240x320,360x480,480x640,540x720,640x853,720x960,1080x1440,1280x1707,1440x1920,1920x2560&from=bu&cs=1920x0",,False,,synagogue,True,False,-224421397__457240532
457240531,301013678,-224421397,-224421397,1711788053,2024-03-30 09:40:53,58.008604,56.234423,58.00819896273859,56.23476395501453,49.31399479698315,"https://sun9-84.userapi.com/s/v1/ig2/X5qYU4nKQA2qtrSgDxcxcWX-t5OkMGW1wowiQtF8VbXndpz1HZWiug9JLzjI-gsecLye_MIaC3lcFaOWAwuElptn.jpg?quality=95&as=32x43,48x64,72x96,108x144,160x213,240x320,360x480,480x640,540x720,640x853,720x960,1080x1440,1280x1707,1440x1920,1920x2560&from=bu&cs=1920x0",,False,,synagogue,True,False,-224421397__457240531
457240530,301013678,-224421397,-224421397,1711788048,2024-03-30 09:40:48,58.008604,56.234423,58.00819896273859,56.23476395501453,49.31399479698315,"https://sun9-8.userapi.com/s/v1/ig2/bA591-8wfqIPxnTgxE4dSzUmXw3aNo6tZDUmS13BAvTjzJ-x2mL6GM85Al6xof4r2qAT3Dlqsbgg0Kz2hZJoTqKL.jpg?quality=95&as=32x43,48x64,72x96,108x144,160x213,240x320,360x480,480x640,540x720,640x853,720x960,1080x1440,1280x1707,1440x1920,1920x2560&from=bu&cs=1920x0",,False,,synagogue,True,False,-224421397__457240530
457240529,301013678,-224421397,-224421397,1711788041,2024-03-30 09:40:41,58.008604,56.234423,58.00819896273859,56.23476395501453,49.31399479698315,"https://sun9-81.userapi.com/s/v1/ig2/W3tUzu38sYTYMy4btjiYO99nMmS1968bGvuExIzv3K1qPy7jnRaW9Ah--ov-8pe_iVedTr0Q9d4bJDzprftsUo1J.jpg?quality=95&as=32x43,48x64,72x96,108x144,160x213,240x320,360x480,480x640,540x720,640x853,720x960,1080x1440,1280x1707,1440x1920,1920x2560&from=bu&cs=1920x0",,False,,synagogue,True,False,-224421397__457240529
457240528,301013678,-224421397,-224421397,1711788037,2024-03-30 09:40:37,58.008604,56.234423,58.00819896273859,56.23476395501453,49.31399479698315,"https://sun9-38.userapi.com/s/v1/ig2/CUxFLc-wpNf8YVFSg3_7Lt8Msohq_w4gEE5iW6tP85tKf_vraGv0eKL376Shdu4d21Bd8DC75pJ8UoYAPOtjafpI.jpg?quality=95&as=32x43,48x64,72x96,108x144,160x213,240x320,360x480,480x640,540x720,640x853,720x960,1080x1440,1280x1707,1440x1920,1920x2560&from=bu&cs=1920x0",,False,,synagogue,True,False,-224421397__457240528
457240527,301013678,-224421397,-224421397,1711788035,2024-03-30 09:40:35,58.008604,56.234423,58.00819896273859,56.23476395501453,49.31399479698315,"https://sun9-42.userapi.com/s/v1/ig2/4q1XkXVT5YbO9LyHox_Vd6KGQk3n1ZI8P9HbDjkQkhNxW8QIddBkFvTgF32UgwH3b5U9T6hJrVwBzcwjWQhSqSBk.jpg?quality=95&as=32x43,48x64,72x96,108x144,160x213,240x320,360x480,480x640,540x720,640x853,720x960,1080x1440,1280x1707,1440x1920,1920x2560&from=bu&cs=1920x0",,False,,synagogue,True,False,-224421397__457240527
457240526,301013678,-224421397,-224421397,1711788034,2024-03-30 09:40:34,58.008604,56.234423,58.00819896273859,56.23476395501453,49.31399479698315,"https://sun9-25.userapi.com/s/v1/ig2/PkZL3OT0XvddQarSq6ZD-GO9Z65kFT8SGnMf-iyiwVgzYaGqYMQYMXrrnw7XRoMv6a7B4XfUBPJOMe8tjANeMZQQ.jpg?quality=95&as=32x43,48x64,72x96,108x144,160x213,240x320,360x480,480x640,540x720,640x853,720x960,1080x1440,1280x1707,1440x1920,1920x2560&from=bu&cs=1920x0",,False,,synagogue,True,False,-224421397__457240526
457240525,301013678,-224421397,-224421397,1711788032,2024-03-30 09:40:32,58.008604,56.234423,58.00819896273859,56.23476395501453,49.31399479698315,"https://sun9-54.userapi.com/s/v1/ig2/KaGh7sVuE25d18nPzpEB2ZikVXGD4XuDlmb0AetEl8ba78nL_lsnRB0iqgPMcJ3KT43U-ToU-eUdT7Mo5sJ-4oKq.jpg?quality=95&as=32x43,48x64,72x96,108x144,160x213,240x320,360x480,480x640,540x720,640x853,720x960,1080x1440,1280x1707,1440x1920,1920x2560&from=bu&cs=1920x0",,False,,synagogue,True,False,-224421397__457240525
457240524,301013678,-224421397,-224421397,1711788029,2024-03-30 09:40:29,58.008604,56.234423,58.00819896273859,56.23476395501453,49.31399479698315,"https://sun9-87.userapi.com/s/v1/ig2/vuIB6_dsjLrwFqBgKocr4SlLG5Q3qR0l9YS0w4SwwIKLWMpZnkIrJivfrh5uMFg6qQs2hz5jzpK3yhJwKhYZ_zTr.jpg?quality=95&as=32x43,48x64,72x96,108x144,160x213,240x320,360x480,480x640,540x720,640x853,720x960,1080x1440,1280x1707,1440x1920,1920x2560&from=bu&cs=1920x0",,False,,synagogue,True,False,-224421397__457240524
457240523,301013678,-224421397,-224421397,1711788025,2024-03-30 09:40:25,58.008604,56.234423,58.00819896273859,56.23476395501453,49.31399479698315,"https://sun9-54.userapi.com/s/v1/ig2/LfjYAgfer1f_gsCOV8Q8L6Ofu3skHF0Zz7QmQUwolecYv6I3sOPUnIbbhSyoDFukYkGBXntVp9i6A5SwwmCyR3L5.jpg?quality=95&as=32x43,48x64,72x96,108x144,160x213,240x320,360x480,480x640,540x720,640x853,720x960,1080x1440,1280x1707,1440x1920,1920x2560&from=bu&cs=1920x0",,False,,synagogue,True,False,-224421397__457240523
457240522,301013678,-224421397,-224421397,1711788023,2024-03-30 09:40:23,58.008604,56.234423,58.00819896273859,56.23476395501453,49.31399479698315,"https://sun9-88.userapi.com/s/v1/ig2/Xj27MBg25fEEPOS5IQIaOaPHYDjfoUC6nzEyjDQjSDdoOJxVTN7eO0tQHEy3TzbUOQ4i4bQtwNqarutsk84WPzl3.jpg?quality=95&as=32x43,48x64,72x96,108x144,160x213,240x320,360x480,480x640,540x720,640x853,720x960,1080x1440,1280x1707,1440x1920,1920x2560&from=bu&cs=1920x0",,False,,synagogue,True,False,-224421397__457240522
457240521,301013678,-224421397,-224421397,1711788021,2024-03-30 09:40:21,58.008604,56.234423,58.00819896273859,56.23476395501453,49.31399479698315,"https://sun9-64.userapi.com/s/v1/if2/Rjl8NemchSJb8Bl9nsWvIb9mHcR1gHkT5gB7wCkM3zhPDfBRN1rA8Xf9fgCWacDT_czJ5Tur30FiyYJiO0mSd99v.jpg?quality=95&as=32x24,48x36,72x54,108x81,160x120,240x180,360x270,480x360,540x405,640x480,720x540,1080x810,1280x960,1440x1080,2560x1920&from=bu&cs=2560x0",,False,,synagogue,True,False,-224421397__457240521
457244783,-7,-194619161,-194619161,1713249536,2024-04-16 08:38:56,58.007715,56.234914,58.00819896273859,56.23476395501453,54.535328999557485,"https://sun9-55.userapi.com/s/v1/ig2/F54EZxvOsMLiVIM8Eu9mXsyB6wbevGK7M8dVCGcF0eeBRJ28DwqFx5cU1ff6J5nJrv0Bvea0XvWmJiZjEwOesOM_.jpg?quality=95&as=32x43,48x64,72x96,108x144,160x213,240x320,360x480,480x640,540x720,640x853,720x960,1080x1440,1280x1707,1440x1920,1920x2560&from=bu&cs=1920x0",,False,,synagogue,True,False,-194619161__457244783
457244788,-7,-194619161,-194619161,1713249536,2024-04-16 08:38:56,58.007611,56.235906,58.00819896273859,56.23476395501453,93.8128984346702,"https://sun9-56.userapi.com/s/v1/ig2/kChRdzX7et_iDPd3ZfSe-6DZS98rajx8y0l_YII0FiIbe3yQB8Ht9VHfXOqiS8ylUrY3EP5tQDv_fr706fZDyhxS.jpg?quality=95&as=32x43,48x64,72x96,108x144,160x213,240x320,360x480,480x640,540x720,640x853,720x960,1080x1440,1280x1707,1440x1920,1920x2560&from=bu&cs=1920x0",,False,,synagogue,True,False,-194619161__457244788
456239667,-7,-224628741,-224628741,1713010754,2024-04-13 14:19:14,58.007611,56.235906,58.00819896273859,56.23476395501453,93.8128984346702,"https://sun9-46.userapi.com/s/v1/ig2/ZjWBpW_SyFS0N_UF7LXOyRMDujwICEeh0KoB9QjMoFea8uz7nIs8ztgmV_HW5h-MxKY3_jSEUU68zOJaf6n9Yu3F.jpg?quality=95&as=32x57,48x85,72x128,108x192,160x284,240x427,360x640,480x853,540x960,640x1138,720x1280,1080x1920,1179x2096&from=bu&cs=1179x0",,False,,synagogue,True,False,-224628741__456239667
457244807,-7,-194619161,-194619161,1713678651,2024-04-21 07:50:51,58.007715,56.234914,58.00819896273859,56.23476395501453,54.535328999557485,"https://sun9-3.userapi.com/s/v1/ig2/cUGvLih9_yLdKR8Qyg0v8nrenS9934C8bQikbsLAfxHjZi_6Gxel6iXPWEocYiJQzjMuvvHT7wob0li43WFMbHIm.jpg?quality=95&as=32x43,48x64,72x96,108x144,160x213,240x320,360x480,480x640,540x720,640x853,720x960,1080x1440,1280x1707,1440x1920,1920x2560&from=bu&cs=1920x0",,False,,synagogue,True,False,-194619161__457244807
457244841,-7,-194619161,-194619161,1714392171,2024-04-29 14:02:51,58.007715,56.234914,58.00819896273859,56.23476395501453,54.535328999557485,"https://sun9-64.userapi.com/s/v1/ig2/d9gq46snKDKOQKR0F92hjjkWh2hitBIeY4GcmnPLrQO8eyqKFIrUasaDsFSbbR2xj1kXe-51j2etr5-1ICvwZfOo.jpg?quality=95&as=32x40,48x60,72x90,108x135,160x200,240x299,360x449,480x599,540x674,640x798,720x898,1080x1347,1280x1597,1440x1796,2052x2560&from=bu&cs=2052x0",,False,,synagogue,True,False,-194619161__457244841
457262329,-6,136664313,136664313,1716108510,2024-05-19 10:48:30,58.007618,56.236011,58.00819896273859,56.23476395501453,97.82785663198273,"https://sun9-78.userapi.com/s/v1/ig2/ZYy9mTTIs0ns4MeRwjZKYooEfHcRZ4U_Ls7YspCew4f60NaRmjfuEdhXKbVyfDJX3vDO50nyHcL4JctOeFZrpeDk.jpg?quality=95&as=32x43,48x64,72x96,108x144,160x213,240x320,360x480,480x640,540x720,640x853,720x960,1080x1440,1280x1707,1440x1920,1920x2560&from=bu&cs=1920x0",,False,,synagogue,True,False,136664313__457262329
457244978,302992630,-194619161,-194619161,1716100454,2024-05-19 08:34:14,58.007715,56.234914,58.00819896273859,56.23476395501453,54.535328999557485,"https://sun9-21.userapi.com/s/v1/ig2/7MWjkARKdQYRNlnI1ne6i-neWfVWEeXBs2pompGzOq62szMj7mQr5TyG1J7eHuxtCSBOOJ3Wp6A2oz7WIb3WNzaQ.jpg?quality=95&as=32x44,48x66,72x99,108x149,160x221,240x331,360x497,480x663,540x746,640x884,720x994,1080x1491,1280x1767,1440x1988,1854x2560&from=bu&cs=1854x0",,False,,synagogue,True,False,-194619161__457244978
457244964,302992630,-194619161,-194619161,1716100431,2024-05-19 08:33:51,58.007715,56.234914,58.00819896273859,56.23476395501453,54.535328999557485,"https://sun9-79.userapi.com/s/v1/ig2/wsGIQLW517VL0i6MmqJTiGrnTZRN_cdUa4K40F6hrUoCmOuL-2vsPoMkdPaNobMuZVJwOFOXfyXpYs3PpZPIn3zT.jpg?quality=95&as=32x43,48x64,72x96,108x144,160x213,240x320,360x480,480x640,540x720,640x853,720x960,1080x1440,1280x1707,1440x1920,1920x2560&from=bu&cs=1920x0",,False,,synagogue,True,False,-194619161__457244964
457244963,302992630,-194619161,-194619161,1716100430,2024-05-19 08:33:50,58.007715,56.234914,58.00819896273859,56.23476395501453,54.535328999557485,"https://sun9-87.userapi.com/s/v1/ig2/QTZsfD4fX3K7iUnkTF2AUhMX83jxIKyDkTSgAuemj0XMqWnFzW4c2MG1x9P1Xow2eur7_PUNb8uxD5GuAcFhi0ds.jpg?quality=95&as=32x43,48x64,72x96,108x144,160x213,240x320,360x480,480x640,540x720,640x853,720x960,1080x1440,1280x1707,1440x1920,1920x2560&from=bu&cs=1920x0",,False,,synagogue,True,False,-194619161__457244963
457244957,302992630,-194619161,-194619161,1716100419,2024-05-19 08:33:39,58.007715,56.234914,58.00819896273859,56.23476395501453,54.535328999557485,"https://sun9-3.userapi.com/s/v1/ig2/_PwQgFyfRgMvIZQOYOClj244H1lMwx0PlS1iQImz8aLvlAKbsYC6-dP1BxIEL1oHc0c5goWwjYPbDTf5SUp4Rr4l.jpg?quality=95&as=32x43,48x64,72x96,108x144,160x213,240x320,360x480,480x640,540x720,640x853,720x960,1080x1440,1280x1707,1440x1920,1920x2560&from=bu&cs=1920x0",,False,,synagogue,True,False,-194619161__457244957
457244947,302992630,-194619161,-194619161,1716100399,2024-05-19 08:33:19,58.007715,56.234914,58.00819896273859,56.23476395501453,54.535328999557485,"https://sun9-27.userapi.com/s/v1/ig2/yEn0H8hfUdbF7S1sczA0_WSpF2yvFW--hTEdsGPQ7Q0CeQfOpKeMnj_VehrKtxB1p6PUnL9OmyPmYtozPXEZUnQF.jpg?quality=95&as=32x43,48x64,72x96,108x144,160x213,240x320,360x480,480x640,540x720,640x853,720x960,1080x1440,1280x1707,1440x1920,1920x2560&from=bu&cs=1920x0",,False,,synagogue,True,False,-194619161__457244947
456240482,-7,-224628741,-224628741,1717592141,2024-06-05 14:55:41,58.007618,56.236011,58.00819896273859,56.23476395501453,97.82785663198273,"https://sun9-20.userapi.com/s/v1/ig2/eKPJMOfjfkfJ7O6ULvnNSK2b0lwwp0VM5lx6bP_9MIei161vyKU2XNEKn2yFpa2kdNWyhbifWVun1hGAwaPoAXD6.jpg?quality=95&as=32x57,48x85,72x128,108x192,160x284,240x427,360x640,480x853,540x960,640x1138,720x1280,1080x1920,1179x2096&from=bu&cs=1179x0",,False,,synagogue,True,False,-224628741__456240482
457241165,-7,-224421397,-224421397,1717584402,2024-06-05 12:46:42,58.008604,56.234423,58.00819896273859,56.23476395501453,49.31399479698315,"https://sun9-32.userapi.com/s/v1/ig2/kXK7IqmRM6yer2aVm8oBgUoa6fURXXm7vKCLo2iqE7txfv7BPmzw4ZfWroGJFg9KemyfqavvEeYo7gVoaA3ijbbN.jpg?quality=95&as=32x43,48x64,72x96,108x144,160x213,240x320,360x480,480x640,540x720,640x853,720x960,1080x1440,1280x1707,1440x1920,1920x2560&from=bu&cs=1920x0",,False,,synagogue,True,False,-224421397__457241165
457241164,-7,-224421397,-224421397,1717584402,2024-06-05 12:46:42,58.008604,56.234423,58.00819896273859,56.23476395501453,49.31399479698315,"https://sun9-9.userapi.com/s/v1/ig2/H61N2kTx-4W2KR5xcPtZ2jwFBhTX3EbEnXj4BWnMmxAqVBZUnVhU4B45Kl31Cogl0juMAknt6OcODbICP5kETbJM.jpg?quality=95&as=32x43,48x64,72x96,108x144,160x213,240x320,360x480,480x640,540x720,640x853,720x960,1080x1440,1280x1707,1440x1920,1920x2560&from=bu&cs=1920x0",,False,,synagogue,True,False,-224421397__457241164
457241163,-7,-224421397,-224421397,1717584402,2024-06-05 12:46:42,58.008604,56.234423,58.00819896273859,56.23476395501453,49.31399479698315,"https://sun9-11.userapi.com/s/v1/if2/J3Yr2Xi03r-cs6ep7VArkmbgnJtwi2fHaUUIoxHZk-8-LP8XxBmKnyxRiPdh4g66znoQVIWvp95j7GSS6SHzQl8w.jpg?quality=95&as=32x24,48x36,72x54,108x81,160x120,240x180,360x270,480x360,540x405,640x480,720x540,1080x810,1280x960,1440x1080,2560x1920&from=bu&cs=2560x0",,False,,synagogue,True,False,-224421397__457241163
457241160,-7,-224421397,-224421397,1717584402,2024-06-05 12:46:42,58.008604,56.234423,58.00819896273859,56.23476395501453,49.31399479698315,"https://sun9-45.userapi.com/s/v1/ig2/By9bLcvqCk1jNYIUG0n6cMMEu5GZGTOp_QYWVglTZTXSxC-UaoYcIYN7iL-2he1C9t4lmJbOS_s3qK-74z1LTvnP.jpg?quality=95&as=32x43,48x64,72x96,108x144,160x213,240x320,360x480,480x640,540x720,640x853,720x960,1080x1440,1280x1707,1440x1920,1920x2560&from=bu&cs=1920x0",,False,,synagogue,True,False,-224421397__457241160
457241161,-7,-224421397,-224421397,1717584402,2024-06-05 12:46:42,58.008604,56.234423,58.00819896273859,56.23476395501453,49.31399479698315,"https://sun9-8.userapi.com/s/v1/ig2/zs80Wvs6gyHA1uJdGqwp35a_AXLYpEXDvES94Limie4ZculV4UoimFqKT7aqDv0aKSusUasydO-itdOLx9_M4cQB.jpg?quality=95&as=32x43,48x64,72x96,108x144,160x213,240x320,360x480,480x640,540x720,640x853,720x960,1080x1440,1280x1707,1440x1920,1920x2560&from=bu&cs=1920x0",,False,,synagogue,True,False,-224421397__457241161
457241264,-7,-224421397,-224421397,1718797248,2024-06-19 13:40:48,58.008604,56.234423,58.00819896273859,56.23476395501453,49.31399479698315,"https://sun9-74.userapi.com/s/v1/ig2/fICS3vSE6847yRL94Z0r6ESIp4u3rKt7CzNnbJJlEg-mfkYLSbNIZ4m_G7dMeGPk-AkJC3Ywupdr56OczSRR10bX.jpg?quality=95&as=32x43,48x64,72x96,108x144,160x213,240x320,360x480,480x640,540x720,640x853,720x960,1080x1440,1280x1707,1440x1920,1920x2560&from=bu&cs=1920x0",,False,,synagogue,True,False,-224421397__457241264
457241238,-7,-224421397,-224421397,1718536041,2024-06-16 13:07:21,58.008604,56.234423,58.00819896273859,56.23476395501453,49.31399479698315,"https://sun9-80.userapi.com/s/v1/ig2/9iHM22hFmPl5SNMm2_QAqqd7ksdFHWoTqfVdlc5PGAtAqtSnWCUCrcDat7En4l_CmINtJptMeYxHSE7fKyIQseCE.jpg?quality=95&as=32x43,48x64,72x96,108x144,160x213,240x320,360x480,480x640,540x720,640x853,720x960,1080x1440,1280x1707,1440x1920,1920x2560&from=bu&cs=1920x0",,False,,synagogue,True,False,-224421397__457241238
457241192,-7,-224421397,-224421397,1717917070,2024-06-09 09:11:10,58.008604,56.234423,58.00819896273859,56.23476395501453,49.31399479698315,"https://sun9-82.userapi.com/s/v1/ig2/n7Ec5o5n_hu9XRYVkDA6iLLao5YNrd0ujicRE7ZlUaheKho4kFb3135W9-97tSfHHNuIDsXlLqBDc-ljrM-JZOQI.jpg?quality=95&as=32x43,48x64,72x96,108x144,160x213,240x320,360x480,480x640,540x720,640x853,720x960,1080x1440,1280x1707,1440x1920,1920x2560&from=bu&cs=1920x0",,False,,synagogue,True,False,-224421397__457241192
457241194,-7,-224421397,-224421397,1717917070,2024-06-09 09:11:10,58.008604,56.234423,58.00819896273859,56.23476395501453,49.31399479698315,"https://sun9-80.userapi.com/s/v1/ig2/iCbBkAPj1EuWZZjNK0GDy-i_Kr1TZqfjJ6GQ1FUM8ptJ_Id0genElkmPjDJGn_MSBw2X7pKZ9Fcv9fTAeW7upTA9.jpg?quality=95&as=32x43,48x64,72x96,108x144,160x213,240x320,360x480,480x640,540x720,640x853,720x960,1080x1440,1280x1707,1440x1920,1920x2560&from=bu&cs=1920x0",,False,,synagogue,True,False,-224421397__457241194
457241191,-7,-224421397,-224421397,1717917070,2024-06-09 09:11:10,58.008604,56.234423,58.00819896273859,56.23476395501453,49.31399479698315,"https://sun9-81.userapi.com/s/v1/ig2/-GsK8apvIl4GWLZEBUysJ4ugE5E9CYtM521E3zQ4g_MQiNPQ5IghavoMvUmle4iJyMAKPWqRvrwTCvMlZr6jWok9.jpg?quality=95&as=32x43,48x64,72x96,108x144,160x213,240x320,360x480,480x640,540x720,640x853,720x960,1080x1440,1280x1707,1440x1920,1920x2560&from=bu&cs=1920x0",,False,,synagogue,True,False,-224421397__457241191
456240749,-7,-224628741,-224628741,1722093478,2024-07-27 17:17:58,58.007611,56.235906,58.00819896273859,56.23476395501453,93.8128984346702,"https://sun9-53.userapi.com/s/v1/ig2/NWwcUg7ZSjqvxEzadmfr9WkzsVFKx366BjNCRUyMgesVg6Mmeb_QW7SKrg0LAkSOEp9pnkv6j_NDKKe6SRRZU1ML.jpg?quality=95&as=32x57,48x85,72x128,108x192,160x284,240x427,360x640,480x853,540x960,640x1138,720x1280,1080x1920,1179x2096&from=bu&cs=1179x0",,False,,synagogue,True,False,-224628741__456240749
456240747,-7,-224628741,-224628741,1722093478,2024-07-27 17:17:58,58.007611,56.235906,58.00819896273859,56.23476395501453,93.8128984346702,"https://sun9-46.userapi.com/s/v1/ig2/ramEfGds_Iloq75g-T7sY2RCrXZzxer3rNe3cA-olYZy1bt8MVWzEO_aOJaLVMFv_1SV3M7Ve0RZOWCo8hltrICY.jpg?quality=95&as=32x57,48x85,72x128,108x192,160x284,240x427,360x640,480x853,540x960,640x1138,720x1280,1080x1920,1179x2096&from=bu&cs=1179x0",,False,,synagogue,True,False,-224628741__456240747
457241537,-7,-224421397,-224421397,1722685828,2024-08-03 13:50:28,58.008604,56.234423,58.00819896273859,56.23476395501453,49.31399479698315,"https://sun9-16.userapi.com/s/v1/ig2/t3Drl1w8CGRInRTG5Jji7WqqxqmN61oOl3rguHy9zZE9w3Wv3a3gPp8jnbcbaTshVMmUJ_o6UaMw-v8OP1k92qc4.jpg?quality=95&as=32x43,48x64,72x96,108x144,160x213,240x320,360x480,480x640,540x720,640x853,720x960,1080x1440,1280x1707,1440x1920,1920x2560&from=bu&cs=1920x0",,False,438.0,synagogue,True,False,-224421397__457241537
457251139,-7,-167874142,-167874142,1723465839,2024-08-12 14:30:39,58.007715,56.234914,58.00819896273859,56.23476395501453,54.535328999557485,"https://sun9-31.userapi.com/s/v1/if2/e676YJYmtxYK8RXr32_JC4uDQHvxigFsctxCz08oPbYpVcXqJ_TwjvwkR7MK_V9pGn862-yuZU2_-qEf7Rmst609.jpg?quality=95&as=32x24,48x36,72x54,108x81,160x120,240x180,360x270,480x360,540x405,640x480,720x540,1080x810,1280x960,1440x1080,2560x1920&from=bu&cs=2560x0",,False,,synagogue,True,False,-167874142__457251139
456241099,-7,-224628741,-224628741,1724480848,2024-08-24 08:27:28,58.007611,56.235906,58.00819896273859,56.23476395501453,93.8128984346702,"https://sun9-36.userapi.com/s/v1/ig2/dQOrULxouO7jGj9goxXYGunqk25O3t7EdEu_c2PSEVvGn-TXtTz_3_iBrqNSan3s6V2Y0L_S2G7aVRsKo0gzrtNF.jpg?quality=95&as=32x44,48x66,72x99,108x149,160x220,240x330,360x496,480x661,540x743,640x881,720x991,1080x1487,1280x1762,1434x1974&from=bu&cs=1434x0",,False,588.0,synagogue,True,False,-224628741__456241099
457245195,-6,224152582,224152582,1728197978,2024-10-06 08:59:38,58.007911,56.234094,58.00819896273859,56.23476395501453,50.82307597422893,"https://sun9-47.userapi.com/s/v1/ig2/2xRuSUv68BdjX5XZFxtAgT2V5S3YSKfFi3Wa3OERPNaTkKLqMX72TO3-oskkeiiLbGL0z35jv4fxaMPZcD4rEcEl.jpg?quality=95&as=32x43,48x64,72x96,108x144,160x213,240x320,360x480,480x640,540x720,640x853,720x960,1080x1440,1280x1707,1440x1920,1920x2560&from=bu&cs=1920x0",,False,4836.0,synagogue,True,False,224152582__457245195
457241800,-7,-224421397,-224421397,1726305011,2024-09-14 11:10:11,58.008506,56.234318,58.00819896273859,56.23476395501453,43.07896376064505,"https://sun9-29.userapi.com/s/v1/ig2/CtMi6JdM2lKjWJLazp29ChHAnJ2B6YoctHy8hLdN6RuNABcbKNsLPRDWNUpKmJtG00SP5yiyjswSLvyQKCYlLLHe.jpg?quality=95&as=32x43,48x64,72x96,108x144,160x213,240x320,360x480,480x640,540x720,640x853,720x960,1080x1440,1280x1707,1440x1920,1920x2560&from=bu&cs=1920x0",,False,,synagogue,True,False,-224421397__457241800
457242044,-7,-224421397,-224421397,1729084464,2024-10-16 15:14:24,58.008604,56.234423,58.00819896273859,56.23476395501453,49.31399479698315,"https://sun9-6.userapi.com/s/v1/ig2/t_Usdw0CODNPMhSat-8F3YwxYkKIuOzQmZukCdRExGo9f_1JwG0DqrqCxg7yoRL2pJKWwRL1T3MkTcSw1MZ5mGqF.jpg?quality=95&as=32x43,48x64,72x96,108x144,160x213,240x320,360x480,480x640,540x720,640x853,720x960,1080x1440,1280x1707,1440x1920,1920x2560&from=bu&cs=1920x0",,False,,synagogue,True,False,-224421397__457242044
457242036,-7,-224421397,-224421397,1728815352,2024-10-13 12:29:12,58.008604,56.234423,58.00819896273859,56.23476395501453,49.31399479698315,"https://sun9-60.userapi.com/s/v1/ig2/BzQ3WwkDZYneFA6z324YZH3_DGKXa3eRBscZZr-VqL2VZ9TRKhS6zQXjshcVrMD5bgH_mlE8kNq5dJ5B0K2H5QM1.jpg?quality=95&as=32x43,48x64,72x96,108x144,160x213,240x320,360x480,480x640,540x720,640x853,720x960,1080x1440,1280x1707,1440x1920,1920x2560&from=bu&cs=1920x0",,False,,synagogue,True,False,-224421397__457242036
457242037,-7,-224421397,-224421397,1728815352,2024-10-13 12:29:12,58.008604,56.234423,58.00819896273859,56.23476395501453,49.31399479698315,"https://sun9-30.userapi.com/s/v1/ig2/VSfUb0e7sMj0qv-7H8jj95fzyM6S6elc5O1TJ9r-eSKx-LfRTJcXqA6X1XwdMDtUS_Gf8jc8oiI2JDA3Rl8mveGN.jpg?quality=95&as=32x43,48x64,72x96,108x144,160x213,240x320,360x480,480x640,540x720,640x853,720x960,1080x1440,1280x1707,1440x1920,1920x2560&from=bu&cs=1920x0",,False,,synagogue,True,False,-224421397__457242037
457242033,-7,-224421397,-224421397,1728815352,2024-10-13 12:29:12,58.008604,56.234423,58.00819896273859,56.23476395501453,49.31399479698315,"https://sun9-38.userapi.com/s/v1/ig2/2N6Tm-_wIQowFTTQfD6hlJeLzNFKBSNvGSMLfoiW30qkL3K1XsAzPOhXWppwjIIHZdWErM-TYAWHBqP6aUp3VTfl.jpg?quality=95&as=32x43,48x64,72x96,108x144,160x213,240x320,360x480,480x640,540x720,640x853,720x960,1080x1440,1280x1707,1440x1920,1920x2560&from=bu&cs=1920x0",,False,,synagogue,True,False,-224421397__457242033
457242035,-7,-224421397,-224421397,1728815352,2024-10-13 12:29:12,58.008604,56.234423,58.00819896273859,56.23476395501453,49.31399479698315,"https://sun9-77.userapi.com/s/v1/ig2/QKDafJwyqsGZEnVinoyK_FbhnNw08bRa7s-mbWBGCUjC-JDKh0oF89JpPbhbdr-kF_YOEZVdOmp3WYX40mPBBq5e.jpg?quality=95&as=32x43,48x64,72x96,108x144,160x213,240x320,360x480,480x640,540x720,640x853,720x960,1080x1440,1280x1707,1440x1920,1920x2560&from=bu&cs=1920x0",,False,,synagogue,True,False,-224421397__457242035
457242034,-7,-224421397,-224421397,1728815352,2024-10-13 12:29:12,58.008604,56.234423,58.00819896273859,56.23476395501453,49.31399479698315,"https://sun9-73.userapi.com/s/v1/ig2/eREBxEpaQG6_bMFOgYGLdtga6Dli42BQ_kUdlJwOUuoqe_LoWyGMkCiscbpRGVaLHpZKeK3PoYGC_xAm10sIlpzm.jpg?quality=95&as=32x43,48x64,72x96,108x144,160x213,240x320,360x480,480x640,540x720,640x853,720x960,1080x1440,1280x1707,1440x1920,1920x2560&from=bu&cs=1920x0",,False,,synagogue,True,False,-224421397__457242034
457242032,-7,-224421397,-224421397,1728815352,2024-10-13 12:29:12,58.008604,56.234423,58.00819896273859,56.23476395501453,49.31399479698315,"https://sun9-80.userapi.com/s/v1/ig2/epKzCFMT6lKefg9uT9KII-zrhFd8jxCpM2NXeIzyAp1w2D66yHtCB9Amxi1I3RZvFJwA1VD4UWi16_vE_yfMyHZ9.jpg?quality=95&as=32x43,48x64,72x96,108x144,160x213,240x320,360x480,480x640,540x720,640x853,720x960,1080x1440,1280x1707,1440x1920,1920x2560&from=bu&cs=1920x0",,False,,synagogue,True,False,-224421397__457242032
457242029,-7,-224421397,-224421397,1728812737,2024-10-13 11:45:37,58.008604,56.234423,58.00819896273859,56.23476395501453,49.31399479698315,"https://sun9-50.userapi.com/s/v1/ig2/7ZjG_xYBmGKd8xtKWbETsEHerZwpC--sgcAVWlBXphKhuoWA1vTDCQVRy7Z_4b_BCAqc9nECRhRrtIxPeJyCAMdl.jpg?quality=95&as=32x43,48x64,72x96,108x144,160x213,240x320,360x480,480x640,540x720,640x853,720x960,1080x1440,1280x1707,1440x1920,1920x2560&from=bu&cs=1920x0",,False,,synagogue,True,False,-224421397__457242029
457242291,-7,-224421397,-224421397,1730543840,2024-11-02 11:37:20,58.008604,56.234423,58.00819896273859,56.23476395501453,49.31399479698315,"https://sun9-47.userapi.com/s/v1/ig2/V9YXxrF6dV2UMbR1TJj2P-usyK9-t7-l6eJUk_Ts86rHA3E6dezaod-mxcgWv1ZWrMgr9g9ftmyiA5HJpLx2L63Q.jpg?quality=95&as=32x43,48x64,72x96,108x144,160x213,240x320,360x480,480x640,540x720,640x853,720x960,1080x1440,1280x1707,1440x1920,1920x2560&from=bu&cs=1920x0",,False,,synagogue,True,False,-224421397__457242291
457242260,-7,-224421397,-224421397,1730363388,2024-10-31 09:29:48,58.008604,56.234423,58.00819896273859,56.23476395501453,49.31399479698315,"https://sun9-47.userapi.com/s/v1/ig2/cayEis90JOGDbqehV1OwOpflAbiI6sCteMmUFzAav949Iq4KCJXJ4v6AFwfsTslS3RARYxTYYJCR6zgtL_F98LFf.jpg?quality=95&as=32x43,48x64,72x96,108x144,160x213,240x320,360x480,480x640,540x720,640x853,720x960,1080x1440,1280x1707,1440x1920,1920x2560&from=bu&cs=1920x0",,False,,synagogue,True,False,-224421397__457242260
457242259,-7,-224421397,-224421397,1730363388,2024-10-31 09:29:48,58.008604,56.234423,58.00819896273859,56.23476395501453,49.31399479698315,"https://sun9-60.userapi.com/s/v1/ig2/HVcaAM_XzxDIgQBsPlIRCTlVrtv_s1XLF3m9muUTy9NRgd9N6x9ilFex3ges2bOle9jadBAdXxHS0H5cZcnbPbT0.jpg?quality=95&as=32x43,48x64,72x96,108x144,160x213,240x320,360x480,480x640,540x720,640x853,720x960,1080x1440,1280x1707,1440x1920,1920x2560&from=bu&cs=1920x0",,False,,synagogue,True,False,-224421397__457242259
457242258,-7,-224421397,-224421397,1730363388,2024-10-31 09:29:48,58.008604,56.234423,58.00819896273859,56.23476395501453,49.31399479698315,"https://sun9-37.userapi.com/s/v1/ig2/zWm2fGUc6FltZH7CxNzp72VOq9w30UtSBPOGHeAqGxz_O7bgNG0D081a9uNwPd9I8yn7EKAdRaKqEIG6pbZf62GD.jpg?quality=95&as=32x43,48x64,72x96,108x144,160x213,240x320,360x480,480x640,540x720,640x853,720x960,1080x1440,1280x1707,1440x1920,1920x2560&from=bu&cs=1920x0",,False,,synagogue,True,False,-224421397__457242258
457242263,-7,-224421397,-224421397,1730363388,2024-10-31 09:29:48,58.008604,56.234423,58.00819896273859,56.23476395501453,49.31399479698315,"https://sun9-14.userapi.com/s/v1/ig2/kH-VEOtksZhIFyo-wtcNtNTMvEk8KDfArI_1e9iqaLmcXs83ydpMu2GxxdeTm9-HUqvXkyd4dMYs_514fxdNWnK8.jpg?quality=95&as=32x43,48x64,72x96,108x144,160x213,240x320,360x480,480x640,540x720,640x853,720x960,1080x1440,1280x1707,1440x1920,1920x2560&from=bu&cs=1920x0",,False,,synagogue,True,False,-224421397__457242263
457242224,-7,-224421397,-224421397,1730278277,2024-10-30 09:51:17,58.008604,56.234423,58.00819896273859,56.23476395501453,49.31399479698315,"https://sun9-73.userapi.com/s/v1/ig2/kWpEJOS3hqmgOQ46bD2jj77-vcLZYveG5tZbFdM3hco3FIDNa3lb1RrMsjH04PqXL2I98rrkzdd65ccXuWn2mSzm.jpg?quality=95&as=32x43,48x64,72x96,108x144,160x213,240x320,360x480,480x640,540x720,640x853,720x960,1080x1440,1280x1707,1440x1920,1920x2560&from=bu&cs=1920x0",,False,,synagogue,True,False,-224421397__457242224
457242610,-7,-224421397,-224421397,1731237699,2024-11-10 12:21:39,58.008604,56.234423,58.00819896273859,56.23476395501453,49.31399479698315,"https://sun9-6.userapi.com/s/v1/ig2/7o7hUbu7yb37iVHpq5WD3baQlqVcXQwXI6tzPkN86wilCf_emBCdbsUbLgR-UTzgn3Dfj8br1wYmr9NPmxjmclnq.jpg?quality=95&as=32x43,48x64,72x96,108x144,160x213,240x320,360x480,480x640,540x720,640x853,720x960,1080x1440,1280x1707,1440x1920,1920x2560&from=bu&cs=1920x0",,False,,synagogue,True,False,-224421397__457242610
457242608,-7,-224421397,-224421397,1731237699,2024-11-10 12:21:39,58.008604,56.234423,58.00819896273859,56.23476395501453,49.31399479698315,"https://sun9-41.userapi.com/s/v1/ig2/TPotEpxOezeWCbVRod3sxyh3Zna6Q1sR6PBxQ-JlBNMAo8EcGJuyOC48fNvakrWi2Br2YIxf25g-IrJLXvhh2xkl.jpg?quality=95&as=32x43,48x64,72x96,108x144,160x213,240x320,360x480,480x640,540x720,640x853,720x960,1080x1440,1280x1707,1440x1920,1920x2560&from=bu&cs=1920x0",,False,,synagogue,True,False,-224421397__457242608
457242604,-7,-224421397,-224421397,1731237699,2024-11-10 12:21:39,58.008604,56.234423,58.00819896273859,56.23476395501453,49.31399479698315,"https://sun9-4.userapi.com/s/v1/ig2/7QvRM6CaKskqk-Nwoh5rdVfVmd-D-5Ey0ORIxsW1oa8KaPbrtL4KR4qQVz56Xk3i6CZ0EYNjcK4OGNCNN8hYuvns.jpg?quality=95&as=32x43,48x64,72x96,108x144,160x213,240x320,360x480,480x640,540x720,640x853,720x960,1080x1440,1280x1707,1440x1920,1920x2560&from=bu&cs=1920x0",,False,,synagogue,True,False,-224421397__457242604
457242605,-7,-224421397,-224421397,1731237699,2024-11-10 12:21:39,58.008604,56.234423,58.00819896273859,56.23476395501453,49.31399479698315,"https://sun9-7.userapi.com/s/v1/if2/ClZx2TKy7EyHUNhbS_czB_ySpeuzsS4kq0e8lRWennoptrn1CnhpJje-QaYYE4zHJNQ2CmrGXEcz9ziyjVITb7P9.jpg?quality=95&as=32x24,48x36,72x54,108x81,160x120,240x180,360x270,480x360,540x405,640x480,720x540,1080x810,1280x960,1440x1080,2560x1920&from=bu&cs=2560x0",,False,,synagogue,True,False,-224421397__457242605
457242609,-7,-224421397,-224421397,1731237699,2024-11-10 12:21:39,58.008604,56.234423,58.00819896273859,56.23476395501453,49.31399479698315,"https://sun9-46.userapi.com/s/v1/ig2/3DI1KSqrG6yASqdxLyJ3HkeHGDAeUc2UmZj52esgzGEZjWs6u38wLEdHbaG42eq1syMlc5UV0q1VijnJDNZq1i6f.jpg?quality=95&as=32x43,48x64,72x96,108x144,160x213,240x320,360x480,480x640,540x720,640x853,720x960,1080x1440,1280x1707,1440x1920,1920x2560&from=bu&cs=1920x0",,False,,synagogue,True,False,-224421397__457242609
457314700,301537621,-43730800,-43730800,1734175118,2024-12-14 12:18:38,58.007611,56.235906,58.00819896273859,56.23476395501453,93.8128984346702,"https://sun9-57.userapi.com/s/v1/ig2/K3dsOFNmZZSImR-fg0Nw-ItiUAL6gI42Kj02dFQWoip8a9vXBIL5GKvAlI1I6Dx4oh4avl9yWQH8sUozxo31gGdV.jpg?quality=95&as=32x43,48x64,72x96,108x144,160x213,240x320,360x480,480x640,540x720,640x853,720x960,1080x1440,1280x1707,1440x1920,1920x2560&from=bu&cs=1920x0",❌SOLD OUT❌,False,,synagogue,True,False,-43730800__457314700
457314552,301537621,-43730800,-43730800,1733817317,2024-12-10 08:55:17,58.007618,56.236011,58.00819896273859,56.23476395501453,97.82785663198273,"https://sun9-85.userapi.com/s/v1/if2/3j24JQH0E5Du9j1f2VSiSSP-Y4PWtuUs7A_fJ-XxXSLbt7tQbgEBO0TgW6MgognbUm0XlY_W_mbr6ASgRJY4Nt3s.jpg?quality=95&as=32x24,48x36,72x54,108x81,160x120,240x180,360x270,480x360,540x405,640x480,720x540,1080x810,1280x960,1440x1080,2560x1920&from=bu&cs=2560x0",❌SOLD OUT❌,False,,synagogue,True,False,-43730800__457314552
457316973,301537621,-43730800,-43730800,1740207809,2025-02-22 08:03:29,58.007611,56.235906,58.00819896273859,56.23476395501453,93.8128984346702,"https://sun9-84.userapi.com/s/v1/ig2/piWVI1iwybHBSI4W8MlWSJ9IWRV209gABHCT7QbOAXT9c6-mmSyHK3cRYA7-MWooh3lQ_YmHDvTTDtin9zYaAf1-.jpg?quality=95&as=32x43,48x64,72x96,108x144,160x213,240x320,360x480,480x640,540x720,640x853,720x960,1080x1440,1280x1707,1440x1920,1920x2560&from=bu&cs=1920x0",Продано,False,,synagogue,True,False,-43730800__457316973
457321108,301537621,-43730800,-43730800,1752737680,2025-07-17 09:34:40,58.007611,56.235906,58.00819896273859,56.23476395501453,93.8128984346702,"https://sun9-15.userapi.com/s/v1/ig2/PGPDuZiukDnI-lLEEARljsuihraxltl-2ykG1DXPR3jfm5DV58yGFHShEN4ZB8-tr8tAXE_hnEwFVNcAW3Wd7-FF.jpg?quality=95&as=32x54,48x82,72x123,108x184,160x272,240x409,360x613,480x817,540x919,640x1089,720x1226,1080x1838,1280x2179,1440x2451,1504x2560&from=bu&cs=1504x0",Продано,False,,synagogue,True,False,-43730800__457321108
457320662,301537621,-43730800,-43730800,1751174340,2025-06-29 07:19:00,58.007611,56.235906,58.00819896273859,56.23476395501453,93.8128984346702,"https://sun9-17.userapi.com/s/v1/ig2/TIIjpTiHIipEx53QBtR-dkg-1Zs025AI_AVosd0y7N5RWB7-NJsjmR8VWyfM9p-SOdQzbIB64m4ynVrUIdV22s0G.jpg?quality=95&as=32x43,48x64,72x96,108x144,160x213,240x320,360x480,480x640,540x720,640x853,720x960,1080x1440,1280x1707,1440x1920,1920x2560&from=bu&cs=1920x0",Продано,False,,synagogue,True,False,-43730800__457320662
457244777,307261016,-224421397,-224421397,1756970577,2025-09-04 09:22:57,58.008604,56.234423,58.00819896273859,56.23476395501453,49.31399479698315,"https://sun9-24.userapi.com/s/v1/ig2/ByvyiDmlyFPV6_5I2u6NMkuojgq-g_851PzKrjmGPF4vUa-X_1PD-gvJ-soyqpApglx5BeyMzaveF7bKxuNv7ceo.jpg?quality=95&as=32x43,48x64,72x96,108x144,160x213,240x320,360x480,480x640,540x720,640x853,720x960,1080x1440,1280x1707,1440x1920,1920x2560&from=bu&cs=1920x0",,False,,synagogue,True,False,-224421397__457244777
457244776,307261016,-224421397,-224421397,1756970576,2025-09-04 09:22:56,58.008604,56.234423,58.00819896273859,56.23476395501453,49.31399479698315,"https://sun9-24.userapi.com/s/v1/ig2/i_b4rIBjP6OQnNkGSdN6krHeDyuxx3VKy7oF2mC2z9QqMcXv5dGpI0i1H9y5v3OThE_Ko7N-xKgiKbAeARqYofsW.jpg?quality=95&as=32x43,48x64,72x96,108x144,160x213,240x320,360x480,480x640,540x720,640x853,720x960,1080x1440,1280x1707,1440x1920,1920x2560&from=bu&cs=1920x0",,False,,synagogue,True,False,-224421397__457244776
457244775,307261016,-224421397,-224421397,1756970575,2025-09-04 09:22:55,58.008604,56.234423,58.00819896273859,56.23476395501453,49.31399479698315,"https://sun9-52.userapi.com/s/v1/ig2/WBIIXcxaag8JWn5qt99I1G6aAicgGNYQJWdu_5zNNVqBMqg2LH0syZUsbWMe_XyrhfPGjo4VJmhZAQTZ5yEeY004.jpg?quality=95&as=32x43,48x64,72x96,108x144,160x213,240x320,360x480,480x640,540x720,640x853,720x960,1080x1440,1280x1707,1440x1920,1920x2560&from=bu&cs=1920x0",,False,,synagogue,True,False,-224421397__457244775
457244774,307261016,-224421397,-224421397,1756970574,2025-09-04 09:22:54,58.008604,56.234423,58.00819896273859,56.23476395501453,49.31399479698315,"https://sun9-70.userapi.com/s/v1/ig2/ls4fNZQRK6TPCi-zhfiStVjRRCTZvDg5EvujIeAmihF6sKZREbVA9o3OHZScmNXRTSVsUCclo2rd3Us0VrekRMWj.jpg?quality=95&as=32x43,48x64,72x96,108x144,160x213,240x320,360x480,480x640,540x720,640x853,720x960,1080x1440,1280x1707,1440x1920,1920x2560&from=bu&cs=1920x0",,False,,synagogue,True,False,-224421397__457244774
457244723,307261016,-224421397,-224421397,1756970525,2025-09-04 09:22:05,58.008604,56.234423,58.00819896273859,56.23476395501453,49.31399479698315,"https://sun9-15.userapi.com/s/v1/ig2/b863jao5gF2Mtoa4v4uYBtToWoFyx2YaUtZlEJGjnaF3l2QK5v7rl_I9KBqX0eDe7lyrlueIS99ACNpqJX9uCgY_.jpg?quality=95&as=32x43,48x64,72x96,108x144,160x213,240x320,360x480,480x640,540x720,640x853,720x960,1080x1440,1280x1707,1440x1920,1920x2560&from=bu&cs=1920x0",,False,,synagogue,True,False,-224421397__457244723
457244718,307261016,-224421397,-224421397,1756970520,2025-09-04 09:22:00,58.008604,56.234423,58.00819896273859,56.23476395501453,49.31399479698315,"https://sun9-72.userapi.com/s/v1/ig2/kUPqGDWSdf3nQhrBAlA_FOzPtSnKSzSFQa077pRSHkSvE5Lm3f0-QNCy7sXMtc12OPqGpRRLRgk4EpEEV6YvdwrA.jpg?quality=95&as=32x43,48x64,72x96,108x144,160x213,240x320,360x480,480x640,540x720,640x853,720x960,1080x1440,1280x1707,1440x1920,1920x2560&from=bu&cs=1920x0",,False,,synagogue,True,False,-224421397__457244718
457244716,307261016,-224421397,-224421397,1756970518,2025-09-04 09:21:58,58.008604,56.234423,58.00819896273859,56.23476395501453,49.31399479698315,"https://sun9-14.userapi.com/s/v1/ig2/pUnXNgqHQs0ZLgTy_L9hnyjViG1ji73Vjbvf97E1EvJm_9wuHV-TDC0TTh9OOYlpUEASem8UeFlUe7dxPLxrDtRO.jpg?quality=95&as=32x43,48x64,72x96,108x144,160x213,240x320,360x480,480x640,540x720,640x853,720x960,1080x1440,1280x1707,1440x1920,1920x2560&from=bu&cs=1920x0",,False,,synagogue,True,False,-224421397__457244716
457244700,307261016,-224421397,-224421397,1756970504,2025-09-04 09:21:44,58.008506,56.234318,58.00819896273859,56.23476395501453,43.07896376064505,"https://sun9-4.userapi.com/s/v1/ig2/1zfEPiNxqqTbwiUrqxW5KKNSqUx8HaQXOSW3isQt9e21iVKhHb3VaAQpWR7EqlddFUjmyxy-FsdhU8KISwix73ZR.jpg?quality=95&as=32x43,48x64,72x96,108x144,160x213,240x320,360x480,480x640,540x720,640x853,720x960,1080x1440,1280x1707,1440x1920,1920x2560&from=bu&cs=1920x0",,False,,synagogue,True,False,-224421397__457244700
457244662,307261016,-224421397,-224421397,1756970469,2025-09-04 09:21:09,58.008604,56.234423,58.00819896273859,56.23476395501453,49.31399479698315,"https://sun9-85.userapi.com/s/v1/ig2/oyohkI1NYD7dkeFV0mlcinp1DM-xv7uSoo_1AJIV67FzURkXA06Ummggu9AEkUH_X84bytrv2MEh9GTyOrQvavyP.jpg?quality=95&as=32x43,48x64,72x96,108x144,160x213,240x320,360x480,480x640,540x720,640x853,720x960,1080x1440,1280x1707,1440x1920,1920x2560&from=bu&cs=1920x0",,False,,synagogue,True,False,-224421397__457244662
457244661,307261016,-224421397,-224421397,1756970467,2025-09-04 09:21:07,58.008604,56.234423,58.00819896273859,56.23476395501453,49.31399479698315,"https://sun9-7.userapi.com/s/v1/if2/lvFT22Yn3GFv9gqtK-MsWXDEFlsFcyNqgH9IjkCI9xyjC7gTlSRmx6J6Jvly7R9MBoE9o5Rf6aws8oxnqLJ3DArO.jpg?quality=95&as=32x24,48x36,72x54,108x81,160x120,240x180,360x270,480x360,540x405,640x480,720x540,1080x810,1280x960,1440x1080,2560x1920&from=bu&cs=2560x0",,False,,synagogue,True,False,-224421397__457244661
457321753,290204260,-43730800,-43730800,1758105066,2025-09-17 12:31:06,58.007611,56.235906,58.00819896273859,56.23476395501453,93.8128984346702,"https://sun9-64.userapi.com/s/v1/ig2/16gYDBjfi6sSdLM801jsmE-bPpmQdHxc5WtFiKL-0G_PX-RhiMseuzPZ53BFE_6Z_oYRKzlkkQRvxCzEipOn2acJ.jpg?quality=95&as=32x46,48x68,72x102,108x154,160x228,240x341,360x512,480x683,540x768,640x910,720x1024,1080x1536,1280x1820,1440x2048,1800x2560&from=bu&cs=1800x0","3000-30%= 2000₽ (оплата наличными)

Размер единый",False,,synagogue,True,False,-43730800__457321753
457322558,286691131,-43730800,-43730800,1761122862,2025-10-22 10:47:42,58.007618,56.236011,58.00819896273859,56.23476395501453,97.82785663198273,"https://sun9-4.userapi.com/s/v1/if2/lrAsBCz1QcQgvFALpQS0mnnjjGd2KRYhBdGw3PsmyyFJYxlRUQrLQauU9CGlmPTpwb4aW5HvF-2OOtAVNuMOQw6R.jpg?quality=95&as=32x31,48x46,72x69,108x104,160x153,240x230,360x345,480x460,540x518,640x614,720x690,1080x1036,1280x1227,1440x1381,2558x2453&from=bu&cs=2558x0","6000-30%= 4200₽ (оплата наличными)

Размеры 42,44,46",False,,synagogue,True,False,-43730800__457322558
457239152,-7,-232751538,-232751538,1761403574,2025-10-25 16:46:14,58.008604,56.234423,58.00819896273859,56.23476395501453,49.31399479698315,"https://sun9-80.userapi.com/s/v1/ig2/Lum1OvD9k4WT7JWG_eJU4fUZF7lnK0JUek6Ae_UlG4Vpjkh4xikZECZ4nZQlLqbyVwDpF3vm1SO3aopzajhsDQgi.jpg?quality=95&as=32x43,48x64,72x96,108x144,160x213,240x320,360x480,480x640,540x720,640x853,720x960,1080x1440,1280x1707,1440x1920,1920x2560&from=bu&cs=1920x0",,False,,synagogue,True,False,-232751538__457239152
