photo_id,owner_id,album_id,post_id,post_url,image_url,related_photo_urls,hashtags,date_human,lat,long,poi_lat,poi_lon,distance_meters,poi_name,user_id,user_gender,user_age,user_city,user_city_id,user_kind,post_text,inside_poi_area,inside_poi_building,annotation_text_description,annotation_location_type,annotation_photo_type,annotation_is_advertisement,annotation_city_objects,annotation_city_activities,annotation_user_intent,annotation_has_building,annotation_has_synagogue,annotation_has_feor,annotation_has_other_building,annotation_confidence,model_version,model_timestamp
457240536,-224421397,301013678,,,"https://sun9-18.userapi.com/s/v1/ig2/cfVvOfG_9z39hWQeyWczUNo5HtS1spTCmBcQ0TfGNHSZC1qIPPE-GNEZNYm7sWC6oPbfb8i4QwvVYRQ_KokTit1E.jpg?quality=95&as=32x43,48x64,72x96,108x144,160x213,240x320,360x480,480x640,540x720,640x853,720x960,1080x1440,1280x1707,1440x1920,1920x2560&from=bu&cs=1920x0",,,2024-03-30 09:45:20,58.008604,56.234423,58.00819896273859,56.23476395501453,49.31399479698315,synagogue,-224421397,,,,,,,True,False,,,,,,,,True,False,,,,,
457240685,-224421397,301013678,,,"https://sun9-47.userapi.com/s/v1/ig2/jG7xotbNK6S_UhDnv04DwMHwkO8QB0lXdLd9sTq74ZLlr_feuwThxwy2uslv0XCIStwBh-FJeNFQh3XI0xv4DPvT.jpg?quality=95&as=32x43,48x64,72x96,108x144,160x213,240x320,360x480,480x640,540x720,640x853,720x960,1080x1440,1280x1707,1440x1920,1920x2560&from=bu&cs=1920x0",,,2024-03-30 10:44:16,58.008604,56.234423,58.00819896273859,56.23476395501453,49.31399479698315,synagogue,-224421397,,,,,,,True,False,,,,,,,,True,False,,,,,
457253112,-170690865,-7,,,"https://sun9-82.userapi.com/s/v1/ig2/kJlXHVrxe5gLR8POdZdP0BO732qnChWDDnHXwNkdPKd2JuYJQ8UHEeJvp6mgYM-1_OV9e17UAxLUa3itDt1cY-NB.jpg?quality=95&as=32x43,48x64,72x96,108x144,160x214,240x320,360x481,480x641,540x721,640x855,720x961,1080x1442,1280x1709,1342x1792&from=bu&cs=1342x0",,,2022-08-23 14:59:59,58.008016,56.234306,58.00819896273859,56.23476395501453,33.78969930208058,synagogue,-170690865,,,,,,,True,False,,,,,,,,True,False,,,,,
457240386,-224421397,300940854,,,"https://sun9-6.userapi.com/s/v1/ig2/HAXshcPYwDzQdqv3pbUsTk72ztJR8vRc3IR1HgKaDV54gnUqbMXSFWFf5beEe6n3Xe5DIXNJ0GBircNpK9fUk15t.jpg?quality=95&as=32x43,48x64,72x96,108x144,160x213,240x320,360x480,480x640,540x720,640x853,720x960,1080x1440,1280x1707,1440x1920,1920x2560&from=bu&cs=1920x0",,,2024-03-24 13:12:55,58.008604,56.234423,58.00819896273859,56.23476395501453,49.31399479698315,synagogue,-224421397,,,,,,,True,False,,,,,,,,True,False,,,,,
457240709,-224421397,301013678,,,"https://sun9-53.userapi.com/s/v1/ig2/xly13u1gghpE0jsPt9wnFaZ-_APJhiIPZnWzRG8Vo0qck6Wk-h3jSjo0isJLHCTWUbESm3uGZoEYL9jrmq43dIqi.jpg?quality=95&as=32x43,48x64,72x96,108x144,160x213,240x320,360x480,480x640,540x720,640x853,720x960,1080x1440,1280x1707,1440x1920,1920x2560&from=bu&cs=1920x0",,,2024-03-30 10:44:55,58.008604,56.234423,58.00819896273859,56.23476395501453,49.31399479698315,synagogue,-224421397,,,,,,,True,False,,,,,,,,True,False,,,,,
457239691,-183475242,-7,,,"https://sun9-38.userapi.com/s/v1/ig1/_2oHPyjLXx4Ck6KcyAWVUf7YOipzbMIccy9R9Zw5zV2za4Ng3lfnarvUX6cZ3AXlq9lHJLZ0.jpg?quality=96&as=32x43,48x64,72x96,108x144,160x213,240x320,360x480,480x640,540x720,640x853,720x960,1000x1333&from=bu&cs=1000x0",,,2019-09-06 15:33:02,58.007632,56.235879,58.00819896273859,56.23476395501453,91.046583902512,synagogue,-183475242,,,,,,,True,False,,,,,,,,True,False,,,,,
457240578,-224421397,301013678,,,"https://sun9-32.userapi.com/s/v1/ig2/_ZZFn3Bg7xtAxhdBFghNRLramYZXleufWRWh2TVjTsMDbYX51T7ST-PIdZ3b8jMad0MtG4W_piVG3JjMefAGjrEc.jpg?quality=95&as=32x43,48x64,72x96,108x144,160x213,240x320,360x480,480x640,540x720,640x853,720x960,1080x1440,1280x1707,1440x1920,1920x2560&from=bu&cs=1920x0",,,2024-03-30 09:46:29,58.008604,56.234423,58.00819896273859,56.23476395501453,49.31399479698315,synagogue,-224421397,,,,,,,True,False,,,,,,,,True,False,,,,,
457240357,-224421397,300940670,,,"https://sun9-41.userapi.com/s/v1/ig2/KldHdL7_WgdjASpQqhKg6uvK9OqIpo71xH8Dw83-6y6ZwlCBFowilGUUfU66HKzFZNguRhP7F6OnB5mHIxAfCyZi.jpg?quality=95&as=32x43,48x64,72x96,108x144,160x213,240x320,360x480,480x640,540x720,640x853,720x960,1080x1440,1280x1707,1440x1920,1920x2560&from=bu&cs=1920x0",,,2024-03-24 12:37:00,58.008604,56.234423,58.00819896273859,56.23476395501453,49.31399479698315,synagogue,-224421397,,,,,,,True,False,,,,,,,,True,False,,,,,
457240391,-224421397,300940854,,,"https://sun9-40.userapi.com/s/v1/ig2/0dy6zJxhf_sIQvDSddWCvyRavsdbTwYY9R6okSLCZTwNQ4_d3Ag5bKPi2d3eiJ9R5JtOyDKuLNd0sufes6qBfd9o.jpg?quality=95&as=32x43,48x64,72x96,108x144,160x213,240x320,360x480,480x640,540x720,640x853,720x960,1080x1440,1280x1707,1440x1920,1920x2560&from=bu&cs=1920x0",,,2024-03-24 13:13:02,58.008604,56.234423,58.00819896273859,56.23476395501453,49.31399479698315,synagogue,-224421397,,,,,,,True,False,,,,,,,,True,False,,,,,
457256946,-170690865,-7,,,"https://sun9-16.userapi.com/s/v1/ig2/Yo8r2HDo5LBilfmXWG9Mucp9RIJAoUG9zR104_CVYZNFbrWKkv-YeYZU6W3Dy639I48mRcSRmkKv5BwAOjWzkmfs.jpg?quality=95&as=32x43,48x64,72x96,108x144,160x213,240x320,360x480,480x640,540x720,640x853,720x960,1080x1440,1280x1707,1398x1864&from=bu&cs=1398x0",,,2023-04-28 15:06:20,58.008016,56.234306,58.00819896273859,56.23476395501453,33.78969930208058,synagogue,-170690865,,,,,,,True,False,,,,,,,,True,False,,,,,
457241182,-224421397,-7,,,"https://sun9-88.userapi.com/s/v1/ig2/iLnPomeuQBGWoig0zpOXGNUC_H5YAJNmi6mI_yR29E8OSxogtkTYmJvy73oKO8YjEe_sf3OW2Td7n0EmG9RyuCek.jpg?quality=95&as=32x43,48x64,72x96,108x144,160x213,240x320,360x480,480x640,540x720,640x853,720x960,1080x1440,1280x1707,1440x1920,1920x2560&from=bu&cs=1920x0",,,2024-06-07 15:42:12,58.008604,56.234423,58.00819896273859,56.23476395501453,49.31399479698315,synagogue,-224421397,,,,,,,True,False,,,,,,,,True,False,,,,,
457255200,-170690865,-7,,,"https://sun9-63.userapi.com/s/v1/ig2/FQGQQYFJvZhS1OepcF58v-wIGhAoh0Nvpk9USbeiL-nBmFkeeV3WWYsEvs1C0CI_VholovK41uYAGkhZyp6z4qpZ.jpg?quality=95&as=32x43,48x64,72x96,108x144,160x213,240x320,360x480,480x640,540x720,640x853,720x960,1080x1440,1280x1707,1344x1792&from=bu&cs=1344x0",,,2023-01-06 13:15:07,58.008023,56.234411,58.00819896273859,56.23476395501453,28.55136751134135,synagogue,-170690865,,,,,,,True,False,,,,,,,,True,False,,,,,
457240655,-224421397,301013678,,,"https://sun9-19.userapi.com/s/v1/ig2/QykvnpmiHrHs3lq9PvkW9bVSSBkGFzC7WSIwN3LBhuvz3YcEvsWSn0PGjafwm-8vp14uJr7JYXt0oeDZAJdO9cXO.jpg?quality=95&as=32x43,48x64,72x96,108x144,160x213,240x320,360x480,480x640,540x720,640x853,720x960,1080x1440,1280x1707,1440x1920,1920x2560&from=bu&cs=1920x0",,,2024-03-30 10:43:33,58.008604,56.234423,58.00819896273859,56.23476395501453,49.31399479698315,synagogue,-224421397,,,,,,,True,False,,,,,,,,True,False,,,,,
457241264,-224421397,-7,,,"https://sun9-74.userapi.com/s/v1/ig2/fICS3vSE6847yRL94Z0r6ESIp4u3rKt7CzNnbJJlEg-mfkYLSbNIZ4m_G7dMeGPk-AkJC3Ywupdr56OczSRR10bX.jpg?quality=95&as=32x43,48x64,72x96,108x144,160x213,240x320,360x480,480x640,540x720,640x853,720x960,1080x1440,1280x1707,1440x1920,1920x2560&from=bu&cs=1920x0",,,2024-06-19 13:40:48,58.008604,56.234423,58.00819896273859,56.23476395501453,49.31399479698315,synagogue,-224421397,,,,,,,True,False,,,,,,,,True,False,,,,,
457240373,-224421397,300940670,,,"https://sun9-79.userapi.com/s/v1/ig2/JVHuFrUqdof1BRtDpGbrgM-tvbAqXVzaf0PDveLg6FGSJX4S4eeAmjId6xzzcvgc1vswi1bsfCNJKGUDcawVsWTl.jpg?quality=95&as=32x43,48x64,72x96,108x144,160x213,240x320,360x480,480x640,540x720,640x853,720x960,1080x1440,1280x1707,1440x1920,1920x2560&from=bu&cs=1920x0",,,2024-03-24 12:37:20,58.008604,56.234423,58.00819896273859,56.23476395501453,49.31399479698315,synagogue,-224421397,,,,,,,True,False,,,,,,,,True,False,,,,,
457254959,-170690865,-7,,,"https://sun9-65.userapi.com/s/v1/ig2/ash3TwW1Kpf2Qz3LuoBn7Xz3Cq0ohwGL1n4sVG9Q6pBBZQLy6naWHcLBtHvnrzYLg6pxBPcVVH1R9sObj8OF3n6r.jpg?quality=95&as=32x43,48x64,72x96,108x144,160x213,240x320,360x480,480x640,540x720,640x853,720x960,1080x1440,1280x1707,1344x1792&from=bu&cs=1344x0",,,2022-12-16 11:19:36,58.008023,56.234411,58.00819896273859,56.23476395501453,28.55136751134135,synagogue,-170690865,,,,,,,True,False,,,,,,,,True,False,,,,,
457240533,-224421397,301013678,,,"https://sun9-32.userapi.com/s/v1/ig2/fbPmZaCVJluNIgeiHcKInfC2Vk9nGM8C3vXwgrMaUZXG9BM7t2ixrPEz3UoGMdiHw_oYTvikXhA4tW9Bja1MPajW.jpg?quality=95&as=32x43,48x64,72x96,108x144,160x213,240x320,360x480,480x640,540x720,640x853,720x960,1080x1440,1280x1707,1440x1920,1920x2560&from=bu&cs=1920x0",,,2024-03-30 09:41:03,58.008604,56.234423,58.00819896273859,56.23476395501453,49.31399479698315,synagogue,-224421397,,,,,,,True,False,,,,,,,,True,False,,,,,
457240361,-224421397,300940670,,,"https://sun9-33.userapi.com/s/v1/ig2/Jx-U-pmshKZvACkaaSUd9MNfFJgkiLoVC4kJskusaHYiYdT6OMNybn7p-ZtJgwqb-8kKUuzkY27CDKpp6bZWFBDc.jpg?quality=95&as=32x43,48x64,72x96,108x144,160x213,240x320,360x480,480x640,540x720,640x853,720x960,1080x1440,1280x1707,1440x1920,1920x2560&from=bu&cs=1920x0",,,2024-03-24 12:37:05,58.008604,56.234423,58.00819896273859,56.23476395501453,49.31399479698315,synagogue,-224421397,,,,,,,True,False,,,,,,,,True,False,,,,,
456243501,261660768,-7,,,"https://sun9-12.userapi.com/s/v1/ig1/Gkz0pAJGa866Jpjt4urjgfhnUaj6F5wmq3-9kVkdjexT4A3M8wjOcKP7AQh_c_NNMFw6pWQQ.jpg?quality=96&as=32x37,48x56,72x84,108x126,160x187,240x280,360x420,480x561,540x631,640x747,720x841,822x960&from=bu&cs=822x0",,,2018-04-28 12:16:10,58.007618,56.23584,58.00819896273859,56.23476395501453,90.50757876853152,synagogue,261660768,,,,,,,True,False,,,,,,,,True,False,,,,,
457242044,-224421397,-7,,,"https://sun9-6.userapi.com/s/v1/ig2/t_Usdw0CODNPMhSat-8F3YwxYkKIuOzQmZukCdRExGo9f_1JwG0DqrqCxg7yoRL2pJKWwRL1T3MkTcSw1MZ5mGqF.jpg?quality=95&as=32x43,48x64,72x96,108x144,160x213,240x320,360x480,480x640,540x720,640x853,720x960,1080x1440,1280x1707,1440x1920,1920x2560&from=bu&cs=1920x0",,,2024-10-16 15:14:24,58.008604,56.234423,58.00819896273859,56.23476395501453,49.31399479698315,synagogue,-224421397,,,,,,,True,False,,,,,,,,True,False,,,,,
456241341,269898165,-7,,,"https://sun9-31.userapi.com/s/v1/ig1/tE0mGLQeL0-tBpVQyo8S49myWbqeDv7cn1sId3282aYlIWjS2pG2aoTPjNR_yE-F7jvpUrch.jpg?quality=96&as=32x40,48x60,72x90,108x135,160x200,240x300,360x450,480x600,540x675,640x800,720x900,768x960&from=bu&cs=768x0",,,2018-11-03 10:00:18,58.008009,56.234372,58.00819896273859,56.23476395501453,31.294503437941728,synagogue,269898165,,,,,,,True,False,,,,,,,,True,False,,,,,
457250541,261660768,-7,,,"https://sun9-66.userapi.com/s/v1/ig2/Ae9PKQwjXN-Ugy5nNfCnJpT7Y2E4UUkyNPhrDCaHmQhXJE4R49PZulmzFXG_wf-K2beDtOClEN4ClPtVgTPBSPT6.jpg?quality=96&as=32x43,48x64,72x96,108x144,160x214,240x320,360x481,480x641,540x721,640x855,720x961,1080x1442,1280x1709,1342x1792&from=bu&cs=1342x0",,,2020-07-02 05:51:04,58.007644,56.233514,58.00819896273859,56.23476395501453,96.07463451413136,synagogue,261660768,,,,,,,True,False,,,,,,,,True,False,,,,,
457255158,-170690865,-7,,,"https://sun9-64.userapi.com/s/v1/ig2/4ICpWdn8b7dTW2iNwRIimqveCTJj-DEyOu8Q1KI6NncYsbouK-uXQ6iaAdM-4w1_Gw8KsHTZ0t88fR-0YGcPNARZ.jpg?quality=95&as=32x43,48x64,72x96,108x144,160x213,240x320,360x480,480x640,540x720,640x853,720x960,1080x1440,1280x1707,1344x1792&from=bu&cs=1344x0",,,2023-01-04 09:11:43,58.008023,56.234411,58.00819896273859,56.23476395501453,28.55136751134135,synagogue,-170690865,,,,,,,True,False,,,,,,,,True,False,,,,,
457240530,-224421397,301013678,,,"https://sun9-8.userapi.com/s/v1/ig2/bA591-8wfqIPxnTgxE4dSzUmXw3aNo6tZDUmS13BAvTjzJ-x2mL6GM85Al6xof4r2qAT3Dlqsbgg0Kz2hZJoTqKL.jpg?quality=95&as=32x43,48x64,72x96,108x144,160x213,240x320,360x480,480x640,540x720,640x853,720x960,1080x1440,1280x1707,1440x1920,1920x2560&from=bu&cs=1920x0",,,2024-03-30 09:40:48,58.008604,56.234423,58.00819896273859,56.23476395501453,49.31399479698315,synagogue,-224421397,,,,,,,True,False,,,,,,,,True,False,,,,,
457240669,-224421397,301013678,,,"https://sun9-5.userapi.com/s/v1/ig2/gdnW5Ifh7LRsVrbYizaPdSFAjMb6t1yLDUFg09jtOxRHJp8Vvr3jarccYnuQH1Vlpjg1ZRWfyZwIHzyIIgc9zi7i.jpg?quality=95&as=32x43,48x64,72x96,108x144,160x213,240x320,360x480,480x640,540x720,640x853,720x960,1080x1440,1280x1707,1440x1920,1920x2560&from=bu&cs=1920x0",,,2024-03-30 10:43:54,58.008604,56.234423,58.00819896273859,56.23476395501453,49.31399479698315,synagogue,-224421397,,,,,,,True,False,,,,,,,,True,False,,,,,
457240325,-224421397,300940670,,,"https://sun9-2.userapi.com/s/v1/ig2/lraXGvmFz2amFDYP3QD4NIGcukKMkbgNcRDxX8B5hne848awXbhiiAO6aKsjHmtlHzRBgm88ujxClt3vZWd-sdFd.jpg?quality=95&as=32x43,48x64,72x96,108x144,160x213,240x320,360x480,480x640,540x720,640x853,720x960,1080x1440,1280x1707,1440x1920,1920x2560&from=bu&cs=1920x0",,,2024-03-24 12:36:14,58.008604,56.234423,58.00819896273859,56.23476395501453,49.31399479698315,synagogue,-224421397,,,,,,,True,False,,,,,,,,True,False,,,,,
457250515,-170690865,-7,,,"https://sun9-19.userapi.com/s/v1/ig2/c9UrDZFur-Tdzaz7Lp8sw-l7NoLmdJozWUNgDKRcwAuBKCDHyHqrcH3dGSS1qMqtIKyIYyEGI4DJMfFglHl7PAMa.jpg?quality=95&as=32x43,48x64,72x96,108x144,160x214,240x320,360x481,480x641,540x721,640x855,720x961,1080x1442,1280x1709,1342x1792&from=bu&cs=1342x0",,,2022-05-31 12:37:52,58.008016,56.234306,58.00819896273859,56.23476395501453,33.78969930208058,synagogue,-170690865,,,,,,,True,False,,,,,,,,True,False,,,,,
457253161,-170690865,-7,,,"https://sun9-23.userapi.com/s/v1/ig2/Y_zhrPxBOOVLUDOKjENLNkt8em_J-8JD_tj-jdS58gFebEnE9IJmIWiCl_LBGMfSIfGhIHY0CRUPGK99lmkLBIrB.jpg?quality=95&as=32x43,48x64,72x96,108x144,160x213,240x320,360x480,480x640,540x720,640x853,720x960,1080x1440,1280x1707,1344x1792&from=bu&cs=1344x0",,,2022-08-25 15:45:16,58.007911,56.234094,58.00819896273859,56.23476395501453,50.82307597422893,synagogue,-170690865,,,,,,,True,False,,,,,,,,True,False,,,,,
457247254,183228100,-7,,,"https://sun9-6.userapi.com/s/v1/ig2/oq-goTVEt8aRBE2toGyg9TGvDUOdIBDBV2GmGZXTWez11D3g9_mEw940Ly719wO0qZHVhpj5VjtlEpKVFE2ztwar.jpg?quality=95&as=32x43,48x64,72x96,108x144,160x213,240x320,360x480,480x640,540x720,640x853,720x960,1080x1440,1200x1600&from=bu&cs=1200x0",,,2022-08-14 06:05:08,58.007611,56.235906,58.00819896273859,56.23476395501453,93.8128984346702,synagogue,183228100,,,,,,,True,False,,,,,,,,True,False,,,,,
457240379,-224421397,300940670,,,"https://sun9-16.userapi.com/s/v1/ig2/nypCe91JALGWd_-EL_rwkc7sy4RFfalmaTK9bc18C6eniKk7qsa2V0CiAilTvw6L-oFmqBV3BOwUfPkiwmxs6h7L.jpg?quality=95&as=32x43,48x64,72x96,108x144,160x213,240x320,360x480,480x640,540x720,640x853,720x960,1080x1440,1280x1707,1440x1920,1920x2560&from=bu&cs=1920x0",,,2024-03-24 12:37:28,58.008604,56.234423,58.00819896273859,56.23476395501453,49.31399479698315,synagogue,-224421397,,,,,,,True,False,,,,,,,,True,False,,,,,
457251139,-167874142,-7,,,"https://sun9-31.userapi.com/s/v1/if2/e676YJYmtxYK8RXr32_JC4uDQHvxigFsctxCz08oPbYpVcXqJ_TwjvwkR7MK_V9pGn862-yuZU2_-qEf7Rmst609.jpg?quality=95&as=32x24,48x36,72x54,108x81,160x120,240x180,360x270,480x360,540x405,640x480,720x540,1080x810,1280x960,1440x1080,2560x1920&from=bu&cs=2560x0",,,2024-08-12 14:30:39,58.007715,56.234914,58.00819896273859,56.23476395501453,54.535328999557485,synagogue,-167874142,,,,,,,True,False,,,,,,,,True,False,,,,,
456243498,261660768,-7,,,"https://sun9-78.userapi.com/s/v1/ig1/Gr2Ef30O0QxW2v2-Sk6d_ATN-c4PCQcHzakVqpJYD4Mt-fNaooVojeyayjaVes_pGP-eY9Vh.jpg?quality=96&as=32x40,48x60,72x90,108x135,160x200,240x300,360x450,480x600,540x675,640x800,720x900,768x960&from=bu&cs=768x0",,,2018-04-28 12:13:17,58.007597,56.235866,58.00819896273859,56.23476395501453,93.24864383870118,synagogue,261660768,,,,,,,True,False,,,,,,,,True,False,,,,,
457240650,-224421397,301013678,,,"https://sun9-20.userapi.com/s/v1/ig2/E9OSNqyIMNa04GCd64lWtsDCc7e2Z3jsJa9P7kUUc6KtrwAD4s9fbj2oi_OTr5WPrpPalrPrPqU8I2fF9F2jWU5K.jpg?quality=95&as=32x43,48x64,72x96,108x144,160x213,240x320,360x480,480x640,540x720,640x853,720x960,1080x1440,1280x1707,1440x1920,1920x2560&from=bu&cs=1920x0",,,2024-03-30 10:43:22,58.008604,56.234423,58.00819896273859,56.23476395501453,49.31399479698315,synagogue,-224421397,,,,,,,True,False,,,,,,,,True,False,,,,,
457240614,-224421397,301013678,,,"https://sun9-34.userapi.com/s/v1/ig2/7YXoQ-SCMH1OxV7i7gk6MXctZpKTAseXRQh9xP7x4vGgjJZp0IrU6R9hMNA7LmeD94nE4AnRr8NslOy25qME6wA8.jpg?quality=95&as=32x43,48x64,72x96,108x144,160x213,240x320,360x480,480x640,540x720,640x853,720x960,1080x1440,1280x1707,1440x1920,1920x2560&from=bu&cs=1920x0",,,2024-03-30 10:11:39,58.008604,56.234423,58.00819896273859,56.23476395501453,49.31399479698315,synagogue,-224421397,,,,,,,True,False,,,,,,,,True,False,,,,,
457240710,-224421397,301013678,,,"https://sun9-1.userapi.com/s/v1/ig2/F1kaoebjKTOGk5ciF8sA8-EunChF4VAYcz0uR9s7-eS8dRoCY5NlIcfXNnDGysjgeJpoam7Bp2zB24boUBFOSt3d.jpg?quality=95&as=32x43,48x64,72x96,108x144,160x213,240x320,360x480,480x640,540x720,640x853,720x960,1080x1440,1280x1707,1440x1920,1920x2560&from=bu&cs=1920x0",,,2024-03-30 10:44:56,58.008604,56.234423,58.00819896273859,56.23476395501453,49.31399479698315,synagogue,-224421397,,,,,,,True,False,,,,,,,,True,False,,,,,
457242610,-224421397,-7,,,"https://sun9-6.userapi.com/s/v1/ig2/7o7hUbu7yb37iVHpq5WD3baQlqVcXQwXI6tzPkN86wilCf_emBCdbsUbLgR-UTzgn3Dfj8br1wYmr9NPmxjmclnq.jpg?quality=95&as=32x43,48x64,72x96,108x144,160x213,240x320,360x480,480x640,540x720,640x853,720x960,1080x1440,1280x1707,1440x1920,1920x2560&from=bu&cs=1920x0",,,2024-11-10 12:21:39,58.008604,56.234423,58.00819896273859,56.23476395501453,49.31399479698315,synagogue,-224421397,,,,,,,True,False,,,,,,,,True,False,,,,,
457240338,-224421397,300940670,,,"https://sun9-82.userapi.com/s/v1/ig2/dReHr7eaBFWnOG0PzO9wMnJbMVEfqABulrb7fA6B-_rqrUGfF0ip2e2cwhi-0fkpvqhcyS2ztHi6g513ojaNWQVV.jpg?quality=95&as=32x43,48x64,72x96,108x144,160x213,240x320,360x480,480x640,540x720,640x853,720x960,1080x1440,1280x1707,1440x1920,1920x2560&from=bu&cs=1920x0",,,2024-03-24 12:36:33,58.008604,56.234423,58.00819896273859,56.23476395501453,49.31399479698315,synagogue,-224421397,,,,,,,True,False,,,,,,,,True,False,,,,,
457250588,124158085,-7,,,"https://sun9-85.userapi.com/s/v1/if2/PO0NlqqjlyEdmyQJzxAjmN5PGsgCTBxFvLx52hOPz1rMSOpNZIVHlkL3A_1rWhrmc1cPM6v94i6nedUo59AeENiV.jpg?quality=96&as=32x24,48x36,72x54,108x81,160x120,240x180,360x270,480x360,540x405,640x480,720x540,1080x810,1280x960,1440x1080,1920x1440&from=bu&cs=1920x0",,,2021-03-03 19:33:17,58.008604,56.234423,58.00819896273859,56.23476395501453,49.31399479698315,synagogue,124158085,,,,,,,True,False,,,,,,,,True,False,,,,,
457241191,-224421397,-7,,,"https://sun9-81.userapi.com/s/v1/ig2/-GsK8apvIl4GWLZEBUysJ4ugE5E9CYtM521E3zQ4g_MQiNPQ5IghavoMvUmle4iJyMAKPWqRvrwTCvMlZr6jWok9.jpg?quality=95&as=32x43,48x64,72x96,108x144,160x213,240x320,360x480,480x640,540x720,640x853,720x960,1080x1440,1280x1707,1440x1920,1920x2560&from=bu&cs=1920x0",,,2024-06-09 09:11:10,58.008604,56.234423,58.00819896273859,56.23476395501453,49.31399479698315,synagogue,-224421397,,,,,,,True,False,,,,,,,,True,False,,,,,
457250534,-170690865,-7,,,"https://sun9-78.userapi.com/s/v1/ig2/yxEEXw_068CXzYAsDO0Vlyq8jjsW1PBer4V8yZTQpTKpu2e4ufXXsiSSfg-dFsbgb0yBZXbxVY_KRFgOkx4plLUG.jpg?quality=95&as=32x43,48x64,72x96,108x144,160x214,240x320,360x481,480x641,540x721,640x855,720x961,1080x1442,1280x1709,1342x1792&from=bu&cs=1342x0",,,2022-05-31 13:18:14,58.008016,56.234306,58.00819896273859,56.23476395501453,33.78969930208058,synagogue,-170690865,,,,,,,True,False,,,,,,,,True,False,,,,,
457256947,-170690865,-7,,,"https://sun9-79.userapi.com/s/v1/ig2/9zcTzVGq-QhOAU5W92imIDImLmoESTxXooxxaoeKFAmwpUCgKZsAhXnQgwUYyfPhlhxkPubhP6mDQgJg1Arbrbti.jpg?quality=95&as=32x43,48x64,72x96,108x144,160x213,240x320,360x480,480x640,540x720,640x853,720x960,1080x1440,1280x1707,1398x1864&from=bu&cs=1398x0",,,2023-04-28 15:06:20,58.008016,56.234306,58.00819896273859,56.23476395501453,33.78969930208058,synagogue,-170690865,,,,,,,True,False,,,,,,,,True,False,,,,,
456239953,-53272954,-7,,,"https://sun9-29.userapi.com/s/v1/ig1/KjzPctW1bo7X_lyiL6qGsErh3kq4zNmnLZLFGC98x86Ha4McNu2Pi2tZ_7vHodp3dZ2tTKQC.jpg?quality=96&as=32x40,48x60,72x90,108x135,160x200,240x300,360x450,480x600,540x675,640x800,720x900,1080x1350,1280x1600,1440x1800,1728x2160&from=bu&cs=1728x0",,,2019-03-27 12:35:36,58.00859,56.234383,58.00819896273859,56.23476395501453,48.9314165939377,synagogue,-53272954,,,,,,,True,False,,,,,,,,True,False,,,,,
457240562,-224421397,301013678,,,"https://sun9-43.userapi.com/s/v1/ig2/qqhaARbJgt8JQ18ZZWS6CvU9EX6ESTyuINiSPtdVgd5LwqHt4KT2R6xNGgnFRuja_VQfUW2Wo0I8iOYQrnppwIyt.jpg?quality=95&as=32x43,48x64,72x96,108x144,160x213,240x320,360x480,480x640,540x720,640x853,720x960,1080x1440,1280x1707,1440x1920,1920x2560&from=bu&cs=1920x0",,,2024-03-30 09:46:05,58.008604,56.234423,58.00819896273859,56.23476395501453,49.31399479698315,synagogue,-224421397,,,,,,,True,False,,,,,,,,True,False,,,,,
457240525,-224421397,301013678,,,"https://sun9-54.userapi.com/s/v1/ig2/KaGh7sVuE25d18nPzpEB2ZikVXGD4XuDlmb0AetEl8ba78nL_lsnRB0iqgPMcJ3KT43U-ToU-eUdT7Mo5sJ-4oKq.jpg?quality=95&as=32x43,48x64,72x96,108x144,160x213,240x320,360x480,480x640,540x720,640x853,720x960,1080x1440,1280x1707,1440x1920,1920x2560&from=bu&cs=1920x0",,,2024-03-30 09:40:32,58.008604,56.234423,58.00819896273859,56.23476395501453,49.31399479698315,synagogue,-224421397,,,,,,,True,False,,,,,,,,True,False,,,,,
457240364,-224421397,300940670,,,"https://sun9-40.userapi.com/s/v1/ig2/K7br0nKqt620hI8pkZVT8x_laGPTqUADL72Y86XfKCRI4HIRVwkLWWOEHnrSUBPlemICl5tXTwP5yMrZII-hT5Rl.jpg?quality=95&as=32x43,48x64,72x96,108x144,160x213,240x320,360x480,480x640,540x720,640x853,720x960,1080x1440,1280x1707,1440x1920,1920x2560&from=bu&cs=1920x0",,,2024-03-24 12:37:09,58.008604,56.234423,58.00819896273859,56.23476395501453,49.31399479698315,synagogue,-224421397,,,,,,,True,False,,,,,,,,True,False,,,,,
457259898,261660768,291213570,,,"https://sun9-79.userapi.com/s/v1/ig2/vYxFvM5sJoe_Xd2Nq-ApRYMGCL1eof7uTINtkGHt4owW4WmnhQdZhXF-S86pyL5zPkXBFRh1P-U6hAPYe3ztBMjQ.jpg?quality=96&as=32x43,48x64,72x96,108x144,160x213,240x320,360x480,480x640,540x720,640x853,720x960,1080x1440,1280x1707,1440x1920,1620x2160&from=bu&cs=1620x0",,,2023-08-21 15:29:20,58.00796,56.234147,58.00819896273859,56.23476395501453,45.022594658333766,synagogue,261660768,,,,,,,True,False,,,,,,,,True,False,,,,,
457260211,261660768,291213570,,,"https://sun9-51.userapi.com/s/v1/ig2/HouSP07-Nxli4Vr7PQJVQ3hM5jMXNDs0YiOE_-vntxcbOxO0d7vKS7Vp5rEiP_ActhauX9DiiGuKg_EUD6cke64L.jpg?quality=96&as=32x54,48x81,72x121,108x182,160x269,240x404,360x606,480x807,540x908,640x1077,720x1211,1080x1817,1280x2153,1284x2160&from=bu&cs=1284x0",,,2023-09-18 14:17:33,58.007974,56.234187,58.00819896273859,56.23476395501453,42.201763408732745,synagogue,261660768,,,,,,,True,False,,,,,,,,True,False,,,,,
359329665,175818923,-7,,,"https://sun9-81.userapi.com/s/v1/ig1/r8VtLqTNxntEXQV90Wr80rHd-vrYcfrMJMSiOz8s6C6G-DWS2JWtqRdkfqtvhQnPjFgKEYX6.jpg?quality=96&as=32x57,48x85,72x128,108x192,160x284,240x426,360x639,480x851,540x958,640x1135,720x1277,920x1632&from=bu&cs=920x0",,,2015-04-15 12:02:25,58.00775,56.235099,58.00819896273859,56.23476395501453,53.68266757427056,synagogue,175818923,,,,,,,True,False,,,,,,,,True,False,,,,,
457255508,-170690865,-7,,,"https://sun9-52.userapi.com/s/v1/ig2/rvaBOp2jcoffJ-3gXVFOSQJCHaZ4VzPec91yjihv4Y29EG_etyRSwTkD1LaRpWG89vpoPuzuwSteLuPt9As_R0TE.jpg?quality=95&as=32x43,48x64,72x96,108x144,160x213,240x320,360x480,480x640,540x720,640x853,720x960,1080x1440,1280x1707,1344x1792&from=bu&cs=1344x0",,,2023-01-24 13:16:10,58.008016,56.234306,58.00819896273859,56.23476395501453,33.78969930208058,synagogue,-170690865,,,,,,,True,False,,,,,,,,True,False,,,,,
457240649,-224421397,301013678,,,"https://sun9-53.userapi.com/s/v1/ig2/seVosUbZqwQqgqzEe1Q5hfRmO9YAPKR4oA42IMz7u1PhRIBtLmqhtAU3d-GlrXM2AzuX_TY5NKVz6irgpom_fn6F.jpg?quality=95&as=32x43,48x64,72x96,108x144,160x213,240x320,360x480,480x640,540x720,640x853,720x960,1080x1440,1280x1707,1440x1920,1920x2560&from=bu&cs=1920x0",,,2024-03-30 10:43:21,58.008604,56.234423,58.00819896273859,56.23476395501453,49.31399479698315,synagogue,-224421397,,,,,,,True,False,,,,,,,,True,False,,,,,
457255588,-170690865,-7,,,"https://sun9-40.userapi.com/s/v1/ig2/P4UN_y0Z6VLa59qOpi6T7lXELW_-PhYUoz3UhM6HozNzBIOsocPGu9Q9fKkjCTe5HSqHr2-V4aSomUVfbBAqGCaK.jpg?quality=95&as=32x43,48x64,72x96,108x144,160x213,240x320,360x480,480x640,540x720,640x853,720x960,1080x1440,1280x1707,1344x1792&from=bu&cs=1344x0",,,2023-02-02 14:22:42,58.008016,56.234306,58.00819896273859,56.23476395501453,33.78969930208058,synagogue,-170690865,,,,,,,True,False,,,,,,,,True,False,,,,,
457240692,-224421397,301013678,,,"https://sun9-83.userapi.com/s/v1/ig2/G-5BwXzwX3j9OWAne0WdRn4h1HWsKXnhXfRWBDe7oJRQMeTptflXrhuWw_i-z7jqnljd1XmsFK3LyqtOcCD9mTHv.jpg?quality=95&as=32x43,48x64,72x96,108x144,160x213,240x320,360x480,480x640,540x720,640x853,720x960,1080x1440,1280x1707,1440x1920,1920x2560&from=bu&cs=1920x0",,,2024-03-30 10:44:27,58.008604,56.234423,58.00819896273859,56.23476395501453,49.31399479698315,synagogue,-224421397,,,,,,,True,False,,,,,,,,True,False,,,,,
457240616,-224421397,301013678,,,"https://sun9-20.userapi.com/s/v1/ig2/2pEB7JZB85Hna_HKTwqTluqgmjkg8BoZb5VUzAzpLv65hDkpRqk5y36yK3CCrfER_i_WSeBa64x936-LrIxxCq0G.jpg?quality=95&as=32x43,48x64,72x96,108x144,160x213,240x320,360x480,480x640,540x720,640x853,720x960,1080x1440,1280x1707,1440x1920,1920x2560&from=bu&cs=1920x0",,,2024-03-30 10:11:42,58.008604,56.234423,58.00819896273859,56.23476395501453,49.31399479698315,synagogue,-224421397,,,,,,,True,False,,,,,,,,True,False,,,,,
457240326,-224421397,300940670,,,"https://sun9-24.userapi.com/s/v1/ig2/RTXakEzrWWaos3myChpu9DwMmZ1lneX5dPsZ-S5B1So5TbEU8qiT60oVNplI7lOrqNXNh_ivhX5iThGfEs1fFhOT.jpg?quality=95&as=32x43,48x64,72x96,108x144,160x213,240x320,360x480,480x640,540x720,640x853,720x960,1080x1440,1280x1707,1440x1920,1920x2560&from=bu&cs=1920x0",,,2024-03-24 12:36:15,58.008604,56.234423,58.00819896273859,56.23476395501453,49.31399479698315,synagogue,-224421397,,,,,,,True,False,,,,,,,,True,False,,,,,
457240353,-224421397,300940670,,,"https://sun9-83.userapi.com/s/v1/if2/TxxlMtf1SWJ7xygB-8th30y9q2w-1IviZ0BFwnKcOiIDKva0aabG3vzNUIdqkRxI5MPJg6feBLsFRw-Qyx6eq5Ws.jpg?quality=95&as=32x24,48x36,72x54,108x81,160x120,240x180,360x270,480x360,540x405,640x480,720x540,1080x810,1280x960,1440x1080,2560x1920&from=bu&cs=2560x0",,,2024-03-24 12:36:53,58.008604,56.234423,58.00819896273859,56.23476395501453,49.31399479698315,synagogue,-224421397,,,,,,,True,False,,,,,,,,True,False,,,,,
457241165,-224421397,-7,,,"https://sun9-32.userapi.com/s/v1/ig2/kXK7IqmRM6yer2aVm8oBgUoa6fURXXm7vKCLo2iqE7txfv7BPmzw4ZfWroGJFg9KemyfqavvEeYo7gVoaA3ijbbN.jpg?quality=95&as=32x43,48x64,72x96,108x144,160x213,240x320,360x480,480x640,540x720,640x853,720x960,1080x1440,1280x1707,1440x1920,1920x2560&from=bu&cs=1920x0",,,2024-06-05 12:46:42,58.008604,56.234423,58.00819896273859,56.23476395501453,49.31399479698315,synagogue,-224421397,,,,,,,True,False,,,,,,,,True,False,,,,,
457241161,-224421397,-7,,,"https://sun9-8.userapi.com/s/v1/ig2/zs80Wvs6gyHA1uJdGqwp35a_AXLYpEXDvES94Limie4ZculV4UoimFqKT7aqDv0aKSusUasydO-itdOLx9_M4cQB.jpg?quality=95&as=32x43,48x64,72x96,108x144,160x213,240x320,360x480,480x640,540x720,640x853,720x960,1080x1440,1280x1707,1440x1920,1920x2560&from=bu&cs=1920x0",,,2024-06-05 12:46:42,58.008604,56.234423,58.00819896273859,56.23476395501453,49.31399479698315,synagogue,-224421397,,,,,,,True,False,,,,,,,,True,False,,,,,
457240347,-224421397,300940670,,,"https://sun9-60.userapi.com/s/v1/ig2/lBdbnfmh6NUcK7uc9MF6bNCNp01wg24J9Z5p-QMWygpX1oY85pO0KouZ6Msd1Kve3GFoAK77ogTbphLiJFc9fa3S.jpg?quality=95&as=32x43,48x64,72x96,108x144,160x213,240x320,360x480,480x640,540x720,640x853,720x960,1080x1440,1280x1707,1440x1920,1920x2560&from=bu&cs=1920x0",,,2024-03-24 12:36:45,58.008604,56.234423,58.00819896273859,56.23476395501453,49.31399479698315,synagogue,-224421397,,,,,,,True,False,,,,,,,,True,False,,,,,
457240561,-224421397,301013678,,,"https://sun9-70.userapi.com/s/v1/ig2/hnIwzWTwzIjN9Ng0gsAKwkdUiwnzQnOlcfeJnXyb1LDaR-RCWZi3oIhRMpFC4dcUwO3qyVXVI9HmE0sHAtQDlxQP.jpg?quality=95&as=32x43,48x64,72x96,108x144,160x213,240x320,360x480,480x640,540x720,640x853,720x960,1080x1440,1280x1707,1440x1920,1920x2560&from=bu&cs=1920x0",,,2024-03-30 09:46:03,58.008604,56.234423,58.00819896273859,56.23476395501453,49.31399479698315,synagogue,-224421397,,,,,,,True,False,,,,,,,,True,False,,,,,
457253613,-170690865,-7,,,"https://sun9-33.userapi.com/s/v1/ig2/fEziDP7qmQ9iSzPNFzu2QadVOdrjeC-rDT3eD4hvOT4kmtwn8qPlIZ9C60OynvKuFRMO3Z3wVDUxNmAEzsNvQHUm.jpg?quality=95&as=32x43,48x64,72x96,108x144,160x213,240x320,360x480,480x640,540x720,640x853,720x960,1080x1440,1280x1707,1344x1792&from=bu&cs=1344x0",,,2022-09-16 10:16:56,58.008016,56.234306,58.00819896273859,56.23476395501453,33.78969930208058,synagogue,-170690865,,,,,,,True,False,,,,,,,,True,False,,,,,
457250784,261660768,-7,,,"https://sun9-78.userapi.com/s/v1/ig2/9ysFiNCdx_s4VU8a1kTo6gmrF5bHSEUBVBLWT1ou2BeprfaGtf2Abpp_HQg-IxWRu9-2kIg9Y9nDArlsDtROBsHR.jpg?quality=96&as=32x43,48x64,72x96,108x144,160x214,240x320,360x481,480x641,540x721,640x855,720x961,1080x1442,1280x1709,1342x1792&from=bu&cs=1342x0",,,2020-08-20 07:52:54,58.008086,56.235019,58.00819896273859,56.23476395501453,19.5837827985401,synagogue,261660768,,,,,,,True,False,,,,,,,,True,False,,,,,
457253097,-170690865,-7,,,"https://sun9-65.userapi.com/s/v1/ig2/7WVZ9v5PlG-kwfbecD4FKBXZcAEKirPsSXWO6Rgtgy6hhCgVtFLC9ueYQxfwbFcr3MfmhGGwduPfT3RkXhUVbR1b.jpg?quality=95&as=32x43,48x64,72x96,108x144,160x213,240x320,360x480,480x640,540x720,640x853,720x960,1080x1440,1280x1707,1344x1792&from=bu&cs=1344x0",,,2022-08-22 13:03:23,58.008023,56.234411,58.00819896273859,56.23476395501453,28.55136751134135,synagogue,-170690865,,,,,,,True,False,,,,,,,,True,False,,,,,
457240626,-224421397,301013678,,,"https://sun9-69.userapi.com/s/v1/ig2/wi27-lBGhtog6TexkXOGmc1-x90hJrtXjvnWAHAfh4Z6P-qzI3qmMam0Lu5KN_UxK1NkVCWf0zcP6Km5UcagJy-i.jpg?quality=95&as=32x43,48x64,72x96,108x144,160x213,240x320,360x480,480x640,540x720,640x853,720x960,1080x1440,1280x1707,1440x1920,1920x2560&from=bu&cs=1920x0",,,2024-03-30 10:11:58,58.008604,56.234423,58.00819896273859,56.23476395501453,49.31399479698315,synagogue,-224421397,,,,,,,True,False,,,,,,,,True,False,,,,,
456239461,95047177,-7,,,"https://sun9-11.userapi.com/s/v1/if1/MV2HGB6EX3ETNHYcbz1CdGo5nS1TKsTqoW3SWrjpFkAwXN2WUWKceJs55-6klWnpUw5Ij8Du.jpg?quality=96&as=32x24,48x36,72x54,108x81,160x120,240x180,360x270,480x359,540x404,640x479,720x539,960x719&from=bu&cs=960x0",,,2017-06-04 16:44:38,58.007623,56.23354,58.00819896273859,56.23476395501453,96.4404112329554,synagogue,95047177,,,,,,,True,False,,,,,,,,True,False,,,,,
457240633,-224421397,301013678,,,"https://sun9-32.userapi.com/s/v1/ig2/fZAFsT9r1MnrI3aobqkuZvDnezYNKV3CyeFhls1RP3FHvprjvNQBmMzgA4BYZizqNTYl-UsnA1Mu-5zaxEKpQuip.jpg?quality=95&as=32x43,48x64,72x96,108x144,160x213,240x320,360x480,480x640,540x720,640x853,720x960,1080x1440,1280x1707,1440x1920,1920x2560&from=bu&cs=1920x0",,,2024-03-30 10:12:09,58.008604,56.234423,58.00819896273859,56.23476395501453,49.31399479698315,synagogue,-224421397,,,,,,,True,False,,,,,,,,True,False,,,,,
457244661,-224421397,307261016,,,"https://sun9-7.userapi.com/s/v1/if2/lvFT22Yn3GFv9gqtK-MsWXDEFlsFcyNqgH9IjkCI9xyjC7gTlSRmx6J6Jvly7R9MBoE9o5Rf6aws8oxnqLJ3DArO.jpg?quality=95&as=32x24,48x36,72x54,108x81,160x120,240x180,360x270,480x360,540x405,640x480,720x540,1080x810,1280x960,1440x1080,2560x1920&from=bu&cs=2560x0",,,2025-09-04 09:21:07,58.008604,56.234423,58.00819896273859,56.23476395501453,49.31399479698315,synagogue,-224421397,,,,,,,True,False,,,,,,,,True,True,,False,,,
457241265,392721900,-7,1769.0,https://vk.com/wall392721900_1769,"https://sun9-23.userapi.com/s/v1/ig2/Ex-Yz596PUGY_YxEx_7c4CYmtlX5jtj_LniQGmPdb8p4-f_I3SZIHtB0KJOwZhtMsifWstw9S53oZkZiQPv_izXp.jpg?quality=96&as=32x32,48x48,72x72,108x108,160x160,240x240,360x360,480x480,540x540,640x640,720x720,1080x1080,1280x1280,1440x1440,2160x2160&from=bu&cs=2160x0",,,2019-10-23 08:09:22,58.00763,56.233646,58.00819896273859,56.23476395501453,91.32427096338348,synagogue,392721900,,,,,,,True,False,,,,,,,,True,False,,,,,
457260215,261660768,291213570,,,"https://sun9-56.userapi.com/s/v1/ig2/s5FxAwq_VxQSjYeZaVvYKLo0yDHjzxyuGuxb8SdGpCl4mE_O4TAb_ylhz_4q-pGMrtYQN9smpWcdAoukig7vFJHu.jpg?quality=96&as=32x49,48x73,72x110,108x165,160x245,240x367,360x551,480x735,540x827,640x980,720x1102,1080x1653,1280x1959,1411x2160&from=bu&cs=1411x0",,,2023-09-18 14:17:40,58.0081,56.234371,58.00819896273859,56.23476395501453,25.63168806862104,synagogue,261660768,,,,,,,True,False,,,,,,,,True,False,,,,,
457251068,-170690865,-7,,,"https://sun9-55.userapi.com/s/v1/ig2/2QLfPHwaWB70nALmjYhVvfBw-r5zIcI-ddDq7FHZ8RacLPrFe2V3KnSa4Z7bT5M3KSynKgByczVPf7fFxGbdAUsD.jpg?quality=95&as=32x43,48x64,72x96,108x144,160x213,240x320,360x480,480x640,540x720,640x853,720x960,1080x1440,1280x1707,1344x1792&from=bu&cs=1344x0",,,2022-06-07 11:51:48,58.008016,56.234306,58.00819896273859,56.23476395501453,33.78969930208058,synagogue,-170690865,,,,,,,True,False,,,,,,,,True,False,,,,,
457305051,360619746,-7,251194.0,https://vk.com/wall360619746_251194,"https://sun9-46.userapi.com/s/v1/if1/Hu3fUbnIQIALq71EiJ7lBCdFQB0KyEuDsbYgxZeHC1q6tKeHLareq6gYLdXlIEx_kBGLCIxW.jpg?quality=96&as=32x24,48x36,72x54,108x81,160x120,240x180,360x270,480x360,540x405,640x480&from=bu&cs=640x0",,,2019-07-12 17:16:30,58.007581,56.233593,58.00819896273859,56.23476395501453,97.3665676932762,synagogue,360619746,,,,,,,True,False,,,,,,,,True,False,,,,,
457239066,-188139110,-7,35.0,https://vk.com/wall-188139110_35,"https://sun9-60.userapi.com/s/v1/ig1/J7qBTZTZkEM91QV4yxJOpEeI1oxPwxbeUCfIxatfNqAmeSGsCwVQpbILzLREYJepoME0RRv_.jpg?quality=96&as=32x43,48x64,72x96,108x144,160x213,240x320,360x480,480x640,540x720,640x853,720x960,1008x1344&from=bu&cs=1008x0","https://sun9-65.userapi.com/s/v1/if1/OVxlk4pbwCS7YVso06OZCkSozLjmRLKxj6lSN1CwTwcyJr3fkuqNddp5jME583k4PkdzfbxN.jpg?quality=96&as=32x18,48x27,72x40,108x61,160x90,240x135,360x202,480x270,540x304,640x360,720x405,1080x607,1280x720&from=bu&cs=1280x0",,2019-11-10 18:52:38,58.007597,56.235866,58.00819896273859,56.23476395501453,93.24864383870118,synagogue,-188139110,,,,,,,True,False,,,,,,,,True,False,,,,,
457240707,-224421397,301013678,,,"https://sun9-49.userapi.com/s/v1/ig2/TlWFc6YKr6ywZbYDiztZszWY6Y19U8egx7laVUCimFjSQ4QuotRw2_E0IGX0DVYmFjrtpZt4JytRZafTOPrvi8TQ.jpg?quality=95&as=32x43,48x64,72x96,108x144,160x213,240x320,360x480,480x640,540x720,640x853,720x960,1080x1440,1280x1707,1440x1920,1920x2560&from=bu&cs=1920x0",,,2024-03-30 10:44:52,58.008604,56.234423,58.00819896273859,56.23476395501453,49.31399479698315,synagogue,-224421397,,,,,,,True,False,,,,,,,,True,False,,,,,
457240600,-224421397,301013678,,,"https://sun9-4.userapi.com/s/v1/ig2/iIhVr1_WEYryHXNJU9VjHJlvk_EVQ4Ygcg7oiRdZwRBGsVO773e3VuG7s9kt88nNsNiuo2AgI1gmC61hFb5494Bm.jpg?quality=95&as=32x43,48x64,72x96,108x144,160x213,240x320,360x480,480x640,540x720,640x853,720x960,1080x1440,1280x1707,1440x1920,1920x2560&from=bu&cs=1920x0",,,2024-03-30 10:11:16,58.008604,56.234423,58.00819896273859,56.23476395501453,49.31399479698315,synagogue,-224421397,,,,,,,True,False,,,,,,,,True,False,,,,,
457240579,-224421397,301013678,,,"https://sun9-54.userapi.com/s/v1/ig2/QH82EeEj4UXPJeib3_6YaCNW5U4shqqrDgflzGBrpnbNZj83SiZ4OcdQJCY8ffwYKCeop_gx5kF5ASeZ07s1oCGe.jpg?quality=95&as=32x43,48x64,72x96,108x144,160x213,240x320,360x480,480x640,540x720,640x853,720x960,1080x1440,1280x1707,1440x1920,1920x2560&from=bu&cs=1920x0",,,2024-03-30 09:46:31,58.008604,56.234423,58.00819896273859,56.23476395501453,49.31399479698315,synagogue,-224421397,,,,,,,True,False,,,,,,,,True,False,,,,,
457240623,-224421397,301013678,,,"https://sun9-64.userapi.com/s/v1/ig2/WODqFcw7XoibA4blzDkkBMRtOau8e2mfuN7LDIjFhadLzEJA_pTLwjhnXYlADl6lysf10BaQVtATjz-jGv1ViG2N.jpg?quality=95&as=32x43,48x64,72x96,108x144,160x213,240x320,360x480,480x640,540x720,640x853,720x960,1080x1440,1280x1707,1440x1920,1920x2560&from=bu&cs=1920x0",,,2024-03-30 10:11:52,58.008604,56.234423,58.00819896273859,56.23476395501453,49.31399479698315,synagogue,-224421397,,,,,,,True,False,,,,,,,,True,False,,,,,
457240342,-224421397,300940670,,,"https://sun9-14.userapi.com/s/v1/ig2/dC2eQ7J5eCi8s5P948KXwJBGS77sAxsQF_J7zsPMW7jNwy4ESpT22-_6qt_AlOUJtLg0sQTIbMxPxr2jwIA-1-dG.jpg?quality=95&as=32x43,48x64,72x96,108x144,160x213,240x320,360x480,480x640,540x720,640x853,720x960,1080x1440,1280x1707,1440x1920,1920x2560&from=bu&cs=1920x0",,,2024-03-24 12:36:38,58.008604,56.234423,58.00819896273859,56.23476395501453,49.31399479698315,synagogue,-224421397,,,,,,,True,False,,,,,,,,True,False,,,,,
457240585,-224421397,301013678,,,"https://sun9-19.userapi.com/s/v1/ig2/lWP30kv4EC1_qC0cSmM5lNUyzcxScMM01HLfFcd9FG-xE3Z-XswY60iR-jvHynNzGWgoIACeh49DA22ACaykZRrX.jpg?quality=95&as=32x43,48x64,72x96,108x144,160x213,240x320,360x480,480x640,540x720,640x853,720x960,1080x1440,1280x1707,1440x1920,1920x2560&from=bu&cs=1920x0",,,2024-03-30 10:10:51,58.008604,56.234423,58.00819896273859,56.23476395501453,49.31399479698315,synagogue,-224421397,,,,,,,True,False,,,,,,,,True,False,,,,,
457240474,-179988268,-7,,,"https://sun9-56.userapi.com/s/v1/ig2/D2A2LxeV3w2wqyfr_Q0lNGF64TPuYxbn14hXSnGzBD8AMsoqyTN1a1xIFHLVcQpe1qnqaUulwDg70cfaW-ot-eFQ.jpg?quality=96&as=32x43,48x64,72x96,108x144,160x213,240x320,360x480,480x640,540x720,640x853,720x960,1080x1440,1280x1707,1440x1920,1620x2160&from=bu&cs=1620x0",,,2020-09-02 08:48:17,58.008121,56.234345,58.00819896273859,56.23476395501453,26.159229423898175,synagogue,-179988268,,,,,,,True,False,,,,,,,,True,False,,,,,
457255808,-170690865,-7,,,"https://sun9-62.userapi.com/s/v1/ig2/B-7lavaAX-9mn1wk0vGHvbeXuaSl2tkIqXNPjgTlFr5IDTIQE8L_HsskbrI2asjP6bXnqk_saE_zQor9e5y3o15I.jpg?quality=95&as=32x43,48x64,72x96,108x144,160x213,240x320,360x480,480x640,540x720,640x853,720x960,1080x1440,1280x1707,1344x1792&from=bu&cs=1344x0",,,2023-02-17 14:09:13,58.008016,56.234306,58.00819896273859,56.23476395501453,33.78969930208058,synagogue,-170690865,,,,,,,True,False,,,,,,,,True,False,,,,,
457240690,-224421397,301013678,,,"https://sun9-51.userapi.com/s/v1/ig2/u0ws7X-7iAKK4ApPrLigZb12EUeOfNBrz0QTcPmauthxE6e5MHS_qirlHsUUyZ3US6Lo283NFNlDXXXnXLqX6HmQ.jpg?quality=95&as=32x43,48x64,72x96,108x144,160x213,240x320,360x480,480x640,540x720,640x853,720x960,1080x1440,1280x1707,1440x1920,1920x2560&from=bu&cs=1920x0",,,2024-03-30 10:44:23,58.008604,56.234423,58.00819896273859,56.23476395501453,49.31399479698315,synagogue,-224421397,,,,,,,True,False,,,,,,,,True,False,,,,,
457240618,-224421397,301013678,,,"https://sun9-69.userapi.com/s/v1/ig2/ul3Ad2X2NkCdZqxg4UJf9La4nKpM6NLqcMul6T7UpkdLkTd_SpQHaP-Si0sJ1RhOXFqfSGs_9B8DpTUecKbTfsDb.jpg?quality=95&as=32x43,48x64,72x96,108x144,160x213,240x320,360x480,480x640,540x720,640x853,720x960,1080x1440,1280x1707,1440x1920,1920x2560&from=bu&cs=1920x0",,,2024-03-30 10:11:45,58.008604,56.234423,58.00819896273859,56.23476395501453,49.31399479698315,synagogue,-224421397,,,,,,,True,False,,,,,,,,True,False,,,,,
457253670,2426676,289375661,,,"https://sun9-53.userapi.com/s/v1/if2/AJZntAY7zGUDNuPV8y2gfVTgMuK8Qp10d9TKuKgWDQFkBsdSUx7s0muXEaOMkqzUW3_gBD7chljWwyOOoC0TFMw8.jpg?quality=95&as=32x27,48x40,72x61,108x91,160x135,240x202,360x303,480x404,540x454,640x538,720x606,749x630&from=bu&cs=749x0",,,2022-11-15 14:41:06,58.007609,56.2335,58.00819896273859,56.23476395501453,99.2368537513353,synagogue,2426676,,,,,,Описание https://vk.com/wall-216919326_99,True,False,,,,,,,,True,False,,,,,
457240715,-224421397,301013678,,,"https://sun9-31.userapi.com/s/v1/ig2/GhnrVs0VpBmOEN074AfI9cS-Jr2O7KACofvbEfB4OIUzLyRscwiuWwf4uwZq197ynDIOLh0rkcmQ7Xc99AezcgSq.jpg?quality=95&as=32x43,48x64,72x96,108x144,160x213,240x320,360x480,480x640,540x720,640x853,720x960,1080x1440,1280x1707,1440x1920,1920x2560&from=bu&cs=1920x0",,,2024-03-30 10:45:04,58.008604,56.234423,58.00819896273859,56.23476395501453,49.31399479698315,synagogue,-224421397,,,,,,,True,False,,,,,,,,True,False,,,,,
456243506,261660768,-7,,,"https://sun9-60.userapi.com/s/v1/ig1/TWBWattBycGgDhAWF61yCBjQa8lek_NtiY1Cfv3QXOHj1RTgqdQBqeOSP5mvgk4I9MSmaeU-.jpg?quality=96&as=32x40,48x60,72x90,108x135,160x200,240x300,360x450,480x600,540x675,640x800,720x900,768x960&from=bu&cs=768x0",,,2018-04-28 14:52:03,58.007618,56.23584,58.00819896273859,56.23476395501453,90.50757876853152,synagogue,261660768,,,,,,,True,False,,,,,,,,True,False,,,,,
457240376,-224421397,300940670,,,"https://sun9-64.userapi.com/s/v1/ig2/F0ifXBgDs4mSKQGKf3E2mNWicKAlUulWXNiSRaQCPQJSUF98SY-OG7-Cq5Of_KLTzGIpfR9cJ4VqjEbsPhxdaIdf.jpg?quality=95&as=32x43,48x64,72x96,108x144,160x213,240x320,360x480,480x640,540x720,640x853,720x960,1080x1440,1280x1707,1440x1920,1920x2560&from=bu&cs=1920x0",,,2024-03-24 12:37:24,58.008604,56.234423,58.00819896273859,56.23476395501453,49.31399479698315,synagogue,-224421397,,,,,,,True,False,,,,,,,,True,False,,,,,
456243505,261660768,-7,,,"https://sun9-26.userapi.com/s/v1/ig1/HuPmTICrRrqPRpB2wdMJjHYJ_aqqtLUZFpQ1REfdaa5Td3saltGugtj8oV5IXfecokvslW-g.jpg?quality=96&as=32x40,48x60,72x90,108x135,160x200,240x300,360x450,480x600,540x675,640x800,720x900,768x960&from=bu&cs=768x0",,,2018-04-28 14:52:03,58.007618,56.23584,58.00819896273859,56.23476395501453,90.50757876853152,synagogue,261660768,,,,,,,True,False,,,,,,,,True,False,,,,,
457240569,-224421397,301013678,,,"https://sun9-27.userapi.com/s/v1/ig2/u0rS3pdWL_v8AYXo5mLRYhsckeev3AGgM9czIdgo1sYmUTh-CbqX9dDVYxK4MhvCAm17GcB5c82rpMlPMKO18VSa.jpg?quality=95&as=32x43,48x64,72x96,108x144,160x213,240x320,360x480,480x640,540x720,640x853,720x960,1080x1440,1280x1707,1440x1920,1920x2560&from=bu&cs=1920x0",,,2024-03-30 09:46:16,58.008604,56.234423,58.00819896273859,56.23476395501453,49.31399479698315,synagogue,-224421397,,,,,,,True,False,,,,,,,,True,False,,,,,
457240566,-224421397,301013678,,,"https://sun9-58.userapi.com/s/v1/ig2/3vgofsu_Av3Ui-fh_uwV6BvIWcc_dO47Tl6KLV55fjgFUIdT0gOGuuRLB42E7AiJAk8rqAHaIYJVVM5aSt3hLmb3.jpg?quality=95&as=32x43,48x64,72x96,108x144,160x213,240x320,360x480,480x640,540x720,640x853,720x960,1080x1440,1280x1707,1440x1920,1920x2560&from=bu&cs=1920x0",,,2024-03-30 09:46:11,58.008604,56.234423,58.00819896273859,56.23476395501453,49.31399479698315,synagogue,-224421397,,,,,,,True,False,,,,,,,,True,False,,,,,
457241163,-224421397,-7,,,"https://sun9-11.userapi.com/s/v1/if2/J3Yr2Xi03r-cs6ep7VArkmbgnJtwi2fHaUUIoxHZk-8-LP8XxBmKnyxRiPdh4g66znoQVIWvp95j7GSS6SHzQl8w.jpg?quality=95&as=32x24,48x36,72x54,108x81,160x120,240x180,360x270,480x360,540x405,640x480,720x540,1080x810,1280x960,1440x1080,2560x1920&from=bu&cs=2560x0",,,2024-06-05 12:46:42,58.008604,56.234423,58.00819896273859,56.23476395501453,49.31399479698315,synagogue,-224421397,,,,,,,True,False,,,,,,,,True,False,,,,,
457253055,-170690865,-7,,,"https://sun9-18.userapi.com/s/v1/ig2/kygrbPu7gnfkyTtYKQnwV5ULh4LJuBdrfTTGjeMXNv0v1kOl_81y0beV8ViND5DLFi9QHIOA5c7ZokVXM5Hzk2wN.jpg?quality=95&as=32x43,48x64,72x96,108x144,160x213,240x320,360x480,480x640,540x720,640x853,720x960,1080x1440,1280x1707,1344x1792&from=bu&cs=1344x0",,,2022-08-19 12:33:06,58.008016,56.234306,58.00819896273859,56.23476395501453,33.78969930208058,synagogue,-170690865,,,,,,,True,False,,,,,,,,True,False,,,,,
457240702,-224421397,301013678,,,"https://sun9-65.userapi.com/s/v1/ig2/g4W4XT3zDgjpGdsdhhwnVpxWUiKTitX92WZlgMHS4N1NSi1jGYJqkv57jXqoUJ5QkZRUgPokO8g17rTyf_EP0lAu.jpg?quality=95&as=32x43,48x64,72x96,108x144,160x213,240x320,360x480,480x640,540x720,640x853,720x960,1080x1440,1280x1707,1440x1920,1920x2560&from=bu&cs=1920x0",,,2024-03-30 10:44:45,58.008604,56.234423,58.00819896273859,56.23476395501453,49.31399479698315,synagogue,-224421397,,,,,,,True,False,,,,,,,,True,False,,,,,
457240555,-224421397,301013678,,,"https://sun9-85.userapi.com/s/v1/ig2/e5zWJwk8Aa-bgmmSLsHXhEGfOm86Gc5nlbOcp2pTeDb30p9O9KoMq-FwfzzQz6Kiitpol0mKbahMXRzfeHVO1idj.jpg?quality=95&as=32x43,48x64,72x96,108x144,160x213,240x320,360x480,480x640,540x720,640x853,720x960,1080x1440,1280x1707,1440x1920,1920x2560&from=bu&cs=1920x0",,,2024-03-30 09:45:53,58.008604,56.234423,58.00819896273859,56.23476395501453,49.31399479698315,synagogue,-224421397,,,,,,,True,False,,,,,,,,True,False,,,,,
457240542,-224421397,301013678,,,"https://sun9-85.userapi.com/s/v1/ig2/olirqvk-RVxp8_G22naou8yXuTC3469vpWgHRLmysD8JGXeurlmekNSC6vbtp-8-945IAALqa6jhQaFDQsZoq5g1.jpg?quality=95&as=32x43,48x64,72x96,108x144,160x213,240x320,360x480,480x640,540x720,640x853,720x960,1080x1440,1280x1707,1440x1920,1920x2560&from=bu&cs=1920x0",,,2024-03-30 09:45:32,58.008604,56.234423,58.00819896273859,56.23476395501453,49.31399479698315,synagogue,-224421397,,,,,,,True,False,,,,,,,,True,False,,,,,
457240420,-224421397,300940854,,,"https://sun9-76.userapi.com/s/v1/ig2/FTJPcpauWrWaYNtX17pQ0icJeuxcaf4XLayh7wzKH1rxKOOKXF16IlxmeqjOqv1KvMX6USBFilE_U2GHZNv5MyEy.jpg?quality=95&as=32x43,48x64,72x96,108x144,160x213,240x320,360x480,480x640,540x720,640x853,720x960,1080x1440,1280x1707,1440x1920,1920x2560&from=bu&cs=1920x0",,,2024-03-24 13:13:44,58.008604,56.234423,58.00819896273859,56.23476395501453,49.31399479698315,synagogue,-224421397,,,,,,,True,False,,,,,,,,True,False,,,,,
457240544,-224421397,301013678,,,"https://sun9-78.userapi.com/s/v1/ig2/oFha0U8wcroDiXC0j1-Sj8cBM4ObR-szBhxSf2PhntQCcAV6kcL6tSPkGeRlYp9FI6CEkq_OwAPfjDJfNeRxO9sZ.jpg?quality=95&as=32x43,48x64,72x96,108x144,160x213,240x320,360x480,480x640,540x720,640x853,720x960,1080x1440,1280x1707,1440x1920,1920x2560&from=bu&cs=1920x0",,,2024-03-30 09:45:35,58.008604,56.234423,58.00819896273859,56.23476395501453,49.31399479698315,synagogue,-224421397,,,,,,,True,False,,,,,,,,True,False,,,,,
457240697,-224421397,301013678,,,"https://sun9-10.userapi.com/s/v1/ig2/dPZSbr0kEfIpuZWa2myyxrnsg69P1M7Te7xk18W2ld2T1qXDmRRCqnMqY9NHQ-Qimxzu5_W1x0DlKhmlpnFp355-.jpg?quality=95&as=32x43,48x64,72x96,108x144,160x213,240x320,360x480,480x640,540x720,640x853,720x960,1080x1440,1280x1707,1440x1920,1920x2560&from=bu&cs=1920x0",,,2024-03-30 10:44:38,58.008604,56.234423,58.00819896273859,56.23476395501453,49.31399479698315,synagogue,-224421397,,,,,,,True,False,,,,,,,,True,False,,,,,
457242142,145952748,-7,3825.0,https://vk.com/wall145952748_3825,"https://sun9-15.userapi.com/s/v1/ig2/XNeIyt3jdFMXK_hFsawOVIaUJK5ixOpbxXL4G_BSnOSNjOF9wi6L0srYbaA2krrHnGzGjgf4Uppq-X4MjpCmGIBU.jpg?quality=96&as=32x40,48x60,72x90,108x135,160x200,240x301,360x451,480x601,540x676,640x801,720x902,932x1167&from=bu&cs=932x0",,,2021-03-08 08:03:35,58.007659,56.234584,58.00819896273859,56.23476395501453,60.969869771828385,synagogue,145952748,,,,,,,True,False,,,,,,,,True,False,,,,,
457240345,-224421397,300940670,,,"https://sun9-40.userapi.com/s/v1/ig2/AOKNFDVPreZn85mZMaNx91ZVMIqmpn2v3tEvHBp_2tCS7DhgorB25tYi5B12ZTSeIAvtkTe4tBLSn1URFeYv751M.jpg?quality=95&as=32x43,48x64,72x96,108x144,160x213,240x320,360x480,480x640,540x720,640x853,720x960,1080x1440,1280x1707,1440x1920,1920x2560&from=bu&cs=1920x0",,,2024-03-24 12:36:42,58.008604,56.234423,58.00819896273859,56.23476395501453,49.31399479698315,synagogue,-224421397,,,,,,,True,False,,,,,,,,True,False,,,,,
457255199,-170690865,-7,,,"https://sun9-43.userapi.com/s/v1/ig2/lHIVmh-ilzU4cm0Lbt0HbHmWNZvz1zqxduzItdtaOHo7p5r6FP7nV7_nRrOZNWPtT9AHXpmqflAnmVRU1R-241eY.jpg?quality=95&as=32x43,48x64,72x96,108x144,160x213,240x320,360x480,480x640,540x720,640x853,720x960,1080x1440,1280x1707,1344x1792&from=bu&cs=1344x0",,,2023-01-06 13:15:07,58.008016,56.234306,58.00819896273859,56.23476395501453,33.78969930208058,synagogue,-170690865,,,,,,,True,False,,,,,,,,True,False,,,,,
456239225,406816795,-7,80.0,https://vk.com/wall406816795_80,"https://sun9-12.userapi.com/s/v1/ig1/5NZjyrkcE8TFqZbQ4YNlq0lVVzFwVl4vz_Xxw8Eg2mIws-0jtjQVsMZDr5ITcaS_ycmIggs_.jpg?quality=96&as=32x43,48x64,72x96,108x144,160x213,240x320,360x480,480x640,540x720,640x853,720x960,1080x1440,1280x1707,1440x1920,1548x2064&from=bu&cs=1548x0",,,2017-10-14 12:18:50,58.007715,56.234914,58.00819896273859,56.23476395501453,54.535328999557485,synagogue,406816795,,,,,,,True,False,,,,,,,,True,False,,,,,
457240321,-224421397,300940670,,,"https://sun9-62.userapi.com/s/v1/ig2/NDRoS3H0yRLVV2oIHJxMU2ruQ3aYRrlQhylWBSRbKI0PFpu4av-CDLZLY_dTgKd33ByPWAD6STJJU3n0_Y3AhwPV.jpg?quality=95&as=32x43,48x64,72x96,108x144,160x213,240x320,360x480,480x640,540x720,640x853,720x960,1080x1440,1280x1707,1440x1920,1920x2560&from=bu&cs=1920x0",,,2024-03-24 12:36:08,58.008604,56.234423,58.00819896273859,56.23476395501453,49.31399479698315,synagogue,-224421397,,,,,,,True,False,,,,,,,,True,False,,,,,
457240607,-224421397,301013678,,,"https://sun9-81.userapi.com/s/v1/ig2/mvyqWKu07_yifNU8QnBT9XGHuvbbYe1Lg3DRvXzZLhpa176Oa3lelSMuGDOsiBF5zMnJemQ67Cf7a6oFg7fVBtBY.jpg?quality=95&as=32x43,48x64,72x96,108x144,160x213,240x320,360x480,480x640,540x720,640x853,720x960,1080x1440,1280x1707,1440x1920,1920x2560&from=bu&cs=1920x0",,,2024-03-30 10:11:26,58.008604,56.234423,58.00819896273859,56.23476395501453,49.31399479698315,synagogue,-224421397,,,,,,,True,False,,,,,,,,True,False,,,,,
457240365,-224421397,300940670,,,"https://sun9-22.userapi.com/s/v1/ig2/nSAzuQSz5F-NdVsh6DSjvYEnrIgf0-2jebPlgyQiKHS2QjIGDsRP4XWr9HCx6Ohb593TovTJPmnbaTbH0kdFd35q.jpg?quality=95&as=32x43,48x64,72x96,108x144,160x213,240x320,360x480,480x640,540x720,640x853,720x960,1080x1440,1280x1707,1440x1920,1920x2560&from=bu&cs=1920x0",,,2024-03-24 12:37:10,58.008604,56.234423,58.00819896273859,56.23476395501453,49.31399479698315,synagogue,-224421397,,,,,,,True,False,,,,,,,,True,False,,,,,
457240647,-224421397,301013678,,,"https://sun9-63.userapi.com/s/v1/ig2/voBr6JBpmd84vREEBioh4otasZgYyEtxEJEmKX_Bh2gnxgGBKCZDBER58AVmqrpUFzkmH7c05IGTKN7yU3Itwfze.jpg?quality=95&as=32x43,48x64,72x96,108x144,160x213,240x320,360x480,480x640,540x720,640x853,720x960,1080x1440,1280x1707,1440x1920,1920x2560&from=bu&cs=1920x0",,,2024-03-30 10:43:17,58.008604,56.234423,58.00819896273859,56.23476395501453,49.31399479698315,synagogue,-224421397,,,,,,,True,False,,,,,,,,True,False,,,,,
457241800,-224421397,-7,,,"https://sun9-29.userapi.com/s/v1/ig2/CtMi6JdM2lKjWJLazp29ChHAnJ2B6YoctHy8hLdN6RuNABcbKNsLPRDWNUpKmJtG00SP5yiyjswSLvyQKCYlLLHe.jpg?quality=95&as=32x43,48x64,72x96,108x144,160x213,240x320,360x480,480x640,540x720,640x853,720x960,1080x1440,1280x1707,1440x1920,1920x2560&from=bu&cs=1920x0",,,2024-09-14 11:10:11,58.008506,56.234318,58.00819896273859,56.23476395501453,43.07896376064505,synagogue,-224421397,,,,,,,True,False,,,,,,,,True,False,,,,,
457240363,-224421397,300940670,,,"https://sun9-72.userapi.com/s/v1/ig2/QYT1qQkh912lN0zHVfJ3hFpqYsZ9CsMdCW4TOFP9PgiQOuXlCgJYwUFwnJEINJcOsgNlUm9l7sJV2jv3fBM0fb4r.jpg?quality=95&as=32x43,48x64,72x96,108x144,160x213,240x320,360x480,480x640,540x720,640x853,720x960,1080x1440,1280x1707,1440x1920,1920x2560&from=bu&cs=1920x0",,,2024-03-24 12:37:07,58.008604,56.234423,58.00819896273859,56.23476395501453,49.31399479698315,synagogue,-224421397,,,,,,,True,False,,,,,,,,True,False,,,,,
457240439,-179988268,-7,,,"https://sun9-29.userapi.com/s/v1/ig2/COpZsYE5LuP8Yi-PziMMTvAliaoPpB1spS1kiL0_33ZojBYDjNAPNnmITbhR4Ep9OxMe3FieqxY-NdEtRiAYKQB9.jpg?quality=96&as=32x43,48x64,72x96,108x144,160x213,240x320,360x480,480x640,540x720,640x853,720x960,1080x1440,1280x1707,1440x1920,1620x2160&from=bu&cs=1620x0",,,2020-08-12 14:41:03,58.008044,56.234385,58.00819896273859,56.23476395501453,28.2010252961035,synagogue,-179988268,,,,,,,True,False,,,,,,,,True,False,,,,,
457240521,-224421397,301013678,,,"https://sun9-64.userapi.com/s/v1/if2/Rjl8NemchSJb8Bl9nsWvIb9mHcR1gHkT5gB7wCkM3zhPDfBRN1rA8Xf9fgCWacDT_czJ5Tur30FiyYJiO0mSd99v.jpg?quality=95&as=32x24,48x36,72x54,108x81,160x120,240x180,360x270,480x360,540x405,640x480,720x540,1080x810,1280x960,1440x1080,2560x1920&from=bu&cs=2560x0",,,2024-03-30 09:40:21,58.008604,56.234423,58.00819896273859,56.23476395501453,49.31399479698315,synagogue,-224421397,,,,,,,True,False,,,,,,,,True,False,,,,,
457240337,-224421397,300940670,,,"https://sun9-44.userapi.com/s/v1/if2/sEj_NQ-KrtwWtPiPeisVhO4iKO6aYK8nN6pIPvaZqw_qbMfqRhZ3z4n4w7lvg-4MFDZApZ4uP-yq7qKFA9LVmF0h.jpg?quality=95&as=32x24,48x36,72x54,108x81,160x120,240x180,360x270,480x360,540x405,640x480,720x540,1080x810,1280x960,1440x1080,2560x1920&from=bu&cs=2560x0",,,2024-03-24 12:36:31,58.008604,56.234423,58.00819896273859,56.23476395501453,49.31399479698315,synagogue,-224421397,,,,,,,True,False,,,,,,,,True,False,,,,,
457240323,-224421397,300940670,,,"https://sun9-13.userapi.com/s/v1/ig2/pER9jnvD7TL380ZmZUnZubndzsyvASG2nDJ1L3Zk7wjgsUXor4Judx2VWcyKXSOEAHbtvQa7-IoYN1tuHy25tigv.jpg?quality=95&as=32x43,48x64,72x96,108x144,160x213,240x320,360x480,480x640,540x720,640x853,720x960,1080x1440,1280x1707,1440x1920,1920x2560&from=bu&cs=1920x0",,,2024-03-24 12:36:11,58.008604,56.234423,58.00819896273859,56.23476395501453,49.31399479698315,synagogue,-224421397,,,,,,,True,False,,,,,,,,True,False,,,,,
457240392,-224421397,300940854,,,"https://sun9-38.userapi.com/s/v1/ig2/YDPRjkNuAzvGzJTIA6hO-uApk3sJb4YAuBgP-yucQNAa3_X75kG5EZVDwSMeY2BAx-GLgYIOpzsjKcgtkp4ut0po.jpg?quality=95&as=32x43,48x64,72x96,108x144,160x213,240x320,360x480,480x640,540x720,640x853,720x960,1080x1440,1280x1707,1440x1920,1920x2560&from=bu&cs=1920x0",,,2024-03-24 13:13:04,58.008604,56.234423,58.00819896273859,56.23476395501453,49.31399479698315,synagogue,-224421397,,,,,,,True,False,,,,,,,,True,False,,,,,
457240698,-224421397,301013678,,,"https://sun9-76.userapi.com/s/v1/ig2/S-v_BJ5NSopxhLFaHo-m5qUvr-h8Z-TfYmnnJCLERdfx8_4sPddjfJn2-sFHUCsYFMC5nkuOTBT8dnt7w7ONdDL9.jpg?quality=95&as=32x43,48x64,72x96,108x144,160x213,240x320,360x480,480x640,540x720,640x853,720x960,1080x1440,1280x1707,1440x1920,1920x2560&from=bu&cs=1920x0",,,2024-03-30 10:44:40,58.008604,56.234423,58.00819896273859,56.23476395501453,49.31399479698315,synagogue,-224421397,,,,,,,True,False,,,,,,,,True,False,,,,,
457240355,-224421397,300940670,,,"https://sun9-8.userapi.com/s/v1/ig2/9IZdBNEeWH64LSSeOL_tqFjGLHfWuaYFioG8N9yKmSiey_Ey0fbZfIln1nE8i0ac9L5D4QUyDdeQu4h5JLX8M7mb.jpg?quality=95&as=32x43,48x64,72x96,108x144,160x213,240x320,360x480,480x640,540x720,640x853,720x960,1080x1440,1280x1707,1440x1920,1920x2560&from=bu&cs=1920x0",,,2024-03-24 12:36:58,58.008604,56.234423,58.00819896273859,56.23476395501453,49.31399479698315,synagogue,-224421397,,,,,,,True,False,,,,,,,,True,False,,,,,
457240531,-194619161,-7,,,"https://sun9-7.userapi.com/s/v1/ig2/5Pt87uZKATDjXa-tpvUDSPyI-2UOyQ6wVCHOVSxOCHjwk40h7QRyvGlyDYHAa1fnCdbGNaaAJbyuCiQ-YX-yEfSg.jpg?quality=95&as=32x43,48x64,72x96,108x144,160x213,240x320,360x480,480x640,540x721,640x854,720x961,1080x1441,1280x1708,1388x1852&from=bu&cs=1388x0",,,2022-06-17 12:23:12,58.007611,56.235906,58.00819896273859,56.23476395501453,93.8128984346702,synagogue,-194619161,,,,,,,True,False,,,,,,,,True,False,,,,,
456243504,261660768,-7,,,"https://sun9-80.userapi.com/s/v1/ig1/GswAuPLCKyzEhePMTcj8lVMmtO6DniYYIFpln7hs9I2tsvErdDGSs-eCWpQP9pCx8ulseHvY.jpg?quality=96&as=32x40,48x60,72x90,108x135,160x200,240x300,360x450,480x600,540x675,640x800,720x900,768x960&from=bu&cs=768x0",,,2018-04-28 14:52:03,58.007597,56.235866,58.00819896273859,56.23476395501453,93.24864383870118,synagogue,261660768,,,,,,,True,False,,,,,,,,True,False,,,,,
457240629,-224421397,301013678,,,"https://sun9-31.userapi.com/s/v1/ig2/a4JTefsLSHZW1cArPJkLuEU51Eii30VDxhEtemv-IdFwMvuODDvQb3CECA6TxoMCB_2IT0TSvpYHH7VUzBP-lmFM.jpg?quality=95&as=32x43,48x64,72x96,108x144,160x213,240x320,360x480,480x640,540x720,640x853,720x960,1080x1440,1280x1707,1440x1920,1920x2560&from=bu&cs=1920x0",,,2024-03-30 10:12:03,58.008604,56.234423,58.00819896273859,56.23476395501453,49.31399479698315,synagogue,-224421397,,,,,,,True,False,,,,,,,,True,False,,,,,
457240318,-224421397,300940670,,,"https://sun9-87.userapi.com/s/v1/ig2/WMZoIXWvZyjdwl7RXrreiKQxWcbMUYSfQv2OOF1kz121Noc-LfyEpzh99Qei3jqlGV2EWgoE6lGjAXBiRTxHlcAn.jpg?quality=95&as=32x43,48x64,72x96,108x144,160x213,240x320,360x480,480x640,540x720,640x853,720x960,1080x1440,1280x1707,1440x1920,1920x2560&from=bu&cs=1920x0",,,2024-03-24 12:36:01,58.008604,56.234423,58.00819896273859,56.23476395501453,49.31399479698315,synagogue,-224421397,,,,,,,True,False,,,,,,,,True,False,,,,,
457240631,-224421397,301013678,,,"https://sun9-74.userapi.com/s/v1/ig2/32gr3on8PZkzBtEQSDuOZVEWmeJb7fMihi4LO_FqUECmD81rdma6QIjNcISH6SoO-uf8QSIVEVUC7nwYJWaNjF6t.jpg?quality=95&as=32x43,48x64,72x96,108x144,160x213,240x320,360x480,480x640,540x720,640x853,720x960,1080x1440,1280x1707,1440x1920,1920x2560&from=bu&cs=1920x0",,,2024-03-30 10:12:06,58.008604,56.234423,58.00819896273859,56.23476395501453,49.31399479698315,synagogue,-224421397,,,,,,,True,False,,,,,,,,True,False,,,,,
457242859,-194619161,-7,,,"https://sun9-57.userapi.com/s/v1/ig2/3nl3NYHMQuZHMlPYDpsBpv3Pmgcto-X0P4zmI8opgbzaQx1LnZ_39MXWal4g1-bNfawBBvWBeYRJzWJchoUr6pms.jpg?quality=95&as=32x43,48x64,72x96,108x144,160x213,240x320,360x480,480x640,540x720,640x853,720x960,1080x1440,1280x1707,1440x1920,1920x2560&from=bu&cs=1920x0",,,2023-04-24 09:09:06,58.007722,56.234505,58.00819896273859,56.23476395501453,55.186284082187015,synagogue,-194619161,,,,,,,True,False,,,,,,,,True,False,,,,,
405561359,261660768,-7,,,"https://sun9-47.userapi.com/s/v1/ig1/wUY8gNlfWFnb-glKoUPw5MP5e-FI5xu0gG3fm22yhJXI4hcNqUgD7YI8UL0Q-ZrekYoBFgRW.jpg?quality=96&as=32x40,48x60,72x90,108x135,160x200,240x300,360x451,480x601,540x676,640x801,720x901,767x960&from=bu&cs=767x0",,,2016-03-14 12:18:31,58.007842,56.235614,58.00819896273859,56.23476395501453,63.899980326269336,synagogue,261660768,,,,,,,True,False,,,,,,,,True,False,,,,,
457274471,-7165191,255926010,,,"https://sun9-35.userapi.com/s/v1/ig2/n8btrc7PJ_9UfwmN13vhtL3x148TO0MqkLrjdsDJVX0p9dtCMuEUQcEgtTqAJxp3ydpEUD8STe76Arhawe_xX73p.jpg?quality=96&as=32x40,48x60,72x90,108x136,160x201,240x301,360x452,480x602,540x678,640x803,720x904,1080x1355,1280x1606,1294x1624&from=bu&cs=1294x0",,,2021-08-06 08:48:23,58.007821,56.235469,58.00819896273859,56.23476395501453,59.088672109815,synagogue,301828947,,,,,,"Жакет
Цена 1999р
Размер 44",True,False,,,,,,,,True,False,,,,,
435640499,-130907893,237983843,,,"https://sun9-70.userapi.com/s/v1/if1/vZEZuZBKCHdnLeNHarlI1wFNYNwQJB0fzuCbVQ6X23NMntv5_I5gAkv3zl7ogSQ_r1jezg.jpg?quality=96&as=32x24,48x36,72x54,108x81,160x120,240x180,360x270,480x360,540x405,640x480,720x540,960x720&from=bu&cs=960x0",,,2016-10-24 21:56:52,58.007821,56.235297,58.00819896273859,56.23476395501453,52.46349254372161,synagogue,-130907893,,,,,,,True,False,,,,,,,,True,False,,,,,
457255594,-170690865,-7,,,"https://sun9-16.userapi.com/s/v1/ig2/-0NdqrK_lnq2ktGEbuJla2j4sb1ShVGSQ9uG3oTbOzd5WlQX5iQVQWFGNjQs8JfyeF1AmMxCkI6oKTU194YaK8d5.jpg?quality=95&as=32x43,48x64,72x96,108x144,160x213,240x320,360x480,480x640,540x720,640x853,720x960,1080x1440,1280x1707,1344x1792&from=bu&cs=1344x0",,,2023-02-02 14:32:41,58.007806,56.234399,58.00819896273859,56.23476395501453,48.698462152861765,synagogue,-170690865,,,,,,,True,False,,,,,,,,True,False,,,,,
457240686,-194619161,-7,,,"https://sun9-59.userapi.com/s/v1/ig2/-NfU1kYUmCvMJNdilczY8UCVGfT2PnltuOnmWGc_7CXtJLdm6csfEXl27d1wXo8UBsBZKzht4adV345J2pRYMDf2.jpg?quality=95&as=32x43,48x64,72x96,108x144,160x213,240x320,360x480,480x640,540x721,640x854,720x961,1080x1441,1280x1708,1388x1852&from=bu&cs=1388x0",,,2022-07-16 13:03:05,58.007702,56.235906,58.00819896273859,56.23476395501453,87.06401057124822,synagogue,-194619161,,,,,,,True,False,,,,,,,,True,False,,,,,
435640508,-130907893,237983843,,,"https://sun9-81.userapi.com/s/v1/if1/sbQ0bMGQhoWjciVz2F_CqExEQxzNBGE3Z9i0o0XOEgnnUntkcUtalBwplucSbS6O7Hx4Wg.jpg?quality=96&as=32x24,48x36,72x54,108x81,160x120,240x180,360x270,480x360,540x405,640x480,720x540,960x720&from=bu&cs=960x0",,,2016-10-24 21:56:55,58.008017,56.235508,58.00819896273859,56.23476395501453,48.2770062583902,synagogue,-130907893,,,,,,,True,False,,,,,,,,True,False,,,,,
457256762,-170690865,-7,,,"https://sun9-27.userapi.com/s/v1/ig2/ZBPyLH1BskFyFYzudKCHqcEDVjHb5mzTEbL2QP8pVia624FKqjXVV2sHlIFXi48PAIH1ha6Vjb8QDwf4WhLRiFI0.jpg?quality=95&as=32x43,48x64,72x96,108x144,160x214,240x320,360x481,480x641,540x721,640x855,720x961,1080x1442,1280x1709,1342x1792&from=bu&cs=1342x0",,,2023-04-18 15:48:54,58.007722,56.234505,58.00819896273859,56.23476395501453,55.186284082187015,synagogue,-170690865,,,,,,,True,False,,,,,,,,True,False,,,,,
457250031,-170690865,-7,,,"https://sun9-82.userapi.com/s/v1/ig2/Hrd-GpaVS_k2-0KL90g7IcNLnXrhpHXAtDiKQAu4Q4rCdTpa6lOjfXJT2muT8ye5Tdfql_OiVLJdTNX0SNk_smMY.jpg?quality=96&as=32x43,48x64,72x96,108x144,160x214,240x320,360x481,480x641,540x721,640x855,720x961,1080x1442,1280x1709,1342x1792&from=bu&cs=1342x0",,,2022-05-24 12:29:52,58.007876,56.234253,58.00819896273859,56.23476395501453,46.85855659719261,synagogue,-170690865,,,,,,,True,False,,,,,,,,True,False,,,,,
404121237,261660768,-7,,,"https://sun9-33.userapi.com/s/v1/ig1/gaEFYcL5ymVM1vzsabhu7HGMkEZ2vufpbzMoGIyr93kCYbBY2pHiEHI5033yMGMRrEY9m3LF.jpg?quality=96&as=32x43,48x64,72x96,108x144,160x213,240x320,360x480,480x640,540x720,640x853,720x960&from=bu&cs=720x0",,,2016-03-05 07:25:41,58.0078,56.235667,58.00819896273859,56.23476395501453,69.26920650853022,synagogue,261660768,,,,,,,True,False,,,,,,,,True,False,,,,,
457253111,-170690865,-7,,,"https://sun9-38.userapi.com/s/v1/ig2/l0PqPaCW3bL9yrs2PtFeJGFCJTv8goouflnLilgB6wKqyTlNK3oUcaxGVUuTays8B3A8vRv2gBmhamt57ixDGpgm.jpg?quality=95&as=32x43,48x64,72x96,108x144,160x214,240x320,360x481,480x641,540x721,640x855,720x961,1080x1442,1280x1709,1342x1792&from=bu&cs=1342x0",,,2022-08-23 14:59:59,58.008114,56.234411,58.00819896273859,56.23476395501453,22.83853256185169,synagogue,-170690865,,,,,,,True,False,,,,,,,,True,False,,,,,
457256903,-170690865,-7,,,"https://sun9-27.userapi.com/s/v1/ig2/lBLwPEeg9ctU-bNCmoaz1MVYqVkH3-mHwMyow_yPDTNiEE8SZnulrQkoR8VMAF97u1zamKT3Pv2rWNyJQAak6JTh.jpg?quality=95&as=32x43,48x64,72x96,108x144,160x213,240x320,360x480,480x640,540x720,640x853,720x960,1080x1440,1280x1707,1398x1864&from=bu&cs=1398x0",,,2023-04-26 15:57:14,58.007708,56.234293,58.00819896273859,56.23476395501453,61.23812560383689,synagogue,-170690865,,,,,,,True,False,,,,,,,,True,False,,,,,
457240472,7476568,306889750,,,"https://sun9-36.userapi.com/s/v1/ig2/PRvanr5rHHREqAB-dVC6oUbDGchOzE_M0TcyLSGbF8kV3yuPXNS57o54MZifpSZ_dJyNHT5oqkrAmtJRM9hLs_zI.jpg?quality=95&as=32x43,48x64,72x96,108x144,160x213,240x320,360x480,480x640,540x720,640x853,720x960,1080x1440,1280x1707,1440x1920,1920x2560&from=bu&cs=1920x0",,,2025-04-06 15:22:17,58.008198,56.234992,58.00819896273859,56.23476395501453,13.434748137224169,synagogue,7476568,,,,,,,True,False,,,,,,,,True,False,,,,,
457242781,-194619161,-7,,,"https://sun9-82.userapi.com/s/v1/ig2/EDVoWV3ZVLDSynH19umXXrEUOi3lfZ-beNjymWaWKREvykaAPOAXdiwK-QUr7hzIzYZJqluokIcaZvrb9s47-MIz.jpg?quality=95&as=32x43,48x64,72x96,108x144,160x213,240x320,360x480,480x640,540x720,640x853,720x960,1080x1440,1280x1707,1440x1920,1920x2560&from=bu&cs=1920x0",,,2023-04-04 08:30:23,58.007695,56.2358,58.00819896273859,56.23476395501453,82.8583389920959,synagogue,-194619161,,,,,,,True,False,,,,,,,,True,False,,,,,
457240720,59367689,99192259,,,"https://sun9-74.userapi.com/s/v1/ig2/7bLDUrx1VYyADdw4svtemdW0xNBr1J3Yp4y-ZGuqvwbpPqa6jhN8JmMCH3j3JaMpa1g9G5TGV8XPBVf2tkOS23Zd.jpg?quality=95&as=32x43,48x64,72x96,108x144,160x213,240x320,360x480,480x640,540x720,640x853,720x960,1080x1440,1280x1707,1440x1920,1920x2560&from=bu&cs=1920x0",,,2023-07-10 10:10:27,58.008107,56.234993,58.00819896273859,56.23476395501453,16.930285459496016,synagogue,59367689,,,,,,,True,True,,,,,,,,True,False,,,,,
457240166,-212182812,-7,,,"https://sun9-43.userapi.com/s/v1/ig2/nFEjsHhUAiUr7OmlWW6oV_WTffYLNJPM_IDLinPJfustjGxBD_dKNEoY1mgox1gMmZQFhxoeq9xYo7cuV_xp2quI.jpg?quality=95&as=32x38,48x57,72x85,108x128,160x190,240x285,360x427,480x569,540x641,640x759,720x854,1080x1281,1280x1518,1440x1708,2158x2560&from=bu&cs=2158x0",,,2024-11-05 15:02:46,58.007904,56.235191,58.00819896273859,56.23476395501453,41.33571569174063,synagogue,-212182812,,,,,,,True,False,,,,,,,,True,False,,,,,
457240309,49524464,-7,2877.0,https://vk.com/wall49524464_2877,"https://sun9-21.userapi.com/s/v1/ig2/13-5ajR4MvT3sBD5jyZA2RdzU3Qt9OT7Tic5qggX5Oi7U0FKT69atvHBuzhV-lJ_kDJEOgqJFpQKyGGKX3xuuIaR.jpg?quality=95&as=32x43,48x64,72x96,108x144,160x214,240x321,360x481,480x642,540x722,640x855,720x962,1080x1444,1197x1600&from=bu&cs=1197x0",,,2022-09-03 12:26:46,58.008317,56.2349,58.00819896273859,56.23476395501453,15.37861529780568,synagogue,49524464,,,,,,,True,True,,,,,,,,True,False,,,,,
457253690,-170690865,-7,,,"https://sun9-53.userapi.com/s/v1/ig2/MHVZ-gajBJPj8n4a6-X234HngW6OMfXLyMVkgU88Ro_GDFGs-Mw7dh3gINsJWDxCr0gMTYfQmdFRaFuj5a9CsSnS.jpg?quality=95&as=32x43,48x64,72x96,108x144,160x213,240x320,360x480,480x640,540x720,640x853,720x960,1080x1440,1280x1707,1344x1792&from=bu&cs=1344x0",,,2022-09-21 10:59:28,58.007904,56.234504,58.00819896273859,56.23476395501453,36.19748746981516,synagogue,-170690865,,,,,,,True,False,,,,,,,,True,False,,,,,
456239996,400704365,-6,532.0,https://vk.com/wall400704365_532,"https://sun9-16.userapi.com/s/v1/if1/_cTbqEmyrClclolxDFSfbsxTJ3aeaYaqL4aATkcKqWLhVYTFHjJtkymmlKCvXm63xKkx8e27.jpg?quality=96&as=32x18,48x27,72x40,108x61,160x90,240x135,360x202,480x270,540x304,640x360,720x405,1080x607,1280x720&from=bu&cs=1280x0",,,2017-04-30 08:53:56,58.007694,56.234597,58.00819896273859,56.23476395501453,57.00421853451046,synagogue,400704365,,,,,,,True,False,,,,,,,,True,False,,,,,
457316349,222199696,-7,,,"https://sun9-38.userapi.com/s/v1/if2/WNlbeF5BG8NNG_whK3Urr7mzvuW973hM3LuigoIjbN1th4kY5p_s3Y2qHAFiOgBAbHiLwDuSFS1MIxg7nJsjhjDe.jpg?quality=95&as=32x24,48x36,72x54,108x81,160x120,240x180,360x270,480x360,540x405,640x480,720x540,1080x810,1280x960,1440x1080,2560x1920&from=bu&cs=2560x0",,,2022-10-28 12:22:25,58.0081,56.234887,58.00819896273859,56.23476395501453,13.17706229634948,synagogue,222199696,,,,,,,True,True,,,,,,,,True,False,,,,,
457256093,-170690865,-7,,,"https://sun9-84.userapi.com/s/v1/ig2/JpRsTtUJWvX6-da0p189P_g41g8ZZSWZPKOb7etqS9woHHvp-PSpsoBqfVc2D6EJeIF3W7qPeDbU1aIwJZyx04Qm.jpg?quality=95&as=32x43,48x64,72x96,108x144,160x214,240x320,360x481,480x641,540x721,640x855,720x961,1080x1442,1280x1709,1342x1792&from=bu&cs=1342x0",,,2023-03-09 14:15:21,58.008212,56.234517,58.00819896273859,56.23476395501453,14.620373089010071,synagogue,-170690865,,,,,,,True,True,,,,,,,,True,False,,,,,
400357684,-107272158,227741275,,,"https://sun9-21.userapi.com/s/v1/if1/KmT81Gj6NflwbFzmUtl5hExiUrOHURYLnK3ONaXWGSpKkNFeCqP5k0eLyg99UnjVURSzeL1E.jpg?quality=96&as=32x24,48x36,72x54,108x81,160x120,240x180,360x270,480x360,540x405,640x480,720x540,1080x810,1280x960,1440x1080,2560x1920&from=bu&cs=2560x0",,,2016-02-05 09:10:53,58.008045,56.235244,58.00819896273859,56.23476395501453,33.05818588852603,synagogue,147055234,,,,,,,True,False,,,,,,,,True,False,,,,,
457250999,261660768,-7,,,"https://sun9-59.userapi.com/s/v1/ig2/WYB-ZZr89yYSUSHTHyziD1Ag1wxPiUqWoiA7Gkg6mTUsYMdwkPzI--58f7aP1OzBbSEDWo-bewm4QgMjo8ULGb-Q.jpg?quality=96&as=32x43,48x64,72x96,108x144,160x214,240x320,360x481,480x641,540x721,640x855,720x961,1080x1442,1280x1709,1342x1792&from=bu&cs=1342x0",,,2020-10-16 20:11:21,58.008219,56.234622,58.00819896273859,56.23476395501453,8.654403432170163,synagogue,261660768,,,,,,,True,True,,,,,,,,True,False,,,,,
457245723,-170690865,-7,,,"https://sun9-56.userapi.com/s/v1/ig2/_JxpP_AjWoHWVM36gwA5rQ-ioXfi7mXiIFAUJpdMaTO2lYc-vf74KHD4hjxRKKebAlx_0_HmRgt7LLul3tUSLi99.jpg?quality=96&as=32x43,48x64,72x96,108x144,160x214,240x320,360x481,480x641,540x721,640x855,720x961,1080x1442,1280x1709,1342x1792&from=bu&cs=1342x0",,,2022-04-19 12:34:30,58.007939,56.234345,58.00819896273859,56.23476395501453,38.00978402778725,synagogue,-170690865,,,,,,,True,False,,,,,,,,True,False,,,,,
457242369,-194619161,-7,,,"https://sun9-65.userapi.com/s/v1/ig2/YCnByX8ZCreLBcraA00f-RMjZYSj5PKwIrPzNMuDRavPVF_Lj6Tnzg--41zLEl_aPqhw7kuARetGz4fH9JRM-l5N.jpg?quality=95&as=32x43,48x64,72x96,108x144,160x213,240x320,360x480,480x640,540x720,640x853,720x960,1080x1440,1280x1707,1440x1920,1920x2560&from=bu&cs=1920x0",,,2023-01-28 07:22:03,58.007723,56.235707,58.00819896273859,56.23476395501453,76.72991767250984,synagogue,-194619161,,,,,,,True,False,,,,,,,,True,False,,,,,
456241242,-224628741,-7,619.0,https://vk.com/wall-224628741_619,"https://sun9-21.userapi.com/s/v1/ig2/uamdPFYIrIwjO_j08CcijZfTQWOS27vAWyWT3c15km4t__K2Xb9BSIKp-EeCEZ1ewoBLwlbLRZQI74Ye0Jwa4NBs.jpg?quality=95&as=32x41,48x61,72x92,108x138,160x205,240x307,360x461,480x614,540x691,640x819,720x921,1080x1382,1280x1637,1440x1842,1447x1851&from=bu&cs=1447x0",,,2024-09-05 09:03:45,58.007695,56.2358,58.00819896273859,56.23476395501453,82.8583389920959,synagogue,-224628741,,,,,,,True,False,,,,,,,,True,False,,,,,
457254071,-170690865,-7,,,"https://sun9-79.userapi.com/s/v1/ig2/wS40rKmTc4JEvfKFUndm0BDqGrr2S5gxN70oYQYjxk9Ng3t27L-yOvh3mRc3b1y2f9beeHgEtmCO09_O0HjTRsGY.jpg?quality=95&as=32x43,48x64,72x96,108x144,160x213,240x320,360x480,480x640,540x720,640x853,720x960,1080x1440,1280x1707,1344x1792&from=bu&cs=1344x0",,,2022-10-16 12:52:47,58.007911,56.23461,58.00819896273859,56.23476395501453,33.27970507679034,synagogue,-170690865,,,,,,,True,False,,,,,,,,True,False,,,,,
456239120,-178934461,261323484,,,"https://sun9-29.userapi.com/s/v1/if1/mjyNCmzCbtcYzc97NBE2-mnBeF2Y1oAHqPuGQTQaQhMP9snnEUf_vhWIwu9tAVn2YSdN1q__.jpg?quality=96&as=32x24,48x36,72x54,108x81,160x120,240x180,360x270,480x360,540x405,640x480,720x540,960x720&from=bu&cs=960x0",,,2019-03-20 12:21:20,58.007771,56.234385,58.00819896273859,56.23476395501453,52.56369058928058,synagogue,-178934461,,,,,,,True,False,,,,,,,,True,False,,,,,
456239569,-145795246,-7,,,"https://sun9-78.userapi.com/s/v1/ig1/6VD-agvIsIbjKdU-0R6ptjAaV4FB7sVVGTr7ngZC9nFNgAf5BaTcUWlyuIzOm8vWIURACl3k.jpg?quality=96&as=32x43,48x64,72x96,108x144,160x213,240x320,360x480,480x640,540x720,640x853,720x960,768x1024&from=bu&cs=768x0",,,2018-05-25 14:52:24,58.007982,56.235495,58.00819896273859,56.23476395501453,49.36350398026458,synagogue,-145795246,,,,,,,True,False,,,,,,,,True,False,,,,,
457254727,-170690865,-7,,,"https://sun9-79.userapi.com/s/v1/ig2/baCdwINbEvN22NpIZT3cxVlHIrmu97_4HPwkteBQ8YRiwiQzxfDo-vFw3xWf3kxSL7F05MIXOQeMjn4z7fTlAj61.jpg?quality=95&as=32x43,48x64,72x96,108x144,160x213,240x320,360x480,480x640,540x720,640x853,720x960,1080x1440,1280x1707,1344x1792&from=bu&cs=1344x0",,,2022-11-27 11:58:38,58.007897,56.234398,58.00819896273859,56.23476395501453,39.902113118787824,synagogue,-170690865,,,,,,,True,False,,,,,,,,True,False,,,,,
314770739,-38027280,-7,1075.0,https://vk.com/wall-38027280_1075,"https://sun9-5.userapi.com/s/v1/if2/RRGfzz0l-RI9zzlcO8a19XZbn8c5AF1ZNM47egGmCKJDrWviT9cwlhXmlZbkyyEuZJaziTEw7CvzeIvIIfxr8zuL.jpg?quality=96&as=32x24,48x36,72x54,108x81,160x120,240x180,360x270,448x336&from=bu&cs=448x0",,,2013-10-30 06:39:17,58.007771,56.235073,58.00819896273859,56.23476395501453,50.95111130841567,synagogue,-38027280,,,,,,,True,False,,,,,,,,True,False,,,,,
456240450,261660768,-7,,,"https://sun9-66.userapi.com/s/v1/ig1/xgN7laP0mP0LOTEbEYRD57vq0UUmuL6y1P5G_C9Bj1GoffP5EcdunAklfevJhxh2Uk89TQWh.jpg?quality=96&as=32x32,48x48,72x72,108x108,160x160,240x240,360x360,480x480,540x540,640x640,720x720,960x960&from=bu&cs=960x0",,,2017-04-12 05:17:34,58.007898,56.236117,58.00819896273859,56.23476395501453,86.44953578176894,synagogue,261660768,,,,,,,True,False,,,,,,,,True,False,,,,,
457253625,-170690865,-7,,,"https://sun9-25.userapi.com/s/v1/ig2/YW6ZkmoZYNUcgUyuaKJReKy-InT3U846DsgahQG1FWhT6bir6ByOLrDaRIlOXfBHZu7i7yhNOlMlxET3vPL0IRnq.jpg?quality=95&as=32x43,48x64,72x96,108x144,160x213,240x320,360x480,480x640,540x720,640x853,720x960,1080x1440,1280x1707,1344x1792&from=bu&cs=1344x0",,,2022-09-16 10:24:40,58.007904,56.234332,58.00819896273859,56.23476395501453,41.51239618653149,synagogue,-170690865,,,,,,,True,False,,,,,,,,True,False,,,,,
436297911,261660768,-7,,,"https://sun9-5.userapi.com/s/v1/ig1/thpmWsbr2o0dO3AK7rDCtjLjxK80bjUyw_mLJOMrf7CoFKw2-nRvjJmUWRQqbGT-N8mULQ.jpg?quality=96&as=32x32,48x48,72x72,108x108,160x160,240x240,360x360,480x480,540x540,640x640,720x720,960x960&from=bu&cs=960x0",,,2016-10-15 16:25:17,58.007842,56.235786,58.00819896273859,56.23476395501453,72.1159733377373,synagogue,261660768,,,,,,,True,False,,,,,,,,True,False,,,,,
457250373,244252115,-7,,,"https://sun9-32.userapi.com/s/v1/ig2/K25zagbf8uOCTCiba3V3z9HIiy3o2GbJ39qhaegaILfz_iyCN2uGCKg9xDuxq-fwo0OKp_sJe6HZq-vo9dLK92SR.jpg?quality=96&as=32x43,48x64,72x96,108x144,160x213,240x320,360x480,480x640,540x720,640x853,720x960,1080x1440,1200x1600&from=bu&cs=1200x0",,,2021-12-12 05:07:46,58.007757,56.235033,58.00819896273859,56.23476395501453,51.63670352209518,synagogue,244252115,,,,,,,True,False,,,,,,,,True,False,,,,,
457250848,261660768,-7,,,"https://sun9-52.userapi.com/s/v1/ig2/K0ZlTSuCJndX6MCMApNgfAXQwXFDT_GQY4JRM0ixXBuqDaDF5z4s2xNvkrCGEveOvuaoMlApGOeLuvwxlnIrn8sA.jpg?quality=96&as=32x43,48x64,72x96,108x144,160x214,240x320,360x481,480x641,540x721,640x855,720x961,1080x1442,1280x1709,1342x1792&from=bu&cs=1342x0",,,2020-08-29 08:48:20,58.007722,56.234161,58.00819896273859,56.23476395501453,63.83203591763468,synagogue,261660768,,,,,,,True,False,,,,,,,,True,False,,,,,
457244991,-194619161,-7,,,"https://sun9-37.userapi.com/s/v1/ig2/Q8WUJ9NQSEbWW9iPuvTBdTUbxlhg7ZaTQRkrcdhn2w-TS9LCg-cXsQNtpDnndh1oFbBaTFaFShCURdYyRTmuxj-o.jpg?quality=95&as=32x43,48x64,72x96,108x144,160x213,240x320,360x480,480x640,540x720,640x853,720x960,1080x1440,1280x1707,1440x1920,1920x2560&from=bu&cs=1920x0",,,2024-05-24 09:56:34,58.007919,56.235918,58.00819896273859,56.23476395501453,74.77435095139248,synagogue,-194619161,,,,,,,True,False,,,,,,,,True,False,,,,,
457254147,-170690865,-7,,,"https://sun9-87.userapi.com/s/v1/ig2/6NHIUjnUeDU9_0pGOiTIK-zBZ_XBITgV_6Bz45RKS8aZRFU9kyWAni-sgudmgki5gkV1RDFPSjxtIn9I61-dO1JG.jpg?quality=95&as=32x43,48x64,72x96,108x144,160x213,240x320,360x480,480x640,540x720,640x853,720x960,1080x1440,1280x1707,1344x1792&from=bu&cs=1344x0",,,2022-10-22 12:35:09,58.007911,56.23461,58.00819896273859,56.23476395501453,33.27970507679034,synagogue,-170690865,,,,,,,True,False,,,,,,,,True,False,,,,,
333224406,226719613,199841719,,,"https://sun9-14.userapi.com/s/v1/if2/sz4lP8g9oXGtkX8fLbyw-JzjwnY1ZkUaDzrfPNYB3Y4ygYwHRSj4YZBPNdQEdIkfVXMM_iqJK5v7NmY5s9QRKGE3.jpg?quality=96&as=32x24,48x36,72x54,108x81,160x120,240x180,360x270,480x360,540x405,640x480,720x540,1080x810,1280x960&from=bu&cs=1280x0",,,2014-07-28 15:37:21,58.007667,56.235892,58.00819896273859,56.23476395501453,88.96694168762951,synagogue,226719613,,,,,,,True,False,,,,,,,,True,False,,,,,
457255412,-170690865,-7,,,"https://sun9-2.userapi.com/s/v1/ig2/vr5CigFvB4pfNg2lbgB-DOajo8HjulI35wTbtgJzygjWqOZ-lPNFoid9dNiMa8v1zuig2MV8AVb9ThMoYmL6Wzrb.jpg?quality=95&as=32x43,48x64,72x96,108x144,160x213,240x320,360x480,480x640,540x720,640x853,720x960,1080x1440,1280x1707,1344x1792&from=bu&cs=1344x0",,,2023-01-20 13:26:33,58.007806,56.234399,58.00819896273859,56.23476395501453,48.698462152861765,synagogue,-170690865,,,,,,,True,False,,,,,,,,True,False,,,,,
457250787,261660768,-7,,,"https://sun9-7.userapi.com/s/v1/ig2/WB7OhtBoadfL7b-mYxmGHbEukKXZABrxjO5bVZ5DSPM7ZH28Fc3536lS2jTk2QGuAEC8PiDEqWkfLVdh_DpSqG8H.jpg?quality=96&as=32x43,48x64,72x96,108x144,160x214,240x320,360x481,480x641,540x721,640x855,720x961,1080x1442,1280x1709,1342x1792&from=bu&cs=1342x0",,,2020-08-20 07:52:55,58.008149,56.23494,58.00819896273859,56.23476395501453,11.765272683364431,synagogue,261660768,,,,,,,True,True,,,,,,,,True,False,,,,,
457253641,2426676,289375661,,,"https://sun9-77.userapi.com/s/v1/if2/2W0nZz8xVp2Tsl3fCIXVdqUyk-qPknFq6DF3wiJXfJ43rtj3HXGkISix9eriwSilPAQmGwxsQPoiIx0YwKwccLpW.jpg?quality=95&as=32x20,48x30,72x45,108x67,160x100,240x150,360x225,480x299,540x337,640x399,720x449,970x605&from=bu&cs=970x0",,,2022-11-15 14:40:20,58.00801,56.235231,58.00819896273859,56.23476395501453,34.61959414673405,synagogue,2426676,,,,,,Описание https://vk.com/wall-216919326_131,True,False,,,,,,,,True,True,,False,,,
456239144,204247214,-7,1194.0,https://vk.com/wall204247214_1194,"https://sun9-65.userapi.com/s/v1/ig1/jEmiuhndXbjr1ZlD6sggPGR8ChYNZZVp9XuMBeiTnqS58ojc5Jo7XQijET8BRxElidfSHgPI.jpg?quality=96&as=32x40,48x60,72x90,108x135,160x200,240x300,360x450,480x600,540x675,640x800,720x900,966x1208&from=bu&cs=966x0","https://sun9-79.userapi.com/s/v1/ig2/IHn-dxWgYrnuJkvlxHh9h13kCcXm6HZn_iEEUypIcD6sAQ61sNUEWFDNTG2r0yf421wSpIXmmRWbn5ewFZ7K0wCY.jpg?quality=95&as=32x43,48x64,72x96,108x144,160x213,240x320,360x480,480x640,540x720,640x853,720x960,1080x1440,1280x1707,1440x1920&from=bu&cs=1440x0",,2016-12-25 16:11:15,58.007785,56.23391,58.00819896273859,56.23476395501453,68.18838911082449,synagogue,204247214,,,,,,,True,False,,,,,,,,True,False,,,,,
457261212,91875183,305287651,,,"https://sun9-72.userapi.com/s/v1/ig2/i7pUvk_lFtzjUTT7L6VSWzBnv5VI3jacoByyRnuiBxymH865HVQdLEDtKtijUPG_Q0zLzcXK7PFen_ihe1P_ceDO.jpg?quality=95&as=32x32,48x48,72x72,108x108,160x160,240x240,360x360,480x480,540x540,640x640,720x720,1080x1080,1280x1280,1440x1440,1560x1560&from=bu&cs=1560x0",,,2024-05-19 19:20:39,58.008114,56.234583,58.00819896273859,56.23476395501453,14.244094650953375,synagogue,91875183,,,,,,,True,True,,,,,,,,True,True,,False,,,
457253760,-170690865,-7,,,"https://sun9-38.userapi.com/s/v1/ig2/MyTKlSEvMdTDt8rfmJTwsMknbDMQlp3zSTzbLUcQU9_KkJnlQXrbQCwJuIEEMjGiiKcGzHYP13TL76O0o836hh-5.jpg?quality=95&as=32x43,48x64,72x96,108x144,160x213,240x320,360x480,480x640,540x720,640x853,720x960,1080x1440,1280x1707,1344x1792&from=bu&cs=1344x0",,,2022-09-27 09:15:25,58.00782,56.23461,58.00819896273859,56.23476395501453,43.10373252508328,synagogue,-170690865,,,,,,,True,False,,,,,,,,True,False,,,,,
456243475,261660768,-7,16657.0,https://vk.com/wall261660768_16657,"https://sun9-66.userapi.com/s/v1/ig1/zR6f1DdozYjCrlDanEDCWQDMRHdaj9suvt0W6HJKsKHG8oouq0fEoT7rnF7rlgwdFDr881-L.jpg?quality=96&as=32x40,48x60,72x90,108x135,160x200,240x300,360x450,480x600,540x675,640x800,720x900,768x960&from=bu&cs=768x0",,,2018-04-23 13:45:25,58.007786,56.2358,58.00819896273859,56.23476395501453,76.37940821476096,synagogue,261660768,,,,,,,True,False,,,,,,,,True,False,,,,,
422258115,261660768,-7,,,"https://sun9-83.userapi.com/s/v1/ig1/RRsmeZ5yV1hvt92iGCvyGErhy4xdjiZlJ2iYOp6qLe1Y7Tf2YQGkz5SOjiN38M5BGLnEGEuD.jpg?quality=96&as=32x32,48x48,72x72,108x108,160x160,240x240,360x360,480x480,540x540,640x640,720x720,960x960&from=bu&cs=960x0",,,2016-07-09 15:44:11,58.00787,56.235865,58.00819896273859,56.23476395501453,74.46698969202748,synagogue,261660768,,,,,,,True,False,,,,,,,,True,False,,,,,
457241088,269841433,-7,,,"https://sun9-53.userapi.com/s/v1/ig2/V1BW7KHMCRkHigWY59BE-jE6gg3wtSiLun9TdHtFQpDHBaCaVszI_8whiJP0DWYiwqyGKAsKd1jXiV9aP_pFpDrw.jpg?quality=96&as=32x43,48x64,72x96,108x144,160x213,240x320,360x480,480x640,540x720,640x853,720x960,780x1040&from=bu&cs=780x0",,,2022-06-20 12:21:00,58.008017,56.235336,58.00819896273859,56.23476395501453,39.307250842971015,synagogue,269841433,,,,,,,True,False,,,,,,,,True,False,,,,,
457268948,127897487,-7,,,"https://sun9-35.userapi.com/s/v1/ig2/ic_QNFcYufIsd1HZnJZprRxYxxV6uHHWN8yFVZHLEndlY5lobFVs4ZTpBCdd7eF-Bj1p6Af5fq9d_AoR-qfL_mhs.jpg?quality=95&as=32x71,48x107,72x160,108x240,160x356,240x533,360x800,480x1067,540x1200,640x1422,720x1600,1080x2400,1152x2560&from=bu&cs=1152x0",,,2022-10-06 10:34:04,58.008198,56.234992,58.00819896273859,56.23476395501453,13.434748137224169,synagogue,127897487,,,,,,,True,False,,,,,,,,True,False,,,,,
456240328,252068287,-7,,,"https://sun9-58.userapi.com/s/v1/ig1/-rwx2VcjwiO3ddr8Hi7-mPEcRWLw3zqLkSLAz9VOtH2hHcin9d2ystiwerlD7cJp1GSariHJ.jpg?quality=96&as=32x43,48x64,72x96,108x144,160x214,240x320,360x481,480x641,540x721,640x855,719x960&from=bu&cs=719x0",,,2017-09-27 09:06:30,58.007778,56.234148,58.00819896273859,56.23476395501453,59.226643685656015,synagogue,252068287,,,,,,,True,False,,,,,,,,True,False,,,,,
457240538,-179988268,-7,,,"https://sun9-58.userapi.com/s/v1/ig2/5vkcYuzKVPGPI9dUby5BRfLf8Du3vRDCPPR_Nk1FtY0C79ZS0yB22FpUibtNHGR5vUYVHL7E3T0XY3PhHPryUyY_.jpg?quality=96&as=32x43,48x64,72x96,108x144,160x213,240x320,360x480,480x640,540x720,640x853,720x960,1080x1440,1280x1707,1440x1920,1620x2160&from=bu&cs=1620x0",,,2020-11-04 09:15:28,58.007638,56.234267,58.00819896273859,56.23476395501453,68.90494477226193,synagogue,-179988268,,,,,,,True,False,,,,,,,,True,False,,,,,
405287894,261660768,-7,5544.0,https://vk.com/wall261660768_5544,"https://sun9-13.userapi.com/s/v1/ig1/VYWXq0a22ExPl8KuqQH0ww1PCRidI5XnBRrWZ-2kwNcPN4kCz1k7c94B8J81mmhdfym8oQCL.jpg?quality=96&as=32x43,48x64,72x96,108x144,160x213,240x320,360x480,480x640,540x720,640x853,720x960&from=bu&cs=720x0",,,2016-03-12 16:26:20,58.007961,56.235693,58.00819896273859,56.23476395501453,60.79167150808664,synagogue,261660768,,,,,,,True,False,,,,,,,,True,False,,,,,
457257893,-170690865,-7,,,"https://sun9-41.userapi.com/s/v1/ig2/4rWYw7sKjNHhTGrK-VItQSrLYFx2-6ndeleMQ6jTg8LlzT_g8qRrhPmOsg-o0YL6ZTjXTIIJAfjFxkxKKB2S-wWu.jpg?quality=95&as=32x43,48x64,72x96,108x144,160x213,240x320,360x480,480x640,540x720,640x853,720x960,1080x1440,1280x1707,1398x1864&from=bu&cs=1398x0",,,2023-07-03 18:17:21,58.007897,56.234398,58.00819896273859,56.23476395501453,39.902113118787824,synagogue,-170690865,,,,,,,True,False,,,,,,,,True,False,,,,,
456240597,261660768,-7,,,"https://sun9-88.userapi.com/s/v1/ig1/RzW4KWMpauVFBPgIrquv4ysdAZPrg5mt1qsEfAXQcw8KNESytkf3wFMUqkWJjPo27FEQYJ96.jpg?quality=96&as=32x43,48x64,72x96,108x144,160x213,240x320,360x480,480x640,540x720,640x853,720x960&from=bu&cs=720x0",,,2017-04-27 19:14:19,58.00794,56.235376,58.00819896273859,56.23476395501453,46.14349723185105,synagogue,261660768,,,,,,,True,False,,,,,,,,True,False,,,,,
457255889,-170690865,-7,,,"https://sun9-23.userapi.com/s/v1/ig2/ve24CWvSGNNws93VctxKh6jef6-seEgTeVybKr5Sw9iZF_TaSccmpWV-CPljmSZx2a-TBwoecSKHSYZC1m0CXkK_.jpg?quality=95&as=32x43,48x64,72x96,108x144,160x214,240x320,360x481,480x641,540x721,640x855,720x961,1080x1442,1280x1709,1342x1792&from=bu&cs=1342x0",,,2023-02-24 12:01:34,58.007904,56.234332,58.00819896273859,56.23476395501453,41.51239618653149,synagogue,-170690865,,,,,,,True,False,,,,,,,,True,False,,,,,
457240544,-194619161,-7,,,"https://sun9-80.userapi.com/s/v1/ig2/BkCv-4DwVBlyPThV91jTYHa81565HtQqupldsP2pILg2WyeXZLjnsigo6GcWeSjFvz8VYVXwolPM9t9g2rnbXK4H.jpg?quality=95&as=32x43,48x64,72x96,108x144,160x213,240x320,360x480,480x640,540x721,640x854,720x961,1080x1441,1280x1708,1388x1852&from=bu&cs=1388x0",,,2022-06-20 09:50:43,58.007813,56.235192,58.00819896273859,56.23476395501453,49.777058200489776,synagogue,-194619161,,,,,,,True,False,,,,,,,,True,False,,,,,
457285504,14340157,-7,13852.0,https://vk.com/wall14340157_13852,"https://sun9-40.userapi.com/s/v1/ig2/pRDJagKx5aFu6y_LfEbDumifpCmE0r6Ie8FomOKxEBhaBiMp8SVsyzg5X1_7YHoQGT_TKANeoXl8GnDVgicQt3xz.jpg?quality=95&as=32x43,48x64,72x96,108x144,160x213,240x320,360x480,480x640,540x720,640x853,720x960,1080x1440,1200x1600&from=bu&cs=1200x0",,,2022-05-05 08:35:56,58.008198,56.234992,58.00819896273859,56.23476395501453,13.434748137224169,synagogue,14340157,,,,,,,True,False,,,,,,,,True,False,,,,,
457245805,-194619161,-7,,,"https://sun9-8.userapi.com/s/v1/ig2/AltqshBQTjg79EKPiSPCr_ucclPhQDYwBzVLLoNpjvjal2LoehFr93ThquQMRIVx5oU64y6J9t7WIvMV0bmxitWq.jpg?quality=95&as=32x43,48x64,72x96,108x144,160x213,240x320,360x480,480x640,540x720,640x853,720x960,1080x1440,1280x1707,1440x1920,1920x2560&from=bu&cs=1920x0",,,2024-11-18 08:06:22,58.007806,56.234914,58.00819896273859,56.23476395501453,44.580569031556806,synagogue,-194619161,,,,,,,True,False,,,,,,,,True,False,,,,,
457240153,-194619161,-7,,,"https://sun9-61.userapi.com/s/v1/ig2/u5op8UNUN4VdfegeELlD6r3AkWF6df1y4S482RsK1kn9ZPFTpDIXh31qgbPAN0XNfbU-yb9m9O3ojEogtpWZAmq7.jpg?quality=96&as=32x43,48x64,72x96,108x144,160x213,240x320,360x480,480x640,540x721,640x854,720x961,1080x1441,1280x1708,1388x1852&from=bu&cs=1388x0",,,2022-04-25 07:56:45,58.007842,56.235443,58.00819896273859,56.23476395501453,56.3538374152652,synagogue,-194619161,,,,,,,True,False,,,,,,,,True,False,,,,,
457243263,-194619161,-7,,,"https://sun9-45.userapi.com/s/v1/ig2/cAppu2MGkdJIZzIHRo8UpynkiYi_-Tt48wHVhjUmsiMBzXtQCjlIiV4exMRMV-xiK0EsWfN6-2RFyeo0MAyTpx50.jpg?quality=95&as=32x43,48x64,72x96,108x144,160x213,240x320,360x480,480x640,540x720,640x853,720x960,1080x1440,1280x1707,1440x1920,1920x2560&from=bu&cs=1920x0",,,2023-07-01 13:54:03,58.007813,56.23502,58.00819896273859,56.23476395501453,45.490675569552515,synagogue,-194619161,,,,,,,True,False,,,,,,,,True,False,,,,,
456239026,544828323,-7,,,"https://sun9-26.userapi.com/s/v1/ig1/qS0woOp30uW4FZMKN-HvEfzjD1yTqPDBkTYH8yXbgPq1zR1gXB-0grYkc_5X9H9nFPRpXc9y.jpg?quality=96&as=32x43,48x64,72x96,108x145,160x214,240x321,360x482,480x643,540x723,640x857,720x964,968x1296&from=bu&cs=968x0",,,2019-05-15 03:48:27,58.007623,56.233712,58.00819896273859,56.23476395501453,89.11894462380126,synagogue,544828323,,,,,,,True,False,,,,,,,,True,False,,,,,
456241995,261660768,-7,,,"https://sun9-45.userapi.com/s/v1/ig1/W57KVslHK39U_hDDi1HxpEixO6xFh1ooufxoYkoB9kAabiWPTyubby6pLRlI0TY04PiDFeYT.jpg?quality=96&as=32x43,48x64,72x96,108x144,160x213,240x320,360x480,480x640,540x720,640x853,720x960&from=bu&cs=720x0",,,2017-10-30 15:56:37,58.007989,56.235773,58.00819896273859,56.23476395501453,63.864272403377186,synagogue,261660768,,,,,,,True,False,,,,,,,,True,False,,,,,
457256077,-170690865,-7,,,"https://sun9-62.userapi.com/s/v1/ig2/0bhhtbr3T3hUhjjAPw480d58KhjlkW0loIkTvrp9bLWQwLsNqEuoraAVAcZcMMQkG9XG4xztI8OSggbb6soGKdjC.jpg?quality=95&as=32x43,48x64,72x96,108x144,160x214,240x320,360x481,480x641,540x721,640x855,720x961,1080x1442,1280x1709,1342x1792&from=bu&cs=1342x0",,,2023-03-08 12:26:32,58.008114,56.234411,58.00819896273859,56.23476395501453,22.83853256185169,synagogue,-170690865,,,,,,,True,False,,,,,,,,True,False,,,,,
456240123,425836081,-7,,,"https://sun9-84.userapi.com/s/v1/if1/xoKvFPrvHg5xoWmtfjWcxWd2zQ3PKo9cXWvcKYj11jUdgThQilB26KBWQoWQiGdXxit1_usc.jpg?quality=96&as=32x18,48x26,72x40,108x60,160x88,240x132,360x199,480x265,540x298,640x353,720x397,1024x565&from=bu&cs=1024x0",,,2018-05-25 14:55:33,58.007996,56.235363,58.00819896273859,56.23476395501453,41.88964292734353,synagogue,425836081,,,,,,,True,False,,,,,,,,True,False,,,,,
394270007,261660768,-7,,,"https://sun9-31.userapi.com/s/v1/ig1/RC2hi9Yr9pccrGK5rxxbdc2NJXTE7UG2T_EOBVWetxe-MszfYB54-Jhcw86w331GZ_AHDVkt.jpg?quality=96&as=32x38,48x57,72x86,108x128,160x190,240x285,360x428,480x571,540x642,640x761,720x856,807x960&from=bu&cs=807x0",,,2015-12-29 15:37:06,58.007786,56.235971,58.00819896273859,56.23476395501453,84.64631378456417,synagogue,261660768,,,,,,,True,False,,,,,,,,True,False,,,,,
456247293,192767690,246644270,,,"https://sun9-38.userapi.com/s/v1/if1/lWGgkTQVgDYfhLReaJ138H1Ln65NeFZ5YALnJFCGkO7aDrWYrGo_FBI6rhkbEvB7VS_yfzM-.jpg?quality=96&as=32x21,48x31,72x47,108x70,160x104,240x156,360x234,480x312,540x351,640x416,690x449&from=bu&cs=690x0",,,2017-08-11 07:20:10,58.007785,56.234769,58.00819896273859,56.23476395501453,46.03151582791842,synagogue,192767690,,,,,,синагога,True,False,,,,,,,,True,True,,False,,,
456242221,261660768,-7,,,"https://sun9-78.userapi.com/s/v1/ig1/N-An98xfcXDczykPVvxeOKIwnwuE7nm3EZ2kzDk8CcOtj_dw_MHXbszxADcfUUnagly4ReZv.jpg?quality=96&as=32x40,48x60,72x90,108x135,160x200,240x300,360x449,480x599,540x674,640x799,720x899,769x960&from=bu&cs=769x0",,,2017-11-18 08:09:31,58.007772,56.235932,58.00819896273859,56.23476395501453,83.59977245122062,synagogue,261660768,,,,,,,True,False,,,,,,,,True,False,,,,,
457256136,-170690865,-7,,,"https://sun9-27.userapi.com/s/v1/ig2/fGRJquMMT_4MRD6IYnzX92gEo9Rbn22U8-V1BcTCa2-j2thaypw6PKbAxxfWG6COpHBR2lRXv7ftOqJ7zzRjv3oi.jpg?quality=95&as=32x43,48x64,72x96,108x144,160x214,240x320,360x481,480x641,540x721,640x855,720x961,1080x1442,1280x1709,1342x1792&from=bu&cs=1342x0",,,2023-03-10 15:25:57,58.007722,56.234505,58.00819896273859,56.23476395501453,55.186284082187015,synagogue,-170690865,,,,,,,True,False,,,,,,,,True,False,,,,,
457247913,-170690865,-7,,,"https://sun9-86.userapi.com/s/v1/ig2/RI6P2fOUafO_l-IRrdPMj3g8qpqdLTvlukJzOmx5nwhIn7_xVPAnv6pl-ZhHz3G_TsMcj2Idc2Sfe1H9SJCl7tLD.jpg?quality=96&as=32x43,48x64,72x96,108x144,160x214,240x320,360x481,480x641,540x721,640x855,720x961,1080x1442,1280x1709,1342x1792&from=bu&cs=1342x0",,,2022-05-04 12:04:04,58.008016,56.234477,58.00819896273859,56.23476395501453,26.45131804338345,synagogue,-170690865,,,,,,,True,False,,,,,,,,True,False,,,,,
456239818,261660768,-7,,,"https://sun9-86.userapi.com/s/v1/ig1/UGVz24NK7H4NWIqCh27y18mjaEbrEdJDs96UN7MiMNEzwuXg9tG6OpqLTtmMdSCmBc3wOdil.jpg?quality=96&as=32x32,48x48,72x72,108x108,160x160,240x240,360x360,480x480,540x540,640x640,720x720,960x960&from=bu&cs=960x0",,,2017-02-09 08:23:09,58.007758,56.235892,58.00819896273859,56.23476395501453,82.58581041979475,synagogue,261660768,,,,,,,True,False,,,,,,,,True,False,,,,,
456239031,500844108,-7,,,"https://sun9-36.userapi.com/s/v1/ig1/c5Y7rC_NoPoV3z2mFCtlA82_E3iXChtD7AlWT1ZWbHQEvLPFwv95auQcjG-zGP_nmgxyFw.jpg?quality=96&as=32x43,48x64,72x96,108x144,160x213,240x320,360x480,480x640,540x720,640x853,720x960&from=bu&cs=720x0",,,2018-08-23 20:45:38,58.007953,56.234557,58.00819896273859,56.23476395501453,29.94420352147116,synagogue,500844108,,,,,,,True,False,,,,,,,,True,False,,,,,
457254045,-170690865,-7,,,"https://sun9-17.userapi.com/s/v1/ig2/_tAPMgEDnI1kX6kBhIhySIkN67HOGZKQh_My7sstUDtTMNCag9HWMX_vTveW3ZPLflSIvYZ4B4Lzn6hzLeTZ3dOD.jpg?quality=95&as=32x43,48x64,72x96,108x144,160x213,240x320,360x480,480x640,540x720,640x853,720x960,1080x1440,1280x1707,1344x1792&from=bu&cs=1344x0",,,2022-10-15 12:02:07,58.007806,56.234399,58.00819896273859,56.23476395501453,48.698462152861765,synagogue,-170690865,,,,,,,True,False,,,,,,,,True,False,,,,,
457245801,-194619161,-7,,,"https://sun9-38.userapi.com/s/v1/ig2/v_ddFiQYsVktHcHdqDQgycABNnddC1_Z-oIwCW2CRlR9WGRTxQlar_NTw3LgBQ5pF6i3Z0ZIsLwnBrCdydYIVVRt.jpg?quality=95&as=32x43,48x64,72x96,108x144,160x213,240x320,360x480,480x640,540x720,640x853,720x960,1080x1440,1280x1707,1440x1920,1920x2560&from=bu&cs=1920x0",,,2024-11-18 08:06:22,58.007911,56.234782,58.00819896273859,56.23476395501453,32.037637117550986,synagogue,-194619161,,,,,,,True,False,,,,,,,,True,False,,,,,
457240524,-179988268,-7,,,"https://sun9-69.userapi.com/s/v1/ig2/L9qU0s6MK952_OJoklDEh8XSCg3gUMU_OozqSpLgQ1CxsV_-GDtB-hK7GWJBiyQE5JAi0dBr7ekI39bkQGj1GDjI.jpg?quality=96&as=32x43,48x64,72x96,108x144,160x213,240x320,360x480,480x640,540x720,640x853,720x960,1080x1440,1280x1707,1440x1920,1620x2160&from=bu&cs=1620x0",,,2020-10-07 14:57:41,58.007638,56.234267,58.00819896273859,56.23476395501453,68.90494477226193,synagogue,-179988268,,,,,,,True,False,,,,,,,,True,False,,,,,
457255532,-170690865,-7,,,"https://sun9-48.userapi.com/s/v1/ig2/yvfrbaR0uTxOHFoei6fZVOXCLkEMzxB4nIaiGi-q1jeIdrAYBJ0SjJ4XUS6qlH8rtvKbhhYDs4RH6DHfPU1SHHzu.jpg?quality=95&as=32x43,48x64,72x96,108x144,160x213,240x320,360x480,480x640,540x720,640x853,720x960,1080x1440,1280x1707,1344x1792&from=bu&cs=1344x0",,,2023-01-27 13:53:37,58.007813,56.234504,58.00819896273859,56.23476395501453,45.567571879464026,synagogue,-170690865,,,,,,,True,False,,,,,,,,True,False,,,,,
457240560,-179988268,-7,,,"https://sun9-4.userapi.com/s/v1/ig2/ZDVS5I05hrQuhtmxbdKiLL2SFxKgLTcY0kIzTH78lCoecB0Qhh8dXje-qGKKSPyeaCiLy4a7B1ek8rKDE-qwRQFM.jpg?quality=96&as=32x43,48x64,72x96,108x144,160x213,240x320,360x480,480x640,540x720,640x853,720x960,1080x1440,1280x1707,1440x1920,1620x2160&from=bu&cs=1620x0",,,2020-12-27 14:59:19,58.007799,56.234808,58.00819896273859,56.23476395501453,44.54945572405847,synagogue,-179988268,,,,,,,True,False,,,,,,,,True,False,,,,,
457250846,261660768,-7,,,"https://sun9-39.userapi.com/s/v1/ig2/ITNZHO9cr9UEXB6CLZOYhC4Zv9FoAEdMqqSXlokddDpHJQjrwDsZBIZdtgd4PqnFKjler42y0n9AVCuzgB5Q0aC4.jpg?quality=96&as=32x43,48x64,72x96,108x144,160x214,240x320,360x481,480x641,540x721,640x855,720x961,1080x1442,1280x1709,1342x1792&from=bu&cs=1342x0",,,2020-08-29 08:47:58,58.007813,56.234333,58.00819896273859,56.23476395501453,49.86412382494944,synagogue,261660768,,,,,,,True,False,,,,,,,,True,False,,,,,
457242779,-194619161,-7,,,"https://sun9-29.userapi.com/s/v1/ig2/_LdygZBGNFl5X8Kp4NzpkjQ8MFoqprjy5HtGTUdfgslAHOK63g1aJIVlNa8JArM7u1hB5Gg9lpolpttbx4eW02vb.jpg?quality=95&as=32x43,48x64,72x96,108x144,160x213,240x320,360x480,480x640,540x720,640x853,720x960,1080x1440,1280x1707,1440x1920,1920x2560&from=bu&cs=1920x0",,,2023-04-03 09:42:46,58.007695,56.2358,58.00819896273859,56.23476395501453,82.8583389920959,synagogue,-194619161,,,,,,,True,False,,,,,,,,True,False,,,,,
457242777,-194619161,-7,,,"https://sun9-56.userapi.com/s/v1/ig2/KsUmZl856o_ogGv_Zk76W5pUOAkjp_JvyENdgVie7x58FxbAek-J2yf7-RGKC8wpcNt3TfVbJ4FlxcrXFpzkPq1q.jpg?quality=95&as=32x43,48x64,72x96,108x144,160x213,240x320,360x480,480x640,540x720,640x853,720x960,1080x1440,1280x1707,1440x1920,1920x2560&from=bu&cs=1920x0",,,2023-04-03 09:42:46,58.007702,56.235906,58.00819896273859,56.23476395501453,87.06401057124822,synagogue,-194619161,,,,,,,True,False,,,,,,,,True,False,,,,,
457251837,-170690865,-7,,,"https://sun9-60.userapi.com/s/v1/ig2/VHv5TDfXDP_7-vZiAI094aj7ppYS45S43Ipqj9PWuRX3KDjyiurOGPiw8QVWEHvONahkfdTwUR7-BrEFKvJym2nt.jpg?quality=95&as=32x43,48x64,72x96,108x144,160x214,240x320,360x481,480x641,540x721,640x855,720x961,1080x1442,1280x1709,1342x1792&from=bu&cs=1342x0",,,2022-06-17 10:50:13,58.007806,56.234399,58.00819896273859,56.23476395501453,48.698462152861765,synagogue,-170690865,,,,,,,True,False,,,,,,,,True,False,,,,,
457239122,-225765287,-7,,,"https://sun9-3.userapi.com/s/v1/ig2/OnzqFE8JxKt5j-haIghLrpBZG3VFM9roUrO0N81dAMJobqIaxjFwmvEp6kz2a1bQC1vYZjw2_tBvyLFYptAQTykK.jpg?quality=95&as=32x43,48x64,72x96,108x144,160x213,240x320,360x480,480x640,540x720,640x853,720x960,1080x1440,1280x1707,1440x1920,1920x2560&from=bu&cs=1920x0",,,2024-06-21 14:31:31,58.008002,56.235125,58.00819896273859,56.23476395501453,30.529618692970583,synagogue,-225765287,,,,,,,True,False,,,,,,,,True,False,,,,,
457256677,-170690865,-7,,,"https://sun9-43.userapi.com/s/v1/ig2/br2ZUIeHBeCSaFdx_9K0JKcHxrRgGophqiVzrAw4-ldCg4MIwvfoN9ge3OwiALG4nao2BKO_PKz83pOE8TvlgywK.jpg?quality=95&as=32x43,48x64,72x96,108x144,160x214,240x320,360x481,480x641,540x721,640x855,720x961,1080x1442,1280x1709,1342x1792&from=bu&cs=1342x0",,,2023-04-15 11:36:45,58.007813,56.234504,58.00819896273859,56.23476395501453,45.567571879464026,synagogue,-170690865,,,,,,,True,False,,,,,,,,True,False,,,,,
457239134,-224558018,-7,,,"https://sun9-6.userapi.com/s/v1/ig2/OqiMuJMGMeYHMie_PXXPwqysLyFzjAfL6IcWxeE1Bwn0UyqMPmI2uMBSWLm1LkXuV51Okg0_nuA6_dCwo1Zr_yX3.jpg?quality=95&as=32x43,48x64,72x96,108x144,160x213,240x320,360x480,480x640,540x720,640x853,720x960,1080x1440,1280x1707,1440x1920,1920x2560&from=bu&cs=1920x0",,,2024-05-21 18:30:37,58.008107,56.234993,58.00819896273859,56.23476395501453,16.930285459496016,synagogue,-224558018,,,,,,,True,True,,,,,,,,True,False,,,,,
457242767,69632276,-7,2016.0,https://vk.com/wall69632276_2016,"https://sun9-43.userapi.com/s/v1/if1/ZRk7UJU4oLwk8afBpQZPlRAZO8CnAL_xkpabsmjE60iH9j-tTZKr2Vscp2CcrZIiZNKaLl7D.jpg?quality=96&as=32x24,48x36,72x54,108x81,160x120,240x180,360x270,480x360,540x405,640x480,720x540,1080x810,1280x960,1440x1080,1536x1152&from=bu&cs=1536x0",,,2019-10-08 10:22:18,58.007841,56.234412,58.00819896273859,56.23476395501453,44.88018947431314,synagogue,69632276,,,,,,,True,False,,,,,,,,True,False,,,,,
457257515,-170690865,-7,,,"https://sun9-77.userapi.com/s/v1/ig2/5D1MGkwg7DZiBNQnD8-sbUxG6JUAc8ug8YrGcR1IkcCbwWcLv8d1_Alz7tfkaZNUPtXmPFDlGixpqx7Jfr3CwFOo.jpg?quality=95&as=32x43,48x64,72x96,108x144,160x213,240x320,360x480,480x640,540x720,640x853,720x960,1080x1440,1280x1707,1398x1864&from=bu&cs=1398x0",,,2023-06-07 16:43:25,58.007722,56.234505,58.00819896273859,56.23476395501453,55.186284082187015,synagogue,-170690865,,,,,,,True,False,,,,,,,,True,False,,,,,
457254279,-170690865,-7,,,"https://sun9-76.userapi.com/s/v1/ig2/og0e3lUwRKufcbCt7YbQrlNMmSs56HB4mmMQdFa1NQPx_c2wextn4GVOWtdfSdLP9C6bp72s9sZaeQGn-O8MugBD.jpg?quality=95&as=32x43,48x64,72x96,108x144,160x213,240x320,360x480,480x640,540x720,640x853,720x960,1080x1440,1280x1707,1344x1792&from=bu&cs=1344x0",,,2022-10-29 11:39:23,58.007799,56.234293,58.00819896273859,56.23476395501453,52.41830941546784,synagogue,-170690865,,,,,,,True,False,,,,,,,,True,False,,,,,
457239254,-214801568,-7,,,"https://sun9-42.userapi.com/s/v1/ig2/nl1q5OApRGT63JVbd3C-HxevW7h4-8rH6WmSStKiu02eyC9oET2vh6E33PCfUxQbgcibWQaD7qozegBGJpyB07A6.jpg?quality=95&as=32x43,48x64,72x96,108x144,160x214,240x321,360x481,480x642,540x722,640x855,720x962,1080x1444,1197x1600&from=bu&cs=1197x0",,,2022-10-20 10:38:05,58.008198,56.234992,58.00819896273859,56.23476395501453,13.434748137224169,synagogue,-214801568,,,,,,,True,False,,,,,,,,True,False,,,,,
457244163,33433452,159779885,,,"https://sun9-70.userapi.com/s/v1/if2/-lpH9ZLBf9nz4B5_486o6RKyogU5Klhcy-qJr0VfIr2TJfcZ7fJYrKAxUrznWJ4i4iMnKKFQjP5SyL-BnofqKPls.jpg?quality=96&as=32x24,48x36,72x54,108x81,160x120,240x180,360x270,480x360,540x405,640x480,720x540,1080x810,1280x960,1440x1080,2560x1920&from=bu&cs=2560x0",,,2020-03-23 17:36:53,58.008107,56.234649,58.00819896273859,56.23476395501453,12.264916938799782,synagogue,33433452,,,,,,,True,True,,,,,,,,True,False,,,,,
377470990,161626011,-7,,,"https://sun9-64.userapi.com/s/v1/if1/3s_8NMLN_6OA73V_nA7vg9_2c_epaUvr9FjgZUEm3tRWdihG78L-kH9qZoH_Izxz9iEq3LFc.jpg?quality=96&as=32x24,48x36,72x54,108x81,160x120,240x180,360x270,480x360,540x405,640x480,720x540,960x720&from=bu&cs=960x0",,,2015-08-30 20:30:03,58.007939,56.234345,58.00819896273859,56.23476395501453,38.00978402778725,synagogue,161626011,,,,,,,True,False,,,,,,,,True,False,,,,,
457239775,693769851,-7,,,"https://sun9-78.userapi.com/s/v1/ig2/Epio1NVuRoIxIrFDkAXcmqmMlIOIewdNbHAOEB5R1E6zdNodaj9pbFOgWqwBuDs4MVcrnfcFapoI2MAy-OIM3Y46.jpg?quality=95&as=32x43,48x64,72x96,108x144,160x213,240x320,360x480,480x640,540x720,640x853,720x960,1080x1440,1280x1707,1440x1920,1874x2499&from=bu&cs=1874x0",,,2022-08-14 20:17:54,58.00782,56.23461,58.00819896273859,56.23476395501453,43.10373252508328,synagogue,693769851,,,,,,,True,False,,,,,,,,True,False,,,,,
457245804,-194619161,-7,,,"https://sun9-79.userapi.com/s/v1/ig2/cM21x7ssiM94q8VWBZJahwaPE4EUnBlF6qDcldPDh5ZEL48VdpdHgEXc0KkTwz5rIwDWJ3jZaZsjZteD5MB5LzY3.jpg?quality=95&as=32x43,48x64,72x96,108x144,160x213,240x320,360x480,480x640,540x720,640x853,720x960,1080x1440,1280x1707,1440x1920,1920x2560&from=bu&cs=1920x0",,,2024-11-18 08:06:22,58.007806,56.234914,58.00819896273859,56.23476395501453,44.580569031556806,synagogue,-194619161,,,,,,,True,False,,,,,,,,True,False,,,,,
457254597,-170690865,-7,,,"https://sun9-47.userapi.com/s/v1/ig2/xhJyKDv-QoUjOk53AXzD2KTcdXTymJmRNo05SR-51qf2O8EORNQPQ-YBwfwB-6EJuVI4CzSZePBEZE--Oa_datz5.jpg?quality=95&as=32x43,48x64,72x96,108x144,160x213,240x320,360x480,480x640,540x720,640x853,720x960,1080x1440,1280x1707,1344x1792&from=bu&cs=1344x0",,,2022-11-19 11:17:18,58.007813,56.234504,58.00819896273859,56.23476395501453,45.567571879464026,synagogue,-170690865,,,,,,,True,False,,,,,,,,True,False,,,,,
457240073,-89288568,267510247,,,"https://sun9-34.userapi.com/s/v1/if1/em2rqqVxxvLPZHIferw5NcxiHdwl--7xTWdFCyKAfib_u3wX7KZKoYVSUME0nqMcMM-Y2ary.jpg?quality=96&as=32x24,48x36,72x54,108x81,160x120,240x180,360x270,480x360,540x405,640x480,720x540,1080x810,1280x960&from=bu&cs=1280x0",,,2019-10-17 14:21:22,58.007898,56.235601,58.00819896273859,56.23476395501453,59.59479050290016,synagogue,10566756,,,,,,,True,False,,,,,,,,True,True,,False,,,
457252874,-170690865,-7,,,"https://sun9-66.userapi.com/s/v1/ig2/gwa1nWpwcNWSuuRK_PbWiJ2-Z6_6Tawpsw5U63bJGXWhExxwpKt2pjYGhhaAsxwrbHken1tiPpBW0zop-u1OsNZW.jpg?quality=95&as=32x43,48x64,72x96,108x144,160x213,240x320,360x480,480x640,540x720,640x853,720x960,1080x1440,1280x1707,1344x1792&from=bu&cs=1344x0",,,2022-08-09 11:34:17,58.008114,56.234411,58.00819896273859,56.23476395501453,22.83853256185169,synagogue,-170690865,,,,,,,True,False,,,,,,,,True,False,,,,,
457244141,33433452,159779885,,,"https://sun9-88.userapi.com/s/v1/ig2/mWpegBeft7sJFz_KrHLUX0nptuz_vc2a1CN9z7gLaImG1_xRyLbL9_-pFTDtxHXux4t8cQYjYJvm_eRCxE4GDsmf.jpg?quality=96&as=32x43,48x64,72x96,108x144,160x213,240x320,360x480,480x640,540x720,640x853,720x960,1080x1440,1280x1707,1440x1920,1620x2160&from=bu&cs=1620x0",,,2020-03-17 02:55:14,58.008191,56.234887,58.00819896273859,56.23476395501453,7.302560068849029,synagogue,33433452,,,,,,,True,True,,,,,,,,True,False,,,,,
456239090,-110071762,-7,,,"https://sun9-62.userapi.com/s/v1/if2/z-MLGGGYcI_cKpAut89sLUEi4QzCP53IFvXje1am5rnFuZd7hIJ0Cm8ue4PyCfw2KXpmcrqwCIazYkIrcnLe1bWy.jpg?quality=96&as=32x24,48x36,72x54,108x81,160x120,240x180,360x270,480x360,540x405,640x480,720x540,960x720&from=bu&cs=960x0",,,2018-05-01 10:17:01,58.007793,56.235562,58.00819896273859,56.23476395501453,65.17671233064395,synagogue,-110071762,,,,,,,True,False,,,,,,,,True,False,,,,,
457256617,-170690865,-7,,,"https://sun9-56.userapi.com/s/v1/ig2/gnsUfE-k5mHymFf7NQdfXYId8fFMx-PiP3BqPpTUvcb4HtvqxD-KnVyW84a58wBjxyYX9VGXRKe6AW0Rid6aKObA.jpg?quality=95&as=32x43,48x64,72x96,108x144,160x214,240x320,360x481,480x641,540x721,640x855,720x961,1080x1442,1280x1709,1342x1792&from=bu&cs=1342x0",,,2023-04-13 17:52:00,58.007918,56.2342,58.00819896273859,56.23476395501453,45.605044690392624,synagogue,-170690865,,,,,,,True,False,,,,,,,,True,False,,,,,
456239190,93821781,-7,,,"https://sun9-64.userapi.com/s/v1/ig1/Hix1Nhr5S5KHw4_dv2Qvy50TT1DJv7nmDkXATOj9INmC8RRJtVongA5_NjyDEN1Ed8PzQbtw.jpg?quality=96&as=32x43,48x64,72x96,108x144,160x213,240x320,360x480,480x640,540x720,640x853,720x960&from=bu&cs=720x0",,,2017-08-20 06:17:08,58.007877,56.235284,58.00819896273859,56.23476395501453,47.119795256605805,synagogue,93821781,,,,,,,True,False,,,,,,,,True,False,,,,,
457254608,-170690865,-7,,,"https://sun9-84.userapi.com/s/v1/ig2/IwoYbAVMl-DYbAETanT9qDQOe_hoLjyL2VLhm33IAhh6UnoZtPFaW-mEUtsCCwpHO6NNOz8PSbfCNeb8b_r4V1uy.jpg?quality=95&as=32x43,48x64,72x96,108x144,160x213,240x320,360x480,480x640,540x720,640x853,720x960,1080x1440,1280x1707,1344x1792&from=bu&cs=1344x0",,,2022-11-19 11:23:49,58.00782,56.23461,58.00819896273859,56.23476395501453,43.10373252508328,synagogue,-170690865,,,,,,,True,False,,,,,,,,True,False,,,,,
457255478,-170690865,-7,,,"https://sun9-44.userapi.com/s/v1/ig2/gr-4Nv-WI44b38FYAsto8bTzlpVPauvrgIYly5lb_FSCEokFr3KespJXnSikYVaz1Qpgfkh8TVBH4Gewfgr90cwA.jpg?quality=95&as=32x43,48x64,72x96,108x144,160x213,240x320,360x480,480x640,540x720,640x853,720x960,1080x1440,1280x1707,1344x1792&from=bu&cs=1344x0",,,2023-01-22 15:01:17,58.007806,56.234399,58.00819896273859,56.23476395501453,48.698462152861765,synagogue,-170690865,,,,,,,True,False,,,,,,,,True,False,,,,,
400151468,261660768,-7,4809.0,https://vk.com/wall261660768_4809,"https://sun9-18.userapi.com/s/v1/ig1/V_NDJ-Q8X1-EUYanHAh_mL_hXj_kKGiSF4qGPLkiN0o5-yU3CmlJdfVftebSOyMIGWwuk36A.jpg?quality=96&as=32x43,48x64,72x96,108x144,160x213,240x320,360x480,480x640,540x720,640x853,720x960&from=bu&cs=720x0",,,2016-02-07 06:01:58,58.007716,56.236117,58.00819896273859,56.23476395501453,96.11256814457457,synagogue,261660768,,,,,,,True,False,,,,,,,,True,False,,,,,
426904462,261660768,-7,7113.0,https://vk.com/wall261660768_7113,"https://sun9-7.userapi.com/s/v1/ig1/Vrv53stmh1mwroLvn-8Ok27nop7rBrk4Mrd9Ybh2Ncc5-2Qbt369Xl15VLVP7M_NdIxY4Dsw.jpg?quality=96&as=32x33,48x50,72x75,108x112,160x166,240x249,360x374,480x499,540x561,640x665,720x748,924x960&from=bu&cs=924x0",,,2016-08-12 09:17:34,58.007786,56.235628,58.00819896273859,56.23476395501453,68.55357078931449,synagogue,261660768,,,,,,,True,False,,,,,,,,True,False,,,,,
457323786,360619746,-7,,,"https://sun9-23.userapi.com/s/v1/if2/oklAHJXvxFyXwLE_USbjIg162fqykTiywuvhwh3PfSq_Xbiaid7bPqxjjfrNYo5AtQ_zRd4tG2xzC_XvtXQ1Fj8c.jpg?quality=96&as=32x24,48x36,72x54,108x81,160x119,240x179,360x269,480x358,540x403,640x478,720x538,1080x807,1280x956,1440x1075,2560x1912&from=bu&cs=2560x0",,,2020-03-17 19:33:59,58.007771,56.23387,58.00819896273859,56.23476395501453,70.97916501332959,synagogue,360619746,,,,,,,True,False,,,,,,,,True,False,,,,,
457256992,193585525,303381976,,,"https://sun9-75.userapi.com/s/v1/ig2/RChErmsprQ8j-O1iCA3urnaFDpNedvXt4l0J7UJ5o2IfqxhtjT9ORIHxpech0WRxCdo5K3gH576VUGCzvNS3PIwf.jpg?quality=95&as=32x69,48x104,72x156,108x234,160x347,240x521,360x781,480x1041,540x1172,640x1388,720x1562,1080x2343,1180x2560&from=bu&cs=1180x0",,,2024-09-07 19:37:30,58.007701,56.234016,58.00819896273859,56.23476395501453,70.76358320737575,synagogue,193585525,,,,,,,True,False,,,,,,,,True,False,,,,,
457253011,-170690865,-7,,,"https://sun9-52.userapi.com/s/v1/ig2/dQqpgThfuYfpNX67LHH06_KQdIo4c2Ofw4p2av9LFxfqT0vmauG_j3g3pCcXAoqyhhWvrUHcuz1loVM3tqu4yuBA.jpg?quality=95&as=32x43,48x64,72x96,108x144,160x213,240x320,360x480,480x640,540x720,640x853,720x960,1080x1440,1280x1707,1344x1792&from=bu&cs=1344x0",,,2022-08-18 11:47:31,58.007806,56.234399,58.00819896273859,56.23476395501453,48.698462152861765,synagogue,-170690865,,,,,,,True,False,,,,,,,,True,False,,,,,
306546942,117063180,176267686,,,"https://sun9-42.userapi.com/s/v1/if2/RMsQmkTiLEBUmByRaYVUU9MQ99BQ_Su6lzUZ6TpM3v29f97qdNX1H2S_o8JSvwM7_yMInRjlSDuhPNSSZUQeT8C1.jpg?quality=96&as=32x24,48x36,72x54,108x81,160x120,240x180,360x270,480x360,540x405,640x480,720x540,960x720&from=bu&cs=960x0",,,2013-06-29 10:20:23,58.007848,56.234517,58.00819896273859,56.23476395501453,41.648866276533354,synagogue,117063180,,,,,,,True,False,,,,,,,,True,False,,,,,
457257519,-170690865,-7,,,"https://sun9-15.userapi.com/s/v1/ig2/3XYXw5ZKl7mpZpmCLD3d9YfeVlperG_wS7dJ31w5-Am09kru95J2PwCtXRHqxEXT9aOdAAcxgXbchw8m5kCVfuP0.jpg?quality=95&as=32x43,48x64,72x96,108x144,160x213,240x320,360x480,480x640,540x720,640x853,720x960,1080x1440,1280x1707,1398x1864&from=bu&cs=1398x0",,,2023-06-07 16:44:24,58.007904,56.234332,58.00819896273859,56.23476395501453,41.51239618653149,synagogue,-170690865,,,,,,,True,False,,,,,,,,True,False,,,,,
456240603,27447795,-7,,,"https://sun9-59.userapi.com/s/v1/if1/WhhdytybwtrC-3_z8EoM_FG1MpZrypNoJRFviHTSPrYRwQgPvJJaIysMFIv7Fe629gIQP5Os.jpg?quality=96&as=32x18,48x27,72x40,108x61,160x90,240x135,360x202,480x270,540x304,640x360,720x405,1080x607,1280x720,1440x810,2560x1440&from=bu&cs=2560x0",,,2018-08-10 16:09:21,58.007799,56.235152,58.00819896273859,56.23476395501453,50.00509281829425,synagogue,27447795,,,,,,,True,False,,,,,,,,True,False,,,,,
376554359,286474762,217489189,,,"https://sun9-9.userapi.com/s/v1/ig1/27YxDeV_fHE1pfsEH4wl3l3l3dXPbDgzE0I5rbia6lNe1eg3PV8IHJDCP9X5HQCuy12Teh9E.jpg?quality=96&as=32x57,48x85,72x128,108x192,160x285,240x427,360x641,480x855,540x962,640x1140,720x1282,749x1334&from=bu&cs=749x0",,,2015-07-31 17:43:17,58.007954,56.235244,58.00819896273859,56.23476395501453,39.26445761898477,synagogue,286474762,,,,,,,True,False,,,,,,,,True,False,,,,,
434652446,385169573,-7,,,"https://sun9-61.userapi.com/s/v1/if1/kU4-nU3PmmwipoKS1k0r41d5ArbTjP80QaWZJUJ0dtm57RBzWdUMyi6eqGGBE4rYt1eDGz_t.jpg?quality=96&as=32x24,48x36,72x54,108x81,160x120,240x180,360x270,480x360,540x405,640x480,720x540,1000x750&from=bu&cs=1000x0",,,2016-09-26 08:19:58,58.007666,56.234518,58.00819896273859,56.23476395501453,61.00836138371684,synagogue,385169573,,,,,,,True,False,,,,,,,,True,False,,,,,
456239249,-75252175,-7,,,"https://sun9-53.userapi.com/s/v1/ig1/4Uoqc4j2R-hBga4qt2BpTuluzCOinwdfZZuCfcwKYykQOPz9LSqWHjRzqo-JvJFpEmaSOGfS.jpg?quality=96&as=32x32,48x48,72x72,108x108,160x160,240x240,360x360,480x480,540x540,640x640,720x720,960x960&from=bu&cs=960x0",,,2017-01-04 06:26:12,58.007849,56.235892,58.00819896273859,56.23476395501453,77.00969538196476,synagogue,-75252175,,,,,,,True,False,,,,,,,,True,False,,,,,
457254652,-170690865,-7,,,"https://sun9-31.userapi.com/s/v1/ig2/pDanUcNqkr6ZmC2ThOcJeqI-klfxeTX9gXrUljcIW3-_HnPMAWKs6ez3Syvf_7h9pU7626R-X9qP9gjvhKyWZfxl.jpg?quality=95&as=32x43,48x64,72x96,108x144,160x213,240x320,360x480,480x640,540x720,640x853,720x960,1080x1440,1280x1707,1344x1792&from=bu&cs=1344x0",,,2022-11-23 11:04:19,58.007813,56.234504,58.00819896273859,56.23476395501453,45.567571879464026,synagogue,-170690865,,,,,,,True,False,,,,,,,,True,False,,,,,
457256983,-170690865,-7,,,"https://sun9-51.userapi.com/s/v1/ig2/0iDQentNfbih-JVoGgO_rxT_KpjWPJEXjeHhcuiLvjWTeXbxKsRukeu7r71zdOLPBXXazmkGBuI4XjRprgngx8vC.jpg?quality=95&as=32x43,48x64,72x96,108x144,160x213,240x320,360x480,480x640,540x720,640x853,720x960,1080x1440,1280x1707,1398x1864&from=bu&cs=1398x0",,,2023-04-30 17:00:25,58.007806,56.234399,58.00819896273859,56.23476395501453,48.698462152861765,synagogue,-170690865,,,,,,,True,False,,,,,,,,True,False,,,,,
457241471,442411318,246963466,,,"https://sun9-61.userapi.com/s/v1/ig2/gOavUPhD1ZNgALFbFCsUKg9MZAXZw6aaW98n6iQEOyj4OuV9b2IDH_Kh3A76TRtj7vUu9_TU4PuBBqNM8cw-MDDK.jpg?quality=95&as=32x42,48x64,72x96,108x143,160x212,240x319,360x478,480x637,540x717,640x850,720x956,1080x1434,1280x1700,1440x1912,1928x2560&from=bu&cs=1928x0",,,2024-12-25 14:54:55,58.008506,56.234489,58.00819896273859,56.23476395501453,37.788548192568626,synagogue,442411318,,,,,,,True,False,,,,,,,,True,False,,,,,
457257265,-170690865,-7,,,"https://sun9-15.userapi.com/s/v1/ig2/c-xoY0W1PxSykiZ0wi0j9wOIbm02jE1jhJB6j7XXgO06zBR6U_FyzAT6bmOUOnnYX7Ts-ibcy2PBcMVrKF9De4hD.jpg?quality=95&as=32x43,48x64,72x96,108x144,160x213,240x320,360x480,480x640,540x720,640x853,720x960,1080x1440,1280x1707,1398x1864&from=bu&cs=1398x0",,,2023-05-19 15:33:01,58.007813,56.234504,58.00819896273859,56.23476395501453,45.567571879464026,synagogue,-170690865,,,,,,,True,False,,,,,,,,True,False,,,,,
457255374,-170690865,-7,,,"https://sun9-34.userapi.com/s/v1/ig2/tW0w_ebqkcf1gYA09aGYK9cnzDiJVFJMj0YEOEQ_JaPjZzAlHqFpuHjz_8nuYn8fNlOKOU4_NqeYISeEaLmZWql3.jpg?quality=95&as=32x43,48x64,72x96,108x144,160x213,240x320,360x480,480x640,540x720,640x853,720x960,1080x1440,1280x1707,1344x1792&from=bu&cs=1344x0",,,2023-01-18 12:43:46,58.007722,56.234505,58.00819896273859,56.23476395501453,55.186284082187015,synagogue,-170690865,,,,,,,True,False,,,,,,,,True,False,,,,,
457257076,-170690865,-7,,,"https://sun9-50.userapi.com/s/v1/ig2/fRkppk7EC76hkSKifJKwuCG3MNo60-5jelI4pRfwE3vjpfBpgZtZh61sZeymMlyQab3zAFwU93gYFlpJvWI-oDZF.jpg?quality=95&as=32x43,48x64,72x96,108x144,160x213,240x320,360x480,480x640,540x720,640x853,720x960,1080x1440,1280x1707,1398x1864&from=bu&cs=1398x0",,,2023-05-05 13:45:34,58.007806,56.234227,58.00819896273859,56.23476395501453,53.94365254895624,synagogue,-170690865,,,,,,,True,False,,,,,,,,True,False,,,,,
457259865,237883497,-7,,,"https://sun9-61.userapi.com/s/v1/ig2/SmRC-3eipM3gPfWho5pGOvJuEEZwiGk1CuWrapyj8B24XUI_yp1r8DXPxoU9Z5NmfPxXjx3aW-cUXwMptmT1SuMd.jpg?quality=95&as=32x57,48x85,72x128,108x192,160x284,240x427,360x640,480x853,540x960,640x1138,720x1280,900x1600&from=bu&cs=900x0",,,2022-11-14 16:48:05,58.008303,56.234688,58.00819896273859,56.23476395501453,12.403628167392649,synagogue,237883497,,,,,,,True,True,,,,,,,,True,False,,,,,
437106344,28319563,-7,808.0,https://vk.com/wall28319563_808,"https://sun9-78.userapi.com/s/v1/if1/yRqqu3nj9R3FMRMpUv1DUzjYRL33fh5XSq76CHfVZZNnJ36XY_OpfrYImb5q3HA3ggxdXw.jpg?quality=96&as=32x24,48x36,72x54,108x81,160x120,240x180,360x270,480x360,540x405,640x480,720x540,1080x810,1280x960&from=bu&cs=1280x0","https://sun9-19.userapi.com/s/v1/ig1/f-fkd7oAR0Llu3iUfl8pe0WKFZ4Z2b8X2T-50kyvFUO17H3CrePfUO0zFVpJCefuPRSJRHUx.jpg?quality=96&as=32x43,48x64,72x96,108x144,160x213,240x320,360x480,480x640,540x720,640x853,720x960,1080x1440,1280x1707,1440x1920,1620x2160&from=bu&cs=1620x0",,2016-10-12 12:02:06,58.007989,56.235773,58.00819896273859,56.23476395501453,63.864272403377186,synagogue,28319563,,,,,,,True,False,,,,,,,,True,False,,,,,
456239030,238729961,-7,,,"https://sun9-39.userapi.com/s/v1/ig1/EDqgtNm94qCVtRWq2wGc2yVPrtpaqGdT2ySer-zVncVUzFUZQun2Qou9b98iAsPewsjzJsFV.jpg?quality=96&as=32x43,48x64,72x96,108x144,160x213,240x320,360x480,480x640,540x720,640x853,720x960&from=bu&cs=720x0",,,2017-08-29 19:32:14,58.008031,56.235376,58.00819896273859,56.23476395501453,40.60619190135894,synagogue,238729961,,,,,,,True,False,,,,,,,,True,False,,,,,
457254949,-170690865,-7,,,"https://sun9-36.userapi.com/s/v1/ig2/oRd-ZZ3kuG0epio1uvXy78Eg3LHbbDDfzcEcE5NPEfY0seYkBlduQa0RekIaTht64qlX2mSgB3rkbNmAR_MEuFUt.jpg?quality=95&as=32x43,48x64,72x96,108x144,160x213,240x320,360x480,480x640,540x720,640x853,720x960,1080x1440,1280x1707,1344x1792&from=bu&cs=1344x0",,,2022-12-16 11:11:54,58.007722,56.234505,58.00819896273859,56.23476395501453,55.186284082187015,synagogue,-170690865,,,,,,,True,False,,,,,,,,True,False,,,,,
456240131,425836081,-7,,,"https://sun9-65.userapi.com/s/v1/ig1/ubJMvQo642OQOBIA_-164qORHBwzQQ4GvAzGIr-KAcsjmYADc7Zv5Ydb6B3WkgDJPmw6Sdmz.jpg?quality=96&as=32x43,48x64,72x96,108x144,160x213,240x320,360x480,480x640,540x720,640x853,720x960,768x1024&from=bu&cs=768x0",,,2018-05-25 14:55:40,58.007982,56.235495,58.00819896273859,56.23476395501453,49.36350398026458,synagogue,425836081,,,,,,,True,False,,,,,,,,True,False,,,,,
457255837,-170690865,-7,,,"https://sun9-88.userapi.com/s/v1/ig2/KO3JqNwZgof6eOVI-UJfIeILLSVeKfwK3gWnElj5fLa6iURMosrwUY84KTpJHaUx88qnMa-1UqC3Z7ehBlvyuHrb.jpg?quality=95&as=32x43,48x64,72x96,108x144,160x214,240x320,360x481,480x641,540x721,640x855,720x961,1080x1442,1280x1709,1342x1792&from=bu&cs=1342x0",,,2023-02-21 12:53:20,58.007694,56.234597,58.00819896273859,56.23476395501453,57.00421853451046,synagogue,-170690865,,,,,,,True,False,,,,,,,,True,False,,,,,
457242810,-194619161,-7,,,"https://sun9-35.userapi.com/s/v1/ig2/98zNOWdezWdts5LVVY3a9ArYEzLowXslMwD5kcnxj385CNb_UcDp_YU7Csv1DaJoTvU0l-ntGjcgxBNZYarlQ9iV.jpg?quality=95&as=32x43,48x64,72x96,108x144,160x213,240x320,360x480,480x640,540x720,640x853,720x960,1080x1440,1280x1707,1440x1920,1920x2560&from=bu&cs=1920x0",,,2023-04-12 08:56:51,58.007723,56.235707,58.00819896273859,56.23476395501453,76.72991767250984,synagogue,-194619161,,,,,,,True,False,,,,,,,,True,False,,,,,
457257114,-170690865,-7,,,"https://sun9-29.userapi.com/s/v1/ig2/TvkWWAFKeaOwYc-RbHyN1A-b17ExsXT0dLQyM5lLM9bTA9zgfGADpQ_33xOy11-zaDZfETx2FcT_FcWXOyv_t52t.jpg?quality=95&as=32x43,48x64,72x96,108x144,160x213,240x320,360x480,480x640,540x720,640x853,720x960,1080x1440,1280x1707,1398x1864&from=bu&cs=1398x0",,,2023-05-07 16:03:55,58.007897,56.234398,58.00819896273859,56.23476395501453,39.902113118787824,synagogue,-170690865,,,,,,,True,False,,,,,,,,True,False,,,,,
457252444,-53041106,-7,,,"https://sun9-23.userapi.com/s/v1/ig2/918NH8q1htUxciqT8kK4uCouJxzQgqzmN1hxvo8GXHzuYypBqSrqmnjIv03SmBgwpfUOAVKVmrNh3wN3UtoB-7yt.jpg?quality=96&as=32x43,48x64,72x96,108x144,160x213,240x320,360x480,480x640,540x721,640x854,720x961,1080x1441,1280x1708,1388x1852&from=bu&cs=1388x0",,,2022-02-18 15:34:24,58.007771,56.235073,58.00819896273859,56.23476395501453,50.95111130841567,synagogue,-53041106,,,,,,,True,False,,,,,,,,True,False,,,,,
457239257,-214801568,-7,,,"https://sun9-33.userapi.com/s/v1/ig2/Ysm2XVaqjZtRxWDPinz_N-6uQkaYyf-_7Q4DTwfYW1FZzWPicS6v8ygv5xx_-mn3VJjKj3pVSnPS9Z_x7SmS5FEW.jpg?quality=95&as=32x61,48x91,72x137,108x205,160x304,240x456,360x684,480x912,540x1026,640x1216,720x1368,842x1600&from=bu&cs=842x0",,,2022-10-21 10:32:16,58.008107,56.234993,58.00819896273859,56.23476395501453,16.930285459496016,synagogue,-214801568,,,,,,,True,True,,,,,,,,True,False,,,,,
402648269,261660768,-7,,,"https://sun9-16.userapi.com/s/v1/ig1/cHkRqJK6ipeLx6cTF6QVNjRnE12h1c0riv8X91D4mzlsKzcg7syUs_xTmmHYdr6MxqKS4sR6.jpg?quality=96&as=32x40,48x60,72x90,108x135,160x200,240x300,360x451,480x601,540x676,640x801,720x901,767x960&from=bu&cs=767x0",,,2016-02-23 19:39:55,58.007842,56.235786,58.00819896273859,56.23476395501453,72.1159733377373,synagogue,261660768,,,,,,,True,False,,,,,,,,True,False,,,,,
457255838,-170690865,-7,,,"https://sun9-52.userapi.com/s/v1/ig2/ljpgOWjz0D4ridz7OhX5LNifZduYjt4zBaYtSZbBvedpDk3Luy7KrSTJo_ZVhn4H0b-tUNlZDQLm6flED9U9hXi8.jpg?quality=95&as=32x43,48x64,72x96,108x144,160x214,240x320,360x481,480x641,540x721,640x855,720x961,1080x1442,1280x1709,1342x1792&from=bu&cs=1342x0",,,2023-02-21 12:53:20,58.007694,56.234597,58.00819896273859,56.23476395501453,57.00421853451046,synagogue,-170690865,,,,,,,True,False,,,,,,,,True,False,,,,,
456239820,261660768,-7,,,"https://sun9-49.userapi.com/s/v1/ig1/CM2o2HITkeNSSHvWiQuOjAsY_M_Ih5hOAUQ9Ks-4mdw-u7mtJag1W1ywsoYpN6fqVofJ1wdm.jpg?quality=96&as=32x32,48x48,72x72,108x108,160x160,240x240,360x360,480x480,540x540,640x640,720x720,960x960&from=bu&cs=960x0",,,2017-02-09 08:23:13,58.00787,56.235694,58.00819896273859,56.23476395501453,65.87840685388993,synagogue,261660768,,,,,,,True,False,,,,,,,,True,False,,,,,
457244164,33433452,159779885,,,"https://sun9-57.userapi.com/s/v1/if2/fDIOpfU7wPvvNaieoIvFUhGbMAkCiviaNBEcNKVPJorrSjUbYoRsApeQ6uOuB2IlWHY-guCFZpWkTUx3ypIWax-q.jpg?quality=96&as=32x24,48x36,72x54,108x81,160x120,240x180,360x270,480x360,540x405,640x480,720x540,1080x810,1280x960,1440x1080,2560x1920&from=bu&cs=2560x0",,,2020-03-23 17:36:56,58.008107,56.234649,58.00819896273859,56.23476395501453,12.264916938799782,synagogue,33433452,,,,,,,True,True,,,,,,,,True,False,,,,,
457255583,-170690865,-7,,,"https://sun9-28.userapi.com/s/v1/ig2/fjNVR5tti64GMCVOy6Nx4_tzv69jozGZ54-3BJcJGKyiE3VimdhpTyo383AenpVC87q29cVF251UI_XmmYtpfgIw.jpg?quality=95&as=32x43,48x64,72x96,108x144,160x213,240x320,360x480,480x640,540x720,640x853,720x960,1080x1440,1280x1707,1344x1792&from=bu&cs=1344x0",,,2023-02-02 14:16:47,58.007806,56.234399,58.00819896273859,56.23476395501453,48.698462152861765,synagogue,-170690865,,,,,,,True,False,,,,,,,,True,False,,,,,
456241472,-99638016,-7,,,"https://sun9-40.userapi.com/s/v1/if1/Aw-1ZKRhasCSzTYvLWhKdO9dCedU2pts5L8qMrdADlPzmQziIFjl7JU_pxmXqMMS7PKdqAuu.jpg?quality=96&as=32x24,48x36,72x54,108x81,160x120,240x180,360x270,480x360,540x405,640x480,720x540,960x720&from=bu&cs=960x0",,,2017-05-16 00:40:38,58.007666,56.234174,58.00819896273859,56.23476395501453,68.70214064869789,synagogue,-99638016,,,,,,,True,False,,,,,,,,True,False,,,,,
457250160,141325987,-7,,,"https://sun9-57.userapi.com/s/v1/ig2/kBi8q02sI-We2-fmNukpccExBFlVDbMC2BU7fi0HuHKHPWcjc9-yc41UElXg-5rAzrdHHaTsfdcrngDCuRgt2ouH.jpg?quality=96&as=32x43,48x64,72x96,108x144,160x213,240x320,360x480,480x640,540x720,640x853,720x960,1080x1440,1200x1600&from=bu&cs=1200x0",,,2021-05-15 06:18:41,58.008002,56.23461,58.00819896273859,56.23476395501453,23.704925923656436,synagogue,141325987,,,,,,,True,True,,,,,,,,True,True,,False,,,
457255398,-170690865,-7,,,"https://sun9-38.userapi.com/s/v1/ig2/ObGbc-C1gRR9Av6thaFuS-0Dqk0eWbclxWZmYbowKE2AOtmMHnaNL0IclaicY1fAVLuBXgq6JEAVrkb491tVvTIo.jpg?quality=95&as=32x43,48x64,72x96,108x144,160x213,240x320,360x480,480x640,540x720,640x853,720x960,1080x1440,1280x1707,1344x1792&from=bu&cs=1344x0",,,2023-01-19 12:16:27,58.007813,56.234504,58.00819896273859,56.23476395501453,45.567571879464026,synagogue,-170690865,,,,,,,True,False,,,,,,,,True,False,,,,,
457252864,-170690865,-7,,,"https://sun9-40.userapi.com/s/v1/ig2/_fbDkg9z2nn5sFXTUlg4vDyjOD91pcJtVwsMxPdcuhG9J_y7Z9a1XelXGHnzPHrDzW0MwjLDIJiZTOi6meGQKo9_.jpg?quality=95&as=32x43,48x64,72x96,108x144,160x213,240x320,360x480,480x640,540x720,640x853,720x960,1080x1440,1280x1707,1344x1792&from=bu&cs=1344x0",,,2022-08-09 11:27:47,58.007701,56.234187,58.00819896273859,56.23476395501453,64.97077480891858,synagogue,-170690865,,,,,,,True,False,,,,,,,,True,False,,,,,
301295385,29508671,-7,2961.0,https://vk.com/wall29508671_2961,"https://sun9-59.userapi.com/s/v1/if1/H_fnwXUjNfG2pycm_XNbNvxT_9FudYINdGcfwywZrrnzFtQTqTGDZIM0Fqiul_Cc5S6wwQ.jpg?quality=96&as=32x24,48x36,72x54,108x81,160x119,240x179,360x269,480x358,540x403,640x478,720x538,1080x807,1280x956&from=bu&cs=1280x0",,,2013-04-20 09:10:39,58.008017,56.23568,58.00819896273859,56.23476395501453,57.63351034029182,synagogue,29508671,,,,,,,True,False,,,,,,,,True,False,,,,,
457290777,-210911959,-7,,,"https://sun9-43.userapi.com/s/v1/ig2/Fy7TvOYjU6u9emdVV0thn4HVpvlUGDyTRSasi6zsQLn4zgWwUmoKhI6JBKjwjLZHZBzUBfX8EkmBADEgqAJHA4yB.jpg?quality=95&as=32x43,48x64,72x96,108x144,160x213,240x320,360x480,480x640,540x720,640x853,720x960,1080x1440,1280x1707,1440x1920,1920x2560&from=bu&cs=1920x0",,,2023-08-21 21:15:06,58.007821,56.235813,58.00819896273859,56.23476395501453,74.73693356164176,synagogue,-210911959,,,,,,,True,False,,,,,,,,True,False,,,,,
457255957,-170690865,-7,,,"https://sun9-7.userapi.com/s/v1/ig2/rAWzWl_b_tAi7B8rjjjgYEXHaK9s6UfaufP4awY3oOmVSnBqWr-gm8jEOe0WUqUlxGxUuZcc58MpwMkllz_0mQGj.jpg?quality=95&as=32x43,48x64,72x96,108x144,160x214,240x320,360x481,480x641,540x721,640x855,720x961,1080x1442,1280x1709,1342x1792&from=bu&cs=1342x0",,,2023-02-27 14:04:26,58.007904,56.234504,58.00819896273859,56.23476395501453,36.19748746981516,synagogue,-170690865,,,,,,,True,False,,,,,,,,True,False,,,,,
457315066,-43730800,301537621,,,"https://sun9-9.userapi.com/s/v1/ig2/hA6JcCUXZeJnw7W2OiFg8HiJ99t4Rexc1bxw1ivbiqTBfMOkrJyud_feqwpmOBNedDR37QaXdxYItm89SKXITn-G.jpg?quality=95&as=32x43,48x65,72x98,108x147,160x217,240x326,360x488,480x651,540x733,640x868,720x977,1080x1465,1280x1737,1440x1954,1887x2560&from=bu&cs=1887x0",,,2024-12-25 11:40:54,58.007814,56.235879,58.00819896273859,56.23476395501453,78.40494941846167,synagogue,-43730800,,,,,,❌SOLD OUT❌,True,False,,,,,,,,True,False,,,,,
457242791,-194619161,-7,,,"https://sun9-5.userapi.com/s/v1/ig2/4QUV6lRgUFF4Sqq0Hza8bbuq7Ak2wReJkvVGy5MCI10Wo78tLrkdahxo0i6FLbQGmnQi64epr-a-3Aa-LVuNXBgV.jpg?quality=95&as=32x43,48x64,72x96,108x144,160x213,240x320,360x480,480x640,540x720,640x853,720x960,1080x1440,1280x1707,1440x1920,1920x2560&from=bu&cs=1920x0",,,2023-04-08 08:53:30,58.007695,56.2358,58.00819896273859,56.23476395501453,82.8583389920959,synagogue,-194619161,,,,,,,True,False,,,,,,,,True,False,,,,,
457254957,-170690865,-7,,,"https://sun9-75.userapi.com/s/v1/ig2/XTC7YXbNLpxtAGm1z0TL-USh4PNpPXikiI9ml4ZE-gs0ffHJXVrhHa6t4LhotRn6vwKiPXAJkSb9IQX_HvCaNvEK.jpg?quality=95&as=32x43,48x64,72x96,108x144,160x213,240x320,360x480,480x640,540x720,640x853,720x960,1080x1440,1280x1707,1344x1792&from=bu&cs=1344x0",,,2022-12-16 11:14:31,58.007722,56.234505,58.00819896273859,56.23476395501453,55.186284082187015,synagogue,-170690865,,,,,,,True,False,,,,,,,,True,False,,,,,
457245760,-194619161,-7,,,"https://sun9-56.userapi.com/s/v1/ig2/Mw6HXEoFCAu2nVHVBZl-Lyxubx7NgGk5WZIUlPFsxrYboLc3PcNET2uaL82d6R160QV7SkA4ksAeMAIeai6RyvdS.jpg?quality=95&as=32x43,48x64,72x96,108x144,160x213,240x320,360x480,480x640,540x720,640x853,720x960,1080x1440,1280x1707,1440x1920,1920x2560&from=bu&cs=1920x0",,,2024-11-09 09:02:19,58.007813,56.23502,58.00819896273859,56.23476395501453,45.490675569552515,synagogue,-194619161,,,,,,,True,False,,,,,,,,True,False,,,,,
457256215,-170690865,-7,,,"https://sun9-32.userapi.com/s/v1/ig2/niKdTChft-ELBjeKrS0yb0gd0PoriJhcAuKSWvI11Ikf4E7Ylz4TaDSM4AynrXXII5tYjpLegEE_NISQkKMdq2zK.jpg?quality=95&as=32x43,48x64,72x96,108x144,160x214,240x320,360x481,480x641,540x721,640x855,720x961,1080x1442,1280x1709,1342x1792&from=bu&cs=1342x0",,,2023-03-16 15:47:05,58.007722,56.234505,58.00819896273859,56.23476395501453,55.186284082187015,synagogue,-170690865,,,,,,,True,False,,,,,,,,True,False,,,,,
456241028,261660768,-7,,,"https://sun9-17.userapi.com/s/v1/ig1/MSxodaUubvQgds9tSCmeAeFVDdxeTmN6hdTWVGL9Zg6fBwgURoUJ67gYUDVopF9THCMQeYtG.jpg?quality=96&as=32x40,48x60,72x90,108x135,160x200,240x300,360x450,480x600,540x675,640x800,720x900,768x960&from=bu&cs=768x0",,,2017-06-09 15:06:48,58.007982,56.235323,58.00819896273859,56.23476395501453,40.8248148107269,synagogue,261660768,,,,,,,True,False,,,,,,,,True,False,,,,,
456239101,-75252175,-7,,,"https://sun9-29.userapi.com/s/v1/ig1/s59oUYseObVHQwM4BS3y6V23ZrXp15X4tYfBlDMvosg6Z9QK5vfObAI0Y7eycW6ZoruuBOkn.jpg?quality=96&as=32x43,48x64,72x96,108x144,160x213,240x320,360x480,480x640,540x720,640x853,720x960&from=bu&cs=720x0",,,2016-11-20 18:04:51,58.007751,56.235615,58.00819896273859,56.23476395501453,70.6737670629416,synagogue,-75252175,,,,,,,True,False,,,,,,,,True,False,,,,,
457245769,-194619161,-7,,,"https://sun9-9.userapi.com/s/v1/ig2/gqzwL5jtXcvmZ4vy2o3dMqIjF9Y3Rzc9rqaqCNVKDjvhvqdjSBwUfp1ViUMr0gV2xnGef_P_61Yp9bvx_hzV_1_W.jpg?quality=95&as=32x43,48x64,72x96,108x144,160x213,240x320,360x480,480x640,540x720,640x853,720x960,1080x1440,1280x1707,1440x1920,1920x2560&from=bu&cs=1920x0",,,2024-11-11 12:19:11,58.008303,56.234688,58.00819896273859,56.23476395501453,12.403628167392649,synagogue,-194619161,,,,,,,True,True,,,,,,,,True,False,,,,,
457250847,261660768,-7,,,"https://sun9-37.userapi.com/s/v1/ig2/RDFyqjUbuU6ipo7hwBvGRHj7BxAr11VKsB64Y2Qibq8dK6HXhfxN0IspKZIqUISzdZ5cExIkyGDHt35WlmFb4Tym.jpg?quality=96&as=32x43,48x64,72x96,108x144,160x214,240x320,360x481,480x641,540x721,640x855,720x961,1080x1442,1280x1709,1342x1792&from=bu&cs=1342x0",,,2020-08-29 08:48:18,58.007673,56.234108,58.00819896273859,56.23476395501453,70.09790476285052,synagogue,261660768,,,,,,,True,False,,,,,,,,True,False,,,,,
457257891,-170690865,-7,,,"https://sun9-43.userapi.com/s/v1/ig2/TjLpmBh67rh2lgU9w4LbWeVYsuOocXs87IhTldghcDmAppkeaqUxzVA08qeYoGD26xWCIZw5iCWl3XqbTeSsB8XZ.jpg?quality=95&as=32x43,48x64,72x96,108x144,160x213,240x320,360x480,480x640,540x720,640x853,720x960,1080x1440,1280x1707,1398x1864&from=bu&cs=1398x0",,,2023-07-03 18:12:35,58.007806,56.234399,58.00819896273859,56.23476395501453,48.698462152861765,synagogue,-170690865,,,,,,,True,False,,,,,,,,True,False,,,,,
394135164,-64539764,-7,1188.0,https://vk.com/wall-64539764_1188,"https://sun9-76.userapi.com/s/v1/ig1/DK6MM3TFWMpnrQoaKyXNKkvfRx6exM0xHSL5tuPyYqeoZOGUwQB_KeMr3LA6LNAMT7DBHtUl.jpg?quality=96&as=32x43,48x64,72x96,108x144,160x213,240x320,360x480,480x640,540x720,640x853,720x960,1080x1440,1224x1632&from=bu&cs=1224x0",,,2015-11-30 15:58:47,58.008317,56.234384,58.00819896273859,56.23476395501453,25.947782967266487,synagogue,-64539764,,,,,,,True,False,,,,,,,,True,False,,,,,
457241035,-139376495,-7,,,"https://sun9-86.userapi.com/s/v1/ig2/eOF5Qf4IqKIANYPCt1ow1aL6ld-XpV3XU6tolZ0F3UGts3py8ZZ4MDXWZF3qAk3WcLXwUANlskd1UoHy0Hebu-3y.jpg?quality=95&as=32x54,48x81,72x122,108x183,160x271,240x407,360x610,480x813,540x915,640x1084,720x1220,1080x1830,1280x2169,1440x2440,1511x2560&from=bu&cs=1511x0",,,2023-11-22 08:45:54,58.007694,56.234597,58.00819896273859,56.23476395501453,57.00421853451046,synagogue,-139376495,,,,,,,True,False,,,,,,,,True,False,,,,,
457257266,-170690865,-7,,,"https://sun9-70.userapi.com/s/v1/ig2/9R1FVKmo9aXcWVqlKyx-MfMkV2ICUQl8E0f8CzAy2q0TQA3jv4Pmqn5J65762uUE-B46xps8T9JEHYFDz8uBdvHP.jpg?quality=95&as=32x43,48x64,72x96,108x144,160x213,240x320,360x480,480x640,540x720,640x853,720x960,1080x1440,1280x1707,1398x1864&from=bu&cs=1398x0",,,2023-05-19 15:33:01,58.007722,56.234505,58.00819896273859,56.23476395501453,55.186284082187015,synagogue,-170690865,,,,,,,True,False,,,,,,,,True,False,,,,,
456241743,107962883,121319126,,,"https://sun9-80.userapi.com/s/v1/ig1/oHAI2Ip8vWj6ll5LVxGiH-iQ7QR0UP_TOuT3T7gCThlTK6j-mxmgwm2G3x3OMPLHiat4g8V9.jpg?quality=96&as=32x38,48x58,72x87,108x130,160x192,240x289,360x433,480x577,540x650,640x770,720x866,798x960&from=bu&cs=798x0",,,2018-10-26 12:52:20,58.008198,56.234821,58.00819896273859,56.23476395501453,3.362272649159694,synagogue,107962883,,,,,,,True,True,,,,,,,,True,False,,,,,
457253816,-170690865,-7,,,"https://sun9-25.userapi.com/s/v1/ig2/20Z20YhGQ5vKOdFjVINDjtRUABnD9IOJf-UAEVSUgtKWg9s8lLIvhO3ytzdYEvN-Zosb-pmTU5zGY1jKOBKQQT3R.jpg?quality=95&as=32x43,48x64,72x96,108x144,160x213,240x320,360x480,480x640,540x720,640x853,720x960,1080x1440,1280x1707,1344x1792&from=bu&cs=1344x0",,,2022-10-01 10:27:17,58.007722,56.234505,58.00819896273859,56.23476395501453,55.186284082187015,synagogue,-170690865,,,,,,,True,False,,,,,,,,True,False,,,,,
456239569,269898165,-7,,,"https://sun9-33.userapi.com/s/v1/ig1/DWHitGRdKK9o6vfFEywLM5msE8W2apY9ZrV9mr3xyGK9eFhYxodFN8oKirf18syy538LbxbO.jpg?quality=96&as=32x32,48x48,72x72,108x108,160x160,240x240,360x360,480x480,540x540,640x640,720x720,960x960&from=bu&cs=960x0",,,2017-08-31 21:36:34,58.008198,56.234477,58.00819896273859,56.23476395501453,16.90509986711802,synagogue,269898165,,,,,,,True,True,,,,,,,,True,False,,,,,
457239264,-214801568,-7,,,"https://sun9-35.userapi.com/s/v1/ig2/DnHPPJNAaHRYZzD19DVmKJxZs6OAuJujMt-SZpmQlYcfPU_rqAUbOy26axnaV_0zG20SIzbpf0aBY2qKXZz3-fJA.jpg?quality=95&as=32x43,48x64,72x96,108x144,160x214,240x321,360x481,480x642,540x722,640x855,720x962,1080x1444,1197x1600&from=bu&cs=1197x0",,,2022-10-23 06:51:11,58.00831,56.234622,58.00819896273859,56.23476395501453,14.91232142906437,synagogue,-214801568,,,,,,,True,True,,,,,,,,True,False,,,,,
457257102,-170690865,-7,,,"https://sun9-29.userapi.com/s/v1/ig2/B_HOzAW5mj3A7Np-HcMj7JnWAGqfFrfPzxO36gyqeUXeQkRxsHFLWBmbB2undEPDu_CPyt2rkFURG6DVr_FfyfrG.jpg?quality=95&as=32x43,48x64,72x96,108x144,160x213,240x320,360x480,480x640,540x720,640x853,720x960,1080x1440,1280x1707,1398x1864&from=bu&cs=1398x0",,,2023-05-06 12:42:47,58.007995,56.234504,58.00819896273859,56.23476395501453,27.36586051718784,synagogue,-170690865,,,,,,,True,False,,,,,,,,True,False,,,,,
457251897,-170690865,-7,,,"https://sun9-24.userapi.com/s/v1/ig2/4p-hq48T3HheydIe9beD-bIEWpwQHzQN8PGL63YJ_JEireSkeI-BacTIC46KKVqOVEhYfhwsux2_T3NhAxUmIfwo.jpg?quality=95&as=32x43,48x64,72x96,108x144,160x213,240x320,360x480,480x640,540x720,640x853,720x960,1080x1440,1280x1707,1344x1792&from=bu&cs=1344x0",,,2022-06-20 12:22:43,58.007799,56.234293,58.00819896273859,56.23476395501453,52.41830941546784,synagogue,-170690865,,,,,,,True,False,,,,,,,,True,False,,,,,
457239076,-216919326,-7,46.0,https://vk.com/wall-216919326_46,"https://sun9-11.userapi.com/s/v1/if2/vVj5obVFowFLSAflc_OeelpqEZkc_ZmUo6aHNdUU_VGTxpom8qZD8vY6lI_MZowPI8sQyH93M2fjgJznIqWmyCfz.jpg?quality=95&as=32x24,48x36,72x54,108x81,160x120,240x180,360x270,480x360,540x405,640x480,720x540,1080x810,1280x960&from=bu&cs=1280x0",,,2022-11-02 09:45:33,58.0081,56.234715,58.00819896273859,56.23476395501453,11.375798198195302,synagogue,-216919326,,,,,,Путеводитель https://vk.cc/cia0XM,True,True,,,,,,,,True,True,,False,,,
456240733,331323787,-7,,,"https://sun9-3.userapi.com/s/v1/ig1/6dlP7nBXYN2jV1RYJ8lU9zGNZ-J1e_qxBUnLxySSGclbV21NMYaWgwn49822ud_kzj0_muy5.jpg?quality=96&as=32x43,48x64,72x96,108x144,160x213,240x320,360x480,480x640,540x720,640x853,720x960&from=bu&cs=720x0",,,2019-03-09 05:04:59,58.007918,56.234544,58.00819896273859,56.23476395501453,33.82223698615736,synagogue,331323787,,,,,,,True,False,,,,,,,,True,False,,,,,
394270008,261660768,-7,,,"https://sun9-51.userapi.com/s/v1/ig1/HE0T9lDT0ijra3veXVtX_hX6VP__IVU0chHwvxo5QCDmfgYusAC5xm3t_Zj3S01JLMeUONo6.jpg?quality=96&as=32x40,48x60,72x90,108x135,160x200,240x300,360x451,480x601,540x676,640x801,720x901,767x960&from=bu&cs=767x0",,,2015-12-29 15:37:06,58.00801,56.235574,58.00819896273859,56.23476395501453,52.141565843646546,synagogue,261660768,,,,,,,True,False,,,,,,,,True,False,,,,,
457329374,360619746,-7,,,"https://sun9-21.userapi.com/s/v1/if2/Gf0e9kA9ay_lvPs0abahMxzo85UoBwJNVx-4Ik8xNLmSrJSeCr902gfWC4xkqWRUPQ8UxnZ-Xex-y4WdsAk3Lnai.jpg?quality=96&as=32x24,48x36,72x54,108x81,160x119,240x179,360x269,480x358,540x403,640x478,720x538,1080x807,1280x956,1440x1075,2560x1912&from=bu&cs=2560x0",,,2020-05-30 16:41:14,58.007651,56.233791,58.00819896273859,56.23476395501453,83.6534786134201,synagogue,360619746,,,,,,,True,False,,,,,,,,True,False,,,,,
426755012,-89696125,-7,,,"https://sun9-86.userapi.com/s/v1/if1/pWTN5jxDwQv4n_IE_46stRx3V9vIhzIlaoV6yyynqPmRyNFyw_klELukBr_QvoHBcBthZPEN.jpg?quality=96&as=32x24,48x36,72x54,108x81,160x120,240x180,360x270,480x360,540x405,640x480,720x540,1000x750&from=bu&cs=1000x0",,,2016-07-02 19:33:14,58.007666,56.234518,58.00819896273859,56.23476395501453,61.00836138371684,synagogue,-89696125,,,,,,,True,False,,,,,,,,True,False,,,,,
457246849,-170690865,-7,,,"https://sun9-59.userapi.com/s/v1/ig2/3S3pX5BN9GMve4hDvlpxQDAhoqfK4WXvAoJgkT8CMn95z87uL-oIuTK1bU0Ft29rWnyHOWYHSEcuqOShvBXDAD-K.jpg?quality=96&as=32x43,48x64,72x96,108x144,160x214,240x320,360x481,480x641,540x721,640x855,720x961,1080x1442,1280x1709,1342x1792&from=bu&cs=1342x0",,,2022-04-26 11:45:05,58.008016,56.234477,58.00819896273859,56.23476395501453,26.45131804338345,synagogue,-170690865,,,,,,,True,False,,,,,,,,True,False,,,,,
456241250,429946864,-7,,,"https://sun9-46.userapi.com/s/v1/ig2/X_i1EMnIN_MqGOzeKUuZc5_BCOSKCo7T2OQ0qzKAOQRxoeEzGF1xFTrGL0ClpR_Dr-tj96WJmoZLhQ6wBeePRdBO.jpg?quality=96&as=32x43,48x64,72x96,108x144,160x213,240x320,360x480,480x640,540x720,640x853,720x960,780x1040&from=bu&cs=780x0",,,2018-11-10 06:40:33,58.007589,56.234042,58.00819896273859,56.23476395501453,80.05693634418304,synagogue,429946864,,,,,,,True,False,,,,,,,,True,False,,,,,
457240592,-114109418,-7,,,"https://sun9-32.userapi.com/s/v1/ig2/oSovbXlfJjhgJW5_qPvJKHs0iRxj_429KfM0-96JpGzCD9g5RoXL8tK7nlRF0bNeIF33cWGIqHtrXWV2JaLejYbC.jpg?quality=95&as=32x43,48x64,72x96,108x144,160x213,240x320,360x480,480x640,540x720,640x853,720x960,1080x1440,1280x1707,1440x1920,1920x2560&from=bu&cs=1920x0",,,2024-09-11 14:08:12,58.007806,56.235086,58.00819896273859,56.23476395501453,47.636456085795615,synagogue,-114109418,,,,,,,True,False,,,,,,,,True,False,,,,,
457253689,-170690865,-7,,,"https://sun9-57.userapi.com/s/v1/ig2/NeoSqq8EAX_Elq3LzkqF1iycl9hPFrstLILqEL_Z2BCRjDfRAZzoldxaKy0Q---lL9Qvo1BNT8NhLpC4uIEdZWRn.jpg?quality=95&as=32x43,48x64,72x96,108x144,160x213,240x320,360x480,480x640,540x720,640x853,720x960,1080x1440,1280x1707,1344x1792&from=bu&cs=1344x0",,,2022-09-21 10:59:28,58.007904,56.234332,58.00819896273859,56.23476395501453,41.51239618653149,synagogue,-170690865,,,,,,,True,False,,,,,,,,True,False,,,,,
457255516,-170690865,-7,,,"https://sun9-42.userapi.com/s/v1/ig2/ZMQcqFbTrNXNl87nbBYXkroFl4I69s6HIxnk5C_9SZsrXKzhsbHDFBZJQmfMN1ZrFa_0aCDMS6vi_vJCxDAHxTzV.jpg?quality=95&as=32x43,48x64,72x96,108x144,160x213,240x320,360x480,480x640,540x720,640x853,720x960,1080x1440,1280x1707,1344x1792&from=bu&cs=1344x0",,,2023-01-26 12:18:36,58.007722,56.234505,58.00819896273859,56.23476395501453,55.186284082187015,synagogue,-170690865,,,,,,,True,False,,,,,,,,True,False,,,,,
456239740,204247214,-6,1265.0,https://vk.com/wall204247214_1265,"https://sun9-30.userapi.com/s/v1/ig1/NN6Dw-Kj0HL2zfJfJMXZNXCPY9nvDax3WzoZJiWf5VZ3e5wFuodYjVirFoUdsyyjgOLrApzY.jpg?quality=96&as=32x32,48x48,72x72,108x108,160x160,240x240,360x360,480x480,540x540,640x640,720x720,1080x1080,1280x1280,1440x1440,1932x1932&from=bu&cs=1932x0",,,2017-12-01 15:04:45,58.007785,56.23391,58.00819896273859,56.23476395501453,68.18838911082449,synagogue,204247214,,,,,,,True,False,,,,,,,,True,False,,,,,
400621806,261660768,-7,,,"https://sun9-45.userapi.com/s/v1/ig1/iPwjllHLZRh3lMMhig0UW4B0hb-jPE6C032j9nl-5wbOEjoQ6vOrtJ8Wnk7SOYkUm1Q7eege.jpg?quality=96&as=32x40,48x60,72x90,108x135,160x200,240x300,360x451,480x601,540x676,640x801,720x901,767x960&from=bu&cs=767x0",,,2016-02-10 09:36:52,58.00801,56.235574,58.00819896273859,56.23476395501453,52.141565843646546,synagogue,261660768,,,,,,,True,False,,,,,,,,True,False,,,,,
456239091,-110071762,-7,,,"https://sun9-18.userapi.com/s/v1/if1/wp5UDsT0VkxyJC2Ss0G7PPxbYFiqr9b_5wRiyKNiJ7OA3PaQi7YzILcCWV_0fcPHftB3JR_O.jpg?quality=96&as=32x24,48x36,72x54,108x81,160x120,240x180,360x270,480x360,540x405,640x480,720x540,960x720&from=bu&cs=960x0",,,2018-05-01 10:17:01,58.007772,56.235588,58.00819896273859,56.23476395501453,67.90170780256436,synagogue,-110071762,,,,,,,True,False,,,,,,,,True,False,,,,,
457245461,78739222,-7,,,"https://sun9-84.userapi.com/s/v1/ig2/I322a4WAWoQZ2L_qAhTdN4KkrZaVMuLoKbhVVgBi7ansSuhET3SFaqoMqaK1i94EuR-w_qBNHBAKe-ZB11-3sqQ7.jpg?quality=96&as=32x43,48x65,72x97,108x146,160x216,240x323,360x485,480x647,540x728,640x862,720x970,1045x1408&from=bu&cs=1045x0",,,2020-05-19 12:59:55,58.007667,56.235892,58.00819896273859,56.23476395501453,88.96694168762951,synagogue,78739222,,,,,,,True,False,,,,,,,,True,False,,,,,
457433960,-54097808,-7,,,"https://sun9-82.userapi.com/s/v1/ig2/mHFHkY2xEBpWouv4PPpVP6ol3mQs5IJgq_eugUt24TA43v0TTsMVDrYkHKc5WVFNDAFDov9aIvXdF14QdRNW35qd.jpg?quality=95&as=32x43,48x64,72x96,108x144,160x213,240x320,360x479,480x639,540x719,640x852,720x959,1080x1438,1280x1705,1440x1918,1922x2560&from=bu&cs=1922x0",,,2023-04-18 09:21:31,58.00801,56.235403,58.00819896273859,56.23476395501453,43.11346849991991,synagogue,-54097808,,,,,,,True,False,,,,,,,,True,False,,,,,
457239787,35677100,305774157,,,"https://sun9-62.userapi.com/s/v1/if2/jFJAGAIsaUptfyl9hfU0Q3EOhaovqCUEfb6g1zdeveBHICXWWpl9fmScuWrqR3Z-cuADlxfqZBCb6nuol-L0ynhy.jpg?quality=95&as=32x15,48x22,72x33,108x50,160x74,240x111,360x166,480x221,540x249,640x295,720x332,1080x498,1280x590,1440x664,2560x1181&from=bu&cs=2560x0",,,2025-06-28 14:25:32,58.00801,56.235231,58.00819896273859,56.23476395501453,34.61959414673405,synagogue,35677100,,,,,,,True,False,,,,,,,,True,False,,,,,
457255533,-170690865,-7,,,"https://sun9-77.userapi.com/s/v1/ig2/TpWlTtIq6nLdGvil5TpBb6-YPqgsU33BTQJskE9azry1dl5ovIwxdJCh-_L7Ag7qhURX1upWwJaceIUCXjmidOok.jpg?quality=95&as=32x43,48x64,72x96,108x144,160x213,240x320,360x480,480x640,540x720,640x853,720x960,1080x1440,1280x1707,1344x1792&from=bu&cs=1344x0",,,2023-01-27 13:53:37,58.007813,56.234504,58.00819896273859,56.23476395501453,45.567571879464026,synagogue,-170690865,,,,,,,True,False,,,,,,,,True,False,,,,,
457259890,261660768,291213570,,,"https://sun9-8.userapi.com/s/v1/ig2/BElxW4LNTtG4mDe5J5v6lXeu7YLUnj3O-KXabP4QCsnZpIJThpVUNbmo4OSjryAMJDcvRIMoZ8VcQBhwQYhER5eI.jpg?quality=96&as=32x43,48x64,72x96,108x144,160x213,240x320,360x480,480x640,540x720,640x853,720x960,1080x1440,1280x1707,1440x1920,1620x2160&from=bu&cs=1620x0",,,2023-08-21 15:28:18,58.007939,56.234345,58.00819896273859,56.23476395501453,38.00978402778725,synagogue,261660768,,,,,,,True,False,,,,,,,,True,False,,,,,
457251724,-170690865,-7,,,"https://sun9-62.userapi.com/s/v1/ig2/DN3nFKkTfCEYhUbtP_4O3TMyzhWyK4QsK_EcmkthCjn2k1R93R7w6uY7ejnPZLiHY21plDj0zZtwdMG7k83WOOAD.jpg?quality=95&as=32x43,48x64,72x96,108x144,160x214,240x320,360x481,480x641,540x721,640x855,720x961,1080x1442,1280x1709,1342x1792&from=bu&cs=1342x0",,,2022-06-15 12:11:11,58.007806,56.234399,58.00819896273859,56.23476395501453,48.698462152861765,synagogue,-170690865,,,,,,,True,False,,,,,,,,True,False,,,,,
398542188,261660768,-7,,,"https://sun9-15.userapi.com/s/v1/ig1/FkcGX-uWCUFYGlQD2-Wofz9cBkv_GPKXd2OyQkahsu986soRpE3dQbCpSPt5apRB0UKM61kT.jpg?quality=96&as=32x43,48x64,72x96,108x144,160x213,240x320,360x480,480x640,540x720,640x853,720x960&from=bu&cs=720x0",,,2016-01-27 10:41:37,58.007968,56.235971,58.00819896273859,56.23476395501453,75.60386350871407,synagogue,261660768,,,,,,,True,False,,,,,,,,True,False,,,,,
457259867,237883497,-7,,,"https://sun9-49.userapi.com/s/v1/ig2/YJ29iuOXp5mWEZa-hkE0-zz4TdBQugw_k6B61wQZHEtKtR-CwROwQ79MKBUUAuhnC605iDyVx2V8YTwZ-bKIiMNh.jpg?quality=95&as=32x43,48x64,72x96,108x145,160x214,240x321,360x482,480x643,540x723,640x857,720x964,1080x1446,1195x1600&from=bu&cs=1195x0",,,2022-11-14 16:48:09,58.008317,56.2349,58.00819896273859,56.23476395501453,15.37861529780568,synagogue,237883497,,,,,,,True,True,,,,,,,,True,False,,,,,
457255173,-170690865,-7,,,"https://sun9-83.userapi.com/s/v1/ig2/ohiWV2DyjerGIW2-1C2GTFXEyTxsVsL726lOQjvms5D5Xp0NWhpFs5de0tjxrZYIu3ES5QbQvimk4FVUQl3KHQS-.jpg?quality=95&as=32x43,48x64,72x96,108x144,160x213,240x320,360x480,480x640,540x720,640x853,720x960,1080x1440,1280x1707,1344x1792&from=bu&cs=1344x0",,,2023-01-04 11:02:27,58.007722,56.234505,58.00819896273859,56.23476395501453,55.186284082187015,synagogue,-170690865,,,,,,,True,False,,,,,,,,True,False,,,,,
457256128,-170690865,-7,,,"https://sun9-10.userapi.com/s/v1/ig2/lHx3B3WCeg1Q_XICm4xbPpn8id2wAi4n-Xpodr2TOpHH1Rd6Xf1dwBHfFnqXtbDl2sD7dCM8LgeBsUH6J45v3t_V.jpg?quality=95&as=32x43,48x64,72x96,108x144,160x214,240x320,360x481,480x641,540x721,640x855,720x961,1080x1442,1280x1709,1342x1792&from=bu&cs=1342x0",,,2023-03-10 15:20:42,58.007715,56.234399,58.00819896273859,56.23476395501453,57.95011791683787,synagogue,-170690865,,,,,,,True,False,,,,,,,,True,False,,,,,
457308775,360619746,-7,263265.0,https://vk.com/wall360619746_263265,"https://sun9-15.userapi.com/s/v1/if1/oj1kugR8uEsHjXcjGGXOKdynjBc8GST6SwIVvAOOkalEhsbmT2xK76R52up1UKAdShgwddML.jpg?quality=96&as=32x24,48x36,72x54,108x81,160x120,240x180,360x270,480x360,540x405,640x480&from=bu&cs=640x0",,,2019-09-02 18:04:32,58.007637,56.233751,58.00819896273859,56.23476395501453,86.404407273766,synagogue,360619746,,,,,,,True,False,,,,,,,,True,False,,,,,
456240735,331323787,-7,,,"https://sun9-40.userapi.com/s/v1/ig1/tQ12wWOB4-4NxifJvdpqhcCcGIMeLTS6IGk22YV7k2kwS2ye2EMoyRWZdue8bBZpC9fv1vtX.jpg?quality=96&as=32x43,48x64,72x96,108x144,160x213,240x320,360x480,480x640,540x720,640x853,720x960&from=bu&cs=720x0",,,2019-03-09 05:05:00,58.007842,56.235271,58.00819896273859,56.23476395501453,49.6763791776457,synagogue,331323787,,,,,,,True,False,,,,,,,,True,False,,,,,
457253866,-170690865,-7,,,"https://sun9-63.userapi.com/s/v1/ig2/KjIWbNgK8UVa1ErRwsSUNt5eVCZbqX8ElYWT0zeWvFNZglmaA8SitmOyqlAmCis23r5Bm3W19Ob0O61pQY1vmRqp.jpg?quality=95&as=32x43,48x64,72x96,108x144,160x213,240x320,360x480,480x640,540x720,640x853,720x960,1080x1440,1280x1707,1344x1792&from=bu&cs=1344x0",,,2022-10-05 10:22:56,58.007806,56.234399,58.00819896273859,56.23476395501453,48.698462152861765,synagogue,-170690865,,,,,,,True,False,,,,,,,,True,False,,,,,
457239258,-214801568,-7,,,"https://sun9-61.userapi.com/s/v1/ig2/XRF5Eq-kWpuEjAKEg37WlwOrzl1TPIm2IxNOLJ18LcW8quc1vYmvqYYe1oJyUbeEOlQTURxvPs9B7qN1DSpBE5lK.jpg?quality=95&as=32x72,48x108,72x162,108x243,160x361,240x541,360x811,480x1082,540x1217,640x1442,710x1600&from=bu&cs=710x0",,,2022-10-21 10:32:16,58.008205,56.234926,58.00819896273859,56.23476395501453,9.56978033944169,synagogue,-214801568,,,,,,,True,True,,,,,,,,True,False,,,,,
456239273,-75252175,-7,192.0,https://vk.com/wall-75252175_192,"https://sun9-48.userapi.com/s/v1/ig1/nUqfeL3P3jPg9EIxCWO6Gf22sVHoIN29NTEF1oJwxPerbeDVUO0X9prsqkU_Tf3caCote1g5.jpg?quality=96&as=32x32,48x48,72x72,108x108,160x160,240x240,360x360,480x480,540x540,640x640,720x720,960x960&from=bu&cs=960x0",,,2017-01-17 19:47:34,58.007954,56.235931,58.00819896273859,56.23476395501453,73.95104354546025,synagogue,-75252175,,,,,,,True,False,,,,,,,,True,False,,,,,
456240081,261660768,-7,,,"https://sun9-30.userapi.com/s/v1/ig1/jXPjXVeURxBkHFD51cvSL9Ps_1TofwWedB8SGI_Im8puih3wipViZcvlAbJwKoiANUSS6Eyh.jpg?quality=96&as=32x38,48x57,72x86,108x129,160x192,240x287,360x431,480x575,540x646,640x766,720x862,802x960&from=bu&cs=802x0",,,2017-03-09 16:31:01,58.007884,56.23539,58.00819896273859,56.23476395501453,50.86026531217681,synagogue,261660768,,,,,,,True,False,,,,,,,,True,False,,,,,
457261205,91875183,305287651,,,"https://sun9-62.userapi.com/s/v1/ig2/QrI1ZZmDKf-n2DoSww1BZV7maEF7m754Ldn_l-QsrOCskCegfem2Ctcp7oOvRdROIOv3ITd89K55UUIhx1kB_A-K.jpg?quality=95&as=32x32,48x48,72x72,108x108,160x160,240x240,360x360,480x480,540x540,640x640,720x720,1080x1080,1280x1280,1440x1440,1560x1560&from=bu&cs=1560x0",,,2024-05-19 19:20:25,58.008107,56.234477,58.00819896273859,56.23476395501453,19.756984804975843,synagogue,91875183,,,,,,,True,False,,,,,,,,True,False,,,,,
457257437,-170690865,-7,,,"https://sun9-76.userapi.com/s/v1/ig2/qGlfQu_fqkawbSyV1U0HHYMIGMmdvSBonF1glf7soBCl0w7C_EzANWEW-Wbbb3kOn7MzB0J5p8iuXsRprZW37ruj.jpg?quality=95&as=32x43,48x64,72x96,108x144,160x213,240x320,360x480,480x640,540x720,640x853,720x960,1080x1440,1280x1707,1398x1864&from=bu&cs=1398x0",,,2023-06-01 16:04:27,58.007897,56.234398,58.00819896273859,56.23476395501453,39.902113118787824,synagogue,-170690865,,,,,,,True,False,,,,,,,,True,False,,,,,
457288445,14340157,-7,,,"https://sun9-3.userapi.com/s/v1/ig2/fW4ULapW_BGPZUfn21DiXMHz56t9uXC5LZ2dI735di2NW0rOCoH4neIX7py6iT6zKCArCjw3an6Gl0oU6j03x6V4.jpg?quality=95&as=32x43,48x64,72x96,108x144,160x213,240x320,360x480,480x640,540x720,640x853,720x960,1080x1440,1200x1600&from=bu&cs=1200x0",,,2022-07-24 12:23:48,58.008198,56.234992,58.00819896273859,56.23476395501453,13.434748137224169,synagogue,14340157,,,,,,,True,False,,,,,,,,True,False,,,,,
457257559,-170690865,-7,,,"https://sun9-56.userapi.com/s/v1/ig2/Zb1sDB_Nl-RedOa8GvvPh0eMHObG0Z-qlXAZATugu0vHZmn2LchXXD4G-cxeWhlVv27zwpkOkcJ8mnmIcmlKUrUy.jpg?quality=95&as=32x43,48x64,72x96,108x144,160x213,240x320,360x480,480x640,540x720,640x853,720x960,1080x1440,1280x1707,1398x1864&from=bu&cs=1398x0",,,2023-06-08 17:47:56,58.007715,56.234399,58.00819896273859,56.23476395501453,57.95011791683787,synagogue,-170690865,,,,,,,True,False,,,,,,,,True,False,,,,,
457257561,-170690865,-7,,,"https://sun9-21.userapi.com/s/v1/ig2/xJR6wGhgKUUf5XfLbiiW04QFDqru5N4fHc1AHbl14LCPE2OwI9mY-iGQOosDbE1ATsqeRmpDjGkHuWDoUalRByv7.jpg?quality=95&as=32x43,48x64,72x96,108x144,160x213,240x320,360x480,480x640,540x720,640x853,720x960,1080x1440,1280x1707,1398x1864&from=bu&cs=1398x0",,,2023-06-08 17:49:39,58.007722,56.234505,58.00819896273859,56.23476395501453,55.186284082187015,synagogue,-170690865,,,,,,,True,False,,,,,,,,True,False,,,,,
457283119,161632074,-6,,,"https://sun9-85.userapi.com/s/v1/ig2/Wk6NjHsAgj8XuPU2NoZqGnIkfjjkNIgZN7CZDNS8NtWG8SsMC-ir3tpH7NuMBfGKMNerGNdGztmL47z1dW3-qS_x.jpg?quality=95&as=32x32,48x48,72x72,108x108,160x160,240x240,360x360,480x480,540x540,640x640,720x720,1080x1080,1280x1280,1440x1440,2560x2560&from=bu&cs=2560x0",,,2024-07-04 14:09:50,58.008198,56.234992,58.00819896273859,56.23476395501453,13.434748137224169,synagogue,161632074,,,,,,,True,False,,,,,,,,True,False,,,,,
457245043,-194619161,-7,,,"https://sun9-2.userapi.com/s/v1/ig2/XRXXeLj80HXHg7JUlZBidkS2dlliUq-YsEr1uYsKh9OOAthhd9MvgEtnLE1tkRlTdccbmwVtGPq6fPFjlO_j5Kc0.jpg?quality=95&as=32x43,48x64,72x96,108x144,160x213,240x320,360x480,480x640,540x720,640x853,720x960,1080x1440,1280x1707,1440x1920,1920x2560&from=bu&cs=1920x0",,,2024-06-03 09:48:00,58.00801,56.235403,58.00819896273859,56.23476395501453,43.11346849991991,synagogue,-194619161,,,,,,,True,False,,,,,,,,True,False,,,,,
385897274,285757210,-7,,,"https://sun9-34.userapi.com/s/v1/ig1/bwkA3XgjpKDcCAKP_BE1XseshKLWxP7O5ZWOAvK-YjKgEW2yKCp3VsL1nwKvO3O1HC_0ax-2.jpg?quality=96&as=32x43,48x64,72x97,108x145,160x215,240x322,360x483,480x644,540x724,640x858,716x960&from=bu&cs=716x0",,,2015-11-03 07:50:31,58.007975,56.235389,58.00819896273859,56.23476395501453,44.45276071322154,synagogue,285757210,,,,,,,True,False,,,,,,,,True,False,,,,,
456239729,-46008634,-7,,,"https://sun9-9.userapi.com/s/v1/ig1/S3EgZS9TGpPTr_7arZipdYJ_JVTl2Ts4TV15pP2Apyl6pMzA5jHBHr4pMb4ftO_Iu561hMcJ.jpg?quality=96&as=32x43,48x64,72x96,108x144,160x213,240x320,360x480,480x640&from=bu&cs=480x0",,,2017-10-19 13:42:37,58.00796,56.234663,58.00819896273859,56.23476395501453,27.22889623953285,synagogue,-46008634,,,,,,,True,True,,,,,,,,True,True,,False,,,
457255432,-170690865,-7,,,"https://sun9-79.userapi.com/s/v1/ig2/uMEMm17p5lPcQ1FFQsPh5BhwOUUg-vIBdAb5g4_0QzsTB_GQgi_hvywsRZy2Sefwbx6gsXpovVKVKxao1PzlAdSO.jpg?quality=95&as=32x43,48x64,72x96,108x144,160x213,240x320,360x480,480x640,540x720,640x853,720x960,1080x1440,1280x1707,1344x1792&from=bu&cs=1344x0",,,2023-01-21 10:08:14,58.007813,56.234504,58.00819896273859,56.23476395501453,45.567571879464026,synagogue,-170690865,,,,,,,True,False,,,,,,,,True,False,,,,,
456239021,-177248733,-7,12.0,https://vk.com/wall-177248733_12,"https://sun9-15.userapi.com/s/v1/if2/hFDo42nxwxqjuqvxNVMCBYUMdKs4ZROmU4up-E6FWNXQWVpzyCYP5F8BMJjwW7YtYYNiJECK6Atevi3trrGaT3nX.jpg?quality=96&as=32x24,48x36,72x54,108x81,160x120,240x180,360x270,480x360,540x405,640x480,720x540,854x640&from=bu&cs=854x0","https://sun9-86.userapi.com/s/v1/ig1/chCJ0Fym7-YRD0bnExq7M8tuw4gfpqousiSU_ZBDNcTp4c8ja5acIwgVGTG5X3ZI7DTiieXS.jpg?quality=96&as=32x43,48x64,72x96,108x144,160x213,240x320,360x480,480x640,540x720,640x853,720x960,1080x1440,1280x1707,1440x1920,1620x2160&from=bu&cs=1620x0",,2019-02-10 12:07:00,58.007869,56.234319,58.00819896273859,56.23476395501453,45.09190688665277,synagogue,-177248733,,,,,,,True,False,,,,,,,,True,True,,False,,,
457256009,-170690865,-7,,,"https://sun9-23.userapi.com/s/v1/ig2/ik4NZwaDYTXC_FoaJ1EzOMojCIFFVwTGn0aLA58Uuu0F5KE25RKD7pD0GIyYqSg0__wClN7Sr1Tbbvk1kdd07pjs.jpg?quality=95&as=32x43,48x64,72x96,108x144,160x214,240x320,360x481,480x641,540x721,640x855,720x961,1080x1442,1280x1709,1342x1792&from=bu&cs=1342x0",,,2023-03-03 13:52:55,58.007722,56.234505,58.00819896273859,56.23476395501453,55.186284082187015,synagogue,-170690865,,,,,,,True,False,,,,,,,,True,False,,,,,
457245230,-170690865,-7,,,"https://sun9-77.userapi.com/s/v1/ig2/fcbLDLQXcs3qKEwtnw71gSjvwrUNyC_Lc3JZc7mtBH0bR8i1GKIsi1ziC_DuX7d8_biaIBXOlVv2FJZeUgdLXJWf.jpg?quality=96&as=32x43,48x64,72x96,108x144,160x213,240x320,360x480,480x640,540x720,640x853,720x960,1080x1440,1280x1707,1344x1792&from=bu&cs=1344x0",,,2022-04-15 10:49:59,58.008212,56.234345,58.00819896273859,56.23476395501453,24.723524850348984,synagogue,-170690865,,,,,,,True,False,,,,,,,,True,False,,,,,
457244711,-170690865,-7,1138.0,https://vk.com/wall-170690865_1138,"https://sun9-65.userapi.com/s/v1/ig2/-47Ikfszb5DQp3IYNC29ckivyRCZAhTQr4576_bR1ju1jxwEJo074YNJea4_FlzBJH0Gnu0wMx145x3hTnmgwNMg.jpg?quality=96&as=32x43,48x64,72x96,108x144,160x213,240x320,360x480,480x640,540x720,640x853,720x960,1080x1440,1280x1707,1344x1792&from=bu&cs=1344x0",,,2022-04-12 11:37:20,58.007925,56.234478,58.00819896273859,56.23476395501453,34.810852364784076,synagogue,-170690865,,,,,,,True,False,,,,,,,,True,False,,,,,
457257397,-170690865,-7,,,"https://sun9-77.userapi.com/s/v1/ig2/nADgdaEUeY-x48u_n1RtyoU8_qlGoELI1qarlaEnwNPXZnxqbvNOOb_4Q7rM5J-YnDPHotiNIDLCbmxOi8XIkimq.jpg?quality=95&as=32x43,48x64,72x96,108x144,160x213,240x320,360x480,480x640,540x720,640x853,720x960,1080x1440,1280x1707,1398x1864&from=bu&cs=1398x0",,,2023-05-29 18:03:13,58.007806,56.234399,58.00819896273859,56.23476395501453,48.698462152861765,synagogue,-170690865,,,,,,,True,False,,,,,,,,True,False,,,,,
294322575,183550616,-7,175.0,https://vk.com/wall183550616_175,"https://sun9-28.userapi.com/s/v1/if2/45Cs0XB_O_kewWhrfR3wWNtFrHSMb4pK2jSgbLviKyLGU5IEpPlP18O6AmVMbuT1I2fN-Sf5GKqXXcbSydabtRfB.jpg?quality=96&as=32x24,48x36,72x54,108x81,160x119,240x179,360x269,480x358,540x403,640x478,720x538,1080x807,1280x956,1440x1075,1920x1434&from=bu&cs=1920x0","https://sun9-6.userapi.com/s/v1/ig1/RXnw2YWqxyZGAgpjGbECI1_n72sP5EYrd9aDSF2IS0t0vj0GDDnXve7tDIGNobC0t3x88xhI.jpg?quality=96&as=32x32,48x48,72x72,108x108,160x160,240x240,360x360,480x480,540x540,640x640,720x720,960x960&from=bu&cs=960x0",,2013-01-01 17:24:45,58.007834,56.234993,58.00819896273859,56.23476395501453,42.766438936428706,synagogue,183550616,,,,,,,True,False,,,,,,,,True,False,,,,,
456243527,261660768,-7,,,"https://sun9-78.userapi.com/s/v1/ig1/rIuS_QlzsD2fj6J1Rlz5y2GRXXbumZHoiWD-4foRigo5cSlcCJdyPpjcA8cPW0Bdojo4LW3d.jpg?quality=96&as=32x40,48x60,72x90,108x135,160x200,240x300,360x450,480x600,540x675,640x800,720x900,768x960&from=bu&cs=768x0",,,2018-05-07 07:57:46,58.0078,56.235839,58.00819896273859,56.23476395501453,77.32402621441274,synagogue,261660768,,,,,,,True,False,,,,,,,,True,False,,,,,
457261204,91875183,305287651,,,"https://sun9-44.userapi.com/s/v1/ig2/-Kghwr-RBL924zaZbZeBEV77wNsi89Lia-FZ9ytS70iv698y3q5XO8Xah2k7oKpbQlDturjWWHzeeGcINrLVzhw5.jpg?quality=95&as=32x32,48x48,72x72,108x108,160x160,240x240,360x360,480x480,540x540,640x640,720x720,1080x1080,1280x1280,1440x1440,1560x1560&from=bu&cs=1560x0",,,2024-05-19 19:20:23,58.008009,56.234715,58.00819896273859,56.23476395501453,21.318864649046265,synagogue,91875183,,,,,,,True,True,,,,,,,,True,True,,False,,,
457255871,-170690865,-7,,,"https://sun9-9.userapi.com/s/v1/ig2/t7rkeWpxL0qgE7RwlA1pd9y70i_9Ta0IpllVthdUOC-FrbI_s0hvlHgAafk7KWvDBufVWcIUofQ94DzJGs0QAO6W.jpg?quality=95&as=32x43,48x64,72x96,108x144,160x214,240x320,360x481,480x641,540x721,640x855,720x961,1080x1442,1280x1709,1342x1792&from=bu&cs=1342x0",,,2023-02-23 13:10:47,58.007897,56.234398,58.00819896273859,56.23476395501453,39.902113118787824,synagogue,-170690865,,,,,,,True,False,,,,,,,,True,False,,,,,
457256752,-170690865,-7,,,"https://sun9-41.userapi.com/s/v1/ig2/KDMQ-lbgcZfIuDA1uQm5-RqAW0xKNPQUYAGMl2lXr6YMe3QxeKrjr4kqZZyb2f6kjdmRO3x1VaAHSuvPsdn5hIxn.jpg?quality=95&as=32x43,48x64,72x96,108x144,160x214,240x320,360x481,480x641,540x721,640x855,720x961,1080x1442,1280x1709,1342x1792&from=bu&cs=1342x0",,,2023-04-18 10:25:37,58.007715,56.234399,58.00819896273859,56.23476395501453,57.95011791683787,synagogue,-170690865,,,,,,,True,False,,,,,,,,True,False,,,,,
456239144,-75252175,-7,,,"https://sun9-8.userapi.com/s/v1/ig1/FQMaIZKDTGa0cJdC0aJavfuZ9GQKmBFRMmLB6iFvSqpZkV0A5YnRmuRq8koU2rENi_CS6Qmy.jpg?quality=96&as=32x43,48x64,72x96,108x144,160x213,240x320,360x480,480x640,540x720,640x853,720x960&from=bu&cs=720x0",,,2016-12-14 14:34:33,58.00794,56.236235,58.00819896273859,56.23476395501453,91.31958931610778,synagogue,-75252175,,,,,,,True,False,,,,,,,,True,False,,,,,
403835948,261660768,-7,,,"https://sun9-39.userapi.com/s/v1/ig1/H2kydUc38qlhGGp2QM31Okm7i-GoHb8VguBmD_XUrtzuPgMswO0BzsfVcg4FuHHqY0Z8326J.jpg?quality=96&as=32x43,48x64,72x96,108x144,160x213,240x320,360x480,480x640,540x720,640x853,720x960&from=bu&cs=720x0",,,2016-03-03 05:08:59,58.007989,56.235773,58.00819896273859,56.23476395501453,63.864272403377186,synagogue,261660768,,,,,,,True,False,,,,,,,,True,False,,,,,
457244810,505765304,-7,,,"https://sun9-58.userapi.com/s/v1/ig2/4dCDw0rINUcQ40ELBvDg5FmXMxJzT73AzCrfL8y0jFf0RMcGuvlYXxOjUGQFfuOII96bQpJ_9ccG_Zr-NWoCgYd5.jpg?quality=95&as=32x43,48x64,72x96,108x144,160x213,240x320,360x480,480x640,540x720,640x853,720x960,1080x1440,1200x1600&from=bu&cs=1200x0",,,2022-11-22 19:30:11,58.008317,56.2349,58.00819896273859,56.23476395501453,15.37861529780568,synagogue,505765304,,,,,,,True,True,,,,,,,,True,False,,,,,
457254662,-170690865,-7,,,"https://sun9-51.userapi.com/s/v1/ig2/9tw8kkjZur17HKDm7WYWMfl7bnK8Den9AwrBuwfh6do1Zs3z38w2X_76K74b2orkUMhYghtEm_y006K_LYQ9sadh.jpg?quality=95&as=32x43,48x64,72x96,108x144,160x213,240x320,360x480,480x640,540x720,640x853,720x960,1080x1440,1280x1707,1344x1792&from=bu&cs=1344x0",,,2022-11-23 11:27:55,58.007806,56.234399,58.00819896273859,56.23476395501453,48.698462152861765,synagogue,-170690865,,,,,,,True,False,,,,,,,,True,False,,,,,
457259065,-53041106,-7,,,"https://sun9-17.userapi.com/s/v1/ig2/lB2PX4B0x_6AENcRnqUzqU3_OJV0G9J6iHCPsZVYsRLhtE7YFznCtHw5r7WNOsXcvvGXQfQd-M-pPeEI4_g9NXEG.jpg?quality=95&as=32x43,48x64,72x96,108x144,160x213,240x320,360x480,480x640,540x720,640x853,720x960,1080x1440,1280x1707,1440x1920,1536x2048&from=bu&cs=1536x0",,,2024-03-24 05:55:55,58.008205,56.234926,58.00819896273859,56.23476395501453,9.56978033944169,synagogue,-53041106,,,,,,,True,True,,,,,,,,True,False,,,,,
457240534,-179988268,-7,,,"https://sun9-63.userapi.com/s/v1/ig2/SIJahlAIFZAyN2qIl1GvsLxz6nlV7wsTT9Nsk5ns7HzjgSykUIUUTsdXUF7qdydwIVRWzPBZNI-ySp77spQCaXQW.jpg?quality=96&as=32x43,48x64,72x96,108x144,160x213,240x320,360x480,480x640,540x720,640x853,720x960,1080x1440,1280x1707,1440x1920,1620x2160&from=bu&cs=1620x0",,,2020-11-04 09:15:28,58.007638,56.234267,58.00819896273859,56.23476395501453,68.90494477226193,synagogue,-179988268,,,,,,,True,False,,,,,,,,True,False,,,,,
457253131,-170690865,-7,,,"https://sun9-5.userapi.com/s/v1/ig2/7DXKFT7e__XfcNCPvdBHDwzvKydPhCCUkeS_ioGo1-T3vN9npzxRLLyBg_CSreeOJ9NTfiUOBlh947baXBJSAQ7n.jpg?quality=95&as=32x43,48x64,72x96,108x144,160x213,240x320,360x480,480x640,540x720,640x853,720x960,1080x1440,1280x1707,1344x1792&from=bu&cs=1344x0",,,2022-08-23 15:14:18,58.007995,56.234504,58.00819896273859,56.23476395501453,27.36586051718784,synagogue,-170690865,,,,,,,True,False,,,,,,,,True,False,,,,,
403263622,-115070311,228691919,,,"https://sun9-11.userapi.com/s/v1/if1/sX46rzwbSFKXK9RDb2xAkBQZY7gOWjTqsftD25ihEsZnexV9KfNvGt87jjEp49PCCVy8n-zm.jpg?quality=96&as=32x24,48x36,72x54,108x81,160x120,240x180,360x270,480x360,540x405,640x480,720x540,1000x750&from=bu&cs=1000x0",,,2016-02-19 12:42:24,58.007666,56.234518,58.00819896273859,56.23476395501453,61.00836138371684,synagogue,-115070311,,,,,,,True,False,,,,,,,,True,False,,,,,
457239121,-225765287,-7,,,"https://sun9-74.userapi.com/s/v1/ig2/_OwOJKYvauCYVqdVFBfymjZ9pH8wp33VGusHX4edaK18HIj6G4s6okO1gd-Kx9fifkRt5G_01xuXu3Mt3BqmHvJk.jpg?quality=95&as=32x43,48x64,72x96,108x144,160x213,240x320,360x480,480x640,540x720,640x853,720x960,1080x1440,1280x1707,1440x1920,1920x2560&from=bu&cs=1920x0",,,2024-06-21 14:31:31,58.008107,56.234993,58.00819896273859,56.23476395501453,16.930285459496016,synagogue,-225765287,,,,,,,True,True,,,,,,,,True,True,,False,,,
457239049,574791409,-7,14.0,https://vk.com/wall574791409_14,"https://sun9-43.userapi.com/s/v1/ig2/43JCIZsbe5akiy8mc6Ujg_B-lADZrOOSLNNGjrXix5WxpPEUH-ycW2pnJef2lrFKzL3EwVF7s7BF1Fsdw-WCKgcY.jpg?quality=96&as=32x32,48x48,72x73,108x109,160x162,240x242,360x363,480x485,540x545,640x646,720x727,1080x1091,1280x1292,1438x1452&from=bu&cs=1438x0","https://sun9-18.userapi.com/s/v1/if1/11IZiYK-ybigIubXS9PgxJ5AFcbiSoB7Kzdx6bz8pstFtD5-D-pZkXy1-A21iTWmEoXSvCZl.jpg?quality=96&as=32x24,48x36,72x54,108x81,160x120,240x180,360x270,480x360,540x405,640x480&from=bu&cs=640x0",,2020-07-08 10:29:27,58.007954,56.23576,58.00819896273859,56.23476395501453,64.69200289317165,synagogue,574791409,,,,,,,True,False,,,,,,,,True,False,,,,,
457239253,-214801568,-7,,,"https://sun9-67.userapi.com/s/v1/ig2/QwuM-QOjGDNLjWyxdyy_p2dK8lr-mrn7_SItoo-3XqEG1xB9u-b2S5mai_mxt7JF5ay8DT7S-orMvTLkSvET1Sj4.jpg?quality=95&as=32x43,48x64,72x96,108x144,160x214,240x321,360x481,480x642,540x722,640x855,720x962,1080x1444,1197x1600&from=bu&cs=1197x0",,,2022-10-20 10:38:05,58.008107,56.234993,58.00819896273859,56.23476395501453,16.930285459496016,synagogue,-214801568,,,,,,,True,True,,,,,,,,True,False,,,,,
457251664,-170690865,-7,,,"https://sun9-73.userapi.com/s/v1/ig2/kKvYuIXis6Ez7zxf3egOlrQEf1d5Yc2CxGCuZcr0YhcmPstN7cNWzBSxkFNYgkhn4qs3a-XPZS81RniSCi__cOQs.jpg?quality=95&as=32x43,48x64,72x96,108x144,160x213,240x320,360x480,480x640,540x720,640x853,720x960,1080x1440,1280x1707,1344x1792&from=bu&cs=1344x0",,,2022-06-14 13:10:53,58.007813,56.234504,58.00819896273859,56.23476395501453,45.567571879464026,synagogue,-170690865,,,,,,,True,False,,,,,,,,True,False,,,,,
457316353,222199696,-7,,,"https://sun9-56.userapi.com/s/v1/ig2/TfnXqhSnDpBYmoJvzfb-vJF6eVv0rxwbX2E-yCrQ-UfJaSqiAUJE77b6ZtGzCUxmQ79k-02suXv1EZp6JKJgebR-.jpg?quality=95&as=32x43,48x64,72x96,108x144,160x214,240x320,360x480,480x641,540x721,640x854,720x961,1080x1441,1280x1708,1440x1922,1918x2560&from=bu&cs=1918x0",,,2022-10-28 12:22:32,58.0081,56.234887,58.00819896273859,56.23476395501453,13.17706229634948,synagogue,222199696,,,,,,,True,True,,,,,,,,True,False,,,,,
457247910,-170690865,-7,,,"https://sun9-9.userapi.com/s/v1/ig2/eYDpPsMNcaIwPeS76qBlM2kl94ini9uCxNn75Gleu5YSal6cv6_Q-fEzWH10fJlns-HRp5Y0QVxl-qTEzF2Ap3Cz.jpg?quality=96&as=32x43,48x64,72x96,108x144,160x214,240x320,360x481,480x641,540x721,640x855,720x961,1080x1442,1280x1709,1342x1792&from=bu&cs=1342x0",,,2022-05-04 12:01:22,58.00796,56.234491,58.00819896273859,56.23476395501453,31.05817219427208,synagogue,-170690865,,,,,,,True,False,,,,,,,,True,False,,,,,
457256672,-170690865,-7,,,"https://sun9-42.userapi.com/s/v1/ig2/tmtFPuQQiI3UX5EFaBlWnhAvzDfYtiem3WPYJbNzU7KZ-ZlOwOlKrriBEAlclVjtDDM17iUAmTbNScKf6PmtaEQC.jpg?quality=95&as=32x43,48x64,72x96,108x144,160x214,240x320,360x481,480x641,540x721,640x855,720x961,1080x1442,1280x1709,1342x1792&from=bu&cs=1342x0",,,2023-04-15 11:31:17,58.007799,56.234293,58.00819896273859,56.23476395501453,52.41830941546784,synagogue,-170690865,,,,,,,True,False,,,,,,,,True,False,,,,,
456239202,-75252175,-7,159.0,https://vk.com/wall-75252175_159,"https://sun9-24.userapi.com/s/v1/ig1/CwG9GtHH1j3Cqa1qCl9ycgqNzQlpF7DJVkUJqIiUwWyLIeRLcquLbReYqe2JNAa_pOQPe1p3.jpg?quality=96&as=32x32,48x48,72x72,108x108,160x160,240x240,360x360,480x480,540x540,640x640,720x720,960x960&from=bu&cs=960x0","https://sun9-67.userapi.com/s/v1/if1/KLg_A-WrRTmHs9VmWnZS7Rif0TKeeIkPypl9fmuvVJafeB7Nfmt0riwJw8BaP4dnTnDIqGRs.jpg?quality=96&as=32x18,48x27,72x40,108x61,160x90,240x135,360x202,480x270,540x304,640x360&from=bu&cs=640x0",,2016-12-23 08:38:13,58.007814,56.235879,58.00819896273859,56.23476395501453,78.40494941846167,synagogue,-75252175,,,,,,,True,False,,,,,,,,True,False,,,,,
457256522,-170690865,-7,,,"https://sun9-75.userapi.com/s/v1/ig2/Fh9uBfus8KY417QZ8agdo0rx7U8QGI8BU_QzPbqMu288dz2RNXRyJ2U-67dv0YpyHG9bpu8JlAOda-dLyvfWk38A.jpg?quality=95&as=32x43,48x64,72x96,108x144,160x214,240x320,360x481,480x641,540x721,640x855,720x961,1080x1442,1280x1709,1342x1792&from=bu&cs=1342x0",,,2023-04-07 18:39:15,58.007722,56.234505,58.00819896273859,56.23476395501453,55.186284082187015,synagogue,-170690865,,,,,,,True,False,,,,,,,,True,False,,,,,
457250785,261660768,-7,,,"https://sun9-58.userapi.com/s/v1/ig2/jjYws8PE3daN1gQRE_oYPMp0NDWk2oWkUvM1SVDwcMzKJrsAFYiwFRfzcJAa6RvxVlBGrcrIBz0IfqriZMEHI86i.jpg?quality=96&as=32x43,48x64,72x96,108x144,160x214,240x320,360x481,480x641,540x721,640x855,720x961,1080x1442,1280x1709,1342x1792&from=bu&cs=1342x0",,,2020-08-20 07:52:54,58.008128,56.234966,58.00819896273859,56.23476395501453,14.280623319906642,synagogue,261660768,,,,,,,True,True,,,,,,,,True,False,,,,,
457316344,222199696,-7,,,"https://sun9-43.userapi.com/s/v1/ig2/U-uu3VXbZ-CcKU0DfIAb1yTyRqt7RTMU2z4xYbj2NOyKZEF696U-XBm4_GFOjQb2a9IcmsBktq2UpzobOPm3tlJW.jpg?quality=95&as=32x43,48x64,72x96,108x144,160x214,240x320,360x480,480x641,540x721,640x854,720x961,1080x1441,1280x1708,1440x1922,1918x2560&from=bu&cs=1918x0",,,2022-10-28 12:22:15,58.0081,56.234887,58.00819896273859,56.23476395501453,13.17706229634948,synagogue,222199696,,,,,,,True,True,,,,,,,,True,False,,,,,
457246623,-210911959,-7,,,"https://sun9-30.userapi.com/s/v1/ig2/nYWq9pAYvbpiJdlK3SMk6dQsJ0uwU_1BbQ6i4MclbXJRfCx0VaXMR1qKJSOBmsbjDnrH9coT-NwXXBznCm7ciXc3.jpg?quality=95&as=32x43,48x64,72x96,108x144,160x213,240x320,360x480,480x640,540x721,640x854,720x961,1080x1441,1280x1708,1388x1852&from=bu&cs=1388x0",,,2022-07-11 19:33:10,58.007996,56.235707,58.00819896273859,56.23476395501453,59.964763850001766,synagogue,-210911959,,,,,,,True,False,,,,,,,,True,False,,,,,
365452440,63458646,-6,840.0,https://vk.com/wall63458646_840,"https://sun9-8.userapi.com/s/v1/ig1/goFN7DDoqMqKU_LqxueridRC-tbsKXooWol9lrmo2O2BZBaOWz_FsfZzYjyOLOKMoDCe-g.jpg?quality=96&as=32x43,48x64,72x96,108x144,160x213,240x320,360x480,480x640&from=bu&cs=480x0",,,2015-05-31 08:17:34,58.007939,56.234345,58.00819896273859,56.23476395501453,38.00978402778725,synagogue,63458646,,,,,,,True,False,,,,,,,,True,False,,,,,
457256096,-170690865,-7,,,"https://sun9-72.userapi.com/s/v1/ig2/Bbj7ES_nGu3piNpphBT8zzf08eotI112CVB6SBaf441lofnUEeLb0PeWEomzTjnbSIjgD7BSpUGfNHvxzGuqLE6C.jpg?quality=95&as=32x43,48x64,72x96,108x144,160x214,240x320,360x481,480x641,540x721,640x855,720x961,1080x1442,1280x1709,1342x1792&from=bu&cs=1342x0",,,2023-03-09 14:17:03,58.007722,56.234505,58.00819896273859,56.23476395501453,55.186284082187015,synagogue,-170690865,,,,,,,True,False,,,,,,,,True,False,,,,,
457253133,-170690865,-7,,,"https://sun9-15.userapi.com/s/v1/ig2/ywrJCPGrVFwH6DPDS4AHzzvZr6rnq7gGwlROeknbDemgRu1Q3kRGDFXnT4s-ggFPec-iJBLvhSyCEIkOwws4xh8z.jpg?quality=95&as=32x43,48x64,72x96,108x144,160x214,240x320,360x481,480x641,540x721,640x855,720x961,1080x1442,1280x1709,1342x1792&from=bu&cs=1342x0",,,2022-08-23 15:14:18,58.007995,56.234504,58.00819896273859,56.23476395501453,27.36586051718784,synagogue,-170690865,,,,,,,True,False,,,,,,,,True,False,,,,,
456240598,261660768,-7,,,"https://sun9-77.userapi.com/s/v1/ig1/Qthuo3MDOyYaFhKTs9A_Q-wsXjYW-AZt8qotlm2tPrOZt16CFgBLEp0HPyl7_gV1NzfzPQf8.jpg?quality=96&as=32x43,48x64,72x96,108x144,160x213,240x320,360x480,480x640,540x720,640x853,720x960&from=bu&cs=720x0",,,2017-04-27 19:15:02,58.007891,56.235839,58.00819896273859,56.23476395501453,71.9971941060956,synagogue,261660768,,,,,,,True,False,,,,,,,,True,False,,,,,
457257415,-170690865,-7,,,"https://sun9-47.userapi.com/s/v1/ig2/h39Nb2PiWHGTBwP-i0BKgvuyzGF_33nIT8uKf3sVcv0sJ6hfLcc-schx8_AIxynE0Jbd9Jd_Mm15Ma3vX30bjlxN.jpg?quality=95&as=32x43,48x64,72x96,108x144,160x213,240x320,360x480,480x640,540x720,640x853,720x960,1080x1440,1280x1707,1398x1864&from=bu&cs=1398x0",,,2023-05-29 18:10:27,58.007715,56.234399,58.00819896273859,56.23476395501453,57.95011791683787,synagogue,-170690865,,,,,,,True,False,,,,,,,,True,False,,,,,
456240104,261660768,-7,,,"https://sun9-88.userapi.com/s/v1/ig1/o_eiJmyaxzHI4w_yjRewWJzPS7MeWSY84rHzGZ_yW9pmjJhjh-kZ_v2FgWSyrWmhkeuHL1e2.jpg?quality=96&as=32x43,48x64,72x96,108x144,160x213,240x320,360x480,480x640,540x720,640x853,720x960&from=bu&cs=720x0",,,2017-03-11 06:33:03,58.007842,56.235786,58.00819896273859,56.23476395501453,72.1159733377373,synagogue,261660768,,,,,,,True,False,,,,,,,,True,False,,,,,
457240586,-114109418,-7,,,"https://sun9-58.userapi.com/s/v1/ig2/WXfVMLMMBNLwW5elT25T5QEVtzHuInp0OP3qSoLllvU3KDTkw-qBW3KO771Ae7zZH3GCCv01IiDz_dhmNpiQ-5XU.jpg?quality=95&as=32x43,48x64,72x96,108x144,160x213,240x320,360x480,480x640,540x720,640x853,720x960,1080x1440,1280x1707,1440x1920,1920x2560&from=bu&cs=1920x0",,,2024-09-05 19:11:05,58.007806,56.234914,58.00819896273859,56.23476395501453,44.580569031556806,synagogue,-114109418,,,,,,,True,False,,,,,,,,True,False,,,,,
457257889,-170690865,-7,,,"https://sun9-46.userapi.com/s/v1/ig2/D7ZKFJBfhNHABNC0q5Y3QIOh6mRvZZZmUe9oqGHHvznAz3jSkogOiIHBkr5PsEjSQMUS18rsoEJGyJfX-0ufC-QL.jpg?quality=95&as=32x43,48x64,72x96,108x144,160x213,240x320,360x480,480x640,540x720,640x853,720x960,1080x1440,1280x1707,1398x1864&from=bu&cs=1398x0",,,2023-07-03 18:11:12,58.008114,56.234411,58.00819896273859,56.23476395501453,22.83853256185169,synagogue,-170690865,,,,,,,True,False,,,,,,,,True,False,,,,,
457257482,-170690865,-7,,,"https://sun9-42.userapi.com/s/v1/ig2/pDIWwSvEPlss61cvJY-XMIPhnCkxEJVwrIQ4Fp2SvczO01WeDgTEx2dQP5yVl2uoy4pdcdMWQR1lQEIVVRpH5tON.jpg?quality=95&as=32x43,48x64,72x96,108x144,160x213,240x320,360x480,480x640,540x720,640x853,720x960,1080x1440,1280x1707,1398x1864&from=bu&cs=1398x0",,,2023-06-04 17:47:13,58.007715,56.234399,58.00819896273859,56.23476395501453,57.95011791683787,synagogue,-170690865,,,,,,,True,False,,,,,,,,True,False,,,,,
457239259,-214801568,-7,,,"https://sun9-49.userapi.com/s/v1/ig2/pRkgF50R0fgVfepo0J3X62r0YgclpftxHqz8X96OjCWbn12VXQfwYlz6dKuSB5F8zaTMuS-bqTr0a8lfBfnx1ncq.jpg?quality=95&as=32x66,48x99,72x149,108x223,160x330,240x495,360x743,480x991,540x1115,640x1321,720x1486,775x1600&from=bu&cs=775x0",,,2022-10-21 10:32:16,58.008219,56.234794,58.00819896273859,56.23476395501453,2.845519485459928,synagogue,-214801568,,,,,,,True,True,,,,,,,,True,False,,,,,
457254965,-170690865,-7,,,"https://sun9-53.userapi.com/s/v1/ig2/h1qPifCaq2Fb5X2S8P2G_svlmkiK_4EXXrbk_jBhcvNFbmjKxmMFxx6MXcuABQ2CmSEQe437kAkEwmwSBoUUpK7T.jpg?quality=95&as=32x43,48x64,72x96,108x144,160x213,240x320,360x480,480x640,540x720,640x853,720x960,1080x1440,1280x1707,1344x1792&from=bu&cs=1344x0",,,2022-12-16 11:22:28,58.007897,56.234398,58.00819896273859,56.23476395501453,39.902113118787824,synagogue,-170690865,,,,,,,True,False,,,,,,,,True,False,,,,,
457259861,237883497,-7,,,"https://sun9-88.userapi.com/s/v1/ig2/-Ji1VuJtnC8t1Vqn_Z4mHl06erurc6hPanvdSyOcFWXB8skEgabTUfvKTb_p8ykanVZkhwY4EuanorCpzNoTEeLB.jpg?quality=95&as=32x57,48x85,72x128,108x192,160x284,240x427,360x640,480x853,540x960,640x1138,720x1280,900x1600&from=bu&cs=900x0",,,2022-11-14 16:47:54,58.008205,56.234926,58.00819896273859,56.23476395501453,9.56978033944169,synagogue,237883497,,,,,,,True,True,,,,,,,,True,False,,,,,
457239255,-214801568,-7,,,"https://sun9-45.userapi.com/s/v1/ig2/HJSVUPazSUYBy5HMGjvAtEf0D2NF-BxANCWf7IF8tTPmcVCmDUicBvSlEBDdLxL_yaBa1ftiUBdrPbdjpdEpR39v.jpg?quality=95&as=32x43,48x64,72x96,108x144,160x214,240x321,360x481,480x642,540x722,640x855,720x962,1080x1444,1197x1600&from=bu&cs=1197x0",,,2022-10-20 10:38:05,58.008205,56.234926,58.00819896273859,56.23476395501453,9.56978033944169,synagogue,-214801568,,,,,,,True,True,,,,,,,,True,False,,,,,
457253124,-170690865,-7,,,"https://sun9-30.userapi.com/s/v1/ig2/jUFhIt6DzC4oZ7x0ZoSrD7TamWivdRGfjqgvk4qEl-nsKr_wVjKI2-F8dA4SOCJcW70Cds6WEajLJilX9CZuQME1.jpg?quality=95&as=32x43,48x64,72x96,108x144,160x214,240x320,360x481,480x641,540x721,640x855,720x961,1080x1442,1280x1709,1342x1792&from=bu&cs=1342x0",,,2022-08-23 15:05:47,58.00782,56.23461,58.00819896273859,56.23476395501453,43.10373252508328,synagogue,-170690865,,,,,,,True,False,,,,,,,,True,False,,,,,
457253093,-170690865,-7,,,"https://sun9-73.userapi.com/s/v1/ig2/mxqxY-1gIV0DX1nEthnMx_SnChn9BByoNHLx8H9eRntv6bsmyb2THuWn_kBZ86hdScfIDiOFtPkX-wynLTAqRlTG.jpg?quality=95&as=32x43,48x64,72x96,108x144,160x213,240x320,360x480,480x640,540x720,640x853,720x960,1080x1440,1280x1707,1344x1792&from=bu&cs=1344x0",,,2022-08-22 13:02:20,58.007799,56.234293,58.00819896273859,56.23476395501453,52.41830941546784,synagogue,-170690865,,,,,,,True,False,,,,,,,,True,False,,,,,
457290778,-210911959,-7,,,"https://sun9-51.userapi.com/s/v1/ig2/v3rE54h49kwF-2F2uaj_xvD71phxbDYYowrshOYSqv-ofyGsvUfTgGZ32GRuBqPkU8CLiXHA5Ke_fvFhgzz2qTE-.jpg?quality=95&as=32x43,48x64,72x96,108x144,160x213,240x320,360x480,480x640,540x720,640x853,720x960,1080x1440,1280x1707,1440x1920,1920x2560&from=bu&cs=1920x0",,,2023-08-21 21:15:06,58.007814,56.235879,58.00819896273859,56.23476395501453,78.40494941846167,synagogue,-210911959,,,,,,,True,False,,,,,,,,True,False,,,,,
456242144,261660768,-7,,,"https://sun9-35.userapi.com/s/v1/ig1/dcYSEzii5zvfHcWfbsh0pFlzbS2v6BXE4mSQmH6znbFsVZNf_192bSdYoI4fdPDlyVyXMibs.jpg?quality=96&as=32x40,48x60,72x90,108x135,160x201,240x301,360x451,480x602,540x677,640x802,720x902,766x960&from=bu&cs=766x0",,,2017-11-16 19:10:00,58.008045,56.235416,58.00819896273859,56.23476395501453,42.0549397841679,synagogue,261660768,,,,,,,True,False,,,,,,,,True,False,,,,,
457247483,261660768,-7,18985.0,https://vk.com/wall261660768_18985,"https://sun9-69.userapi.com/s/v1/ig1/VZko8uI8XDWwvRCiBKhG1u3a9OhVDNOGe-Jm3cuvO-3-TKXUwGjQZVPwEmWJoRZR7IUd6xcC.jpg?quality=96&as=32x57,48x85,72x128,108x192,160x284,240x427,360x640,480x853,540x960,640x1138,720x1280&from=bu&cs=720x0",,,2019-10-03 18:38:22,58.008163,56.234807,58.00819896273859,56.23476395501453,4.735120296507775,synagogue,261660768,,,,,,,True,True,,,,,,,,True,False,,,,,
456239842,261660768,-7,,,"https://sun9-65.userapi.com/s/v1/ig1/gJCMW5OLkj0yGvgl3zwR_E8EKW1cSvIhe_CM2LI9VldE06HSzgLoPSSFTP62qr3l6TuWug1I.jpg?quality=96&as=32x32,48x48,72x72,108x108,160x160,240x240,360x360,480x480,540x540,640x640,720x720,960x960&from=bu&cs=960x0",,,2017-02-09 08:33:27,58.007842,56.235614,58.00819896273859,56.23476395501453,63.899980326269336,synagogue,261660768,,,,,,,True,False,,,,,,,,True,False,,,,,
457241919,529827517,-6,,,"https://sun9-67.userapi.com/s/v1/ig2/Pn1dcK42lPuJDWBmRZ8kfPQmzyLVR9ZCVz4lt4lSVcLSSacBG_ewkw42UasSH99WkBVL1OXGdSeH0Rldya7JWdTz.jpg?quality=95&as=32x52,48x78,72x116,108x175,160x259,240x388,360x582,480x776,540x873,640x1035,720x1164,1080x1746,1280x2069,1440x2328,1458x2357&from=bu&cs=1458x0",,,2023-10-10 13:36:48,58.007715,56.233883,58.00819896273859,56.23476395501453,74.76219782182167,synagogue,529827517,,,,,,,True,False,,,,,,,,True,False,,,,,
456239119,-178934461,261323484,,,"https://sun9-14.userapi.com/s/v1/ig1/rLDyPiigLWbNrCM69-3iRGrtt_UrhtAumbqheftsnvd1-nhTLMRl9zGly5DHNQ9gD2fw4FyE.jpg?quality=96&as=32x43,48x64,72x96,108x144,160x213,240x320,360x480,480x640,540x720,640x853,720x960&from=bu&cs=720x0",,,2019-03-20 12:21:19,58.007953,56.234213,58.00819896273859,56.23476395501453,42.44396950282924,synagogue,-178934461,,,,,,,True,False,,,,,,,,True,False,,,,,
457261208,91875183,305287651,,,"https://sun9-30.userapi.com/s/v1/ig2/-pOKGtxYbFxQDrLZnGl6vGHuB77EjfFG_Dld-4y-pjtTPED3EYAN-F3xTFr3PTmHsHm_tSBiI3LpDw16rR9foWq3.jpg?quality=95&as=32x32,48x48,72x72,108x108,160x160,240x240,360x360,480x480,540x540,640x640,720x720,1080x1080,1280x1280,1440x1440,1560x1560&from=bu&cs=1560x0",,,2024-05-19 19:20:32,58.008002,56.23461,58.00819896273859,56.23476395501453,23.704925923656436,synagogue,91875183,,,,,,,True,True,,,,,,,,True,True,,False,,,
456239059,-75252175,-7,,,"https://sun9-43.userapi.com/s/v1/ig1/PoTmFSQcm5MBExMSWtmXHrGzqcLOCs2666ZLSA9qcxvjiDwEqMhM_n-QfL3dk0HdqAMx4NsS.jpg?quality=96&as=32x43,48x64,72x96,108x144,160x213,240x320,360x480,480x640,540x720,640x853,720x960&from=bu&cs=720x0",,,2016-11-11 18:18:34,58.007835,56.235852,58.00819896273859,56.23476395501453,75.80525105688913,synagogue,-75252175,,,,,,,True,False,,,,,,,,True,False,,,,,
457239265,-214801568,-7,,,"https://sun9-83.userapi.com/s/v1/ig2/xktzd9UbhJBE1O3UCiW7nfUVki_fs-l3wmZAWD_tkO2EcO1ZvYgsaWuCW4dekOnLNgtVr5IO1Sl5odwdcmn_Fg9h.jpg?quality=95&as=32x43,48x64,72x96,108x144,160x214,240x321,360x481,480x642,540x722,640x855,720x962,1080x1444,1197x1600&from=bu&cs=1197x0",,,2022-10-23 06:51:11,58.00831,56.234622,58.00819896273859,56.23476395501453,14.91232142906437,synagogue,-214801568,,,,,,,True,True,,,,,,,,True,False,,,,,
457257149,-170690865,-7,,,"https://sun9-43.userapi.com/s/v1/ig2/R20tIl4L8Iot7H-_P7YZTg4DjwFEsDoYAC4H6Y3va7U1_9EKcD_AGbCxq5PYS84lWH1yAoIDF1V4rXV8hnQz-kdW.jpg?quality=95&as=32x43,48x64,72x96,108x144,160x213,240x320,360x480,480x640,540x720,640x853,720x960,1080x1440,1280x1707,1398x1864&from=bu&cs=1398x0",,,2023-05-10 15:20:13,58.007715,56.234399,58.00819896273859,56.23476395501453,57.95011791683787,synagogue,-170690865,,,,,,,True,False,,,,,,,,True,False,,,,,
457256941,-170690865,-7,,,"https://sun9-47.userapi.com/s/v1/ig2/ZoAm1Ue6-bcHq51BcT9MaQSFvzGLbZAC6Ul3wecO8WBUyDJR3kigM0_ChlkFM2e0_Rpj4RR_QZ9_YwFWfVvmARPQ.jpg?quality=95&as=32x43,48x64,72x96,108x144,160x213,240x320,360x480,480x640,540x720,640x853,720x960,1080x1440,1280x1707,1398x1864&from=bu&cs=1398x0",,,2023-04-27 11:27:58,58.007722,56.234505,58.00819896273859,56.23476395501453,55.186284082187015,synagogue,-170690865,,,,,,,True,False,,,,,,,,True,False,,,,,
456244203,336556242,-7,,,"https://sun9-78.userapi.com/s/v1/ig1/biw-a7knRfnpzuVJaXVsDPBXlZPZ1UkHE5NvGlbiTIzfxziYPFwDnkjLxZp1kvap-crE7r_3.jpg?quality=96&as=32x43,48x64,72x97,108x145,160x215,240x322,360x483,480x644,540x724,640x858,716x960&from=bu&cs=716x0",,,2018-02-28 19:28:48,58.008016,56.234993,58.00819896273859,56.23476395501453,24.41245746986248,synagogue,336556242,,,,,,,True,True,,,,,,,,True,False,,,,,
457250996,261660768,-7,,,"https://sun9-37.userapi.com/s/v1/ig2/zJgAhyB0to2oWrEQydssndsPSH3f6uWiD7phCkoeR-gkyYAcuXTfoRRy6VVfvdvNsAuy0b9G4UfKjY5EoRRuqkHo.jpg?quality=96&as=32x43,48x64,72x96,108x144,160x214,240x320,360x481,480x641,540x721,640x855,720x961,1080x1442,1280x1709,1342x1792&from=bu&cs=1342x0",,,2020-10-15 20:20:58,58.00824,56.234424,58.00819896273859,56.23476395501453,20.54029894477927,synagogue,261660768,,,,,,,True,False,,,,,,,,True,False,,,,,
456239047,-167098860,-7,,,"https://sun9-54.userapi.com/s/v1/ig1/YcgtzOUMrxLzdPDzvlChmDJjVJPRW6fZV_hHPaLlZ4RRqWsU0eMRq4KNUvEHoudIRyPLSUjg.jpg?quality=96&as=32x32,48x48,72x72,108x108,160x160,240x240,360x360,480x480,540x540,640x640,720x720,960x960&from=bu&cs=960x0",,,2018-06-01 17:19:33,58.007835,56.235681,58.00819896273859,56.23476395501453,67.50182802548635,synagogue,-167098860,,,,,,,True,False,,,,,,,,True,False,,,,,
457252871,-170690865,-7,,,"https://sun9-76.userapi.com/s/v1/ig2/U8iDODZwQf7e7yM5OZWSJJRIdPjkB6gCEbJ14_GMhrAFNSDsevsM5HhNptkQgLeddV3w-42pu8XwBpTFwKQYQM7J.jpg?quality=95&as=32x43,48x64,72x96,108x144,160x213,240x320,360x480,480x640,540x720,640x853,720x960,1080x1440,1280x1707,1344x1792&from=bu&cs=1344x0",,,2022-08-09 11:33:22,58.007799,56.234293,58.00819896273859,56.23476395501453,52.41830941546784,synagogue,-170690865,,,,,,,True,False,,,,,,,,True,False,,,,,
457256520,-170690865,-7,,,"https://sun9-70.userapi.com/s/v1/ig2/zTtmXqHhuZEVWY11rbsw0h8P5Mp0EhsCvHSDJz0wrVQnmQ46FdlPPe98V9ST4NS1_gjGsgH7A-msmeJNPIrUr9br.jpg?quality=95&as=32x43,48x64,72x96,108x144,160x214,240x320,360x481,480x641,540x721,640x855,720x961,1080x1442,1280x1709,1342x1792&from=bu&cs=1342x0",,,2023-04-07 18:39:15,58.007806,56.234399,58.00819896273859,56.23476395501453,48.698462152861765,synagogue,-170690865,,,,,,,True,False,,,,,,,,True,False,,,,,
457253132,-170690865,-7,,,"https://sun9-14.userapi.com/s/v1/ig2/lsTZnpdhR8yyN3GCmh_JzKzOKHqOsXHsR5eIEziBWTYyRx6UCcQsIDJUZHSR74XnSDzDP3f4EqeKaGT4G_2SvfnI.jpg?quality=95&as=32x43,48x64,72x96,108x144,160x214,240x320,360x481,480x641,540x721,640x855,720x961,1080x1442,1280x1709,1342x1792&from=bu&cs=1342x0",,,2022-08-23 15:14:18,58.007995,56.234504,58.00819896273859,56.23476395501453,27.36586051718784,synagogue,-170690865,,,,,,,True,False,,,,,,,,True,False,,,,,
457246866,-170690865,-7,,,"https://sun9-45.userapi.com/s/v1/ig2/Q3FuY9b3EnTgUSBFEvb8tPOih2FH7wZJQWz9_MZ_ElvlcnLadv5qEHZpaMAEfHtHGH9Cwfxu1SrKUWcig-cFYWEH.jpg?quality=96&as=32x43,48x64,72x96,108x144,160x214,240x320,360x481,480x641,540x721,640x855,720x961,1080x1442,1280x1709,1342x1792&from=bu&cs=1342x0",,,2022-04-26 12:36:21,58.00775,56.234584,58.00819896273859,56.23476395501453,51.03560417989899,synagogue,-170690865,,,,,,,True,False,,,,,,,,True,False,,,,,
457240423,-179988268,-7,,,"https://sun9-61.userapi.com/s/v1/ig1/mWl7Llo2CkWaHwwb9beEPIaS0ykCkIzyCJYwzbP3P9Ckvs4ZJ7cdaQxe-KzrO6eNjoPymsKV.jpg?quality=96&as=32x43,48x64,72x96,108x144,160x213,240x320,360x480,480x640,540x720,640x853,720x960,1080x1440,1280x1707,1440x1920,1620x2160&from=bu&cs=1620x0",,,2020-07-12 11:02:13,58.007961,56.23535,58.00819896273859,56.23476395501453,43.49812682803051,synagogue,-179988268,,,,,,,True,False,,,,,,,,True,False,,,,,
457259873,237883497,-7,,,"https://sun9-70.userapi.com/s/v1/ig2/qFvk7h64bTJxrmLXxhw2KVNOZe_c_tfZlAjyq7rKLlOJxD1-0LI2my1xb_UD-abt-AgkeS-jR7V1oq-p3_jtOFjs.jpg?quality=95&as=32x57,48x85,72x128,108x192,160x284,240x427,360x640,480x853,540x960,640x1138,720x1280,900x1600&from=bu&cs=900x0",,,2022-11-14 16:50:50,58.008198,56.234992,58.00819896273859,56.23476395501453,13.434748137224169,synagogue,237883497,,,,,,,True,False,,,,,,,,True,False,,,,,
457245587,-170690865,-7,,,"https://sun9-55.userapi.com/s/v1/ig2/Y2Hn0tNXIhUWLmRXiCRFgAUMdcB-fDy4Xmpoz5DzCFhKNoxXUGwbuvdrBiHd8U06tuvfhSd0I2weUjb3MOnIc6pZ.jpg?quality=96&as=32x43,48x64,72x96,108x144,160x213,240x320,360x480,480x640,540x720,640x853,720x960,1080x1440,1280x1707,1344x1792&from=bu&cs=1344x0",,,2022-04-18 09:57:37,58.007841,56.234412,58.00819896273859,56.23476395501453,44.88018947431314,synagogue,-170690865,,,,,,,True,False,,,,,,,,True,False,,,,,
456240466,172696607,-7,,,"https://sun9-45.userapi.com/s/v1/ig1/d6Aamj1-sVm4aVyN5qaUFEOP_a1SsulxDa5BTL-FCGAXaYPHRzsR8Kz2LtsM2k7aVLOYvVjF.jpg?quality=96&as=32x40,48x60,72x90,108x135,160x200,240x300,360x450,480x600,540x675,640x800,720x900,1002x1253&from=bu&cs=1002x0",,,2017-12-03 03:44:57,58.0078,56.235839,58.00819896273859,56.23476395501453,77.32402621441274,synagogue,172696607,,,,,,,True,False,,,,,,,,True,False,,,,,
457246004,-170690865,-7,,,"https://sun9-70.userapi.com/s/v1/ig2/flQAmD5SUIdYL_v8EWQgWrHO4kLBiK3AGWqfpmLGjjhZ-vlNoUbfi3V5wmB5QMOhQ7xNPgNERfr1ajnMk-iepmA2.jpg?quality=96&as=32x43,48x64,72x96,108x144,160x214,240x320,360x481,480x641,540x721,640x855,720x961,1080x1442,1280x1709,1342x1792&from=bu&cs=1342x0",,,2022-04-20 12:20:45,58.007925,56.234306,58.00819896273859,56.23476395501453,40.69221560747798,synagogue,-170690865,,,,,,,True,False,,,,,,,,True,False,,,,,
457274467,-7165191,255926010,,,"https://sun9-68.userapi.com/s/v1/ig2/aGd7Ux81-AA9CjDiotO5nQ9ovhJv8AYUNDnLc8REnP5q7jtJywNNdKLKjWtRkvNWBVxyX9nSUhKSrRs47Jafsd-9.jpg?quality=96&as=32x40,48x60,72x90,108x135,160x200,240x301,360x451,480x601,540x677,640x802,720x902,1080x1353,1280x1604,1296x1624&from=bu&cs=1296x0",,,2021-08-06 08:48:18,58.007793,56.235733,58.00819896273859,56.23476395501453,72.77843806531625,synagogue,301828947,,,,,,"Жакет
Цена 1999р
Размер 44

Шорты
Цена 999р
По размеру лучше уточнять

Топ
Цена 799р
Размер 44",True,False,,,,,,,,True,True,,False,,,
457245786,-194619161,-7,,,"https://sun9-79.userapi.com/s/v1/ig2/GjA-AJgbFrEsMagWKQ-te5i4jETT1VSqKkB2YbFBJtN_hjBWS8PQOzz2Uf-PiMhqALDMPLqvX-T1uYqfVWGfer7j.jpg?quality=95&as=32x43,48x64,72x96,108x144,160x213,240x320,360x480,480x640,540x720,640x853,720x960,1080x1440,1280x1707,1440x1920,1920x2560&from=bu&cs=1920x0",,,2024-11-14 09:55:57,58.007813,56.23502,58.00819896273859,56.23476395501453,45.490675569552515,synagogue,-194619161,,,,,,,True,False,,,,,,,,True,False,,,,,
457257450,-170690865,-7,,,"https://sun9-78.userapi.com/s/v1/ig2/QjZI1LEtOG48DH9s7ZohkjcJmPjj_0ACd8YVtZ3jETmM6halBEINc1879A_TvGaayUNOTOlVIroAKXF7O9cAu1CP.jpg?quality=95&as=32x43,48x64,72x96,108x144,160x213,240x320,360x480,480x640,540x720,640x853,720x960,1080x1440,1280x1707,1398x1864&from=bu&cs=1398x0",,,2023-06-01 17:31:32,58.007918,56.2342,58.00819896273859,56.23476395501453,45.605044690392624,synagogue,-170690865,,,,,,,True,False,,,,,,,,True,False,,,,,
457255977,-170690865,-7,,,"https://sun9-26.userapi.com/s/v1/ig2/3U3emPa4P9vfNk4eYs3uGZNXn6kt-DNK7-zANCK7ivlAnimD1jSYTa72WkvXuj4uV7mStWbCpcJ2b2c5IrkDi_bw.jpg?quality=95&as=32x43,48x64,72x96,108x144,160x214,240x320,360x481,480x641,540x721,640x855,720x961,1080x1442,1280x1709,1342x1792&from=bu&cs=1342x0",,,2023-02-28 13:21:24,58.007904,56.234504,58.00819896273859,56.23476395501453,36.19748746981516,synagogue,-170690865,,,,,,,True,False,,,,,,,,True,False,,,,,
457244987,-194619161,-7,,,"https://sun9-64.userapi.com/s/v1/ig2/42iARCo1LCVj7wfrgHw1mvx6t4WaWGblR6DDeggN6Iz0LPyUlLrlPmZLEn41JLbFem1irIstd-l9unOqzoyqkjgE.jpg?quality=95&as=32x39,48x59,72x88,108x132,160x196,240x294,360x440,480x587,540x660,640x783,720x881,1080x1321,1280x1566,1440x1761,2093x2560&from=bu&cs=2093x0",,,2024-05-22 10:53:07,58.008017,56.235508,58.00819896273859,56.23476395501453,48.2770062583902,synagogue,-194619161,,,,,,,True,False,,,,,,,,True,False,,,,,
457245722,-170690865,-7,,,"https://sun9-11.userapi.com/s/v1/ig2/coGQ5G9YAl2v5dMyfZ980EaWrLPbJR9UQh_tZZLyZz1hC7Cz2kmDClGle_bq8FhY8itrH3BzdnL4C-Rk_ps5NH7P.jpg?quality=96&as=32x43,48x64,72x96,108x144,160x214,240x320,360x481,480x641,540x721,640x855,720x961,1080x1442,1280x1709,1342x1792&from=bu&cs=1342x0",,,2022-04-19 12:34:30,58.007988,56.23457,58.00819896273859,56.23476395501453,26.092768484933966,synagogue,-170690865,,,,,,,True,False,,,,,,,,True,False,,,,,
456239068,526416871,-7,,,"https://sun9-50.userapi.com/s/v1/ig2/_Ng-C7r1ZH7TdygvlqpPk56sJ0Ui3zZiqoO_puZh_QCO9NlZbLKFgqK_hlYLPHPfkb03r-w5jezhsc9JzfLYA_V7.jpg?quality=96&as=32x43,48x64,72x96,108x144,160x213,240x320,360x480,480x640,540x720,640x853,720x960&from=bu&cs=720x0",,,2019-01-14 19:52:33,58.00782,56.234438,58.00819896273859,56.23476395501453,46.30771521577833,synagogue,526416871,,,,,,,True,False,,,,,,,,True,False,,,,,
457256638,-170690865,-7,,,"https://sun9-33.userapi.com/s/v1/ig2/YPCmK0w78qVzQQntUXJgTK21OnDqTXemdsOSM-73D_RkoRR9O-midrwHMAWqblAtwMKp6wvb47yLn3n2bIzVAV8W.jpg?quality=95&as=32x43,48x64,72x96,108x144,160x214,240x320,360x481,480x641,540x721,640x855,720x961,1080x1442,1280x1709,1342x1792&from=bu&cs=1342x0",,,2023-04-14 16:21:14,58.007715,56.234399,58.00819896273859,56.23476395501453,57.95011791683787,synagogue,-170690865,,,,,,,True,False,,,,,,,,True,False,,,,,
457292198,22007981,158014259,,,"https://sun9-27.userapi.com/s/v1/ig2/OIHGW5BDIhbxaBFYuoEY7Kqg526O8OVq2UX_R3dxIqkVXMwHpf9Wt76n96-YVyZMtlyy6rc4vALfPyzELBButNTU.jpg?quality=95&as=32x43,48x64,72x96,108x144,160x213,240x320,360x480,480x640,540x720,640x853,720x960,1080x1440,1280x1707,1440x1920,1620x2160&from=bu&cs=1620x0",,,2022-06-02 14:19:23,58.00838,56.23482,58.00819896273859,56.23476395501453,20.3993846813716,synagogue,22007981,,,,,,,True,True,,,,,,,,True,False,,,,,
457256676,-170690865,-7,,,"https://sun9-40.userapi.com/s/v1/ig2/hos4p3yf7Q6TylPF8scBkf90rqsr6_RJF49emWJhbumImvwKoS_tq9Ifljs1ToYDcRXnCHuaf5MZ2_126XQZ1DJh.jpg?quality=95&as=32x43,48x64,72x96,108x144,160x214,240x320,360x481,480x641,540x721,640x855,720x961,1080x1442,1280x1709,1342x1792&from=bu&cs=1342x0",,,2023-04-15 11:36:45,58.007722,56.234505,58.00819896273859,56.23476395501453,55.186284082187015,synagogue,-170690865,,,,,,,True,False,,,,,,,,True,False,,,,,
457246848,-170690865,-7,,,"https://sun9-84.userapi.com/s/v1/ig2/X0aDZfLzHyRRxbRpoXLCoL3ufV9o04BdstgUHMRKxX_0wQ-N4PueK71JXvOPxYwIlMfreGz0WpfrWMYfQVzMYspP.jpg?quality=96&as=32x43,48x64,72x96,108x144,160x214,240x320,360x481,480x641,540x721,640x855,720x961,1080x1442,1280x1709,1342x1792&from=bu&cs=1342x0",,,2022-04-26 11:45:05,58.007932,56.234412,58.00819896273859,56.23476395501453,36.20903112804482,synagogue,-170690865,,,,,,,True,False,,,,,,,,True,False,,,,,
457244639,-194619161,-7,,,"https://sun9-53.userapi.com/s/v1/ig2/Ca1TGnpnY2MukAwIAfGGNbQYIrcSonTg7DdyyILXupiOASVtuOA4d1UjFmbuHS8Y1hcXMkKm9npJ2xXzy44ph1k9.jpg?quality=95&as=32x43,48x64,72x96,108x144,160x213,240x320,360x480,480x640,540x720,640x853,720x960,1080x1440,1280x1707,1440x1920,1920x2560&from=bu&cs=1920x0",,,2024-03-04 08:34:30,58.00801,56.235403,58.00819896273859,56.23476395501453,43.11346849991991,synagogue,-194619161,,,,,,,True,False,,,,,,,,True,True,,False,,,
457245811,-170690865,-7,,,"https://sun9-52.userapi.com/s/v1/ig2/b24dkIvaqemzS5mYNUaleenCkRAk27pAjcybpEec5FtGsGyvzbTeb-vOGGu__-MShUEKo6irKqWBrse_cMG15L8I.jpg?quality=96&as=32x43,48x64,72x96,108x144,160x214,240x320,360x481,480x641,540x721,640x855,720x961,1080x1442,1280x1709,1342x1792&from=bu&cs=1342x0",,,2022-04-19 14:39:34,58.007708,56.234465,58.00819896273859,56.23476395501453,57.363090362346654,synagogue,-170690865,,,,,,,True,False,,,,,,,,True,False,,,,,
457255292,-170690865,-7,,,"https://sun9-32.userapi.com/s/v1/ig2/QzITWeiJghlv7n9bedOjbKdNpgQwsh3pKIu3eEWRNxT3fZ6MH2e4wVpbVoNb5aKSo2tvg7zKSC0YDRen4NHMSr7n.jpg?quality=95&as=32x43,48x64,72x96,108x144,160x213,240x320,360x480,480x640,540x720,640x853,720x960,1080x1440,1280x1707,1344x1792&from=bu&cs=1344x0",,,2023-01-11 12:22:51,58.007722,56.234505,58.00819896273859,56.23476395501453,55.186284082187015,synagogue,-170690865,,,,,,,True,False,,,,,,,,True,False,,,,,
457257272,-170690865,-7,,,"https://sun9-85.userapi.com/s/v1/ig2/NFsHJnxqCyuheUJdr8Dx8F9r4XsD3YMMc8fQDcPyJ7glFjoXEN7J5_jR33NcOYuY4xNaFxdB0s_uQReq6xnnVlAm.jpg?quality=95&as=32x43,48x64,72x96,108x144,160x213,240x320,360x480,480x640,540x720,640x853,720x960,1080x1440,1280x1707,1398x1864&from=bu&cs=1398x0",,,2023-05-21 14:28:28,58.007904,56.234332,58.00819896273859,56.23476395501453,41.51239618653149,synagogue,-170690865,,,,,,,True,False,,,,,,,,True,False,,,,,
457242409,-194619161,-7,,,"https://sun9-49.userapi.com/s/v1/ig2/okL3CiA7V5Q9-G4NiCDRz_PHEBDujAHPedMwKfTOt-oNdUi_qE-8sdHXZKwUTBf-fMUfrKkXtwdpgFCGbK82lbRw.jpg?quality=95&as=32x43,48x64,72x96,108x144,160x213,240x320,360x480,480x640,540x720,640x853,720x960,1080x1440,1280x1707,1440x1920,1920x2560&from=bu&cs=1920x0",,,2023-01-30 08:06:42,58.007723,56.235707,58.00819896273859,56.23476395501453,76.72991767250984,synagogue,-194619161,,,,,,,True,False,,,,,,,,True,False,,,,,
297310620,156435057,-7,,,"https://sun9-69.userapi.com/s/v1/if2/wSMqfG4Y0NzyhkATZN4F4K9vrvyjdIsjza_qEtGl0sefEauoLrpDo20D1HeZylicKB6jdvFg3LN7iazAlhQ-EDN5.jpg?quality=96&as=32x24,48x36,72x54,108x81,160x120,240x180,360x270,480x360,540x405,640x480,720x540,1080x810,1280x960&from=bu&cs=1280x0",,,2013-02-07 07:33:59,58.007848,56.234517,58.00819896273859,56.23476395501453,41.648866276533354,synagogue,156435057,,,,,,,True,False,,,,,,,,True,False,,,,,
457255263,-170690865,-7,,,"https://sun9-27.userapi.com/s/v1/ig2/IWSzd2BDEBgvb0blqhKkupvSJyP-IG3CR5rRBm9E8B07fCieo5wfizp8WVMHy1GTZi3J3DS9kvmnibd1JqjmoYqY.jpg?quality=95&as=32x43,48x64,72x96,108x144,160x213,240x320,360x480,480x640,540x720,640x853,720x960,1080x1440,1280x1707,1344x1792&from=bu&cs=1344x0",,,2023-01-10 12:35:50,58.007813,56.234504,58.00819896273859,56.23476395501453,45.567571879464026,synagogue,-170690865,,,,,,,True,False,,,,,,,,True,False,,,,,
456239021,442732862,-6,6.0,https://vk.com/wall442732862_6,"https://sun9-26.userapi.com/s/v1/ig1/uz5ZkCglUwLScm5x_9voiKHbnwzChL8HUi2f9UnVtzbLNpAUJ8DK1Xp2-KbB3qShwXC7UQkC.jpg?quality=96&as=32x57,48x85,72x128,108x192,160x285,240x427,360x641,480x855,540x962,640x1140,720x1282,1080x1923,1213x2160&from=bu&cs=1213x0",,,2017-08-16 17:47:11,58.007827,56.234372,58.00819896273859,56.23476395501453,47.369317249528805,synagogue,442732862,,,,,,,True,False,,,,,,,,True,False,,,,,
366108642,-79518989,-7,,,"https://sun9-67.userapi.com/s/v1/ig1/QGaHyKolck6RbsbJGhMMw7ilRgaIPIktkwlh--bdbKWUNgs2UjxpRgWqJQThISCbzxcCRdM5.jpg?quality=96&as=32x56,48x83,72x125,108x188,160x278,240x417,360x626,480x834,540x938,640x1112,720x1251,820x1425&from=bu&cs=820x0",,,2015-05-17 14:47:11,58.007856,56.23531,58.00819896273859,56.23476395501453,49.891091144939615,synagogue,-79518989,,,,,,,True,False,,,,,,,,True,False,,,,,
309770586,97847485,-7,,,"https://sun9-8.userapi.com/s/v1/ig2/zOBjYCe4WTXOW-fzD2VSfFqw_drvrdVQ7BgpUd3y8GknvtXBvbUHM5Yjg0hvVgdMOWWj-aEz_1_9pmOh8A840W3P.jpg?quality=96&as=32x43,48x64,72x97,108x145,160x215,240x322,360x483,480x644,540x724,640x858,716x960&from=bu&cs=716x0",,,2013-07-25 18:38:39,58.008017,56.235508,58.00819896273859,56.23476395501453,48.2770062583902,synagogue,97847485,,,,,,,True,False,,,,,,,,True,False,,,,,
457239716,699236340,-7,,,"https://sun9-19.userapi.com/s/v1/ig2/-n2h7MwuVuNihyV5QzZccs0Ag1Cmk2PrVwLCT8l9qL8FFpj7czdhkx_o9geYnDCAKIvnx1usGLHAAMIiQD7Dxk2N.jpg?quality=95&as=32x43,48x64,72x96,108x144,160x213,240x320,360x480,480x640,540x720,640x853,720x960,1080x1440,1266x1688&from=bu&cs=1266x0",,,2022-06-14 17:54:20,58.008003,56.235297,58.00819896273859,56.23476395501453,38.22179769044088,synagogue,699236340,,,,,,,True,False,,,,,,,,True,False,,,,,
456240103,261660768,-7,,,"https://sun9-70.userapi.com/s/v1/ig1/OjJepIMmPKQ7L9khlQjT5G_sV25AHBUmnwY4_xA73m13rKwPEYBIoiC3EWGmltx_ktPi-p9U.jpg?quality=96&as=32x40,48x60,72x90,108x135,160x200,240x300,360x450,480x600,540x675,640x800,720x900,768x960&from=bu&cs=768x0",,,2017-03-11 06:33:02,58.007863,56.23576,58.00819896273859,56.23476395501453,69.56071928475221,synagogue,261660768,,,,,,,True,False,,,,,,,,True,False,,,,,
456239085,462682696,-7,172.0,https://vk.com/wall462682696_172,"https://sun9-52.userapi.com/s/v1/ig1/1RL1CwIlW_-MqlfwZwbGwcYJAVX_R5Za_aVBJhDTsl7-z5iJ-KUMbGhD3ZhYPGqCWScAS3fN.jpg?quality=96&as=32x57,48x85,72x128,108x192,160x284,240x427,360x640,480x853,540x960,585x1040&from=bu&cs=585x0","https://sun9-8.userapi.com/s/v1/ig1/RWYwZI0kDHHiPkWGm5R2lf3Lvv3zxX3HGYQUt2KaXGC9RfuTowI-U5AI0EvajR59IHb4J6B6.jpg?quality=96&as=32x32,48x48,72x72,108x108,160x160,240x240,360x360,480x480,540x540,640x640,720x720,960x960&from=bu&cs=960x0",,2018-05-26 11:43:01,58.007939,56.235204,58.00819896273859,56.23476395501453,38.82803715775623,synagogue,462682696,,,,,,,True,False,,,,,,,,True,False,,,,,
457250025,-170690865,-7,,,"https://sun9-85.userapi.com/s/v1/ig2/4yvFNZ9BOx_3xtfgYHXX4vpmn39MTnCGgo2HfY9s4AR1wnNXyBSzkuS0MpkcDLRn2plfhdqcq8lpsSxSx-9-LROG.jpg?quality=96&as=32x43,48x64,72x96,108x144,160x214,240x320,360x481,480x641,540x721,640x855,720x961,1080x1442,1280x1709,1342x1792&from=bu&cs=1342x0",,,2022-05-24 12:26:43,58.00796,56.234319,58.00819896273859,56.23476395501453,37.32493098674273,synagogue,-170690865,,,,,,,True,False,,,,,,,,True,False,,,,,
457253768,-170690865,-7,,,"https://sun9-67.userapi.com/s/v1/ig2/OGfkjhkf_UMaWKzuw8tKYY1Lg4k_3uZ9AxYmAEvgyr_8j98Ckbcnuf3ZWItEDJ7KYjHPdQnvjd0F64Nm71dufq0e.jpg?quality=95&as=32x43,48x64,72x96,108x144,160x213,240x320,360x480,480x640,540x720,640x853,720x960,1080x1440,1280x1707,1344x1792&from=bu&cs=1344x0",,,2022-09-27 09:21:07,58.007813,56.234504,58.00819896273859,56.23476395501453,45.567571879464026,synagogue,-170690865,,,,,,,True,False,,,,,,,,True,False,,,,,
456239938,293857322,-7,1153.0,https://vk.com/wall293857322_1153,"https://sun9-46.userapi.com/s/v1/ig1/jW5ZW2peWCyAMCVlyj6l5aQlhLiqR6so8n-2Ek-9l7uUoURLoA4om27xN5-3P-PzFuY6A-05.jpg?quality=96&as=32x43,48x64,72x97,108x145,160x215,240x322,360x483,480x644,540x724,640x858,716x960&from=bu&cs=716x0",,,2017-04-08 13:32:13,58.007897,56.235086,58.00819896273859,56.23476395501453,38.56596930828616,synagogue,293857322,,,,,,,True,False,,,,,,,,True,False,,,,,
457239968,-179988268,-7,,,"https://sun9-24.userapi.com/s/v1/ig1/JywJ3dkD9bc556_kuks7vpVsk-AQaVSk2ppUao6Nv7C60_Rf_xQ16Tz5rYfcrPj8F57Ektct.jpg?quality=96&as=32x43,48x64,72x96,108x144,160x213,240x320,360x480,480x640,540x720,640x853,720x960,1080x1440,1280x1707,1440x1920,1620x2160&from=bu&cs=1620x0",,,2019-10-16 18:31:55,58.007946,56.234451,58.00819896273859,56.23476395501453,33.631814399293866,synagogue,-179988268,,,,,,,True,False,,,,,,,,True,False,,,,,
457246003,-170690865,-7,,,"https://sun9-9.userapi.com/s/v1/ig2/RgyHmeFrpFGc8Ki3yx7En5puKQrVdH4N2aDdQ0pyzjn6OJhtOuo4o6FKDH3msvE3QoV-qGjRZunB6S1NQTGRvjyo.jpg?quality=96&as=32x43,48x64,72x96,108x144,160x214,240x320,360x481,480x641,540x721,640x855,720x961,1080x1442,1280x1709,1342x1792&from=bu&cs=1342x0",,,2022-04-20 12:20:45,58.007911,56.234782,58.00819896273859,56.23476395501453,32.037637117550986,synagogue,-170690865,,,,,,,True,False,,,,,,,,True,False,,,,,
457246322,214926871,180853454,,,"https://sun9-58.userapi.com/s/v1/ig1/ICEHfVK5A4avvsAG6mmoY96vWtMq2zzEuAwO1QI5gkbxsVuBrXAUbI1XUH8m9dkt-dz4BKZn.jpg?quality=96&as=32x43,48x64,72x96,108x144,160x213,240x320,360x480,480x640,540x720,640x853,720x960,1080x1440,1280x1707,1344x1792&from=bu&cs=1344x0",,,2019-11-14 17:44:23,58.007743,56.234994,58.00819896273859,56.23476395501453,52.480742096971795,synagogue,214926871,,,,,,,True,False,,,,,,,,True,False,,,,,
456239262,-224628741,-7,,,"https://sun9-66.userapi.com/s/v1/ig2/VwwRj2J5LV5FJGtRZDi-B5uH-qkqR_P8N_fp141v5mLa1KSaU2NPRVeulmQKGREnQBivPmjAUBPjcVDfrIFbPbvd.jpg?quality=95&as=32x41,48x61,72x92,108x138,160x204,240x306,360x459,480x612,540x689,640x816,720x918,1080x1378,1280x1633,1440x1837,2007x2560&from=bu&cs=2007x0",,,2024-03-21 16:05:48,58.007695,56.2358,58.00819896273859,56.23476395501453,82.8583389920959,synagogue,-224628741,,,,,,,True,False,,,,,,,,True,False,,,,,
456239127,-75252175,-7,,,"https://sun9-63.userapi.com/s/v1/ig1/As8lob4X9IvWRlBPoXUktgJo1aQYNkZ3f9ufB9j59JMdf9g4_qbT013abvg9JcfLG0Nthwdg.jpg?quality=96&as=32x32,48x48,72x72,108x108,160x160,240x240,360x360,480x480,540x540,640x640,720x720,960x960&from=bu&cs=960x0",,,2016-12-02 19:05:49,58.007898,56.235601,58.00819896273859,56.23476395501453,59.59479050290016,synagogue,-75252175,,,,,,,True,False,,,,,,,,True,False,,,,,
457245798,-194619161,-7,,,"https://sun9-88.userapi.com/s/v1/ig2/Kgr8dGk3eqxXJxl3gfnZFYOQEPpwtH8aXVKP-39EpPglhFGDSedyrV8g1TWHca1cdsGfaXBpNYeDlcMIO2ZJ8EWm.jpg?quality=95&as=32x43,48x64,72x96,108x144,160x213,240x320,360x480,480x640,540x720,640x853,720x960,1080x1440,1280x1707,1440x1920,1920x2560&from=bu&cs=1920x0",,,2024-11-18 08:06:22,58.008205,56.234926,58.00819896273859,56.23476395501453,9.56978033944169,synagogue,-194619161,,,,,,,True,True,,,,,,,,True,False,,,,,
456241315,199304685,-7,,,"https://sun9-87.userapi.com/s/v1/ig2/OyA3arH-srhi6Gzf647WepK168tOPs37Pu2TpmodJts9HUcf0_kL8-6YtiQeRu6tX4sPWmMi_k4AOQaFr1V4gd5C.jpg?quality=96&as=32x43,48x64,72x97,108x145,160x215,240x322,360x483,480x644,540x724,640x858,716x960&from=bu&cs=716x0",,,2018-05-25 17:43:49,58.008003,56.23564,58.00819896273859,56.23476395501453,56.02020469157079,synagogue,199304685,,,,,,,True,False,,,,,,,,True,False,,,,,
457254907,12955766,-7,,,"https://sun9-82.userapi.com/s/v1/ig2/0TIKqB8XRZvPYjXFh9puYMp-S2uPCjPxGQDDZcKlx_sfDiRfhHdw0LkMS_1iwIq_C8GYjVauroEPR6SU97S4bnQ1.jpg?quality=95&as=32x43,48x64,72x96,108x144,160x213,240x320,360x480,480x640,540x720,640x853,720x960,1080x1440,1266x1688&from=bu&cs=1266x0",,,2022-06-05 13:56:55,58.008107,56.234993,58.00819896273859,56.23476395501453,16.930285459496016,synagogue,12955766,,,,,,,True,True,,,,,,,,True,False,,,,,
401656997,261660768,-7,,,"https://sun9-18.userapi.com/s/v1/ig1/lUDEoYl_DcNfZ0BP8fzGWnesmnxZ2noipOd_0Q_rCligw_nFhsEYMZGNyDrDTFEmo9T73zuf.jpg?quality=96&as=32x40,48x60,72x90,108x135,160x200,240x300,360x451,480x601,540x676,640x801,720x901,767x960&from=bu&cs=767x0",,,2016-02-17 04:36:15,58.007891,56.235839,58.00819896273859,56.23476395501453,71.9971941060956,synagogue,261660768,,,,,,,True,False,,,,,,,,True,False,,,,,
456239025,544828323,-7,,,"https://sun9-36.userapi.com/s/v1/ig1/NE9jwvYOJIhqJO6g_bgnRqcxEaXC_Ot19SwJesAeDuccY14gy1sXLn13cCbOewdkKNQJVVr_.jpg?quality=96&as=32x43,48x64,72x96,108x145,160x214,240x321,360x482,480x643,540x723,640x857,720x964,968x1296&from=bu&cs=968x0",,,2019-05-15 03:48:22,58.007644,56.233685,58.00819896273859,56.23476395501453,88.5901500942971,synagogue,544828323,,,,,,,True,False,,,,,,,,True,False,,,,,
457239135,-224558018,-7,,,"https://sun9-75.userapi.com/s/v1/ig2/_MBNha7a1KhZC0J4fINUjrESdRX6HM22FCpmKWHKAoYWzhKwEgZx0CkJ7MRiXKi1PjxNU9V81vc0b87ySKlBBSbk.jpg?quality=95&as=32x43,48x64,72x96,108x144,160x213,240x320,360x480,480x640,540x720,640x853,720x960,1080x1440,1280x1707,1440x1920,1920x2560&from=bu&cs=1920x0",,,2024-05-21 18:30:37,58.008317,56.2349,58.00819896273859,56.23476395501453,15.37861529780568,synagogue,-224558018,,,,,,,True,True,,,,,,,,True,False,,,,,
457242372,-194619161,-7,,,"https://sun9-48.userapi.com/s/v1/ig2/_F8BrhucnDxamVBN_usbUByQ4fwxUaEUZVKIggiMeNYqwW1n6bGBS6N5-jnHTjHab9lHGJsdxeNpWIr3u6rJvC4o.jpg?quality=95&as=32x43,48x64,72x96,108x144,160x213,240x320,360x480,480x640,540x720,640x853,720x960,1080x1440,1280x1707,1440x1920,1920x2560&from=bu&cs=1920x0",,,2023-01-28 07:22:03,58.007723,56.235707,58.00819896273859,56.23476395501453,76.72991767250984,synagogue,-194619161,,,,,,,True,False,,,,,,,,True,False,,,,,
456239240,240379326,-7,,,"https://sun9-29.userapi.com/s/v1/if1/krXzWgHcM7wGovhkJxp7zOc7WjoR839Q1HopsOS3ALqMqzC2GD15Xy2Dh5jQpJXT0-odX8VA.jpg?quality=96&as=32x24,48x36,72x54,108x81,160x120,240x180,360x270,480x360,540x405,640x480,720x540,960x720&from=bu&cs=960x0",,,2017-01-29 09:06:48,58.007939,56.235204,58.00819896273859,56.23476395501453,38.82803715775623,synagogue,240379326,,,,,,,True,False,,,,,,,,True,False,,,,,
457251825,-170690865,-7,,,"https://sun9-4.userapi.com/s/v1/ig2/oIePFkkx57dlnj2Inaem0i69aIG4xysbKsK0RPS2nBrm5VXTMGFPvH3-647q9eFoA6XzwdfTSe_Rt8dOLCms_r1o.jpg?quality=95&as=32x43,48x64,72x96,108x144,160x214,240x320,360x481,480x641,540x721,640x855,720x961,1080x1442,1280x1709,1342x1792&from=bu&cs=1342x0",,,2022-06-17 10:01:08,58.007799,56.234293,58.00819896273859,56.23476395501453,52.41830941546784,synagogue,-170690865,,,,,,,True,False,,,,,,,,True,False,,,,,
457256486,-170690865,-7,,,"https://sun9-24.userapi.com/s/v1/ig2/_ClXh56d38OuACANiMmSThLqxJTvUJYh6ttqfuMlQ__YyUT2CwmRyDcWHudbwAKUQeobalU1hLtKV-7MEzYRx4XZ.jpg?quality=95&as=32x43,48x64,72x96,108x144,160x214,240x320,360x481,480x641,540x721,640x855,720x961,1080x1442,1280x1709,1342x1792&from=bu&cs=1342x0",,,2023-04-03 17:04:34,58.007813,56.234504,58.00819896273859,56.23476395501453,45.567571879464026,synagogue,-170690865,,,,,,,True,False,,,,,,,,True,False,,,,,
457257223,-170690865,-7,,,"https://sun9-64.userapi.com/s/v1/ig2/u9sA7jyteuF7nBM7AEq0ssdroE0epkixG0eiSqOplTZ8-UiNFzJBZI6W0yC2SWZVKYzUIKO6xlj26Q7xWIyEB7dy.jpg?quality=95&as=32x43,48x64,72x96,108x144,160x213,240x320,360x480,480x640,540x720,640x853,720x960,1080x1440,1280x1707,1398x1864&from=bu&cs=1398x0",,,2023-05-18 15:34:23,58.007715,56.234399,58.00819896273859,56.23476395501453,57.95011791683787,synagogue,-170690865,,,,,,,True,False,,,,,,,,True,False,,,,,
457243473,-45599649,-7,12188.0,https://vk.com/wall-45599649_12188,"https://sun9-27.userapi.com/s/v1/if2/4C3XhPkJh62V69haKNOi5w2r4FEHnXPsUzNcnlh41HqB4tE80Y8TmxWiXJ_RUcJwKTVpL96avt47no9zySDcVnzL.jpg?quality=96&as=32x24,48x36,72x54,108x81,160x120,240x180,360x270,480x360,540x405,640x480,720x540,1080x810,1280x960,1440x1080,1837x1378&from=bu&cs=1837x0",,,2023-12-24 13:16:29,58.00773,56.235813,58.00819896273859,56.23476395501453,80.86123393239784,synagogue,-45599649,,,,,,,True,False,,,,,,,,True,False,,,,,
457256482,-170690865,-7,,,"https://sun9-1.userapi.com/s/v1/ig2/CyDKoUQFN-YEW88d89ViaLWQX3j_ylTWDHBsiTUV8rMrhm0isTjzoxUwPUtcp_44E8b3LW5Ri1wA47iafvbzpwjs.jpg?quality=95&as=32x43,48x64,72x96,108x144,160x214,240x320,360x481,480x641,540x721,640x855,720x961,1080x1442,1280x1709,1342x1792&from=bu&cs=1342x0",,,2023-04-03 16:54:49,58.007722,56.234505,58.00819896273859,56.23476395501453,55.186284082187015,synagogue,-170690865,,,,,,,True,False,,,,,,,,True,False,,,,,
457257329,-170690865,-7,,,"https://sun9-48.userapi.com/s/v1/ig2/ks0qTxBpeljAmgV4z4RAlqo_fVs4-44sI88NZijE9EmgtHGx4fWRB2X2PUB1GG5ToagyznXmKXJs9fzbufGeGflR.jpg?quality=95&as=32x43,48x64,72x96,108x144,160x213,240x320,360x480,480x640,540x720,640x853,720x960,1080x1440,1280x1707,1398x1864&from=bu&cs=1398x0",,,2023-05-24 17:10:44,58.007799,56.234293,58.00819896273859,56.23476395501453,52.41830941546784,synagogue,-170690865,,,,,,,True,False,,,,,,,,True,False,,,,,
457240759,63064211,-7,,,"https://sun9-39.userapi.com/s/v1/ig2/S1INRRtpLdV6cEs6aU1Oz1-HISaF5FJ0bpqluJXROHACFZ5UrGB4HBZHSVa_f1PEXTpGhBiqIZLEDpZd_BKKzJ1C.jpg?quality=95&as=32x43,48x64,72x96,108x144,160x213,240x320,360x480,480x640,540x720,640x853,720x960,1080x1440,1266x1688&from=bu&cs=1266x0",,,2022-09-08 12:54:25,58.0081,56.234887,58.00819896273859,56.23476395501453,13.17706229634948,synagogue,63064211,,,,,,,True,True,,,,,,,,True,False,,,,,
457245726,-170690865,-7,,,"https://sun9-62.userapi.com/s/v1/ig2/fqOFx5zXdjhRxCg486BycwyAFslQUCQ-NkysGeVR-lRkPZ1nHkAKCgOQjBQXnX8MNKFvrTyrxD-L1scb9UwAfmzt.jpg?quality=96&as=32x43,48x64,72x96,108x144,160x214,240x320,360x481,480x641,540x721,640x855,720x961,1080x1442,1280x1709,1342x1792&from=bu&cs=1342x0",,,2022-04-19 12:36:13,58.008002,56.234438,58.00819896273859,56.23476395501453,29.127217293097633,synagogue,-170690865,,,,,,,True,False,,,,,,,,True,False,,,,,
457254571,-170690865,-7,,,"https://sun9-35.userapi.com/s/v1/ig2/UahreiaIPB_NDLGQiHFWlpZIstq6Vwp_7DnjsKckbMx9SrpqIa3D1Vxef6s9bn5GyuApXrR4VYudG1DZGVEsYM3c.jpg?quality=95&as=32x43,48x64,72x96,108x144,160x213,240x320,360x480,480x640,540x720,640x853,720x960,1080x1440,1280x1707,1344x1792&from=bu&cs=1344x0",,,2022-11-17 12:27:06,58.007897,56.234398,58.00819896273859,56.23476395501453,39.902113118787824,synagogue,-170690865,,,,,,,True,False,,,,,,,,True,False,,,,,
294322681,183550616,-7,178.0,https://vk.com/wall183550616_178,"https://sun9-61.userapi.com/s/v1/ig2/xitffPchuDu9MhLaDBB3teli2OKzvniymNDSSBZJ2s3p5E5EcURpd8mH-NDZSpPomSnCNjICwHKhSTMDkDckzJtc.jpg?quality=96&as=32x43,48x64,72x96,108x145,160x214,240x321,360x482,480x643,540x723,640x857,720x964,1080x1446,1280x1714,1434x1920&from=bu&cs=1434x0",,,2013-01-01 17:26:04,58.007834,56.234993,58.00819896273859,56.23476395501453,42.766438936428706,synagogue,183550616,,,,,,,True,False,,,,,,,,True,False,,,,,
457256075,-170690865,-7,,,"https://sun9-77.userapi.com/s/v1/ig2/F4TxI62zJG75MNpIJU0I6zKZp-0yIbR7fqxE0D3q8r0PI7HNOUVzpNhr0IKDiW9DtcJofrsLsXzmCIM2hP8AXezN.jpg?quality=95&as=32x43,48x64,72x96,108x144,160x214,240x320,360x481,480x641,540x721,640x855,720x961,1080x1442,1280x1709,1342x1792&from=bu&cs=1342x0",,,2023-03-08 12:24:40,58.007722,56.234505,58.00819896273859,56.23476395501453,55.186284082187015,synagogue,-170690865,,,,,,,True,False,,,,,,,,True,False,,,,,
457240709,-194619161,-7,,,"https://sun9-70.userapi.com/s/v1/ig2/wEkECHVde_L_fsvSKkFxgD-q_jpHaArm5gjWkCHNvOJQl_3m0d8Lq8hhcrWEjdi_J3xxxqmAOpfiMgdEdUErFgsO.jpg?quality=95&as=32x43,48x64,72x96,108x144,160x213,240x320,360x480,480x640,540x721,640x854,720x961,1080x1441,1280x1708,1388x1852&from=bu&cs=1388x0",,,2022-07-21 09:51:00,58.007806,56.234914,58.00819896273859,56.23476395501453,44.580569031556806,synagogue,-194619161,,,,,,,True,False,,,,,,,,True,False,,,,,
410824750,-115520718,-7,,,"https://sun9-74.userapi.com/s/v1/if1/IAl-H5dZk_buZQe0e5a4AUZKvK3jUTvzjROjG2LILOjKT_noxtQZfHdK0OLIb9Y28byNbQ.jpg?quality=96&as=32x24,48x36,72x54,108x81,160x120,240x180,360x270,480x360,540x405,640x480,720x540,960x720&from=bu&cs=960x0",,,2016-05-17 13:11:23,58.007729,56.234782,58.00819896273859,56.23476395501453,52.268283741751546,synagogue,-115520718,,,,,,,True,False,,,,,,,,True,False,,,,,
457253817,-170690865,-7,,,"https://sun9-1.userapi.com/s/v1/ig2/9A13hcYkDxwwVVkt-5O-37GpDBlVSUXJ3fxRR-u0OgqUTKtf2Z4juM-gYOf3y0yyWiwXPoxo2MtXBctUYBSDbWV1.jpg?quality=95&as=32x43,48x64,72x96,108x144,160x213,240x320,360x480,480x640,540x720,640x853,720x960,1080x1440,1280x1707,1344x1792&from=bu&cs=1344x0",,,2022-10-01 10:27:17,58.007722,56.234505,58.00819896273859,56.23476395501453,55.186284082187015,synagogue,-170690865,,,,,,,True,False,,,,,,,,True,False,,,,,
457254190,-170690865,-7,,,"https://sun9-17.userapi.com/s/v1/ig2/g9EEDRXbI1Qpkg4jYc2pKgfblJTPspueSjBnCblRnmtHhxaEb3d85-CcEvmPVss7xXRe20tfOHK4oZd1oaCf0s7u.jpg?quality=95&as=32x43,48x64,72x96,108x144,160x213,240x320,360x480,480x640,540x720,640x853,720x960,1080x1440,1280x1707,1344x1792&from=bu&cs=1344x0",,,2022-10-26 10:35:42,58.007904,56.234504,58.00819896273859,56.23476395501453,36.19748746981516,synagogue,-170690865,,,,,,,True,False,,,,,,,,True,False,,,,,
457239864,-151869011,-7,594.0,https://vk.com/wall-151869011_594,"https://sun9-4.userapi.com/s/v1/ig1/ckqSe9mc6LR0OpNpJEw2yWDP6zTzIJbKMU_ksQhW6KavglntfAzETpuy9rVN_NuoyFD9N6Oo.jpg?quality=96&as=32x32,48x48,72x72,108x108,160x160,240x240,360x360,480x480,540x540,640x640,720x720,999x999&from=bu&cs=999x0","https://sun9-58.userapi.com/s/v1/ig1/zEHQVslHf7CDOKh8n1GbY6FZ9AwL6oN3d73e5CI9mk9yESYRpx-Ksy0hT8Bo_M-qzHicHvFi.jpg?quality=96&as=32x40,48x60,72x90,108x135,160x200,240x300,360x450,480x600,540x675,640x800,720x900,768x960&from=bu&cs=768x0",,2019-11-27 20:42:01,58.008457,56.234437,58.00819896273859,56.23476395501453,34.55787490958539,synagogue,-151869011,,,,,,,True,True,,,,,,,,True,False,,,,,
457244165,33433452,299189383,,,"https://sun9-14.userapi.com/s/v1/if2/MDW94UHKW-b8KCNi03Gn52W1z3zE2P9Kz68jfOX_GiIK2jxlBwF0RCh2fIXnF3wJUbRZpRuIhyNs2JAMXdnOseAC.jpg?quality=96&as=32x24,48x36,72x54,108x81,160x120,240x180,360x270,480x360,540x405,640x480,720x540,1080x810,1280x960,1440x1080,2560x1920&from=bu&cs=2560x0",,,2020-03-23 17:36:58,58.008107,56.234649,58.00819896273859,56.23476395501453,12.264916938799782,synagogue,33433452,,,,,,,True,True,,,,,,,,True,False,,,,,
424621846,146799340,-7,593.0,https://vk.com/wall146799340_593,"https://sun9-43.userapi.com/s/v1/if1/Vp4wWkSnyr9aydfmLQriXv8He2Snq94gXnOilF2g7e5peMgWEwnu5njkOBZ08ruC5Q710C6z.jpg?quality=96&as=32x24,48x36,72x54,108x81,160x120,240x180,360x270,480x360,540x405,640x480,720x540,960x720&from=bu&cs=960x0",,,2016-07-12 17:57:31,58.007814,56.235707,58.00819896273859,56.23476395501453,70.13415773561634,synagogue,146799340,,,,,,,True,False,,,,,,,,True,True,,False,,,
457239136,-225765287,-7,,,"https://sun9-52.userapi.com/s/v1/ig2/YymaLQUYz2tf6lSuKBTNh5axmB0b6RC8zs5L2GI5bW74JmO2yYoeJTWWTzboPdYquoKw24wd45VWceXQx604w6sA.jpg?quality=95&as=32x43,48x64,72x96,108x144,160x213,240x320,360x480,480x640,540x720,640x853,720x960,1080x1440,1280x1707,1440x1920,1920x2560&from=bu&cs=1920x0",,,2024-07-06 12:08:40,58.007912,56.235297,58.00819896273859,56.23476395501453,44.76910842408243,synagogue,-225765287,,,,,,,True,False,,,,,,,,True,False,,,,,
457240694,-194619161,-7,,,"https://sun9-80.userapi.com/s/v1/ig2/_apEI6VWAJpXQEQB0LiWBhGVhHmaIoXHkXUr7Igbs1wzsQlSmLgaPwQFC7BO2ImLGVjzQ9Uxzh93nvAaxoVOSck7.jpg?quality=95&as=32x43,48x64,72x96,108x144,160x213,240x320,360x480,480x640,540x721,640x854,720x961,1080x1441,1280x1708,1388x1852&from=bu&cs=1388x0",,,2022-07-17 09:10:42,58.007813,56.23502,58.00819896273859,56.23476395501453,45.490675569552515,synagogue,-194619161,,,,,,,True,False,,,,,,,,True,False,,,,,
457250954,261660768,-7,,,"https://sun9-59.userapi.com/s/v1/ig2/4OIPRaoU0zJ8xx7jqqSIlSU02F8nLkkEEsw8we6Y054v3BC_mHPndUXFFYBdkIUh6KKC45H04f3wRxyjtk9M49cz.jpg?quality=96&as=32x43,48x64,72x96,108x144,160x214,240x320,360x481,480x641,540x721,640x855,720x961,1080x1442,1280x1709,1342x1792&from=bu&cs=1342x0",,,2020-09-28 20:15:32,58.007912,56.235984,58.00819896273859,56.23476395501453,78.63883718955343,synagogue,261660768,,,,,,,True,False,,,,,,,,True,False,,,,,
457244109,223090379,-6,4164.0,https://vk.com/wall223090379_4164,"https://sun9-74.userapi.com/s/v1/ig2/oV7GFyimlBPJtfqkb3NUBnhUl7Ebk8BVHbrXzqcicK1tv2wQS8RHu0Wg2czDAH9Jm0AMvZZ3FpLc2-I7PbUvLUT4.jpg?quality=95&as=32x43,48x64,72x96,108x144,160x213,240x320,360x480,480x640,540x720,640x853,720x960,1080x1440,1280x1707,1440x1920,1920x2560&from=bu&cs=1920x0",,,2024-12-15 16:40:46,58.00801,56.235574,58.00819896273859,56.23476395501453,52.141565843646546,synagogue,223090379,,,,,,,True,False,,,,,,,,True,False,,,,,
457245829,-170690865,-7,,,"https://sun9-64.userapi.com/s/v1/ig2/f8JlUK10myD0RpI8WbhBsQm3ag4etrmRDbmGtMZ1qr_mgo7flSg_Vc6IEbTdaN-8DiMTYfpb8Q0HV4Gtj-w43wJh.jpg?quality=96&as=32x43,48x64,72x96,108x144,160x214,240x320,360x481,480x641,540x721,640x855,720x961,1080x1442,1280x1709,1342x1792&from=bu&cs=1342x0",,,2022-04-19 14:49:14,58.007904,56.234504,58.00819896273859,56.23476395501453,36.19748746981516,synagogue,-170690865,,,,,,,True,False,,,,,,,,True,False,,,,,
457255375,-170690865,-7,,,"https://sun9-40.userapi.com/s/v1/ig2/dG9jnsGHRz6rfm1s_X-Iwi7pKVhOBOTUQBtQvcRjsfBfnP6KXXrAbAid4Fo4BW-Nz5VBX0_QY1lI1e6JMpGUV6zK.jpg?quality=95&as=32x43,48x64,72x96,108x144,160x213,240x320,360x480,480x640,540x720,640x853,720x960,1080x1440,1280x1707,1344x1792&from=bu&cs=1344x0",,,2023-01-18 12:43:46,58.007897,56.234398,58.00819896273859,56.23476395501453,39.902113118787824,synagogue,-170690865,,,,,,,True,False,,,,,,,,True,False,,,,,
456243470,261660768,-7,,,"https://sun9-28.userapi.com/s/v1/ig2/GznGojOYwDVD6I0vHu52qkk1qcTUhWPEuDg2HkbD2lO3tHogQqZcl0hw-z2_J5pmBeD1ki0se4iA3WACr1WA9SJE.jpg?quality=96&as=32x40,48x60,72x90,108x135,160x200,240x300,360x450,480x600,540x675,640x800,720x900,768x960&from=bu&cs=768x0",,,2018-04-23 13:43:48,58.007709,56.235668,58.00819896273859,56.23476395501453,76.1884396593527,synagogue,261660768,,,,,,,True,False,,,,,,,,True,False,,,,,
457253737,-170690865,-7,,,"https://sun9-36.userapi.com/s/v1/ig2/sALNAKKTWaQgmDZtUE-oopTWtDCtGiUmrN7kvLoI9DHNdgALO3FkXgGXZpDPNLecJa4StehT4lKXZjF7esEJQI0l.jpg?quality=95&as=32x43,48x64,72x96,108x144,160x213,240x320,360x480,480x640,540x720,640x853,720x960,1080x1440,1280x1707,1344x1792&from=bu&cs=1344x0",,,2022-09-24 12:41:30,58.007806,56.234399,58.00819896273859,56.23476395501453,48.698462152861765,synagogue,-170690865,,,,,,,True,False,,,,,,,,True,False,,,,,
457277641,-184864215,-7,,,"https://sun9-78.userapi.com/s/v1/ig2/bSPZpftAiouGpgzxeYCYCQsyL6Op4vnLfL5gK3Jd9QkP_l6rJUOlths4mxMPJNUQm-uWz9nG2be7COZU5wEKKjjD.jpg?quality=95&as=32x43,48x64,72x96,108x144,160x213,240x320,360x480,480x640,540x720,640x853,720x960,1080x1440,1280x1707,1440x1920,1920x2560&from=bu&cs=1920x0",,,2023-10-05 06:28:48,58.008198,56.234992,58.00819896273859,56.23476395501453,13.434748137224169,synagogue,-184864215,,,,,,,True,False,,,,,,,,True,False,,,,,
396628018,261660768,-7,4339.0,https://vk.com/wall261660768_4339,"https://sun9-7.userapi.com/s/v1/ig1/dkc2xujqrIQ3ITBf5pR-KrPELgVSJMJ9EjbAzu5Y_DhSsLFwyoSbyEq4xZEWCcdnPSaIkA.jpg?quality=96&as=32x43,48x64,72x96,108x144,160x213,240x320,360x480,480x640,540x720,640x853,720x960&from=bu&cs=720x0",,,2016-01-14 08:42:40,58.00801,56.23609,58.00819896273859,56.23476395501453,80.89506559941739,synagogue,261660768,,,,,,,True,False,,,,,,,,True,False,,,,,
456244544,261660768,-7,,,"https://sun9-81.userapi.com/s/v1/ig2/Z0T6bgFglLYZpbp_y-BJ6vHEdol4vh1xli5hh7lKBktY9AAPNtk9PblLxUengXnCkRQnVQ4Bv1JDMlh1bLtgayQT.jpg?quality=96&as=32x40,48x60,72x90,108x135,160x199,240x299,360x449,480x598,540x673,640x798,720x898,770x960&from=bu&cs=770x0",,,2018-09-05 19:53:20,58.007975,56.235561,58.00819896273859,56.23476395501453,53.150094407545986,synagogue,261660768,,,,,,,True,False,,,,,,,,True,False,,,,,
457255470,-170690865,-7,,,"https://sun9-59.userapi.com/s/v1/ig2/y6bb_ijrquyDi0YgGmT5p2qHwwdmRONsdgSbVwvQncWg7pgFr5T7-aRyBHvUKbRAIo29YKCOgOOj_V2RD9RtH6EZ.jpg?quality=95&as=32x43,48x64,72x96,108x144,160x213,240x320,360x480,480x640,540x720,640x853,720x960,1080x1440,1280x1707,1344x1792&from=bu&cs=1344x0",,,2023-01-22 13:25:18,58.007904,56.234504,58.00819896273859,56.23476395501453,36.19748746981516,synagogue,-170690865,,,,,,,True,False,,,,,,,,True,False,,,,,
369385156,277750442,-7,,,"https://sun9-69.userapi.com/s/v1/ig1/aynGJfmq7VRnfeCN14_CBI0QuABckwq5GMkly1SQNDKYrsacjhJeC1nt740IVyjN54vQSHC4.jpg?quality=96&as=32x35,48x52,72x78,108x117,160x173,240x259,360x389,480x519,540x584,640x692,720x778,888x960&from=bu&cs=888x0",,,2015-05-29 16:01:21,58.007981,56.235152,58.00819896273859,56.23476395501453,33.31645277407271,synagogue,277750442,,,,,,Сын Данил.,True,False,,,,,,,,True,False,,,,,
456239054,-75252175,-7,,,"https://sun9-81.userapi.com/s/v1/ig1/BFucwkksvFw0DfM1EbjI6HHCIuAvqHvrJfaBk4Qjc9FcrUNNhuOBQdF2d3bND-Bg1qA0c54i.jpg?quality=96&as=32x32,48x48,72x72,108x108,160x160,240x240,360x360,480x480,540x540,640x640,720x720,960x960&from=bu&cs=960x0",,,2016-11-11 15:43:18,58.007835,56.235681,58.00819896273859,56.23476395501453,67.50182802548635,synagogue,-75252175,,,,,,,True,False,,,,,,,,True,False,,,,,
457250852,261660768,-7,,,"https://sun9-68.userapi.com/s/v1/ig2/BTr_4vK4sixJpk_V0aDtLxDtWHtkakM0hDQZnck2au5D4WL7EGoT78QsD7GJe_U0b48KmneXJQoC9tbVu3ab-W8L.jpg?quality=96&as=32x43,48x64,72x96,108x144,160x214,240x320,360x481,480x641,540x721,640x855,720x961,1080x1442,1280x1709,1342x1792&from=bu&cs=1342x0",,,2020-08-29 08:48:56,58.007666,56.234346,58.00819896273859,56.23476395501453,64.17421389547752,synagogue,261660768,,,,,,,True,False,,,,,,,,True,False,,,,,
456239164,-151869011,-7,142.0,https://vk.com/wall-151869011_142,"https://sun9-7.userapi.com/s/v1/if1/6QSMJLtfBbyzfqV9j1K5T0ZQbCqiSOITe6q2VzspHAc7vEovUeedB0EtB4oYlwuJAoKSlJvl.jpg?quality=96&as=32x24,48x36,72x54,108x81,160x120,240x180,360x270,480x360,540x405,640x480,720x540,1080x810,1280x960,1440x1080,2160x1620&from=bu&cs=2160x0",,markonthemap;myword;отмечаемнакарте,2018-01-06 20:19:36,58.008408,56.234384,58.00819896273859,56.23476395501453,32.26910039354387,synagogue,-151869011,,,,,,"Кто откуда? Все с России, но с разных ГОРОДОВ. #отмечаемнакарте #markonthemap #myword",True,False,,,,,,,,True,False,,,,,
456247242,192767690,246644270,,,"https://sun9-49.userapi.com/s/v1/if1/YsWNLfiINwiGiBcelkIVl2MTfaiR9zwoNvF-0i0qt1l1V2B5doeouswQHuTRGTmGF80etFfl.jpg?quality=96&as=32x19,48x29,72x43,108x65,160x96,240x144,360x215,480x287,540x323,640x383,690x413&from=bu&cs=690x0",,,2017-08-11 06:55:41,58.007933,56.235614,58.00819896273859,56.23476395501453,58.1576739170479,synagogue,192767690,,,,,,екатерининская/красноуфимская,True,False,,,,,,,,True,True,,False,,,
456239253,-75252175,-7,179.0,https://vk.com/wall-75252175_179,"https://sun9-23.userapi.com/s/v1/ig1/ydM1ol4eeBKarObL3Hykd4haEEd53-czQsM_6Tk3iGu0SOSEgwgVQTIe0VLUFUwPjG_J0AQO.jpg?quality=96&as=32x32,48x48,72x72,108x108,160x160,240x240,360x360,480x480,540x540,640x640,720x720,960x960&from=bu&cs=960x0","https://sun9-42.userapi.com/s/v1/if2/PjqVehaX0MmJ6cFjhM9kI0wXO303oKJrvOIDaDcoxfnwPYtcRoHTnL_0rRIko7CWzu_K6MWvdVPnP87aBmGzubcI.jpg?quality=96&as=32x24,48x36,72x54,108x81,160x120,240x180,360x270,480x360,540x405,640x480,720x540,1080x810,1280x960&from=bu&cs=1280x0",,2017-01-06 05:13:14,58.007898,56.235773,58.00819896273859,56.23476395501453,68.21673755887079,synagogue,-75252175,,,,,,,True,False,,,,,,,,True,False,,,,,
457253417,-170690865,-7,,,"https://sun9-47.userapi.com/s/v1/ig2/PHiRTHxktfcIAst-uqDeeLUjKuEFeF6jqhK1_eg91nyC0D0Q3gjzi3rwdlfBg_euP8PrjtzEo2Ae_yKLQqmkEycq.jpg?quality=95&as=32x43,48x64,72x96,108x144,160x213,240x320,360x480,480x640,540x720,640x853,720x960,1080x1440,1280x1707,1344x1792&from=bu&cs=1344x0",,,2022-09-06 14:01:36,58.007799,56.234293,58.00819896273859,56.23476395501453,52.41830941546784,synagogue,-170690865,,,,,,,True,False,,,,,,,,True,False,,,,,
457257025,-170690865,-7,,,"https://sun9-84.userapi.com/s/v1/ig2/wpwqTm6OGTrqZ1hrsEHHmeVU_5RwQKbpU0s7NhdyDpniYkJViSH0m8qcNsD_C-FuB_M_4VDr1Xr6ZuEISPAc3iSn.jpg?quality=95&as=32x43,48x64,72x96,108x144,160x213,240x320,360x480,480x640,540x720,640x853,720x960,1080x1440,1280x1707,1398x1864&from=bu&cs=1398x0",,,2023-05-02 14:23:30,58.007715,56.234399,58.00819896273859,56.23476395501453,57.95011791683787,synagogue,-170690865,,,,,,,True,False,,,,,,,,True,False,,,,,
457257164,-170690865,-7,,,"https://sun9-16.userapi.com/s/v1/ig2/lhWecSQnXDz-TA2Br5iuX_krydwxscXGUVq_MBsVXY59k8fMVo_Hc1XX4Rj5qdpXozaSJzQUG21vy2sUAFjUKv2U.jpg?quality=95&as=32x43,48x64,72x96,108x144,160x213,240x320,360x480,480x640,540x720,640x853,720x960,1080x1440,1280x1707,1398x1864&from=bu&cs=1398x0",,,2023-05-11 16:46:33,58.00782,56.23461,58.00819896273859,56.23476395501453,43.10373252508328,synagogue,-170690865,,,,,,,True,False,,,,,,,,True,False,,,,,
457255978,-170690865,-7,,,"https://sun9-87.userapi.com/s/v1/ig2/rDyzyBuLHAN3Syk-nKCHY0QagSyMP13psP_vT75T9TSkgLj7sMAfl_ja8QQSTLqU5keVDRRfb-WxEhFNKqmkJFwx.jpg?quality=95&as=32x43,48x64,72x96,108x144,160x214,240x320,360x481,480x641,540x721,640x855,720x961,1080x1442,1280x1709,1342x1792&from=bu&cs=1342x0",,,2023-02-28 13:21:24,58.007813,56.234504,58.00819896273859,56.23476395501453,45.567571879464026,synagogue,-170690865,,,,,,,True,False,,,,,,,,True,False,,,,,
457239623,-139376495,-7,,,"https://sun9-30.userapi.com/s/v1/ig2/NkLNuGmQb6x5aR5M4iVYKrucWKujK2ME3-HDR4GFZPaU2JCWalBC7N-XnZ-vI3jsQXH6xLrIVR1Q2ZtSuqKbqBXc.jpg?quality=95&as=32x43,48x64,72x96,108x144,160x213,240x320,360x480,480x640,540x720,640x853,720x960,1080x1440,1280x1707,1440x1920&from=bu&cs=1440x0",,,2022-11-16 08:45:39,58.007701,56.234703,58.00819896273859,56.23476395501453,55.48724836944938,synagogue,-139376495,,,,,,,True,False,,,,,,,,True,False,,,,,
457252869,-170690865,-7,,,"https://sun9-55.userapi.com/s/v1/ig2/oRp6pPLF8gxQn_8LIakOFILbhn10QPvsWx1JoYBkE_K9Pzbh4Ie1s7pUQF-xDslBuNzA81ozOdvnBGinNzn_w7tX.jpg?quality=95&as=32x43,48x64,72x96,108x144,160x213,240x320,360x480,480x640,540x720,640x853,720x960,1080x1440,1280x1707,1344x1792&from=bu&cs=1344x0",,,2022-08-09 11:28:51,58.007799,56.234293,58.00819896273859,56.23476395501453,52.41830941546784,synagogue,-170690865,,,,,,,True,False,,,,,,,,True,False,,,,,
457256012,-170690865,-7,,,"https://sun9-71.userapi.com/s/v1/ig2/8wuEcCNKjbAklsqAibzkODBERtwXy5RTN2jCaX30AFNxF-gau3bnEuac8HHvdbRX1eJ_7_E7ZR_sZJ0ZgkWjEDr1.jpg?quality=95&as=32x43,48x64,72x96,108x144,160x213,240x320,360x480,480x640,540x720,640x853,720x960,1080x1440,1280x1707,1344x1792&from=bu&cs=1344x0",,,2023-03-03 13:54:07,58.007799,56.234293,58.00819896273859,56.23476395501453,52.41830941546784,synagogue,-170690865,,,,,,,True,False,,,,,,,,True,False,,,,,
457250796,261660768,-7,,,"https://sun9-74.userapi.com/s/v1/ig2/JJyy5uxqvbCpUJ139AfQ_T4Xndpjmv6hogzvvQvgmXhFqwMsNC9t63tEyt1p585DieVSouczYiy8iBMaesaHRJdN.jpg?quality=96&as=32x43,48x64,72x96,108x144,160x214,240x320,360x481,480x641,540x721,640x855,720x961,1080x1442,1280x1709,1342x1792&from=bu&cs=1342x0",,,2020-08-21 06:19:30,58.007996,56.23605,58.00819896273859,56.23476395501453,79.05216913219736,synagogue,261660768,,,,,,,True,False,,,,,,,,True,False,,,,,
337338008,239286065,200807322,,,"https://sun9-56.userapi.com/s/v1/ig2/CQZp15wpLLaCBEDAgbBLJa0lByGjRpTbyjH218BdivsxwZY3l7EESNXQ1MPIWT9I0Qv1VREfJBsSNwgNSLsiFZVA.jpg?quality=96&as=32x43,48x64,72x96,108x144,160x213,240x320,360x480,480x640,540x720,640x853,720x960&from=bu&cs=720x0",,,2014-08-23 09:36:45,58.007673,56.234108,58.00819896273859,56.23476395501453,70.09790476285052,synagogue,239286065,,,,,,,True,False,,,,,,,,True,False,,,,,
457257493,-170690865,-7,,,"https://sun9-12.userapi.com/s/v1/ig2/SfGPe2FZgV8RDaMHRsySwD5EvrYBc2UaPaeqitSn6xKjKQPsRhNQOAT3cqw_CvBMGC-PdElVI3P-KTAfVfpUG5TQ.jpg?quality=95&as=32x43,48x64,72x96,108x144,160x213,240x320,360x480,480x640,540x720,640x853,720x960,1080x1440,1280x1707,1398x1864&from=bu&cs=1398x0",,,2023-06-04 17:54:24,58.007715,56.234399,58.00819896273859,56.23476395501453,57.95011791683787,synagogue,-170690865,,,,,,,True,False,,,,,,,,True,False,,,,,
457245784,-194619161,-7,,,"https://sun9-63.userapi.com/s/v1/ig2/IVbE1YfTPOb0sfmdygUaJpVCob4CwFDtruSEips8_1tsCtJT_nD3xPjCut_YliT4NFQeDBAZO5NRaToGlXboUxDq.jpg?quality=95&as=32x43,48x64,72x96,108x144,160x213,240x320,360x480,480x640,540x720,640x853,720x960,1080x1440,1280x1707,1440x1920,1920x2560&from=bu&cs=1920x0",,,2024-11-14 09:55:57,58.007813,56.23502,58.00819896273859,56.23476395501453,45.490675569552515,synagogue,-194619161,,,,,,,True,False,,,,,,,,True,False,,,,,
457257539,-170690865,-7,,,"https://sun9-68.userapi.com/s/v1/ig2/S1GuHcR7Htgt-s96eUh0jlhl07txRcojYuar-z_tVTjW6h8RVeL6r-seBzXR5leTj-v9nL7opONJMMZnSSXD9Q8a.jpg?quality=95&as=32x43,48x64,72x96,108x144,160x213,240x320,360x480,480x640,540x720,640x853,720x960,1080x1440,1280x1707,1398x1864&from=bu&cs=1398x0",,,2023-06-07 16:58:20,58.007806,56.234399,58.00819896273859,56.23476395501453,48.698462152861765,synagogue,-170690865,,,,,,,True,False,,,,,,,,True,False,,,,,
457250924,261660768,-7,,,"https://sun9-35.userapi.com/s/v1/ig2/BzmQA-M_h91zcGB6CM0gOJSB4N1PYmjf0_gVfUN9ia77rctEvbE2KH5rsFuOQKLYVGpp0bkpSTvEeJ_3RFoGeLFM.jpg?quality=96&as=32x43,48x64,72x96,108x144,160x214,240x320,360x481,480x641,540x721,640x855,720x961,1080x1442,1280x1709,1342x1792&from=bu&cs=1342x0",,,2020-09-10 18:12:59,58.008017,56.236024,58.00819896273859,56.23476395501453,76.93864000118182,synagogue,261660768,,,,,,,True,False,,,,,,,,True,False,,,,,
457277640,-184864215,-7,,,"https://sun9-80.userapi.com/s/v1/ig2/qRItAz9jtj-70iAJ_GRjmjTZQrry2kM3XgmIxxC-Ileh2edhkBzixN5N-Albf8QMlPzs3clDEMyGrG42zsy-6L31.jpg?quality=95&as=32x43,48x64,72x96,108x144,160x213,240x320,360x480,480x640,540x720,640x853,720x960,1080x1440,1280x1707,1440x1920,1920x2560&from=bu&cs=1920x0",,,2023-10-05 06:28:48,58.008198,56.234992,58.00819896273859,56.23476395501453,13.434748137224169,synagogue,-184864215,,,,,,,True,False,,,,,,,,True,False,,,,,
457255600,-170690865,-7,,,"https://sun9-30.userapi.com/s/v1/ig2/IMLVunpwQy8mrvrNGIZMYqkerST_qv2XWjn08qZncQUNdN6wcs9s3HxoExhN_tOmvGz-vE6cGFheqk3PloZls-ye.jpg?quality=95&as=32x43,48x64,72x96,108x144,160x213,240x320,360x480,480x640,540x720,640x853,720x960,1080x1440,1280x1707,1344x1792&from=bu&cs=1344x0",,,2023-02-03 14:26:54,58.007918,56.2342,58.00819896273859,56.23476395501453,45.605044690392624,synagogue,-170690865,,,,,,,True,False,,,,,,,,True,False,,,,,
456247243,192767690,246644270,,,"https://sun9-13.userapi.com/s/v1/if1/1lErPZYqC2452IhHti4KHbdd2eRK9QgT5JGOyW3JdBgkBF3l2kqrTtyA5zCspNoRuvEgu602.jpg?quality=96&as=32x20,48x30,72x45,108x67,160x100,240x150,360x225,480x300,540x337,640x400,690x431&from=bu&cs=690x0",,,2017-08-11 06:55:42,58.007933,56.235614,58.00819896273859,56.23476395501453,58.1576739170479,synagogue,192767690,,,,,,екатерининская/красноуфимская,True,False,,,,,,,,True,False,,,,,
457254256,-170690865,-7,,,"https://sun9-25.userapi.com/s/v1/ig2/tJSZTQ3MBQaGVGWiOV_v8pReel-qLThyhKDOywqTHEE-KoPyzVp4nzkJ_AkEhqbxxotgKidqCtfUHE45HwrTXp70.jpg?quality=95&as=32x43,48x64,72x96,108x144,160x213,240x320,360x480,480x640,540x720,640x853,720x960,1080x1440,1280x1707,1344x1792&from=bu&cs=1344x0",,,2022-10-28 13:22:29,58.007904,56.234504,58.00819896273859,56.23476395501453,36.19748746981516,synagogue,-170690865,,,,,,,True,False,,,,,,,,True,False,,,,,
457239386,550720149,-7,,,"https://sun9-35.userapi.com/s/v1/ig1/Ca-K1tuzFJW7V4fkd-QihjNH_7-J776b6lTPPXQY6diTKYvuM1hjs9ijSb6MYimmP2ARrekl.jpg?quality=96&as=32x43,48x64,72x96,108x144,160x213,240x320,360x480,480x640,540x720,640x853,720x960,1000x1333&from=bu&cs=1000x0",,,2020-03-07 14:48:44,58.007855,56.234967,58.00819896273859,56.23476395501453,40.07376077662802,synagogue,550720149,,,,,,,True,False,,,,,,,,True,False,,,,,
305062118,211883514,-7,,,"https://sun9-60.userapi.com/s/v1/if2/JRN4vHCUJjp1FKJxeo7HbGoMHU15EOKEASGvzTNtGeDe3E6i2hJJ65kk6CGOrFnTnjcQMDEFoHEPEJhT2aC09016.jpg?quality=96&as=32x24,48x36,72x54,108x81,160x120,240x180,360x270,480x360,540x405,640x480,720x540,1080x810,1280x960,1440x1080,2560x1920&from=bu&cs=2560x0",,,2013-06-13 12:38:44,58.008016,56.234649,58.00819896273859,56.23476395501453,21.442046431824508,synagogue,211883514,,,,,,,True,True,,,,,,,,True,False,,,,,
457240473,7476568,306889750,,,"https://sun9-2.userapi.com/s/v1/if2/Xfs9oFIIM4i8wo4y7nErbBJEVX5tEzZPzQHBMJ3K1-y_1D-n9BLBxQVe4xczQWeeDDMO0FYmIKN0XYLp_e5C0kxy.jpg?quality=95&as=32x24,48x36,72x54,108x81,160x120,240x180,360x270,480x360,540x405,640x480,720x540,1080x810,1280x960,1440x1080,2560x1920&from=bu&cs=2560x0",,,2025-04-06 15:22:19,58.008205,56.234926,58.00819896273859,56.23476395501453,9.56978033944169,synagogue,7476568,,,,,,,True,True,,,,,,,,True,False,,,,,
457278035,-58825873,-7,36995.0,https://vk.com/wall-58825873_36995,"https://sun9-62.userapi.com/s/v1/if2/o9526_XmSuynBWye4Mk_g6fjbIslqYu0gaMkJ36169QPoqWYEf-H41DQlX_yuF0r3myuJeTNzZLQqU8NZj_hF7qx.jpg?quality=96&as=32x24,48x36,72x54,108x81,160x120,240x180,360x270,480x360,540x405,640x480,720x540,1080x810,1280x960,1440x1080,2560x1920&from=bu&cs=2560x0",,,2021-07-22 12:09:46,58.007849,56.235548,58.00819896273859,56.23476395501453,60.39641548066172,synagogue,-58825873,,,,,,,True,False,,,,,,,,True,False,,,,,
457251057,-170690865,-7,,,"https://sun9-22.userapi.com/s/v1/ig2/70pSs8dpoU5hXdscGRHl8s2LI2Q2ITp1E1tLnNnDOP-Ko3KGsp1XEvAT29_lUMT1bFszb0noJsD7ew-PpClpKa7y.jpg?quality=95&as=32x43,48x64,72x96,108x144,160x213,240x320,360x480,480x640,540x720,640x853,720x960,1080x1440,1280x1707,1344x1792&from=bu&cs=1344x0",,,2022-06-07 11:46:08,58.007722,56.234505,58.00819896273859,56.23476395501453,55.186284082187015,synagogue,-170690865,,,,,,,True,False,,,,,,,,True,False,,,,,
457250722,261660768,-7,,,"https://sun9-45.userapi.com/s/v1/ig2/wI-5LQljLsfUjfZ5iyrlX2IWRYs74kUL69NavDMoH-DhRqgrcsOwRBlFVTIQ44d5WkZt2MNEmhHba9Z-QP0oLRQM.jpg?quality=96&as=32x43,48x64,72x96,108x144,160x214,240x320,360x481,480x641,540x721,640x855,720x961,1080x1442,1280x1709,1342x1792&from=bu&cs=1342x0",,,2020-08-04 08:11:23,58.007617,56.234122,58.00819896273859,56.23476395501453,74.9518876264359,synagogue,261660768,,,,,,,True,False,,,,,,,,True,False,,,,,
457249110,-101847722,-7,,,"https://sun9-68.userapi.com/s/v1/ig2/o6ndvF7SXvNEzF_9bbolcWEa6HIfmZeq1PQ4_HODkh2k26ZWFrPAI2xvS5aTpeS4m5QB__Yak8Bq5ijEdb8BNl64.jpg?quality=95&as=32x43,48x64,72x96,108x144,160x213,240x320,360x480,480x640,540x720,640x853,720x960,1080x1440,1280x1707,1440x1920,1920x2560&from=bu&cs=1920x0",,,2024-04-02 12:52:31,58.007806,56.235086,58.00819896273859,56.23476395501453,47.636456085795615,synagogue,-101847722,,,,,,,True,False,,,,,,,,True,False,,,,,
457256400,-170690865,-7,,,"https://sun9-39.userapi.com/s/v1/ig2/vvRzzUEiY9AoYuj2dmSZYb4mYhVsFvuBAx00KPputL6BAUGAxrOMNWEXILg9IvcA51tPlcNLR4zUoeX5_ctKle4_.jpg?quality=95&as=32x43,48x64,72x96,108x144,160x214,240x320,360x481,480x641,540x721,640x855,720x961,1080x1442,1280x1709,1342x1792&from=bu&cs=1342x0",,,2023-03-27 13:09:11,58.007722,56.234505,58.00819896273859,56.23476395501453,55.186284082187015,synagogue,-170690865,,,,,,,True,False,,,,,,,,True,False,,,,,
457259866,237883497,-7,,,"https://sun9-62.userapi.com/s/v1/ig2/6AftXknwq-KKHENcFlDEf8i16zb3yKd_BshI5bLc5WTCToKsS95Iddg_xPKZbwY4iTNDoHbOjih6tDJr7POjFHGT.jpg?quality=95&as=32x57,48x85,72x128,108x192,160x284,240x427,360x640,480x853,540x960,640x1138,720x1280,900x1600&from=bu&cs=900x0",,,2022-11-14 16:48:07,58.008198,56.234992,58.00819896273859,56.23476395501453,13.434748137224169,synagogue,237883497,,,,,,,True,False,,,,,,,,True,False,,,,,
402402369,261660768,-7,5115.0,https://vk.com/wall261660768_5115,"https://sun9-41.userapi.com/s/v1/ig1/PBiF_iujJ5dXpkPwV_pE0lRofk9dgycisFE_Cf_LPTBkq85-V9efLv3RzWWtybDT3phK9Vqf.jpg?quality=96&as=32x43,48x64,72x96,108x144,160x213,240x320,360x480,480x640,540x720,640x853,720x960&from=bu&cs=720x0",,,2016-02-22 11:26:53,58.00787,56.235865,58.00819896273859,56.23476395501453,74.46698969202748,synagogue,261660768,,,,,,,True,False,,,,,,,,True,False,,,,,
457274468,-7165191,255926010,,,"https://sun9-75.userapi.com/s/v1/ig2/q1mQ11pauLLuY9jKaIsVefH63xz5AfChemlYoo6XFTSvgh58FFm1_hBZ1gdeE1oKhg_TEWJFgzO5NsNHQ6EalVnO.jpg?quality=96&as=32x39,48x59,72x88,108x133,160x197,240x295,360x442,480x590,540x663,640x786,720x884,1080x1327,1280x1572,1322x1624&from=bu&cs=1322x0",,,2021-08-06 08:48:20,58.007835,56.235509,58.00819896273859,56.23476395501453,59.70214156311746,synagogue,301828947,,,,,,"Жакет
Цена 1999р
Размер 44

Шорты
Цена 999р
По размеру лучше уточнять",True,False,,,,,,,,True,False,,,,,
457244989,-170690865,-7,,,"https://sun9-81.userapi.com/s/v1/ig2/fo5WBRE5g4Ufpmt3nEOTK3i-mKUjcyE6bbYiF4vvi-0Rq1beI0dPgIqvNhHpGbLH8bVOGoWBH7DI2QgzXTtH09ix.jpg?quality=96&as=32x43,48x64,72x96,108x144,160x213,240x320,360x480,480x640,540x720,640x853,720x960,1080x1440,1280x1707,1344x1792&from=bu&cs=1344x0",,,2022-04-14 11:41:13,58.00789,56.234464,58.00819896273859,56.23476395501453,38.63321109970668,synagogue,-170690865,,,,,,,True,False,,,,,,,,True,False,,,,,
456239095,-75252175,-7,,,"https://sun9-71.userapi.com/s/v1/ig1/75ST8frBQIeCVFaTq5xAk5GIEsxJUYXBCx42ruYGYoy45XXr2zcidLtKwmr4BA510i9S_Mki.jpg?quality=96&as=32x43,48x64,72x96,108x144,160x213,240x320,360x480,480x640,540x720,640x853,720x960&from=bu&cs=720x0",,,2016-11-20 18:04:51,58.007919,56.235575,58.00819896273859,56.23476395501453,57.02619840156533,synagogue,-75252175,,,,,,,True,False,,,,,,,,True,False,,,,,
457245725,-170690865,-7,,,"https://sun9-83.userapi.com/s/v1/ig2/cvdimz9cEOGxnRnNDgjoeR-hEzFJNvGkSkumUemjkOdnS0hrr1Zqs2zOD-5VLOi8C2qoRtSegDi_SZCZ94bGu1N_.jpg?quality=96&as=32x43,48x64,72x96,108x144,160x214,240x320,360x481,480x641,540x721,640x855,720x961,1080x1442,1280x1709,1342x1792&from=bu&cs=1342x0",,,2022-04-19 12:36:13,58.007862,56.234385,58.00819896273859,56.23476395501453,43.61516468955474,synagogue,-170690865,,,,,,,True,False,,,,,,,,True,False,,,,,
457253620,-170690865,-7,,,"https://sun9-73.userapi.com/s/v1/ig2/xyxWQ_roLok-9BZG7KFkVlxk_jOGmmHsX7uJRAJdka2VMcwjrox6mXgZ5z7f702KTVM_UUfG8U-bjD_Gm-w7BlpD.jpg?quality=95&as=32x43,48x64,72x96,108x144,160x213,240x320,360x480,480x640,540x720,640x853,720x960,1080x1440,1280x1707,1344x1792&from=bu&cs=1344x0",,,2022-09-16 10:20:45,58.007799,56.234293,58.00819896273859,56.23476395501453,52.41830941546784,synagogue,-170690865,,,,,,,True,False,,,,,,,,True,False,,,,,
457251895,-170690865,-7,,,"https://sun9-66.userapi.com/s/v1/ig2/tZiYLOEFnEeHlUw2n-1QVaRl-l-NLaU-xXFzgOIgxWHTQ-N_VBRDT618-9j5c60cbGnqlRqDniAMQycbzvXdCH2Q.jpg?quality=95&as=32x43,48x64,72x96,108x144,160x213,240x320,360x480,480x640,540x720,640x853,720x960,1080x1440,1280x1707,1344x1792&from=bu&cs=1344x0",,,2022-06-20 12:22:43,58.007918,56.234716,58.00819896273859,56.23476395501453,31.36910260405915,synagogue,-170690865,,,,,,,True,False,,,,,,,,True,False,,,,,
457260214,261660768,291213570,,,"https://sun9-31.userapi.com/s/v1/ig2/Ckv1HvPqJv7hLsZulDce1lhpO8L0_01P_IfglV_TKeCAvQ__WTa7bS6Q0da1UpIFxt38F4CzY7zISZ643pRwJg1K.jpg?quality=96&as=32x51,48x76,72x114,108x172,160x254,240x381,360x572,480x762,540x858,640x1016,720x1144,1080x1715,1280x2033,1360x2160&from=bu&cs=1360x0",,,2023-09-18 14:17:38,58.007617,56.234293,58.00819896273859,56.23476395501453,70.40819997247725,synagogue,261660768,,,,,,,True,False,,,,,,,,True,False,,,,,
456239803,295660503,212916756,,,"https://sun9-27.userapi.com/s/v1/ig1/8rhLXTt4WFq6nyDSLRIpTKV1nlhvQDI-BOxscF08Kc6DxJrh9fhQhm7QDDc_jqrbetTkKA.jpg?quality=96&as=32x43,48x64,72x96,108x144,160x213,240x320,360x480,480x640,540x720,640x854,720x960,1080x1441,1280x1707,1339x1786&from=bu&cs=1339x0",,,2017-06-26 21:40:24,58.0078,56.235839,58.00819896273859,56.23476395501453,77.32402621441274,synagogue,295660503,,,,,,,True,False,,,,,,,,True,False,,,,,
457252866,-170690865,-7,,,"https://sun9-56.userapi.com/s/v1/ig2/i6g7Af0zrvQszFchi0SixoYTJtYW-gwsAsFK_8ySGFl_XTG_yjxWVzJ5L1TSd7Cm1tCRSUPBnI7FDuqEl_atMoRK.jpg?quality=95&as=32x43,48x64,72x96,108x144,160x213,240x320,360x480,480x640,540x720,640x853,720x960,1080x1440,1280x1707,1344x1792&from=bu&cs=1344x0",,,2022-08-09 11:27:47,58.007701,56.234187,58.00819896273859,56.23476395501453,64.97077480891858,synagogue,-170690865,,,,,,,True,False,,,,,,,,True,False,,,,,
457253761,-170690865,-7,,,"https://sun9-54.userapi.com/s/v1/ig2/qrLkHmUdwAWT9mAXLKgbT0l4zwUDkT58NlvdRXE53lp_1hqDj7yhDbBE0IHentVMlxujcYdd3ckCU889hLAMI8QE.jpg?quality=95&as=32x43,48x64,72x96,108x144,160x213,240x320,360x480,480x640,540x720,640x853,720x960,1080x1440,1280x1707,1344x1792&from=bu&cs=1344x0",,,2022-09-27 09:15:25,58.00782,56.23461,58.00819896273859,56.23476395501453,43.10373252508328,synagogue,-170690865,,,,,,,True,False,,,,,,,,True,False,,,,,
457253519,2426676,289618966,,,"https://sun9-87.userapi.com/s/v1/if2/YcVuDRX_bIh7mswdZ607gSpfiBj5M59wUtIqdXnGmfNG7DiJCEZdgf68-ezwvzCYbdEl7CXenqCKQVctsJYLWYkv.jpg?quality=95&as=32x24,48x36,72x54,108x81,160x120,240x180,360x270,480x360,540x405,640x480,720x540,1080x810,1280x960&from=bu&cs=1280x0",,,2022-11-14 03:04:26,58.007905,56.236222,58.00819896273859,56.23476395501453,91.9043136294957,synagogue,2426676,,,,,,Описание https://vk.com/wall-216919326_131,True,False,,,,,,,,True,False,,,,,
457253695,-170690865,-7,,,"https://sun9-25.userapi.com/s/v1/ig2/OY81SKh0hrS2pqG0l2zdp-axX0u0kK5sBKtj_PkzaWKyuHynu4Ki_bi8O_VXwJWT2wtg9EfHjGz7xgV2sKPX_TYq.jpg?quality=95&as=32x43,48x64,72x96,108x144,160x213,240x320,360x480,480x640,540x720,640x853,720x960,1080x1440,1280x1707,1344x1792&from=bu&cs=1344x0",,,2022-09-21 14:14:19,58.007904,56.234332,58.00819896273859,56.23476395501453,41.51239618653149,synagogue,-170690865,,,,,,,True,False,,,,,,,,True,False,,,,,
457244988,-170690865,-7,,,"https://sun9-85.userapi.com/s/v1/ig2/qmb54AOBHEtJZPn759wH164TJItqB6wYFImJHno8yMqOjmukCzbEdcdTwtdMbmkCWj-hUqi4-LghI6wpt8nN3tMN.jpg?quality=96&as=32x43,48x64,72x96,108x144,160x213,240x320,360x480,480x640,540x720,640x853,720x960,1080x1440,1280x1707,1344x1792&from=bu&cs=1344x0",,,2022-04-14 11:41:13,58.007785,56.234425,58.00819896273859,56.23476395501453,50.17512051177066,synagogue,-170690865,,,,,,,True,False,,,,,,,,True,False,,,,,
457239133,-224558018,-7,,,"https://sun9-3.userapi.com/s/v1/ig2/8aPbrtFLGq0T5X-EZzpN6mg8QiZqI4G5ZBRC_-WJUN2nsgCJz2Brzs7tNGlmvy8p5ZOTdBVFW6s3B3HXagPSwn9w.jpg?quality=95&as=32x43,48x64,72x96,108x144,160x213,240x320,360x480,480x640,540x720,640x853,720x960,1080x1440,1280x1707,1440x1920,1920x2560&from=bu&cs=1920x0",,,2024-05-21 18:30:37,58.008317,56.2349,58.00819896273859,56.23476395501453,15.37861529780568,synagogue,-224558018,,,,,,,True,True,,,,,,,,True,False,,,,,
456239305,13308455,-7,,,"https://sun9-16.userapi.com/s/v1/ig1/Fhd0nd_HCWhGdLTvbzx5-7TBJDp676yH0RUybUhHQPFzgD4Ghp2eSA0aKrHi4dEYllyVHS_0.jpg?quality=96&as=32x43,48x64,72x96,108x144,160x213,240x320,360x480,480x640,540x720,640x853,720x960&from=bu&cs=720x0",,,2017-04-24 11:25:33,58.007848,56.234346,58.00819896273859,56.23476395501453,46.14352568516455,synagogue,13308455,,,,,,,True,False,,,,,,,,True,False,,,,,
457256750,-170690865,-7,,,"https://sun9-80.userapi.com/s/v1/ig2/TfAUjkVtW0yccc5OUvepOYKHxonh1cRBMJsuuuunOvNnSzkyJ8HNf0Rg3OEglBoEaOUclQWUmna__-8PPHgEoNTX.jpg?quality=95&as=32x43,48x64,72x96,108x144,160x214,240x320,360x481,480x641,540x721,640x855,720x961,1080x1442,1280x1709,1342x1792&from=bu&cs=1342x0",,,2023-04-18 10:22:34,58.007806,56.234399,58.00819896273859,56.23476395501453,48.698462152861765,synagogue,-170690865,,,,,,,True,False,,,,,,,,True,False,,,,,
457242371,-194619161,-7,,,"https://sun9-78.userapi.com/s/v1/ig2/CjV88_MKEkee574bqgg_z67OuXrG4u1_dmboiMMwxaCluo7xxLZPUipm4Z46mP5UvztquQl_UZnYZ9lWJe7JA8z-.jpg?quality=95&as=32x43,48x64,72x96,108x144,160x213,240x320,360x480,480x640,540x720,640x853,720x960,1080x1440,1280x1707,1440x1920,1920x2560&from=bu&cs=1920x0",,,2023-01-28 07:22:03,58.007723,56.235707,58.00819896273859,56.23476395501453,76.72991767250984,synagogue,-194619161,,,,,,,True,False,,,,,,,,True,False,,,,,
457245785,-194619161,-7,,,"https://sun9-74.userapi.com/s/v1/ig2/MOmQ2zgUgCsIFVrQ4M0Gho2cRcUf9a-UATm1q9D7CNceDKwOV96YLkJW5JRHlmtScWtNWQwcc7taDttd7Qhptcgg.jpg?quality=95&as=32x43,48x64,72x96,108x144,160x213,240x320,360x480,480x640,540x720,640x853,720x960,1080x1440,1280x1707,1440x1920,1920x2560&from=bu&cs=1920x0",,,2024-11-14 09:55:57,58.007813,56.23502,58.00819896273859,56.23476395501453,45.490675569552515,synagogue,-194619161,,,,,,,True,False,,,,,,,,True,False,,,,,
457251823,-170690865,-7,,,"https://sun9-84.userapi.com/s/v1/ig2/sZAnA-d4V4xiMwHDafQMrT924bGC2hd_vF6jb-KXkV0qAa-nGOqTqwXo6SDHs2PdZiba1Q0icjvDsf-fkuYg1o4_.jpg?quality=95&as=32x43,48x64,72x96,108x144,160x214,240x320,360x481,480x641,540x721,640x855,720x961,1080x1442,1280x1709,1342x1792&from=bu&cs=1342x0",,,2022-06-17 10:00:05,58.008408,56.234384,58.00819896273859,56.23476395501453,32.26910039354387,synagogue,-170690865,,,,,,,True,False,,,,,,,,True,False,,,,,
456239719,103774887,-7,,,"https://sun9-2.userapi.com/s/v1/ig1/jv0dzW0-qU9CplXcNO_5h_bkQmGYKR8P103M8ImqwlUsQw3aw2o31xkmPe5yw6AG8TQG9g.jpg?quality=96&as=32x57,48x85,72x128,108x192,160x284,240x427,360x640,480x853,540x960,640x1138,720x1280,1080x1920,1215x2160&from=bu&cs=1215x0",,,2018-06-15 00:24:00,58.007807,56.235601,58.00819896273859,56.23476395501453,65.811792084815,synagogue,103774887,,,,,,,True,False,,,,,,,,True,False,,,,,
457271236,-184864215,-7,,,"https://sun9-3.userapi.com/s/v1/ig2/abJHbHqZ1mQnmj0sZgqVLE24MUU6GRJpBXABTW5dJecdZplQBU_7Iq2bjkmOQMoeNKVwzFRFkIa1QwqUH1zstBTV.jpg?quality=95&as=32x43,48x64,72x96,108x144,160x214,240x320,360x480,480x641,540x721,640x854,720x961,1080x1441,1280x1708,1440x1922,1918x2560&from=bu&cs=1918x0",,,2022-10-28 12:20:27,58.0081,56.234887,58.00819896273859,56.23476395501453,13.17706229634948,synagogue,-184864215,,,,,,,True,True,,,,,,,,True,False,,,,,
457257090,-170690865,-7,,,"https://sun9-45.userapi.com/s/v1/ig2/fO1j4FnWM9iEotS86vOAMN8AxJYL6jYXqaTPS1GcVAKJX-q6bArk4F-hG0c_de52gCnn1_sW7E-_ahHyqMWOiFDv.jpg?quality=95&as=32x43,48x64,72x96,108x144,160x213,240x320,360x480,480x640,540x720,640x853,720x960,1080x1440,1280x1707,1398x1864&from=bu&cs=1398x0",,,2023-05-06 11:11:21,58.007715,56.234399,58.00819896273859,56.23476395501453,57.95011791683787,synagogue,-170690865,,,,,,,True,False,,,,,,,,True,False,,,,,
457254831,-170690865,-7,,,"https://sun9-65.userapi.com/s/v1/ig2/_athN5SKit5MWN2tWQM7gTrsPc0R4WYGWgHIYBF-CR7qtimkSiZAKfoq9zfSUbxDD-5-b_tu9qAbz3793x-wIrHn.jpg?quality=95&as=32x43,48x64,72x96,108x144,160x213,240x320,360x480,480x640,540x720,640x853,720x960,1080x1440,1280x1707,1344x1792&from=bu&cs=1344x0",,,2022-12-06 14:40:16,58.007897,56.234398,58.00819896273859,56.23476395501453,39.902113118787824,synagogue,-170690865,,,,,,,True,False,,,,,,,,True,False,,,,,
457243295,-46008634,-7,,,"https://sun9-52.userapi.com/s/v1/ig2/IsUQjG8CKRiJy8FrKoNqMeIXYqw5d3Xh7z2cPuyEQm53mA4bHCkW8PHy9pavcDJQqIjq03vZef8nKEqxDM7tHeAz.jpg?quality=96&as=32x43,48x64,72x96,108x144,160x213,240x320,360x480,480x640,540x720,640x853,720x960,1080x1440,1200x1600&from=bu&cs=1200x0",,,2021-04-13 08:33:28,58.008086,56.234675,58.00819896273859,56.23476395501453,13.610210280128795,synagogue,-46008634,,,,,,,True,True,,,,,,,,True,True,,False,,,
456239817,261660768,-7,,,"https://sun9-28.userapi.com/s/v1/ig1/85l7cvNWEuxHb1MeDvVxGumEuHHBgK59X_Oqea3fdeA0veeVG1d_vl1NkDh86u-TSHwHvl2n.jpg?quality=96&as=32x32,48x48,72x72,108x108,160x160,240x240,360x360,480x480,540x540,640x640,720x720,960x960&from=bu&cs=960x0",,,2017-02-09 08:23:09,58.007891,56.235839,58.00819896273859,56.23476395501453,71.9971941060956,synagogue,261660768,,,,,,,True,False,,,,,,,,True,False,,,,,
457244467,-46008634,-7,,,"https://sun9-9.userapi.com/s/v1/ig2/8OVCVNUNLU0va0I4wDTwRxV80IVPshXRGcqn8o5iBGPza-bPd5GlwqYHwafW_gzAuWVXWGtB9eZOgFSiV1onGqxm.jpg?quality=95&as=32x43,48x64,72x96,108x144,160x213,240x320,360x479,480x639,540x719,640x852,720x959,1080x1438,1280x1705,1440x1918,1922x2560&from=bu&cs=1922x0",,,2023-06-20 07:21:21,58.008205,56.234926,58.00819896273859,56.23476395501453,9.56978033944169,synagogue,-46008634,,,,,,,True,True,,,,,,,,True,True,,False,,,
457257005,-170690865,-7,,,"https://sun9-61.userapi.com/s/v1/ig2/UOjRTNHuEhnc4Qu5gaXcnfTUlXk5mOM8ALteuMKcx2Yte8mFDuQZN20_QCKYB101LteYM9sfMPfqaIOAzxjGB6_T.jpg?quality=95&as=32x43,48x64,72x96,108x144,160x213,240x320,360x480,480x640,540x720,640x853,720x960,1080x1440,1280x1707,1398x1864&from=bu&cs=1398x0",,,2023-05-01 16:50:29,58.007715,56.234399,58.00819896273859,56.23476395501453,57.95011791683787,synagogue,-170690865,,,,,,,True,False,,,,,,,,True,False,,,,,
457256107,-170690865,-7,,,"https://sun9-1.userapi.com/s/v1/ig2/_z59i0NT-CpWAVxf3E9lTgBrIs6HocueJx-QpjaTxsDjQk7MLIVvLw6zCLk_S00BHKAdsbVqvV7Kf_DdyIFGnLcm.jpg?quality=95&as=32x43,48x64,72x96,108x144,160x214,240x320,360x481,480x641,540x721,640x855,720x961,1080x1442,1280x1709,1342x1792&from=bu&cs=1342x0",,,2023-03-09 14:26:37,58.007715,56.234399,58.00819896273859,56.23476395501453,57.95011791683787,synagogue,-170690865,,,,,,,True,False,,,,,,,,True,False,,,,,
457255863,-170690865,-7,,,"https://sun9-67.userapi.com/s/v1/ig2/D9kV4HWjWM18NUhOM1L3ihG2X9XGGtKrU8mAafAl0SDbySQnT_GhPLKuwTLO8FmRvCCzuyoYpMysgCdVjpwBVUOJ.jpg?quality=95&as=32x43,48x64,72x96,108x144,160x214,240x320,360x481,480x641,540x721,640x855,720x961,1080x1442,1280x1709,1342x1792&from=bu&cs=1342x0",,,2023-02-22 13:27:31,58.007722,56.234505,58.00819896273859,56.23476395501453,55.186284082187015,synagogue,-170690865,,,,,,,True,False,,,,,,,,True,False,,,,,
456239372,397605178,-7,,,"https://sun9-49.userapi.com/s/v1/ig2/P-csisQR775ZPKydL5erfgQwAr2Wajnfk9rxvLXQKmvDNYymRHOryil4OCnhQfdJF_OGYK1Jclb07b_6De7h1ioS.jpg?quality=96&as=32x43,48x64,72x96,108x144,160x213,240x320,360x480,450x600&from=bu&cs=450x0",,,2017-02-12 17:35:04,58.007961,56.235522,58.00819896273859,56.23476395501453,51.907722041158095,synagogue,397605178,,,,,,,True,False,,,,,,,,True,False,,,,,
457245724,-170690865,-7,,,"https://sun9-70.userapi.com/s/v1/ig2/_S-9Xsqp5W-Q8UIINxscrxgIUDpU_kjDUR1at87CisKWaUaMMT8KeHxGsci_aU3Neib_1N7-4mcRERcsro9SUx1P.jpg?quality=96&as=32x43,48x64,72x96,108x144,160x214,240x320,360x481,480x641,540x721,640x855,720x961,1080x1442,1280x1709,1342x1792&from=bu&cs=1342x0",,,2022-04-19 12:36:13,58.007904,56.234504,58.00819896273859,56.23476395501453,36.19748746981516,synagogue,-170690865,,,,,,,True,False,,,,,,,,True,False,,,,,
457259897,261660768,291213570,,,"https://sun9-35.userapi.com/s/v1/ig2/q_FDxTsharifzn-VS1aRvMP4J_r3B98yKJLY1tAF-o72gVUGBPdFWGPqbdjjrNTSv5lZvdzu_S9oumMjB0aaTek_.jpg?quality=96&as=32x43,48x64,72x96,108x144,160x213,240x320,360x480,480x640,540x720,640x853,720x960,1080x1440,1280x1707,1440x1920,1620x2160&from=bu&cs=1620x0",,,2023-08-21 15:29:19,58.007806,56.234399,58.00819896273859,56.23476395501453,48.698462152861765,synagogue,261660768,,,,,,,True,False,,,,,,,,True,False,,,,,
457256688,-170690865,-7,,,"https://sun9-32.userapi.com/s/v1/ig2/_MpOayE8H780039sedn9aw36ct2r4dD7vY7gc8A0bC2ZmRu0ATuaHz0AB7lVlONhTrLQUBMuo6inGmhg39sYohBp.jpg?quality=95&as=32x43,48x64,72x96,108x144,160x214,240x320,360x481,480x641,540x721,640x855,720x961,1080x1442,1280x1709,1342x1792&from=bu&cs=1342x0",,,2023-04-15 11:43:29,58.007722,56.234505,58.00819896273859,56.23476395501453,55.186284082187015,synagogue,-170690865,,,,,,,True,False,,,,,,,,True,False,,,,,
457316346,222199696,-7,,,"https://sun9-75.userapi.com/s/v1/ig2/uEuCQ8umRkRyuxSj2FUXSsuCCPojpZ9U_wlm8m3fMvBXkuFYatKUws2Iqm6diamaIeLdZN41sWE7AOVVCEW-5fwi.jpg?quality=95&as=32x43,48x64,72x96,108x144,160x214,240x320,360x480,480x641,540x721,640x854,720x961,1080x1441,1280x1708,1440x1922,1918x2560&from=bu&cs=1918x0",,,2022-10-28 12:22:18,58.0081,56.234887,58.00819896273859,56.23476395501453,13.17706229634948,synagogue,222199696,,,,,,,True,True,,,,,,,,True,False,,,,,
457316347,222199696,-7,,,"https://sun9-63.userapi.com/s/v1/ig2/-vcmsTFMEutguG4WTQK4nWYlv1XyjfNs6u6el4gtporKe8-7RiHWECVIk7d91xzUhbLQP-6xoRHv9jtVJ7DwG49G.jpg?quality=95&as=32x43,48x64,72x96,108x144,160x214,240x320,360x480,480x641,540x721,640x854,720x961,1080x1441,1280x1708,1440x1922,1918x2560&from=bu&cs=1918x0",,,2022-10-28 12:22:21,58.008009,56.234887,58.00819896273859,56.23476395501453,22.332046222560862,synagogue,222199696,,,,,,,True,True,,,,,,,,True,False,,,,,
457239496,204208346,-7,,,"https://sun9-18.userapi.com/s/v1/if2/mwIcSGEAJz23BtclkpuYrlhbkvfI29Ul_ci5pfN4tNM5P7ruwt7f3F_X4x2bI2f8Nez0WH366uA-OvDBr9aFR_dR.jpg?quality=95&as=32x24,48x36,72x54,108x81,160x120,240x180,360x270,480x360,540x405,640x480,720x540,1080x810,1280x960,1440x1080,2016x1512&from=bu&cs=2016x0",,,2022-06-27 19:47:34,58.008212,56.234688,58.00819896273859,56.23476395501453,4.703548266871273,synagogue,204208346,,,,,,,True,True,,,,,,,,True,False,,,,,
457256599,-170690865,-7,,,"https://sun9-23.userapi.com/s/v1/ig2/V5ggk91NAR4xm8S7tbUoVT-BpbAoY-F9F-in8SV6SdNVHDZANj7R6wU0eIMtK9GXhxEoPIC_5x9DFcjxwEK9OrB9.jpg?quality=95&as=32x43,48x64,72x96,108x144,160x214,240x320,360x481,480x641,540x721,640x855,720x961,1080x1442,1280x1709,1342x1792&from=bu&cs=1342x0",,,2023-04-13 15:26:35,58.007918,56.2342,58.00819896273859,56.23476395501453,45.605044690392624,synagogue,-170690865,,,,,,,True,False,,,,,,,,True,False,,,,,
457239018,838791930,-6,2.0,https://vk.com/wall838791930_2,"https://sun9-78.userapi.com/s/v1/ig2/zoFVj79BipVvIapNp5fsIy6qz34PGkQQlscbuSCIIQr94-UGIRFmbqGvsCPLbbp5UgZ6c7mK8rqVVJZIjtHt6ibu.jpg?quality=95&as=32x57,48x85,72x128,108x192,160x284,240x427,360x640,480x853,540x960,640x1138,720x1280,1080x1920,1280x2276,1440x2560&from=bu&cs=1440x0","https://sun9-74.userapi.com/s/v1/ig1/eZYY2lKDyXjj47Uyg9s4WNmaffHrLaaJ14z4gRWOvO3EDAzpDWrkHmLoWXBk1XtKmJukogb1.jpg?quality=96&as=32x32,48x48,72x72,108x108,160x160,240x240,360x360,480x480,540x541,640x641,720x721,959x960&from=bu&cs=959x0;https://sun9-57.userapi.com/s/v1/ig1/3xIvtciN_MYgQ3b6RkqJPx25AOAuAp9v5ZPCRjMJ-VAVy1hftfY82ehNvnWcz69Z3uGBqltv.jpg?quality=96&as=32x32,48x48,72x72,108x108,160x160,240x240,360x360,480x480,540x540,640x640,720x720,1080x1080,1280x1280,1440x1440,2160x2160&from=bu&cs=2160x0;https://sun9-13.userapi.com/s/v1/ig2/xpeZy0X1FHMS_Vjs3ZAXL7S8w-mdRYGgDICtBBQYzW3QY8SK0NHwDibIlxF6b3e_k-QmGe5bNr4e-vf-epPb5KJa.jpg?quality=96&as=32x43,48x64,72x96,108x144,160x213,240x320,360x480,480x640,540x720,640x853,720x960,1080x1440,1280x1707,1440x1920,1620x2160&from=bu&cs=1620x0;https://sun9-83.userapi.com/s/v1/ig2/5XEX5kxNYy_zNEFQLrPSlLUyjVLVFo_Amo_Qq09mDGBWxT5VkdzMuCGZjC_PoGdZnIU2-uOQ_YDm1i-j7Zq-BN06.jpg?quality=95&as=32x43,48x64,72x96,108x144,160x213,240x320,360x480,480x640,540x720,640x853,720x960,1080x1440,1280x1707,1440x1920,1920x2560&from=bu&cs=1920x0",,2024-02-11 17:55:54,58.007807,56.235601,58.00819896273859,56.23476395501453,65.811792084815,synagogue,838791930,,,,,,,True,False,,,,,,,,True,False,,,,,
457254578,-170690865,-7,,,"https://sun9-16.userapi.com/s/v1/ig2/lRNFxDXYBoS88rqr__jthY2rcP8hcE1EUDrwCwO7w7tbUHm2oec7l_d7FwNxWDlH5kdZ5juDEMdaATNuJR00QB81.jpg?quality=95&as=32x43,48x64,72x96,108x144,160x213,240x320,360x480,480x640,540x720,640x853,720x960,1080x1440,1280x1707,1344x1792&from=bu&cs=1344x0",,,2022-11-17 12:30:43,58.007722,56.234505,58.00819896273859,56.23476395501453,55.186284082187015,synagogue,-170690865,,,,,,,True,False,,,,,,,,True,False,,,,,
457257222,-170690865,-7,,,"https://sun9-17.userapi.com/s/v1/ig2/LNapRFJPhXgV6h2KLVDUGAqbWdTUMyFJWMhPT9AdVf17oNnSPCd8ZMot1O042Oy9wZzsOTdW8-ewwKirgopR5udo.jpg?quality=95&as=32x43,48x64,72x96,108x144,160x213,240x320,360x480,480x640,540x720,640x853,720x960,1080x1440,1280x1707,1398x1864&from=bu&cs=1398x0",,,2023-05-18 15:34:23,58.007722,56.234505,58.00819896273859,56.23476395501453,55.186284082187015,synagogue,-170690865,,,,,,,True,False,,,,,,,,True,False,,,,,
457253879,-170690865,-7,,,"https://sun9-26.userapi.com/s/v1/ig2/fh-hNYEuC50O_v-NspP0jU0iUJ6eVhlW2m_KWe-lfivyHco4kFJ234grUBrODGQY5oOym1WPwreu5vk-RypktkuC.jpg?quality=95&as=32x43,48x64,72x96,108x144,160x213,240x320,360x480,480x640,540x720,640x853,720x960,1080x1440,1280x1707,1344x1792&from=bu&cs=1344x0",,,2022-10-05 10:30:25,58.007715,56.234399,58.00819896273859,56.23476395501453,57.95011791683787,synagogue,-170690865,,,,,,,True,False,,,,,,,,True,False,,,,,
457248474,-116518,-7,,,"https://sun9-61.userapi.com/s/v1/if2/x4bDVRV4JBFcHdIP36aQwXqDCi-tA0C0OXY0g8Uhpd0FzeGm6-hIEhfGlPd3HdO__O6WU1XsyDjUbRrG3AUu_El1.jpg?quality=96&as=32x24,48x36,72x54,108x81,160x120,240x180,360x270,480x360,540x405,640x480,720x540,1080x810,1280x960,1440x1080,2560x1920&from=bu&cs=2560x0",,,2021-12-21 08:46:44,58.008009,56.234887,58.00819896273859,56.23476395501453,22.332046222560862,synagogue,-116518,,,,,,,True,True,,,,,,,,True,True,,False,,,
457250531,-170690865,-7,,,"https://sun9-66.userapi.com/s/v1/ig2/Mz2WIt7jYGZ3FpsPJdKGTEkzJZtZfiDx0K7j7CTb91KNZl8oKh1mBu2ipP-_Xe917aZCjxZDn8M23rfi8frqi9y7.jpg?quality=95&as=32x43,48x64,72x96,108x144,160x214,240x320,360x481,480x641,540x721,640x855,720x961,1080x1442,1280x1709,1342x1792&from=bu&cs=1342x0",,,2022-05-31 13:15:52,58.007904,56.234332,58.00819896273859,56.23476395501453,41.51239618653149,synagogue,-170690865,,,,,,,True,False,,,,,,,,True,False,,,,,
457244144,33433452,159779885,,,"https://sun9-26.userapi.com/s/v1/ig2/EHcHqMyHWWv7jdBPzkqk0KLMjOXSDSfZKoaM3soSXyvVM9AF62LmY2XGmc2kpb-3O1XL5kLo_5hWuBcuc3O0ta4G.jpg?quality=96&as=32x43,48x64,72x96,108x144,160x213,240x320,360x480,480x640,540x720,640x853,720x960,1080x1440,1280x1707,1440x1920,1620x2160&from=bu&cs=1620x0",,,2020-03-17 02:55:21,58.008191,56.234887,58.00819896273859,56.23476395501453,7.302560068849029,synagogue,33433452,,,,,,,True,True,,,,,,,,True,False,,,,,
457242780,-194619161,-7,,,"https://sun9-62.userapi.com/s/v1/ig2/xrnxlxTaVHtiAo9Im2oDWPxtqW06OfPqWJchd343-K-cdzDjEh4FYwHIzPeVH87sdU-POQMkM6OgDtLOSYMxnFwR.jpg?quality=95&as=32x43,48x64,72x96,108x144,160x213,240x320,360x480,480x640,540x720,640x853,720x960,1080x1440,1280x1707,1440x1920,1920x2560&from=bu&cs=1920x0",,,2023-04-03 09:42:46,58.007695,56.2358,58.00819896273859,56.23476395501453,82.8583389920959,synagogue,-194619161,,,,,,,True,False,,,,,,,,True,False,,,,,
457256800,-170690865,-7,,,"https://sun9-60.userapi.com/s/v1/ig2/HKyE_moUg4vTap0c1sQ-2htEspXJc6y1fDuiF_mfK91NXF14pppxGXC-6gRk3zSVBE-WvmoGfDC8N789VzMEGQBQ.jpg?quality=95&as=32x43,48x64,72x96,108x144,160x214,240x320,360x481,480x641,540x721,640x855,720x961,1080x1442,1280x1709,1342x1792&from=bu&cs=1342x0",,,2023-04-21 17:14:54,58.007715,56.234399,58.00819896273859,56.23476395501453,57.95011791683787,synagogue,-170690865,,,,,,,True,False,,,,,,,,True,False,,,,,
457251062,-170690865,-7,,,"https://sun9-67.userapi.com/s/v1/ig2/kw63clUBs89rHM_ohGSqlTHyT27QKNY0ujlAicq4Q3ykdgJevcoC7KmOW2oy22j0mGDWQv2av8V60fMM1WKNKxCC.jpg?quality=95&as=32x43,48x64,72x96,108x144,160x213,240x320,360x480,480x640,540x720,640x853,720x960,1080x1440,1280x1707,1344x1792&from=bu&cs=1344x0",,,2022-06-07 11:49:19,58.007722,56.234505,58.00819896273859,56.23476395501453,55.186284082187015,synagogue,-170690865,,,,,,,True,False,,,,,,,,True,False,,,,,
457242437,308194550,-7,,,"https://sun9-53.userapi.com/s/v1/ig2/5SeWTRKreMbI1kpNGqm7GGhg5C5i8Ya1a9Q0xnQfYl7CMe_GKOUrOfVQE2aY5PV39WL4r_yYs51a51syF-gW0BHf.jpg?quality=95&as=32x43,48x64,72x96,108x144,160x213,240x320,360x480,480x640,540x720,640x853,720x960,1080x1440,1280x1707,1440x1920,1920x2560&from=bu&cs=1920x0",,,2022-12-02 17:40:54,58.008212,56.234688,58.00819896273859,56.23476395501453,4.703548266871273,synagogue,308194550,,,,,,,True,True,,,,,,,,True,False,,,,,
457257885,-170690865,-7,,,"https://sun9-64.userapi.com/s/v1/ig2/Rcy_FmLBfPp6vEKjfjzBs1wvMonCHzYLQOXZYhapV5rpYEtEEUGHW4FYctnrvh33E3TfI8HlnE_KfrOG9HF58NJ7.jpg?quality=95&as=32x43,48x64,72x96,108x144,160x213,240x320,360x480,480x640,540x720,640x853,720x960,1080x1440,1280x1707,1398x1864&from=bu&cs=1398x0",,,2023-07-03 18:09:46,58.007897,56.234398,58.00819896273859,56.23476395501453,39.902113118787824,synagogue,-170690865,,,,,,,True,False,,,,,,,,True,False,,,,,
457244166,33433452,299189383,,,"https://sun9-50.userapi.com/s/v1/if2/Tp73iN64lGVZX-2B5mrv1mhA9OJcl9k31xA-GDDYChwX2luYxBFQHk22NmA5ivYBzSHS1LVRaQQSYdLx9jG_7pP3.jpg?quality=96&as=32x24,48x36,72x54,108x81,160x120,240x180,360x270,480x360,540x405,640x480,720x540,1080x810,1280x960,1440x1080,2560x1920&from=bu&cs=2560x0",,,2020-03-23 17:37:01,58.008107,56.234649,58.00819896273859,56.23476395501453,12.264916938799782,synagogue,33433452,,,,,,,True,True,,,,,,,,True,False,,,,,
457253623,2426676,289375661,,,"https://sun9-21.userapi.com/s/v1/if2/m4XBKKbVIvv3yissJF0YI70Oyuo39In38exzS3CdD6Fi8EUHcU9Zr0GwM7_KIjPAHqxpFGOKFYfLeyn5eq4DM4XE.jpg?quality=95&as=32x21,48x31,72x47,108x71,160x105,240x157,360x236,480x315,540x354,640x419,720x472,972x637&from=bu&cs=972x0",,,2022-11-15 14:40:04,58.007701,56.234187,58.00819896273859,56.23476395501453,64.97077480891858,synagogue,2426676,,,,,,Описание https://vk.com/wall-216919326_98,True,False,,,,,,,,True,True,,False,,,
456239053,445884933,-7,,,"https://sun9-30.userapi.com/s/v1/if1/F3xH2tTmY_4okuZNyudDhOQiAFbBIxoB8t0SLxCLyShICjNbd-jW11fzFb9OZU0PYzz86be5.jpg?quality=96&as=32x18,48x27,72x40,108x61,160x90,240x135,360x202,480x270,540x304,640x360,720x405,1080x607,1280x720&from=bu&cs=1280x0",,,2017-12-12 09:26:16,58.007694,56.234597,58.00819896273859,56.23476395501453,57.00421853451046,synagogue,445884933,,,,,,,True,False,,,,,,,,True,True,,False,,,
457239263,-214801568,-7,,,"https://sun9-79.userapi.com/s/v1/ig2/yBKJWLUd4pg9X37CkmTAXx3YpDQZeTuAY3r_2pMTaLZMiRqQSdm1cL48YBvpwn8ORtNWVKoXjbjosJO7KJ4QE1nY.jpg?quality=95&as=32x43,48x64,72x96,108x144,160x214,240x321,360x481,480x642,540x722,640x855,720x962,1080x1444,1197x1600&from=bu&cs=1197x0",,,2022-10-23 06:51:11,58.008303,56.234688,58.00819896273859,56.23476395501453,12.403628167392649,synagogue,-214801568,,,,,,,True,True,,,,,,,,True,False,,,,,
457249521,-117758009,295254949,,,"https://sun9-76.userapi.com/s/v1/if2/YdStwydktBBU2wP94HNzqdHFX1_EQWrc42B95WwL-K_ahjwLQyOENkFmNgOeTLI8zJ9qRH_Ph1pRQfuoil3jjoPC.jpg?quality=95&as=32x24,48x36,72x54,108x81,160x120,240x180,360x270,480x360,540x405,640x480,720x540,1080x810,1280x960,1440x1080,2560x1920&from=bu&cs=2560x0",,,2023-07-26 19:50:43,58.007708,56.234809,58.00819896273859,56.23476395501453,54.65702261040432,synagogue,-117758009,,,,,,,True,False,,,,,,,,True,False,,,,,
457257212,-170690865,-7,,,"https://sun9-26.userapi.com/s/v1/ig2/s8F08CqesjDzE8H-JgHtPDgkq5O47jufQHsKIYfaYZjwM5Rs5tJ9yO2qeRJb7J383wRvPg112mp4byV_wGButSqE.jpg?quality=95&as=32x43,48x64,72x96,108x144,160x213,240x320,360x480,480x640,540x720,640x853,720x960,1080x1440,1280x1707,1398x1864&from=bu&cs=1398x0",,,2023-05-17 13:10:07,58.007715,56.234399,58.00819896273859,56.23476395501453,57.95011791683787,synagogue,-170690865,,,,,,,True,False,,,,,,,,True,False,,,,,
457256010,-170690865,-7,,,"https://sun9-40.userapi.com/s/v1/ig2/lOH3rh2FqCYuKLiHfR61viLiyV_RaMiCWhIbtZQlde3JqeOKaPKRx0KElJhKtk0Wf0YMw9bbkiEZo9fLqcjSjldG.jpg?quality=95&as=32x43,48x64,72x96,108x144,160x214,240x320,360x481,480x641,540x721,640x855,720x961,1080x1442,1280x1709,1342x1792&from=bu&cs=1342x0",,,2023-03-03 13:52:55,58.007722,56.234505,58.00819896273859,56.23476395501453,55.186284082187015,synagogue,-170690865,,,,,,,True,False,,,,,,,,True,False,,,,,
457356009,360619746,-7,,,"https://sun9-24.userapi.com/s/v1/if2/tT-YkO_J1Bxk6K_De1e4AXiZ94sHod-yCKiJSNdeluwkNI3UWEMbWT-wNN9TBuBcW6We0iMpz3CsTOvBx6YWIPBP.jpg?quality=96&as=32x24,48x36,72x54,108x81,160x119,240x179,360x269,480x358,540x403,640x478,720x538,1080x806,1280x956,1440x1075,2052x1532&from=bu&cs=2052x0",,,2021-08-13 20:43:01,58.007644,56.233857,58.00819896273859,56.23476395501453,81.62572778642478,synagogue,360619746,,,,,,,True,False,,,,,,,,True,False,,,,,
457257098,-170690865,-7,,,"https://sun9-49.userapi.com/s/v1/ig2/Axu5hu7DCtpGLXA4SL4c4C5blbhSq-4aYzpyPcDURoTu8uSx9NDHHdkQQ6k23p_gDDl68mACYSKt6ckoUZyE46FH.jpg?quality=95&as=32x43,48x64,72x96,108x144,160x213,240x320,360x480,480x640,540x720,640x853,720x960,1080x1440,1280x1707,1398x1864&from=bu&cs=1398x0",,,2023-05-06 12:36:48,58.007715,56.234399,58.00819896273859,56.23476395501453,57.95011791683787,synagogue,-170690865,,,,,,,True,False,,,,,,,,True,False,,,,,
430994739,261660768,-7,,,"https://sun9-44.userapi.com/s/v1/ig1/bNhH61zHfSwo4r374zQZ46l2dum5KNBlEqyRd6DJfT7s9JIHXSee-2hEsf4VSJHIvxZ9nWFn.jpg?quality=96&as=32x32,48x48,72x72,108x108,160x160,240x240,360x360,480x480,540x540,640x640,720x720,960x960&from=bu&cs=960x0",,,2016-09-10 07:03:33,58.007793,56.235733,58.00819896273859,56.23476395501453,72.77843806531625,synagogue,261660768,,,,,,,True,False,,,,,,,,True,False,,,,,
457246857,-170690865,-7,,,"https://sun9-88.userapi.com/s/v1/ig2/OgrgyxoQkXi3l8t7KaLnzXs53oq34k6YfGsos45A8OKx-TraTQFGrpo3N1KxtsQR3YHflz9K1-trqGy5GSySrAqq.jpg?quality=96&as=32x43,48x64,72x96,108x144,160x214,240x320,360x481,480x641,540x721,640x855,720x961,1080x1442,1280x1709,1342x1792&from=bu&cs=1342x0",,,2022-04-26 11:53:50,58.007876,56.234597,58.00819896273859,56.23476395501453,37.23433657432974,synagogue,-170690865,,,,,,,True,False,,,,,,,,True,False,,,,,
457243540,-22724466,-7,,,"https://sun9-51.userapi.com/s/v1/ig2/BhfDtGXCsEpa06Q7kkoe8h6N0_eAadZtiZflm8STHKodlnfyy9Pf9yz4GTTwjTsAnVipASA1E1GIj9RSCRuh6-z0.jpg?quality=95&as=32x43,48x64,72x96,108x144,160x214,240x320,360x480,480x641,540x721,640x854,720x961,1080x1441,1280x1708,1440x1922,1918x2560&from=bu&cs=1918x0",,,2023-06-21 07:21:17,58.007911,56.235125,58.00819896273859,56.23476395501453,38.44052309171016,synagogue,-22724466,,,,,,,True,False,,,,,,,,True,False,,,,,
456241290,19751322,263876392,,,"https://sun9-21.userapi.com/s/v1/if1/Q42a6W6l6xey7Vh2iqVWYYVSPTegnnyIQUMBpZ07vd_IyDRgzr-8bP4zCy9eua8xdrWejE8S.jpg?quality=96&as=32x24,48x36,72x54,108x81,160x120,240x180,360x271,480x361,540x406,640x481,720x541,1080x812,1280x962,1333x1002&from=bu&cs=1333x0",,,2019-06-20 12:11:37,58.008051,56.235006,58.00819896273859,56.23476395501453,21.771851987115156,synagogue,19751322,,,,,,,True,True,,,,,,,,True,False,,,,,
457239521,-194619161,-7,,,"https://sun9-19.userapi.com/s/v1/ig2/gzI5_HJLoQvoLiijjfZt31Uk-cyoy2UAQIVP-_rU0GNl-ZzrybaTBfLxijLQf6MoeWnFJ31jyKGJzBgK8Ztd7F0W.jpg?quality=96&as=32x43,48x64,72x96,108x144,160x213,240x320,360x480,480x640,540x721,640x854,720x961,1080x1441,1280x1708,1388x1852&from=bu&cs=1388x0",,,2022-03-11 20:24:21,58.007842,56.235443,58.00819896273859,56.23476395501453,56.3538374152652,synagogue,-194619161,,,,,,,True,False,,,,,,,,True,False,,,,,
457257868,-170690865,-7,,,"https://sun9-88.userapi.com/s/v1/ig2/yglpFyLiD7zQwvjLvWfa_KC8Y2-MSm6jdqqGmslw-9srl6fDkdaevRFnofyuR_eSnyHCB7BaC-AU25HsaXmJWZRH.jpg?quality=95&as=32x43,48x64,72x96,108x144,160x213,240x320,360x480,480x640,540x720,640x853,720x960,1080x1440,1280x1707,1398x1864&from=bu&cs=1398x0",,,2023-07-02 17:17:05,58.007799,56.234293,58.00819896273859,56.23476395501453,52.41830941546784,synagogue,-170690865,,,,,,,True,False,,,,,,,,True,False,,,,,
457255171,-170690865,-7,,,"https://sun9-18.userapi.com/s/v1/ig2/p7bILCu9j1OulzJZKOsmRXI2lDWixwHF49wPsJiFN-HQTWDDbj7PzPL4rdub2a7VDL5RsC3QTRqKfFe7YXRXCHIO.jpg?quality=95&as=32x43,48x64,72x96,108x144,160x213,240x320,360x480,480x640,540x720,640x853,720x960,1080x1440,1280x1707,1344x1792&from=bu&cs=1344x0",,,2023-01-04 11:02:27,58.007722,56.234505,58.00819896273859,56.23476395501453,55.186284082187015,synagogue,-170690865,,,,,,,True,False,,,,,,,,True,False,,,,,
457254097,-170690865,-7,,,"https://sun9-33.userapi.com/s/v1/ig2/E2nxpQvWLlb-BgC7F-miVlaLA9YmIEUiNtMLL8qNitXReqeIeZZL77zUHfF-FHFe5T4kMCc2cb7otltUihttZuxZ.jpg?quality=95&as=32x43,48x64,72x96,108x144,160x213,240x320,360x480,480x640,540x720,640x853,720x960,1080x1440,1280x1707,1344x1792&from=bu&cs=1344x0",,,2022-10-18 12:11:33,58.007897,56.234398,58.00819896273859,56.23476395501453,39.902113118787824,synagogue,-170690865,,,,,,,True,False,,,,,,,,True,False,,,,,
457257306,-170690865,-7,,,"https://sun9-9.userapi.com/s/v1/ig2/fvaBWD4XmmAdTbJWR2_vjPP8ZcnsC7re8Iaq21Mzj4p2Wtqb1_c18IRVAR7ND5aOD8kDODAk5ZzoxP1ewe34FWRA.jpg?quality=95&as=32x43,48x64,72x96,108x144,160x213,240x320,360x480,480x640,540x720,640x853,720x960,1080x1440,1280x1707,1398x1864&from=bu&cs=1398x0",,,2023-05-23 13:37:21,58.007707,56.233778,58.00819896273859,56.23476395501453,79.7886801271709,synagogue,-170690865,,,,,,,True,False,,,,,,,,True,False,,,,,
457242869,599715895,305679989,,,"https://sun9-29.userapi.com/s/v1/ig2/bvj_HwNweOd9Xm2xbdEcWM50wna0AYGwlvxbVZIdqmMmB_yhUFc8VZoVDr_YFs7BeC8HZG4H3zjwA7MSM2xNGAvU.jpg?quality=95&as=32x43,48x64,72x96,108x144,160x213,240x320,360x480,480x640,540x720,640x853,720x960,1080x1440,1280x1707,1440x1920,1920x2560&from=bu&cs=1920x0",,,2025-04-14 08:26:31,58.008002,56.235125,58.00819896273859,56.23476395501453,30.529618692970583,synagogue,599715895,,,,,,,True,False,,,,,,,,True,False,,,,,
457257103,-170690865,-7,,,"https://sun9-11.userapi.com/s/v1/ig2/zdpW0XXk4GEj3U4tLFBcysZfNhKJn9MWNrbwT8qAt332A-AIFLd-ox8NGa6cZPYf1hNAxYGUA6ai_qJmrKoZLX0_.jpg?quality=95&as=32x43,48x64,72x96,108x144,160x213,240x320,360x480,480x640,540x720,640x853,720x960,1080x1440,1280x1707,1398x1864&from=bu&cs=1398x0",,,2023-05-06 12:42:47,58.007799,56.234808,58.00819896273859,56.23476395501453,44.54945572405847,synagogue,-170690865,,,,,,,True,False,,,,,,,,True,False,,,,,
457274469,-7165191,255926010,,,"https://sun9-55.userapi.com/s/v1/ig2/LupAtlNh-Hpvpb7huimSlF0jWpjJ-PW19KaQ09-fn_dbBWSnZEu-CK8C2gzarFTYKdOyZKkojlVv-XltRZ38ZfAi.jpg?quality=96&as=32x36,48x54,72x81,108x121,160x179,240x269,360x404,480x538,540x606,640x718,720x808,1080x1211,1280x1436,1440x1615,1448x1624&from=bu&cs=1448x0",,,2021-08-06 08:48:21,58.0078,56.235496,58.00819896273859,56.23476395501453,61.86972331699838,synagogue,301828947,,,,,,"Жакет
Цена 1699р
Размер  44

Шорты
Цена 999р
По размеру лучше уточнять",True,False,,,,,,,,True,False,,,,,
457244167,33433452,299189383,,,"https://sun9-4.userapi.com/s/v1/ig2/MEKBrB9gjAHELQqMksFIzt8isci2SZHj19KH8JB4iTwyY6h6TeuxxcwXZ0fjTmRZ3k9YZr0uYZtzG26Et98tYrLz.jpg?quality=96&as=32x43,48x64,72x96,108x144,160x214,240x320,360x481,480x641,540x721,640x854,720x961,1080x1442,1280x1709,1440x1922,1618x2160&from=bu&cs=1618x0",,,2020-03-23 17:37:03,58.0081,56.234543,58.00819896273859,56.23476395501453,17.044792131561767,synagogue,33433452,,,,,,,True,True,,,,,,,,True,False,,,,,
456239815,-224628741,-7,,,"https://sun9-14.userapi.com/s/v1/ig2/Zjkv91gFYBiIWB-hxU8az6Vf53Vt0_PxcdFKb7hR_tLkuAt-M9lN6HvROiSD3T6fLbbvMlcelCFA9uKCS8tzOXC5.jpg?quality=95&as=32x43,48x64,72x96,108x144,160x213,240x320,360x480,480x640,540x720,640x853,720x960,1080x1440,1280x1707,1440x1920,1920x2560&from=bu&cs=1920x0",,,2024-04-20 18:13:18,58.007723,56.235707,58.00819896273859,56.23476395501453,76.72991767250984,synagogue,-224628741,,,,,,,True,False,,,,,,,,True,False,,,,,
457240599,444177497,-7,958.0,https://vk.com/wall444177497_958,"https://sun9-28.userapi.com/s/v1/ig2/EpGyl65xK2TJ1FiMCAhO4qsSyCYDF_-IrY8uJtI4tNz084kStPVckG8uqlb74c5SSu5vn4bZ_jj7C5brq19x1DC5.jpg?quality=96&as=32x43,48x64,72x96,108x144,160x214,240x321,360x481,480x642,540x722,640x856,720x963,1005x1344&from=bu&cs=1005x0",,,2021-02-21 18:33:14,58.007989,56.235773,58.00819896273859,56.23476395501453,63.864272403377186,synagogue,444177497,,,,,,,True,False,,,,,,,,True,False,,,,,
457251110,26103747,-7,,,"https://sun9-65.userapi.com/s/v1/ig2/19eJjfJZ9FcrN8NjD6Sb7qA_J0kYvAOocuTz_i43oXXuQ43pY5FurWBnsqOfvj70ARYBoBfCimso16FPTHayJY07.jpg?quality=95&as=32x49,48x73,72x110,108x165,160x244,240x366,360x549,480x731,540x823,640x975,720x1097,1050x1600&from=bu&cs=1050x0",,,2022-08-31 14:15:46,58.007694,56.234597,58.00819896273859,56.23476395501453,57.00421853451046,synagogue,26103747,,,,,,,True,False,,,,,,,,True,False,,,,,
457239495,204208346,-7,,,"https://sun9-19.userapi.com/s/v1/if2/K1dwauK6z2mcd3b_jNz-6SNNTMsqpXLZ2-HgtbcYOotyYNNn8xKGkdS51hsLee39PPpFTnDPxvZ2dg3ycPBc3pCD.jpg?quality=95&as=32x24,48x36,72x54,108x81,160x120,240x180,360x270,480x360,540x405,640x480,720x540,1080x810,1280x960,1440x1080,2016x1512&from=bu&cs=2016x0",,,2022-06-27 19:47:33,58.008212,56.234688,58.00819896273859,56.23476395501453,4.703548266871273,synagogue,204208346,,,,,,,True,True,,,,,,,,True,False,,,,,
457243352,463954823,-6,,,"https://sun9-62.userapi.com/s/v1/ig2/b4k8mkVMe4D-BtSkHOjxyOyxAnSK5ySFbbN_mlOKHiX1H4Tm3K8AkTg-u0cw6cQSbrvoFxVYJd8O-48OdpHAF1K2.jpg?quality=95&as=32x57,48x85,72x128,108x192,160x284,240x426,360x639,480x852,540x959,640x1136,720x1278,1080x1917,1280x2272,1440x2556,1442x2560&from=bu&cs=1442x0",,,2023-04-02 15:28:01,58.008107,56.234821,58.00819896273859,56.23476395501453,10.763838839568535,synagogue,463954823,,,,,,,True,True,,,,,,,,True,False,,,,,
456239087,292571918,-7,,,"https://sun9-73.userapi.com/s/v1/if1/uzJCCdWW416ixNuNAztQ9CDOX7e-ZztV9gYZ8E4AdGXst-0hUHl0k2sZ0WL6E-ervmYaj-ij.jpg?quality=96&as=32x24,48x36,72x54,108x81,160x120,240x180,360x270,480x360,540x405,640x480,720x540,1080x810,1280x960,1440x1080,2560x1920&from=bu&cs=2560x0",,,2018-07-14 05:24:35,58.007961,56.23535,58.00819896273859,56.23476395501453,43.49812682803051,synagogue,292571918,,,,,,,True,False,,,,,,,,True,False,,,,,
405561364,261660768,-7,,,"https://sun9-46.userapi.com/s/v1/ig1/-v4f5E4VbtOww9HI_pOFP8wdAGQIts1925Y5pBZcIq809y4GkzIKwVAlGzH6YcGJObj_JUic.jpg?quality=96&as=32x43,48x64,72x96,108x144,160x213,240x320,360x480,480x640,540x720,640x853,720x960&from=bu&cs=720x0",,,2016-03-14 12:18:33,58.008003,56.235984,58.00819896273859,56.23476395501453,75.10451941752339,synagogue,261660768,,,,,,,True,False,,,,,,,,True,False,,,,,
456241151,261660768,-7,,,"https://sun9-69.userapi.com/s/v1/ig1/_8rq0UisbFlddLopyVvxG3qI2tfM0dCRsWubEeTl9ZFOPOjdGuVKAP71NNvYtC1OClwYaDIi.jpg?quality=96&as=32x40,48x60,72x90,108x135,160x200,240x300,360x450,480x600,540x675,640x800,720x900,768x960&from=bu&cs=768x0",,,2017-06-24 08:15:16,58.00801,56.235746,58.00819896273859,56.23476395501453,61.55070767470892,synagogue,261660768,,,,,,,True,False,,,,,,,,True,False,,,,,
457257457,-170690865,-7,,,"https://sun9-78.userapi.com/s/v1/ig2/152OcLAVXSvIS3mbSfPPGkzQysJNmIXh3jk0V41tKUiKGCb9Z4Q_JQjxxlXwTAh99dx2adCfDyCc8gFD_9hm2nv-.jpg?quality=95&as=32x43,48x64,72x96,108x144,160x213,240x320,360x480,480x640,540x720,640x853,720x960,1080x1440,1280x1707,1398x1864&from=bu&cs=1398x0",,,2023-06-01 17:35:00,58.007715,56.234399,58.00819896273859,56.23476395501453,57.95011791683787,synagogue,-170690865,,,,,,,True,False,,,,,,,,True,False,,,,,
457239616,-194619161,-7,,,"https://sun9-47.userapi.com/s/v1/ig2/nw_28nsI8_9rg4qtLa2mkJjO4uy4vjsFjK1Ctj_nJ0uUh75wX_wLKpOrsnFHOcwnRX2VAxfRuA8C68MWIOn30MoK.jpg?quality=96&as=32x43,48x64,72x96,108x144,160x213,240x320,360x480,480x640,540x721,640x854,720x961,1080x1441,1280x1708,1388x1852&from=bu&cs=1388x0",,,2022-03-14 09:26:51,58.007975,56.235389,58.00819896273859,56.23476395501453,44.45276071322154,synagogue,-194619161,,,,,,,True,False,,,,,,,,True,False,,,,,
456240637,-224628741,-7,493.0,https://vk.com/wall-224628741_493,"https://sun9-11.userapi.com/s/v1/if2/V4DaP-YA8DZbY6j33OKkL27g_-12HQstS-PFQ55nBuIY-orD_nKRT9To-q0_x5wwitCBAKigR3peRBE8dGR3KkNq.jpg?quality=95&as=32x23,48x35,72x53,108x79,160x117,240x176,360x264,480x352,540x396,640x470,720x528,1080x793,1280x939,1440x1057,2560x1879&from=bu&cs=2560x0",,,2024-07-08 19:41:11,58.007723,56.235707,58.00819896273859,56.23476395501453,76.72991767250984,synagogue,-224628741,,,,,,,True,False,,,,,,,,True,True,,False,,,
457257203,-170690865,-7,,,"https://sun9-17.userapi.com/s/v1/ig2/DPNXTFqMUxorHk4BqtQDiJ-45Oefb4VWjulx-o5ESzvkhhl8SU1XvLAn4bsP4e1GIijbWBEIP2wHWbEtSzKTC0e9.jpg?quality=95&as=32x43,48x64,72x96,108x144,160x213,240x320,360x480,480x640,540x720,640x853,720x960,1080x1440,1280x1707,1398x1864&from=bu&cs=1398x0",,,2023-05-17 13:04:42,58.007806,56.234399,58.00819896273859,56.23476395501453,48.698462152861765,synagogue,-170690865,,,,,,,True,False,,,,,,,,True,False,,,,,
402403054,261660768,-7,,,"https://sun9-48.userapi.com/s/v1/ig1/RlTV469b1W-SVw6dd0gwbS5j-3rcAcSmfDLv8Sxvan2UAnfUXa-ilK0kkacqu53e5ONn1qi5.jpg?quality=96&as=32x43,48x64,72x96,108x144,160x213,240x320,360x480,480x640,540x720,640x853,720x960&from=bu&cs=720x0",,,2016-02-22 11:32:49,58.0078,56.235667,58.00819896273859,56.23476395501453,69.26920650853022,synagogue,261660768,,,,,,,True,False,,,,,,,,True,False,,,,,
457261206,91875183,305287651,,,"https://sun9-11.userapi.com/s/v1/ig2/t2mTAb17auXNLzx2Ka_iKWkncrfMh3kQIuNnjd8nsr-BZcs4XuhgJ3JDo_X4IZRLK2dmWJQEdlvR0zPihQ4nmxlt.jpg?quality=95&as=32x32,48x48,72x72,108x108,160x160,240x240,360x360,480x480,540x540,640x640,720x720,1080x1080,1280x1280,1440x1440,1560x1560&from=bu&cs=1560x0",,,2024-05-19 19:20:27,58.007995,56.234504,58.00819896273859,56.23476395501453,27.36586051718784,synagogue,91875183,,,,,,,True,False,,,,,,,,True,True,,False,,,
457251663,-170690865,-7,,,"https://sun9-31.userapi.com/s/v1/ig2/lAEtvtiIlqixbtzsc426V2WGf5QelPwl89wOQF9SCnpcwgPAmRgQ_j0bM-toW7t0aJKoMRICmsY5d2jPHp9n1TmF.jpg?quality=95&as=32x43,48x64,72x96,108x144,160x213,240x320,360x480,480x640,540x720,640x853,720x960,1080x1440,1280x1707,1344x1792&from=bu&cs=1344x0",,,2022-06-14 13:10:53,58.007813,56.234504,58.00819896273859,56.23476395501453,45.567571879464026,synagogue,-170690865,,,,,,,True,False,,,,,,,,True,False,,,,,
457257543,-170690865,-7,,,"https://sun9-84.userapi.com/s/v1/ig2/JLG54jpENVKtM29KUkSn3Y0JYnmCITDOQUCfj2Cz4JdfsjnPIvcQ_XF782B_NgIQ-s4y-w0-JRYRS7YE7aIrj9B5.jpg?quality=95&as=32x43,48x64,72x96,108x144,160x213,240x320,360x480,480x640,540x720,640x853,720x960,1080x1440,1280x1707,1398x1864&from=bu&cs=1398x0",,,2023-06-08 15:43:36,58.007722,56.234505,58.00819896273859,56.23476395501453,55.186284082187015,synagogue,-170690865,,,,,,,True,False,,,,,,,,True,False,,,,,
457254440,-170690865,-7,,,"https://sun9-71.userapi.com/s/v1/ig2/RguIcJ2dBp3d5DxpLPrqsB3Qd99HntkKVB3oIR9KGvvE59B0ExrInql_FcBbYnV3NmI6Sw7WxBv9Kurz7UaerNHu.jpg?quality=95&as=32x43,48x64,72x96,108x144,160x213,240x320,360x480,480x640,540x720,640x853,720x960,1080x1440,1280x1707,1344x1792&from=bu&cs=1344x0",,,2022-11-11 14:00:43,58.007813,56.234504,58.00819896273859,56.23476395501453,45.567571879464026,synagogue,-170690865,,,,,,,True,False,,,,,,,,True,False,,,,,
457245778,-194619161,-7,,,"https://sun9-71.userapi.com/s/v1/ig2/sFKNpAHX0KqdphSPRSEpiiM2Je0htMxvbdjPLhtwdqfIueTYWasvixHA7zU9VNvr7xgHUoSswVzSpmTQ9nu_WLmW.jpg?quality=95&as=32x42,48x64,72x95,108x143,160x212,240x318,360x478,480x637,540x716,640x849,720x955,1080x1433,1280x1698,1440x1910,1930x2560&from=bu&cs=1930x0",,,2024-11-14 09:55:57,58.007806,56.234914,58.00819896273859,56.23476395501453,44.580569031556806,synagogue,-194619161,,,,,,,True,False,,,,,,,,True,False,,,,,
457243440,-194619161,-7,,,"https://sun9-29.userapi.com/s/v1/ig2/_Icl-9wxUT2CrQwz_qRPLPy3ge0shMQkMBbLbgY4X-95prMCCxfvD5gbk6S9PtIDGffIKXO4A5SuIUujyMKfe_0w.jpg?quality=95&as=32x43,48x64,72x96,108x144,160x213,240x320,360x480,480x640,540x720,640x853,720x960,1080x1440,1280x1707,1440x1920,1920x2560&from=bu&cs=1920x0",,,2023-07-31 11:35:06,58.00782,56.234095,58.00819896273859,56.23476395501453,57.69519105960541,synagogue,-194619161,,,,,,,True,False,,,,,,,,True,False,,,,,
457255436,-170690865,-7,,,"https://sun9-88.userapi.com/s/v1/ig2/1UVgg1HLW84jg9myXcEp_wTwkfUEomTaXdSOMpxvJUgF2S3UZycqCrybTTdjubhacFClYvpRT-zG2aHWAGJCxn6b.jpg?quality=95&as=32x43,48x64,72x96,108x144,160x213,240x320,360x480,480x640,540x720,640x853,720x960,1080x1440,1280x1707,1344x1792&from=bu&cs=1344x0",,,2023-01-21 10:09:20,58.007694,56.234597,58.00819896273859,56.23476395501453,57.00421853451046,synagogue,-170690865,,,,,,,True,False,,,,,,,,True,False,,,,,
334506706,212761732,-7,,,"https://sun9-64.userapi.com/s/v1/if2/a3M9T1CsiJmuS1Zp9rEZNQ4tZE646aSW2KDQyJt3sIfrlmiE_Qa_h3tUbw23UFMsrlpsegRStaSikiYz6MJRbfd1.jpg?quality=96&as=32x18,48x27,72x40,108x61,160x90,240x135,360x202,480x270,540x303,640x359,720x404,1080x607,1280x719&from=bu&cs=1280x0",,,2014-06-30 18:26:49,58.00838,56.234648,58.00819896273859,56.23476395501453,21.25785582160904,synagogue,212761732,,,,,,,True,True,,,,,,,,True,False,,,,,
457247916,-170690865,-7,,,"https://sun9-18.userapi.com/s/v1/ig2/7mtMDF01JoZcmWab6iTUHgbg05Pt-RDfPI3giVb6kBSZbyvpkmNU8Mw6nmPJuGwMmg3UJ-T5ahrAO1CqUUBT-6Fv.jpg?quality=96&as=32x43,48x64,72x96,108x144,160x214,240x320,360x481,480x641,540x721,640x855,720x961,1080x1442,1280x1709,1342x1792&from=bu&cs=1342x0",,,2022-05-04 12:05:17,58.00803,56.234517,58.00819896273859,56.23476395501453,23.762075342559715,synagogue,-170690865,,,,,,,True,False,,,,,,,,True,False,,,,,
457245800,-194619161,-7,,,"https://sun9-79.userapi.com/s/v1/ig2/yJ3LLDo12-H-NP4gai-3cRVfeHza7W1GB5W6p9UZ8K3-h4WCsnmTAHkP5Cg7jbabnAGdTqI74v5YARo_91C8FAO0.jpg?quality=95&as=32x43,48x64,72x96,108x144,160x213,240x320,360x480,480x640,540x720,640x853,720x960,1080x1440,1280x1707,1440x1920,1920x2560&from=bu&cs=1920x0",,,2024-11-18 08:06:22,58.0081,56.234887,58.00819896273859,56.23476395501453,13.17706229634948,synagogue,-194619161,,,,,,,True,True,,,,,,,,True,False,,,,,
457239617,-194619161,-7,,,"https://sun9-86.userapi.com/s/v1/ig2/7QL63BG23RiiM0UHpXlsNyU_IfSwiHqKrg38wtCt_C1nT5mgryggExM8GJFMQJY0ffU4yP0-tJ1jF8K2-2gyIOe1.jpg?quality=96&as=32x43,48x64,72x96,108x144,160x213,240x320,360x480,480x640,540x721,640x854,720x961,1080x1441,1280x1708,1388x1852&from=bu&cs=1388x0",,,2022-03-14 09:26:51,58.007905,56.235363,58.00819896273859,56.23476395501453,48.10262183342313,synagogue,-194619161,,,,,,,True,False,,,,,,,,True,False,,,,,
456240330,252068287,-7,,,"https://sun9-19.userapi.com/s/v1/ig1/g-WR-ykbapCpFWBRyXCv1-RNP33h8A-fyxBjA4wJxpnDc4AE4mKRQBw508K1OOk5XuhOtDES.jpg?quality=96&as=32x43,48x64,72x96,108x144,160x214,240x320,360x481,480x641,540x721,640x855,719x960&from=bu&cs=719x0",,,2017-09-27 09:06:30,58.007799,56.233949,58.00819896273859,56.23476395501453,65.44369190106116,synagogue,252068287,,,,,,,True,False,,,,,,,,True,False,,,,,
457338385,360619746,-7,347741.0,https://vk.com/wall360619746_347741,"https://sun9-67.userapi.com/s/v1/if2/5rgIxgzEl8sFgwlvCYcaGS89JjF_aTDkafoVM7yfn5ivelhWHFC56EsxRFXHRkwNOHfy9_0q_nfANxmhD-66PhzC.jpg?quality=96&as=32x24,48x36,72x54,108x81,160x119,240x179,360x269,480x358,540x403,640x478,720x538,1080x807,1280x956,1440x1075,2560x1912&from=bu&cs=2560x0",,,2020-10-17 17:58:45,58.007623,56.233712,58.00819896273859,56.23476395501453,89.11894462380126,synagogue,360619746,,,,,,,True,False,,,,,,,,True,False,,,,,
456239027,442809418,-7,,,"https://sun9-79.userapi.com/s/v1/if1/tNIoAJUfiPQMcidBPU0fK3Z3CvCBqsG3zEHzo9CuM1zlov8YArgGSg82Y2wgVHTBMhCJBf9Z.jpg?quality=96&as=32x24,48x36,72x54,108x81,160x120,240x180,360x270,480x360,540x405,640x480,720x540,1080x810,1280x960,1440x1080,2560x1920&from=bu&cs=2560x0",,,2018-06-19 11:13:44,58.007764,56.23428,58.00819896273859,56.23476395501453,56.14336322926385,synagogue,442809418,,,,,,,True,False,,,,,,,,True,False,,,,,
457254168,-170690865,-7,,,"https://sun9-51.userapi.com/s/v1/ig2/O5MMGO7951x-VeyqAedmyBpcEXLhRrm_TtBRb1tgpvaXPrIBTiqU7jFI1DyEWvKv2dw31qGH-5iH1riA7bT-L3wL.jpg?quality=95&as=32x43,48x64,72x96,108x144,160x213,240x320,360x480,480x640,540x720,640x853,720x960,1080x1440,1280x1707,1344x1792&from=bu&cs=1344x0",,,2022-10-22 12:48:54,58.00782,56.23461,58.00819896273859,56.23476395501453,43.10373252508328,synagogue,-170690865,,,,,,,True,False,,,,,,,,True,False,,,,,
457242323,92313677,-7,,,"https://sun9-8.userapi.com/s/v1/ig2/FcwwcETcm80650WQWQuKSWunw-bUmSLvh1oNzkxaDuFUYmJcuuHBeNZZKFQJyW4qxYaimPuf8qbQip6Q6u-0iA3d.jpg?quality=95&as=32x43,48x64,72x96,108x144,160x213,240x320,360x480,480x640,540x720,640x853,720x960,1080x1440,1280x1707,1440x1920&from=bu&cs=1440x0",,,2022-05-24 11:19:15,58.008016,56.234993,58.00819896273859,56.23476395501453,24.41245746986248,synagogue,92313677,,,,,,,True,True,,,,,,,,True,True,,False,,,
456239191,93821781,-7,,,"https://sun9-41.userapi.com/s/v1/ig1/l6N_g3321L_k8vw5oVjcsUZZMYPId5G12GYGHv_EEqNz2Pt4KsmhZ1EvGOISlZY9CKjGFUT1.jpg?quality=96&as=32x43,48x64,72x96,108x144,160x213,240x320,360x480,480x640,540x720,640x853,720x960&from=bu&cs=720x0",,,2017-08-20 06:17:09,58.007877,56.235284,58.00819896273859,56.23476395501453,47.119795256605805,synagogue,93821781,,,,,,,True,False,,,,,,,,True,False,,,,,
457257794,-170690865,-7,,,"https://sun9-34.userapi.com/s/v1/ig2/y9Q23bxI2H-Mc3klfuY2eObUVeVom60o4059WlPDtle3Rg3gzkJD6hjOfu8aBeIIQ_VUx5E129D-fILYlrFAz1ab.jpg?quality=95&as=32x43,48x64,72x96,108x144,160x213,240x320,360x480,480x640,540x720,640x853,720x960,1080x1440,1280x1707,1398x1864&from=bu&cs=1398x0",,,2023-06-29 14:56:27,58.007722,56.234505,58.00819896273859,56.23476395501453,55.186284082187015,synagogue,-170690865,,,,,,,True,False,,,,,,,,True,False,,,,,
456239063,-75252175,-7,,,"https://sun9-82.userapi.com/s/v1/ig1/NxQcFr5KcmYNqodmXh_rjmJ43q8ES62viqicgBRzyqeu3MEm1Q1tfcCu-rMBI3jYxUL3NXpx.jpg?quality=96&as=32x32,48x48,72x72,108x108,160x160,240x240,360x360,480x480,540x540,640x640,720x720,960x960&from=bu&cs=960x0",,,2016-11-12 03:58:56,58.007821,56.235469,58.00819896273859,56.23476395501453,59.088672109815,synagogue,-75252175,,,,,,,True,False,,,,,,,,True,False,,,,,
457241592,190760470,-7,1775.0,https://vk.com/wall190760470_1775,"https://sun9-38.userapi.com/s/v1/ig2/C27nFv5YDqT_gWDgBlr9U3TddgIbS78gyUWAQqASMtKtEltdyLr_BCkKNDdaVfiNXAN63CcLvEQ1ewI08u5MAtNI.jpg?quality=95&as=32x43,48x64,72x96,108x144,160x213,240x320,360x480,480x640,540x720,640x853,720x960,1080x1440,1280x1707,1440x1920&from=bu&cs=1440x0",,,2022-06-01 17:12:26,58.007722,56.234505,58.00819896273859,56.23476395501453,55.186284082187015,synagogue,190760470,,,,,,,True,False,,,,,,,,True,False,,,,,
456239258,62110046,-6,4691.0,https://vk.com/wall62110046_4691,"https://sun9-83.userapi.com/s/v1/ig1/Kt8GxeCoS-g0yYYje-7uEgy7JlubbyJv2axGuBiD4zZuM-QkrE3y5whyQV0yHs8sRTmqoRRu.jpg?quality=96&as=32x40,48x60,72x90,108x135,160x200,240x300,360x450,480x599,540x674,640x799,720x899,960x1199&from=bu&cs=960x0",,,2016-12-04 14:24:39,58.007996,56.23605,58.00819896273859,56.23476395501453,79.05216913219736,synagogue,62110046,,,,,,,True,False,,,,,,,,True,False,,,,,
457257285,-170690865,-7,,,"https://sun9-33.userapi.com/s/v1/ig2/vIZI4lIs03zDtFbrrHi0jjCv1-CBta075TfNiqPtdOeaItg4qr4pIw6zt5cVzqNlxOjT8UpfM0ji7birbK7pM3BS.jpg?quality=95&as=32x43,48x64,72x96,108x144,160x213,240x320,360x480,480x640,540x720,640x853,720x960,1080x1440,1280x1707,1398x1864&from=bu&cs=1398x0",,,2023-05-21 14:41:12,58.007806,56.234399,58.00819896273859,56.23476395501453,48.698462152861765,synagogue,-170690865,,,,,,,True,False,,,,,,,,True,False,,,,,
435640469,-130907893,237983843,,,"https://sun9-36.userapi.com/s/v1/if1/dU4ztnwQQG6lR8yoSyce6trPRC5WFshVdPuMS9WPGeHybLpNI8ewt8ZKXHOHyPtLpMprkw.jpg?quality=96&as=32x24,48x36,72x54,108x81,160x120,240x180,360x270,480x360,540x405,640x480,720x540,960x720&from=bu&cs=960x0",,,2016-10-24 21:56:41,58.008017,56.235508,58.00819896273859,56.23476395501453,48.2770062583902,synagogue,-130907893,,,,,,,True,False,,,,,,,,True,False,,,,,
457255629,-170690865,-7,,,"https://sun9-67.userapi.com/s/v1/ig2/hyfzrPcIVecAZSnlxRW1ZCcj5raGD6SheGbKEMPlUYsXATTXyqyMtFCvvo9OAmqYpT-AUQxioPcrC3j7mJK-U3cg.jpg?quality=95&as=32x43,48x64,72x96,108x144,160x213,240x320,360x480,480x640,540x720,640x853,720x960,1080x1440,1280x1707,1344x1792&from=bu&cs=1344x0",,,2023-02-04 13:31:52,58.007715,56.234399,58.00819896273859,56.23476395501453,57.95011791683787,synagogue,-170690865,,,,,,,True,False,,,,,,,,True,False,,,,,
306386051,571869,-7,,,"https://sun9-29.userapi.com/s/v1/ig2/SErhVGlJ_RrYyFv5PFggOBH3OSTCui9HEUle7JHMX5WTJms2NueDqpoHIgRAtvv51zakwhcCzO5rXcV7JT254yVW.jpg?quality=96&as=32x32,48x48,72x72,108x108,160x160,240x239,360x359,480x479,540x538,640x638,719x717&from=bu&cs=719x0",,,2013-06-29 03:04:21,58.008003,56.236156,58.00819896273859,56.23476395501453,84.85231837542011,synagogue,571869,,,,,,,True,False,,,,,,,,True,False,,,,,
457240311,49524464,-7,2879.0,https://vk.com/wall49524464_2879,"https://sun9-22.userapi.com/s/v1/ig2/MaZBN4cVtYXIFhTpJYFB5ZN5HaBOQyVUmrPruhkJXo3I_lyiToQ5_jeXBoY2zA_xbDrqVdBpv18OWp_fJ5vQgo-D.jpg?quality=95&as=32x43,48x64,72x96,108x144,160x214,240x321,360x481,480x642,540x722,640x855,720x962,1080x1444,1197x1600&from=bu&cs=1197x0",,,2022-09-03 12:27:38,58.008317,56.2349,58.00819896273859,56.23476395501453,15.37861529780568,synagogue,49524464,,,,,,,True,True,,,,,,,,True,False,,,,,
457251829,-170690865,-7,,,"https://sun9-70.userapi.com/s/v1/ig2/Lot6H3fcTBoeQeJRkffbkwqjWdq2zoW8443EnIgzsLdm34PQN-Uz4vZS6mEsx6O0JMZTCQ97-wHyUm9gvSxAOC3e.jpg?quality=95&as=32x43,48x64,72x96,108x144,160x214,240x320,360x481,480x641,540x721,640x855,720x961,1080x1442,1280x1709,1342x1792&from=bu&cs=1342x0",,,2022-06-17 10:05:02,58.007806,56.234399,58.00819896273859,56.23476395501453,48.698462152861765,synagogue,-170690865,,,,,,,True,False,,,,,,,,True,False,,,,,
457245803,-194619161,-7,,,"https://sun9-84.userapi.com/s/v1/ig2/eHVEJ3eFV50aa5M47zwNj_486-d_KazXVOHLAxPCjN330cs8fi_L5zED5UNjsJ0QJCL3huzzI03bH__cynIC7WMB.jpg?quality=95&as=32x43,48x64,72x96,108x144,160x213,240x320,360x480,480x640,540x720,640x853,720x960,1080x1440,1280x1707,1440x1920,1920x2560&from=bu&cs=1920x0",,,2024-11-18 08:06:22,58.007904,56.23502,58.00819896273859,56.23476395501453,36.10063813444753,synagogue,-194619161,,,,,,,True,False,,,,,,,,True,True,,False,,,
457256083,-170690865,-7,,,"https://sun9-68.userapi.com/s/v1/ig2/8ntXzRhL5NxbLcXBVA4JhhbZgmwljT8xe2s7bhVjAtTL6-HWaUqwYZwmabbuuQ4pyh41OLJuOH6l47lKPYXamWWL.jpg?quality=95&as=32x43,48x64,72x96,108x144,160x214,240x320,360x481,480x641,540x721,640x855,720x961,1080x1442,1280x1709,1342x1792&from=bu&cs=1342x0",,,2023-03-08 12:28:33,58.007799,56.234293,58.00819896273859,56.23476395501453,52.41830941546784,synagogue,-170690865,,,,,,,True,False,,,,,,,,True,False,,,,,
457244987,-170690865,-7,,,"https://sun9-31.userapi.com/s/v1/ig2/mh36My4yM3SUoID2rd41dOtWDZTzMNpNydQsZvgan0s8LtdhuEnA5x0ndLCA8ZRDT_TK5X0PqiM1OZaCpp1_Tvt0.jpg?quality=96&as=32x43,48x64,72x96,108x144,160x213,240x320,360x480,480x640,540x720,640x853,720x960,1080x1440,1280x1707,1344x1792&from=bu&cs=1344x0",,,2022-04-14 11:41:13,58.007785,56.234425,58.00819896273859,56.23476395501453,50.17512051177066,synagogue,-170690865,,,,,,,True,False,,,,,,,,True,False,,,,,
412283989,261660768,-7,6200.0,https://vk.com/wall261660768_6200,"https://sun9-10.userapi.com/s/v1/ig1/lMTNsdv3VE2RGnBWnDtG4NsaMZcN0rf2H2_-gAnjogFXTF4BbQRknXFrPlAPZ8xE9wuqOFkB.jpg?quality=96&as=32x43,48x64,72x96,108x144,160x213,240x320,360x480,480x640,540x720,640x853,720x960&from=bu&cs=720x0",,,2016-04-30 16:05:14,58.007779,56.236037,58.00819896273859,56.23476395501453,88.34684973046576,synagogue,261660768,,,,,,,True,False,,,,,,,,True,False,,,,,
457245705,-170690865,-7,,,"https://sun9-4.userapi.com/s/v1/ig2/3zepFbYFpz3_APvEqxrFG2rvKjJmE-Dobrqz9s5vdqji2OxVwHbJ_SJvav2I43FXtStL7hmbRsnK_lL4WFMnRSbI.jpg?quality=96&as=32x43,48x64,72x96,108x144,160x213,240x320,360x480,480x640,540x720,640x853,720x960,1080x1440,1280x1707,1344x1792&from=bu&cs=1344x0",,,2022-04-18 13:51:00,58.007729,56.234438,58.00819896273859,56.23476395501453,55.67383528230831,synagogue,-170690865,,,,,,,True,False,,,,,,,,True,False,,,,,
457254428,-170690865,-7,,,"https://sun9-13.userapi.com/s/v1/ig2/saRwzCbuaj8JXqdw7LizxmUIK1WP7Uw1O6pDRj8005jC3B39RYVHJtpUOt0Oc4JbVgtI4nJmjhJMsts6nbsdByqb.jpg?quality=95&as=32x43,48x64,72x96,108x144,160x213,240x320,360x480,480x640,540x720,640x853,720x960,1080x1440,1280x1707,1344x1792&from=bu&cs=1344x0",,,2022-11-11 13:49:58,58.007911,56.23461,58.00819896273859,56.23476395501453,33.27970507679034,synagogue,-170690865,,,,,,,True,False,,,,,,,,True,False,,,,,
457256082,-170690865,-7,,,"https://sun9-47.userapi.com/s/v1/ig2/5pI_OyOqVVCO8Ye66Juq3rud0AQb8tR4Ptnf0_M5mz0ZsrDtqKFAqo4WA1Fj6cPgBYqnEyIZ2eKm0eQGYeKyM1Ju.jpg?quality=95&as=32x43,48x64,72x96,108x144,160x214,240x320,360x481,480x641,540x721,640x855,720x961,1080x1442,1280x1709,1342x1792&from=bu&cs=1342x0",,,2023-03-08 12:28:33,58.007806,56.234399,58.00819896273859,56.23476395501453,48.698462152861765,synagogue,-170690865,,,,,,,True,False,,,,,,,,True,False,,,,,
457257304,-170690865,-7,,,"https://sun9-42.userapi.com/s/v1/ig2/LAgKoUibZlcGj4Zo7qpuZpKAtGCwtF4JSxyZr1TVXYAqcQyYDwkGlQOZp5GX0gmGAnFc9qD9jOABnVuTevxYMtW3.jpg?quality=95&as=32x43,48x64,72x96,108x144,160x213,240x320,360x480,480x640,540x720,640x853,720x960,1080x1440,1280x1707,1398x1864&from=bu&cs=1398x0",,,2023-05-23 13:34:29,58.007722,56.234505,58.00819896273859,56.23476395501453,55.186284082187015,synagogue,-170690865,,,,,,,True,False,,,,,,,,True,False,,,,,
457250995,261660768,-7,,,"https://sun9-73.userapi.com/s/v1/ig2/zlGjfERWx5gNOqqBlcFWQ2YkFS_1fNodKpL4PLWkg2zqAUGrEYKbeIrC0MboTFXjX8QD9qby-VJu1LqPD8USxxRm.jpg?quality=96&as=32x43,48x64,72x96,108x144,160x214,240x320,360x481,480x641,540x721,640x855,720x961,1080x1442,1280x1709,1342x1792&from=bu&cs=1342x0",,,2020-10-15 20:20:58,58.008198,56.234477,58.00819896273859,56.23476395501453,16.90509986711802,synagogue,261660768,,,,,,,True,True,,,,,,,,True,False,,,,,
457241208,-194619161,-7,,,"https://sun9-76.userapi.com/s/v1/ig2/kY_fsC6pvpKKF5S0lQiEi2KVtwy6cB4XxDkbTi9ix-1I-FGsCFXxRBKaB1rA2iE93B7JGST7otlMcY2ktsr6tql6.jpg?quality=95&as=32x43,48x64,72x96,108x144,160x213,240x320,360x480,480x640,540x721,640x854,720x961,1080x1441,1280x1708,1388x1852&from=bu&cs=1388x0",,,2022-09-21 06:36:06,58.007694,56.234597,58.00819896273859,56.23476395501453,57.00421853451046,synagogue,-194619161,,,,,,,True,False,,,,,,,,True,False,,,,,
457256994,193585525,303381976,,,"https://sun9-39.userapi.com/s/v1/ig2/xQpebluCbQf9FtJu4vP94hU4HtGeYd4I-ku14QdL0QeWAsuC3eAwoJJe0kcz0VhboOCsG_x5gwJk9XnX1Hma-tGe.jpg?quality=95&as=32x69,48x104,72x156,108x234,160x347,240x521,360x782,480x1042,540x1173,640x1390,720x1563,1080x2345,1179x2560&from=bu&cs=1179x0",,,2024-09-07 19:37:37,58.008003,56.235297,58.00819896273859,56.23476395501453,38.22179769044088,synagogue,193585525,,,,,,,True,False,,,,,,,,True,False,,,,,
456240734,331323787,-7,,,"https://sun9-83.userapi.com/s/v1/ig1/ekg4FqqScurssAv7APMPyZZATo64SerAfzGyxHGM8JpT1fMWkw4z5EMw-XxTh7IQuTwEe7b3.jpg?quality=96&as=32x42,48x63,72x94,108x141,160x209,240x314,360x471,480x628,540x706,640x837,720x942,734x960&from=bu&cs=734x0",,,2019-03-09 05:04:59,58.007856,56.235482,58.00819896273859,56.23476395501453,56.95343309352278,synagogue,331323787,,,,,,,True,False,,,,,,,,True,False,,,,,
457254933,-170690865,-7,,,"https://sun9-45.userapi.com/s/v1/ig2/yh0zmQmsx9LKw7bEzgZP1vVYh9kMkN3cgzYSn1yHh6x2G_gimb0gjnHuHrbZI4ZFiUZNa5l_AbQKUTJ6QAXnJMKP.jpg?quality=95&as=32x43,48x64,72x96,108x144,160x213,240x320,360x480,480x640,540x720,640x853,720x960,1080x1440,1280x1707,1344x1792&from=bu&cs=1344x0",,,2022-12-15 14:29:52,58.008107,56.234477,58.00819896273859,56.23476395501453,19.756984804975843,synagogue,-170690865,,,,,,,True,False,,,,,,,,True,False,,,,,
457316345,222199696,-7,,,"https://sun9-75.userapi.com/s/v1/ig2/8XzBD1fUD3959-z_ub5kugWFWD-6WVgXoggs_83JAJHKWQLdK9f3lO_A3O_Xc3Kam3xatPx9RHiGqI4YdMp83IBk.jpg?quality=95&as=32x43,48x64,72x96,108x144,160x214,240x320,360x480,480x641,540x721,640x854,720x961,1080x1441,1280x1708,1440x1922,1918x2560&from=bu&cs=1918x0",,,2022-10-28 12:22:16,58.008107,56.234821,58.00819896273859,56.23476395501453,10.763838839568535,synagogue,222199696,,,,,,,True,True,,,,,,,,True,False,,,,,
457255457,-170690865,-7,,,"https://sun9-47.userapi.com/s/v1/ig2/fQ0jRgohHyPJGVgoMvzZfVQpKoTEPOUHetZ0x6dvejN-jclbnVKu4z2aWxEOMZcI-scxztybox9d86lA-58jl0Ov.jpg?quality=95&as=32x43,48x64,72x96,108x144,160x213,240x320,360x480,480x640,540x720,640x853,720x960,1080x1440,1280x1707,1344x1792&from=bu&cs=1344x0",,,2023-01-21 10:17:48,58.007722,56.234505,58.00819896273859,56.23476395501453,55.186284082187015,synagogue,-170690865,,,,,,,True,False,,,,,,,,True,False,,,,,
457257125,-170690865,-7,,,"https://sun9-57.userapi.com/s/v1/ig2/rbwdPjCcE-715GhGkkOFtEXvtRwo2SknltSyJW9OwVufDsV4GdG1X4nGUJw9xcrQua3cUDkKJC5Z-RtAkZQs4F1D.jpg?quality=95&as=32x43,48x64,72x96,108x144,160x213,240x320,360x480,480x640,540x720,640x853,720x960,1080x1440,1280x1707,1398x1864&from=bu&cs=1398x0",,,2023-05-09 14:07:29,58.007715,56.234399,58.00819896273859,56.23476395501453,57.95011791683787,synagogue,-170690865,,,,,,,True,False,,,,,,,,True,False,,,,,
457254083,-170690865,-7,,,"https://sun9-44.userapi.com/s/v1/ig2/_nkEMp241Gf_DPjgbA9WSOcChPbXJxB04gKxc3WiAKOdAmSQkCLJFYSpW3b4MdTQuHnJrxuGIgdpT91jfSMxt5OD.jpg?quality=95&as=32x43,48x64,72x96,108x144,160x213,240x320,360x480,480x640,540x720,640x853,720x960,1080x1440,1280x1707,1344x1792&from=bu&cs=1344x0",,,2022-10-16 13:01:21,58.007694,56.234597,58.00819896273859,56.23476395501453,57.00421853451046,synagogue,-170690865,,,,,,,True,False,,,,,,,,True,False,,,,,
457243294,-46008634,-7,,,"https://sun9-31.userapi.com/s/v1/ig2/vkZVqtrOTYJbx8nBmAE0t3dXKfZf9Ul8JK2ppInvNtxKq92t7JCbHl6znD9nPpv46oVUKmfkwtB0cZoxWSs70b51.jpg?quality=96&as=32x43,48x64,72x96,108x144,160x213,240x320,360x480,480x640,540x720,640x853,720x960,1080x1440,1200x1600&from=bu&cs=1200x0",,,2021-04-13 08:33:28,58.008065,56.234702,58.00819896273859,56.23476395501453,15.33660253181931,synagogue,-46008634,,,,,,,True,True,,,,,,,,True,True,,False,,,
457256775,-170690865,-7,,,"https://sun9-62.userapi.com/s/v1/ig2/aRegxea6yUPhU2Hm5_9o4Ye86k62aP5gR-GX5amfz_0IcPu8UazhhRrhisvSE64zSi7sUd5dF0-jOeyaEO6XKF11.jpg?quality=95&as=32x43,48x64,72x96,108x144,160x214,240x320,360x481,480x641,540x721,640x855,720x961,1080x1442,1280x1709,1342x1792&from=bu&cs=1342x0",,,2023-04-19 14:59:25,58.007708,56.234121,58.00819896273859,56.23476395501453,66.44574108469159,synagogue,-170690865,,,,,,,True,False,,,,,,,,True,False,,,,,
457305107,360619746,-7,,,"https://sun9-69.userapi.com/s/v1/if1/zTCSO0V8gCsmfDZzeuIUVwWf0kBZaaEsDte2H7eIfqCPQRIPg_fLbupdkUsXUvqXMRTf0eFd.jpg?quality=96&as=32x24,48x36,72x54,108x81,160x119,240x179,360x269,480x358,540x403,640x478,720x538,1080x807,1280x956,1440x1075,2560x1912&from=bu&cs=2560x0",,,2019-07-13 17:45:20,58.007813,56.233989,58.00819896273859,56.23476395501453,62.658750872493414,synagogue,360619746,,,,,,,True,False,,,,,,,,True,False,,,,,
457251813,-170690865,-7,,,"https://sun9-84.userapi.com/s/v1/ig2/gBXvtnMXsJzW-wAbKSKRqzkiluj1eVhkFPYUyEPrulp7WrCoFSorRhYSqBvfuADtZiNMLBWzwv0OeOFQ6s6Lp3w-.jpg?quality=95&as=32x43,48x64,72x96,108x144,160x214,240x320,360x481,480x641,540x721,640x855,720x961,1080x1442,1280x1709,1342x1792&from=bu&cs=1342x0",,,2022-06-17 09:53:35,58.00782,56.23461,58.00819896273859,56.23476395501453,43.10373252508328,synagogue,-170690865,,,,,,,True,False,,,,,,,,True,False,,,,,
457239255,171481947,266815498,,,"https://sun9-41.userapi.com/s/v1/if1/LfUrhhl3yqRf4nInT457SBJF-lGtUuf6NpSkJYzEZPsmhpr9WtOPmeGt8w5LhseYweT30XZl.jpg?quality=96&as=32x24,48x36,72x54,108x81,160x120,240x180,360x270,480x360,540x405,640x480,720x540,1080x810,1280x960,1440x1080,2080x1560&from=bu&cs=2080x0",,,2019-10-28 09:23:56,58.00824,56.234939,58.00819896273859,56.23476395501453,11.276541771189992,synagogue,171481947,,,,,,,True,True,,,,,,,,True,False,,,,,
457256709,-170690865,-7,,,"https://sun9-10.userapi.com/s/v1/ig2/Z9niLUOqA4skK5bRQTdZcwRvevb-EBPhHmlgxzPycoy-Yh8imiByofXKtvm8h_EHYV3WSD6mKWYEV0RIdLUJGk9t.jpg?quality=95&as=32x43,48x64,72x96,108x144,160x214,240x320,360x481,480x641,540x721,640x855,720x961,1080x1442,1280x1709,1342x1792&from=bu&cs=1342x0",,,2023-04-16 16:44:08,58.007897,56.234398,58.00819896273859,56.23476395501453,39.902113118787824,synagogue,-170690865,,,,,,,True,False,,,,,,,,True,False,,,,,
403001859,261660768,-7,5178.0,https://vk.com/wall261660768_5178,"https://sun9-37.userapi.com/s/v1/ig1/JIz_uvnUsJdGhJkzxgmwM_Pev8zkESRF0uDnXHs2qx6sxykEeS6PphIs5_p1d3GdYJBWic6a.jpg?quality=96&as=32x32,48x48,72x72,108x108,160x160,240x240,360x360,480x480,540x540,640x640,720x720,960x960&from=bu&cs=960x0",,,2016-02-26 12:23:43,58.007982,56.235667,58.00819896273859,56.23476395501453,58.41394151527235,synagogue,261660768,,,,,,,True,False,,,,,,,,True,False,,,,,
457254373,-170690865,-7,,,"https://sun9-81.userapi.com/s/v1/ig2/bsaPVh6Mn5pxNvS0O3UGRCBajX_ZrcUcyjZBnF3hSfOafGAc7oYdky9bMBze4cM4Lga8wYcVAXR5tva3zsYt9_eN.jpg?quality=95&as=32x43,48x64,72x96,108x144,160x213,240x320,360x480,480x640,540x720,640x853,720x960,1080x1440,1280x1707,1344x1792&from=bu&cs=1344x0",,,2022-11-05 13:00:24,58.007904,56.234332,58.00819896273859,56.23476395501453,41.51239618653149,synagogue,-170690865,,,,,,,True,False,,,,,,,,True,False,,,,,
457243956,276916085,-7,,,"https://sun9-36.userapi.com/s/v1/ig2/3vl7Azo7BAGEcX2sfUljUmzSNQGyWeNPi_XuhcrrAl6PsNznCbECFFvDpYeeFef6QNBiKTaIaoDy4p3RprtE5Q3g.jpg?quality=96&as=32x43,48x64,72x96,108x144,160x213,240x320,360x480,480x640,540x720,640x853,720x960,1080x1440,1200x1600&from=bu&cs=1200x0",,,2020-11-15 07:19:47,58.007799,56.234808,58.00819896273859,56.23476395501453,44.54945572405847,synagogue,276916085,,,,,,,True,False,,,,,,,,True,False,,,,,
457245799,-194619161,-7,,,"https://sun9-52.userapi.com/s/v1/ig2/sGw3bjP9mtSJZiTDlu13w4DAikJCYI5MdebTir88tjI0tfGaJEV5s6WNFzMDaD9A2IBDQeplwk_nOQHZLBzTkMPn.jpg?quality=95&as=32x43,48x64,72x96,108x144,160x213,240x320,360x480,480x640,540x720,640x853,720x960,1080x1440,1280x1707,1440x1920,1920x2560&from=bu&cs=1920x0",,,2024-11-18 08:06:22,58.008205,56.234926,58.00819896273859,56.23476395501453,9.56978033944169,synagogue,-194619161,,,,,,,True,True,,,,,,,,True,False,,,,,
401544283,261660768,-7,,,"https://sun9-67.userapi.com/s/v1/ig1/IZrmWxt3TPu_NDizoD8BhxCrSu5dJIkvDMzw5Om0mEhbq8viPOtJ0bF3SqG4nOhO59z6jF4Y.jpg?quality=96&as=32x43,48x64,72x96,108x144,160x213,240x320,360x480,480x640,540x720,640x853,720x960&from=bu&cs=720x0",,,2016-02-16 11:06:10,58.007877,56.235799,58.00819896273859,56.23476395501453,70.70865317018405,synagogue,261660768,,,,,,,True,False,,,,,,,,True,False,,,,,
457240553,-179988268,-7,,,"https://sun9-4.userapi.com/s/v1/ig2/a8jpPIj75Zy-F_oI3m8KbymyThDJnuARHrCsr4ej9dC1gmUmMcZ4T1AjNkzCYX1cifWPE8I0AiAPit6MxGWOvT59.jpg?quality=96&as=32x43,48x64,72x96,108x144,160x213,240x320,360x480,480x640,540x720,640x853,720x960,1080x1440,1280x1707,1440x1920,1620x2160&from=bu&cs=1620x0",,,2020-11-20 08:48:34,58.007638,56.234267,58.00819896273859,56.23476395501453,68.90494477226193,synagogue,-179988268,,,,,,,True,False,,,,,,,,True,False,,,,,
456239098,-75252175,-7,,,"https://sun9-77.userapi.com/s/v1/ig1/YlRET4vMM8ZwuxTWDEsBo_bbO1QXcvwR25pgHa_Qu_KtoUfXIJS7JkPHvZgO9RAgiQMCgvsM.jpg?quality=96&as=32x43,48x64,72x96,108x144,160x213,240x320,360x480,480x640,540x720,640x853,720x960&from=bu&cs=720x0",,,2016-11-20 18:04:51,58.008024,56.236129,58.00819896273859,56.23476395501453,82.7360363614199,synagogue,-75252175,,,,,,,True,False,,,,,,,,True,False,,,,,
457243552,-194619161,-7,,,"https://sun9-53.userapi.com/s/v1/ig2/DB5i4ZwyplmWc0BGBqCYTkTreqdjsYqhMgbZslBjAxv7pQ15U0fj-fgt-fBGYR5pfA9Gzk1kLKtiuyWAU2rmh_5Y.jpg?quality=95&as=32x43,48x64,72x96,108x144,160x213,240x320,360x480,480x640,540x720,640x853,720x960,1080x1440,1280x1707,1440x1920,1920x2560&from=bu&cs=1920x0",,,2023-08-19 09:21:29,58.00782,56.23461,58.00819896273859,56.23476395501453,43.10373252508328,synagogue,-194619161,,,,,,,True,False,,,,,,,,True,False,,,,,
456239018,350941057,-6,27.0,https://vk.com/wall350941057_27,"https://sun9-44.userapi.com/s/v1/if1/Np_xZn11ZUzVmQXKUInSCymaTx_7-muLS81dVhASvlnXqXnfcdoAjd_wSw927y5mMutVE31a.jpg?quality=96&as=32x24,48x37,72x55,108x82,160x122,240x183,360x275,480x366,540x412,640x489,720x550,943x720&from=bu&cs=943x0",,,2017-03-28 17:03:27,58.007694,56.234597,58.00819896273859,56.23476395501453,57.00421853451046,synagogue,350941057,,,,,,,True,False,,,,,,,,True,False,,,,,
457253583,-170690865,-7,,,"https://sun9-30.userapi.com/s/v1/ig2/T7S6wJ5n9Z0zbkk4viiiRHKrc_wTpqetWpFK1aWD2KQ2vCc6Vk8M1HWnmcXz6bs7VqbAy6hjKSmKJAAYtc-Rk-r3.jpg?quality=95&as=32x43,48x64,72x96,108x144,160x213,240x320,360x480,480x640,540x720,640x853,720x960,1080x1440,1280x1707,1344x1792&from=bu&cs=1344x0",,,2022-09-14 12:25:59,58.007715,56.234399,58.00819896273859,56.23476395501453,57.95011791683787,synagogue,-170690865,,,,,,,True,False,,,,,,,,True,False,,,,,
383120398,-7319142,221266594,,,"https://sun9-75.userapi.com/s/v1/if1/aAmVoGRaqa7K1tNdHxJSvIWOcGGxuL3ftoYitbSZ4zHBprMTP-37VhA_oRC0iP8BCoyY9BHf.jpg?quality=96&as=32x24,48x36,72x54,108x81,160x120,240x180,360x270,480x360,540x405,640x480,720x540,1000x750&from=bu&cs=1000x0",,,2015-09-29 12:30:34,58.007666,56.234518,58.00819896273859,56.23476395501453,61.00836138371684,synagogue,12447334,,,,,,"Людмила и Сергей Сергеевы
Пермь
май 2013",True,False,,,,,,,,True,False,,,,,
456239046,-178934461,-7,,,"https://sun9-5.userapi.com/s/v1/ig1/QcEJ-TzlZgrzEcKxo6PdqG9JvYgwWgBsVQ-gkwO_jCCd_4NuJfRW3iOBsXz3PWIHqQ-254pN.jpg?quality=96&as=32x43,48x64,72x96,108x144,160x213,240x320,360x480,480x640,540x720,640x853,720x960&from=bu&cs=720x0",,,2019-03-02 05:40:44,58.00782,56.234438,58.00819896273859,56.23476395501453,46.30771521577833,synagogue,-178934461,,,,,,,True,False,,,,,,,,True,False,,,,,
457250844,261660768,-7,,,"https://sun9-55.userapi.com/s/v1/ig2/64mcgS8rD09yOFe9WiQ_xPEgSvvgm00K3Qdilujkg5m7uOD1-tXAMQ5UUL-APhdXf4RUfX2Dr7MjQdhcEM6bfGjI.jpg?quality=96&as=32x43,48x64,72x96,108x144,160x214,240x320,360x481,480x641,540x721,640x855,720x961,1080x1442,1280x1709,1342x1792&from=bu&cs=1342x0",,,2020-08-29 08:47:57,58.007701,56.234359,58.00819896273859,56.23476395501453,60.29152511439691,synagogue,261660768,,,,,,,True,False,,,,,,,,True,False,,,,,
457255316,-170690865,-7,,,"https://sun9-14.userapi.com/s/v1/ig2/404V9XTXpF2PO-GSyaaBZv_40mt9_j8JlbTVuQyFBWfTDttfZZVyMFWpqdPaoFe7p4E46ZJMf_wCunCPz2VNFfxm.jpg?quality=95&as=32x43,48x64,72x96,108x144,160x213,240x320,360x480,480x640,540x720,640x853,720x960,1080x1440,1280x1707,1344x1792&from=bu&cs=1344x0",,,2023-01-13 05:38:37,58.00782,56.23461,58.00819896273859,56.23476395501453,43.10373252508328,synagogue,-170690865,,,,,,,True,False,,,,,,,,True,False,,,,,
456239065,-154449283,-7,52.0,https://vk.com/wall-154449283_52,"https://sun9-28.userapi.com/s/v1/ig1/pu-ucimkP1hkdsYcvV2Kthu1K65EjFZG_Qj--ifXmYy-rHtx2t0F9avIe7jUVFS3xFJRsv-q.jpg?quality=96&as=32x35,48x53,72x79,108x119,160x176,240x264,360x396,480x528,540x594,640x705,720x793,872x960&from=bu&cs=872x0",,,2017-12-29 13:06:38,58.007793,56.235733,58.00819896273859,56.23476395501453,72.77843806531625,synagogue,-154449283,,,,,,,True,False,,,,,,,,True,False,,,,,
456247291,192767690,246644270,,,"https://sun9-19.userapi.com/s/v1/if1/_jr0sQPTu89WcyNKtb4DbLJ8JV_2OPBhzEzUL-FsbVv2Y-J3YrrhrHvxEGQPsgQeI3qK8w-h.jpg?quality=96&as=32x20,48x30,72x44,108x67,160x99,240x148,360x222,480x296,540x333,640x395,690x426&from=bu&cs=690x0",,,2017-08-11 07:20:10,58.00831,56.234622,58.00819896273859,56.23476395501453,14.91232142906437,synagogue,192767690,,,,,,,True,True,,,,,,,,True,True,,False,,,
457253839,-170690865,-7,,,"https://sun9-25.userapi.com/s/v1/ig2/bC8bUYYuq1Q2sm5ILWgVrsmM-WGnDPYbb9MNpt2H2WG3sj2FhpJKCv6m6bt0zr9nZ0EQnxppv4zaGDrhsP80zM5F.jpg?quality=95&as=32x43,48x64,72x96,108x144,160x213,240x320,360x480,480x640,540x720,640x853,720x960,1080x1440,1280x1707,1344x1792&from=bu&cs=1344x0",,,2022-10-01 10:41:45,58.007897,56.234398,58.00819896273859,56.23476395501453,39.902113118787824,synagogue,-170690865,,,,,,,True,False,,,,,,,,True,False,,,,,
457255429,-170690865,-7,,,"https://sun9-14.userapi.com/s/v1/ig2/z0zyAoMKbMEFktM0jbmHlOBME8fpWGd5XZu-kWkMJl2zB0BbKyMUyNXYOqI5cqS3_0C-C9MzPeqFCVi1xgZBVbIA.jpg?quality=95&as=32x43,48x64,72x96,108x144,160x213,240x320,360x480,480x640,540x720,640x853,720x960,1080x1440,1280x1707,1344x1792&from=bu&cs=1344x0",,,2023-01-20 13:41:00,58.007722,56.234505,58.00819896273859,56.23476395501453,55.186284082187015,synagogue,-170690865,,,,,,,True,False,,,,,,,,True,False,,,,,
456244501,244338036,-7,,,"https://sun9-75.userapi.com/s/v1/ig1/-Wt5LRraX9ZjAFvWjf2djjAf9SXDaYd3TZsHidCq09HpDyCvhbs3y_uHJ5t0sQPXE7SAJvBQ.jpg?quality=96&as=32x43,48x64,72x96,108x144,160x213,240x320,360x480,480x640,540x720,640x853,720x960&from=bu&cs=720x0",,,2018-11-25 07:37:31,58.0078,56.235496,58.00819896273859,56.23476395501453,61.86972331699838,synagogue,244338036,,,,,,,True,False,,,,,,,,True,False,,,,,
397567914,261660768,-7,,,"https://sun9-87.userapi.com/s/v1/ig1/PpvPOHIsSa2fjfxHQuOQeahm_zNnoiBld-slclWhsnlKBirHur5frc1Bu2i8fIE7h4egdV7U.jpg?quality=96&as=32x40,48x60,72x90,108x135,160x200,240x300,360x451,480x601,540x676,640x801,720x901,767x960&from=bu&cs=767x0",,,2016-01-20 16:31:11,58.007807,56.235773,58.00819896273859,56.23476395501453,73.71010112131741,synagogue,261660768,,,,,,,True,False,,,,,,,,True,False,,,,,
457253001,-170690865,-7,,,"https://sun9-81.userapi.com/s/v1/ig2/zeKNWyvsC-cxqvQjjgNut0divZcWc7XdeR3-1rrePBOCHh3HN-ZpU58AKNEfsnSo4oZFmMYwBdUgfpfzIG9mA3Id.jpg?quality=95&as=32x43,48x64,72x96,108x144,160x213,240x320,360x480,480x640,540x720,640x853,720x960,1080x1440,1280x1707,1344x1792&from=bu&cs=1344x0",,,2022-08-18 11:00:02,58.007897,56.234398,58.00819896273859,56.23476395501453,39.902113118787824,synagogue,-170690865,,,,,,,True,False,,,,,,,,True,False,,,,,
456244111,261660768,-7,,,"https://sun9-43.userapi.com/s/v1/ig1/mlZ9z6gSY07PT_2Wqg96HZ9U5stbQ-bwgDhRYE3X-CzXyxnYTTj6cx2R14503-xwiL6Xxvuq.jpg?quality=96&as=32x40,48x60,72x90,108x135,160x199,240x299,360x449,480x598,540x673,640x798,720x898,770x960&from=bu&cs=770x0",,,2018-07-12 14:30:36,58.007792,56.235046,58.00819896273859,56.23476395501453,48.20621404192909,synagogue,261660768,,,,,,,True,False,,,,,,,,True,False,,,,,
457245761,-194619161,-7,,,"https://sun9-2.userapi.com/s/v1/ig2/fkGQ-OjZJ6-7I7Bd8iPp_NR04LT1graxrzQfMOmZYu6L61Zi5R1LHn0XslR51MUqEFo6RfEZ7qtT8gLLhYtpbczh.jpg?quality=95&as=32x43,48x64,72x96,108x144,160x213,240x320,360x480,480x640,540x720,640x853,720x960,1080x1440,1280x1707,1440x1920,1920x2560&from=bu&cs=1920x0",,,2024-11-09 09:02:19,58.008016,56.234821,58.00819896273859,56.23476395501453,20.620215962568057,synagogue,-194619161,,,,,,,True,True,,,,,,,,True,False,,,,,
456239276,-75252175,-7,,,"https://sun9-78.userapi.com/s/v1/ig1/_U6mqi0_5nXSNOg8UmrJfTzwsnsjG2PnpMWa5xz5n9OrAlBCiVzlaBGt1ROp90zoZ6w0QH8X.jpg?quality=96&as=32x32,48x48,72x72,108x108,160x160,240x240,360x360,480x480,540x540,640x640,720x720,960x960&from=bu&cs=960x0",,,2017-01-17 19:57:25,58.007793,56.235733,58.00819896273859,56.23476395501453,72.77843806531625,synagogue,-75252175,,,,,,,True,False,,,,,,,,True,False,,,,,
456240126,425836081,-7,,,"https://sun9-87.userapi.com/s/v1/if1/f6prWvd_elH-hNlml1ONDM9PW_cElX8PWzdnEippSC-4vpEU29cUa2RnMz6X_YNLMnkrmoue.jpg?quality=96&as=32x16,48x24,72x36,108x55,160x81,240x121,360x182,480x243,540x273,640x324,720x364,1024x518&from=bu&cs=1024x0",,,2018-05-25 14:55:36,58.007989,56.235429,58.00819896273859,56.23476395501453,45.60729562413595,synagogue,425836081,,,,,,,True,False,,,,,,,,True,False,,,,,
457255972,-170690865,-7,,,"https://sun9-82.userapi.com/s/v1/ig2/F6dC9zTsZAO2pB-RdGZxLEIkuzDEn01WgWp6Df8C7G2gi1eI6gHChgQ4i3MQ4hQBRFWNmI5X2Ojwin3tx8FN4v2R.jpg?quality=95&as=32x43,48x64,72x96,108x144,160x214,240x320,360x481,480x641,540x721,640x855,720x961,1080x1442,1280x1709,1342x1792&from=bu&cs=1342x0",,,2023-02-28 13:14:35,58.007813,56.234504,58.00819896273859,56.23476395501453,45.567571879464026,synagogue,-170690865,,,,,,,True,False,,,,,,,,True,False,,,,,
457243944,113965692,-7,,,"https://sun9-33.userapi.com/s/v1/ig2/ThjnurO5f4jK2swo39ZrtZGfwU3nm2lw8PGOeOs-IQVgiOluVCQatTWb72iQNSYkbIltDRCRJS1TBkFx2C0qT3Oh.jpg?quality=96&as=32x43,48x64,72x96,108x144,160x213,240x320,360x480,480x640,540x720,640x853,720x960,774x1032&from=bu&cs=774x0",,,2020-09-02 09:51:05,58.007785,56.234425,58.00819896273859,56.23476395501453,50.17512051177066,synagogue,113965692,,,,,,,True,False,,,,,,,,True,False,,,,,
456242267,261660768,-7,,,"https://sun9-85.userapi.com/s/v1/ig1/Twdx9pZwxV7MutV2ULA9cU3ZZAyoKQM7_oxs7gv8lkomaYpYY_NOnOT_51k895xzPy-0IwpW.jpg?quality=96&as=32x40,48x60,72x90,108x135,160x201,240x301,360x451,480x602,540x677,640x802,720x902,766x960&from=bu&cs=766x0",,,2017-11-23 08:38:25,58.007891,56.236011,58.00819896273859,56.23476395501453,81.05380037991574,synagogue,261660768,,,,,,,True,False,,,,,,,,True,False,,,,,
457240544,-179988268,-7,,,"https://sun9-16.userapi.com/s/v1/ig2/avr1d7DdeUQ7XH6m2ek5WbzX1_YzFoYLMYYYcXDH1M-SMGslRTMJYYEdF2imvQhlDJGANfcMC4B_iNuph359O2zM.jpg?quality=96&as=32x43,48x64,72x96,108x144,160x213,240x320,360x480,480x640,540x720,640x853,720x960,1080x1440,1280x1707,1440x1920,1620x2160&from=bu&cs=1620x0",,,2020-11-11 10:25:26,58.007638,56.234267,58.00819896273859,56.23476395501453,68.90494477226193,synagogue,-179988268,,,,,,,True,False,,,,,,,,True,False,,,,,
457341344,360619746,-7,,,"https://sun9-40.userapi.com/s/v1/if2/rzYWwepb6YL-uNfqpryH6suEQASF9Buh9NcFVmrBtHfuxCeg-VUQ1NOzbEw0qjEkcjre9XnAuNI1oiQtv2U_QGUl.jpg?quality=96&as=32x24,48x36,72x54,108x81,160x119,240x179,360x269,480x358,540x403,640x478,720x538,1080x807,1280x956,1440x1075,2560x1912&from=bu&cs=2560x0",,,2020-12-05 14:25:55,58.007602,56.233738,58.00819896273859,56.23476395501453,89.77327445455656,synagogue,360619746,,,,,,,True,False,,,,,,,,True,False,,,,,
457240546,-194619161,-7,,,"https://sun9-79.userapi.com/s/v1/ig2/JP0aKt3AuQfiDKY1ihGAXEjOefA9KCHWwE-VB0MRLnoj9AnE_grHgprAPouYuBfLx3eeUIpZvTH_IjnHFD9rDY3n.jpg?quality=95&as=32x43,48x64,72x96,108x144,160x213,240x320,360x480,480x640,540x721,640x854,720x961,1080x1441,1280x1708,1388x1852&from=bu&cs=1388x0",,,2022-06-20 09:50:43,58.007806,56.235086,58.00819896273859,56.23476395501453,47.636456085795615,synagogue,-194619161,,,,,,,True,False,,,,,,,,True,False,,,,,
334506696,212761732,-7,,,"https://sun9-47.userapi.com/s/v1/if2/Nf4IbQVnF8rKgEvEPZTOVTJmj2XdbPsez59ehSJboU-Qjxm9-Y6ckArWFLO-iPCyLiFO5lfwYvBKd2LTi36SQPyI.jpg?quality=96&as=32x18,48x27,72x40,108x61,160x90,240x135,360x202,480x270,540x303,640x359,720x404,1080x607,1280x719&from=bu&cs=1280x0",,,2014-06-30 18:26:43,58.008443,56.234397,58.00819896273859,56.23476395501453,34.69387773524608,synagogue,212761732,,,,,,,True,False,,,,,,,,True,False,,,,,
457240756,-194619161,-7,,,"https://sun9-59.userapi.com/s/v1/ig2/PgLZZLNTIvuFIkfXdsGBHHIweK_cBx1Ete0ltLwxL70w5kurD20M5Sxs8qgvHWsdi19IeyBmWuXlOjKtQyO4XHhY.jpg?quality=95&as=32x43,48x64,72x96,108x144,160x213,240x320,360x480,480x640,540x721,640x854,720x961,1080x1441,1280x1708,1388x1852&from=bu&cs=1388x0",,,2022-07-27 10:11:56,58.007694,56.234597,58.00819896273859,56.23476395501453,57.00421853451046,synagogue,-194619161,,,,,,,True,False,,,,,,,,True,False,,,,,
457253832,-170690865,-7,,,"https://sun9-80.userapi.com/s/v1/ig2/Biq7DmIIrPoZmcxCnugovk3QEZhja34KwZ_JO5kYMB1C1gYwdhEbtytJFGBnQTNO7CFIfA1EuT9KZx4oAjRf1m7w.jpg?quality=95&as=32x43,48x64,72x96,108x144,160x213,240x320,360x480,480x640,540x720,640x853,720x960,1080x1440,1280x1707,1344x1792&from=bu&cs=1344x0",,,2022-10-01 10:37:32,58.007806,56.234399,58.00819896273859,56.23476395501453,48.698462152861765,synagogue,-170690865,,,,,,,True,False,,,,,,,,True,False,,,,,
456242956,261660768,-7,,,"https://sun9-20.userapi.com/s/v1/ig1/mHUoZQqZuUmki5d4BFAUM5OQwKEctKmIQ72-QhPEFJKo3pHgwqbB39rLNBc6bFapwjm3zm1x.jpg?quality=96&as=32x40,48x60,72x90,108x135,160x199,240x299,360x449,480x598,540x673,640x798,720x898,770x960&from=bu&cs=770x0",,,2018-01-26 16:37:40,58.007821,56.235813,58.00819896273859,56.23476395501453,74.73693356164176,synagogue,261660768,,,,,,,True,False,,,,,,,,True,False,,,,,
457239284,-179672049,-7,,,"https://sun9-2.userapi.com/s/v1/ig2/E9BRScmRFYGEb9wefUAO_PMP6-g0AoUv_HSNlfh9-Xn16XWAK3K-1YewmG49aiMPcwLRBq7nS-_YgysN7ojOhF6J.jpg?quality=96&as=32x43,48x64,72x96,108x144,160x213,240x320,360x480,480x640,540x720,640x854,720x960,1080x1441,1216x1622&from=bu&cs=1216x0",,,2020-02-21 20:01:36,58.00796,56.234663,58.00819896273859,56.23476395501453,27.22889623953285,synagogue,-179672049,,,,,,,True,True,,,,,,,,True,False,,,,,
405220982,261660768,-7,5540.0,https://vk.com/wall261660768_5540,"https://sun9-7.userapi.com/s/v1/ig1/RB-1aeIDxMwBNKJ54sf-nNwr93etYsTYt596jENqKOHeeoEhX-Wjn2MXbaW6hk0bLj8S4Iwy.jpg?quality=96&as=32x43,48x64,72x96,108x144,160x213,240x320,360x480,480x640,540x720,640x853,720x960&from=bu&cs=720x0",,,2016-03-12 06:37:37,58.007842,56.235614,58.00819896273859,56.23476395501453,63.899980326269336,synagogue,261660768,,,,,,,True,False,,,,,,,,True,False,,,,,
457245774,-194619161,-7,,,"https://sun9-78.userapi.com/s/v1/ig2/G4zWlynY5w4VSa5gOA3H7fL-gv-IhzsrTuLKXKfg1xrhlOc7JSBJwhlFtpuxxVxVbcw35Ppgdg1h-NAnLexnW3cb.jpg?quality=95&as=32x43,48x64,72x96,108x144,160x213,240x320,360x480,480x640,540x720,640x853,720x960,1080x1440,1280x1707,1440x1920,1920x2560&from=bu&cs=1920x0",,,2024-11-11 12:19:11,58.0081,56.234887,58.00819896273859,56.23476395501453,13.17706229634948,synagogue,-194619161,,,,,,,True,True,,,,,,,,True,False,,,,,
457240152,-13831720,-7,2562.0,https://vk.com/wall-13831720_2562,"https://sun9-40.userapi.com/s/v1/ig1/TPddyKjJ1pPVPcYirU4qqv1bbH9002P3wuKiKSquWtE8FESRpUB2uFLQmdNtrmP6z6gMEBzo.jpg?quality=96&as=32x43,48x64,72x96,108x144,160x214,240x320,360x481,480x641,540x721,640x855,719x960&from=bu&cs=719x0",,,2019-07-22 10:25:51,58.007666,56.234174,58.00819896273859,56.23476395501453,68.70214064869789,synagogue,-13831720,,,,,,,True,False,,,,,,,,True,False,,,,,
457245783,-194619161,-7,,,"https://sun9-6.userapi.com/s/v1/ig2/l_XJuHuegJLW8oTPEAE_AZCLZk1s8cYL_DxuRqkLvuu7bejE7QBZDfAHZpr1vEBJFhdBDjecKjb6ywYgB4ga8g6s.jpg?quality=95&as=32x43,48x64,72x96,108x144,160x213,240x320,360x480,480x640,540x720,640x853,720x960,1080x1440,1280x1707,1440x1920,1920x2560&from=bu&cs=1920x0",,,2024-11-14 09:55:57,58.007918,56.234716,58.00819896273859,56.23476395501453,31.36910260405915,synagogue,-194619161,,,,,,,True,False,,,,,,,,True,False,,,,,
329383476,97847485,-7,,,"https://sun9-88.userapi.com/s/v1/if2/RdSuCeRIt2sYZInf0bYSYgH1dpaRSGc-Gm6MhdX_6x6dlSIQwztuzMhGvuHkbD6dMzoS-4-xDJ6I3FwncYJhnTm2.jpg?quality=96&as=32x24,48x36,72x54,108x81,160x119,240x179,360x269,480x358,540x403,640x478,720x538,1080x807,1280x956&from=bu&cs=1280x0",,,2014-04-13 20:23:55,58.007981,56.234292,58.00819896273859,56.23476395501453,36.883966702027735,synagogue,97847485,,,,,,,True,False,,,,,,,,True,False,,,,,
456242146,261660768,-7,,,"https://sun9-13.userapi.com/s/v1/ig1/Ya4rkUCE3E6zXh0awdjF5pskP5GN9hqO3Fht1TRDl82MfcPPJxTgdk4nvGKiOeAcW1LrUAts.jpg?quality=96&as=32x40,48x60,72x90,108x135,160x200,240x300,360x450,480x600,540x675,640x800,720x900,768x960&from=bu&cs=768x0",,,2017-11-16 19:10:45,58.007723,56.235879,58.00819896273859,56.23476395501453,84.35650183368344,synagogue,261660768,,,,,,,True,False,,,,,,,,True,False,,,,,
457256753,-170690865,-7,,,"https://sun9-82.userapi.com/s/v1/ig2/wIOArXf62gReThsPLr-S3A2M0axfRPz5R3OBagf2yThoRD99jpsva0538QnbxsN4-B8dhjaftYx8s-JsrHLunBWH.jpg?quality=95&as=32x43,48x64,72x96,108x144,160x214,240x320,360x481,480x641,540x721,640x855,720x961,1080x1442,1280x1709,1342x1792&from=bu&cs=1342x0",,,2023-04-18 10:25:37,58.007715,56.234399,58.00819896273859,56.23476395501453,57.95011791683787,synagogue,-170690865,,,,,,,True,False,,,,,,,,True,False,,,,,
457239251,-214801568,-7,,,"https://sun9-50.userapi.com/s/v1/ig2/EDtgCGmCSimK7LeVIU5B7PTfm3dk0ajo0S2cmQPZ5aQCUpyEQBAzi4aP5SWOSKETCQT-2j4ScZ4e2Ao_cpRpIg4x.jpg?quality=95&as=32x43,48x64,72x96,108x144,160x214,240x321,360x481,480x642,540x722,640x855,720x962,1080x1444,1197x1600&from=bu&cs=1197x0",,,2022-10-20 10:38:05,58.008107,56.234993,58.00819896273859,56.23476395501453,16.930285459496016,synagogue,-214801568,,,,,,,True,True,,,,,,,,True,False,,,,,
457253267,-170690865,-7,,,"https://sun9-27.userapi.com/s/v1/ig2/1gMOsGm71Dcd3XveWM5s_6IuD_9a2srqiga0UAFL2pkq7bKAcIXJOjKlAhIeIKCt4vwG4RtoV9KfILzpV07S2eYy.jpg?quality=95&as=32x43,48x64,72x96,108x144,160x213,240x320,360x480,480x640,540x720,640x853,720x960,1080x1440,1280x1707,1344x1792&from=bu&cs=1344x0",,,2022-08-30 15:05:15,58.007813,56.234504,58.00819896273859,56.23476395501453,45.567571879464026,synagogue,-170690865,,,,,,,True,False,,,,,,,,True,False,,,,,
457290781,-210911959,-7,,,"https://sun9-77.userapi.com/s/v1/ig2/qxMLOcTYYRaK8z3zo8KLwX0SHOPXrIyq3qbwfkfvPXgs0nvPa1DABA0H4-QWnDihP8puYOqIh048F864h9-9iiDi.jpg?quality=95&as=32x43,48x64,72x96,108x144,160x213,240x320,360x480,480x640,540x720,640x853,720x960,1080x1440,1280x1707,1440x1920,1920x2560&from=bu&cs=1920x0",,,2023-08-21 21:15:06,58.0078,56.236011,58.00819896273859,56.23476395501453,85.8203422920039,synagogue,-210911959,,,,,,,True,False,,,,,,,,True,False,,,,,
457257876,-170690865,-7,,,"https://sun9-14.userapi.com/s/v1/ig2/zzyR73hn4A0vPlBBZtsHlhnS4cA3xfVpEx6yjlYeebs9zb2hUVnc6_wphwsDpFAOUzWAomDFI3eS27frTMUvgEoo.jpg?quality=95&as=32x43,48x64,72x96,108x144,160x213,240x320,360x480,480x640,540x720,640x853,720x960,1080x1440,1280x1707,1398x1864&from=bu&cs=1398x0",,,2023-07-03 17:57:11,58.007715,56.234399,58.00819896273859,56.23476395501453,57.95011791683787,synagogue,-170690865,,,,,,,True,False,,,,,,,,True,False,,,,,
457250955,261660768,-7,,,"https://sun9-67.userapi.com/s/v1/ig2/1k_PHp60czJVQS4_8b-o80sEQkpyjQHZrXkPcu4iOleskmaZn92Rpo-E7yB4ZyPn0J70AcbZLtFu356Zs5TWV6OA.jpg?quality=96&as=32x43,48x64,72x96,108x144,160x214,240x320,360x481,480x641,540x721,640x855,720x961,1080x1442,1280x1709,1342x1792&from=bu&cs=1342x0",,,2020-09-28 20:15:33,58.007954,56.236103,58.00819896273859,56.23476395501453,83.4548484004326,synagogue,261660768,,,,,,,True,False,,,,,,,,True,False,,,,,
457242234,367626522,-7,,,"https://sun9-12.userapi.com/s/v1/if2/OvlmDddfGtdSJpRH01ToD8fr8SUub0m95TtIUHQIR3mK2h2kghevxpIT4Jr-Qf6qyrr3wMT9SFOfujWdiUzJ1s5c.jpg?quality=95&as=32x24,48x36,72x54,108x81,160x120,240x180,360x270,480x360,540x405,640x480,720x540,1080x810,1280x960,1440x1080,2560x1920&from=bu&cs=2560x0",,,2022-04-13 12:56:33,58.007799,56.234293,58.00819896273859,56.23476395501453,52.41830941546784,synagogue,367626522,,,,,,,True,False,,,,,,,,True,False,,,,,
457256099,-170690865,-7,,,"https://sun9-31.userapi.com/s/v1/ig2/uks14M4CsPrVsGzoABuQ332nsKNInI9MmKY1OmXOTXi9GTswDvOcgA10Lcl5WgpyaJiUxbgg6OQ3v9tPKeEYiswn.jpg?quality=95&as=32x43,48x64,72x96,108x144,160x214,240x320,360x481,480x641,540x721,640x855,720x961,1080x1442,1280x1709,1342x1792&from=bu&cs=1342x0",,,2023-03-09 14:18:42,58.007995,56.234504,58.00819896273859,56.23476395501453,27.36586051718784,synagogue,-170690865,,,,,,,True,False,,,,,,,,True,False,,,,,
457246862,-170690865,-7,,,"https://sun9-63.userapi.com/s/v1/ig2/_s0sa1keR--fLYPHqh5rKah7gsZOyIiDz5izHIpCm3mIUoNvX--t7_YoZCoE9MEf0fgi4wO8vI5hmqyrCNjoZB07.jpg?quality=96&as=32x43,48x64,72x96,108x144,160x214,240x320,360x481,480x641,540x721,640x855,720x961,1080x1442,1280x1709,1342x1792&from=bu&cs=1342x0",,,2022-04-26 12:32:52,58.007925,56.234478,58.00819896273859,56.23476395501453,34.810852364784076,synagogue,-170690865,,,,,,,True,False,,,,,,,,True,False,,,,,
457316351,222199696,-7,,,"https://sun9-27.userapi.com/s/v1/ig2/Wv2atiJnzvesKD45gPa3nHnLCnhUl-2hcDf7cajP5nHU0H9RF5V1ESz6JINJ_0pmgwME9x-GOFz5CkLhnrcFhV27.jpg?quality=95&as=32x43,48x64,72x96,108x144,160x214,240x320,360x480,480x641,540x721,640x854,720x961,1080x1441,1280x1708,1440x1922,1918x2560&from=bu&cs=1918x0",,,2022-10-28 12:22:29,58.0081,56.234887,58.00819896273859,56.23476395501453,13.17706229634948,synagogue,222199696,,,,,,,True,True,,,,,,,,True,False,,,,,
457258760,-53041106,-7,,,"https://sun9-52.userapi.com/s/v1/ig2/R1gV5_akhCdRMWkZyvvSfj0gdXKF1ktilzqe5T1zw0DfZxp2B6ToQc0y93Drkokx7H_94X2DBq792gpIaSM6aVCg.jpg?quality=95&as=32x43,48x64,72x96,108x144,160x213,240x320,360x480,480x640,540x720,640x853,720x960,1080x1440,1280x1707,1440x1920,1920x2560&from=bu&cs=1920x0",,,2024-02-07 13:37:47,58.008003,56.235297,58.00819896273859,56.23476395501453,38.22179769044088,synagogue,-53041106,,,,,,,True,False,,,,,,,,True,False,,,,,
457261211,91875183,305287651,,,"https://sun9-81.userapi.com/s/v1/ig2/zi8vZmE_xv8p7sUZLrSqSzjeabEpX4_qnY-qAudXHgNp9WlFWSTs7jOAguRqm_PFo8kJjEQ1X6_L0X1EefsmUCCJ.jpg?quality=95&as=32x32,48x48,72x72,108x108,160x160,240x240,360x360,480x480,540x540,640x640,720x720,1080x1080,1280x1280,1440x1440,1560x1560&from=bu&cs=1560x0",,,2024-05-19 19:20:38,58.008205,56.234926,58.00819896273859,56.23476395501453,9.56978033944169,synagogue,91875183,,,,,,,True,True,,,,,,,,True,True,,False,,,
457255630,-170690865,-7,,,"https://sun9-8.userapi.com/s/v1/ig2/1mLi_-tDWgEi8XNMjlcGdkv_8t3HjbVIvFcTf44PL3QNvAg0jBWAlzefXZvnDPXMNV45BOa6TjHvrApXbus-yfvF.jpg?quality=95&as=32x43,48x64,72x96,108x144,160x213,240x320,360x480,480x640,540x720,640x853,720x960,1080x1440,1280x1707,1344x1792&from=bu&cs=1344x0",,,2023-02-04 13:31:52,58.007918,56.2342,58.00819896273859,56.23476395501453,45.605044690392624,synagogue,-170690865,,,,,,,True,False,,,,,,,,True,False,,,,,
456239192,93821781,-7,,,"https://sun9-75.userapi.com/s/v1/ig1/kalijKHFDQt-Ex99l3RVClx_0zcrg7w6gySIDPu7Ey2_EBvzxgEF2XvzFpC6tAELpKtjL4DW.jpg?quality=96&as=32x43,48x64,72x96,108x144,160x213,240x320,360x480,480x640,540x720,640x853,720x960&from=bu&cs=720x0",,,2017-08-20 06:17:11,58.007877,56.235284,58.00819896273859,56.23476395501453,47.119795256605805,synagogue,93821781,,,,,,,True,False,,,,,,,,True,False,,,,,
456239258,66054386,-7,,,"https://sun9-35.userapi.com/s/v1/ig1/2OohVUehAZ4XcL1lCv9EJ29uBOUFKVKL6c07i6xPLZ8Fgkdgrspg83ahP58trdcvwO_VRA.jpg?quality=96&as=32x43,48x64,72x96,108x144,160x213,240x320,360x480,480x640,540x720,640x853,720x960&from=bu&cs=720x0",,,2017-05-19 02:23:31,58.007785,56.234597,58.00819896273859,56.23476395501453,47.06962407051395,synagogue,66054386,,,,,,,True,False,,,,,,,,True,False,,,,,
385897275,285757210,-7,,,"https://sun9-84.userapi.com/s/v1/ig1/3se43gHAl5pMiGkHM3ml4RZzoClRSczS3OGm__7QEFNGu9-vtLjvWLD_AEf2EmTZlO_dNb_S.jpg?quality=96&as=32x43,48x64,72x97,108x145,160x215,240x322,360x483,480x644,540x724,640x858,716x960&from=bu&cs=716x0",,,2015-11-03 07:50:31,58.007996,56.235535,58.00819896273859,56.23476395501453,50.7206671448086,synagogue,285757210,,,,,,,True,False,,,,,,,,True,False,,,,,
457248473,-116518,-7,,,"https://sun9-85.userapi.com/s/v1/ig2/aHVb1aSyfYqeAb7VYtxRhh2Lxfg0ovfZntU5FsCgvgcUu-DUj4hdpzqMQN7Tx_JXit6YubqbgFooCFi8TasFCFyN.jpg?quality=96&as=32x43,48x64,72x96,108x144,160x213,240x320,360x480,480x640,540x720,640x853,720x960,1080x1440,1280x1707,1440x1920,1620x2160&from=bu&cs=1620x0",,,2021-12-21 08:46:44,58.00803,56.234861,58.00819896273859,56.23476395501453,19.638372236583912,synagogue,-116518,,,,,,,True,True,,,,,,,,True,False,,,,,
457257255,-170690865,-7,,,"https://sun9-24.userapi.com/s/v1/ig2/1ndiCp801kNp6V1WnXJsQJOSGvvzNGo_uQwhDdkXDUnX5eRkC4ftT3tZYAV2zDWpARWCHQwPH5h_qv9QXq91fLyo.jpg?quality=95&as=32x43,48x64,72x96,108x144,160x213,240x320,360x480,480x640,540x720,640x853,720x960,1080x1440,1280x1707,1398x1864&from=bu&cs=1398x0",,,2023-05-19 14:49:36,58.007715,56.234399,58.00819896273859,56.23476395501453,57.95011791683787,synagogue,-170690865,,,,,,,True,False,,,,,,,,True,False,,,,,
457239614,59059013,100960323,,,"https://sun9-79.userapi.com/s/v1/ig2/uHp7aIJRuon2CU6c8Xm735_wRQc3kZWKhxHaDScCYt20JmC72pKLLD9ohoyO4e5XfMgSm1C25B0NAfByfU-CV0IY.jpg?quality=96&as=32x43,48x64,72x96,108x144,160x213,240x320,360x480,480x640,540x720,640x853,720x960,1080x1440,1280x1707,1440x1920,1620x2160&from=bu&cs=1620x0",,,2021-01-31 08:43:39,58.007834,56.235165,58.00819896273859,56.23476395501453,46.95836248694766,synagogue,59059013,,,,,,,True,False,,,,,,,,True,False,,,,,
457254006,-170690865,-7,,,"https://sun9-84.userapi.com/s/v1/ig2/yV1Mr-qCGWZv2yY47KsTNGs8ZykW7l_DNiC_ctGIHIpde_-gZcjoasjh-sAyuy3Dfhvi7cS3UiIFPQcnd1g6jsvx.jpg?quality=95&as=32x43,48x64,72x96,108x144,160x213,240x320,360x480,480x640,540x720,640x853,720x960,1080x1440,1280x1707,1344x1792&from=bu&cs=1344x0",,,2022-10-12 11:30:41,58.007904,56.234504,58.00819896273859,56.23476395501453,36.19748746981516,synagogue,-170690865,,,,,,,True,False,,,,,,,,True,False,,,,,
457256960,-170690865,-7,,,"https://sun9-54.userapi.com/s/v1/ig2/8ZtlrJZHvwGJWe5lvJVCOp2HaTdreXU1IURKJdfDDzsrBS6vXbBtthD18zUqq535N7Gt7zRpNP2epNs_ANF8r5pn.jpg?quality=95&as=32x43,48x64,72x96,108x144,160x213,240x320,360x480,480x640,540x720,640x853,720x960,1080x1440,1280x1707,1398x1864&from=bu&cs=1398x0",,,2023-04-29 14:23:23,58.007722,56.234505,58.00819896273859,56.23476395501453,55.186284082187015,synagogue,-170690865,,,,,,,True,False,,,,,,,,True,False,,,,,
456239647,243251471,-7,,,"https://sun9-68.userapi.com/s/v1/ig1/eXC78ouTTiAjFbwgiqVotT91Q0Wu8PPAV9C9iMGTihDFGZMbqO7FoZb5O6C9TfvhuP6Ph_1a.jpg?quality=96&as=32x43,48x64,72x96,108x144,160x213,240x320,360x480,480x640,540x720,640x853,720x960,864x1152&from=bu&cs=864x0",,,2019-05-26 11:55:13,58.007744,56.235681,58.00819896273859,56.23476395501453,74.01297281835267,synagogue,243251471,,,,,,,True,False,,,,,,,,True,False,,,,,
376809716,141906954,-7,,,"https://sun9-42.userapi.com/s/v1/ig1/vu_XOzKmE1l3BQ5VDV2ps_GVJUg2M4_NDEdmlOTlTeP4nCW969nnjfhF2B8CBbARzxFqUf1j.jpg?quality=96&as=32x43,48x64,72x96,108x144,160x213,240x320,360x480,480x640,540x720,640x853,720x960&from=bu&cs=720x0",,,2015-09-01 12:04:04,58.007687,56.23432,58.00819896273859,56.23476395501453,62.64812408045613,synagogue,141906954,,,,,,,True,False,,,,,,,,True,False,,,,,
457256841,-170690865,-7,,,"https://sun9-36.userapi.com/s/v1/ig2/Xg64oj6XVlBetfgLcAnpgP8WIOI5sgFrNrPxrEypgnjXmTacQaZUB57EE9feTaC07HsxbfxQthOr8lPV0N9KKfXc.jpg?quality=95&as=32x43,48x64,72x96,108x144,160x214,240x320,360x481,480x641,540x721,640x855,720x961,1080x1442,1280x1709,1342x1792&from=bu&cs=1342x0",,,2023-04-23 13:58:53,58.007806,56.234399,58.00819896273859,56.23476395501453,48.698462152861765,synagogue,-170690865,,,,,,,True,False,,,,,,,,True,False,,,,,
457256506,-170690865,-7,,,"https://sun9-21.userapi.com/s/v1/ig2/kjVUUAmXgSbSw5EEKA9R8du7bW91GsmujQd0LS5inLQBzb_0F2tHYf9k0RtM3TKbd4Pr3ic6rTWDbwgpCwIXenYl.jpg?quality=95&as=32x43,48x64,72x96,108x144,160x214,240x320,360x481,480x641,540x721,640x855,720x961,1080x1442,1280x1709,1342x1792&from=bu&cs=1342x0",,,2023-04-05 16:04:30,58.007722,56.234505,58.00819896273859,56.23476395501453,55.186284082187015,synagogue,-170690865,,,,,,,True,False,,,,,,,,True,False,,,,,
457254950,-170690865,-7,,,"https://sun9-74.userapi.com/s/v1/ig2/UfDyxk_eNNbCs-KN29fviFn2V6dAD9OtAHEM7Vz3VjFxoYLrSAdrsdBkLQOfKHSljk4Y-DxcVFZWkXGeVmkpXi3Z.jpg?quality=95&as=32x43,48x64,72x96,108x144,160x213,240x320,360x480,480x640,540x720,640x853,720x960,1080x1440,1280x1707,1344x1792&from=bu&cs=1344x0",,,2022-12-16 11:11:54,58.007715,56.234399,58.00819896273859,56.23476395501453,57.95011791683787,synagogue,-170690865,,,,,,,True,False,,,,,,,,True,False,,,,,
407121765,261660768,-7,,,"https://sun9-6.userapi.com/s/v1/ig2/eoiCnnhLwCxYJXufgI-m2DZd37UT2Uog4GR4caj0JccC48zxJ-UvUaFeHh91q6Soi2UFJvCHDnlJseiH59iiFyET.jpg?quality=96&as=32x40,48x60,72x90,108x135,160x200,240x300,360x451,480x601,540x676,640x801,720x901,767x960&from=bu&cs=767x0",,,2016-03-25 03:39:58,58.007765,56.235826,58.00819896273859,56.23476395501453,79.01290643993259,synagogue,261660768,,,,,,,True,False,,,,,,,,True,False,,,,,
457255269,-170690865,-7,,,"https://sun9-21.userapi.com/s/v1/ig2/pWBdq8xsNJjYQ4eA86Px9IYnFsxHbmbhKS9xsrGiX7arSwNETWthfX2hYAQ-2FjIW0KdXYttwWWMLDwixLpU_Txb.jpg?quality=95&as=32x43,48x64,72x96,108x144,160x213,240x320,360x480,480x640,540x720,640x853,720x960,1080x1440,1280x1707,1344x1792&from=bu&cs=1344x0",,,2023-01-10 12:38:50,58.007904,56.234504,58.00819896273859,56.23476395501453,36.19748746981516,synagogue,-170690865,,,,,,,True,False,,,,,,,,True,False,,,,,
457253002,-170690865,-7,,,"https://sun9-63.userapi.com/s/v1/ig2/MYCkwKdMIiWweEKWmD2AB6nFoGvfDqYRMm945v4MZiL97KMyYk779-Sah-iSxfoNyrwzC-3AsmyTPeTZyUihsfys.jpg?quality=95&as=32x43,48x64,72x96,108x144,160x213,240x320,360x480,480x640,540x720,640x853,720x960,1080x1440,1280x1707,1344x1792&from=bu&cs=1344x0",,,2022-08-18 11:00:02,58.007897,56.234398,58.00819896273859,56.23476395501453,39.902113118787824,synagogue,-170690865,,,,,,,True,False,,,,,,,,True,False,,,,,
457243861,6409491,308357906,,,"https://sun9-32.userapi.com/s/v1/ig2/oX3MD7x7kxZaqcVgB1eX0vUaUrbU3WkKZjfJ0Fn3WbpVU_btwHdOroOMM66eRmNWkapeaOtZAt7dir3VFnkWooTr.jpg?quality=95&as=32x42,48x64,72x96,108x143,160x212,240x319,360x478,480x637,540x717,640x850,720x956,1080x1434,1280x1700,1440x1912,1928x2560&from=bu&cs=1928x0",,,2025-08-24 19:22:13,58.008003,56.235984,58.00819896273859,56.23476395501453,75.10451941752339,synagogue,6409491,,,,,,,True,False,,,,,,,,True,True,,False,,,
457239966,-179988268,-7,,,"https://sun9-3.userapi.com/s/v1/ig1/jHJDpQcXcWxlLq3C8dVn2CEqFju_qkoMKvEiowAoUnYmazWTPf7pUgGZlUes7v43j4j8SPAb.jpg?quality=96&as=32x43,48x64,72x96,108x144,160x213,240x320,360x480,480x640,540x720,640x853,720x960,1080x1440,1280x1707,1440x1920,1620x2160&from=bu&cs=1620x0",,,2019-10-16 18:31:55,58.00824,56.234596,58.00819896273859,56.23476395501453,10.895901314332114,synagogue,-179988268,,,,,,,True,True,,,,,,,,True,False,,,,,
457241665,-192347302,-7,1194.0,https://vk.com/wall-192347302_1194,"https://sun9-79.userapi.com/s/v1/ig2/IHn-dxWgYrnuJkvlxHh9h13kCcXm6HZn_iEEUypIcD6sAQ61sNUEWFDNTG2r0yf421wSpIXmmRWbn5ewFZ7K0wCY.jpg?quality=95&as=32x43,48x64,72x96,108x144,160x213,240x320,360x480,480x640,540x720,640x853,720x960,1080x1440,1280x1707,1440x1920&from=bu&cs=1440x0","https://sun9-65.userapi.com/s/v1/ig1/jEmiuhndXbjr1ZlD6sggPGR8ChYNZZVp9XuMBeiTnqS58ojc5Jo7XQijET8BRxElidfSHgPI.jpg?quality=96&as=32x40,48x60,72x90,108x135,160x200,240x300,360x450,480x600,540x675,640x800,720x900,966x1208&from=bu&cs=966x0",,2022-11-08 07:38:25,58.007722,56.234505,58.00819896273859,56.23476395501453,55.186284082187015,synagogue,-192347302,,,,,,,True,False,,,,,,,,True,False,,,,,
405105803,261660768,-7,5523.0,https://vk.com/wall261660768_5523,"https://sun9-1.userapi.com/s/v1/ig1/O9vZMsz2QAHSdCwnGjuyrIFRRFmlpYXAbPXfie0H1tW7Whtx7MJ9SHp2aKU40naAo5ku9HKM.jpg?quality=96&as=32x32,48x48,72x72,108x108,160x160,240x240,360x360,480x480,540x540,640x640,720x720,960x960&from=bu&cs=960x0",,,2016-03-11 09:47:32,58.007814,56.235707,58.00819896273859,56.23476395501453,70.13415773561634,synagogue,261660768,,,,,,,True,False,,,,,,,,True,False,,,,,
457245802,-194619161,-7,,,"https://sun9-54.userapi.com/s/v1/ig2/mdaw87svUmU1WN9iRmBgKIRdyB8wJtmcSQNaQ-KGsqKuREJPOxo1obqwOgPSK9LWGaTuIesvXxXfE-mkZCsP6mwA.jpg?quality=95&as=32x43,48x64,72x96,108x144,160x213,240x320,360x480,480x640,540x720,640x853,720x960,1080x1440,1280x1707,1440x1920,1920x2560&from=bu&cs=1920x0",,,2024-11-18 08:06:22,58.00782,56.23461,58.00819896273859,56.23476395501453,43.10373252508328,synagogue,-194619161,,,,,,,True,False,,,,,,,,True,False,,,,,
457245579,-170690865,-7,,,"https://sun9-88.userapi.com/s/v1/ig2/vXQLfGFDj2z04doBY2CA_oQVJ9KnNVuSRHbYYZcUzLOjkpkVz0Zv0f4-PUZEMQXujdhCy4GsR1nprbzwvQJqHglN.jpg?quality=96&as=32x43,48x64,72x96,108x144,160x213,240x320,360x480,480x640,540x720,640x853,720x960,1080x1440,1280x1707,1344x1792&from=bu&cs=1344x0",,,2022-04-18 09:49:10,58.007869,56.234491,58.00819896273859,56.23476395501453,40.05918825920958,synagogue,-170690865,,,,,,,True,False,,,,,,,,True,False,,,,,
457255471,-170690865,-7,,,"https://sun9-4.userapi.com/s/v1/ig2/_kdKbPfMtZRXWZljpFzFNZWrxM-qA9EZS8QpEtxigEhGIUGkXSMaDdEpxXYQbevoOLSbHNOdf7Cmd8Je-4dW6RcN.jpg?quality=95&as=32x43,48x64,72x96,108x144,160x213,240x320,360x480,480x640,540x720,640x853,720x960,1080x1440,1280x1707,1344x1792&from=bu&cs=1344x0",,,2023-01-22 13:25:18,58.007904,56.234504,58.00819896273859,56.23476395501453,36.19748746981516,synagogue,-170690865,,,,,,,True,False,,,,,,,,True,False,,,,,
457251821,-170690865,-7,,,"https://sun9-74.userapi.com/s/v1/ig2/DCe0TQOerfSRA7PNbQhTRaZwu6LYI7sC35ssefC-PN66Ma2xxcwc45TXPQxLwiqtv2M5tOudRpNldQ7gS0nQ6tN-.jpg?quality=95&as=32x43,48x64,72x96,108x144,160x214,240x320,360x481,480x641,540x721,640x855,720x961,1080x1442,1280x1709,1342x1792&from=bu&cs=1342x0",,,2022-06-17 10:00:05,58.008303,56.234516,58.00819896273859,56.23476395501453,18.63327725472843,synagogue,-170690865,,,,,,,True,True,,,,,,,,True,False,,,,,
456247241,192767690,246644270,,,"https://sun9-62.userapi.com/s/v1/if1/I25iOZr4NUuKfQdh3nN6vprOpmrb_lTu1nRVyfunNRuyv5RpWH6tcBJdB4Ucif-oSUa7K2xb.jpg?quality=96&as=32x21,48x32,72x47,108x71,160x105,240x158,360x237,480x317,540x356,640x422,690x455&from=bu&cs=690x0",,,2017-08-11 06:55:41,58.007933,56.235614,58.00819896273859,56.23476395501453,58.1576739170479,synagogue,192767690,,,,,,екатерининская/красноуфимская,True,False,,,,,,,,True,True,,False,,,
456241994,261660768,-7,,,"https://sun9-34.userapi.com/s/v1/ig1/xktO2AdlqCN4rjYX8HeqUUFSmoUt982MvFyNGh0XO-c6EW7wEcXGdFM9RZK-Vj0-ykvX2g.jpg?quality=96&as=32x40,48x60,72x90,108x135,160x200,240x300,360x450,480x600,540x675,640x800,720x900,768x960&from=bu&cs=768x0",,,2017-10-30 15:56:37,58.007905,56.235879,58.00819896273859,56.23476395501453,73.3718646047749,synagogue,261660768,,,,,,,True,False,,,,,,,,True,False,,,,,
421780167,345738024,-7,248.0,https://vk.com/wall345738024_248,"https://sun9-88.userapi.com/s/v1/ig1/JxoN_7tEcosJ0rQdF_JkRNcsDySGiGwmgN335V0RY9gU1j76-wKGeA62zKAWMvTM2NhLsWF0.jpg?quality=96&as=32x40,48x60,72x90,108x135,160x200,240x300,360x450,480x600,540x675,640x800&from=bu&cs=640x0",,,2016-07-17 11:13:45,58.007869,56.234491,58.00819896273859,56.23476395501453,40.05918825920958,synagogue,345738024,,,,,,,True,False,,,,,,,,True,False,,,,,
457240248,-209731930,-7,,,"https://sun9-26.userapi.com/s/v1/ig2/2Izvud_G75oN4SwY717s4QC3orq3dEgELuY9o4ZvojKqebHWNBLJXw8WnxSMAwwqmulQsZbUan8_OgWFFRFbLMPq.jpg?quality=95&as=32x43,48x64,72x96,108x144,160x213,240x320,360x480,480x640,540x720,640x853,720x960,1080x1440,1280x1707,1440x1920,1539x2052&from=bu&cs=1539x0",,,2025-02-23 11:52:15,58.007904,56.234332,58.00819896273859,56.23476395501453,41.51239618653149,synagogue,-209731930,,,,,,,True,False,,,,,,,,True,False,,,,,
457256940,-170690865,-7,,,"https://sun9-73.userapi.com/s/v1/ig2/WaxAE3tWQrGxc8m0ARCWScFtmYzL4JEI6w26v7Q7jRdfXHo3T5SnlD9w-9O9L1Tmt4TP5W3aeqQYTKPG3ftrQvCV.jpg?quality=95&as=32x43,48x64,72x96,108x144,160x213,240x320,360x480,480x640,540x720,640x853,720x960,1080x1440,1280x1707,1398x1864&from=bu&cs=1398x0",,,2023-04-27 11:27:58,58.007722,56.234505,58.00819896273859,56.23476395501453,55.186284082187015,synagogue,-170690865,,,,,,,True,False,,,,,,,,True,False,,,,,
456239282,-75252175,-7,,,"https://sun9-75.userapi.com/s/v1/ig1/k_c_x4hJdSUFQwXaR6MQ-Me4ke6k65NCtVpqxZSI3WaZhtB-tDscU1agDF_bVYuELSA0LIu7.jpg?quality=96&as=32x43,48x64,72x96,108x144,160x213,240x320,360x480,480x640,540x720,640x853,720x960&from=bu&cs=720x0",,,2017-01-21 06:45:17,58.007702,56.235906,58.00819896273859,56.23476395501453,87.06401057124822,synagogue,-75252175,,,,,,,True,False,,,,,,,,True,False,,,,,
457241312,567391559,-6,2085.0,https://vk.com/wall567391559_2085,"https://sun9-32.userapi.com/s/v1/ig2/5AMNy1TRP1TpIiA0qA5eVrRaMXaLVXiyMW6DZKpn-YsaAuTS4vlU9K2nY8madVDyiBNye_DGWcSlsF5YoVv7JENn.jpg?quality=95&as=32x32,48x48,72x72,108x108,160x160,240x240,360x360,480x480,540x540,640x640,720x720,1080x1080,1280x1280,1440x1440,2560x2560&from=bu&cs=2560x0",,,2025-08-11 17:18:27,58.007919,56.235403,58.00819896273859,56.23476395501453,48.85066406409761,synagogue,567391559,,,,,,,True,False,,,,,,,,True,False,,,,,
457256581,361775243,-6,1216.0,https://vk.com/wall361775243_1216,"https://sun9-73.userapi.com/s/v1/ig2/W_uZ5QMeVm702neWUVqKoGMdNBtQvNTMSau7Q7dynSNYgS5s9E5byZvN5BoozLcvd4g6Dr59r2MhoB2vzdNW6FGx.jpg?quality=95&as=32x43,48x64,72x96,108x144,160x213,240x320,360x480,480x640,540x720,640x853,720x960,1080x1440,1280x1707,1440x1920,1920x2560&from=bu&cs=1920x0",,,2025-06-28 22:24:24,58.008107,56.234993,58.00819896273859,56.23476395501453,16.930285459496016,synagogue,361775243,,,,,,,True,True,,,,,,,,True,False,,,,,
457264437,5803386,-7,,,"https://sun9-60.userapi.com/s/v1/ig2/WVGLPi4tsffyuq_xgn3TKnF4xPJTcODqfbeMn5NqFhk5v3IgxrKusjxHqUV0e3e-0TxZcNiHVt0E-eM76VQspWll.jpg?quality=95&as=32x43,48x64,72x96,108x144,160x214,240x321,360x481,480x642,540x722,640x856,720x962,1080x1444,1280x1711,1440x1925,1915x2560&from=bu&cs=1915x0",,,2024-04-29 18:58:05,58.008317,56.2349,58.00819896273859,56.23476395501453,15.37861529780568,synagogue,5803386,,,,,,,True,True,,,,,,,,True,False,,,,,
456239650,243251471,-7,,,"https://sun9-81.userapi.com/s/v1/ig1/SlOAmgmT-EH5mj3Gyb8rY6H51aR6dNuzMAtXjCgWWjAx61IEgtKGFCAAdOOCdb8tukMo590E.jpg?quality=96&as=32x43,48x64,72x96,108x144,160x213,240x320,360x480,480x640,540x720,640x853,720x960,864x1152&from=bu&cs=864x0",,,2019-05-26 11:55:13,58.008003,56.236156,58.00819896273859,56.23476395501453,84.85231837542011,synagogue,243251471,,,,,,,True,False,,,,,,,,True,False,,,,,
457251072,-170690865,-7,,,"https://sun9-76.userapi.com/s/v1/ig2/XMbhyPyLSVraCeIDaKc6vR2i46K7My965XZJfSG5vaCkC7fPoK6H3PiG86eUE1pm-gORYmA3cboTo6hOSo1PoH5G.jpg?quality=95&as=32x43,48x64,72x96,108x144,160x213,240x320,360x480,480x640,540x720,640x853,720x960,1080x1440,1280x1707,1344x1792&from=bu&cs=1344x0",,,2022-06-07 11:55:52,58.007806,56.234399,58.00819896273859,56.23476395501453,48.698462152861765,synagogue,-170690865,,,,,,,True,False,,,,,,,,True,False,,,,,
456239759,47377719,-7,,,"https://sun9-45.userapi.com/s/v1/ig1/UUWTJFDjcf4QCwRQ91V_ixF--7T_UPfttQFVztF26G4xDwxCQQODkE4Eq-9e_QxhMUFpGuSb.jpg?quality=96&as=32x43,48x64,72x96,108x144,160x213,240x320,360x480,480x640,540x720,640x853,720x960&from=bu&cs=720x0",,,2018-12-23 08:24:10,58.007821,56.235469,58.00819896273859,56.23476395501453,59.088672109815,synagogue,47377719,,,,,,,True,False,,,,,,,,True,False,,,,,
457257292,-170690865,-7,,,"https://sun9-12.userapi.com/s/v1/ig2/tKWoorHLlQ2OCzYXfxyd_DNfjDfzcH5kU4z_GDJrtni5VPkhmJzXgNoKyw4SdaX5Obv-B-toYo4O24mGduGPcJRT.jpg?quality=95&as=32x43,48x64,72x96,108x144,160x213,240x320,360x480,480x640,540x720,640x853,720x960,1080x1440,1280x1707,1398x1864&from=bu&cs=1398x0",,,2023-05-21 14:46:35,58.00782,56.23461,58.00819896273859,56.23476395501453,43.10373252508328,synagogue,-170690865,,,,,,,True,False,,,,,,,,True,False,,,,,
456301934,360619746,-7,,,"https://sun9-75.userapi.com/s/v1/if1/DyarX3qb26zG5hvT4bO8bTPayFQNYBhdSndpNqOC1soh4JDnoVGJxBmza6kboAQichjVibIG.jpg?quality=96&as=32x24,48x36,72x54,108x81,160x120,240x180,360x270,480x360,540x405,640x480&from=bu&cs=640x0",,,2019-05-29 10:02:38,58.007553,56.233686,58.00819896273859,56.23476395501453,95.87472787178962,synagogue,360619746,,,,,,,True,False,,,,,,,,True,False,,,,,
457253711,-170690865,-7,,,"https://sun9-69.userapi.com/s/v1/ig2/AcP0AdnwTqodKYRMbm5Nu4E-IpPLcuL9glBLL6nxrhXnplqvQBHTm_vSkkc4sMUyphCJEC4cj3IxA236NTg4Ek9F.jpg?quality=95&as=32x43,48x64,72x96,108x144,160x213,240x320,360x480,480x640,540x720,640x853,720x960,1080x1440,1280x1707,1344x1792&from=bu&cs=1344x0",,,2022-09-22 11:48:00,58.007722,56.234505,58.00819896273859,56.23476395501453,55.186284082187015,synagogue,-170690865,,,,,,,True,False,,,,,,,,True,False,,,,,
457245719,-170690865,-7,,,"https://sun9-65.userapi.com/s/v1/ig2/eXtvby5nO_2iCd4VDwj2Fi7svaGovIsgZw_HD7Gpd7lS_BT8Q5bhTCfuEoRfJGqJGEVrAI7H1ChJEKiR6RNZa0aI.jpg?quality=96&as=32x43,48x64,72x96,108x144,160x214,240x320,360x481,480x641,540x721,640x855,720x961,1080x1442,1280x1709,1342x1792&from=bu&cs=1342x0",,,2022-04-19 12:34:30,58.007764,56.234452,58.00819896273859,56.23476395501453,51.73948063038559,synagogue,-170690865,,,,,,,True,False,,,,,,,,True,False,,,,,
457244811,505765304,-7,,,"https://sun9-39.userapi.com/s/v1/ig2/URVQQFwtgJtIF1Pc4R1pAkxPpaPb2OPlp5x_aHw8yxCmIpSrsDycK0BoJQr6EFGcEwWfORvJcOuk8CN3mb5iqecM.jpg?quality=95&as=32x38,48x57,72x85,108x128,160x190,240x285,360x427,480x569,540x640,640x759,720x854,1080x1281,1280x1518,1349x1600&from=bu&cs=1349x0",,,2022-11-22 19:30:15,58.008317,56.2349,58.00819896273859,56.23476395501453,15.37861529780568,synagogue,505765304,,,,,,,True,True,,,,,,,,True,False,,,,,
402603837,261660768,-7,,,"https://sun9-47.userapi.com/s/v1/ig1/JoiEbYbFyCl5QpbXJG16TL7xRupvSqBYzrb2sfg-Bg5DJQAMbODj6rCpvmOMqxpNNZyRA3pS.jpg?quality=96&as=32x43,48x64,72x96,108x144,160x213,240x320,360x480,480x640,540x720,640x853,720x960&from=bu&cs=720x0",,,2016-02-23 15:40:45,58.007989,56.235773,58.00819896273859,56.23476395501453,63.864272403377186,synagogue,261660768,,,,,,,True,False,,,,,,,,True,False,,,,,
456239102,-75252175,-7,,,"https://sun9-87.userapi.com/s/v1/ig1/zMoppRX1noJ8y-Ag0k8KwTz0-ZHhgWv3UVZ9GKvie1_LQG30paeIRkG_wUzHDAVydv3zK5B5.jpg?quality=96&as=32x43,48x64,72x96,108x144,160x213,240x320,360x480,480x640,540x720,640x853,720x960&from=bu&cs=720x0",,,2016-11-20 18:04:51,58.007779,56.235694,58.00819896273859,56.23476395501453,71.99046738569211,synagogue,-75252175,,,,,,,True,False,,,,,,,,True,False,,,,,
457256008,-170690865,-7,,,"https://sun9-8.userapi.com/s/v1/ig2/C9Rhp6MM4JEy84GN26Ufi3CkNn9bYWaczf6kZEkwFUOHbdS3b-DIBIIFRgR3jhRcYrSeP4fWx9AB4CJAu0VwP4Jr.jpg?quality=95&as=32x43,48x64,72x96,108x144,160x214,240x320,360x481,480x641,540x721,640x855,720x961,1080x1442,1280x1709,1342x1792&from=bu&cs=1342x0",,,2023-03-03 13:52:55,58.007722,56.234505,58.00819896273859,56.23476395501453,55.186284082187015,synagogue,-170690865,,,,,,,True,False,,,,,,,,True,False,,,,,
457254673,-170690865,-7,,,"https://sun9-48.userapi.com/s/v1/ig2/ZMJS5OP99xj_NaYPBL4KpgzteNZ-RivIIqS4fwiZCLwBjEE_S_oxVBgvJIzLXXbw1-xcJEQFQmHXv-sZZM6FvPyp.jpg?quality=95&as=32x43,48x64,72x96,108x144,160x213,240x320,360x480,480x640,540x720,640x853,720x960,1080x1440,1280x1707,1344x1792&from=bu&cs=1344x0",,,2022-11-24 12:47:38,58.007904,56.234504,58.00819896273859,56.23476395501453,36.19748746981516,synagogue,-170690865,,,,,,,True,False,,,,,,,,True,False,,,,,
457249439,-170690865,-7,,,"https://sun9-78.userapi.com/s/v1/ig2/zjDgeHx9rJj8l8PE9hEK1zPORW9lJafmpDlr-wZzvjDjsTxjhgW5tyrfg3SZFVjN-r1UBLWyqKpVIY4xAoKNfm9r.jpg?quality=96&as=32x43,48x64,72x96,108x144,160x214,240x320,360x481,480x641,540x721,640x855,720x961,1080x1442,1280x1709,1342x1792&from=bu&cs=1342x0",,,2022-05-18 11:50:31,58.00768,56.234558,58.00819896273859,56.23476395501453,58.96775872819908,synagogue,-170690865,,,,,,,True,False,,,,,,,,True,False,,,,,
457251824,-170690865,-7,,,"https://sun9-4.userapi.com/s/v1/ig2/m0UXVhnkdno87wEBQEJhfnJxxQmNpShL7BZrZFWTY6hcoNefz7f-vHJMQoXBqjr4y2d27nUMcmS6DrBko58D4_s4.jpg?quality=95&as=32x43,48x64,72x96,108x144,160x214,240x320,360x481,480x641,540x721,640x855,720x961,1080x1442,1280x1709,1342x1792&from=bu&cs=1342x0",,,2022-06-17 10:01:08,58.007897,56.234398,58.00819896273859,56.23476395501453,39.902113118787824,synagogue,-170690865,,,,,,,True,False,,,,,,,,True,False,,,,,
456241319,199304685,-7,,,"https://sun9-2.userapi.com/s/v1/ig1/y4rNI83sl5Is83DYIaglKTj7eEUGoVw3FNQUpnM7-C1ubigJc3Now9JCymfejbJ7oGNXTLJn.jpg?quality=96&as=32x43,48x64,72x97,108x145,160x215,240x322,360x483,480x644,540x724,640x858,716x960&from=bu&cs=716x0",,,2018-05-25 17:44:16,58.008031,56.235548,58.00819896273859,56.23476395501453,49.821942982287986,synagogue,199304685,,,,,,,True,False,,,,,,,,True,False,,,,,
457257374,-170690865,-7,,,"https://sun9-9.userapi.com/s/v1/ig2/C6yfKcS6WwYuRYFW09NwlVPPhiaNtBWroQ_OMjxLT1wsSCWEG9_XwYf-XjVTqnS0RM705bg8zNxpZuRf3KmUKruP.jpg?quality=95&as=32x43,48x64,72x96,108x144,160x213,240x320,360x480,480x640,540x720,640x853,720x960,1080x1440,1280x1707,1398x1864&from=bu&cs=1398x0",,,2023-05-27 13:04:18,58.007897,56.234398,58.00819896273859,56.23476395501453,39.902113118787824,synagogue,-170690865,,,,,,,True,False,,,,,,,,True,False,,,,,
457240595,444177497,-7,954.0,https://vk.com/wall444177497_954,"https://sun9-51.userapi.com/s/v1/if2/4LjVL4pqtqARhwoux0SxF_i0Qgh3FuKnzDJLFb9eK7AC80IxVh7RKQfqWWNMo3jhmYTDsB7l8UhLIGSHWKwBhafW.jpg?quality=96&as=32x24,48x36,72x54,108x81,160x120,240x179,360x269,480x359,540x404,640x479,720x538,1080x808,1280x957,1344x1005&from=bu&cs=1344x0",,,2021-02-21 18:26:35,58.007849,56.235548,58.00819896273859,56.23476395501453,60.39641548066172,synagogue,444177497,,,,,,,True,False,,,,,,,,True,False,,,,,
457253619,-170690865,-7,,,"https://sun9-60.userapi.com/s/v1/ig2/eHdvIAZY5rN1YDawycwfjgF0ygz-S8Kt61dsV4NcGzFkm7ZsBj_HCbT6cAeF1IuMgD-q3a0wow2QA34XN4dpvPSt.jpg?quality=95&as=32x43,48x64,72x96,108x144,160x213,240x320,360x480,480x640,540x720,640x853,720x960,1080x1440,1280x1707,1344x1792&from=bu&cs=1344x0",,,2022-09-16 10:20:45,58.007904,56.234332,58.00819896273859,56.23476395501453,41.51239618653149,synagogue,-170690865,,,,,,,True,False,,,,,,,,True,False,,,,,
456244457,261660768,-7,,,"https://sun9-53.userapi.com/s/v1/ig1/DcZcaX8PjY8_X-owEBzgArfmdLqsvxPd848fKfARHKzzmgXUrMSq-KeJtrxs1znpAKZ1Rs8X.jpg?quality=96&as=32x40,48x60,72x90,108x135,160x200,240x300,360x450,480x600,540x675,640x800,720x900,768x960&from=bu&cs=768x0",,,2018-08-23 10:44:20,58.00773,56.235641,58.00819896273859,56.23476395501453,73.40841386465036,synagogue,261660768,,,,,,,True,False,,,,,,,,True,False,,,,,
456239892,261660768,-7,,,"https://sun9-18.userapi.com/s/v1/ig1/7oQV9wJ2Lfdh3sRQsgcCQz2pgSKlrw9lP1x2DstjnaaDigrmgUepF2qqePrG5vCFD_1YU7mO.jpg?quality=96&as=32x32,48x48,72x72,108x108,160x160,240x240,360x360,480x480,540x540,640x640,720x720,960x960&from=bu&cs=960x0",,,2017-02-15 11:16:10,58.007912,56.235641,58.00819896273859,56.23476395501453,60.72659197988801,synagogue,261660768,,,,,,,True,False,,,,,,,,True,False,,,,,
457240429,-171698498,-7,1317.0,https://vk.com/wall-171698498_1317,"https://sun9-21.userapi.com/s/v1/if2/GkSJd7hG1E1aPkPv1aktN-L4MahoLt1ZmBKdZlisp9yAWwzphXztGRjxLbj_jANpsiNWOGP7Fz2mdwjnNi8-gwOP.jpg?quality=95&as=32x24,48x36,72x54,108x81,160x120,240x180,360x270,480x360,540x405,640x480,720x540,1080x810,1280x960,1440x1080,2560x1920&from=bu&cs=2560x0",,,2023-10-18 17:52:54,58.007707,56.233778,58.00819896273859,56.23476395501453,79.7886801271709,synagogue,-171698498,,,,,,,True,False,,,,,,,,True,False,,,,,
457239434,-40076944,-7,,,"https://sun9-31.userapi.com/s/v1/ig2/3gqEzZ3_g3WP-Np7GbnHDU24Mx_Jnadnn4jZmTMAVyLF25uo7oGMe0v8BLL-tnhiEPvAc5vFc3_PCDBeC-hRNO97.jpg?quality=95&as=32x43,48x64,72x96,108x144,160x213,240x320,360x480,480x640,540x720,640x853,720x960,1080x1440,1200x1600&from=bu&cs=1200x0",,,2022-08-22 14:15:54,58.008198,56.234992,58.00819896273859,56.23476395501453,13.434748137224169,synagogue,-40076944,,,,,,,True,False,,,,,,,,True,False,,,,,
363898081,301873034,214613749,,,"https://sun9-41.userapi.com/s/v1/ig1/Y_QCKY67gmEIFpBDChAqf_YroOV4cEh3kware04MwdO0Rtmh1l_oAZQlSegJtdQ-WeN0uR7k.jpg?quality=96&as=32x43,48x64,72x97,108x145,160x215,240x322,360x483,480x644,540x724,640x858,716x960&from=bu&cs=716x0",,,2015-04-19 17:13:57,58.007729,56.23461,58.00819896273859,56.23476395501453,53.038688480875976,synagogue,301873034,,,,,,,True,False,,,,,,,,True,False,,,,,
409161783,261660768,-7,,,"https://sun9-22.userapi.com/s/v1/ig1/IRJNDOIJoFmeYqwrB3G7Zmsur4Q2_dC0gokXdXj-YG2N7-5thcc2N0I1Nb0rL1rB5HrBIZte.jpg?quality=96&as=32x43,48x64,72x96,108x144,160x213,240x320,360x480,480x640,540x720,640x853,720x960&from=bu&cs=720x0",,,2016-04-08 08:34:56,58.007849,56.23572,58.00819896273859,56.23476395501453,68.45756497798841,synagogue,261660768,,,,,,2900 р,True,False,,,,,,,,True,False,,,,,
377776453,109325853,220324234,,,"https://sun9-19.userapi.com/s/v1/ig1/DBmjmG_tAnkhGlhvClCv9jnSt0sEGMVVxih6Kau7a7JsnEVxskh6i1k0_2aK-9r_smP6Z88C.jpg?quality=96&as=32x43,48x64,72x96,108x144,160x213,240x320,360x480,480x640,540x720,640x853,720x960&from=bu&cs=720x0",,,2015-08-28 15:18:36,58.007715,56.233883,58.00819896273859,56.23476395501453,74.76219782182167,synagogue,109325853,,,,,,,True,False,,,,,,,,True,False,,,,,
457358862,360619746,-7,409238.0,https://vk.com/wall360619746_409238,"https://sun9-76.userapi.com/s/v1/if2/U1WvVB964eZscdtXRX6Nf03JyFqYsqvLCAqNlSKFf359yW7JQDgbaU8Pg7U2hffOTUFOhnKHmYhTSbLN8AXvupl1.jpg?quality=96&as=32x24,48x36,72x54,108x81,160x120,240x180,360x270,480x360,540x405,640x480&from=bu&cs=640x0",,,2021-10-15 16:01:48,58.007609,56.233672,58.00819896273859,56.23476395501453,91.87835052616713,synagogue,360619746,,,,,,,True,False,,,,,,,,True,False,,,,,
400621804,261660768,-7,,,"https://sun9-60.userapi.com/s/v1/ig1/KQj4Bd9iHW-kK4ExBwHoHeFeNWVs3oQOR8x13h3LX5QaHHRqk--ZwNrCzqXdXOb3T9xexwDZ.jpg?quality=96&as=32x40,48x60,72x90,108x135,160x200,240x300,360x451,480x601,540x676,640x801,720x901,767x960&from=bu&cs=767x0",,,2016-02-10 09:36:52,58.007758,56.23572,58.00819896273859,56.23476395501453,74.67501549760101,synagogue,261660768,,,,,,,True,False,,,,,,,,True,False,,,,,
397567910,261660768,-7,,,"https://sun9-70.userapi.com/s/v1/ig1/aP8vJW7dmHl2BnbGhBmBAYWYVJQnz9c2y-ExlW_Huub5S3vldm-bVoNFxEpTL2uy3IADyoA9.jpg?quality=96&as=32x40,48x60,72x90,108x135,160x200,240x300,360x451,480x601,540x676,640x801,720x901,767x960&from=bu&cs=767x0",,,2016-01-20 16:31:11,58.007842,56.235786,58.00819896273859,56.23476395501453,72.1159733377373,synagogue,261660768,,,,,,,True,False,,,,,,,,True,False,,,,,
306546946,117063180,176267686,,,"https://sun9-76.userapi.com/s/v1/if2/vlrJiP3BCPt8udIUkcLbVXhRA79_olxqSJs0l6Q8BKiOZn5fvw3__FG5BzaIoWmbg9qWwHPWlbXtIH7IqIYFc-_v.jpg?quality=96&as=32x24,48x36,72x54,108x81,160x120,240x180,360x270,480x360,540x405,640x480,720x540,960x720&from=bu&cs=960x0",,,2013-06-29 10:20:24,58.007848,56.234517,58.00819896273859,56.23476395501453,41.648866276533354,synagogue,117063180,,,,,,,True,False,,,,,,,,True,False,,,,,
457257499,-170690865,-7,,,"https://sun9-15.userapi.com/s/v1/ig2/h1V73WuWx8HyQGYLNxG1S7B9ik3WcI8rOodCLRn4c6efUk0QNFwkaNKca3ICiutHJ1Pw71vBls1QzjjZTrTCRo7L.jpg?quality=95&as=32x43,48x64,72x96,108x144,160x213,240x320,360x480,480x640,540x720,640x853,720x960,1080x1440,1280x1707,1398x1864&from=bu&cs=1398x0",,,2023-06-06 15:22:13,58.007617,56.234293,58.00819896273859,56.23476395501453,70.40819997247725,synagogue,-170690865,,,,,,,True,False,,,,,,,,True,False,,,,,
456239024,544828323,-7,,,"https://sun9-60.userapi.com/s/v1/ig1/enMHLd73REc59LECoxr_kvfktpiI2amfaP-TVjuddISw4k9jaV3WW91Qb5oxQ3aPPtPlIF5i.jpg?quality=96&as=32x43,48x64,72x96,108x144,160x214,240x320,360x481,480x641,540x721,640x855,720x961,1002x1338&from=bu&cs=1002x0",,,2019-05-15 03:48:18,58.007714,56.233712,58.00819896273859,56.23476395501453,82.14909443165688,synagogue,544828323,,,,,,,True,False,,,,,,,,True,False,,,,,
457259870,237883497,-7,,,"https://sun9-88.userapi.com/s/v1/ig2/6eHr1_2O13Z21op98I7iXwCre-hnHxEGFRwzhEa3Wyz9Yhhii2Wu1E7BdBQ2Q1WqAvH_RHgIC8y4LwuF-33I3tPI.jpg?quality=95&as=32x57,48x85,72x128,108x192,160x284,240x427,360x640,480x853,540x960,640x1138,720x1280,900x1600&from=bu&cs=900x0",,,2022-11-14 16:48:43,58.008205,56.234926,58.00819896273859,56.23476395501453,9.56978033944169,synagogue,237883497,,,,,,,True,True,,,,,,,,True,False,,,,,
457245781,-194619161,-7,,,"https://sun9-35.userapi.com/s/v1/ig2/7tjy0iCGSJdwruBN8LNEl_Y6JaZkNN4iTn3MiLcPpnj79Jk-tx-JQS2bCtkCbeCb5pN5G47etAkmm7qegKdhN6cc.jpg?quality=95&as=32x43,48x64,72x96,108x144,160x213,240x320,360x480,480x640,540x720,640x853,720x960,1080x1440,1280x1707,1440x1920,1920x2560&from=bu&cs=1920x0",,,2024-11-14 09:55:57,58.007918,56.234716,58.00819896273859,56.23476395501453,31.36910260405915,synagogue,-194619161,,,,,,,True,False,,,,,,,,True,False,,,,,
456239073,261660768,-7,8732.0,https://vk.com/wall261660768_8732,"https://sun9-60.userapi.com/s/v1/ig1/QmU22cLIU-HsYl-F_kGzL-Ch0Kql3xe6EaLjKhlIc-K2oHQ4BilaGkg83J6kNnlCLXO609_A.jpg?quality=96&as=32x32,48x48,72x72,108x108,160x160,240x240,360x360,480x480,540x540,640x640,720x720,960x960&from=bu&cs=960x0",,,2016-11-13 06:33:13,58.007898,56.235945,58.00819896273859,56.23476395501453,77.20654771743742,synagogue,261660768,,,,,,,True,False,,,,,,,,True,False,,,,,
457254072,-170690865,-7,,,"https://sun9-37.userapi.com/s/v1/ig2/dxFfr_9vy1gV-WpiaTkY2lRhpsP2gbBP7DEg_LCpz2FbFE_yLzC-qC8_-5S-pzYugkOrvjHVUllUrqFU2i-5wPA3.jpg?quality=95&as=32x43,48x64,72x96,108x144,160x213,240x320,360x480,480x640,540x720,640x853,720x960,1080x1440,1280x1707,1344x1792&from=bu&cs=1344x0",,,2022-10-16 12:52:47,58.007904,56.234332,58.00819896273859,56.23476395501453,41.51239618653149,synagogue,-170690865,,,,,,,True,False,,,,,,,,True,False,,,,,
457245780,-194619161,-7,,,"https://sun9-77.userapi.com/s/v1/ig2/kCj8JhMDe1Lo-J_x-V9TN6mTOkxlHtc785qvqdp0sYNA8yYoTN9Nt7TZCzVhZzPgEucHmBWCqIUFiC2XM5J87bCc.jpg?quality=95&as=32x43,48x64,72x96,108x144,160x213,240x320,360x480,480x640,540x720,640x853,720x960,1080x1440,1280x1707,1440x1920,1920x2560&from=bu&cs=1920x0",,,2024-11-14 09:55:57,58.007806,56.234914,58.00819896273859,56.23476395501453,44.580569031556806,synagogue,-194619161,,,,,,,True,False,,,,,,,,True,False,,,,,
456239670,-46008634,247407234,,,"https://sun9-10.userapi.com/s/v1/ig1/PIHfrTmVjHeHY9uiGaBzV5Zh4qU_prD9LsLOFcvrb_Cc8B0JWFflQLJyML778oIJuaGeGNE8.jpg?quality=96&as=32x43,48x64,72x96,108x144,160x213,240x320,360x480,480x640&from=bu&cs=480x0",,,2017-10-16 08:02:18,58.00796,56.234663,58.00819896273859,56.23476395501453,27.22889623953285,synagogue,-46008634,,,,,,,True,True,,,,,,,,True,True,,False,,,
457239262,709521831,-7,,,"https://sun9-35.userapi.com/s/v1/if2/Wr5SMJ1BIP-eMqrI-VtvKCLm609g1h8U5cUikU2AnJP0SRmapYbWbvJRjMT3g2NnrQgmQpU1VARuMEKFtFRnW9NG.jpg?quality=95&as=32x24,48x36,72x54,108x81,160x120,240x180,360x270,480x360,540x405,640x480,720x540,1080x810,1280x960,1440x1080,1600x1200&from=bu&cs=1600x0",,,2022-07-10 07:48:44,58.007701,56.234187,58.00819896273859,56.23476395501453,64.97077480891858,synagogue,709521831,,,,,,,True,False,,,,,,,,True,False,,,,,
456239069,526416871,-7,,,"https://sun9-83.userapi.com/s/v1/ig1/fvsjiIJB3GU4yVwDQfNhwE5c3WGk3gqWRpcAO-ysCelcKHmdCRnQHAFj8Jgeh7Hn3hlnOxDf.jpg?quality=96&as=32x43,48x64,72x96,108x144,160x213,240x320,360x480,480x640,540x720,640x853,720x960&from=bu&cs=720x0",,,2019-01-14 19:52:34,58.007953,56.234213,58.00819896273859,56.23476395501453,42.44396950282924,synagogue,526416871,,,,,,,True,False,,,,,,,,True,False,,,,,
457242778,-194619161,-7,,,"https://sun9-15.userapi.com/s/v1/ig2/KRAj2vpXSQIGx8h2hmKAv1GLMj7G7O-K9z6fs9dzuaBXytsBK5y7mYDojd7ilHzA5gQE60sZxFnDKRyCsN7CkfD9.jpg?quality=95&as=32x43,48x64,72x96,108x144,160x213,240x320,360x480,480x640,540x720,640x853,720x960,1080x1440,1280x1707,1440x1920,1920x2560&from=bu&cs=1920x0",,,2023-04-03 09:42:46,58.007695,56.2358,58.00819896273859,56.23476395501453,82.8583389920959,synagogue,-194619161,,,,,,,True,False,,,,,,,,True,False,,,,,
457253897,-170690865,-7,,,"https://sun9-24.userapi.com/s/v1/ig2/eKXAIQB0AZBbSkXUyLYyBthbqinpvre7qWkdnYhBE7gKwsI0AjK1gW0ZWN59KEsAAL7ZT7SebcPjW1Mc7gHYexRb.jpg?quality=95&as=32x43,48x64,72x96,108x144,160x213,240x320,360x480,480x640,540x720,640x853,720x960,1080x1440,1280x1707,1344x1792&from=bu&cs=1344x0",,,2022-10-05 10:39:18,58.007722,56.234505,58.00819896273859,56.23476395501453,55.186284082187015,synagogue,-170690865,,,,,,,True,False,,,,,,,,True,False,,,,,
457286708,14340157,-7,,,"https://sun9-53.userapi.com/s/v1/ig2/l-r3zGIujnCpxxCM0e1JTrAxC4-6UOwEoNw9U59K4wqV9UEG8Vqck5bIG_Whq19U7A2pMKIHwANEZapAjnAmoSsd.jpg?quality=95&as=32x43,48x64,72x96,108x144,160x213,240x320,360x480,480x640,540x720,640x853,720x960,1080x1440,1200x1600&from=bu&cs=1200x0",,,2022-06-22 12:32:36,58.007701,56.234703,58.00819896273859,56.23476395501453,55.48724836944938,synagogue,14340157,,,,,,,True,False,,,,,,,,True,False,,,,,
456243469,261660768,-7,,,"https://sun9-17.userapi.com/s/v1/ig1/1BQZKvKTF2ZcpS_sNwFAlryhCfe-7ybfAFf6qC90QtO6ChnXA8qKzD95UAuvIU-GZipcGuKk.jpg?quality=96&as=32x40,48x60,72x90,108x135,160x200,240x300,360x450,480x600,540x675,640x800,720x900,768x960&from=bu&cs=768x0",,,2018-04-23 13:43:47,58.007737,56.235747,58.00819896273859,56.23476395501453,77.41127872322427,synagogue,261660768,,,,,,,True,False,,,,,,,,True,False,,,,,
457253840,-170690865,-7,,,"https://sun9-4.userapi.com/s/v1/ig2/6fnn0O31CfU_0YSXczhsqCJRVkk4_QA0is6XAueY73pw3Klivf7p9LFsUa0v63jZxqLYVCLk6i2S-Als19-D1Xvx.jpg?quality=95&as=32x43,48x64,72x96,108x144,160x213,240x320,360x480,480x640,540x720,640x853,720x960,1080x1440,1280x1707,1344x1792&from=bu&cs=1344x0",,,2022-10-01 10:41:45,58.007806,56.234399,58.00819896273859,56.23476395501453,48.698462152861765,synagogue,-170690865,,,,,,,True,False,,,,,,,,True,False,,,,,
456239241,240379326,-7,,,"https://sun9-77.userapi.com/s/v1/if1/ngJnGHky8YT_1INTNgSuPvsMsFECpFMNjexyRWrkOdC1uJKhX2MTDhJbw98pZY6gPUa0hJtf.jpg?quality=96&as=32x24,48x36,72x54,108x81,160x120,240x180,360x270,480x360,540x405,640x480,720x540,960x720&from=bu&cs=960x0",,,2017-01-29 09:06:48,58.00782,56.235125,58.00819896273859,56.23476395501453,47.202412483192795,synagogue,240379326,,,,,,,True,False,,,,,,,,True,False,,,,,
457244633,-194619161,-7,,,"https://sun9-13.userapi.com/s/v1/ig2/otWUEWOIf9shNg-WLasUxFLR1BlBQtyajXeOHwPdoQp2IneWIp73fkuAuIhVQ1quhVvTciarxV8vIDEujm0ocPMT.jpg?quality=95&as=32x43,48x64,72x96,108x144,160x213,240x320,360x480,480x640,540x720,640x853,720x960,1080x1440,1280x1707,1440x1920,1920x2560&from=bu&cs=1920x0",,,2024-03-04 08:34:30,58.007912,56.235297,58.00819896273859,56.23476395501453,44.76910842408243,synagogue,-194619161,,,,,,,True,False,,,,,,,,True,False,,,,,
456239272,-75252175,-7,191.0,https://vk.com/wall-75252175_191,"https://sun9-8.userapi.com/s/v1/ig1/JQB5HzNerVnMvKfQ9hvgQuBey1h37DD3wu21oTI4cQgbVc6ACGPG6U8bCJiKQBBD_HjcSorg.jpg?quality=96&as=32x32,48x48,72x72,108x108,160x160,240x240,360x360,480x480,540x540,640x640,720x720,960x960&from=bu&cs=960x0","https://sun9-75.userapi.com/s/v1/if2/aQPcU-13HSVVWF4giHkmozXQ2dIaz6s_VyB8pzLdtyPNdOF5u7tXIaHcD27Mp_PLe-Q6wKfhTVOuBa2bTghmrQN6.jpg?quality=96&as=32x24,48x36,72x54,108x81,160x120,240x180,360x270,480x360,540x405,640x480,720x540,1080x810,1280x960,1440x1080,1920x1440&from=bu&cs=1920x0",,2017-01-17 09:12:01,58.007905,56.236222,58.00819896273859,56.23476395501453,91.9043136294957,synagogue,-75252175,,,,,,,True,False,,,,,,,,True,False,,,,,
456246187,9666156,-7,,,"https://sun9-8.userapi.com/s/v1/if1/XWYHsTfqTM_MCCIKqfXXW4qwqFT46lF0PvJ2WpbU2fsTYna8NSOK2ZXLoPaFkSwNLjVvmMZp.jpg?quality=96&as=32x18,48x27,72x40,108x61,160x90,240x135,360x202,480x270,540x304,640x360,720x405,1080x607,1280x720,1440x810,2560x1440&from=bu&cs=2560x0",,,2019-04-21 16:24:25,58.008275,56.234437,58.00819896273859,56.23476395501453,21.035187791968703,synagogue,9666156,,,,,,,True,True,,,,,,,,True,True,,False,,,
456239802,295660503,212916756,,,"https://sun9-43.userapi.com/s/v1/ig1/2hLcQsmXVe5iYXtH3xXZAqzhJiQwl6M4JUOhw1k3-xtwtt--RpqqEc75NkLeg2BMkqhbPA.jpg?quality=96&as=32x43,48x64,72x96,108x144,160x213,240x320,360x480,480x640,540x720,640x853,720x960,1080x1440,1280x1706,1297x1729&from=bu&cs=1297x0",,,2017-06-26 21:40:21,58.0078,56.235839,58.00819896273859,56.23476395501453,77.32402621441274,synagogue,295660503,,,,,,,True,False,,,,,,,,True,False,,,,,
457257367,-170690865,-7,,,"https://sun9-79.userapi.com/s/v1/ig2/eLVxk0NfJsaTxY4TWTsxyo9GTlAyrGaLU7lDEpUa8exz87aPUT1YE49iQ5H2eW9KYKqBs5xefytW6WGuElz1n2fS.jpg?quality=95&as=32x43,48x64,72x96,108x144,160x213,240x320,360x480,480x640,540x720,640x853,720x960,1080x1440,1280x1707,1398x1864&from=bu&cs=1398x0",,,2023-05-26 14:41:13,58.007708,56.234293,58.00819896273859,56.23476395501453,61.23812560383689,synagogue,-170690865,,,,,,,True,False,,,,,,,,True,False,,,,,
457256929,-170690865,-7,,,"https://sun9-18.userapi.com/s/v1/ig2/GnA8CbuOgRu6VJEOCm9BI_W1EI9XuqpBQW7t4biT3QOHDL4gi4qHgp0kxsc4TA5-QbjdHjm4ELBCbrpLkR5rgrCt.jpg?quality=95&as=32x43,48x64,72x96,108x144,160x213,240x320,360x480,480x640,540x720,640x853,720x960,1080x1440,1280x1707,1398x1864&from=bu&cs=1398x0",,,2023-04-27 11:05:19,58.007715,56.234399,58.00819896273859,56.23476395501453,57.95011791683787,synagogue,-170690865,,,,,,,True,False,,,,,,,,True,False,,,,,
457256553,-170690865,-7,,,"https://sun9-69.userapi.com/s/v1/ig2/oXm48TnPyZS7O_Kt_uCx1E4_VlgluaiZvJ2MB-87P17IrLY8Z7eCYJmp9eQAcyKLiXNTMgFn1gXrEJXtEjoQxqEZ.jpg?quality=95&as=32x43,48x64,72x96,108x144,160x214,240x320,360x481,480x641,540x721,640x855,720x961,1080x1442,1280x1709,1342x1792&from=bu&cs=1342x0",,,2023-04-09 13:45:20,58.007813,56.234504,58.00819896273859,56.23476395501453,45.567571879464026,synagogue,-170690865,,,,,,,True,False,,,,,,,,True,False,,,,,
457250726,261660768,-7,,,"https://sun9-25.userapi.com/s/v1/ig2/YR1laFtCdXoAYaaiiJaUmWAkjgUA7x0eW2jMq2DJF-FKW21Zp4SkFfvTJvJmawFliCFBGea0RA3OP887Amyl5CMV.jpg?quality=96&as=32x43,48x64,72x96,108x144,160x214,240x320,360x481,480x641,540x721,640x855,720x961,1080x1442,1280x1709,1342x1792&from=bu&cs=1342x0",,,2020-08-04 08:13:07,58.007849,56.235892,58.00819896273859,56.23476395501453,77.00969538196476,synagogue,261660768,,,,,,,True,False,,,,,,,,True,False,,,,,
457240810,493814524,-7,,,"https://sun9-1.userapi.com/s/v1/ig2/HhWqQBOtFQ9iuLnStuncy69qBy3Ta3AqlraoVsQEqiWqmwp8mFVKDbwe3lrcbakyPAhh5bzJz2ifYE75yPQMBNTE.jpg?quality=95&as=32x43,48x64,72x96,108x144,160x213,240x320,360x480,480x640,540x720,640x853,720x960,1080x1440,1280x1707,1440x1920&from=bu&cs=1440x0",,,2022-12-02 19:53:00,58.0081,56.234887,58.00819896273859,56.23476395501453,13.17706229634948,synagogue,493814524,,,,,,,True,True,,,,,,,,True,False,,,,,
457244143,33433452,159779885,,,"https://sun9-32.userapi.com/s/v1/ig2/a6N9TmEntFwH_92Zljpowix-sxigtxHPGaPpS9X07nQHirjGlbs9M3v15bA0je5KnJrL7tSfsZuFtLVRTuKLs9jy.jpg?quality=96&as=32x43,48x64,72x96,108x144,160x213,240x320,360x480,480x640,540x720,640x853,720x960,1080x1440,1280x1707,1440x1920,1620x2160&from=bu&cs=1620x0",,,2020-03-17 02:55:18,58.008191,56.234887,58.00819896273859,56.23476395501453,7.302560068849029,synagogue,33433452,,,,,,,True,True,,,,,,,,True,False,,,,,
457256473,-170690865,-7,,,"https://sun9-41.userapi.com/s/v1/ig2/ew1t1jSgrAE4--RMSTadao3tME4fp6FjhcM-JaCM9Hvp7aZL4_62b4-0U3iRjjSyOTDnkMeUKzV2Qrwq6i7BZsVL.jpg?quality=95&as=32x43,48x64,72x96,108x144,160x214,240x320,360x481,480x641,540x721,640x855,720x961,1080x1442,1280x1709,1342x1792&from=bu&cs=1342x0",,,2023-04-03 15:18:08,58.007813,56.234504,58.00819896273859,56.23476395501453,45.567571879464026,synagogue,-170690865,,,,,,,True,False,,,,,,,,True,False,,,,,
457256809,-170690865,-7,,,"https://sun9-15.userapi.com/s/v1/ig2/sGyiwDeZCN4FCH-nJE7n9dKg1nr6w8GIrK1u1JJg38GHA5SXOF5ys6yhzlHaynQ3G0Rn5RheCjeETScvAyoTeg24.jpg?quality=95&as=32x43,48x64,72x96,108x144,160x214,240x320,360x481,480x641,540x721,640x855,720x961,1080x1442,1280x1709,1342x1792&from=bu&cs=1342x0",,,2023-04-21 17:20:48,58.007722,56.234505,58.00819896273859,56.23476395501453,55.186284082187015,synagogue,-170690865,,,,,,,True,False,,,,,,,,True,False,,,,,
457245776,-194619161,-7,,,"https://sun9-73.userapi.com/s/v1/ig2/0qBXYh7ekBmqCT8EMz7KWp0XYr5F527fhqi8fJ0j7KkbLNwcLAYtPTbOOdlxzJ5jv-zV6hWfGfQ5iZaFtB3CYn5N.jpg?quality=95&as=32x43,48x64,72x96,108x144,160x213,240x320,360x480,480x640,540x720,640x853,720x960,1080x1440,1280x1707,1440x1920,1920x2560&from=bu&cs=1920x0",,,2024-11-11 12:19:11,58.008205,56.234926,58.00819896273859,56.23476395501453,9.56978033944169,synagogue,-194619161,,,,,,,True,True,,,,,,,,True,False,,,,,
457240542,-194619161,-7,,,"https://sun9-66.userapi.com/s/v1/ig2/BH0ePkj3lJp4oXwn3S1pW_XQpnjpQ6FZAVviUpgTdyqcjnL5paGqI5hqlacpb66R01JtInhnOK8JpJa3CX2ik5iy.jpg?quality=95&as=32x43,48x64,72x96,108x144,160x213,240x320,360x480,480x640,540x721,640x854,720x961,1080x1441,1280x1708,1388x1852&from=bu&cs=1388x0",,,2022-06-20 09:50:43,58.007813,56.23502,58.00819896273859,56.23476395501453,45.490675569552515,synagogue,-194619161,,,,,,,True,False,,,,,,,,True,False,,,,,
456239236,240379326,-7,,,"https://sun9-78.userapi.com/s/v1/ig1/QAfSjnuS_TBucwS53BP_Bjh-qWtbAE1sFTV9SmC433n2yyWJ4-GZd1unOqgepBg0tfAgZZPr.jpg?quality=96&as=32x43,48x64,72x96,108x144,160x213,240x320,360x480,480x640,540x720,640x853,720x960&from=bu&cs=720x0",,,2017-01-29 09:06:31,58.007912,56.235297,58.00819896273859,56.23476395501453,44.76910842408243,synagogue,240379326,,,,,,,True,False,,,,,,,,True,False,,,,,
456242448,124474976,-7,3263.0,https://vk.com/wall124474976_3263,"https://sun9-28.userapi.com/s/v1/ig1/I9GQbyQOx7k3aQuEzhrE5rgJy88d8uwdo1EnQBvqViZIqXZpDEgRfLTCUhm39G1NQ2TcgI0-.jpg?quality=96&as=32x43,48x64,72x96,108x144,160x213,240x320,360x480,480x640,540x721,640x854&from=bu&cs=640x0",,,2018-10-06 16:32:43,58.007821,56.235813,58.00819896273859,56.23476395501453,74.73693356164176,synagogue,124474976,,,,,,,True,False,,,,,,,,True,False,,,,,
457253159,-170690865,-7,,,"https://sun9-26.userapi.com/s/v1/ig2/w_6hgboxkQx5x5BPFjgCy3GcmWg1pqttfnSDMHqIEAdWK_QeRWOLCecF7R36kj4iepgyosDKmJUY7w7BP6ykbUqy.jpg?quality=95&as=32x43,48x64,72x96,108x144,160x213,240x320,360x480,480x640,540x720,640x853,720x960,1080x1440,1280x1707,1344x1792&from=bu&cs=1344x0",,,2022-08-25 15:45:16,58.007813,56.234504,58.00819896273859,56.23476395501453,45.567571879464026,synagogue,-170690865,,,,,,,True,False,,,,,,,,True,False,,,,,
457255824,-170690865,-7,,,"https://sun9-59.userapi.com/s/v1/ig2/Sj5p5r3-S3F40InYQQ019S0JJ3-zsEB6Jr5CkAybErG71vLP10NVdWYsWIkXbFJHHZSpXKFOt6-6qBhenxOX_suP.jpg?quality=95&as=32x43,48x64,72x96,108x144,160x214,240x320,360x481,480x641,540x721,640x855,720x961,1080x1442,1280x1709,1342x1792&from=bu&cs=1342x0",,,2023-02-21 12:44:27,58.007715,56.234399,58.00819896273859,56.23476395501453,57.95011791683787,synagogue,-170690865,,,,,,,True,False,,,,,,,,True,False,,,,,
457256814,-170690865,-7,,,"https://sun9-34.userapi.com/s/v1/ig2/-4slyGpXhoJE06pB1KpTlcP926yOc5o549IZre-1LW7jv7MWt_XQrL6VFyS6xslKmfQHgmUWqXeAx6YH0A07Xz_R.jpg?quality=95&as=32x43,48x64,72x96,108x144,160x214,240x320,360x481,480x641,540x721,640x855,720x961,1080x1442,1280x1709,1342x1792&from=bu&cs=1342x0",,,2023-04-22 12:49:03,58.007918,56.2342,58.00819896273859,56.23476395501453,45.605044690392624,synagogue,-170690865,,,,,,,True,False,,,,,,,,True,False,,,,,
457254189,-170690865,-7,,,"https://sun9-8.userapi.com/s/v1/ig2/zQqMhftD7y3lfMVNmfTaIwFOBTVKdqolXwbMxq9Mw6pTidle5A32NKHjSbOpOlZdgj6n7OHs9OxZj7QmMJf-TlwZ.jpg?quality=95&as=32x43,48x64,72x96,108x144,160x213,240x320,360x480,480x640,540x720,640x853,720x960,1080x1440,1280x1707,1344x1792&from=bu&cs=1344x0",,,2022-10-26 10:35:42,58.007904,56.234504,58.00819896273859,56.23476395501453,36.19748746981516,synagogue,-170690865,,,,,,,True,False,,,,,,,,True,False,,,,,
457255809,-170690865,-7,,,"https://sun9-85.userapi.com/s/v1/ig2/qx5GaNdUGOvKje44ApFuYByS707aPJJntfl5ARJ5vv42q7-lotfq5IooGv05KDpPsTX5mdBiInGb3_smCHTCg330.jpg?quality=95&as=32x43,48x64,72x96,108x144,160x213,240x320,360x480,480x640,540x720,640x853,720x960,1080x1440,1280x1707,1344x1792&from=bu&cs=1344x0",,,2023-02-17 14:09:13,58.007897,56.234398,58.00819896273859,56.23476395501453,39.902113118787824,synagogue,-170690865,,,,,,,True,False,,,,,,,,True,False,,,,,
457255254,-170690865,-7,,,"https://sun9-87.userapi.com/s/v1/ig2/0qruhb4vYttwHSZzYzIFJiXrdX6m4HqZIoFc6i-6NzAwYcSn-ZMtzJq1IUChxWh8CUD50Nnp-hb2tZM1g70jQo4Z.jpg?quality=95&as=32x43,48x64,72x96,108x144,160x213,240x320,360x480,480x640,540x720,640x853,720x960,1080x1440,1280x1707,1344x1792&from=bu&cs=1344x0",,,2023-01-10 12:32:58,58.007722,56.234505,58.00819896273859,56.23476395501453,55.186284082187015,synagogue,-170690865,,,,,,,True,False,,,,,,,,True,False,,,,,
457288067,14340157,-7,,,"https://sun9-8.userapi.com/s/v1/ig2/by-GXXFXM1eql4rQQE17TobguriSMUG4h6BAp7uRknvS0APP8LDKjXPdGGnyJLLnqG5UdAOn0ZoMMrR6TKGEs-hD.jpg?quality=95&as=32x43,48x64,72x96,108x144,160x213,240x320,360x480,480x640,540x720,640x853,720x960,1080x1440,1200x1600&from=bu&cs=1200x0",,,2022-07-21 17:54:50,58.008107,56.234993,58.00819896273859,56.23476395501453,16.930285459496016,synagogue,14340157,,,,,,,True,True,,,,,,,,True,False,,,,,
456240912,261660768,-7,,,"https://sun9-13.userapi.com/s/v1/ig1/avYtUfVHsMf9VMcVEmW7Vve1mmmjpjFwGDXqrQf95VLhzt0lpKwPvBJfephTk97MEI1BhQ.jpg?quality=96&as=32x37,48x56,72x83,108x125,160x185,240x278,360x416,480x555,540x625,640x740,720x833,830x960&from=bu&cs=830x0",,,2017-05-31 08:51:32,58.007954,56.23576,58.00819896273859,56.23476395501453,64.69200289317165,synagogue,261660768,,,,,,,True,False,,,,,,,,True,False,,,,,
457240145,-194619161,-7,,,"https://sun9-12.userapi.com/s/v1/ig2/OC8HCN8JAMmnFEkVEn84PFTuQIiSEriLlR12RH_vGX5UslSMipTmnesp-VZjMw_J3n1Gzg6Q6IgLrVPm-ywGAn9Z.jpg?quality=96&as=32x43,48x64,72x96,108x144,160x213,240x320,360x480,480x640,540x721,640x854,720x961,1080x1441,1280x1708,1388x1852&from=bu&cs=1388x0",,,2022-04-22 06:48:59,58.007842,56.235443,58.00819896273859,56.23476395501453,56.3538374152652,synagogue,-194619161,,,,,,,True,False,,,,,,,,True,False,,,,,
397568246,261660768,-7,,,"https://sun9-54.userapi.com/s/v1/ig1/zOs3tYBao1yyWaB_nHisI9XYL0Tr2AeZbF23Hfx69NdQl_Shjqs7QIpZ3Mr-NMYR8u9DGzz5.jpg?quality=96&as=32x40,48x60,72x90,108x135,160x200,240x300,360x451,480x601,540x676,640x801,720x901,767x960&from=bu&cs=767x0",,,2016-01-20 16:33:01,58.007863,56.235932,58.00819896273859,56.23476395501453,78.29752556578492,synagogue,261660768,,,,,,,True,False,,,,,,,,True,False,,,,,
457257254,-170690865,-7,,,"https://sun9-23.userapi.com/s/v1/ig2/Gwl-XMLXFN0I4SoP5ls6_HjMNh_HKTLZ1z5izipl-Z2jVBtqw-lKgVDCjt9ZXqiUQYFeSIrAWPPEZ6CCryQzE-cU.jpg?quality=95&as=32x43,48x64,72x96,108x144,160x213,240x320,360x480,480x640,540x720,640x853,720x960,1080x1440,1280x1707,1398x1864&from=bu&cs=1398x0",,,2023-05-19 14:49:36,58.007722,56.234505,58.00819896273859,56.23476395501453,55.186284082187015,synagogue,-170690865,,,,,,,True,False,,,,,,,,True,False,,,,,
457245806,-194619161,-7,,,"https://sun9-71.userapi.com/s/v1/ig2/_Yjf6_dhYBHVYdYP9As995u6DXTxtTi-ogRBr3rkBKzIDwF_EEBixnIGwdpjircQNfTyQY0c4dHA0O-aOVh1SQgv.jpg?quality=95&as=32x43,48x64,72x96,108x144,160x213,240x320,360x480,480x640,540x720,640x854,720x960,1080x1441,1280x1708,1440x1921,1919x2560&from=bu&cs=1919x0",,,2024-11-18 08:06:22,58.007708,56.234809,58.00819896273859,56.23476395501453,54.65702261040432,synagogue,-194619161,,,,,,,True,False,,,,,,,,True,False,,,,,
457239618,-194619161,-7,,,"https://sun9-79.userapi.com/s/v1/ig2/ZMqUZODWQg7U3tKftzQkPaL0bFF8u9z50Zjh0h6Dr_2YdbIIY6QUzpCCV1rBR5TLhH_AP3-_f-Mldr5l9yBdJ-gl.jpg?quality=96&as=32x43,48x64,72x96,108x144,160x213,240x320,360x480,480x640,540x721,640x854,720x961,1080x1441,1280x1708,1388x1852&from=bu&cs=1388x0",,,2022-03-14 09:26:51,58.007863,56.235416,58.00819896273859,56.23476395501453,53.58271253648518,synagogue,-194619161,,,,,,,True,False,,,,,,,,True,False,,,,,
457250798,261660768,-7,,,"https://sun9-70.userapi.com/s/v1/ig2/nL8e9X2Uwm_BNrmt58WFbPg7WvWJlv-Sw88yYpCREN3KMbpEoAA0IHfUTHWU8apD_2ulJYTnvQzakM5yPzpuDQyK.jpg?quality=96&as=32x43,48x64,72x96,108x144,160x214,240x320,360x481,480x641,540x721,640x855,720x961,1080x1442,1280x1709,1342x1792&from=bu&cs=1342x0",,,2020-08-21 06:20:11,58.007765,56.235654,58.00819896273859,56.23476395501453,71.25851791575037,synagogue,261660768,,,,,,,True,False,,,,,,,,True,False,,,,,
457261207,91875183,305287651,,,"https://sun9-52.userapi.com/s/v1/if2/WJiExxqhMglHKHM76JQd8nI03jUZuK3bAP0RRLWeFL-_L5FL1vnYyYHv1oGBulFl-KJEmQ03x8wxU6gouES27yZi.jpg?quality=95&as=32x28,48x42,72x63,108x95,160x141,240x211,360x317,480x422,540x475,640x563,720x634,1080x951,1102x970&from=bu&cs=1102x0",,,2024-05-19 19:20:29,58.008107,56.234477,58.00819896273859,56.23476395501453,19.756984804975843,synagogue,91875183,,,,,,,True,False,,,,,,,,True,False,,,,,
457245762,-194619161,-7,,,"https://sun9-77.userapi.com/s/v1/ig2/Aoq7eDC9qGJjVw2iNEkg3V3AyB5smaUkalSUvGOCm2GL2YXRVEmc4wqxEIAZ_US0Ajj-awMBcU_vFB_tR-Q2BB2L.jpg?quality=95&as=32x43,48x64,72x96,108x144,160x213,240x320,360x480,480x640,540x720,640x853,720x960,1080x1440,1280x1707,1440x1920,1920x2560&from=bu&cs=1920x0",,,2024-11-09 09:02:19,58.007799,56.234808,58.00819896273859,56.23476395501453,44.54945572405847,synagogue,-194619161,,,,,,,True,False,,,,,,,,True,False,,,,,
457245772,-194619161,-7,,,"https://sun9-44.userapi.com/s/v1/ig2/rqIuNUwW31DEcGcQA4Bn3ctkI_oARJxF4IMnjOIrrhMf6Q470jT2HVcMRuhjFSf-18QG-jWpkmQg3gbwZIkACj1f.jpg?quality=95&as=32x43,48x64,72x96,108x144,160x213,240x320,360x480,480x640,540x720,640x853,720x960,1080x1440,1280x1707,1440x1920,1920x2560&from=bu&cs=1920x0",,,2024-11-11 12:19:11,58.00831,56.234794,58.00819896273859,56.23476395501453,12.473002149656551,synagogue,-194619161,,,,,,,True,True,,,,,,,,True,False,,,,,
457255973,-170690865,-7,,,"https://sun9-52.userapi.com/s/v1/ig2/MSrvrB0v3NVF4C9tAqoRGZ2ZcXi9wM7JbscDnum2oHWqt6IMzVtHBPbO6JwobYGYwQeUiKmgJtR6oK_nIP33K2BA.jpg?quality=95&as=32x43,48x64,72x96,108x144,160x214,240x320,360x481,480x641,540x721,640x855,720x961,1080x1442,1280x1709,1342x1792&from=bu&cs=1342x0",,,2023-02-28 13:14:35,58.007813,56.234504,58.00819896273859,56.23476395501453,45.567571879464026,synagogue,-170690865,,,,,,,True,False,,,,,,,,True,False,,,,,
457249450,-170690865,-7,,,"https://sun9-21.userapi.com/s/v1/ig2/ghM6RmIw5if8LnlfrA5eUxyDczwZZXkURfwalZ_6UFmtv4WfOWtR2xbsfWkpzX9nedsGSVIS7MR034YRTi73R-07.jpg?quality=96&as=32x43,48x64,72x96,108x144,160x214,240x320,360x481,480x641,540x721,640x855,720x961,1080x1442,1280x1709,1342x1792&from=bu&cs=1342x0",,,2022-05-18 12:10:47,58.007897,56.234227,58.00819896273859,56.23476395501453,46.13044614621745,synagogue,-170690865,,,,,,,True,False,,,,,,,,True,False,,,,,
457241499,442411318,246963415,,,"https://sun9-16.userapi.com/s/v1/ig2/GeF1-YKsev5m-KfMrvhTsq_MEwhkv6NUERfC3kU0x1VMW4Cuu4SniCsM7wpV2a9Ly-PaOUEag2YxMYUCkMJ5s9sL.jpg?quality=95&as=32x42,48x64,72x96,108x143,160x212,240x319,360x478,480x637,540x717,640x850,720x956,1080x1434,1280x1700,1440x1912,1928x2560&from=bu&cs=1928x0",,,2024-12-25 15:21:14,58.008513,56.234423,58.00819896273859,56.23476395501453,40.28402547163133,synagogue,442411318,,,,,,,True,False,,,,,,,,True,False,,,,,
457250666,-170690865,-7,,,"https://sun9-83.userapi.com/s/v1/ig2/pfSXFCibwmFxS0sYAU0rgy5X9S3ejKKYAf-biGBql2Nu1ABOwJN3r4o7UwQhtSUXe0Hb0Jo7Yt__o2R8oCayNcFP.jpg?quality=95&as=32x43,48x64,72x96,108x144,160x214,240x320,360x481,480x641,540x721,640x855,720x961,1080x1442,1280x1709,1342x1792&from=bu&cs=1342x0",,,2022-06-02 14:21:56,58.008114,56.234411,58.00819896273859,56.23476395501453,22.83853256185169,synagogue,-170690865,,,,,,,True,False,,,,,,,,True,False,,,,,
457257188,-170690865,-7,,,"https://sun9-20.userapi.com/s/v1/ig2/0H6MKfCiCoteyWL4Z67quXKrn3Kx_6GIT0jNVWXAmvDUB144WWY2fu0f_Cqw0kuhMsSDbGINK664Y1hcmFFv0qSv.jpg?quality=95&as=32x43,48x64,72x96,108x144,160x213,240x320,360x480,480x640,540x720,640x853,720x960,1080x1440,1280x1707,1398x1864&from=bu&cs=1398x0",,,2023-05-12 17:44:26,58.007715,56.234399,58.00819896273859,56.23476395501453,57.95011791683787,synagogue,-170690865,,,,,,,True,False,,,,,,,,True,False,,,,,
456239666,-46008634,247407234,,,"https://sun9-23.userapi.com/s/v1/ig1/Ipwp7AdJ-_hyep6odYcaCL-s_2Uw3cAD7hZDa-5iyJuBbs5yLa8h1Eb3TVWiB9qLiM5YWng7.jpg?quality=96&as=32x43,48x64,72x96,108x144,160x213,240x320,360x480,480x640&from=bu&cs=480x0",,,2017-10-10 12:12:33,58.007897,56.23457,58.00819896273859,56.23476395501453,35.46762204138626,synagogue,-46008634,,,,,,,True,False,,,,,,,,True,True,,False,,,
457253905,158614612,-7,,,"https://sun9-59.userapi.com/s/v1/ig2/ZILPvCjhU30wLWf58EYT-yp9957m7-Om4ONtCaqHFPkrGl8qJuCVQmywzcwxhdw2HMxYV4nB7xCTxOHL-Az290al.jpg?quality=96&as=32x43,48x64,72x96,108x144,160x213,240x320,360x480,480x640,540x720,640x853,720x960,1080x1440,1280x1707,1440x1920&from=bu&cs=1440x0",,,2020-12-24 10:56:19,58.007701,56.234531,58.00819896273859,56.23476395501453,57.046288673327496,synagogue,158614612,,,,,,,True,False,,,,,,,,True,False,,,,,
456241723,269898165,-7,886.0,https://vk.com/wall269898165_886,"https://sun9-85.userapi.com/s/v1/ig1/t2xISypPP37mPnHfOAeRPHc7IH4zphc4M7FoJKV0FuCz3YE5R5QooqwqvKEn9Wj7V3h-kKaX.jpg?quality=96&as=32x40,48x60,72x90,108x135,160x200,240x300,360x450,480x600,540x675,640x800,720x900,768x960&from=bu&cs=768x0",,,2019-01-21 10:36:06,58.008128,56.234451,58.00819896273859,56.23476395501453,20.054081315952764,synagogue,269898165,,,,,,,True,False,,,,,,,,True,False,,,,,
457240486,-179988268,-7,,,"https://sun9-41.userapi.com/s/v1/ig2/daK6dvAoIWipIc-HGLIGzm3PlYeqPWnlvT3qgRzZMcOktlMjThRblAt3qsOhAsp18ILEBrw5Lx8yyDFR1u-br_wH.jpg?quality=96&as=32x43,48x64,72x96,108x144,160x213,240x320,360x480,480x640,540x720,640x853,720x960,1080x1440,1280x1707,1440x1920,1620x2160&from=bu&cs=1620x0",,,2020-09-02 12:34:56,58.008051,56.234834,58.00819896273859,56.23476395501453,16.962277286167296,synagogue,-179988268,,,,,,,True,True,,,,,,,,True,False,,,,,
457257200,-170690865,-7,,,"https://sun9-44.userapi.com/s/v1/ig2/owdRoiz0bHBVNNxPeJbjmGRsJ6RSO6ffOMBRmST1CsYhvfrPKgCSADndP-JKsDVzgM-4wHstpwojBkL3n9G0z6Xi.jpg?quality=95&as=32x43,48x64,72x96,108x144,160x213,240x320,360x480,480x640,540x720,640x853,720x960,1080x1440,1280x1707,1398x1864&from=bu&cs=1398x0",,,2023-05-14 13:52:33,58.00782,56.234095,58.00819896273859,56.23476395501453,57.69519105960541,synagogue,-170690865,,,,,,,True,False,,,,,,,,True,False,,,,,
457253612,-170690865,-7,,,"https://sun9-80.userapi.com/s/v1/ig2/xe9VnFUt2u-W3e6DknnEEC98lz6XZvy-599mxkeCACERpxU-TLOOr_qmUaZ0dQNaXtQGoKctd8Ha_tiZbWA5-ZPe.jpg?quality=95&as=32x43,48x64,72x96,108x144,160x213,240x320,360x480,480x640,540x720,640x853,720x960,1080x1440,1280x1707,1344x1792&from=bu&cs=1344x0",,,2022-09-16 10:15:25,58.007904,56.234504,58.00819896273859,56.23476395501453,36.19748746981516,synagogue,-170690865,,,,,,,True,False,,,,,,,,True,False,,,,,
456241473,-99638016,-7,,,"https://sun9-15.userapi.com/s/v1/if1/SfgmDs-9Xl6gbW2WgtbDhrWPj9rg_tcA7PssTzUe9ug9i5zcbc9VybIPALlEmivDrDE2P5FP.jpg?quality=96&as=32x24,48x36,72x54,108x81,160x120,240x180,360x270,480x360,540x405,640x480,720x540,960x720&from=bu&cs=960x0",,,2017-05-16 00:40:38,58.007617,56.234122,58.00819896273859,56.23476395501453,74.9518876264359,synagogue,-99638016,,,,,,,True,False,,,,,,,,True,False,,,,,
457255440,-170690865,-7,,,"https://sun9-80.userapi.com/s/v1/ig2/xJyLJ9w-9ew1TTZ8BsP33cBsGzW4WIr_mIWZPO2xjV78K5yYuKfuE9Y8-m7qY6qTmg7BGRSyGdcYH9G0-jQgd98z.jpg?quality=95&as=32x43,48x64,72x96,108x144,160x213,240x320,360x480,480x640,540x720,640x853,720x960,1080x1440,1280x1707,1344x1792&from=bu&cs=1344x0",,,2023-01-21 10:10:33,58.007694,56.234597,58.00819896273859,56.23476395501453,57.00421853451046,synagogue,-170690865,,,,,,,True,False,,,,,,,,True,False,,,,,
457256993,193585525,303381976,,,"https://sun9-24.userapi.com/s/v1/ig2/AZe0T07Da5DFVlcOfMLROYc0Hfs2CnuLb-A1sF-bsJr6jwEUBzepGTXN_sbaK6ExEONXzhX3MgvmG3YaLgDq_yEC.jpg?quality=95&as=32x69,48x104,72x156,108x234,160x347,240x521,360x781,480x1041,540x1172,640x1388,720x1562,1080x2343,1180x2560&from=bu&cs=1180x0",,,2024-09-07 19:37:34,58.008198,56.234992,58.00819896273859,56.23476395501453,13.434748137224169,synagogue,193585525,,,,,,,True,False,,,,,,,,True,False,,,,,
456247270,192767690,246644270,,,"https://sun9-59.userapi.com/s/v1/if1/sApJS2--Igh0imX66gwlJP9G29pLCWqJMHByb6SQVKqxdk-7CkwGVVkpkSIFSx5Hq2CZMEjv.jpg?quality=96&as=32x21,48x31,72x47,108x70,160x104,240x156,360x234,480x312,540x351,640x416,690x449&from=bu&cs=690x0",,,2017-08-11 06:55:54,58.007954,56.235588,58.00819896273859,56.23476395501453,55.66500568925781,synagogue,192767690,,,,,,выше детского мира,True,False,,,,,,,,True,False,,,,,
456244110,261660768,-7,,,"https://sun9-80.userapi.com/s/v1/ig1/4QeQ_kuCPweaQ_PoarnI-F2ebq_ahHz13_6BMdLBd8hP1EbxzZIgNLCYUPhXVwHgcNNDDNer.jpg?quality=96&as=32x40,48x60,72x90,108x135,160x200,240x300,360x450,480x600,540x675,640x800,720x900,768x960&from=bu&cs=768x0",,,2018-07-12 14:30:36,58.007792,56.235046,58.00819896273859,56.23476395501453,48.20621404192909,synagogue,261660768,,,,,,,True,False,,,,,,,,True,False,,,,,
457239260,-214801568,-7,,,"https://sun9-18.userapi.com/s/v1/ig2/ETxU6jRA69qGAeXeEVL2G_MEDnZPzf5wM9Qrodl0_xNVE6SdXc2a2jOo2yTVNlYyII4dNOPmWyMhklFf9z8hh1qs.jpg?quality=95&as=32x43,48x64,72x96,108x144,160x214,240x321,360x481,480x642,540x722,640x855,720x962,1080x1444,1197x1600&from=bu&cs=1197x0",,,2022-10-21 10:32:16,58.008205,56.234926,58.00819896273859,56.23476395501453,9.56978033944169,synagogue,-214801568,,,,,,,True,True,,,,,,,,True,False,,,,,
457244578,204947776,-7,1197.0,https://vk.com/wall204947776_1197,"https://sun9-65.userapi.com/s/v1/ig2/zfXiI1MAdA8V-6JG2Vh30sSCbr6KxUy0bwu9V4waIZLllRIKCkpJxbWHYvHGztla3K07VQR5mtpg9qyzcG9-LLt_.jpg?quality=96&as=32x43,48x64,72x96,108x144,160x213,240x320,360x480,480x640,540x720,640x853,720x960,1080x1440,1104x1472&from=bu&cs=1104x0",,,2020-12-16 09:38:55,58.008128,56.234966,58.00819896273859,56.23476395501453,14.280623319906642,synagogue,204947776,,,,,,,True,True,,,,,,,,True,False,,,,,
457245720,-170690865,-7,,,"https://sun9-9.userapi.com/s/v1/ig2/SYLbX1OUn6m8BFh87BwFryt7_ulkNoBTf-VNYFsnRHDyZDMVpM_3NsjxTRfXTehZkVCd8YlJfAosDrGCLWT99A2-.jpg?quality=96&as=32x43,48x64,72x96,108x144,160x214,240x320,360x481,480x641,540x721,640x855,720x961,1080x1442,1280x1709,1342x1792&from=bu&cs=1342x0",,,2022-04-19 12:34:30,58.007841,56.234412,58.00819896273859,56.23476395501453,44.88018947431314,synagogue,-170690865,,,,,,,True,False,,,,,,,,True,False,,,,,
419158230,261660768,-7,,,"https://sun9-47.userapi.com/s/v1/ig1/iegeS1dHwL5Ag0sujJB4WkKKNcZm4mO-Wrq6jne48cV2w9T-MelQyejZItrEeBjk4MKppYer.jpg?quality=96&as=32x43,48x64,72x96,108x144,160x213,240x320,360x480,480x640,540x720,640x853,720x960&from=bu&cs=720x0",,,2016-06-17 05:15:50,58.007891,56.235839,58.00819896273859,56.23476395501453,71.9971941060956,synagogue,261660768,,,,,,,True,False,,,,,,,,True,False,,,,,
457245819,-170690865,-7,,,"https://sun9-43.userapi.com/s/v1/ig2/6XWwq6ErFRIBnBKWPysKuMhxAdA91sOltG7ld98WaLMpEAgLcRgQRNIdPjmEimn1Y3hBppx-DvXSW9FaytP7BFSb.jpg?quality=96&as=32x43,48x64,72x96,108x144,160x214,240x320,360x481,480x641,540x721,640x855,720x961,1080x1442,1280x1709,1342x1792&from=bu&cs=1342x0",,,2022-04-19 14:43:04,58.007841,56.234412,58.00819896273859,56.23476395501453,44.88018947431314,synagogue,-170690865,,,,,,,True,False,,,,,,,,True,False,,,,,
457239164,316951982,-7,,,"https://sun9-45.userapi.com/s/v1/ig1/z-wdE3I0qSxlRpcGZeE-ptHhe6F-J-yJFn8PU7a4hv70oaVQAyyx-qLBSxzq9sCFgCzLst3n.jpg?quality=96&as=32x43,48x64,72x96,108x144,160x213,240x320,360x480,480x640,540x720,640x853,720x960,1080x1440,1280x1707,1440x1920,1620x2160&from=bu&cs=1620x0",,,2019-11-09 22:05:05,58.007757,56.234174,58.00819896273859,56.23476395501453,60.19170500574144,synagogue,316951982,,,,,,,True,False,,,,,,,,True,False,,,,,
423391312,352634939,-7,121.0,https://vk.com/wall352634939_121,"https://sun9-79.userapi.com/s/v1/if1/9_qq0ZtvZbIVD7-1JsZFOcgxMjOXVCyPw0c7NZqOC8MarG-9WoTifZh5_6h8of9Jtq5CTvD5.jpg?quality=96&as=32x24,48x36,72x54,108x81,160x120,240x180,360x270,480x360,540x405,640x480,720x540,1080x810,1229x922&from=bu&cs=1229x0","https://sun9-69.userapi.com/s/v1/ig1/xJz2JznXgH_CybeU8NmJ2DKf73QdvwoybO_-NTBwT4SvT_G0gzXFYiLhTGfmTVOdb5j1fd9k.jpg?quality=96&as=32x32,48x48,72x72,108x108,160x160,240x240,360x360,480x480,540x540,640x640,720x720,960x960&from=bu&cs=960x0",,2016-07-26 11:21:39,58.008045,56.235244,58.00819896273859,56.23476395501453,33.05818588852603,synagogue,352634939,,,,,,"Место расположения: ул. Екатерининская,114
Формат: 13,3*16,6",True,False,,,,,,,,True,False,,,,,
457243439,-194619161,-7,,,"https://sun9-8.userapi.com/s/v1/ig2/hVVHVYI9OdsHIa_bN4FukpdTCDFc63TI59a_Kowpj82PwCLDDB6SW8g7q2z6btiI4AJYgpOPSNF_Q7dpxnx1E7Gd.jpg?quality=95&as=32x43,48x64,72x96,108x144,160x213,240x320,360x480,480x640,540x720,640x853,720x960,1080x1440,1280x1707,1440x1920,1920x2560&from=bu&cs=1920x0",,,2023-07-31 11:35:06,58.007806,56.234399,58.00819896273859,56.23476395501453,48.698462152861765,synagogue,-194619161,,,,,,,True,False,,,,,,,,True,False,,,,,
456240287,252068287,-7,,,"https://sun9-64.userapi.com/s/v1/ig1/EFPyvm3tCcsJroQgC1d8rOyqxd9fdisueQU9ztRjWetQ3p0DDy4zzi3MToZpN9tPMNuPiNDW.jpg?quality=96&as=32x43,48x64,72x96,108x144,160x214,240x320,360x481,480x641,540x721,640x855,719x960&from=bu&cs=719x0",,,2017-09-12 10:58:46,58.007806,56.234055,58.00819896273859,56.23476395501453,60.445339866651864,synagogue,252068287,,,,,,,True,False,,,,,,,,True,False,,,,,
457256200,-170690865,-7,,,"https://sun9-63.userapi.com/s/v1/ig2/C1xZcyecZB47_KLatR6mNfHRkvwcZQSkGLtMXoxZSKT9MyHyhbY1mV7mxppSg-cSZ3sJR17IrKMHkMMTgPfQ6KTk.jpg?quality=95&as=32x43,48x64,72x96,108x144,160x214,240x320,360x481,480x641,540x721,640x855,720x961,1080x1442,1280x1709,1342x1792&from=bu&cs=1342x0",,,2023-03-15 13:59:55,58.007813,56.234676,58.00819896273859,56.23476395501453,43.22875901210856,synagogue,-170690865,,,,,,,True,False,,,,,,,,True,False,,,,,
457256499,-170690865,-7,,,"https://sun9-4.userapi.com/s/v1/ig2/08gPtbw5OQCClMlaOzrp5TohqVJfBReQKDfk-9c0_7E5vfaWUNi09e1kuUDfrBNFw3UJ1eof0ooEuRGldhcpNbvN.jpg?quality=95&as=32x43,48x64,72x96,108x144,160x214,240x320,360x481,480x641,540x721,640x855,720x961,1080x1442,1280x1709,1342x1792&from=bu&cs=1342x0",,,2023-04-05 14:57:04,58.007806,56.234227,58.00819896273859,56.23476395501453,53.94365254895624,synagogue,-170690865,,,,,,,True,False,,,,,,,,True,False,,,,,
457290770,-210911959,-7,,,"https://sun9-6.userapi.com/s/v1/ig2/fS9sYoSfs8WzaBn_SECX3LXsUBiifgCd_T0g46dQZpcC5djLHWnikLJtwTV5ao0Gq1GnfOgO6OrnyEA85Q4qNmeC.jpg?quality=95&as=32x43,48x64,72x96,108x144,160x213,240x320,360x480,480x640,540x720,640x853,720x960,1080x1440,1280x1707,1440x1920,1920x2560&from=bu&cs=1920x0",,,2023-08-21 21:13:49,58.0078,56.236011,58.00819896273859,56.23476395501453,85.8203422920039,synagogue,-210911959,,,,,,,True,False,,,,,,,,True,False,,,,,
457257419,-170690865,-7,,,"https://sun9-48.userapi.com/s/v1/ig2/RE_s59ZnjtQPG0NYN1P_uQgAqUhWgN7xqrQGr6mY6S5oxsDu5lGGScvvISZMW0yD-lFnK-1qy0aNWhZEAZy0XksU.jpg?quality=95&as=32x43,48x64,72x96,108x144,160x213,240x320,360x480,480x640,540x720,640x853,720x960,1080x1440,1280x1707,1398x1864&from=bu&cs=1398x0",,,2023-05-30 15:36:49,58.007806,56.234227,58.00819896273859,56.23476395501453,53.94365254895624,synagogue,-170690865,,,,,,,True,False,,,,,,,,True,False,,,,,
457240157,-194619161,-7,,,"https://sun9-79.userapi.com/s/v1/ig2/Gie6snbK7iGdCLjWLPZ4EdCMWB4lyeygnD-9LbaNcWjf4p4UUpxFUGqh1DnVpOOh7Xt9OWWFKX-ffb3PSOFy1Tyh.jpg?quality=96&as=32x43,48x64,72x96,108x144,160x213,240x320,360x480,480x640,540x721,640x854,720x961,1080x1441,1280x1708,1388x1852&from=bu&cs=1388x0",,,2022-04-25 07:56:45,58.007842,56.235443,58.00819896273859,56.23476395501453,56.3538374152652,synagogue,-194619161,,,,,,,True,False,,,,,,,,True,False,,,,,
457240547,-194619161,-7,,,"https://sun9-21.userapi.com/s/v1/ig2/pVgj-gxZPex9StkoA5nuETkjdxYxtLMoWt9Tkg5TtDjbAa5ZKHS1MH6QeQS8rwX6Fc4PmWBt8cy-Ids9pNDnkE_3.jpg?quality=95&as=32x43,48x64,72x96,108x144,160x213,240x320,360x480,480x640,540x721,640x854,720x961,1080x1441,1280x1708,1388x1852&from=bu&cs=1388x0",,,2022-06-20 09:50:43,58.007813,56.235192,58.00819896273859,56.23476395501453,49.777058200489776,synagogue,-194619161,,,,,,,True,False,,,,,,,,True,False,,,,,
457251001,261660768,-7,,,"https://sun9-77.userapi.com/s/v1/ig2/0YQ92f58fPZLhn7x84hmRXC-TYszwVPQaXoBTemBiisPbNGCHmhHo4v_IigbCbqhrKas5D_R8Wcxoq5XgeHD0xu1.jpg?quality=96&as=32x43,48x64,72x96,108x144,160x214,240x320,360x481,480x641,540x721,640x855,720x961,1080x1442,1280x1709,1342x1792&from=bu&cs=1342x0",,,2020-10-16 20:11:21,58.008128,56.234451,58.00819896273859,56.23476395501453,20.054081315952764,synagogue,261660768,,,,,,,True,False,,,,,,,,True,False,,,,,
457256622,-170690865,-7,,,"https://sun9-85.userapi.com/s/v1/ig2/MmuP_RRwqjOecwAqcVxk4QV2GxlqhxCSwKR_o0DkS9PPLm4I746aH8_VTBgFiPbTMEvrgyobRZnTzGXPXHf9Mbyq.jpg?quality=95&as=32x43,48x64,72x96,108x144,160x214,240x320,360x481,480x641,540x721,640x855,720x961,1080x1442,1280x1709,1342x1792&from=bu&cs=1342x0",,,2023-04-13 17:56:11,58.007722,56.234505,58.00819896273859,56.23476395501453,55.186284082187015,synagogue,-170690865,,,,,,,True,False,,,,,,,,True,False,,,,,
457240551,-179988268,-7,,,"https://sun9-71.userapi.com/s/v1/ig2/yfFs4ylvJtz2GaRZRnIv4xszy8T37vfPZpXiQ7dat3ZykW7H0rt7gyWhtsK8D_sJyreD1LIdemfCk6h_nRL60Nac.jpg?quality=96&as=32x43,48x64,72x96,108x144,160x213,240x320,360x480,480x640,540x720,640x853,720x960,1080x1440,1280x1707,1440x1920,1620x2160&from=bu&cs=1620x0",,,2020-11-20 08:48:34,58.007638,56.234267,58.00819896273859,56.23476395501453,68.90494477226193,synagogue,-179988268,,,,,,,True,False,,,,,,,,True,False,,,,,
457250850,261660768,-7,,,"https://sun9-82.userapi.com/s/v1/ig2/6pycCAgNGPjYV_SKPy0z4RvFP9YODDYKhTvEjuL6Qe0-5BvO3yHiMltmRtArgrurlN43fXiuW61OrCNqiNrAbGhR.jpg?quality=96&as=32x43,48x64,72x96,108x144,160x214,240x320,360x481,480x641,540x721,640x855,720x961,1080x1442,1280x1709,1342x1792&from=bu&cs=1342x0",,,2020-08-29 08:48:53,58.007624,56.234227,58.00819896273859,56.23476395501453,71.33056861963097,synagogue,261660768,,,,,,,True,False,,,,,,,,True,False,,,,,
457255437,-170690865,-7,,,"https://sun9-46.userapi.com/s/v1/ig2/5HlzqO8QNU4cjVSK5Nf-CW-WalSuusUuhreDB79JBSf6ITs8KARqUTZBQoubJgcTYEeJ4WQNli137KOxCUv2PADI.jpg?quality=95&as=32x43,48x64,72x96,108x144,160x213,240x320,360x480,480x640,540x720,640x853,720x960,1080x1440,1280x1707,1344x1792&from=bu&cs=1344x0",,,2023-01-21 10:09:20,58.007701,56.234703,58.00819896273859,56.23476395501453,55.48724836944938,synagogue,-170690865,,,,,,,True,False,,,,,,,,True,False,,,,,
456239023,479633806,-7,,,"https://sun9-78.userapi.com/s/v1/ig1/0AQK4yoGZUDSb1pHHmeqHGo_FrrbhviW7kHmr6_Nn3Q_efJ4KtZbcIoKLrzsqA85PExgKUcn.jpg?quality=96&as=32x43,48x64,72x96,108x144,160x213,240x320,360x480,480x640,540x720,640x853,720x960&from=bu&cs=720x0",,,2018-03-22 17:26:40,58.007806,56.234227,58.00819896273859,56.23476395501453,53.94365254895624,synagogue,479633806,,,,,,,True,False,,,,,,,,True,False,,,,,
457250922,261660768,-7,,,"https://sun9-25.userapi.com/s/v1/ig2/1G49xjbqkqGW_rOyOrca_0f0Tnm3VHr5MM5JrzBAU3z13gVxn0AQKJ0fIlyOHuScfONJIvIWsgxLCWP2_7J9fkSL.jpg?quality=96&as=32x43,48x64,72x96,108x144,160x214,240x320,360x481,480x641,540x721,640x855,720x961,1080x1442,1280x1709,1342x1792&from=bu&cs=1342x0",,,2020-09-10 18:12:58,58.007786,56.235628,58.00819896273859,56.23476395501453,68.55357078931449,synagogue,261660768,,,,,,,True,False,,,,,,,,True,False,,,,,
456239349,261660768,-7,,,"https://sun9-47.userapi.com/s/v1/ig1/QBL6x1_fFMUyCtnJI04FgZyFJVL5WTY6X1jwwQV8Bt3A9TCTpBh-St16to7s4jRjSRicXsoN.jpg?quality=96&as=32x32,48x48,72x72,108x108,160x160,240x240,360x360,480x480,540x540,640x640,720x720,960x960&from=bu&cs=960x0",,,2016-12-20 16:20:57,58.007912,56.235812,58.00819896273859,56.23476395501453,69.4994897265836,synagogue,261660768,,,,,,,True,False,,,,,,,,True,False,,,,,
456239100,537376289,-7,,,"https://sun9-10.userapi.com/s/v1/ig1/emPjVWX3QDTZvnNC8CXNKHDs3wNvdrO39Dra0wA7Ud3eKG5qd8kGyiCs59UzxdiD3j35FpIi.jpg?quality=96&as=32x43,48x64,72x96,108x144,160x213,240x320,360x480,480x640,540x720,640x853,720x960,1008x1344&from=bu&cs=1008x0",,,2019-05-18 11:39:02,58.007715,56.234399,58.00819896273859,56.23476395501453,57.95011791683787,synagogue,537376289,,,,,,,True,False,,,,,,,,True,True,,False,,,
368971919,161926625,-7,398.0,https://vk.com/wall161926625_398,"https://sun9-77.userapi.com/s/v1/ig1/wmqb0t4sYhDAHUr4M-QjD5EUsH69qaMN6GOJjupaIRVE37Ue-eX1uccNtTof8s2VvNGmwA.jpg?quality=96&as=32x43,48x64,72x96,108x144,160x213,240x320,360x480,480x640,540x720,640x853,720x960&from=bu&cs=720x0",,,2015-06-09 14:39:30,58.007778,56.234663,58.00819896273859,56.23476395501453,47.18523491506143,synagogue,161926625,,,,,,,True,False,,,,,,,,True,False,,,,,
457239268,-214801568,-7,,,"https://sun9-47.userapi.com/s/v1/ig2/E3WgwHf5zUeGMdqvkYbmFjUWh2Kl_jOrJJo6rL1qBfJTzbe8N_xyCwMx9Ya081NZamEKtplMFNfMzncTy-H2G7KN.jpg?quality=95&as=32x38,48x57,72x85,108x128,160x190,240x284,360x427,480x569,540x640,640x759,720x853,1080x1280,1280x1517,1350x1600&from=bu&cs=1350x0",,,2022-10-23 06:51:11,58.008303,56.234688,58.00819896273859,56.23476395501453,12.403628167392649,synagogue,-214801568,,,,,,,True,True,,,,,,,,True,False,,,,,
333661337,-67729205,190215637,,,"https://sun9-42.userapi.com/s/v1/if2/uSIRqewSnQrpmLIWaTGEV5V-gPwmkrVD1g08XvrzVEM_kRFhsr9DDQtJNbN4W058qmZu4Fd1E4fL7jLoQJ5Iunhk.jpg?quality=96&as=32x24,48x36,72x54,108x81,160x119,240x179,360x269,480x358,540x403,640x478,720x538,1080x807,1280x956&from=bu&cs=1280x0",,,2014-06-28 14:01:35,58.008031,56.235376,58.00819896273859,56.23476395501453,40.60619190135894,synagogue,34712003,,,,,,,True,False,,,,,,,,True,False,,,,,
457256996,-170690865,-7,,,"https://sun9-43.userapi.com/s/v1/ig2/4bgYW0jK85vaS2d-3BAl5ZeH9glFRZH6ePkY_bzUngBDT0xps8u4OQcuMfdaeQHzVkzFqdsvwYqwa75ozM0IYsVN.jpg?quality=95&as=32x43,48x64,72x96,108x144,160x213,240x320,360x480,480x640,540x720,640x853,720x960,1080x1440,1280x1707,1398x1864&from=bu&cs=1398x0",,,2023-05-01 16:45:15,58.00782,56.23461,58.00819896273859,56.23476395501453,43.10373252508328,synagogue,-170690865,,,,,,,True,False,,,,,,,,True,False,,,,,
457239732,-213603898,-7,1139.0,https://vk.com/wall-213603898_1139,"https://sun9-6.userapi.com/s/v1/ig2/bhxjNj31VtsufatEmja-prEBC1WrAmAf6uFmbsYA-AgsTmDksAVC7tvZJYxmJ3_CkqZWM4btxQmRvtRNHDFzEB7y.jpg?quality=95&as=32x43,48x64,72x96,108x144,160x213,240x320,360x480,480x640,540x720,640x853,720x960,1080x1440,1280x1707,1440x1920&from=bu&cs=1440x0",,,2022-10-01 13:35:23,58.008009,56.234887,58.00819896273859,56.23476395501453,22.332046222560862,synagogue,-213603898,,,,,,,True,True,,,,,,,,True,True,,False,,,
457239278,-70968396,-7,,,"https://sun9-83.userapi.com/s/v1/ig2/oITASh1-TKwWWxD_ZRhYL8vrKLwnH-ybAfhI7z3bgXBhSkKH4AFnVdsFzI2nkz6MKa34IZkBRpMGi5Ybhsc6KBZQ.jpg?quality=96&as=32x43,48x64,72x96,108x144,160x213,240x320,360x480,480x640,540x720,640x853,720x960,1080x1440,1280x1707,1440x1920,1620x2160&from=bu&cs=1620x0",,,2021-09-04 08:24:12,58.007912,56.235297,58.00819896273859,56.23476395501453,44.76910842408243,synagogue,-70968396,,,,,,,True,False,,,,,,,,True,False,,,,,
457254265,-170690865,-7,,,"https://sun9-73.userapi.com/s/v1/ig2/H5owrtE7M_t-wTUQ0UO6gPQCTL3UY3zk2iycQkVViK33o93bupFc6tM1LW7_-uvLOy4G9ESD-6H4wcFnwSww8Mhg.jpg?quality=95&as=32x43,48x64,72x96,108x144,160x213,240x320,360x480,480x640,540x720,640x853,720x960,1080x1440,1280x1707,1344x1792&from=bu&cs=1344x0",,,2022-10-28 13:27:58,58.007813,56.234504,58.00819896273859,56.23476395501453,45.567571879464026,synagogue,-170690865,,,,,,,True,False,,,,,,,,True,False,,,,,
457248476,-116518,-7,,,"https://sun9-17.userapi.com/s/v1/ig2/IUTgeMkhIf2eNh_hfeBrnDO6Ls9O7S5ER7YNLvIN4YgGo57Dgt9no_hutyvRHZxBZvnv_TaGK-r0tAiPCW1AkqOP.jpg?quality=96&as=32x43,48x64,72x96,108x144,160x213,240x320,360x480,480x640,540x720,640x853,720x960,1080x1440,1280x1707,1440x1920,1620x2160&from=bu&cs=1620x0",,,2021-12-21 08:46:44,58.0081,56.234887,58.00819896273859,56.23476395501453,13.17706229634948,synagogue,-116518,,,,,,,True,True,,,,,,,,True,False,,,,,
457255741,-170690865,-7,,,"https://sun9-62.userapi.com/s/v1/ig2/Ld2faahKDu0n_K7q0raB4vh_oEM2aGpOJOA1qh_XwQRl0K6cww1S6XkTVyDqDxK11YH1ghpiY-3puwy6AdfcS2s0.jpg?quality=95&as=32x43,48x64,72x96,108x144,160x213,240x320,360x480,480x640,540x720,640x853,720x960,1080x1440,1280x1707,1344x1792&from=bu&cs=1344x0",,,2023-02-12 14:19:36,58.007715,56.234399,58.00819896273859,56.23476395501453,57.95011791683787,synagogue,-170690865,,,,,,,True,False,,,,,,,,True,False,,,,,
403835947,261660768,-7,,,"https://sun9-76.userapi.com/s/v1/ig1/gPGF0VIY6jAJj79waKGhx5bnZXyjbKs5KZUy6qRHfgssse7fdt-8Hd_VxCmXjapl1wRSzpgN.jpg?quality=96&as=32x40,48x60,72x90,108x135,160x200,240x300,360x451,480x601,540x676,640x801,720x901,767x960&from=bu&cs=767x0",,,2016-03-03 05:08:58,58.007737,56.235919,58.00819896273859,56.23476395501453,85.25725333106152,synagogue,261660768,,,,,,,True,False,,,,,,,,True,False,,,,,
457240945,-194619161,-7,,,"https://sun9-3.userapi.com/s/v1/ig2/JRRotk8EVPQ9xUTcM-5sWzawBdzuRmQM7TMYPHDPGlmjA8zx9mNLi2vDf9naJzV8GwO9Qha0vJ4k_btdGzol7KpC.jpg?quality=95&as=32x43,48x64,72x96,108x144,160x213,240x320,360x480,480x640,540x721,640x854,720x961,1080x1441,1280x1708,1388x1852&from=bu&cs=1388x0",,,2022-08-21 12:39:25,58.007806,56.234914,58.00819896273859,56.23476395501453,44.580569031556806,synagogue,-194619161,,,,,,,True,False,,,,,,,,True,False,,,,,
400357593,-107272158,227741275,,,"https://sun9-69.userapi.com/s/v1/if1/Wdc3MfDdo9f0sy8lyaZBqxFnBvQ8SESPdBwfxHExCf9NrsUe0eATcSyGfuzfTEEprNb0YT7Y.jpg?quality=96&as=32x24,48x36,72x54,108x81,160x120,240x180,360x270,480x360,540x405,640x480,720x540,1080x810,1280x960,1440x1080,2560x1920&from=bu&cs=2560x0",,,2016-02-05 09:10:17,58.007996,56.235363,58.00819896273859,56.23476395501453,41.88964292734353,synagogue,147055234,,,,,,,True,False,,,,,,,,True,False,,,,,
401590412,261660768,-7,,,"https://sun9-7.userapi.com/s/v1/ig1/6uX3-3Qmk2Mef6YrLYA8ISlpPJp21je8bAq_e6GLoGL6npV8Cv9wJQChFTC_a1bvzCSFT9om.jpg?quality=96&as=32x43,48x64,72x96,108x144,160x213,240x320,360x480,480x640,540x720,640x853,720x960&from=bu&cs=720x0",,,2016-02-16 16:39:35,58.007926,56.235852,58.00819896273859,56.23476395501453,70.92099431340579,synagogue,261660768,,,,,,,True,False,,,,,,,,True,False,,,,,
457239788,35677100,305774157,,,"https://sun9-39.userapi.com/s/v1/ig2/0SeXKL4_NR3pyROKQXwEe6wwbgnL-UqH8zkoU2JkITmPkTAsFBrcRb4Xpfl_9ys2uxmH8rxgDVo9HQs47ThWz8Bq.jpg?quality=95&as=32x69,48x104,72x156,108x234,160x347,240x520,360x780,480x1040,540x1170,640x1386,720x1559,1080x2339,1182x2560&from=bu&cs=1182x0",,,2025-06-28 14:25:35,58.007708,56.234121,58.00819896273859,56.23476395501453,66.44574108469159,synagogue,35677100,,,,,,,True,False,,,,,,,,True,False,,,,,
457257096,-170690865,-7,,,"https://sun9-62.userapi.com/s/v1/ig2/LnpHzaUpXDYvBgumHUW8sXAoJ3oYZrL1SP5oB2iC1ydH7rD-_9YfzIQ7XFSqw39BIwx73GivAJguNoY46iwPQ39J.jpg?quality=95&as=32x43,48x64,72x96,108x144,160x213,240x320,360x480,480x640,540x720,640x853,720x960,1080x1440,1280x1707,1398x1864&from=bu&cs=1398x0",,,2023-05-06 12:36:48,58.007715,56.234399,58.00819896273859,56.23476395501453,57.95011791683787,synagogue,-170690865,,,,,,,True,False,,,,,,,,True,False,,,,,
457253582,-170690865,-7,,,"https://sun9-22.userapi.com/s/v1/ig2/cdjsQXMuibvgOvd32xo6GxhGq_Jolmv9YXKhbw9kJN0p2ApugI5KqhQLYf1cr0YJpWV7zxLqJ-Z3yUzwkhFsSJQk.jpg?quality=95&as=32x43,48x64,72x96,108x144,160x213,240x320,360x480,480x640,540x720,640x853,720x960,1080x1440,1280x1707,1344x1792&from=bu&cs=1344x0",,,2022-09-14 12:25:59,58.007813,56.234676,58.00819896273859,56.23476395501453,43.22875901210856,synagogue,-170690865,,,,,,,True,False,,,,,,,,True,False,,,,,
457245766,-194619161,-7,,,"https://sun9-67.userapi.com/s/v1/ig2/-MTL7qQ-4j_DzETX374UGmeu6tl32eBFC-JfZu1rKzzFh69aBARMvopZK2DXXbXTniUSvrk30o5vK58dzFpUWDr5.jpg?quality=95&as=32x43,48x64,72x96,108x144,160x213,240x320,360x480,480x640,540x720,640x853,720x960,1080x1440,1280x1707,1440x1920,1920x2560&from=bu&cs=1920x0",,,2024-11-09 09:02:19,58.007806,56.234914,58.00819896273859,56.23476395501453,44.580569031556806,synagogue,-194619161,,,,,,,True,False,,,,,,,,True,False,,,,,
457250786,261660768,-7,,,"https://sun9-77.userapi.com/s/v1/ig2/2oRh-vbsqlhwNmkHuU50-NpPTqkGbWEQ_96lp49TpNjuNePKL2WnfYnrHxh7YBKFO_diUZXXXepM4xvp2-_vEzBk.jpg?quality=96&as=32x43,48x64,72x96,108x144,160x214,240x320,360x481,480x641,540x721,640x855,720x961,1080x1442,1280x1709,1342x1792&from=bu&cs=1342x0",,,2020-08-20 07:52:54,58.008149,56.23494,58.00819896273859,56.23476395501453,11.765272683364431,synagogue,261660768,,,,,,,True,True,,,,,,,,True,False,,,,,
456240124,425836081,-7,,,"https://sun9-49.userapi.com/s/v1/if1/KttjtaVWHA4zjzTORZVw9807fvqdqkqTi3jO0j9D2SA-V2Y8oAFzJQVMdSJRant68qs6XmOb.jpg?quality=96&as=32x16,48x23,72x35,108x53,160x78,240x117,360x175,480x234,540x263,640x312,720x351,1024x499&from=bu&cs=1024x0",,,2018-05-25 14:55:34,58.007989,56.235257,58.00819896273859,56.23476395501453,37.26566706826724,synagogue,425836081,,,,,,,True,False,,,,,,,,True,True,,False,,,
457256559,-170690865,-7,,,"https://sun9-35.userapi.com/s/v1/ig2/ArMr5n4JI1vvbRAB_fX1ZkY4edEO1NoFSCPWXjFKeLitkBNe3sYsmj6ttLp3RvmS9CHft32QE4MbQAqo9ZfLrcHh.jpg?quality=95&as=32x43,48x64,72x96,108x144,160x214,240x320,360x481,480x641,540x721,640x855,720x961,1080x1442,1280x1709,1342x1792&from=bu&cs=1342x0",,,2023-04-09 13:55:31,58.007715,56.234399,58.00819896273859,56.23476395501453,57.95011791683787,synagogue,-170690865,,,,,,,True,False,,,,,,,,True,False,,,,,
354596836,281682010,-7,,,"https://sun9-69.userapi.com/s/v1/if1/TtgcncZmzDC_1dmzRL3gNYh89PRqwKZBMFO-_irExtm0wuVHZlDnKS18n6hxyZWq06QNS7K0.jpg?quality=96&as=32x24,48x36,72x54,108x81,160x120,240x180,360x270,480x360&from=bu&cs=480x0",,,2015-03-14 12:22:47,58.007835,56.235509,58.00819896273859,56.23476395501453,59.70214156311746,synagogue,281682010,,,,,,,True,False,,,,,,,,True,False,,,,,
457250998,261660768,-7,,,"https://sun9-79.userapi.com/s/v1/ig2/B8u8HP4woRIZAARzUP6dhzgi4uUaB0KswDU6cNb_2hGwrUxmEqfSJgXzeaNvidDs_sfzQc-MHQ88GHRa_cYuW_Sm.jpg?quality=96&as=32x43,48x64,72x96,108x144,160x214,240x320,360x481,480x641,540x721,640x855,720x961,1080x1442,1280x1709,1342x1792&from=bu&cs=1342x0",,,2020-10-15 20:21:26,58.008205,56.234411,58.00819896273859,56.23476395501453,20.803708394636256,synagogue,261660768,,,,,,,True,False,,,,,,,,True,False,,,,,
457242782,-194619161,-7,,,"https://sun9-62.userapi.com/s/v1/ig2/juxmrPqfbAqqKF0C8Vf1oohDwXdKWo3SpQ0YKhZDGMyOsTGllkOJAUqos_CnCDpgkkib3iUUqlhIDNrl670WNvw-.jpg?quality=95&as=32x43,48x64,72x96,108x144,160x213,240x320,360x480,480x640,540x720,640x853,720x960,1080x1440,1280x1707,1440x1920,1920x2560&from=bu&cs=1920x0",,,2023-04-04 08:30:23,58.007723,56.235707,58.00819896273859,56.23476395501453,76.72991767250984,synagogue,-194619161,,,,,,,True,False,,,,,,,,True,False,,,,,
457266732,70618621,-7,,,"https://sun9-76.userapi.com/s/v1/ig2/tkSLEJCiTCrEJQWrePckw82SAWwI3kJ46jHRtOIQEnnmk6-aZQEfoFjpn4JvFO_8fkSTguOMNJDdAFaQDHB_WzEz.jpg?quality=95&as=32x43,48x64,72x96,108x144,160x213,240x320,360x480,480x640,540x720,640x853,720x960,1080x1440,1280x1707,1440x1920&from=bu&cs=1440x0",,,2022-07-23 14:30:03,58.008198,56.234992,58.00819896273859,56.23476395501453,13.434748137224169,synagogue,70618621,,,,,,,True,False,,,,,,,,True,False,,,,,
457239512,298975301,292217882,,,"https://sun9-88.userapi.com/s/v1/ig2/-84NkJG1rZ1j7dAiiiFmU_H92A0I1R2OY-rtCoGmjvwgJC2X4eXLPH2O8ONQBoNmrytlNT4OzfIrGOMA-YKzpyng.jpg?quality=95&as=32x43,48x64,72x96,108x144,160x213,240x320,360x479,480x639,540x719,640x852,720x959,1080x1438,1280x1705,1440x1918,1922x2560&from=bu&cs=1922x0",,,2023-04-09 03:50:44,58.008198,56.234992,58.00819896273859,56.23476395501453,13.434748137224169,synagogue,298975301,,,,,,,True,False,,,,,,,,True,False,,,,,
457240707,-194619161,-7,,,"https://sun9-18.userapi.com/s/v1/ig2/JdPzgLt-Kw7s2DKFkewdCA2M70eeWqecNZnt6w-O1Nv4Imlzy3U9cFriTiMA7rVJbppUZni1jjG4ULw7nX92pVby.jpg?quality=95&as=32x43,48x64,72x96,108x144,160x213,240x320,360x480,480x640,540x721,640x854,720x961,1080x1441,1280x1708,1388x1852&from=bu&cs=1388x0",,,2022-07-21 09:51:00,58.007813,56.23502,58.00819896273859,56.23476395501453,45.490675569552515,synagogue,-194619161,,,,,,,True,False,,,,,,,,True,False,,,,,
457239967,-179988268,-7,,,"https://sun9-32.userapi.com/s/v1/ig1/atywD3vXPI36yIQ6lzVKd6kihr1o_4DWNOscRJaWUNg0NrAUkFaYj-WYykbAJdqgH3BsMXfF.jpg?quality=96&as=32x43,48x64,72x96,108x144,160x213,240x320,360x480,480x640,540x720,640x853,720x960,1080x1440,1280x1707,1440x1920,1620x2160&from=bu&cs=1620x0",,,2019-10-16 18:31:55,58.008275,56.234609,58.00819896273859,56.23476395501453,12.442515475689278,synagogue,-179988268,,,,,,,True,True,,,,,,,,True,False,,,,,
457257518,-170690865,-7,,,"https://sun9-82.userapi.com/s/v1/ig2/BwRemcE9gyUD0OzBBYal5BCoABFp_1pL3W41EcpRObYTV2QVUmz4ojQKLQaBSFxG7J-cKFscgDKiHjAF7W2F-NKh.jpg?quality=95&as=32x43,48x64,72x96,108x144,160x213,240x320,360x480,480x640,540x720,640x853,720x960,1080x1440,1280x1707,1398x1864&from=bu&cs=1398x0",,,2023-06-07 16:44:24,58.007918,56.2342,58.00819896273859,56.23476395501453,45.605044690392624,synagogue,-170690865,,,,,,,True,False,,,,,,,,True,False,,,,,
456241260,261660768,-7,12281.0,https://vk.com/wall261660768_12281,"https://sun9-53.userapi.com/s/v1/ig1/n-C5WwSpJ26-Ql6oPoLs7TlYiVRnLKJh74tt__MHGEa2x94RiXZiiu3jh9c7DfYHoXbGndBZ.jpg?quality=96&as=32x40,48x60,72x90,108x135,160x200,240x300,360x450,480x600,540x675,640x800,720x900,768x960&from=bu&cs=768x0",,,2017-07-18 08:38:35,58.007821,56.235641,58.00819896273859,56.23476395501453,66.60231403242666,synagogue,261660768,,,,,,,True,False,,,,,,,,True,False,,,,,
347100490,218200193,-7,,,"https://sun9-31.userapi.com/s/v1/if1/2ipfVGXT8AHxXFoCFbgntHN87o6ZDfGb640kxCZIQdm3PG4HEdwy4GSoMe51e3wsGiFi3w.jpg?quality=96&as=32x24,48x36,72x54,108x81,160x120,240x180,360x270,480x360,540x405,640x480,720x540,960x720&from=bu&cs=960x0",,,2014-11-28 09:30:59,58.007722,56.234161,58.00819896273859,56.23476395501453,63.83203591763468,synagogue,218200193,,,,,,,True,False,,,,,,,,True,False,,,,,
457241988,-139376495,-7,,,"https://sun9-53.userapi.com/s/v1/ig2/KTeSKDkuoLjhEx52Lo4AkDEu_H_bsqk1vrUnRYa48oNTyGsnmFlrzNcq8cJwg-I86qlS93xndc7g5QDX-l0h-WCj.jpg?quality=95&as=32x43,48x64,72x96,108x144,160x213,240x320,360x480,480x640,540x720,640x853,720x960,1080x1440,1280x1707,1440x1920,1920x2560&from=bu&cs=1920x0",,,2024-07-06 07:49:29,58.007722,56.234505,58.00819896273859,56.23476395501453,55.186284082187015,synagogue,-139376495,,,,,,,True,False,,,,,,,,True,False,,,,,
457286709,14340157,-7,,,"https://sun9-15.userapi.com/s/v1/ig2/g06BUkZSHIypFVlxwRduLGMWGtGzHjJNVRUGSyq2Rgr-ADnD2ZTDl1M2w9r0mRbgj9f_FhxIg38ZFqU_dZ_S9osR.jpg?quality=95&as=32x43,48x64,72x96,108x144,160x213,240x320,360x480,480x640,540x720,640x853,720x960,1080x1440,1200x1600&from=bu&cs=1200x0",,,2022-06-22 12:32:37,58.008107,56.234821,58.00819896273859,56.23476395501453,10.763838839568535,synagogue,14340157,,,,,,,True,True,,,,,,,,True,False,,,,,
456242138,261660768,-7,,,"https://sun9-86.userapi.com/s/v1/ig1/kaKJIGUDzr2OeOgEXQou6sxcpFfsKBnOtLPeBAjPoYwBNaXDA9Ei3FpKn9c99r-zZnPqOvWt.jpg?quality=96&as=32x40,48x60,72x90,108x135,160x201,240x301,360x451,480x602,540x677,640x802,720x902,766x960&from=bu&cs=766x0",,,2017-11-16 10:12:05,58.008038,56.235997,58.00819896273859,56.23476395501453,74.81242460875315,synagogue,261660768,,,,,,,True,False,,,,,,,,True,False,,,,,
362767055,157367314,-7,,,"https://sun9-58.userapi.com/s/v1/ig1/iN1F_VWsn7VWRRBwLhrgrr1ww70lt76j87rtR66UrA8EVWGxMEBQPvJgYxU6eQG3I1Hs-ekP.jpg?quality=96&as=32x43,48x64,72x96,108x144,160x213,240x320,360x480,480x640,540x720,640x853,720x960&from=bu&cs=720x0",,,2015-04-27 14:27:07,58.00775,56.234927,58.00819896273859,56.23476395501453,50.83801069446789,synagogue,157367314,,,,,,,True,False,,,,,,,,True,False,,,,,
457240970,-139376495,-7,,,"https://sun9-22.userapi.com/s/v1/ig2/kxeZkxZZWLE2j95VRZBoT91NaSC6ybCubSpdufPTzFM2bIm4uidxWxnYvx9WOKPPxg7zChK24ltkdJIl7a8bF_O6.jpg?quality=95&as=32x43,48x64,72x96,108x144,160x213,240x320,360x480,480x640,540x720,640x853,720x960,1080x1440,1280x1707,1440x1920,1920x2560&from=bu&cs=1920x0",,,2023-11-07 09:10:22,58.007694,56.234597,58.00819896273859,56.23476395501453,57.00421853451046,synagogue,-139376495,,,,,,,True,False,,,,,,,,True,False,,,,,
457257436,-170690865,-7,,,"https://sun9-59.userapi.com/s/v1/ig2/_ofa8g-wcjR80PzG5xDpJqfBZCuNg141ZAF3z81G0WD_2h-6m13w2lvaJfqls9qXJvg30Yv7Q8FEVn32hhl1Buy3.jpg?quality=95&as=32x43,48x64,72x96,108x144,160x213,240x320,360x480,480x640,540x720,640x853,720x960,1080x1440,1280x1707,1398x1864&from=bu&cs=1398x0",,,2023-06-01 16:04:27,58.007904,56.234332,58.00819896273859,56.23476395501453,41.51239618653149,synagogue,-170690865,,,,,,,True,False,,,,,,,,True,False,,,,,
457259863,237883497,-7,,,"https://sun9-79.userapi.com/s/v1/ig2/ooFBAzxuydfP28P9sAYtrwOznUpd-KnG9L9jxGBipeNQJC1jVaBR9KVNpBTJ-AUoMs6o6p1t3WaKLtLlEZJVPcSl.jpg?quality=95&as=32x50,48x75,72x112,108x168,160x249,240x373,360x559,480x746,540x839,640x994,720x1118,1030x1600&from=bu&cs=1030x0",,,2022-11-14 16:48:00,58.008317,56.2349,58.00819896273859,56.23476395501453,15.37861529780568,synagogue,237883497,,,,,,,True,True,,,,,,,,True,False,,,,,
309987542,179778472,-7,,,"https://sun9-54.userapi.com/s/v1/ig2/hsXguLAxls6mtxBEip4-M1i_HQdy-zFbEVC2gchZW7RSIIRWycq0c7Ybt5e3wiliJS-bOkJVzwTCK5lujF_YYTAl.jpg?quality=96&as=32x46,48x70,72x104,108x156,160x232,240x348,360x521,480x695,540x782,640x927,698x1011&from=bu&cs=698x0",,,2013-09-05 16:53:06,58.008016,56.235165,58.00819896273859,56.23476395501453,31.178288524155295,synagogue,179778472,,,,,,,True,False,,,,,,,,True,False,,,,,
457242808,-194619161,-7,,,"https://sun9-15.userapi.com/s/v1/ig2/brIE2PWEcMcKK_mkvdC0MPVuDbUOmLNxHAU2JQA-yiXwU0-6atn26LmUljKazWreVsSU8OjY_TNxpenO2dzh115N.jpg?quality=95&as=32x43,48x64,72x96,108x144,160x213,240x320,360x480,480x640,540x720,640x853,720x960,1080x1440,1280x1707,1440x1920,1920x2560&from=bu&cs=1920x0",,,2023-04-12 08:56:51,58.007723,56.235707,58.00819896273859,56.23476395501453,76.72991767250984,synagogue,-194619161,,,,,,,True,False,,,,,,,,True,False,,,,,
457259868,237883497,-7,,,"https://sun9-86.userapi.com/s/v1/if2/FuiQbtjtQQGO1_ug3z-AQPjFRqvZXw0tyyShca33ZvhXRNDCb2Ql9ryDmDMRqLi2fBM1SdEVum4wXfRs4cQ0TW_R.jpg?quality=95&as=32x18,48x27,72x40,108x61,160x90,240x135,360x202,480x270,540x304,640x360,720x405,1080x607,1280x720,1440x810,1600x900&from=bu&cs=1600x0",,,2022-11-14 16:48:11,58.008317,56.2349,58.00819896273859,56.23476395501453,15.37861529780568,synagogue,237883497,,,,,,,True,True,,,,,,,,True,False,,,,,
306546930,117063180,176267686,,,"https://sun9-43.userapi.com/s/v1/if2/1O1utT0hH1T4pePtOr6V_zugTM3JPJcsXjOSTJfirBZk5aHCNxv5na_iGn-UaYc_cXl32RRFon90HORtzWvYSvjT.jpg?quality=96&as=32x24,48x36,72x54,108x81,160x120,240x180,360x270,480x360,540x405,640x480,720x540,960x720&from=bu&cs=960x0",,,2013-06-29 10:20:15,58.007666,56.234518,58.00819896273859,56.23476395501453,61.00836138371684,synagogue,117063180,,,,,,,True,False,,,,,,,,True,False,,,,,
456239374,403437020,-7,528.0,https://vk.com/wall403437020_528,"https://sun9-52.userapi.com/s/v1/ig1/fbOfVMGiJZEzTURoeZk36a9ExOmpIoVo79pbR9PlcCWrhOkq8TmyQiJ5XJyS9oI0TZIbbsmX.jpg?quality=96&as=32x43,48x64,72x96,108x144,160x213,240x320,360x480,480x640,540x720,640x853,720x960,864x1152&from=bu&cs=864x0",,,2019-06-29 10:50:56,58.007855,56.234967,58.00819896273859,56.23476395501453,40.07376077662802,synagogue,403437020,,,,,,,True,False,,,,,,,,True,True,,False,,,
457244468,-46008634,-7,,,"https://sun9-4.userapi.com/s/v1/ig2/sxEJ0uqB-A7oumUj2uKL5ueTiV16afyN0FY3p5sUjlyOVv_ccrZlqXHRaZOugLcw8gG_PGrONGP1Zj_8J8Wh17NE.jpg?quality=95&as=32x43,48x64,72x96,108x144,160x213,240x320,360x479,480x639,540x719,640x852,720x959,1080x1438,1280x1705,1440x1918,1922x2560&from=bu&cs=1922x0",,,2023-06-20 07:21:21,58.008114,56.234583,58.00819896273859,56.23476395501453,14.244094650953375,synagogue,-46008634,,,,,,,True,True,,,,,,,,True,True,,False,,,
457253117,-170690865,-7,,,"https://sun9-53.userapi.com/s/v1/ig2/dpUbzJmyg3W7BRw4MfmGVW47j4aTYnjyvJCZWGV0EiWMU9qwhqFnWtiJ-HR4OCpdp4XL31TZyY67AXHdgyPFr_35.jpg?quality=95&as=32x43,48x64,72x96,108x144,160x214,240x320,360x481,480x641,540x721,640x855,720x961,1080x1442,1280x1709,1342x1792&from=bu&cs=1342x0",,,2022-08-23 15:01:15,58.007995,56.234504,58.00819896273859,56.23476395501453,27.36586051718784,synagogue,-170690865,,,,,,,True,False,,,,,,,,True,False,,,,,
456239239,-75252175,-7,171.0,https://vk.com/wall-75252175_171,"https://sun9-68.userapi.com/s/v1/ig1/72PNY4k7DM95zFKT8joSuig_MTUvtY5uRt0q2gbtHPTaHLKg5waHMb0AprM17CH9CDyiTRxm.jpg?quality=96&as=32x32,48x48,72x72,108x108,160x160,240x240,360x360,480x480,540x540,640x640,720x720,960x960&from=bu&cs=960x0",,,2016-12-28 12:37:00,58.007996,56.235878,58.00819896273859,56.23476395501453,69.40148843476285,synagogue,-75252175,,,,,,,True,False,,,,,,,,True,False,,,,,
457253012,-170690865,-7,,,"https://sun9-47.userapi.com/s/v1/ig2/E4SWhgHwdNVJLWlMp2Cy4cDF_PXHBglH05JExP4maUr1lSY3blGp-aYIAyQsa5h_dr-okvGUzwIktK-f71SdTB-C.jpg?quality=95&as=32x42,48x64,72x95,108x143,160x212,240x318,360x476,480x635,540x715,640x847,720x953,1080x1429,1280x1694,1354x1792&from=bu&cs=1354x0",,,2022-08-18 11:47:31,58.007897,56.234398,58.00819896273859,56.23476395501453,39.902113118787824,synagogue,-170690865,,,,,,,True,False,,,,,,,,True,False,,,,,
334463051,97847485,-6,2773.0,https://vk.com/wall97847485_2773,"https://sun9-23.userapi.com/s/v1/ig2/GaNNkF6BNL1z-gzE-kUuSxao5kEAdTASfAe_-N-rtMKlh7vR3sm_CFm5AwMQ2P4Bpwo8VUPsZOqLKqw1b8NbWeX4.jpg?quality=96&as=32x43,48x64,72x97,108x145,160x215,240x322,360x483,480x644,540x724,640x858,716x960&from=bu&cs=716x0",,,2014-06-14 13:15:24,58.007673,56.233936,58.00819896273859,56.23476395501453,76.15451673423102,synagogue,97847485,,,,,,,True,False,,,,,,,,True,False,,,,,
457239422,617798013,-7,,,"https://sun9-77.userapi.com/s/v1/ig2/M3HR2-OTr6Or7VAB4nTJL_Isp9Zn7AElLqF4lEdEDUh-i1fFF0Wd4rqPSwDNgSUVyk8ypw_VuydEqSvdPaw-_WWF.jpg?quality=96&as=32x46,48x69,72x103,108x155,160x230,240x344,360x517,480x689,540x775,640x918,720x1033,1080x1550,1115x1600&from=bu&cs=1115x0",,,2021-11-17 21:05:38,58.007609,56.233672,58.00819896273859,56.23476395501453,91.87835052616713,synagogue,617798013,,,,,,,True,False,,,,,,,,True,False,,,,,
456239031,238729961,-7,,,"https://sun9-44.userapi.com/s/v1/ig1/pt25NTZTV2N7PYPV5iBziX_9_RTYhO3MgZfGio1_5L_MvIQRX9EcbSBTdV1_G1_cqdUx3dC5.jpg?quality=96&as=32x43,48x64,72x96,108x144,160x213,240x320,360x480,480x640,540x720,640x853,720x960&from=bu&cs=720x0",,,2017-08-29 19:32:15,58.007981,56.235152,58.00819896273859,56.23476395501453,33.31645277407271,synagogue,238729961,,,,,,,True,False,,,,,,,,True,False,,,,,
457240241,21585801,283434369,,,"https://sun9-11.userapi.com/s/v1/ig2/y0EVmELQm7GjntPMe4gqlG76nX5lrLFfMpTvFnv6Z8Y2nLSZ0lMdYVWuVAfl0KHrvmbyvEVwPpzgHB_SjyYI_aRW.jpg?quality=95&as=32x43,48x64,72x96,108x144,160x213,240x320,360x480,480x640,540x720,640x853,720x960,1080x1440,1280x1707,1440x1920,1920x2560&from=bu&cs=1920x0",,,2023-09-19 14:08:38,58.007911,56.235125,58.00819896273859,56.23476395501453,38.44052309171016,synagogue,21585801,,,,,,,True,False,,,,,,,,True,False,,,,,
457239266,-214801568,-7,,,"https://sun9-60.userapi.com/s/v1/ig2/LWKJbk0XBZoJUz0ooe68JJncWEcvxWhEvFi_iIGKMSzrj7mpTvFavIM52mHsaKYrXbbcnULYs1uazM1mCRdV_s1Q.jpg?quality=95&as=32x43,48x64,72x96,108x144,160x214,240x321,360x481,480x642,540x722,640x855,720x962,1080x1444,1197x1600&from=bu&cs=1197x0",,,2022-10-23 06:51:11,58.008303,56.234516,58.00819896273859,56.23476395501453,18.63327725472843,synagogue,-214801568,,,,,,,True,True,,,,,,,,True,False,,,,,
457248240,-89885646,-7,10673.0,https://vk.com/wall-89885646_10673,"https://sun9-45.userapi.com/s/v1/ig2/_BtGHxcEbM8A7EydGXPYgOFEkYzzzB66h3FZOcu2cTxpvfd2Vf4gB3U8TZ6I1KsfZmMGDsyzBtCQM7JM6eCsdSVA.jpg?quality=95&as=32x43,48x64,72x96,108x144,160x213,240x320,360x480,480x640,540x720,640x853,720x960,1080x1440,1280x1707,1440x1920,1920x2560&from=bu&cs=1920x0",,,2024-08-27 13:47:44,58.008317,56.2349,58.00819896273859,56.23476395501453,15.37861529780568,synagogue,-89885646,,,,,,,True,True,,,,,,,,True,False,,,,,
456304088,360619746,-7,,,"https://sun9-50.userapi.com/s/v1/if1/9hncBGIOrAi-hbvKsExeeX_UsajLw3cfqD2zpa7KB1QKCROWWif5HiPHCmtsYQF9izPQ_g.jpg?quality=96&as=32x24,48x36,72x54,108x81,160x120,240x180,360x270,480x360,540x405,640x480&from=bu&cs=640x0",,,2019-06-28 18:06:42,58.007574,56.233659,58.00819896273859,56.23476395501453,95.21824246074848,synagogue,360619746,,,,,,,True,False,,,,,,,,True,False,,,,,
457259862,237883497,-7,,,"https://sun9-78.userapi.com/s/v1/if2/LwictXLEPGbYumz8ng2rM-2Y_d20aT-_ogCZ4MIrB-X0es233fjj5s4ZgNuKqHtoSIURy67VTc7ZFtHTjbHjIO--.jpg?quality=95&as=32x24,48x36,72x54,108x82,160x121,240x182,360x272,480x363,540x409,640x484,720x545,1080x817,1280x969,1440x1090,1600x1211&from=bu&cs=1600x0",,,2022-11-14 16:47:57,58.008303,56.234688,58.00819896273859,56.23476395501453,12.403628167392649,synagogue,237883497,,,,,,,True,True,,,,,,,,True,False,,,,,
456239975,382764661,256292169,,,"https://sun9-21.userapi.com/s/v1/ig1/1KuaR5y6mcb4yV7OlnTNQhfcLzXgYP0702i2mamKlnup9lCZ0DTUOOpZDLY6AK9bJW1gjglP.jpg?quality=96&as=32x51,48x77,72x115,108x173,160x256,240x384,360x576,480x768,540x864,640x1024,720x1152,1080x1728,1280x2048,1350x2160&from=bu&cs=1350x0",,,2018-08-24 08:47:15,58.008024,56.23527,58.00819896273859,56.23476395501453,35.59814265133196,synagogue,382764661,,,,,,Кератиновый локон Keune,True,False,,,,,,,,True,False,,,,,
457261216,91875183,305287651,,,"https://sun9-20.userapi.com/s/v1/ig2/am-7IRMgOa0KtEoddfHeUS5c9h3qeJQff7RCxoLPBBZ0sM5nitV85tZAaBLZo8VI-YSdaUcY7aYMP0MEgJodCtbc.jpg?quality=95&as=32x32,48x48,72x72,108x108,160x160,240x240,360x360,480x480,540x540,640x640,720x720,1080x1080,1280x1280,1440x1440,1560x1560&from=bu&cs=1560x0",,,2024-05-19 19:20:46,58.007694,56.234597,58.00819896273859,56.23476395501453,57.00421853451046,synagogue,91875183,,,,,,,True,False,,,,,,,,True,True,,False,,,
456240303,261660768,-7,,,"https://sun9-80.userapi.com/s/v1/ig1/rGwgwM0ge_lYsWuSOy1heRzGoaKprJYckixW9xofaqG1Dx0kC2dISq7vwM8Mrdvkmz2voiCu.jpg?quality=96&as=32x32,48x48,72x72,108x108,160x160,240x240,360x360,480x480,540x540,640x640,720x720,960x960&from=bu&cs=960x0",,,2017-04-01 18:41:53,58.007898,56.236117,58.00819896273859,56.23476395501453,86.44953578176894,synagogue,261660768,,,,,,,True,False,,,,,,,,True,False,,,,,
395143653,-107411067,-7,,,"https://sun9-9.userapi.com/s/v1/ig1/ZSVLkoaoeAjBYGDnfozGllLQbnREF8BD8_60rngati3ShE31ZY4YtAgYJJcsR472k8GJ63Jm.jpg?quality=96&as=32x43,48x64,72x96,108x144,160x213,240x320,360x480,480x640,540x720,640x853,720x960&from=bu&cs=720x0",,,2015-12-10 10:59:46,58.007947,56.236341,58.00819896273859,56.23476395501453,97.03792513124144,synagogue,-107411067,,,,,,,True,False,,,,,,,,True,False,,,,,
457249436,-170690865,-7,,,"https://sun9-49.userapi.com/s/v1/ig2/XuvQl9-k0HfVeoa7y7WgePBa_ndyUpDLBuZNOVzMM80t0PdMK11AEvikjp2Qtyf7ROObBxSkzRoegzEj6GerOhfc.jpg?quality=96&as=32x43,48x64,72x96,108x144,160x214,240x320,360x481,480x641,540x721,640x855,720x961,1080x1442,1280x1709,1342x1792&from=bu&cs=1342x0",,,2022-05-18 11:49:05,58.007834,56.23465,58.00819896273859,56.23476395501453,41.13351972269911,synagogue,-170690865,,,,,,,True,False,,,,,,,,True,False,,,,,
457255789,-170690865,-7,,,"https://sun9-81.userapi.com/s/v1/ig2/uJR9uoMZ-CA_CnMRWxGt31ivysGN42-YWCQAUV5SoK3rTNBiP7MiV_sSMmDPDQpshitzlzHZOUt3IwWyUYPen-HZ.jpg?quality=95&as=32x43,48x64,72x96,108x144,160x213,240x320,360x480,480x640,540x720,640x853,720x960,1080x1440,1280x1707,1344x1792&from=bu&cs=1344x0",,,2023-02-15 12:46:23,58.007897,56.234398,58.00819896273859,56.23476395501453,39.902113118787824,synagogue,-170690865,,,,,,,True,False,,,,,,,,True,False,,,,,
456239050,445884933,-7,,,"https://sun9-3.userapi.com/s/v1/if1/wmK4WgRNlPnCytRzgICUey2jEjOilTjEeDiYCDG0e-b_yMG7uHCi_pv8c2OkJX90A4QC6hEr.jpg?quality=96&as=32x18,48x27,72x40,108x61,160x90,240x135,360x202,480x270,540x304,640x360,720x405,1080x607,1280x720&from=bu&cs=1280x0",,,2017-12-12 09:06:31,58.007694,56.234597,58.00819896273859,56.23476395501453,57.00421853451046,synagogue,445884933,,,,,,,True,False,,,,,,,,True,True,,False,,,
395143651,-107411067,-7,,,"https://sun9-88.userapi.com/s/v1/ig1/9cYiMG6rVyoGNE4Tnrhy8GYNiir5hBOpFlZGd15o1qGUYdqk0zvnJiGV18RlvkFlkdWGQl-C.jpg?quality=96&as=32x32,48x48,72x72,108x108,160x160,240x240,360x360,480x480,540x540,640x640,720x720,960x960&from=bu&cs=960x0",,,2015-12-10 10:59:46,58.007947,56.236341,58.00819896273859,56.23476395501453,97.03792513124144,synagogue,-107411067,,,,,,,True,False,,,,,,,,True,False,,,,,
456239664,-46008634,247407234,,,"https://sun9-77.userapi.com/s/v1/ig1/XYmi2b5SQPoheVi_AG5yDy7b6Yt0yBL2sWGXpoL58p9y7M3aoOwtOCuOHDGJDIebd_p82G0Y.jpg?quality=96&as=32x43,48x64,72x96,108x144,160x213,240x320,360x480,480x640&from=bu&cs=480x0",,,2017-10-10 12:12:25,58.008016,56.234649,58.00819896273859,56.23476395501453,21.442046431824508,synagogue,-46008634,,,,,,,True,True,,,,,,,,True,True,,False,,,
457242373,-194619161,-7,,,"https://sun9-79.userapi.com/s/v1/ig2/Goca0eMywYDQlJI63fYMU1a5t6XY2R_gI4iFMv7fQ6PAyb6LWq3bfyPNOJl5REO24A6OTB8YEsyoXR4NYuGvNRMp.jpg?quality=95&as=32x43,48x64,72x96,108x144,160x213,240x320,360x480,480x640,540x720,640x853,720x960,1080x1440,1280x1707,1440x1920,1920x2560&from=bu&cs=1920x0",,,2023-01-28 07:22:03,58.007723,56.235707,58.00819896273859,56.23476395501453,76.72991767250984,synagogue,-194619161,,,,,,,True,False,,,,,,,,True,False,,,,,
457256825,-170690865,-7,,,"https://sun9-82.userapi.com/s/v1/ig2/VbV3O0bNzpaimfLJkiD9npI8O94PjLSoTgNLTeUWEAIl-aPGrC3IrX34wkqX2eHytg7gvRHajkX2LtVJT3JmAybx.jpg?quality=95&as=32x43,48x64,72x96,108x144,160x214,240x320,360x481,480x641,540x721,640x855,720x961,1080x1442,1280x1709,1342x1792&from=bu&cs=1342x0",,,2023-04-22 12:57:29,58.007715,56.234399,58.00819896273859,56.23476395501453,57.95011791683787,synagogue,-170690865,,,,,,,True,False,,,,,,,,True,False,,,,,
457245515,92812230,-7,,,"https://sun9-27.userapi.com/s/v1/ig2/5VHztNHDI90h1LarEFSb6tpO8PHLK36DkocqgcQPDpACZWj22YqSTYPILntYzMMhojZtSqwcNUy_zlMtFriFPKDQ.jpg?quality=95&as=32x43,48x64,72x96,108x144,160x213,240x320,360x480,480x640,540x720,640x853,720x960,1080x1440,1280x1707,1440x1920&from=bu&cs=1440x0",,,2022-08-06 19:05:52,58.00831,56.234794,58.00819896273859,56.23476395501453,12.473002149656551,synagogue,92812230,,,,,,,True,True,,,,,,,,True,False,,,,,
457256239,-170690865,-7,,,"https://sun9-25.userapi.com/s/v1/ig2/mOPVgYuWDIIRPAX0dnSA_4QtscPVYbQERR087V_qeMeV4gWhM5MnGpsrjamGmH4MknUz_8teUnjsUkP95UrpuGb4.jpg?quality=95&as=32x43,48x64,72x96,108x144,160x214,240x320,360x481,480x641,540x721,640x855,720x961,1080x1442,1280x1709,1342x1792&from=bu&cs=1342x0",,,2023-03-17 13:08:31,58.007806,56.234399,58.00819896273859,56.23476395501453,48.698462152861765,synagogue,-170690865,,,,,,,True,False,,,,,,,,True,False,,,,,
456240445,261660768,-7,,,"https://sun9-5.userapi.com/s/v1/ig1/lFFT5gBRMKwT_8xhpelsiKSxjBKiVvr0PKladn5cYMJLpGOhTfxoKcqOWAXWc1ra-L2zLbSE.jpg?quality=96&as=32x32,48x48,72x72,108x108,160x160,240x240,360x360,480x480,540x540,640x640,720x720,960x960&from=bu&cs=960x0",,,2017-04-12 05:17:32,58.00787,56.235522,58.00819896273859,56.23476395501453,57.72602723142038,synagogue,261660768,,,,,,,True,False,,,,,,,,True,False,,,,,
457253712,-170690865,-7,,,"https://sun9-35.userapi.com/s/v1/ig2/31W1Za3XuFJfXYBVj6pC7WqkRhViit0Hst-3ErEk7h3KjaOJVoDQdFKWqmQeOJEObtPjoLu8LHPv3wWdLlDG7PI5.jpg?quality=95&as=32x43,48x64,72x96,108x144,160x213,240x320,360x480,480x640,540x720,640x853,720x960,1080x1440,1280x1707,1344x1792&from=bu&cs=1344x0",,,2022-09-22 11:48:00,58.007715,56.234399,58.00819896273859,56.23476395501453,57.95011791683787,synagogue,-170690865,,,,,,,True,False,,,,,,,,True,False,,,,,
457245771,-194619161,-7,,,"https://sun9-71.userapi.com/s/v1/ig2/6znylWdL95QAsuxT5kbKDluDVBiQzYOYBU_r4P1qab1gmD_l74dMP-Q0Vmhtj8DcKUlEDTiD1aK0bYI6Y-_czUPk.jpg?quality=95&as=32x43,48x64,72x96,108x144,160x213,240x320,360x480,480x640,540x720,640x853,720x960,1080x1440,1280x1707,1440x1920,1920x2560&from=bu&cs=1920x0",,,2024-11-11 12:19:11,58.00831,56.234794,58.00819896273859,56.23476395501453,12.473002149656551,synagogue,-194619161,,,,,,,True,True,,,,,,,,True,False,,,,,
294322663,183550616,-7,177.0,https://vk.com/wall183550616_177,"https://sun9-78.userapi.com/s/v1/ig2/QRlJYSAD-RV-NNcc0mkVZ1VckqEBzwyPwv8hiSAPGxLCm833JmKMXu9IDvNFc5ih2uAnHeTk3qBxUljpqEPMYubx.jpg?quality=96&as=32x43,48x64,72x96,108x145,160x214,240x321,360x482,480x643,540x723,640x857,720x964,1080x1446,1280x1714,1434x1920&from=bu&cs=1434x0","https://sun9-54.userapi.com/s/v1/ig1/jpkwH1FBKWCbTf3ygB4ZZYs8PjUWl_cpX1LZ7hjeK3ZzcpSzhNTd9b0N_g5mn7NnrtoEBlzo.jpg?quality=96&rotate=90&as=32x43,48x64,72x96,108x144,160x213,240x320,360x480,480x640,540x720,640x853,720x960&from=bu&cs=720x0",,2013-01-01 17:25:45,58.007834,56.234993,58.00819896273859,56.23476395501453,42.766438936428706,synagogue,183550616,,,,,,,True,False,,,,,,,,True,False,,,,,
457257190,-170690865,-7,,,"https://sun9-42.userapi.com/s/v1/ig2/v-2s5tYssBgGlhpw9Sp2MI1cRdYvR4zjx7K7phWv9F5qYDuNADCAQ5fqmFzTp2KB6-L4uvBvU5TEdRt0ituXmpZP.jpg?quality=95&as=32x43,48x64,72x96,108x144,160x213,240x320,360x480,480x640,540x720,640x853,720x960,1080x1440,1280x1707,1398x1864&from=bu&cs=1398x0",,,2023-05-12 17:45:28,58.007715,56.234399,58.00819896273859,56.23476395501453,57.95011791683787,synagogue,-170690865,,,,,,,True,False,,,,,,,,True,False,,,,,
456239564,-145795246,-7,,,"https://sun9-78.userapi.com/s/v1/if1/xPO_nScxK1-a0ld7RPmumTgqRdnAtTcBqMx4HWs-Awl1iW2HNsnNzpOwPHKz1oxVBulC06lO.jpg?quality=96&as=32x16,48x24,72x36,108x55,160x81,240x121,360x182,480x243,540x273,640x324,720x364,1024x518&from=bu&cs=1024x0",,,2018-05-25 14:52:24,58.007989,56.235429,58.00819896273859,56.23476395501453,45.60729562413595,synagogue,-145795246,,,,,,,True,False,,,,,,,,True,False,,,,,
457255257,-170690865,-7,,,"https://sun9-40.userapi.com/s/v1/ig2/hSoJSt7KB1relvM3J76neQLmSE1Z8-tkKAGp_tv2L6OuI_gK-VhgtYcfPXvfRiL5xvZ_vhJ3-wjru3SHn8iHY4Bj.jpg?quality=95&as=32x43,48x64,72x96,108x144,160x213,240x320,360x480,480x640,540x720,640x853,720x960,1080x1440,1280x1707,1344x1792&from=bu&cs=1344x0",,,2023-01-10 12:34:14,58.007694,56.234597,58.00819896273859,56.23476395501453,57.00421853451046,synagogue,-170690865,,,,,,,True,False,,,,,,,,True,False,,,,,
457255494,-170690865,-7,,,"https://sun9-64.userapi.com/s/v1/ig2/Sd69YTyw3N1OerXKnZ-k9ZVYZer2Er5ZtbL8K-LQudWFANyLVjBUKA_pQ4tPdZ-rtMgdkxl3bvpEf5_mzasHjr2W.jpg?quality=95&as=32x43,48x64,72x96,108x144,160x213,240x320,360x480,480x640,540x720,640x853,720x960,1080x1440,1280x1707,1344x1792&from=bu&cs=1344x0",,,2023-01-24 12:43:29,58.007897,56.234398,58.00819896273859,56.23476395501453,39.902113118787824,synagogue,-170690865,,,,,,,True,False,,,,,,,,True,False,,,,,
457244167,8083113,-7,,,"https://sun9-19.userapi.com/s/v1/ig2/yjHt98onzETK7_wX7Bk15qdNwW519DavF7gK4YPYHZox7JaK0m-_-fv3lfNM6EUd0YbpQiUeWC937AhOe2q4tWZW.jpg?quality=96&as=32x43,48x64,72x96,108x144,160x213,240x320,360x480,480x640,540x720,640x853,720x960,1080x1440,1200x1600&from=bu&cs=1200x0",,,2021-08-23 16:44:11,58.007667,56.235892,58.00819896273859,56.23476395501453,88.96694168762951,synagogue,8083113,,,,,,,True,False,,,,,,,,True,False,,,,,
457254677,-170690865,-7,,,"https://sun9-12.userapi.com/s/v1/ig2/ueTJw4HrHxivWHbC31Rg3a4cziVJVMlUXlENQt2m0IaiZsAZEoFaUYtExPlu2roSoln8GuWhyUVdLvwzlpN_Qibn.jpg?quality=95&as=32x43,48x64,72x96,108x144,160x213,240x320,360x480,480x640,540x720,640x853,720x960,1080x1440,1280x1707,1344x1792&from=bu&cs=1344x0",,,2022-11-24 12:50:46,58.007897,56.234398,58.00819896273859,56.23476395501453,39.902113118787824,synagogue,-170690865,,,,,,,True,False,,,,,,,,True,False,,,,,
457256767,-170690865,-7,,,"https://sun9-42.userapi.com/s/v1/ig2/ItwREfEVsODJnvhbjEuIWcPusE6mamtTtR1eM4oL6TJGqsHHAUGTC3kAxs3aB0wTq3Hq0Ui0p64FLikaxayOYdgT.jpg?quality=95&as=32x43,48x64,72x96,108x144,160x214,240x320,360x481,480x641,540x721,640x855,720x961,1080x1442,1280x1709,1342x1792&from=bu&cs=1342x0",,,2023-04-19 14:53:35,58.007715,56.234399,58.00819896273859,56.23476395501453,57.95011791683787,synagogue,-170690865,,,,,,,True,False,,,,,,,,True,False,,,,,
457245832,-170690865,-7,,,"https://sun9-77.userapi.com/s/v1/ig2/ScIPb4FjDFiiAh1wZ1WC0aqHY5AGsqkScvdddmdaK8-_0Zv-HpE8xeAYuWT_vmNOmr3p5IBK-hElX_OO76irOrTL.jpg?quality=96&as=32x43,48x64,72x96,108x144,160x214,240x320,360x481,480x641,540x721,640x855,720x961,1080x1442,1280x1709,1342x1792&from=bu&cs=1342x0",,,2022-04-19 14:49:14,58.008051,56.234491,58.00819896273859,56.23476395501453,23.005635973438544,synagogue,-170690865,,,,,,,True,False,,,,,,,,True,False,,,,,
457253804,-170690865,-7,,,"https://sun9-77.userapi.com/s/v1/ig2/tYAefw92wl7da5OCNR4LzigAsvxgKos0GxVppC0bIo_rgEUsD38wqpqBBo2J7oP9kk4YPQ2pDd0JbJLOZwJkJ56h.jpg?quality=95&as=32x43,48x64,72x96,108x144,160x213,240x320,360x480,480x640,540x720,640x853,720x960,1080x1440,1280x1707,1344x1792&from=bu&cs=1344x0",,,2022-09-28 10:30:54,58.007904,56.234332,58.00819896273859,56.23476395501453,41.51239618653149,synagogue,-170690865,,,,,,,True,False,,,,,,,,True,False,,,,,
457240536,-128344713,-7,,,"https://sun9-7.userapi.com/s/v1/ig2/6pO_Ge_hjXL-QmbbAVHOpLGUWJIE90NqWo9IQBxma1YLyLtQxSz5EpEgYaxRXKwGrSKR7PJk2AlLLmMgHBsHBD9M.jpg?quality=95&as=32x50,48x76,72x113,108x170,160x252,240x378,360x567,480x757,540x851,640x1009,720x1135,1080x1702,1218x1920&from=bu&cs=1218x0",,,2022-10-27 07:37:24,58.008016,56.234993,58.00819896273859,56.23476395501453,24.41245746986248,synagogue,-128344713,,,,,,,True,True,,,,,,,,True,False,,,,,
457245768,-194619161,-7,,,"https://sun9-11.userapi.com/s/v1/ig2/Tq2oB9mPSwtMAWRWQtmMOHQE2uQAfgrC7jH54KAlA4OhqCNimP81Vs29ujiQ77yr8aO17mZ4Qc9UjfBfYIYNQuIx.jpg?quality=95&as=32x43,48x64,72x96,108x144,160x213,240x320,360x480,480x640,540x720,640x853,720x960,1080x1440,1280x1707,1440x1920,1920x2560&from=bu&cs=1920x0",,,2024-11-11 12:19:11,58.00831,56.234622,58.00819896273859,56.23476395501453,14.91232142906437,synagogue,-194619161,,,,,,,True,True,,,,,,,,True,False,,,,,
457260159,61489946,-7,,,"https://sun9-59.userapi.com/s/v1/ig2/E2zTSPlJmTwajI3mXuf5sZEd5livUL8atQ5HzN7v2e9LrZBte_aL9fL8FYOAdRSd52uNmimlVBhzonimoHxYS8hC.jpg?quality=95&as=32x43,48x64,72x96,108x144,160x214,240x321,360x481,480x642,540x722,640x855,720x962,1080x1444,1197x1600&from=bu&cs=1197x0",,,2022-09-04 22:16:52,58.00831,56.234794,58.00819896273859,56.23476395501453,12.473002149656551,synagogue,61489946,,,,,,,True,True,,,,,,,,True,False,,,,,
457433959,-54097808,-7,,,"https://sun9-53.userapi.com/s/v1/ig2/laVzNbaVlg96AxRv6VCZdDVclXhARRsTclOLbfJt4WXb_KbN0WR9gxoSy9oMQEk_56laHwOgIU9Zu5_WGRoleAQN.jpg?quality=95&as=32x43,48x64,72x96,108x144,160x213,240x320,360x479,480x639,540x719,640x852,720x959,1080x1438,1280x1705,1440x1918,1922x2560&from=bu&cs=1922x0",,,2023-04-18 09:21:31,58.00801,56.235403,58.00819896273859,56.23476395501453,43.11346849991991,synagogue,-54097808,,,,,,,True,False,,,,,,,,True,False,,,,,
457241526,-192347302,-7,1095.0,https://vk.com/wall-192347302_1095,"https://sun9-9.userapi.com/s/v1/ig2/QrtGmkArClEJSfBRFgjQZL7VBPop0314AIRZCuUiyrbpc61iPeGm-uwzPFpfCM5hgSgItY7HijhqcXlUbyY-JmIP.jpg?quality=95&as=32x43,48x64,72x96,108x144,160x213,240x320,360x480,480x640,540x720,640x853,720x960,1080x1440,1280x1707,1440x1920&from=bu&cs=1440x0",,,2022-06-28 14:11:30,58.007722,56.234505,58.00819896273859,56.23476395501453,55.186284082187015,synagogue,-192347302,,,,,,,True,False,,,,,,,,True,False,,,,,
457240469,-179988268,-7,,,"https://sun9-61.userapi.com/s/v1/ig2/H2LSoZazIegyHltUF4cWRAH3C0SWj8TQjl8ojrJuJPfm7wqVM_bdcGjgBVf-5fvrzcGDc8xBFUOjS9CfQHsMS3h7.jpg?quality=96&as=32x43,48x64,72x96,108x144,160x213,240x320,360x480,480x640,540x720,640x853,720x960,1080x1440,1280x1707,1440x1920,1620x2160&from=bu&cs=1620x0",,,2020-09-02 08:48:17,58.008275,56.234609,58.00819896273859,56.23476395501453,12.442515475689278,synagogue,-179988268,,,,,,,True,True,,,,,,,,True,False,,,,,
457239614,-177668542,-7,,,"https://sun9-87.userapi.com/s/v1/ig2/8b5cwtVQsVjgB-V5G4J9MavMYewYAnb7Qr0dth-s7xjsJ0fw9n0a9OoWqr39SAwZZarT9-mTHlAkO7_iUP6JIKt-.jpg?quality=96&as=32x43,48x64,72x96,108x144,160x213,240x320,360x480,480x640,540x720,640x853,720x960,1080x1440,1218x1624&from=bu&cs=1218x0",,,2020-06-15 20:14:27,58.007926,56.235508,58.00819896273859,56.23476395501453,53.31542642689422,synagogue,-177668542,,,,,,,True,False,,,,,,,,True,False,,,,,
457245813,-170690865,-7,,,"https://sun9-66.userapi.com/s/v1/ig2/MPMeKI0gjAcM6HAa9vcAwIUsN1C2tVw3pbh9XfDOny7EvjntM0-ivFLtVjwhF-yQwbjM9yap67G17u1uMJnrlw6t.jpg?quality=96&as=32x43,48x64,72x96,108x144,160x214,240x320,360x481,480x641,540x721,640x855,720x961,1080x1442,1280x1709,1342x1792&from=bu&cs=1342x0",,,2022-04-19 14:39:34,58.007918,56.234544,58.00819896273859,56.23476395501453,33.82223698615736,synagogue,-170690865,,,,,,,True,False,,,,,,,,True,False,,,,,
457246863,-170690865,-7,,,"https://sun9-56.userapi.com/s/v1/ig2/Sn7LUm2RgwWFoTa18QlRwHeGzDA9JAg2H6m9sJkE4rdP05LLb7-lrzzdPdzgXyZ3N7Kz0Vb5oWQitKhrA_C8djDj.jpg?quality=96&as=32x43,48x64,72x96,108x144,160x214,240x320,360x481,480x641,540x721,640x855,720x961,1080x1442,1280x1709,1342x1792&from=bu&cs=1342x0",,,2022-04-26 12:33:54,58.007694,56.234597,58.00819896273859,56.23476395501453,57.00421853451046,synagogue,-170690865,,,,,,,True,False,,,,,,,,True,False,,,,,
457250845,261660768,-7,,,"https://sun9-69.userapi.com/s/v1/ig2/kT6S_Fng8GFGSV6DZFnboIIac7IR9GGqFWv4zVo3R-pHTKAhDaXfWu-XJCC30M31J9fotCVod1wBMsJFGxgU7XPZ.jpg?quality=96&as=32x43,48x64,72x96,108x144,160x214,240x320,360x481,480x641,540x721,640x855,720x961,1080x1442,1280x1709,1342x1792&from=bu&cs=1342x0",,,2020-08-29 08:47:57,58.007638,56.234267,58.00819896273859,56.23476395501453,68.90494477226193,synagogue,261660768,,,,,,,True,False,,,,,,,,True,False,,,,,
457256081,-170690865,-7,,,"https://sun9-52.userapi.com/s/v1/ig2/GjaoQc83TnvC-xzLZzZwCZdOsRiPehLAJg4YW79SujyzcyEMfzOTlYpnRbSTmQDafp-gqfOSt9ZhDPHyyvITTBdx.jpg?quality=95&as=32x43,48x64,72x96,108x144,160x214,240x320,360x481,480x641,540x721,640x855,720x961,1080x1442,1280x1709,1342x1792&from=bu&cs=1342x0",,,2023-03-08 12:28:33,58.007715,56.234399,58.00819896273859,56.23476395501453,57.95011791683787,synagogue,-170690865,,,,,,,True,False,,,,,,,,True,False,,,,,
457243443,-194619161,-7,,,"https://sun9-39.userapi.com/s/v1/ig2/Mrl84tyudaQvczv5Z3_4zpDcmOknCOZJLhMTY_CwRLyhufCkRm8To7yKRDSHMfSLJn_TWYlSGljA4uHBfNq4F8Rc.jpg?quality=95&as=32x43,48x64,72x96,108x144,160x213,240x320,360x480,480x640,540x720,640x853,720x960,1080x1440,1280x1707,1440x1920,1920x2560&from=bu&cs=1920x0",,,2023-07-31 11:35:06,58.007617,56.234293,58.00819896273859,56.23476395501453,70.40819997247725,synagogue,-194619161,,,,,,,True,False,,,,,,,,True,False,,,,,
457256942,-170690865,-7,,,"https://sun9-44.userapi.com/s/v1/ig2/acnxLsteoBVF8ZuZoqmTKYgxVas0Jxyd290fc9O3d1o14vpBYK2pz4SVkUbxV1Lpt-965nf3xi0CTTSh9T2ZvpcB.jpg?quality=95&as=32x43,48x64,72x96,108x144,160x213,240x320,360x480,480x640,540x720,640x853,720x960,1080x1440,1280x1707,1398x1864&from=bu&cs=1398x0",,,2023-04-27 11:27:58,58.007715,56.234399,58.00819896273859,56.23476395501453,57.95011791683787,synagogue,-170690865,,,,,,,True,False,,,,,,,,True,False,,,,,
456241726,382764661,-7,,,"https://sun9-1.userapi.com/s/v1/if1/sNefZnRCFL5W7gpUF-YE07W_-2bQ5qlKCKP7w4ZsghUJ0qYhw9gzYlFmm9FdLfJQs7r6yPAZ.jpg?quality=96&as=32x28,48x42,72x63,108x94,160x139,240x209,360x313,480x417,540x469,640x556,674x586&from=bu&cs=674x0",,,2019-05-15 09:54:19,58.007975,56.235218,58.00819896273859,56.23476395501453,36.54660662189134,synagogue,382764661,,,,,,,True,False,,,,,,,,True,False,,,,,
456239634,261660768,-7,,,"https://sun9-21.userapi.com/s/v1/ig1/il9UWxL3oOwIUIdsAPSZgjdt3RTbF5BNRBzhugtykEK5FWYRUo4KxqAm7ysqXEeBdcvcU-XR.jpg?quality=96&as=32x32,48x48,72x72,108x108,160x160,240x240,360x360,480x480,540x540,640x640,720x720,960x960&from=bu&cs=960x0",,,2017-01-18 04:31:10,58.007919,56.235575,58.00819896273859,56.23476395501453,57.02619840156533,synagogue,261660768,,,,,,,True,False,,,,,,,,True,False,,,,,
456241256,261660768,-7,12277.0,https://vk.com/wall261660768_12277,"https://sun9-54.userapi.com/s/v1/ig1/rKwxune_6wVXFjZQ2DIphsodDKNP7aX3AgUr4hLgJjTqSXJymVE0l2C7ZnPmtkvhvAq0SO4a.jpg?quality=96&as=32x40,48x60,72x90,108x135,160x200,240x300,360x450,480x600,540x675,640x800,720x900,768x960&from=bu&cs=768x0",,,2017-07-18 08:36:56,58.007989,56.235773,58.00819896273859,56.23476395501453,63.864272403377186,synagogue,261660768,,,,,,,True,False,,,,,,,,True,False,,,,,
457255872,-170690865,-7,,,"https://sun9-87.userapi.com/s/v1/ig2/RSy5qdXehRe9l10wFg5N-U5WZzSRAXJyQjv44uZ_y0MhVUXsFYf6uKxzCTRBNZCk5AP5vviGiGfXe92Nh3XkfpyA.jpg?quality=95&as=32x43,48x64,72x96,108x144,160x214,240x320,360x481,480x641,540x721,640x855,720x961,1080x1442,1280x1709,1342x1792&from=bu&cs=1342x0",,,2023-02-23 13:12:31,58.007904,56.234504,58.00819896273859,56.23476395501453,36.19748746981516,synagogue,-170690865,,,,,,,True,False,,,,,,,,True,False,,,,,
457248475,-116518,-7,,,"https://sun9-74.userapi.com/s/v1/if2/dxAtdSbt8VjAIRF8x3gaayvZAXx6Vdp5EOaQ0WIqQrMDiXf8Kl-kB4JMMJwi_pjE7x5E_Riue6plx_w0YvlhBMWx.jpg?quality=96&as=32x24,48x36,72x54,108x81,160x120,240x180,360x270,480x360,540x405,640x480,720x540,1080x810,1280x960,1440x1080,2560x1920&from=bu&cs=2560x0",,,2021-12-21 08:46:44,58.007911,56.23461,58.00819896273859,56.23476395501453,33.27970507679034,synagogue,-116518,,,,,,,True,False,,,,,,,,True,False,,,,,
457242761,-194619161,-7,,,"https://sun9-32.userapi.com/s/v1/ig2/8-Igw712zN96E95pjpyaP47R107KnGV3C7unUgoNI-wtpe7YimJaxDMODG5Lig1U9tc9s6_Ezp_2HsNkKBxIvDxt.jpg?quality=95&as=32x43,48x64,72x96,108x144,160x213,240x320,360x480,480x640,540x720,640x853,720x960,1080x1440,1280x1707,1440x1920,1920x2560&from=bu&cs=1920x0",,,2023-03-31 12:05:05,58.007708,56.234809,58.00819896273859,56.23476395501453,54.65702261040432,synagogue,-194619161,,,,,,,True,False,,,,,,,,True,False,,,,,
305062108,211883514,-7,,,"https://sun9-18.userapi.com/s/v1/if2/uRfu4U2FukxN77CoRAUVHdQQYKIK_fhBOrq6of1NMFwmGy8G72OAvTLT3LHGYJTllDWV3ELiiLn1QKdzl0nB_7xT.jpg?quality=96&as=32x24,48x36,72x54,108x81,160x120,240x180,360x270,480x360,540x405,640x480,720x540,1080x810,1280x960,1440x1080,2560x1920&from=bu&cs=2560x0",,,2013-06-13 12:38:37,58.007835,56.235509,58.00819896273859,56.23476395501453,59.70214156311746,synagogue,211883514,,,,,,,True,False,,,,,,,,True,False,,,,,
457257867,-170690865,-7,,,"https://sun9-51.userapi.com/s/v1/ig2/4VxZNjL7YPk7q3LqaAbW47Fksx7aohNFv6PU2qAXzvJVgsOVajTLt_2suGo9-LfpX_eSI3B_z9d_2CRajAqF0UG7.jpg?quality=95&as=32x43,48x64,72x96,108x144,160x213,240x320,360x480,480x640,540x720,640x853,720x960,1080x1440,1280x1707,1398x1864&from=bu&cs=1398x0",,,2023-07-02 17:17:05,58.00782,56.23461,58.00819896273859,56.23476395501453,43.10373252508328,synagogue,-170690865,,,,,,,True,False,,,,,,,,True,False,,,,,
397049588,261660768,-7,,,"https://sun9-35.userapi.com/s/v1/ig1/jfWVm7cysAZxT_G830NNTT81i3jhQmmCN1YFJCL2QsG7wVZGlC8OK6DTilEFNsIQC8-FXHLO.jpg?quality=96&as=32x43,48x64,72x96,108x144,160x213,240x320,360x480,480x640,540x720,640x853,720x960&from=bu&cs=720x0",,,2016-01-17 07:04:19,58.007716,56.236117,58.00819896273859,56.23476395501453,96.11256814457457,synagogue,261660768,,,,,,,True,False,,,,,,,,True,False,,,,,
457241748,190760470,-7,1840.0,https://vk.com/wall190760470_1840,"https://sun9-78.userapi.com/s/v1/ig2/6wm-TN37SeLWZMOAGKfFLEKl-UhHZejH1ofDyXZ_kW24ou8M8H0mmJoIkb0pVIxTDKeDzYVXgaWp-k6OsJldIQcA.jpg?quality=95&as=32x43,48x64,72x96,108x144,160x213,240x320,360x480,480x640,540x720,640x853,720x960,1080x1440,1280x1707,1440x1920&from=bu&cs=1440x0","https://sun9-7.userapi.com/s/v1/ig1/vtYA3E0rynw7Y5FivuB-P_EjaUCFpZtu1ZByCVaIF-vMlaPNHlAak5v1M8zBCDTaTCjIqh0V.jpg?quality=96&as=32x43,48x64,72x96,108x144,160x214,240x320,360x480,480x641,540x721,640x854,720x961,959x1280&from=bu&cs=959x0",,2022-08-11 09:38:25,58.007813,56.234504,58.00819896273859,56.23476395501453,45.567571879464026,synagogue,190760470,,,,,,,True,False,,,,,,,,True,False,,,,,
400015520,261660768,-7,,,"https://sun9-71.userapi.com/s/v1/ig1/T7qzNYtLk2ND9Hdh5wTIRlrZHUhDKuCxm_jXpWCBQjWUtXC_EAJigtUPA4GFP1OMZO5ep-1t.jpg?quality=96&as=32x40,48x60,72x90,108x135,160x200,240x300,360x451,480x601,540x676,640x801,720x901,767x960&from=bu&cs=767x0",,,2016-02-06 09:10:54,58.007807,56.235429,58.00819896273859,56.23476395501453,58.6050251154996,synagogue,261660768,,,,,,,True,False,,,,,,,,True,False,,,,,
456239045,-178934461,-7,,,"https://sun9-9.userapi.com/s/v1/if1/wPHc_eJgCbj9t00bwgp68xocN1adyrkHf6cMsnL6vjdQdB-aixCEzH4HTBtf734XaJMl7Uy-.jpg?quality=96&as=32x24,48x36,72x54,108x81,160x120,240x180,360x270,480x360,540x405,640x480,720x540,960x720&from=bu&cs=960x0",,,2019-03-02 05:40:44,58.007778,56.234319,58.00819896273859,56.23476395501453,53.648740813181135,synagogue,-178934461,,,,,,,True,False,,,,,,,,True,True,,False,,,
457257333,-170690865,-7,,,"https://sun9-10.userapi.com/s/v1/ig2/e6XpQzt7hHFrD7wNttxSn7Rbsil9_9hoCSxz8TRy0HaCe6DIVWQm65BifDheTbT02kWf5300aYSaCeoj107yNrIh.jpg?quality=95&as=32x43,48x64,72x96,108x144,160x213,240x320,360x480,480x640,540x720,640x853,720x960,1080x1440,1280x1707,1398x1864&from=bu&cs=1398x0",,,2023-05-24 17:12:53,58.007715,56.234399,58.00819896273859,56.23476395501453,57.95011791683787,synagogue,-170690865,,,,,,,True,False,,,,,,,,True,False,,,,,
457255493,-170690865,-7,,,"https://sun9-55.userapi.com/s/v1/ig2/HMIr84hbpt-CLyH4Pnkwpc4SQ7mXojroD1jv03ztmmEBtDPE2hQbu7l3wf8aRR_20s-zBdsAAWCD1iwkQmTPSgZV.jpg?quality=95&as=32x43,48x64,72x96,108x144,160x213,240x320,360x480,480x640,540x720,640x853,720x960,1080x1440,1280x1707,1344x1792&from=bu&cs=1344x0",,,2023-01-24 12:41:20,58.007897,56.234398,58.00819896273859,56.23476395501453,39.902113118787824,synagogue,-170690865,,,,,,,True,False,,,,,,,,True,False,,,,,
364329915,-59570608,214533765,,,"https://sun9-25.userapi.com/s/v1/ig1/TOw3jkTQYJrwTsKEaD5dT4dt1gddESCQVMEnCCmFvlQLgrKJ0uEdwo_9AnCguJzBrJHOXnuX.jpg?quality=96&as=32x43,48x64,72x96,108x145,160x214,240x322,360x483,480x643,540x724,640x858,720x965,764x1024&from=bu&cs=764x0",,,2015-04-19 21:10:10,58.007989,56.235429,58.00819896273859,56.23476395501453,45.60729562413595,synagogue,16960332,,,,,,,True,False,,,,,,,,True,False,,,,,
457246855,-170690865,-7,,,"https://sun9-85.userapi.com/s/v1/ig2/0bj4MPCGl5dmguwXb0XKIA9Kyvuk5ekAPJJgn625zAxqMCP2Q3VjMby7hstNYqbvniFv97i82twgBQEzvGwQ1RqI.jpg?quality=96&as=32x43,48x64,72x96,108x144,160x214,240x320,360x481,480x641,540x721,640x855,720x961,1080x1442,1280x1709,1342x1792&from=bu&cs=1342x0",,,2022-04-26 11:53:50,58.007799,56.234293,58.00819896273859,56.23476395501453,52.41830941546784,synagogue,-170690865,,,,,,,True,False,,,,,,,,True,False,,,,,
400357632,-107272158,227741275,,,"https://sun9-88.userapi.com/s/v1/if1/f0MZoWt9LdvdB0jOI1Pl7wzETtYGup40qLvQveLmyAd6k762tha_xZxOHCTZpx-W5Mz4qtQS.jpg?quality=96&as=32x24,48x36,72x54,108x81,160x120,240x180,360x270,480x360,540x405,640x480,720x540,1080x810,1280x960,1440x1080,2560x1920&from=bu&cs=2560x0",,,2016-02-05 09:10:32,58.008031,56.235376,58.00819896273859,56.23476395501453,40.60619190135894,synagogue,147055234,,,,,,,True,False,,,,,,,,True,False,,,,,
457250727,261660768,-7,,,"https://sun9-23.userapi.com/s/v1/ig2/yWdBQiMYikLuIvUhyTpkTfxmMVfTeDMCchSV00O8Ta6tF7aa9hpN2eWu3F4-SrRQTIkSdlwIDRARN0h1jwRQ1_pu.jpg?quality=96&as=32x43,48x64,72x96,108x144,160x214,240x320,360x481,480x641,540x721,640x855,720x961,1080x1442,1280x1709,1342x1792&from=bu&cs=1342x0",,,2020-08-04 08:13:07,58.007842,56.235786,58.00819896273859,56.23476395501453,72.1159733377373,synagogue,261660768,,,,,,,True,False,,,,,,,,True,False,,,,,
457242786,-194619161,-7,,,"https://sun9-49.userapi.com/s/v1/ig2/_nJzRgbQPcUQCxrHmdFXZ9pyxL3ELve-ZGpCoQTtlRK3WbiMCaPxf3EO_W1xDtJ0ddlxcV5SAmzpRCy5BboB0iOG.jpg?quality=95&as=32x43,48x64,72x96,108x144,160x213,240x320,360x480,480x640,540x720,640x853,720x960,1080x1440,1280x1707,1440x1920,1920x2560&from=bu&cs=1920x0",,,2023-04-06 07:26:02,58.007918,56.234887,58.00819896273859,56.23476395501453,32.07153468146177,synagogue,-194619161,,,,,,,True,False,,,,,,,,True,False,,,,,
457253458,-170690865,-7,,,"https://sun9-36.userapi.com/s/v1/ig2/DfiGCwj6XzDFJXhPceSuohmyG4vOq1qnASfkA_lQM9yats3EER8ncSViWh0L20bWNt2AzoxTd1EMJghlSE1FXIuC.jpg?quality=95&as=32x43,48x64,72x96,108x144,160x213,240x320,360x480,480x640,540x720,640x853,720x960,1080x1440,1280x1707,1344x1792&from=bu&cs=1344x0",,,2022-09-08 13:16:54,58.007904,56.234332,58.00819896273859,56.23476395501453,41.51239618653149,synagogue,-170690865,,,,,,,True,False,,,,,,,,True,False,,,,,
457256623,-170690865,-7,,,"https://sun9-87.userapi.com/s/v1/ig2/YEoF8NNc6Dr6_xg-cs-0QPeqzjjeYsHh1if2NhSxYrcPH8usakHQBMpzT2D0VDr0R1yDTVgaJFwfdarjF7JyTltH.jpg?quality=95&as=32x43,48x64,72x96,108x144,160x214,240x320,360x481,480x641,540x721,640x855,720x961,1080x1442,1280x1709,1342x1792&from=bu&cs=1342x0",,,2023-04-13 17:56:11,58.007715,56.234399,58.00819896273859,56.23476395501453,57.95011791683787,synagogue,-170690865,,,,,,,True,False,,,,,,,,True,False,,,,,
457257075,-170690865,-7,,,"https://sun9-16.userapi.com/s/v1/ig2/I8eW2E_um4XtpxfNvSsjhstDWTS7u_WNUGHhNHioDuz9GMbnnwh-RxAed-YJYm3hFXz-jLz-2HGSrN9bCajFA5lT.jpg?quality=95&as=32x43,48x64,72x96,108x144,160x213,240x320,360x480,480x640,540x720,640x853,720x960,1080x1440,1280x1707,1398x1864&from=bu&cs=1398x0",,,2023-05-05 13:45:34,58.007918,56.2342,58.00819896273859,56.23476395501453,45.605044690392624,synagogue,-170690865,,,,,,,True,False,,,,,,,,True,False,,,,,
456240603,261660768,-7,,,"https://sun9-20.userapi.com/s/v1/ig1/Nvt57rj_D_wKUsY0XPBCAt8BF8kly5YAuljoyErMzWfd04qLPFCVlRtBUsceE2zcVmu0RgIX.jpg?quality=96&as=32x43,48x64,72x96,108x144,160x213,240x320,360x480,480x640,540x720,640x853,720x960&from=bu&cs=720x0",,,2017-04-27 19:17:31,58.007947,56.235826,58.00819896273859,56.23476395501453,68.55273978324111,synagogue,261660768,,,,,,,True,False,,,,,,,,True,False,,,,,
457241674,190760470,-7,,,"https://sun9-73.userapi.com/s/v1/ig2/mVHyXtOFlHsjBsyYG0ZB3D9b_UKwt5ikYh8vFPyXM1DlZ3eBSiKgp6zrG5zi5vbZHT1bfm9ItyTyDQrZEXFtsLXZ.jpg?quality=95&as=32x43,48x64,72x96,108x144,160x213,240x320,360x480,480x640,540x720,640x853,720x960,1080x1440,1280x1707,1440x1920&from=bu&cs=1440x0",,,2022-07-05 07:26:27,58.007694,56.234597,58.00819896273859,56.23476395501453,57.00421853451046,synagogue,190760470,,,,,,,True,False,,,,,,,,True,False,,,,,
457239132,-224558018,-7,,,"https://sun9-57.userapi.com/s/v1/ig2/JvIe56N9E64XRISrJ2FNXUb3MdHwzkUh-8A_LlNWdZdFrgu1196hWnsWG6v-Vq5aSpSqoCfWBk6JI8b_gsWK2yeK.jpg?quality=95&as=32x43,48x64,72x96,108x144,160x213,240x320,360x480,480x640,540x720,640x853,720x960,1080x1440,1280x1707,1440x1920,1920x2560&from=bu&cs=1920x0",,,2024-05-21 18:30:37,58.008317,56.2349,58.00819896273859,56.23476395501453,15.37861529780568,synagogue,-224558018,,,,,,,True,True,,,,,,,,True,False,,,,,
457240497,260152867,-7,,,"https://sun9-67.userapi.com/s/v1/ig2/hLqjPXPK6j9FPiulL9--hlhBz2qXt1GcWTe8HXbPbG1Q2gQ89Wo0AqubZr5jehEtaWkKP5MnqTOU9UP9nLP3nY63.jpg?quality=95&as=32x43,48x64,72x96,108x144,160x213,240x320,360x480,480x640,540x720,640x853,720x960,1080x1440,1104x1472&from=bu&cs=1104x0",,,2022-09-10 13:22:14,58.008212,56.234688,58.00819896273859,56.23476395501453,4.703548266871273,synagogue,260152867,,,,,,,True,True,,,,,,,,True,False,,,,,
457249520,-117758009,295254949,,,"https://sun9-34.userapi.com/s/v1/ig2/-PTeQK1sNPS-7UzY4-2hEqLST3HZrtXcsmbMHGnb9Wl3PokX8o9Sy2jEMcXBO9Jiq8FZPFZiPs6t1hbc_HCeForO.jpg?quality=95&as=32x43,48x64,72x96,108x144,160x213,240x320,360x480,480x640,540x720,640x853,720x960,1080x1440,1280x1707,1440x1920,1920x2560&from=bu&cs=1920x0",,,2023-07-26 19:50:43,58.007708,56.234809,58.00819896273859,56.23476395501453,54.65702261040432,synagogue,-117758009,,,,,,,True,False,,,,,,,,True,False,,,,,
457239252,-214801568,-7,,,"https://sun9-70.userapi.com/s/v1/ig2/J0T9KXW6i8C7Hchz0orA8pj2PkSpyrJQnMph7ESmjWqAsV9Dw0DePXgl295W4ej6YxDju8HKqXINwuS_i-d05n5W.jpg?quality=95&as=32x43,48x64,72x96,108x144,160x214,240x321,360x481,480x642,540x722,640x855,720x962,1080x1444,1197x1600&from=bu&cs=1197x0",,,2022-10-20 10:38:05,58.008107,56.234993,58.00819896273859,56.23476395501453,16.930285459496016,synagogue,-214801568,,,,,,,True,True,,,,,,,,True,False,,,,,
457255499,-170690865,-7,,,"https://sun9-6.userapi.com/s/v1/ig2/294poEY_pT9Uo6Dyk2cirGrRh6khK8rT3AOosKsukzZmFqjPjNBVsvoiZ-QqGpPfO235xZzvrhghSTGru1vCGR_J.jpg?quality=95&as=32x43,48x64,72x96,108x144,160x213,240x320,360x480,480x640,540x720,640x853,720x960,1080x1440,1280x1707,1344x1792&from=bu&cs=1344x0",,,2023-01-24 12:46:59,58.007904,56.234504,58.00819896273859,56.23476395501453,36.19748746981516,synagogue,-170690865,,,,,,,True,False,,,,,,,,True,False,,,,,
338681835,114139388,-7,2273.0,https://vk.com/wall114139388_2273,"https://sun9-34.userapi.com/s/v1/ig2/jMWgdIe08b9IiPUwAHZtmC4KpKdZ1FJ_QZ71Dl05SFlno6fbayHHogz0OeJHxoQyJhxz9KhAjQdfV8gtY1HZEfxV.jpg?quality=96&as=32x43,48x64,72x97,108x145,160x215,240x322,360x483,480x644,540x724,640x858,716x960&from=bu&cs=716x0",,,2014-08-20 19:52:17,58.007884,56.235561,58.00819896273859,56.23476395501453,58.57739680779228,synagogue,114139388,,,,,,Ням-ням :D,True,False,,,,,,,,True,False,,,,,
457253739,-170690865,-7,,,"https://sun9-26.userapi.com/s/v1/ig2/icf7GpS8B0VaGaMMTN8lO7N1tgLnBEOPdJ2Y1ggDe94o0sHEwJLSHCy_mif89Y2t_kB0GWzsQGwXGfd-LTAR0w4A.jpg?quality=95&as=32x43,48x64,72x96,108x144,160x213,240x320,360x480,480x640,540x720,640x853,720x960,1080x1440,1280x1707,1344x1792&from=bu&cs=1344x0",,,2022-09-24 12:41:30,58.007806,56.234399,58.00819896273859,56.23476395501453,48.698462152861765,synagogue,-170690865,,,,,,,True,False,,,,,,,,True,False,,,,,
391593718,-64539764,-7,1151.0,https://vk.com/wall-64539764_1151,"https://sun9-10.userapi.com/s/v1/ig1/yUWThss6qqu-e8JXmPrwIOU93Io1cC0f6OZqoscrOF5pt1v3iBK2x9_Pq5iLKi7L8BYyCdMF.jpg?quality=96&as=32x48,48x72,72x108,108x162,160x240,240x359,360x539,480x719,540x809,640x959,720x1078,1080x1618,1089x1631&from=bu&cs=1089x0","https://sun9-16.userapi.com/s/v1/if1/KIdxLfHoBCBTbzYrqCCOd8fl0ukhJub59cSrcWuQPnRmr57p7P_HDys2niWJ0KBCi_xegg.jpg?quality=96&as=32x24,48x36,72x54,108x81,160x120,240x180,360x270,480x360,540x405,640x480,720x540,960x720&from=bu&cs=960x0",,2015-11-12 16:08:19,58.008317,56.234384,58.00819896273859,56.23476395501453,25.947782967266487,synagogue,-64539764,,,,,,,True,False,,,,,,,,True,False,,,,,
457258746,-53041106,-7,,,"https://sun9-61.userapi.com/s/v1/ig2/Bhm84fzCj0cDaf7ASkAuysgW-KVpsWGBgSv7zfGEd3EXRd1_q-aeY7fFxcf_4npPb65m8_-Dh6WpLVCrTsRMVqRJ.jpg?quality=95&as=32x43,48x64,72x96,108x144,160x213,240x320,360x480,480x640,540x720,640x853,720x960,1080x1440,1280x1707,1440x1920,1920x2560&from=bu&cs=1920x0",,,2024-02-05 11:18:47,58.007807,56.235601,58.00819896273859,56.23476395501453,65.811792084815,synagogue,-53041106,,,,,,,True,False,,,,,,,,True,False,,,,,
456240602,261660768,-7,,,"https://sun9-34.userapi.com/s/v1/ig1/sxUdiDeQSlxLMzS1pJLE_ZA6TJv8zUkbJKQ5-WMZw-gIWu7GXu-CEcCyat4KdvJQe5LLV5Zf.jpg?quality=96&as=32x43,48x64,72x96,108x144,160x213,240x320,360x480,480x640,540x720,640x853,720x960&from=bu&cs=720x0",,,2017-04-27 19:15:56,58.007905,56.236222,58.00819896273859,56.23476395501453,91.9043136294957,synagogue,261660768,,,,,,,True,False,,,,,,,,True,False,,,,,
457259860,237883497,-7,,,"https://sun9-64.userapi.com/s/v1/ig2/4O6RJLY-mn-YzJm7bM83o1LJ50RiviSoI2Ler_iIURggRGBBvfsJN5-hbTZ44_UxKJ1QUC2F-Nffe-HLceX9-Ifk.jpg?quality=95&as=32x57,48x85,72x128,108x192,160x284,240x427,360x640,480x853,540x960,640x1138,720x1280,900x1600&from=bu&cs=900x0",,,2022-11-14 16:47:49,58.008303,56.234688,58.00819896273859,56.23476395501453,12.403628167392649,synagogue,237883497,,,,,,,True,True,,,,,,,,True,False,,,,,
456239561,-145795246,-7,,,"https://sun9-48.userapi.com/s/v1/if1/4tl2S1B-l9otGYUrCFwkY0Nj7taGiNfvGDI6oOFL5OROVhwW8kPdi67SyIROEI1HHWHdWyrU.jpg?quality=96&as=32x18,48x26,72x40,108x60,160x88,240x132,360x199,480x265,540x298,640x353,720x397,1024x565&from=bu&cs=1024x0",,,2018-05-25 14:52:24,58.007996,56.235363,58.00819896273859,56.23476395501453,41.88964292734353,synagogue,-145795246,,,,,,,True,False,,,,,,,,True,False,,,,,
457239123,-225765287,-7,,,"https://sun9-47.userapi.com/s/v1/ig2/rBSHKi-2S4ExAEDi7TkGYULkZH3CtLSB1EqwW2JLMMYBdRt76xKwAo2ig7RyFKQs6OZxuxOVBUN_CKC2DrAXkkxp.jpg?quality=95&as=32x43,48x64,72x96,108x144,160x213,240x320,360x480,480x640,540x720,640x853,720x960,1080x1440,1280x1707,1440x1920,1920x2560&from=bu&cs=1920x0",,,2024-06-21 14:31:31,58.008016,56.234993,58.00819896273859,56.23476395501453,24.41245746986248,synagogue,-225765287,,,,,,,True,True,,,,,,,,True,False,,,,,
457250525,-170690865,-7,,,"https://sun9-10.userapi.com/s/v1/ig2/85VRH5oV5hQZpSC-wFQgDOSDNYXptno8lrfIgg3zYwEU4foEyW2tUGqEFXF_c9241GnBUlVbzxVL2YdLj-s5wc4a.jpg?quality=95&as=32x43,48x64,72x96,108x144,160x214,240x320,360x481,480x641,540x721,640x855,720x961,1080x1442,1280x1709,1342x1792&from=bu&cs=1342x0",,,2022-05-31 13:04:56,58.007722,56.234505,58.00819896273859,56.23476395501453,55.186284082187015,synagogue,-170690865,,,,,,,True,False,,,,,,,,True,False,,,,,
400357654,-107272158,227741275,,,"https://sun9-36.userapi.com/s/v1/if1/Top8ViwDDjvgyVEQoeYeJ5-_mBDOX0W_Vok1HWJhcf3UmURWX9Rv7CCpyJMJrc43sWDhAWJg.jpg?quality=96&as=32x24,48x36,72x54,108x81,160x120,240x180,360x270,480x360,540x405,640x480,720x540,1080x810,1280x960,1440x1080,2560x1920&from=bu&cs=2560x0",,,2016-02-05 09:10:44,58.008024,56.23527,58.00819896273859,56.23476395501453,35.59814265133196,synagogue,147055234,,,,,,,True,False,,,,,,,,True,True,,False,,,
457261210,91875183,305287651,,,"https://sun9-63.userapi.com/s/v1/ig2/19F20QzNPXyL6KYr7aPg6UIFtee3Tc2tQiYDqj5wF8nsnZAd_-Ne2t4AoquvV4Lt6qVdEW1z09mjhHQOeYJ3Tlzx.jpg?quality=95&as=32x32,48x48,72x72,108x108,160x160,240x240,360x360,480x480,540x540,640x640,720x720,1080x1080,1280x1280,1440x1440,1560x1560&from=bu&cs=1560x0",,,2024-05-19 19:20:36,58.008205,56.234926,58.00819896273859,56.23476395501453,9.56978033944169,synagogue,91875183,,,,,,,True,True,,,,,,,,True,False,,,,,
457254003,-170690865,-7,,,"https://sun9-1.userapi.com/s/v1/ig2/l5Awxb1jwymedMlWkYn_2ywVhsNrVcCucEVutMHNXCS6v4eVq7Zh-5KjI6KPxHpvF0jzIMwfOx8StPYOkkKW8516.jpg?quality=95&as=32x43,48x64,72x96,108x144,160x213,240x320,360x480,480x640,540x720,640x853,720x960,1080x1440,1280x1707,1344x1792&from=bu&cs=1344x0",,,2022-10-12 11:28:12,58.00782,56.23461,58.00819896273859,56.23476395501453,43.10373252508328,synagogue,-170690865,,,,,,,True,False,,,,,,,,True,False,,,,,
457245042,-194619161,-7,,,"https://sun9-57.userapi.com/s/v1/ig2/LkVUNYKZ9nq3t9lwBy5aBrlhbRRkJcksS2tnUpzRXkP9cQviPxHU5kQaj26qU0hSjOCjAYl5NzzuZ-woNWUWDaWt.jpg?quality=95&as=32x43,48x64,72x96,108x144,160x213,240x320,360x480,480x640,540x720,640x853,720x960,1080x1440,1280x1707,1440x1920,1920x2560&from=bu&cs=1920x0",,,2024-06-03 09:48:00,58.00801,56.235403,58.00819896273859,56.23476395501453,43.11346849991991,synagogue,-194619161,,,,,,,True,False,,,,,,,,True,False,,,,,
456260464,276032859,-6,1886.0,https://vk.com/wall276032859_1886,"https://sun9-30.userapi.com/s/v1/ig1/NPlY8sNUoqcoQKYmGvBHHwYiayWY8dUNo0PUX5eE77gELp1hmHyYUMp2yj9TzAk73SllKYOT.jpg?quality=96&as=32x32,48x48,72x72,108x108,160x160,240x240,360x360,480x480,540x540,640x640,720x720,1080x1080,1280x1280,1440x1440,2047x2047&from=bu&cs=2047x0",,,2018-05-06 17:07:19,58.008261,56.234741,58.00819896273859,56.23476395501453,7.0295283982989325,synagogue,276032859,,,,,,,True,True,,,,,,,,True,False,,,,,
457253580,-170690865,-7,,,"https://sun9-81.userapi.com/s/v1/ig2/FOgZS6O0xaDNmCkZJHsLamrFJCgglZgTTjfB6vOdIyOWratxVgAfyFsVSL8ZV-hT4avCbx98UmzHr7CrPoPr8P9u.jpg?quality=95&as=32x43,48x64,72x96,108x144,160x213,240x320,360x480,480x640,540x720,640x853,720x960,1080x1440,1280x1707,1344x1792&from=bu&cs=1344x0",,,2022-09-14 12:24:48,58.007722,56.234505,58.00819896273859,56.23476395501453,55.186284082187015,synagogue,-170690865,,,,,,,True,False,,,,,,,,True,False,,,,,
456239668,-46008634,247407234,,,"https://sun9-15.userapi.com/s/v1/ig1/pOyEo4L2fxPJNm7smj7UH0xXggyuj0DCcOUDsw3dnDZ1o1Rd1s1toVa1KCHQvYeJceKL-pKM.jpg?quality=96&as=32x43,48x64,72x96,108x144,160x213,240x320,360x480,480x640&from=bu&cs=480x0",,,2017-10-16 08:01:51,58.00796,56.234834,58.00819896273859,56.23476395501453,26.88994254580395,synagogue,-46008634,,,,,,,True,True,,,,,,,,True,False,,,,,
457292008,76946578,246877651,,,"https://sun9-13.userapi.com/s/v1/ig2/zF-inDosw5fmnBB317fAMBI8maGGM7ZVtPMXyVGkbVOQaU-6FB7FDTJQwoazr2WFOm1BZap_GM_uBbvKYjgUiNqk.jpg?quality=95&as=32x43,48x64,72x96,108x144,160x213,240x320,360x480,480x640,540x720,640x853,720x960,1080x1440,1280x1707,1440x1920,1920x2560&from=bu&cs=1920x0",,,2024-01-13 03:37:14,58.007912,56.235297,58.00819896273859,56.23476395501453,44.76910842408243,synagogue,76946578,,,,,,,True,False,,,,,,,,True,False,,,,,
457256074,-170690865,-7,,,"https://sun9-12.userapi.com/s/v1/ig2/-KX9c3cSahM1CL_Sd9tzYwvEH-9XuEFP6uzek1DrqLh-AMMZTvZh_bBEJ8mMoixJN2dBZE8lcjgST9isaUbRs8fM.jpg?quality=95&as=32x43,48x64,72x96,108x144,160x214,240x320,360x481,480x641,540x721,640x855,720x961,1080x1442,1280x1709,1342x1792&from=bu&cs=1342x0",,,2023-03-08 12:24:40,58.007722,56.234505,58.00819896273859,56.23476395501453,55.186284082187015,synagogue,-170690865,,,,,,,True,False,,,,,,,,True,False,,,,,
419165935,261660768,-7,,,"https://sun9-17.userapi.com/s/v1/ig1/dA6NSPu6J9e_Zahzw8Rh2isLhIi_Qnd3I_fty3BxFVzZh4DdXAWnymukOzsIRzv91FUwQDFC.jpg?quality=96&as=32x43,48x64,72x96,108x144,160x213,240x320,360x480,480x640,540x720,640x853,720x960&from=bu&cs=720x0",,,2016-06-17 07:51:07,58.008045,56.235931,58.00819896273859,56.23476395501453,70.85120238193981,synagogue,261660768,,,,,,,True,False,,,,,,,,True,False,,,,,
457247686,399236598,-7,,,"https://sun9-82.userapi.com/s/v1/ig2/k5PHNCC0VPIs4StGfdwA1SZqjkxGI1HM6mUxQiVvXHySK_NXgiVl6yJXja9v29TS3ncADI09rQOB0T-s-wWPFDTd.jpg?quality=95&as=32x71,48x107,72x160,108x240,160x356,240x533,360x800,480x1067,540x1200,640x1422,720x1600&from=bu&cs=720x0",,,2022-12-01 16:42:12,58.008107,56.234993,58.00819896273859,56.23476395501453,16.930285459496016,synagogue,399236598,,,,,,,True,True,,,,,,,,True,False,,,,,
457259864,237883497,-7,,,"https://sun9-61.userapi.com/s/v1/ig2/xgx8uuuDX_-E0jZSpGybUjeqgxxfT6eNaXhfYemM8AOcS-b1_brmoNvl_rUEGrXA7xbDf1XW7irfEQ1bZtlFEP3M.jpg?quality=95&as=32x57,48x85,72x128,108x192,160x284,240x427,360x640,480x853,540x960,640x1138,720x1280,900x1600&from=bu&cs=900x0",,,2022-11-14 16:48:02,58.00831,56.234794,58.00819896273859,56.23476395501453,12.473002149656551,synagogue,237883497,,,,,,,True,True,,,,,,,,True,False,,,,,
