{
"type": "FeatureCollection",
"name": "visible",
"crs": { "type": "name", "properties": { "name": "urn:ogc:def:crs:OGC:1.3:CRS84" } },
"features": [
{ "type": "Feature", "properties": { }, "geometry": { "type": "Polygon", "coordinates": [ [ [ 56.245748161163377, 58.000329298690673 ], [ 56.245748916623548, 58.00029337358739 ], [ 56.245782749642508, 58.000293574126268 ], [ 56.245783127354983, 58.000275611574409 ], [ 56.245749294352962, 58.000275411035652 ], [ 56.245749672081921, 58.0002574484839 ], [ 56.245682006113114, 58.000257047379684 ], [ 56.245682383875504, 58.000239084828124 ], [ 56.245614717942388, 58.00023868368821 ], [ 56.245615095738202, 58.000220721136905 ], [ 56.245547429840776, 58.000220319961294 ], [ 56.245547807670015, 58.000202357410188 ], [ 56.245480141808287, 58.000201956198865 ], [ 56.245479763945163, 58.0002199187497 ], [ 56.245445930998031, 58.000219718130424 ], [ 56.245444797355148, 58.000273605782148 ], [ 56.245478630353098, 58.000273806401843 ], [ 56.245477496756955, 58.000327694053532 ], [ 56.24551132980617, 58.000327894664665 ], [ 56.24551057410703, 58.000363819765809 ], [ 56.245544407190586, 58.000364020368202 ], [ 56.245544029357269, 58.000381982918832 ], [ 56.245577862458212, 58.000382183512386 ], [ 56.245577106824115, 58.000418108613758 ], [ 56.245610939959391, 58.000418309198594 ], [ 56.245610184357361, 58.000454234300044 ], [ 56.245644017526971, 58.000454434876154 ], [ 56.245645150878516, 58.000400547223499 ], [ 56.245678983997749, 58.000400747790195 ], [ 56.245679739529315, 58.000364822687878 ], [ 56.245713572615117, 58.000365023245308 ], [ 56.245714328110985, 58.000329098142522 ], [ 56.245748161163377, 58.000329298690673 ] ] ] } },
{ "type": "Feature", "properties": { }, "geometry": { "type": "Polygon", "coordinates": [ [ [ 56.245609428753525, 58.000490159401281 ], [ 56.245610184357361, 58.000454234300044 ], [ 56.245576351188213, 58.000454033714931 ], [ 56.245575595550491, 58.000489958815884 ], [ 56.245609428753525, 58.000490159401281 ] ] ] } },
{ "type": "Feature", "properties": { }, "geometry": { "type": "Polygon", "coordinates": [ [ [ 56.245841351259919, 58.000725076412721 ], [ 56.245842106638356, 58.000689151310915 ], [ 56.245875940031354, 58.000689351825855 ], [ 56.245876695374101, 58.000653426723552 ], [ 56.245910528733667, 58.000653627229255 ], [ 56.24591128404073, 58.000617702126455 ], [ 56.245945117366865, 58.000617902622871 ], [ 56.245945495002772, 58.000599940071261 ], [ 56.245911661693576, 58.000599739574987 ], [ 56.245912039345981, 58.000581777023463 ], [ 56.245844372762818, 58.000581376004185 ], [ 56.24584475044864, 58.000563413452888 ], [ 56.245743250628124, 58.000562811856952 ], [ 56.245743628364316, 58.000544849306003 ], [ 56.245675961853443, 58.000544448197346 ], [ 56.24567633962306, 58.000526485646652 ], [ 56.245608673147878, 58.000526084502297 ], [ 56.245609050950925, 58.00050812195181 ], [ 56.245541384511426, 58.000507720771758 ], [ 56.245540628837112, 58.000543645872099 ], [ 56.24550679558417, 58.000543445268292 ], [ 56.245506417729395, 58.00056140781826 ], [ 56.245472584459954, 58.000561207205351 ], [ 56.245471828715168, 58.00059713230484 ], [ 56.245404162109892, 58.000596731051417 ], [ 56.245403784202942, 58.000614693600802 ], [ 56.245369950884033, 58.000614492960459 ], [ 56.245369195034897, 58.00065041805879 ], [ 56.245335361682571, 58.000650217409188 ], [ 56.245334605797737, 58.00068614250705 ], [ 56.24530077241198, 58.000685941848168 ], [ 56.245300016491456, 58.000721866945526 ], [ 56.245367683331182, 58.000722268254847 ], [ 56.245367305404116, 58.000740230803736 ], [ 56.245434972279533, 58.00074063207736 ], [ 56.245434594385898, 58.000758594626468 ], [ 56.245502261297005, 58.000758995864402 ], [ 56.245501883436802, 58.000776958413738 ], [ 56.2455695503836, 58.000777359615938 ], [ 56.24556917255682, 58.000795322165487 ], [ 56.245636839539308, 58.000795723332033 ], [ 56.24563646174596, 58.000813685881795 ], [ 56.245704128764132, 58.000814087012628 ], [ 56.245703751004214, 58.000832049562632 ], [ 56.245737584530914, 58.000832250114698 ], [ 56.24573834001643, 58.000796325014342 ], [ 56.2457721735097, 58.000796525557142 ], [ 56.245772928959525, 58.000760600456303 ], [ 56.24580676241937, 58.000760800989816 ], [ 56.245807517833498, 58.000724875888466 ], [ 56.245841351259919, 58.000725076412721 ] ] ] } },
{ "type": "Feature", "properties": { }, "geometry": { "type": "Polygon", "coordinates": [ [ [ 56.244184270936088, 58.000679315058932 ], [ 56.244183892417027, 58.000697277603052 ], [ 56.244217725804781, 58.000697478558905 ], [ 56.244218104306903, 58.00067951601465 ], [ 56.244184270936088, 58.000679315058932 ] ] ] } },
{ "type": "Feature", "properties": { }, "geometry": { "type": "Polygon", "coordinates": [ [ [ 56.243371512321012, 58.000710414504859 ], [ 56.243371133394476, 58.000728377045533 ], [ 56.243404966805223, 58.000728578217533 ], [ 56.243405345714812, 58.000710615676738 ], [ 56.243371512321012, 58.000710414504859 ] ] ] } },
{ "type": "Feature", "properties": { }, "geometry": { "type": "Polygon", "coordinates": [ [ [ 56.243840635573228, 58.000928780600304 ], [ 56.243841014267581, 58.000910818058273 ], [ 56.243807180681529, 58.000910617001807 ], [ 56.243805665833627, 58.000982467169038 ], [ 56.243974834107199, 58.000983472364226 ], [ 56.243975212735151, 58.000965509821803 ], [ 56.243907545458242, 58.000965107771016 ], [ 56.243907924119625, 58.000947145228778 ], [ 56.243874090498792, 58.000946944190012 ], [ 56.24387446917666, 58.000928981647924 ], [ 56.243840635573228, 58.000928780600304 ] ] ] } },
{ "type": "Feature", "properties": { }, "geometry": { "type": "Polygon", "coordinates": [ [ [ 56.241573025516779, 58.000951214984966 ], [ 56.241572645686055, 58.000969177517462 ], [ 56.241606479309894, 58.000969379168154 ], [ 56.241606099495655, 58.000987341700757 ], [ 56.241639933136881, 58.000987543342596 ], [ 56.241639553339127, 58.001005505875284 ], [ 56.241673386997753, 58.001005707508277 ], [ 56.241673007216484, 58.00102367004105 ], [ 56.241706840892498, 58.001023871665176 ], [ 56.241709119471636, 58.000916096466909 ], [ 56.241506118032206, 58.000914886592255 ], [ 56.241505738168506, 58.000932849124581 ], [ 56.241539571757549, 58.00093305079298 ], [ 56.241539191910341, 58.00095101332542 ], [ 56.241573025516779, 58.000951214984966 ] ] ] } },
{ "type": "Feature", "properties": { }, "geometry": { "type": "Polygon", "coordinates": [ [ [ 56.237952832211512, 58.000929586403259 ], [ 56.237918998653861, 58.000929383781262 ], [ 56.237919380313684, 58.000911421263837 ], [ 56.237682545541496, 58.000910002658962 ], [ 56.23768292731944, 58.000892040142475 ], [ 56.237547593241722, 58.000891229313801 ], [ 56.237547211396013, 58.000909191829699 ], [ 56.237513377860786, 58.000908989099905 ], [ 56.237512995997683, 58.000926951615639 ], [ 56.237479162445972, 58.000926748876701 ], [ 56.237478016803088, 58.000980636423137 ], [ 56.237511850405618, 58.000980839162494 ], [ 56.237510322943137, 58.001052689224259 ], [ 56.237442655603004, 58.001052283735419 ], [ 56.23744074609521, 58.001142096310041 ], [ 56.237474579849746, 58.001142299059651 ], [ 56.237474197963756, 58.00116026157454 ], [ 56.23760953305424, 58.001161072483633 ], [ 56.237609151235553, 58.001179034999048 ], [ 56.237913655368352, 58.001180859019563 ], [ 56.237914800365651, 58.001126971469375 ], [ 56.237948634109642, 58.001127174092908 ], [ 56.237951687280123, 58.000983473955621 ], [ 56.237985520889055, 58.000983676569057 ], [ 56.237986284143226, 58.000947751533921 ], [ 56.237952450568173, 58.00094754892077 ], [ 56.237952832211512, 58.000929586403259 ] ] ] } },
{ "type": "Feature", "properties": { }, "geometry": { "type": "Polygon", "coordinates": [ [ [ 56.243363554768607, 58.001087627847539 ], [ 56.243329721019506, 58.001087426663766 ], [ 56.243330099972049, 58.001069464124306 ], [ 56.243262432509091, 58.001069061730007 ], [ 56.243262811495065, 58.001051099190761 ], [ 56.243228977781207, 58.001050897980278 ], [ 56.243229356783665, 58.001032935441131 ], [ 56.243195523087202, 58.001032734221774 ], [ 56.243195902106152, 58.001014771682712 ], [ 56.24316206842709, 58.001014570454501 ], [ 56.243161310354857, 58.001050495532283 ], [ 56.243195144067805, 58.001050696760778 ], [ 56.243194007006885, 58.001104584377494 ], [ 56.243227840771105, 58.001104785597406 ], [ 56.243227461766836, 58.001122748136332 ], [ 56.24326129554845, 58.001122949347398 ], [ 56.243260916560658, 58.001140911886438 ], [ 56.243294750359674, 58.001141113088629 ], [ 56.243294371388373, 58.001159075627733 ], [ 56.243328205204783, 58.001159276821085 ], [ 56.243327826249967, 58.001177239360281 ], [ 56.24339549391803, 58.001177641720282 ], [ 56.243395872838953, 58.00115967918078 ], [ 56.243429706656727, 58.001159880347139 ], [ 56.24343008556027, 58.001141917807487 ], [ 56.243396251759442, 58.001141716641271 ], [ 56.243397009599029, 58.001105791562047 ], [ 56.243363175832542, 58.001105590387091 ], [ 56.243363554768607, 58.001087627847539 ] ] ] } },
{ "type": "Feature", "properties": { }, "geometry": { "type": "Polygon", "coordinates": [ [ [ 56.242008686701361, 58.001151423615269 ], [ 56.242008307085861, 58.001169386149016 ], [ 56.241839138012239, 58.00116837833761 ], [ 56.24183875831158, 58.001186340870589 ], [ 56.241872592142336, 58.001186542451016 ], [ 56.241872212458169, 58.001204504984102 ], [ 56.241906046306319, 58.001204706555647 ], [ 56.241905286970493, 58.001240631621961 ], [ 56.241939120852983, 58.001240833184795 ], [ 56.241938361549224, 58.001276758251173 ], [ 56.241972195466047, 58.001276959805288 ], [ 56.241971056557823, 58.001330847404866 ], [ 56.242004890525919, 58.001331048950419 ], [ 56.242004510905872, 58.001349011483633 ], [ 56.241936842936248, 58.001348608383246 ], [ 56.241937222590174, 58.001330645850317 ], [ 56.241734218793844, 58.00132943633416 ], [ 56.241734598548959, 58.001311473801991 ], [ 56.241666930654368, 58.001311070558252 ], [ 56.241666550865368, 58.00132903309013 ], [ 56.241632716901819, 58.001328831454643 ], [ 56.241631577481272, 58.001382719049523 ], [ 56.241665411495646, 58.001382920685458 ], [ 56.241664272121838, 58.001436808280289 ], [ 56.241867276522584, 58.001438017909429 ], [ 56.241867656212655, 58.001420055377032 ], [ 56.242138328636919, 58.001421667711035 ], [ 56.242140605954695, 58.001313892508811 ], [ 56.242106772001712, 58.001313690999375 ], [ 56.24211018810017, 58.001152028193751 ], [ 56.242008686701361, 58.001151423615269 ] ] ] } },
{ "type": "Feature", "properties": { }, "geometry": { "type": "Polygon", "coordinates": [ [ [ 56.245590538069436, 58.001388286863701 ], [ 56.245591293718512, 58.001352361767736 ], [ 56.245625127735138, 58.001352562350789 ], [ 56.245625883348524, 58.001316637254348 ], [ 56.24555821538349, 58.001316236079752 ], [ 56.245558593223386, 58.00129827353171 ], [ 56.245490925294042, 58.001297872321402 ], [ 56.24549130316737, 58.001279909773622 ], [ 56.24545746922032, 58.001279709155121 ], [ 56.245456713439332, 58.001315634250403 ], [ 56.24542287945885, 58.001315433622615 ], [ 56.245420612003379, 58.00142320890636 ], [ 56.245386777921702, 58.001423008268752 ], [ 56.245386399993933, 58.001440970815715 ], [ 56.245420234092556, 58.00144117145345 ], [ 56.24541947826954, 58.001477096547511 ], [ 56.245453312402489, 58.001477297176535 ], [ 56.245452934507242, 58.001495259723612 ], [ 56.245486768657592, 58.00149546034379 ], [ 56.245487146535893, 58.001477497796557 ], [ 56.245520980669745, 58.001477698407605 ], [ 56.245522114251123, 58.001423810765203 ], [ 56.245555948334612, 58.001424011366822 ], [ 56.245556704019378, 58.001388086271348 ], [ 56.245590538069436, 58.001388286863701 ] ] ] } },
{ "type": "Feature", "properties": { }, "geometry": { "type": "Polygon", "coordinates": [ [ [ 56.245650650258213, 58.001747938975086 ], [ 56.245651405857622, 58.001712013880656 ], [ 56.24568524021398, 58.001712214448538 ], [ 56.245685995777698, 58.00167628935364 ], [ 56.245719830100619, 58.001676489912228 ], [ 56.245720963391982, 58.001622602269052 ], [ 56.245653294848239, 58.001622201143682 ], [ 56.245653672645005, 58.001604238596137 ], [ 56.245586004136946, 58.001603837435091 ], [ 56.245586381967144, 58.001585874887759 ], [ 56.245552547730739, 58.001585674293878 ], [ 56.245551792036011, 58.001621599388194 ], [ 56.245517957766175, 58.001621398785048 ], [ 56.245516824169869, 58.001675286425716 ], [ 56.245482989849663, 58.001675085813147 ], [ 56.24548185619846, 58.001728973452927 ], [ 56.245448021827883, 58.001728772830951 ], [ 56.245447643926305, 58.001746735377296 ], [ 56.245413809539237, 58.001746534746175 ], [ 56.245413053700837, 58.001782459838452 ], [ 56.245311550440697, 58.001781857890286 ], [ 56.245311928410942, 58.001763895344595 ], [ 56.245244259606999, 58.001763494001139 ], [ 56.245244637610682, 58.001745531455661 ], [ 56.245109300075988, 58.001744728661343 ], [ 56.24510892200454, 58.001762691206245 ], [ 56.245142756404476, 58.001762891918474 ], [ 56.24514237834952, 58.001780854463469 ], [ 56.245210047184635, 58.001781255861168 ], [ 56.245209669163103, 58.001799218406383 ], [ 56.245277338033908, 58.001799619768413 ], [ 56.245276960045807, 58.001817582313869 ], [ 56.24534462895231, 58.001817983640187 ], [ 56.245344250997647, 58.001835946185842 ], [ 56.245411919939833, 58.001836347476448 ], [ 56.245411542018601, 58.001854310022352 ], [ 56.245479210996479, 58.001854711277247 ], [ 56.245478833108677, 58.001872673823371 ], [ 56.245546502122252, 58.001873075042575 ], [ 56.245547257829649, 58.001837149949736 ], [ 56.245581092303233, 58.001837350545564 ], [ 56.24558184797494, 58.001801425452214 ], [ 56.245615682415092, 58.001801626038755 ], [ 56.245616815868431, 58.001747738397938 ], [ 56.245650650258213, 58.001747938975086 ] ] ] } },
{ "type": "Feature", "properties": { }, "geometry": { "type": "Polygon", "coordinates": [ [ [ 56.241917859660283, 58.002246734963322 ], [ 56.24191823933694, 58.002228772433035 ], [ 56.241985908966818, 58.002229175547107 ], [ 56.241986288609141, 58.002211213016459 ], [ 56.242020123407819, 58.002211414559852 ], [ 56.242020503032741, 58.002193452029047 ], [ 56.242088172597576, 58.002193855088592 ], [ 56.242088552188164, 58.00217589255741 ], [ 56.242122386954321, 58.002176094073555 ], [ 56.242122766527515, 58.002158131542195 ], [ 56.242156601277188, 58.002158333049202 ], [ 56.242156980832981, 58.002140370517644 ], [ 56.242123146100248, 58.002140169010787 ], [ 56.242123905244348, 58.002104243947798 ], [ 56.242090070545956, 58.002104042432201 ], [ 56.242090450134278, 58.002086079900785 ], [ 56.242056615453279, 58.002085878376334 ], [ 56.242057374662416, 58.002049953313588 ], [ 56.242023540015765, 58.002049751780447 ], [ 56.242023919636594, 58.002031789249131 ], [ 56.24199008500733, 58.002031587707123 ], [ 56.241990844281517, 58.001995662644632 ], [ 56.241957009686594, 58.001995461093898 ], [ 56.241957389339944, 58.001977498562709 ], [ 56.241991223917928, 58.001977700113287 ], [ 56.241991603553878, 58.00195973758192 ], [ 56.242059272677331, 58.001960140655825 ], [ 56.242059652278947, 58.001942178124089 ], [ 56.242093486824409, 58.001942379647431 ], [ 56.242093866408631, 58.001924417115525 ], [ 56.242161535467034, 58.001924820134896 ], [ 56.242161915016922, 58.001906857602648 ], [ 56.24219574952987, 58.001907059098706 ], [ 56.242196129062357, 58.001889096566288 ], [ 56.242263798055724, 58.001889499531117 ], [ 56.242264177553878, 58.001871536998365 ], [ 56.242298012034297, 58.001871738467138 ], [ 56.242298391515057, 58.001853775934208 ], [ 56.242332225978991, 58.00185397739385 ], [ 56.242332984905254, 58.001818052327494 ], [ 56.242299150475205, 58.001817850868136 ], [ 56.242299529954593, 58.001799888335 ], [ 56.242265695541931, 58.001799686866782 ], [ 56.242266454533237, 58.00176376180066 ], [ 56.242232620154915, 58.001763560323717 ], [ 56.242232999666825, 58.001745597790745 ], [ 56.242199165305898, 58.001745396304919 ], [ 56.242199924362239, 58.001709471239053 ], [ 56.242166090035653, 58.001709269744552 ], [ 56.242166469580077, 58.001691307211686 ], [ 56.242132635270892, 58.001691105708304 ], [ 56.242133394392269, 58.001655180642693 ], [ 56.24209956011741, 58.001654979130599 ], [ 56.242099939694356, 58.001637016597854 ], [ 56.242032271179895, 58.001636613546971 ], [ 56.242031132346035, 58.001690501144225 ], [ 56.242064966653864, 58.001690702674587 ], [ 56.242062689075524, 58.001798477868512 ], [ 56.242028854666046, 58.00179827633729 ], [ 56.242028475051121, 58.001816238869296 ], [ 56.241994640625158, 58.001816037328986 ], [ 56.241993881360067, 58.001851962392536 ], [ 56.241960046900672, 58.001851760842925 ], [ 56.241959287599883, 58.001887685905992 ], [ 56.241925453107058, 58.001887484347101 ], [ 56.241925073439042, 58.001905446878411 ], [ 56.241891238929732, 58.00190524531039 ], [ 56.241889340498105, 58.001995057965459 ], [ 56.241923175092118, 58.001995259534198 ], [ 56.241922415750174, 58.002031184596134 ], [ 56.241956250378522, 58.002031386156112 ], [ 56.241955870723807, 58.002049348687152 ], [ 56.241989705369562, 58.00204955023829 ], [ 56.241987807173871, 58.002139362893367 ], [ 56.241920137713407, 58.00213895978068 ], [ 56.241919758039025, 58.002156922311258 ], [ 56.241885923292536, 58.002156720741276 ], [ 56.241885543600752, 58.002174683271669 ], [ 56.241817874075259, 58.002174280104455 ], [ 56.241817494349142, 58.0021922426345 ], [ 56.241783659570125, 58.002192041037269 ], [ 56.241783279826606, 58.002210003567122 ], [ 56.241681775441485, 58.002209398721 ], [ 56.241681015851441, 58.002245323779732 ], [ 56.241714850679912, 58.002245525404369 ], [ 56.241714470901151, 58.002263487933803 ], [ 56.241748305747009, 58.002263689549579 ], [ 56.241747546222001, 58.002299614608532 ], [ 56.241781381102214, 58.002299816215618 ], [ 56.241781760847999, 58.002281853686021 ], [ 56.241815595711714, 58.002282055283963 ], [ 56.241815975440112, 58.002264092754174 ], [ 56.241883645135026, 58.002264495922802 ], [ 56.241884024829083, 58.002246533392665 ], [ 56.241917859660283, 58.002246734963322 ] ] ] } },
{ "type": "Feature", "properties": { }, "geometry": { "type": "Polygon", "coordinates": [ [ [ 56.246448334466862, 58.002435327008882 ], [ 56.246448711877377, 58.002417364460356 ], [ 56.24658405199181, 58.002418165836005 ], [ 56.246584429334106, 58.002400203286889 ], [ 56.246719769388008, 58.002401004518063 ], [ 56.2467205239357, 58.002365079418517 ], [ 56.246686688955435, 58.002364879124485 ], [ 56.246687443535208, 58.002328954025032 ], [ 56.24665360858927, 58.002328753722303 ], [ 56.246654363201124, 58.002292828622885 ], [ 56.246620528289519, 58.002292628311437 ], [ 56.246621282933454, 58.002256703212112 ], [ 56.24655361317938, 58.002256302562749 ], [ 56.246553235823761, 58.00227426511217 ], [ 56.246417896253277, 58.002273463704974 ], [ 56.246417518829439, 58.002291426253784 ], [ 56.246248344291793, 58.002290424291694 ], [ 56.246247966782789, 58.002308386839758 ], [ 56.246112627093041, 58.002307585107616 ], [ 56.246112249515818, 58.002325547655083 ], [ 56.245976909765538, 58.002324745778452 ], [ 56.245976532120096, 58.00234270832528 ], [ 56.245841192309285, 58.002341906304181 ], [ 56.245840814595624, 58.002359868850412 ], [ 56.245874649564591, 58.002360069369324 ], [ 56.245873138773185, 58.002431919554283 ], [ 56.245906973810371, 58.002432120064761 ], [ 56.245905840762894, 58.002486007703318 ], [ 56.246041181119473, 58.002486809656922 ], [ 56.246041558734646, 58.002468847110222 ], [ 56.246176899030694, 58.002469648919345 ], [ 56.246177276577647, 58.002451686372019 ], [ 56.246312616813157, 58.002452488036646 ], [ 56.246312994291891, 58.002434525488738 ], [ 56.246448334466862, 58.002435327008882 ] ] ] } },
{ "type": "Feature", "properties": { }, "geometry": { "type": "Polygon", "coordinates": [ [ [ 56.244888519162551, 58.002587763714367 ], [ 56.244888897356475, 58.002569801172726 ], [ 56.24502423799759, 58.00257060420855 ], [ 56.245024616123303, 58.002552641666306 ], [ 56.245126121558059, 58.00255324384829 ], [ 56.245126499632491, 58.002535281305576 ], [ 56.245261840150746, 58.002536084088426 ], [ 56.245262218156945, 58.002518121545073 ], [ 56.245397558614677, 58.002518924183441 ], [ 56.245397936552664, 58.002500961639505 ], [ 56.245364101454491, 58.002500760993541 ], [ 56.245365613269662, 58.002428910817784 ], [ 56.245331778239716, 58.0024287101634 ], [ 56.245333290115411, 58.002356859987337 ], [ 56.245299455153685, 58.002356659324505 ], [ 56.245300211122704, 58.002320734236434 ], [ 56.245164871415852, 58.002319931496253 ], [ 56.245164493363809, 58.002337894039755 ], [ 56.245029153596434, 58.002337091155091 ], [ 56.245028775476165, 58.002355053697997 ], [ 56.244893435648265, 58.00235425066883 ], [ 56.244893057459777, 58.00237221321111 ], [ 56.244791552542786, 58.002371610844385 ], [ 56.244791174303018, 58.002389573386196 ], [ 56.244655834352265, 58.002388770104076 ], [ 56.244656212659805, 58.002370807562805 ], [ 56.244554707752322, 58.002370205007168 ], [ 56.244554329393956, 58.002388167548013 ], [ 56.244418989455902, 58.002387364014005 ], [ 56.24441861102931, 58.002405326554211 ], [ 56.244283271030731, 58.002404522875729 ], [ 56.244282892535921, 58.002422485415345 ], [ 56.24424905752047, 58.002422284473084 ], [ 56.244247921982506, 58.0024761720912 ], [ 56.244281757048782, 58.002476373033865 ], [ 56.244280243059585, 58.002548223191155 ], [ 56.24431407819408, 58.002548424125379 ], [ 56.244312564265392, 58.002620274282407 ], [ 56.244346399468121, 58.002620475208197 ], [ 56.244346021001761, 58.002638437747443 ], [ 56.244481361884958, 58.002639241361223 ], [ 56.244481740283554, 58.002621278821415 ], [ 56.244617081106227, 58.002622082290699 ], [ 56.244617459436604, 58.002604119750288 ], [ 56.244752800198768, 58.002604923075083 ], [ 56.244753178460911, 58.002586960534039 ], [ 56.244888519162551, 58.002587763714367 ] ] ] } },
{ "type": "Feature", "properties": { }, "geometry": { "type": "Polygon", "coordinates": [ [ [ 56.242174115426749, 58.002930923360253 ], [ 56.24217449498515, 58.002912960830805 ], [ 56.242309836836483, 58.002913766756393 ], [ 56.242310216326651, 58.002895804226341 ], [ 56.242445558117488, 58.002896610007433 ], [ 56.242445937539429, 58.002878647476777 ], [ 56.242581279269771, 58.002879453113373 ], [ 56.242581658623493, 58.00286149058212 ], [ 56.242717000293325, 58.00286229607422 ], [ 56.242717379578821, 58.002844333542356 ], [ 56.24285272118815, 58.002845138889974 ], [ 56.242853100405426, 58.002827176357485 ], [ 56.242954606566364, 58.002827780273321 ], [ 56.242954985732354, 58.002809817740371 ], [ 56.243090327218859, 58.002810622834993 ], [ 56.243090706316629, 58.002792660301424 ], [ 56.243226047742631, 58.002793465251557 ], [ 56.243226426772168, 58.002775502717377 ], [ 56.24336176813766, 58.002776307523028 ], [ 56.243362147098978, 58.002758344988237 ], [ 56.243497488403968, 58.002759149649407 ], [ 56.243497867297059, 58.002741187113998 ], [ 56.243599373229735, 58.002741790515003 ], [ 56.243600509753811, 58.002687902907219 ], [ 56.243566674493294, 58.002687701782961 ], [ 56.243568189920161, 58.002615851639064 ], [ 56.243534354727863, 58.002615650506385 ], [ 56.24353587021524, 58.002543800362197 ], [ 56.243502035091169, 58.002543599221063 ], [ 56.243503550639048, 58.002471749076612 ], [ 56.243469715583196, 58.002471547927051 ], [ 56.243470094485971, 58.002453585390946 ], [ 56.243368589371975, 58.002452981888695 ], [ 56.243368210418367, 58.002470944424381 ], [ 56.243232870204949, 58.002470139628223 ], [ 56.243231354114918, 58.002541989768197 ], [ 56.243265189235366, 58.002542190981309 ], [ 56.243263673205846, 58.002614041121035 ], [ 56.243297508394505, 58.00261424232567 ], [ 56.243297129402933, 58.002632204860603 ], [ 56.243263294197327, 58.002632003655826 ], [ 56.243262915188353, 58.002649966190553 ], [ 56.243127574302697, 58.002649161280871 ], [ 56.243127195225505, 58.002667123815002 ], [ 56.242991854279339, 58.002666318760816 ], [ 56.242991475133927, 58.002684281294343 ], [ 56.242856134127258, 58.002683476095697 ], [ 56.242855754913613, 58.002701438628591 ], [ 56.242720413846442, 58.002700633285443 ], [ 56.242720034564584, 58.002718595817754 ], [ 56.242584693436903, 58.002717790330102 ], [ 56.24258431408682, 58.002735752861774 ], [ 56.242448972898643, 58.002734947229655 ], [ 56.242448593480333, 58.002752909760716 ], [ 56.242313252231654, 58.002752103984122 ], [ 56.242312872745117, 58.002770066514579 ], [ 56.242177531435942, 58.002769260593482 ], [ 56.242177151881179, 58.002787223123335 ], [ 56.242041810511509, 58.002786417057727 ], [ 56.242041430888527, 58.002804379586976 ], [ 56.241906089458361, 58.002803573376895 ], [ 56.241905709767153, 58.002821535905518 ], [ 56.241770368276484, 58.002820729550976 ], [ 56.241769988517056, 58.002838692078981 ], [ 56.241634646965899, 58.002837885579936 ], [ 56.241634267138238, 58.00285584810733 ], [ 56.241532760928827, 58.002855243138164 ], [ 56.241532381049879, 58.002873205665075 ], [ 56.241430874793728, 58.002872600614538 ], [ 56.241430494863508, 58.002890563141008 ], [ 56.241464330298712, 58.002890764833651 ], [ 56.241463950384976, 58.002908727360186 ], [ 56.24153162129064, 58.002909130718791 ], [ 56.241531241410335, 58.00292709324556 ], [ 56.241565076880789, 58.002927294911501 ], [ 56.241564697016969, 58.002945257438377 ], [ 56.241632367993134, 58.002945660743542 ], [ 56.241631988162744, 58.002963623270659 ], [ 56.241699659174607, 58.002964026540134 ], [ 56.241699279377656, 58.002981989067422 ], [ 56.241766950425223, 58.002982392301192 ], [ 56.241767330188296, 58.00296442977362 ], [ 56.241902672221116, 58.00296523613266 ], [ 56.241903051915962, 58.002947273604448 ], [ 56.242038393888294, 58.002948079819006 ], [ 56.242038773514921, 58.002930117290184 ], [ 56.242174115426749, 58.002930923360253 ] ] ] } },
{ "type": "Feature", "properties": { }, "geometry": { "type": "Polygon", "coordinates": [ [ [ 56.240716147944127, 58.003065950749651 ], [ 56.240783819134727, 58.003066354506565 ], [ 56.240784199391406, 58.003048391983313 ], [ 56.240818034970452, 58.003048593848142 ], [ 56.240819175686937, 58.002994706277583 ], [ 56.240785340158723, 58.002994504413174 ], [ 56.240786100668004, 58.002958579366158 ], [ 56.240752265174123, 58.002958377493037 ], [ 56.240753405985444, 58.002904489922528 ], [ 56.240719570542851, 58.002904288040831 ], [ 56.240720331115348, 58.002868362993837 ], [ 56.240686495707095, 58.002868161103436 ], [ 56.240686876009597, 58.002850198579992 ], [ 56.240754546792665, 58.00285060235155 ], [ 56.240754927060827, 58.002832639827794 ], [ 56.240822597811828, 58.002833043563065 ], [ 56.240822978045649, 58.002815081038975 ], [ 56.24092448412474, 58.002815686574017 ], [ 56.240924864307281, 58.002797724049451 ], [ 56.240992534995073, 58.00279812769422 ], [ 56.240992915143273, 58.002780165169341 ], [ 56.241060585798998, 58.002780568777851 ], [ 56.241060965912851, 58.002762606252602 ], [ 56.241128636536516, 58.002763009824847 ], [ 56.241129016616028, 58.002745047299292 ], [ 56.241095181320922, 58.002744845517796 ], [ 56.241096321607571, 58.002690957941205 ], [ 56.241062486363738, 58.002690756151132 ], [ 56.24106324658645, 58.002654831100102 ], [ 56.241029411376957, 58.002654629301318 ], [ 56.241030171631735, 58.002618704250338 ], [ 56.240996336456583, 58.002618502442836 ], [ 56.24099747688615, 58.002564614866401 ], [ 56.240963641762285, 58.00256441305033 ], [ 56.240964402080273, 58.002528487999392 ], [ 56.240896731901664, 58.002528084340831 ], [ 56.240896351709011, 58.002546046866044 ], [ 56.240828681498343, 58.002545643171224 ], [ 56.24082830127135, 58.002563605696103 ], [ 56.240862136393396, 58.002563807548135 ], [ 56.240860995760521, 58.002617695122929 ], [ 56.240894830933854, 58.002617896966406 ], [ 56.240893310151399, 58.002689747065901 ], [ 56.240859474910302, 58.00268954522187 ], [ 56.24085909469661, 58.002707507746457 ], [ 56.240757588925213, 58.002706902159979 ], [ 56.240757208660234, 58.002724864684104 ], [ 56.240588032298966, 58.002723855192656 ], [ 56.240587651948829, 58.002741817716043 ], [ 56.240621487237114, 58.002742019632464 ], [ 56.240620726569347, 58.002777944679337 ], [ 56.240654561891972, 58.002778146587055 ], [ 56.240653801256272, 58.002814071633992 ], [ 56.240586130543704, 58.002813667809029 ], [ 56.240585750191286, 58.002831630332139 ], [ 56.240484244075027, 58.002831024526799 ], [ 56.240483863671322, 58.002848987049454 ], [ 56.240416192895545, 58.002848583133968 ], [ 56.240415812457506, 58.002866545656268 ], [ 56.240348141649655, 58.002866141704537 ], [ 56.240347761177269, 58.002884104226517 ], [ 56.240246254918098, 58.002883498231007 ], [ 56.240245874394439, 58.002901460752504 ], [ 56.240212038958674, 58.002901258735882 ], [ 56.240211658417614, 58.002919221257187 ], [ 56.240245493870312, 58.002919423273966 ], [ 56.240244352295214, 58.002973310838009 ], [ 56.240278187799191, 58.002973512846218 ], [ 56.240277426780736, 58.003009437888913 ], [ 56.240311262319054, 58.00300963988839 ], [ 56.240310501332658, 58.003045564931192 ], [ 56.240344336905316, 58.003045766921943 ], [ 56.24034319547313, 58.003099654486142 ], [ 56.240377031097083, 58.00309985646831 ], [ 56.240376270173904, 58.003135781511148 ], [ 56.240443941490931, 58.003136185449087 ], [ 56.240444321918872, 58.003118222927448 ], [ 56.240545828847011, 58.003118828766475 ], [ 56.240546209223659, 58.003100866244345 ], [ 56.240613880477476, 58.003101270091776 ], [ 56.240614260819783, 58.003083307569312 ], [ 56.240715767653093, 58.003083913272597 ], [ 56.240716147944127, 58.003065950749651 ] ] ] } },
{ "type": "Feature", "properties": { }, "geometry": { "type": "Polygon", "coordinates": [ [ [ 56.245587344758277, 58.003148816905352 ], [ 56.245621180469549, 58.003149017493357 ], [ 56.245621558304769, 58.003131054950288 ], [ 56.245587722610445, 58.003130854362411 ], [ 56.245587344758277, 58.003148816905352 ] ] ] } },
{ "type": "Feature", "properties": { }, "geometry": { "type": "Polygon", "coordinates": [ [ [ 56.245688474091651, 58.003167381185683 ], [ 56.245688851893448, 58.003149418642366 ], [ 56.245621180469549, 58.003149017493357 ], [ 56.245620802633873, 58.003166980036383 ], [ 56.245654638362538, 58.003167180615527 ], [ 56.245653882723715, 58.003203105701701 ], [ 56.245687718486721, 58.003203306272134 ], [ 56.245687340683567, 58.003221268815281 ], [ 56.245721176463967, 58.003221469376854 ], [ 56.245720798677311, 58.003239431920079 ], [ 56.245754634475105, 58.003239632472805 ], [ 56.245755012244821, 58.00322166992941 ], [ 56.245788848026123, 58.003221870473006 ], [ 56.245789603530305, 58.003185945385823 ], [ 56.245755767782889, 58.003185744842526 ], [ 56.245756145551248, 58.003167782298981 ], [ 56.245688474091651, 58.003167381185683 ] ] ] } },
{ "type": "Feature", "properties": { }, "geometry": { "type": "Polygon", "coordinates": [ [ [ 56.244968847957217, 58.003594268276856 ], [ 56.244969226125676, 58.003576305737724 ], [ 56.244901553907518, 58.003575904204197 ], [ 56.244901175705174, 58.003593866743046 ], [ 56.244833503454942, 58.00359346517326 ], [ 56.244833125218264, 58.003611427711768 ], [ 56.24479928907688, 58.003611226913236 ], [ 56.244798910822801, 58.003629189451566 ], [ 56.244832746981118, 58.003629390250232 ], [ 56.244831612266985, 58.003683277865278 ], [ 56.244865448476595, 58.003683478655375 ], [ 56.244866204919248, 58.003647553578439 ], [ 56.24490004109542, 58.003647754359235 ], [ 56.244899662891257, 58.003665716897885 ], [ 56.244967335278851, 58.003666118432797 ], [ 56.244966957108126, 58.003684080971638 ], [ 56.245068465743735, 58.00368468320697 ], [ 56.245068087623387, 58.003702645746188 ], [ 56.245101923853106, 58.003702846473445 ], [ 56.24510457056742, 58.00357710869681 ], [ 56.245070734456306, 58.00357690797054 ], [ 56.245069978220592, 58.003612833049559 ], [ 56.245036142076039, 58.003612632314002 ], [ 56.245036520211066, 58.003594669774671 ], [ 56.244968847957217, 58.003594268276856 ] ] ] } },
{ "type": "Feature", "properties": { }, "geometry": { "type": "Polygon", "coordinates": [ [ [ 56.249304007972633, 58.005039133035865 ], [ 56.249304760008833, 58.005003207930052 ], [ 56.249338597498493, 58.005003407533664 ], [ 56.249338973498979, 58.004985444980527 ], [ 56.249305136026258, 58.004985245377078 ], [ 56.249305888059766, 58.004949320270939 ], [ 56.249272050621393, 58.004949120658765 ], [ 56.2492731787191, 58.00489523299958 ], [ 56.249239341332014, 58.004895033378808 ], [ 56.249240093428789, 58.004859108272733 ], [ 56.249206256076043, 58.004858908643229 ], [ 56.249207384268672, 58.004805020984115 ], [ 56.249173546967199, 58.004804821346056 ], [ 56.249174299127262, 58.00476889623998 ], [ 56.249072787327236, 58.004768297272648 ], [ 56.2490724111966, 58.004786259825288 ], [ 56.249038573913886, 58.004786060151361 ], [ 56.249037821617371, 58.004821985256221 ], [ 56.249003984301211, 58.004821785573036 ], [ 56.249003231969006, 58.004857710677413 ], [ 56.249037069319051, 58.004857910360869 ], [ 56.249035564717012, 58.004929760569532 ], [ 56.249069402135291, 58.004929960244553 ], [ 56.249069026000598, 58.004947922796745 ], [ 56.249035188565379, 58.004947723121575 ], [ 56.249034812413292, 58.004965685673575 ], [ 56.249000974961575, 58.004965485989274 ], [ 56.249000598792094, 58.004983448541061 ], [ 56.248966761323878, 58.004983248847616 ], [ 56.24896638513701, 58.005001211399225 ], [ 56.249000222622158, 58.005001411092799 ], [ 56.248999846451781, 58.00501937364448 ], [ 56.24903368395433, 58.005019573329186 ], [ 56.249033307800445, 58.005037535880959 ], [ 56.249067145320389, 58.005037735556805 ], [ 56.249066769182996, 58.005055698108656 ], [ 56.24910060672034, 58.005055897775648 ], [ 56.249100230599439, 58.005073860327599 ], [ 56.249134068154177, 58.005074059985738 ], [ 56.249133692049774, 58.005092022537767 ], [ 56.249201367194495, 58.005092421827321 ], [ 56.249201743265012, 58.005074459275015 ], [ 56.249235580821093, 58.005074658906167 ], [ 56.249235956874216, 58.005056696353655 ], [ 56.249269794413806, 58.005056895975663 ], [ 56.249270170449535, 58.005038933422995 ], [ 56.249304007972633, 58.005039133035865 ] ] ] } },
{ "type": "Feature", "properties": { }, "geometry": { "type": "Polygon", "coordinates": [ [ [ 56.249156987711537, 58.007212002630112 ], [ 56.24915773995842, 58.007176077537871 ], [ 56.249191579497229, 58.007176277185209 ], [ 56.249192331708407, 58.007140352092485 ], [ 56.24922617121377, 58.007140551730572 ], [ 56.249226547301738, 58.007122589183986 ], [ 56.249158868325353, 58.007122189899114 ], [ 56.249159244446766, 58.007104227352741 ], [ 56.249091565506077, 58.007103828032157 ], [ 56.249091941660929, 58.007085865486033 ], [ 56.249024262755938, 58.007085466129709 ], [ 56.249024638944242, 58.007067503583812 ], [ 56.248956960074942, 58.00706710419179 ], [ 56.248957336296684, 58.007049141646107 ], [ 56.248889657463081, 58.007048742218387 ], [ 56.248890033718276, 58.00703077967291 ], [ 56.248822354920371, 58.007030380209478 ], [ 56.248821602341756, 58.007066305299809 ], [ 56.248787762909586, 58.007066105554308 ], [ 56.248787010295274, 58.007102030644141 ], [ 56.248753170829659, 58.007101830889397 ], [ 56.248752418179642, 58.007137755978718 ], [ 56.248718578680588, 58.007137556214687 ], [ 56.248717825994873, 58.007173481303539 ], [ 56.248683986462375, 58.007173281530228 ], [ 56.248683233740969, 58.007209206618604 ], [ 56.248649394175025, 58.007209006836007 ], [ 56.248649017796694, 58.007226969379978 ], [ 56.248682857379585, 58.007227169162704 ], [ 56.248682481017759, 58.007245131706775 ], [ 56.248750160218798, 58.007245531245509 ], [ 56.248749783890403, 58.007263493789772 ], [ 56.248817463127139, 58.007263893292809 ], [ 56.248817086832197, 58.007281855837306 ], [ 56.248884766104631, 58.007282255304631 ], [ 56.248884389843134, 58.007300217849348 ], [ 56.248952069151258, 58.007300617280947 ], [ 56.248951692923207, 58.007318579825906 ], [ 56.249053211939625, 58.007319178906251 ], [ 56.249053964293594, 58.007283253815466 ], [ 56.249087803932738, 58.007283453490636 ], [ 56.24908855625101, 58.007247528399361 ], [ 56.249122395856709, 58.007247728065259 ], [ 56.249123148139283, 58.007211802973494 ], [ 56.249156987711537, 58.007212002630112 ] ] ] } },
{ "type": "Feature", "properties": { }, "geometry": { "type": "Polygon", "coordinates": [ [ [ 56.24482666100883, 58.007132485868098 ], [ 56.244827039300418, 58.007114523339617 ], [ 56.244793199853781, 58.007114322531926 ], [ 56.244792821545246, 58.007132285060266 ], [ 56.244758982082118, 58.00713208424343 ], [ 56.244758603756182, 58.00715004677155 ], [ 56.244792443236264, 58.007150247588534 ], [ 56.244792064926827, 58.007168210116767 ], [ 56.244859743922241, 58.007168611723998 ], [ 56.244859365646242, 58.007186574252465 ], [ 56.244994723710299, 58.007187377359521 ], [ 56.244995101918498, 58.007169414830528 ], [ 56.244961262418755, 58.007169214067389 ], [ 56.24496164064346, 58.007151251538453 ], [ 56.244927801161111, 58.007151050766474 ], [ 56.244928179402315, 58.007133088237637 ], [ 56.24482666100883, 58.007132485868098 ] ] ] } },
{ "type": "Feature", "properties": { }, "geometry": { "type": "Polygon", "coordinates": [ [ [ 56.244284093954896, 58.007183159441411 ], [ 56.244284472519006, 58.007165196915317 ], [ 56.244216793538996, 58.007164795002183 ], [ 56.244215657743645, 58.007218682579449 ], [ 56.244351015908833, 58.007219486371412 ], [ 56.244350637377266, 58.007237448897619 ], [ 56.244418316496478, 58.007237850739898 ], [ 56.244418694994152, 58.007219888213434 ], [ 56.244384855451266, 58.007219687296924 ], [ 56.244385233965431, 58.007201724770518 ], [ 56.244351394439946, 58.007201523845147 ], [ 56.24435177297061, 58.00718356131884 ], [ 56.244284093954896, 58.007183159441411 ] ] ] } },
{ "type": "Feature", "properties": { }, "geometry": { "type": "Polygon", "coordinates": [ [ [ 56.247565774461101, 58.007238534121754 ], [ 56.247566151382202, 58.007220571582259 ], [ 56.247261595286382, 58.007218770541698 ], [ 56.24726197235956, 58.007200808003404 ], [ 56.247126614174284, 58.007200007307553 ], [ 56.247126237033314, 58.007217969845286 ], [ 56.247160076595904, 58.007218170032871 ], [ 56.247159699471432, 58.007236132570689 ], [ 56.247227378631862, 58.00723653291918 ], [ 56.247227001540836, 58.00725449545719 ], [ 56.247294680736964, 58.007254895769968 ], [ 56.247294303679382, 58.007272858308248 ], [ 56.247361982911215, 58.0072732585853 ], [ 56.247361605887072, 58.007291221123772 ], [ 56.247429285154602, 58.007291621365113 ], [ 56.247428908163904, 58.007309583903847 ], [ 56.24749658746714, 58.007309984109469 ], [ 56.247496210509887, 58.00732794664841 ], [ 56.24756388984882, 58.00732834681834 ], [ 56.247563512925012, 58.007346309357494 ], [ 56.247597352612111, 58.007346509429091 ], [ 56.247598106425379, 58.007310584350442 ], [ 56.247631946079025, 58.007310784412773 ], [ 56.247632322968037, 58.007292821873229 ], [ 56.247666162605192, 58.007293021926436 ], [ 56.247667293218676, 58.007239134307071 ], [ 56.247565774461101, 58.007238534121754 ] ] ] } },
{ "type": "Feature", "properties": { }, "geometry": { "type": "Polygon", "coordinates": [ [ [ 56.246847597636993, 58.007593581277284 ], [ 56.246779917808595, 58.007593180725316 ], [ 56.246780295128524, 58.007575218190077 ], [ 56.246712615335831, 58.007574817602396 ], [ 56.246712992689204, 58.007556855067406 ], [ 56.246645312932209, 58.007556454444 ], [ 56.246645690319028, 58.007538491909223 ], [ 56.246578010597744, 58.007538091250119 ], [ 56.246578388018008, 58.007520128715569 ], [ 56.246510708332416, 58.007519728020739 ], [ 56.246511085786125, 58.007501765486403 ], [ 56.246443406136251, 58.007501364755882 ], [ 56.246443783623398, 58.007483402221773 ], [ 56.246376104009222, 58.00748300145554 ], [ 56.246376481529815, 58.007465038921652 ], [ 56.246308801951344, 58.0074646381197 ], [ 56.246309179505374, 58.007446675586053 ], [ 56.246241499962615, 58.007446274748396 ], [ 56.246241877550098, 58.007428312214962 ], [ 56.246208037796336, 58.007428111782779 ], [ 56.246208415400311, 58.007410149249445 ], [ 56.246140735928051, 58.007409748358363 ], [ 56.246141113565464, 58.007391785825249 ], [ 56.24607343412891, 58.007391384898447 ], [ 56.246073811799768, 58.007373422365561 ], [ 56.246006132398918, 58.007373021403048 ], [ 56.246006510103221, 58.007355058870395 ], [ 56.245938830738069, 58.007354657872149 ], [ 56.245939208475825, 58.007336695339724 ], [ 56.24587152914637, 58.007336294305816 ], [ 56.245871906917571, 58.00731833177359 ], [ 56.245804227623829, 58.007317930703941 ], [ 56.245804605428461, 58.007299968171978 ], [ 56.24573692617043, 58.007299567066624 ], [ 56.245737304008507, 58.007281604534853 ], [ 56.245669624786174, 58.007281203393795 ], [ 56.245670002657697, 58.007263240862258 ], [ 56.245602323471068, 58.007262839685488 ], [ 56.245602701376036, 58.007244877154172 ], [ 56.245535022225113, 58.007244475941697 ], [ 56.245535400163519, 58.007226513410622 ], [ 56.245501560605689, 58.007226312791026 ], [ 56.245501938560587, 58.007208350260029 ], [ 56.245434259480177, 58.007207948994115 ], [ 56.245434637468513, 58.007189986463345 ], [ 56.245366958423809, 58.007189585161733 ], [ 56.245367336445597, 58.007171622631191 ], [ 56.245028941418703, 58.007169615584658 ], [ 56.245028563227443, 58.0071875781138 ], [ 56.245096242263095, 58.007187979595358 ], [ 56.245095864105281, 58.007205942124742 ], [ 56.245265061787066, 58.007206945671896 ], [ 56.245264683713529, 58.007224908201913 ], [ 56.24543388149138, 58.007225911524849 ], [ 56.245433503502127, 58.007243874055504 ], [ 56.245501182650337, 58.007244275321952 ], [ 56.24550080469453, 58.007262237852849 ], [ 56.245534644286259, 58.007262438472736 ], [ 56.245534266346944, 58.007280401003698 ], [ 56.245601945565653, 58.007280802216755 ], [ 56.245601567659783, 58.007298764747944 ], [ 56.245669246914197, 58.007299165925275 ], [ 56.24566773542179, 58.007371016050662 ], [ 56.245633895726556, 58.00737081546594 ], [ 56.245633139943742, 58.00740674052804 ], [ 56.245700819402437, 58.007407141689058 ], [ 56.245700441544237, 58.007425104220303 ], [ 56.245768121038637, 58.007425505345587 ], [ 56.245767743213889, 58.007443467877067 ], [ 56.245835422743994, 58.007443868966668 ], [ 56.245835044952685, 58.007461831498354 ], [ 56.245902724518494, 58.007462232552228 ], [ 56.24590234676063, 58.00748019508417 ], [ 56.24593618656116, 58.007480395597739 ], [ 56.245935808819787, 58.007498358129766 ], [ 56.246003488456104, 58.007498759130193 ], [ 56.246003110748184, 58.007516721662455 ], [ 56.246070790420198, 58.007517122627185 ], [ 56.246070412745716, 58.007535085159645 ], [ 56.246138092453442, 58.007535486088663 ], [ 56.246137714812406, 58.007553448621387 ], [ 56.24620539455583, 58.007553849514693 ], [ 56.246205016948238, 58.007571812047587 ], [ 56.246272696727367, 58.007572212905195 ], [ 56.246272319153221, 58.007590175438345 ], [ 56.246339998968061, 58.007590576260228 ], [ 56.246339621427353, 58.007608538793612 ], [ 56.246407301277891, 58.007608939579796 ], [ 56.246406923770635, 58.007626902113387 ], [ 56.246474603656885, 58.007627302863852 ], [ 56.246474226183061, 58.007645265397663 ], [ 56.246541906105008, 58.007645666112424 ], [ 56.246541528664636, 58.007663628646469 ], [ 56.246609208622296, 58.007664029325518 ], [ 56.246608831215362, 58.007681991859791 ], [ 56.246642671211816, 58.00768219218596 ], [ 56.246642293821381, 58.007700154720325 ], [ 56.246709973849541, 58.007700555345949 ], [ 56.246709596492551, 58.007718517880519 ], [ 56.246743436524255, 58.007718718179987 ], [ 56.246743813864299, 58.007700755645246 ], [ 56.246777653879512, 58.007700955935576 ], [ 56.246778408524342, 58.007665030865716 ], [ 56.24681224850611, 58.007665231146746 ], [ 56.246813003115236, 58.007629306076375 ], [ 56.246846843063565, 58.007629506348138 ], [ 56.246847597636993, 58.007593581277284 ] ] ] } },
{ "type": "Feature", "properties": { }, "geometry": { "type": "Polygon", "coordinates": [ [ [ 56.249383336406233, 58.007716351271164 ], [ 56.249417176456639, 58.007716550859676 ], [ 56.249417552457324, 58.007698588313943 ], [ 56.249383712423878, 58.007698388725551 ], [ 56.249383336406233, 58.007716351271164 ] ] ] } },
{ "type": "Feature", "properties": { }, "geometry": { "type": "Polygon", "coordinates": [ [ [ 56.244036235417575, 58.007702665792216 ], [ 56.244035856721233, 58.007720628315759 ], [ 56.244340416853554, 58.007722437085263 ], [ 56.244340795397363, 58.00770447456047 ], [ 56.244036235417575, 58.007702665792216 ] ] ] } },
{ "type": "Feature", "properties": { }, "geometry": { "type": "Polygon", "coordinates": [ [ [ 56.247182602736764, 58.007757246327017 ], [ 56.247182979857385, 58.007739283790599 ], [ 56.247149139802858, 58.007739083607973 ], [ 56.24714876266529, 58.007757046144256 ], [ 56.247114922594264, 58.0077568459525 ], [ 56.247114168283872, 58.007792771024626 ], [ 56.247080328179401, 58.00779257082359 ], [ 56.247079951006583, 58.007810533359425 ], [ 56.247350671990567, 58.007812134716929 ], [ 56.247351049027799, 58.007794172179985 ], [ 56.247317208920173, 58.007793972041917 ], [ 56.247317585973903, 58.007776009505037 ], [ 56.247249905793893, 58.007775609202206 ], [ 56.247250282881069, 58.007757646665574 ], [ 56.247182602736764, 58.007757246327017 ] ] ] } },
{ "type": "Feature", "properties": { }, "geometry": { "type": "Polygon", "coordinates": [ [ [ 56.249650297976721, 58.007897573191585 ], [ 56.249650673863279, 58.007879610645418 ], [ 56.249582993451554, 58.007879211582825 ], [ 56.249583369371557, 58.007861249036878 ], [ 56.249515688995537, 58.007860849938574 ], [ 56.249516064948992, 58.007842887392854 ], [ 56.249448384608669, 58.007842488258838 ], [ 56.249448760595563, 58.007824525713353 ], [ 56.249381080290938, 58.007824126543625 ], [ 56.249381456311284, 58.007806163998339 ], [ 56.249347616176593, 58.007805964400134 ], [ 56.249347240139301, 58.007823926945271 ], [ 56.249313399988118, 58.007823727337907 ], [ 56.249312647878284, 58.007859652427754 ], [ 56.249278807693649, 58.007859452811132 ], [ 56.249278055548125, 58.007895377900482 ], [ 56.249379576205058, 58.007895976724214 ], [ 56.249379200182467, 58.00791393926923 ], [ 56.249548401371115, 58.00791493712952 ], [ 56.249548025432816, 58.007932899675168 ], [ 56.249717226717465, 58.007933897311204 ], [ 56.24971685086345, 58.007951859857506 ], [ 56.24981837169048, 58.00795245833158 ], [ 56.249818747493649, 58.007934495784852 ], [ 56.249784907234471, 58.007934296302643 ], [ 56.249785283054131, 58.007916333756015 ], [ 56.249717602571017, 58.00791593476486 ], [ 56.24971797842413, 58.007897972218451 ], [ 56.249650297976721, 58.007897573191585 ] ] ] } },
{ "type": "Feature", "properties": { }, "geometry": { "type": "Polygon", "coordinates": [ [ [ 56.25062528285568, 58.008208718903923 ], [ 56.250659123380338, 58.008208918163291 ], [ 56.250659874151388, 58.008172993064363 ], [ 56.25062603366063, 58.008172793805286 ], [ 56.250626409062427, 58.008154831255872 ], [ 56.250558728116154, 58.008154432710988 ], [ 56.25055910355141, 58.008136470161823 ], [ 56.250491422640835, 58.008136071581234 ], [ 56.250491798109529, 58.008118109032267 ], [ 56.250525638547643, 58.008118308326921 ], [ 56.250526389449789, 58.008082383228576 ], [ 56.25056022985445, 58.008082582513964 ], [ 56.250560980720898, 58.008046657415129 ], [ 56.250594821092122, 58.00804685669123 ], [ 56.250595571922872, 58.008010931591933 ], [ 56.250629412260636, 58.008011130858769 ], [ 56.250630163055696, 58.00797520575896 ], [ 56.250664003360022, 58.007975405016531 ], [ 56.250665129498387, 58.007921517366036 ], [ 56.250597448991876, 58.007921118842738 ], [ 56.250597824404331, 58.007903156292734 ], [ 56.250530143933517, 58.007902757733738 ], [ 56.250530519379424, 58.007884795183955 ], [ 56.250462838944301, 58.007884396589247 ], [ 56.250463214423654, 58.007866434039691 ], [ 56.250395534024229, 58.007866035409258 ], [ 56.250395158510983, 58.007883997958523 ], [ 56.250361318295006, 58.007883798629678 ], [ 56.250360567233265, 58.007919723727795 ], [ 56.250326726983843, 58.007919524389663 ], [ 56.250327102531877, 58.007901561840761 ], [ 56.250259422068261, 58.007901163137802 ], [ 56.250259046486327, 58.007919125686435 ], [ 56.250292886734854, 58.007919325042543 ], [ 56.25029251116942, 58.007937287591226 ], [ 56.250326351435348, 58.007937486938488 ], [ 56.250325975886412, 58.007955449487284 ], [ 56.250359816169741, 58.0079556488257 ], [ 56.250359065104405, 58.00799157392337 ], [ 56.250325224787183, 58.007991374584698 ], [ 56.25032484923689, 58.008009337133331 ], [ 56.250291008903169, 58.008009137785528 ], [ 56.25029025776734, 58.008045062882339 ], [ 56.250256417400173, 58.008044863525242 ], [ 56.250256041814637, 58.008062826073449 ], [ 56.250289882198757, 58.00806302543068 ], [ 56.25028950662972, 58.008080987978943 ], [ 56.250323347031234, 58.008081187327313 ], [ 56.250321469264044, 58.008171000068636 ], [ 56.250355309750759, 58.008171199408707 ], [ 56.25035455867463, 58.00820712450512 ], [ 56.250388399195685, 58.008207323836487 ], [ 56.25038652158225, 58.008297136577305 ], [ 56.250420362188493, 58.008297335900366 ], [ 56.250419986681408, 58.008315298448501 ], [ 56.25048766792915, 58.00831569706785 ], [ 56.25048729245551, 58.008333659616234 ], [ 56.250521133097017, 58.008333858912565 ], [ 56.250521508553703, 58.008315896364046 ], [ 56.250555349178704, 58.00831609565121 ], [ 56.250556100056841, 58.008280170553746 ], [ 56.250589940648389, 58.008280369831652 ], [ 56.250590691490835, 58.008244444733712 ], [ 56.250624532048938, 58.00824464400236 ], [ 56.25062528285568, 58.008208718903923 ] ] ] } },
{ "type": "Feature", "properties": { }, "geometry": { "type": "Polygon", "coordinates": [ [ [ 56.24966759949173, 58.008688124695333 ], [ 56.249599917553724, 58.008687725638289 ], [ 56.249599541629955, 58.008705688181955 ], [ 56.249633382615684, 58.008705887715109 ], [ 56.249633006708414, 58.00872385025886 ], [ 56.249666847711545, 58.008724049783169 ], [ 56.249666471820774, 58.008742012327019 ], [ 56.249700312841298, 58.008742211842481 ], [ 56.249699561092314, 58.008778136930275 ], [ 56.249801084258294, 58.008778735423448 ], [ 56.249801835905586, 58.008742810334809 ], [ 56.249835676927916, 58.00874300981426 ], [ 56.249836052733933, 58.008725047269721 ], [ 56.249768370723629, 58.008724648302078 ], [ 56.249768746563099, 58.00870668575778 ], [ 56.249667223601861, 58.008706087239283 ], [ 56.24966759949173, 58.008688124695333 ] ] ] } },
{ "type": "Feature", "properties": { }, "geometry": { "type": "Polygon", "coordinates": [ [ [ 56.248603472691656, 58.009400436811703 ], [ 56.24860422555696, 58.00936451173645 ], [ 56.248638067156762, 58.00936471153566 ], [ 56.248638819986354, 58.009328786459925 ], [ 56.248672661552703, 58.009328986249876 ], [ 56.248673414346605, 58.009293061173651 ], [ 56.248707255879509, 58.00929326095433 ], [ 56.248708008637699, 58.009257335877614 ], [ 56.248741850137151, 58.009257535648999 ], [ 56.248742602859636, 58.009221610571799 ], [ 56.248776444325642, 58.009221810333941 ], [ 56.24877719701243, 58.009185885256215 ], [ 56.248811038444984, 58.00918608500907 ], [ 56.248811791096067, 58.00915015993089 ], [ 56.248845632495176, 58.00915035967445 ], [ 56.248846385110554, 58.009114434595801 ], [ 56.24888022647621, 58.009114634330096 ], [ 56.24888097905589, 58.009078709250922 ], [ 56.248914820388102, 58.009078908975951 ], [ 56.248915572932077, 58.0090429838963 ], [ 56.248949414230836, 58.009043183612057 ], [ 56.248950542992574, 58.008989295991782 ], [ 56.248984384240934, 58.008989495698103 ], [ 56.248985136712605, 58.008953570617386 ], [ 56.249018977927527, 58.008953770314456 ], [ 56.249019730363493, 58.008917845233242 ], [ 56.249053571544962, 58.008918044921039 ], [ 56.249054323945224, 58.008882119839328 ], [ 56.249088165093241, 58.008882319517838 ], [ 56.249088917457811, 58.008846394435643 ], [ 56.249122758572383, 58.008846594104888 ], [ 56.249123510901249, 58.008810669022203 ], [ 56.249157351982369, 58.008810868682176 ], [ 56.24915810427553, 58.008774943599015 ], [ 56.249191945323204, 58.008775143249707 ], [ 56.249192697580675, 58.008739218166056 ], [ 56.249226538594897, 58.008739417807462 ], [ 56.249227290816663, 58.008703492723313 ], [ 56.249261131797439, 58.008703692355475 ], [ 56.2492618839835, 58.008667767270829 ], [ 56.249295724930832, 58.008667966893704 ], [ 56.249296477081195, 58.008632041808575 ], [ 56.249330317995074, 58.008632241422156 ], [ 56.24933107010974, 58.008596316336558 ], [ 56.249364910990167, 58.008596515940866 ], [ 56.249365663069135, 58.008560590854771 ], [ 56.249399503916116, 58.00856079044982 ], [ 56.249400255959387, 58.008524865363249 ], [ 56.249434096772916, 58.008525064948998 ], [ 56.249434472776926, 58.00850710240551 ], [ 56.249366791184208, 58.008506703225258 ], [ 56.249366415146298, 58.008524665768469 ], [ 56.249298733521485, 58.008524266551966 ], [ 56.249298357449227, 58.008542229094886 ], [ 56.249264516620549, 58.00854202947297 ], [ 56.24926414053089, 58.008559992015677 ], [ 56.249230299685706, 58.008559792384645 ], [ 56.249229547471145, 58.008595717469625 ], [ 56.249195706592523, 58.00859551782932 ], [ 56.249194954342265, 58.008631442913817 ], [ 56.249161113430183, 58.00863124326424 ], [ 56.249160737287433, 58.008649205806286 ], [ 56.249126896358852, 58.00864900614755 ], [ 56.249126520198701, 58.008666968689411 ], [ 56.249058838309004, 58.008666569344719 ], [ 56.249058462114498, 58.008684531886196 ], [ 56.248990780192706, 58.008684132505259 ], [ 56.24899002773455, 58.008720057587553 ], [ 56.248956186740429, 58.008719857883293 ], [ 56.248955434246575, 58.008755782965117 ], [ 56.248921593219009, 58.008755583251585 ], [ 56.248920840689451, 58.008791508332898 ], [ 56.248886999628432, 58.008791308610107 ], [ 56.248886247063176, 58.008827233690937 ], [ 56.248852405968712, 58.008827033958859 ], [ 56.248851653367751, 58.008862959039213 ], [ 56.248817812239842, 58.008862759297863 ], [ 56.248817059603176, 58.008898684377712 ], [ 56.248783218441822, 58.008898484627096 ], [ 56.248782465769459, 58.008934409706463 ], [ 56.248748624574652, 58.00893420994656 ], [ 56.248747871866584, 58.008970135025443 ], [ 56.248714030638325, 58.00896993525626 ], [ 56.248712148775532, 58.009059747951873 ], [ 56.248678307462974, 58.009059548173013 ], [ 56.248676801896821, 58.009131398327987 ], [ 56.248642960516925, 58.009131198539578 ], [ 56.248642584107301, 58.009149161078057 ], [ 56.2486087427109, 58.009148961280488 ], [ 56.248608366283889, 58.009166923818761 ], [ 56.248574524870989, 58.009166724012083 ], [ 56.24857414842657, 58.009184686550164 ], [ 56.248540306997178, 58.009184486734341 ], [ 56.248539930535358, 58.00920244927223 ], [ 56.24850608908946, 58.00920224944727 ], [ 56.248505336130577, 58.00923817452265 ], [ 56.248471494651227, 58.009237974688418 ], [ 56.248470741656639, 58.009273899763279 ], [ 56.248436900143851, 58.009273699919774 ], [ 56.248436147113551, 58.009309624994167 ], [ 56.248402305567311, 58.009309425141382 ], [ 56.248401552501313, 58.009345350215277 ], [ 56.24836771092162, 58.009345150353191 ], [ 56.248366957819925, 58.00938107542661 ], [ 56.24833311620678, 58.00938087555528 ], [ 56.248332363069373, 58.009416800628202 ], [ 56.24829852142279, 58.009416600747571 ], [ 56.248297768249671, 58.009452525820024 ], [ 56.248331609930169, 58.009452725700932 ], [ 56.248331233359885, 58.009470688237208 ], [ 56.248398916756116, 58.009471087972287 ], [ 56.248398540219284, 58.00948905050879 ], [ 56.248466223651228, 58.009489450208143 ], [ 56.248465847147841, 58.009507412744881 ], [ 56.248499688881438, 58.009507612581217 ], [ 56.248500441853849, 58.009471687507428 ], [ 56.248534283554001, 58.009471887334477 ], [ 56.248535036490708, 58.009435962260198 ], [ 56.248568878157407, 58.009436162077975 ], [ 56.248569631058409, 58.009400237003192 ], [ 56.248603472691656, 58.009400436811703 ] ] ] } },
{ "type": "Feature", "properties": { }, "geometry": { "type": "Polygon", "coordinates": [ [ [ 56.246705322851824, 58.009532933915708 ], [ 56.24670494546568, 58.009550896445084 ], [ 56.246738787226647, 58.009551096749711 ], [ 56.246739164595851, 58.009533134220227 ], [ 56.246705322851824, 58.009532933915708 ] ] ] } },
{ "type": "Feature", "properties": { }, "geometry": { "type": "Polygon", "coordinates": [ [ [ 56.246189010902228, 58.009943066382398 ], [ 56.24618938855258, 58.009925103856297 ], [ 56.246290914884362, 58.00992570515686 ], [ 56.246291292483413, 58.00990774263029 ], [ 56.246358976672965, 58.009908143452073 ], [ 56.246359354237654, 58.009890180925154 ], [ 56.246393196316163, 58.0098903813224 ], [ 56.246393951410283, 58.009854456268151 ], [ 56.246427793455339, 58.009854656656138 ], [ 56.246428548513748, 58.009818731601378 ], [ 56.246462390525359, 58.009818931980085 ], [ 56.246463145548063, 58.009783006924842 ], [ 56.246496987526221, 58.009783207294277 ], [ 56.246497742513213, 58.00974728223855 ], [ 56.246531584457934, 58.009747482598712 ], [ 56.246531206981608, 58.009765445126739 ], [ 56.246565048943722, 58.009765645478033 ], [ 56.246565803862005, 58.009729720421639 ], [ 56.246599645790674, 58.009729920763661 ], [ 56.246600400673252, 58.00969399570679 ], [ 56.246634242568469, 58.009694196039518 ], [ 56.246634997415335, 58.009658270982165 ], [ 56.246668839277106, 58.009658471305627 ], [ 56.246669594088267, 58.009622546247783 ], [ 56.246703435916586, 58.009622746561952 ], [ 56.246704190692036, 58.009586821503632 ], [ 56.24673803248691, 58.009587021808557 ], [ 56.246738409857002, 58.009569059279144 ], [ 56.246704568079082, 58.009568858974376 ], [ 56.24670494546568, 58.009550896445084 ], [ 56.246671103705161, 58.009550696131456 ], [ 56.246670726301623, 58.009568658660598 ], [ 56.246569200971926, 58.009568057665305 ], [ 56.246569578426325, 58.009550095136568 ], [ 56.246434211394202, 58.009549293684074 ], [ 56.246433456349351, 58.009585218740405 ], [ 56.246399614558548, 58.009585018354514 ], [ 56.246399237018494, 58.009602980882448 ], [ 56.2463653952112, 58.009602780487413 ], [ 56.246364640095841, 58.009638705542876 ], [ 56.246330798255087, 58.009638505138568 ], [ 56.246330043104024, 58.009674430193535 ], [ 56.246262359356081, 58.00967402935737 ], [ 56.246261981745967, 58.009691991884495 ], [ 56.246228139855724, 58.009691791452767 ], [ 56.246227384600232, 58.009727716506603 ], [ 56.246193542676551, 58.009727516065603 ], [ 56.246192787385347, 58.009763441118913 ], [ 56.246158945428213, 58.009763240668647 ], [ 56.246158190101305, 58.009799165721518 ], [ 56.246124348110719, 58.009798965261957 ], [ 56.246123215066113, 58.009852852840389 ], [ 56.246055530984599, 58.009852451893465 ], [ 56.246055153268252, 58.00987041441924 ], [ 56.246021311211223, 58.009870213932146 ], [ 56.246020178008635, 58.009924101508695 ], [ 56.2459863359012, 58.009923901012179 ], [ 56.245985580396649, 58.009959826062676 ], [ 56.245951738255769, 58.009959625556881 ], [ 56.245950982715506, 58.009995550606909 ], [ 56.245984824890286, 58.00999575111296 ], [ 56.245985202643695, 58.009977788587847 ], [ 56.246052886960712, 58.009978189572706 ], [ 56.246053264679766, 58.009960227047252 ], [ 56.246120948964695, 58.009960627995852 ], [ 56.246121326649394, 58.009942665470078 ], [ 56.246189010902228, 58.009943066382398 ] ] ] } },
{ "type": "Feature", "properties": { }, "geometry": { "type": "Polygon", "coordinates": [ [ [ 56.25099534795465, 58.009935514069099 ], [ 56.251029190111872, 58.009935713233766 ], [ 56.251029565337376, 58.00991775068772 ], [ 56.2510634074781, 58.009917949843249 ], [ 56.251063782686202, 58.009899987297011 ], [ 56.25109762481042, 58.009900186443396 ], [ 56.251098000001122, 58.009882223896973 ], [ 56.251064157893865, 58.009882024750716 ], [ 56.251064533101065, 58.009864062204372 ], [ 56.250996848921787, 58.009863663885177 ], [ 56.250997224162447, 58.009845701339053 ], [ 56.250963382090433, 58.009845502166087 ], [ 56.250962631574758, 58.009881427258001 ], [ 56.250928789469292, 58.009881228075749 ], [ 56.250928414193829, 58.009899190621482 ], [ 56.250894572071857, 58.009898991430113 ], [ 56.25089382148569, 58.009934916521125 ], [ 56.250859979330272, 58.009934717320498 ], [ 56.2508592287084, 58.009970642411034 ], [ 56.250757702143133, 58.009970044754276 ], [ 56.250756951417763, 58.010005969843768 ], [ 56.250790793639638, 58.010006169071964 ], [ 56.2507911689856, 58.009988206527098 ], [ 56.250892695603071, 58.009988804157295 ], [ 56.250893070897725, 58.009970841611967 ], [ 56.250926913087497, 58.00997104080389 ], [ 56.250927288364757, 58.009953078258356 ], [ 56.250994972711744, 58.00995347661496 ], [ 56.25099534795465, 58.009935514069099 ] ] ] } },
{ "type": "Feature", "properties": { }, "geometry": { "type": "Polygon", "coordinates": [ [ [ 56.250756951417763, 58.010005969843768 ], [ 56.250723109196336, 58.010005770606568 ], [ 56.250722733816026, 58.010023733151094 ], [ 56.250756576054407, 58.010023932388442 ], [ 56.250756951417763, 58.010005969843768 ] ] ] } },
{ "type": "Feature", "properties": { }, "geometry": { "type": "Polygon", "coordinates": [ [ [ 56.250312573193078, 58.013452585060527 ], [ 56.25031219755688, 58.013470547593577 ], [ 56.250346043045681, 58.013470746947448 ], [ 56.250346418664918, 58.013452784414277 ], [ 56.250312573193078, 58.013452585060527 ] ] ] } },
{ "type": "Feature", "properties": { }, "geometry": { "type": "Polygon", "coordinates": [ [ [ 56.254672606592756, 58.005627596842402 ], [ 56.254672233254396, 58.005645559415534 ], [ 56.25473990952915, 58.005645955762255 ], [ 56.254741029441192, 58.00559206804185 ], [ 56.254673353268124, 58.005591671695974 ], [ 56.25467297993066, 58.005609634269213 ], [ 56.254639141827852, 58.005609436082629 ], [ 56.254638768472994, 58.00562739865569 ], [ 56.254672606592756, 58.005627596842402 ] ] ] } },
{ "type": "Feature", "properties": { }, "geometry": { "type": "Polygon", "coordinates": [ [ [ 56.252774678264359, 58.005760185053774 ], [ 56.252775426844835, 58.005724259923582 ], [ 56.252741588648469, 58.00572406123225 ], [ 56.25274233726104, 58.005688136102137 ], [ 56.252708499099022, 58.005687937402058 ], [ 56.252709247743688, 58.005652012272016 ], [ 56.25267540961601, 58.005651813563226 ], [ 56.252676158292772, 58.005615888433255 ], [ 56.252642320199435, 58.005615689715732 ], [ 56.252643068908299, 58.005579764585832 ], [ 56.252609230849302, 58.005579565859584 ], [ 56.252609605220002, 58.005561603294694 ], [ 56.252575767178399, 58.005561404559607 ], [ 56.252575392790746, 58.005579367124369 ], [ 56.252541554732638, 58.005579168380137 ], [ 56.252540805922095, 58.005615093509221 ], [ 56.252506967830548, 58.00561489475573 ], [ 56.252506218984323, 58.00565081988433 ], [ 56.252472380859331, 58.005650621121561 ], [ 56.252471631977421, 58.005686546249663 ], [ 56.252437793818984, 58.005686347477642 ], [ 56.252437044901392, 58.005722272605276 ], [ 56.252403206709516, 58.005722073823939 ], [ 56.252402832233095, 58.005740036387536 ], [ 56.252470508651193, 58.00574043394144 ], [ 56.252470134208217, 58.005758396505264 ], [ 56.252537810662005, 58.005758794023464 ], [ 56.252537436252467, 58.005776756587508 ], [ 56.252605112741939, 58.005777154069989 ], [ 56.252604738365854, 58.005795116634268 ], [ 56.252672414891002, 58.005795514081036 ], [ 56.252672040548362, 58.005813476645521 ], [ 56.252739717109201, 58.005813874056592 ], [ 56.252739342800005, 58.005831836621304 ], [ 56.252807019396528, 58.005832233996664 ], [ 56.252806645120778, 58.005850196561596 ], [ 56.252874321752984, 58.005850593901243 ], [ 56.252874695994841, 58.00583263133602 ], [ 56.25284085769546, 58.005832432670843 ], [ 56.252841606211739, 58.005796507540538 ], [ 56.252807767946692, 58.005796308866628 ], [ 56.252808516495065, 58.005760383736387 ], [ 56.252774678264359, 58.005760185053774 ] ] ] } },
{ "type": "Feature", "properties": { }, "geometry": { "type": "Polygon", "coordinates": [ [ [ 56.252690156744478, 58.006568103022438 ], [ 56.252692028462619, 58.006478290209834 ], [ 56.252658189555412, 58.006478091494706 ], [ 56.252659686989645, 58.006406241244214 ], [ 56.252625848150664, 58.006406042520638 ], [ 56.252626222525045, 58.006388079957993 ], [ 56.252660061347079, 58.006388278681442 ], [ 56.252661184416702, 58.006334390992862 ], [ 56.252695023188345, 58.006334589706896 ], [ 56.252696146203093, 58.006280702017428 ], [ 56.252729984924336, 58.006280900722061 ], [ 56.252730359244744, 58.006262938158656 ], [ 56.252764197949489, 58.006263136854137 ], [ 56.252766818061161, 58.00613739890791 ], [ 56.252732979475034, 58.006137200213395 ], [ 56.252733728108225, 58.006101275085697 ], [ 56.252699889556446, 58.006101076382464 ], [ 56.252700263889317, 58.006083113818683 ], [ 56.252666425354924, 58.006082915106568 ], [ 56.252667174053215, 58.006046989979112 ], [ 56.252633335553163, 58.006046791258314 ], [ 56.252633709918584, 58.006028828694639 ], [ 56.252599871435933, 58.006028629964959 ], [ 56.252600245817845, 58.006010667401362 ], [ 56.252566407352589, 58.006010468662829 ], [ 56.252566781751, 58.005992506099332 ], [ 56.252532943303137, 58.005992307351946 ], [ 56.252533317718047, 58.005974344788527 ], [ 56.252499479287579, 58.005974146032266 ], [ 56.252499853718987, 58.005956183468939 ], [ 56.252466015305913, 58.005955984703832 ], [ 56.25246638975382, 58.00593802214059 ], [ 56.252398712962915, 58.005937624583645 ], [ 56.252396091580898, 58.006063362523307 ], [ 56.252057706467021, 58.00606137418913 ], [ 56.252057331812622, 58.006079336750346 ], [ 56.252023493286757, 58.00607913786731 ], [ 56.252023118614957, 58.006097100428349 ], [ 56.2519892800726, 58.006096901536175 ], [ 56.251988905383406, 58.006114864097 ], [ 56.251955066824543, 58.006114665195682 ], [ 56.251949446178628, 58.006384103599856 ], [ 56.251915607366016, 58.006383904687475 ], [ 56.25191448317387, 58.006437792366498 ], [ 56.251948322037322, 58.006437991279292 ], [ 56.251947947322662, 58.00645595383898 ], [ 56.251981786203508, 58.006456152742906 ], [ 56.251981036806733, 58.006492077862426 ], [ 56.252048714637553, 58.00649247564386 ], [ 56.252048339972383, 58.006510438203804 ], [ 56.252082178905411, 58.006510637081171 ], [ 56.252081804256747, 58.0065285996412 ], [ 56.252149482158046, 58.006528997369195 ], [ 56.25214910754282, 58.006546959929452 ], [ 56.252250624448983, 58.006547556454379 ], [ 56.252250249884149, 58.006565519015012 ], [ 56.252317927857732, 58.006565916653592 ], [ 56.252317553326336, 58.006583879214425 ], [ 56.252419070340906, 58.006584475605223 ], [ 56.252418695859916, 58.006602438166425 ], [ 56.25255405195341, 58.006603233228759 ], [ 56.252553677539744, 58.006621195790473 ], [ 56.252655194665415, 58.006621791993169 ], [ 56.252655569028235, 58.006603829431036 ], [ 56.252689408054081, 58.00660402814713 ], [ 56.2526897823995, 58.00658606558482 ], [ 56.252723621408848, 58.006586264291784 ], [ 56.252723995736865, 58.006568301729267 ], [ 56.252690156744478, 58.006568103022438 ] ] ] } },
{ "type": "Feature", "properties": { }, "geometry": { "type": "Polygon", "coordinates": [ [ [ 56.25298834635953, 58.006875254634167 ], [ 56.253022185644063, 58.00687545326236 ], [ 56.253022559826739, 58.00685749069946 ], [ 56.252988720559159, 58.006857292071402 ], [ 56.25298834635953, 58.006875254634167 ] ] ] } },
{ "type": "Feature", "properties": { }, "geometry": { "type": "Polygon", "coordinates": [ [ [ 56.253157168671322, 58.006894210248568 ], [ 56.253089490065236, 58.006893813054887 ], [ 56.253089864214466, 58.00687585049176 ], [ 56.253022185644063, 58.00687545326236 ], [ 56.25302181146094, 58.006893415825203 ], [ 56.25305565076286, 58.00689361444455 ], [ 56.253055276596236, 58.006911577007457 ], [ 56.253089115915557, 58.006911775617958 ], [ 56.253088741765438, 58.006929738180965 ], [ 56.253156420439318, 58.0069301353752 ], [ 56.253157168671322, 58.006894210248568 ] ] ] } },
{ "type": "Feature", "properties": { }, "geometry": { "type": "Polygon", "coordinates": [ [ [ 56.253694485269037, 58.007094974720715 ], [ 56.253694111419485, 58.007112937285683 ], [ 56.253727950933737, 58.007113135726726 ], [ 56.253728324766335, 58.007095173161602 ], [ 56.253694485269037, 58.007094974720715 ] ] ] } },
{ "type": "Feature", "properties": { }, "geometry": { "type": "Polygon", "coordinates": [ [ [ 56.253829095696972, 58.007131693561355 ], [ 56.253829469479179, 58.00711373099589 ], [ 56.253761790448436, 58.007113334158781 ], [ 56.253761416632329, 58.007131296723983 ], [ 56.253829095696972, 58.007131693561355 ] ] ] } },
{ "type": "Feature", "properties": { }, "geometry": { "type": "Polygon", "coordinates": [ [ [ 56.253759173726309, 58.007239072114039 ], [ 56.253758799907075, 58.007257034678886 ], [ 56.253792639557801, 58.007257233103054 ], [ 56.25379226575506, 58.007275195667972 ], [ 56.253758426087387, 58.007274997243677 ], [ 56.253757678446675, 58.007310922373065 ], [ 56.253723838745543, 58.007310723939504 ], [ 56.253723091069148, 58.00734664906841 ], [ 56.253689251334578, 58.007346450625562 ], [ 56.253688503622492, 58.007382375753984 ], [ 56.253654663854469, 58.007382177301878 ], [ 56.253653916106693, 58.00741810242981 ], [ 56.253620076305232, 58.007417903968431 ], [ 56.253619328521765, 58.007453829095887 ], [ 56.253585488686852, 58.007453630625228 ], [ 56.253584740867709, 58.007489555752201 ], [ 56.253550900999343, 58.00748935727227 ], [ 56.253551274926089, 58.007471394708936 ], [ 56.253483595224601, 58.007470997722372 ], [ 56.253483969184792, 58.007453035159287 ], [ 56.253416289518995, 58.007452638136982 ], [ 56.253416663512638, 58.00743467557411 ], [ 56.253348983882525, 58.007434278516108 ], [ 56.253349357909613, 58.007416315953471 ], [ 56.25328167831519, 58.007415918859763 ], [ 56.253281304254202, 58.007433881422124 ], [ 56.253247464440719, 58.007433682861624 ], [ 56.253245594044337, 58.007523495672046 ], [ 56.253211754146555, 58.007523297101841 ], [ 56.253211380048981, 58.007541259663654 ], [ 56.253279059878885, 58.007541656795283 ], [ 56.253278685814763, 58.007559619357295 ], [ 56.253346365680358, 58.007560016453212 ], [ 56.253345991649681, 58.00757797901543 ], [ 56.253413671550966, 58.007578376075635 ], [ 56.253413297553735, 58.007596338638088 ], [ 56.253514817459859, 58.007596934161342 ], [ 56.253515565352174, 58.007561009035555 ], [ 56.253549405287878, 58.007561207525043 ], [ 56.253549031358894, 58.007579170088086 ], [ 56.253616711265551, 58.007579567040302 ], [ 56.253616337370012, 58.007597529603608 ], [ 56.253684017312359, 58.007597926520141 ], [ 56.253683643450266, 58.007615889083645 ], [ 56.253717483439054, 58.007616087528525 ], [ 56.253718231128886, 58.007580162401197 ], [ 56.253752071084229, 58.007580360836833 ], [ 56.253752818738377, 58.007544435709022 ], [ 56.253786658660268, 58.007544634135378 ], [ 56.253787406278732, 58.007508709007062 ], [ 56.253821246167171, 58.007508907424146 ], [ 56.253821993749945, 58.007472982295369 ], [ 56.253855833604945, 58.007473180703165 ], [ 56.253856581152029, 58.00743725557389 ], [ 56.253890420973583, 58.007437453972436 ], [ 56.253891168484977, 58.007401528842678 ], [ 56.253925008273079, 58.00740172723193 ], [ 56.253925755748789, 58.007365802101688 ], [ 56.253959595503446, 58.007366000481689 ], [ 56.253960342943472, 58.007330075350957 ], [ 56.25399418266467, 58.007330273721685 ], [ 56.25399493006902, 58.007294348590463 ], [ 56.254028769756772, 58.007294546951925 ], [ 56.254029517125424, 58.007258621820199 ], [ 56.254063356779739, 58.007258820172389 ], [ 56.254064104112707, 58.007222895040201 ], [ 56.254097943733562, 58.007223093383097 ], [ 56.254098691030855, 58.007187168250439 ], [ 56.254031011857364, 58.007186771556178 ], [ 56.254031385539236, 58.007168808990016 ], [ 56.253963706401436, 58.00716841226005 ], [ 56.253964080116745, 58.007150449694144 ], [ 56.253896401014636, 58.007150052928459 ], [ 56.253896774763398, 58.007132090362752 ], [ 56.253829095696972, 58.007131693561355 ], [ 56.253828721914317, 58.007149656126778 ], [ 56.253862561464253, 58.007149854532109 ], [ 56.253861440164435, 58.007203742228477 ], [ 56.253827600563653, 58.007203543822719 ], [ 56.253827226779208, 58.00722150638795 ], [ 56.253793387161927, 58.007221307973055 ], [ 56.253793013360088, 58.007239270538072 ], [ 56.253759173726309, 58.007239072114039 ] ] ] } },
{ "type": "Feature", "properties": { }, "geometry": { "type": "Polygon", "coordinates": [ [ [ 56.251234787465854, 58.008194341644014 ], [ 56.251235537659753, 58.008158416540283 ], [ 56.25126937814165, 58.008158615637285 ], [ 56.251270128299851, 58.008122690533071 ], [ 56.251303968748303, 58.008122889620793 ], [ 56.251304718870813, 58.008086964516075 ], [ 56.251338559285813, 58.008087163594524 ], [ 56.251339309372625, 58.008051238489344 ], [ 56.25137314975418, 58.008051437558521 ], [ 56.251373899805301, 58.008015512452843 ], [ 56.251407740153411, 58.008015711512762 ], [ 56.251408490168835, 58.007979786406572 ], [ 56.251442330483492, 58.007979985457197 ], [ 56.251443080463225, 58.00794406035056 ], [ 56.25147692074443, 58.00794425939192 ], [ 56.25147767068848, 58.007908334284771 ], [ 56.25151151093624, 58.007908533316865 ], [ 56.251512260844585, 58.00787260820924 ], [ 56.251546101058899, 58.007872807232054 ], [ 56.251546850931554, 58.007836882123954 ], [ 56.251580691112423, 58.007837081137481 ], [ 56.251581815867191, 58.007783193474509 ], [ 56.251615655997661, 58.007783392478636 ], [ 56.251616405798032, 58.007747467369448 ], [ 56.251650245895057, 58.007747666364295 ], [ 56.25165099565973, 58.007711741254617 ], [ 56.25168483572331, 58.007711940240192 ], [ 56.2516855854523, 58.007676015130023 ], [ 56.251719425482428, 58.007676214106333 ], [ 56.251720175175713, 58.007640288995681 ], [ 56.251754015172402, 58.007640487962718 ], [ 56.251754764830004, 58.00760456285159 ], [ 56.251788604793241, 58.007604761809326 ], [ 56.251789354415152, 58.0075688366977 ], [ 56.251823194344936, 58.007569035646192 ], [ 56.25182394393115, 58.007533110534091 ], [ 56.251857783827496, 58.007533309473295 ], [ 56.251858533378019, 58.00749738436069 ], [ 56.251892373240914, 58.007497583290629 ], [ 56.251892747998554, 58.007479620734138 ], [ 56.25175738861747, 58.00747882496097 ], [ 56.25175701379203, 58.007496787516921 ], [ 56.251655494210084, 58.007496190592185 ], [ 56.251654744456182, 58.007532115703114 ], [ 56.251620904562536, 58.007531916709929 ], [ 56.251618655188366, 58.007639692040627 ], [ 56.251584815193475, 58.007639493037622 ], [ 56.251583690449486, 58.007693380701852 ], [ 56.251549850404203, 58.007693181689419 ], [ 56.251549100538739, 58.007729106798365 ], [ 56.25151526046001, 58.007728907776666 ], [ 56.251514885509657, 58.007746870330941 ], [ 56.251481045414423, 58.007746671300104 ], [ 56.251480670446668, 58.007764633854158 ], [ 56.251514510558849, 58.00776483288513 ], [ 56.251513760655889, 58.007800757993373 ], [ 56.251479920509816, 58.007800558962138 ], [ 56.251478795601166, 58.007854446623696 ], [ 56.251411115208676, 58.007854048533375 ], [ 56.251411490212568, 58.007836085979854 ], [ 56.251343809855776, 58.007835687853834 ], [ 56.251344184893121, 58.007817725300534 ], [ 56.251276504572019, 58.007817327138788 ], [ 56.251276879642809, 58.007799364585715 ], [ 56.251209199357397, 58.007798966388258 ], [ 56.251208824252714, 58.007816928941061 ], [ 56.251174984093737, 58.007816729828697 ], [ 56.251173858726133, 58.007870617486361 ], [ 56.251241539146235, 58.007871015702932 ], [ 56.251241164056694, 58.007888978255643 ], [ 56.251275004284366, 58.007889177350584 ], [ 56.251274254137847, 58.007925102456156 ], [ 56.251240413876282, 58.007924903360951 ], [ 56.25124003878539, 58.007942865913513 ], [ 56.251206198507326, 58.007942666809186 ], [ 56.25120582339904, 58.007960629361591 ], [ 56.251171983104477, 58.007960430248112 ], [ 56.251171607978804, 58.007978392800297 ], [ 56.251137767667736, 58.007978193677701 ], [ 56.251137392524662, 58.007996156229709 ], [ 56.251069711869981, 58.007995757957211 ], [ 56.251069336692559, 58.008013720508885 ], [ 56.251035496348941, 58.008013521359018 ], [ 56.251035121154125, 58.0080314839105 ], [ 56.250967440434351, 58.008031085583504 ], [ 56.250966689975563, 58.008067010685743 ], [ 56.250932849582455, 58.008066811508471 ], [ 56.250932099087976, 58.008102736610233 ], [ 56.250898258661415, 58.008102537423689 ], [ 56.250897508131246, 58.008138462524947 ], [ 56.250965189052607, 58.008138860889609 ], [ 56.250964438588426, 58.008174785991244 ], [ 56.250930598093625, 58.008174586813141 ], [ 56.250929847593753, 58.008210511914271 ], [ 56.250896007065506, 58.008210312726881 ], [ 56.250895256529937, 58.008246237827521 ], [ 56.250962937654684, 58.008246636193839 ], [ 56.250962562420121, 58.008264598744368 ], [ 56.251030243580566, 58.008264997074974 ], [ 56.251029868379455, 58.008282959625703 ], [ 56.25109754957559, 58.00828335792059 ], [ 56.251097174407931, 58.00830132047156 ], [ 56.251131015023617, 58.008301519605645 ], [ 56.251131765324594, 58.008265594503406 ], [ 56.251165605906834, 58.008265793628205 ], [ 56.251166356172128, 58.008229868525454 ], [ 56.251200196720916, 58.008230067641001 ], [ 56.251200946950505, 58.008194142537768 ], [ 56.251234787465854, 58.008194341644014 ] ] ] } },
{ "type": "Feature", "properties": { }, "geometry": { "type": "Polygon", "coordinates": [ [ [ 56.253438161860977, 58.008027638641224 ], [ 56.253438909842579, 58.007991713518528 ], [ 56.253472750184152, 58.007991912029311 ], [ 56.25347349813007, 58.007955986906126 ], [ 56.25350733843819, 58.007956185407615 ], [ 56.253507712393528, 58.007938222845802 ], [ 56.253440031811635, 58.007937825834077 ], [ 56.253440405800418, 58.007919863272484 ], [ 56.253372725254209, 58.00791946622504 ], [ 56.253373099276452, 58.007901503663668 ], [ 56.253305418765926, 58.007901106580512 ], [ 56.253305792821614, 58.007883144019367 ], [ 56.253271952583979, 58.007882945464431 ], [ 56.253271578511338, 58.007900908025434 ], [ 56.253237738257205, 58.007900709461367 ], [ 56.253236990076694, 58.007936634582947 ], [ 56.253203149789108, 58.007936436009608 ], [ 56.253202775681231, 58.00795439857017 ], [ 56.253135095073503, 58.007954001396207 ], [ 56.25313546921528, 58.007936038835908 ], [ 56.253067788643236, 58.007935641626226 ], [ 56.253068162818451, 58.007917679066161 ], [ 56.253000482282104, 58.007917281820767 ], [ 56.253000856490772, 58.007899319260929 ], [ 56.252933175990108, 58.007898921979816 ], [ 56.252932801747548, 58.007916884539391 ], [ 56.252966642014606, 58.00791708318458 ], [ 56.252966267788537, 58.007935045744247 ], [ 56.253000108072989, 58.007935244380576 ], [ 56.252999359653408, 58.007971169500024 ], [ 56.253033199972208, 58.007971368127627 ], [ 56.253032077390323, 58.008025255806807 ], [ 56.253065917760416, 58.008025454425827 ], [ 56.253065169404145, 58.008061379545296 ], [ 56.253099009808587, 58.008061578155605 ], [ 56.253098635646722, 58.008079540715393 ], [ 56.253132476068558, 58.008079739316834 ], [ 56.2531321019232, 58.0080977018767 ], [ 56.253165942362436, 58.008097900469274 ], [ 56.253165568233577, 58.008115863029268 ], [ 56.253233249147272, 58.008116260187705 ], [ 56.253232875051872, 58.008134222747891 ], [ 56.253334396476625, 58.00813481841849 ], [ 56.253335144565298, 58.00809889329723 ], [ 56.253368985007214, 58.008099091835824 ], [ 56.253369733060197, 58.008063166714095 ], [ 56.253403573468667, 58.008063365243402 ], [ 56.253404321485959, 58.008027440121175 ], [ 56.253438161860977, 58.008027638641224 ] ] ] } },
{ "type": "Feature", "properties": { }, "geometry": { "type": "Polygon", "coordinates": [ [ [ 56.254450385443072, 58.00817729058074 ], [ 56.254450011956472, 58.008195253145722 ], [ 56.254416171415485, 58.008195054894358 ], [ 56.254415424407057, 58.008230980023896 ], [ 56.254381583832618, 58.00823078176326 ], [ 56.254380836788499, 58.008266706892314 ], [ 56.254414677396838, 58.008266905153214 ], [ 56.254415050902175, 58.008248942588587 ], [ 56.254448891494, 58.00824914084037 ], [ 56.254449638469431, 58.008213215710647 ], [ 56.254483479027812, 58.008213413953158 ], [ 56.254484225967552, 58.008177488822973 ], [ 56.254450385443072, 58.00817729058074 ] ] ] } },
{ "type": "Feature", "properties": { }, "geometry": { "type": "Polygon", "coordinates": [ [ [ 56.254346249100813, 58.008302433750949 ], [ 56.25438008974259, 58.008302632021156 ], [ 56.254380836788499, 58.008266706892314 ], [ 56.254346996180615, 58.008266508622391 ], [ 56.254346249100813, 58.008302433750949 ] ] ] } },
{ "type": "Feature", "properties": { }, "geometry": { "type": "Polygon", "coordinates": [ [ [ 56.253805172704439, 58.008281297642263 ], [ 56.253771332087211, 58.008281099219261 ], [ 56.253772079742383, 58.008245174095279 ], [ 56.253738239159496, 58.008244975663537 ], [ 56.253737865315195, 58.008262938225414 ], [ 56.253704024715809, 58.00826273978457 ], [ 56.253703650854099, 58.008280702346262 ], [ 56.253669810238215, 58.008280503896252 ], [ 56.253669436359111, 58.008298466457759 ], [ 56.253635595726728, 58.008298267998633 ], [ 56.253635221830223, 58.008316230559949 ], [ 56.25360138118134, 58.00831603209167 ], [ 56.253601007267442, 58.008333994652794 ], [ 56.253567166602053, 58.008333796175393 ], [ 56.25356679267076, 58.008351758736332 ], [ 56.253600633353102, 58.008351957213883 ], [ 56.253600259438308, 58.008369919774879 ], [ 56.253701781538844, 58.008370515153921 ], [ 56.253702155402792, 58.008352552592498 ], [ 56.253735996086924, 58.008352751034074 ], [ 56.253736369933463, 58.008334788472439 ], [ 56.25377021060109, 58.008334986904842 ], [ 56.253770584430242, 58.00831702434305 ], [ 56.25380442508137, 58.008317222766337 ], [ 56.253805172704439, 58.008281297642263 ] ] ] } },
{ "type": "Feature", "properties": { }, "geometry": { "type": "Polygon", "coordinates": [ [ [ 56.254312408459477, 58.008302235471774 ], [ 56.254311661343976, 58.008338160599855 ], [ 56.254345502019213, 58.008338358879321 ], [ 56.254346249100813, 58.008302433750949 ], [ 56.254312408459477, 58.008302235471774 ] ] ] } },
{ "type": "Feature", "properties": { }, "geometry": { "type": "Polygon", "coordinates": [ [ [ 56.254582760180753, 58.008321784018491 ], [ 56.254582386758379, 58.008339746583601 ], [ 56.254616227437189, 58.008339944791075 ], [ 56.254616600842617, 58.008321982225837 ], [ 56.254582760180753, 58.008321784018491 ] ] ] } },
{ "type": "Feature", "properties": { }, "geometry": { "type": "Polygon", "coordinates": [ [ [ 56.254548172640241, 58.008357510932051 ], [ 56.254547799200019, 58.008375473496926 ], [ 56.254581639912281, 58.008375671713672 ], [ 56.254582013335551, 58.008357709148669 ], [ 56.254548172640241, 58.008357510932051 ] ] ] } },
{ "type": "Feature", "properties": { }, "geometry": { "type": "Polygon", "coordinates": [ [ [ 56.25400597415279, 58.008390263367851 ], [ 56.254039814874844, 58.008390461728709 ], [ 56.254040188569753, 58.008372499165951 ], [ 56.254006347864646, 58.008372300805227 ], [ 56.25400597415279, 58.008390263367851 ] ] ] } },
{ "type": "Feature", "properties": { }, "geometry": { "type": "Polygon", "coordinates": [ [ [ 56.254513211572515, 58.008411200400474 ], [ 56.25454705231823, 58.008411398626492 ], [ 56.254547425759341, 58.008393436061745 ], [ 56.25451358503058, 58.008393237835875 ], [ 56.254513211572515, 58.008411200400474 ] ] ] } },
{ "type": "Feature", "properties": { }, "geometry": { "type": "Polygon", "coordinates": [ [ [ 56.254478997351789, 58.008428964729902 ], [ 56.254478623875876, 58.008446927294287 ], [ 56.254512464655043, 58.008447125529578 ], [ 56.254512838113996, 58.008429162965072 ], [ 56.254478997351789, 58.008428964729902 ] ] ] } },
{ "type": "Feature", "properties": { }, "geometry": { "type": "Polygon", "coordinates": [ [ [ 56.252204924227797, 58.008738988462547 ], [ 56.252205298846917, 58.008721025908287 ], [ 56.252239139867257, 58.008721224748641 ], [ 56.252239514468982, 58.008703262194167 ], [ 56.252273355472816, 58.008703461025377 ], [ 56.252273730057141, 58.008685498470747 ], [ 56.252307571044469, 58.008685697292805 ], [ 56.252307945611399, 58.008667734737969 ], [ 56.252341786582235, 58.008667933550889 ], [ 56.252342161131764, 58.008649970995855 ], [ 56.252274479224447, 58.008649573361268 ], [ 56.252274853807421, 58.008631610806482 ], [ 56.25224101287138, 58.00863141197582 ], [ 56.25224138747086, 58.008613449421105 ], [ 56.252173705634029, 58.008613051733072 ], [ 56.252174080266954, 58.008595089178606 ], [ 56.252140239366163, 58.008594890321213 ], [ 56.252141363313108, 58.00854100265785 ], [ 56.252107522463611, 58.008540803791888 ], [ 56.252107897128639, 58.008522841237465 ], [ 56.25200637463368, 58.008522244586018 ], [ 56.252005999917806, 58.00854020714003 ], [ 56.251904477376037, 58.008539610407212 ], [ 56.251904852142772, 58.008521647853605 ], [ 56.2518371704844, 58.008521249987012 ], [ 56.251839044480796, 58.008431437219613 ], [ 56.251872885225005, 58.008431636156722 ], [ 56.25187363478652, 58.008395711049111 ], [ 56.251907475497291, 58.008395909976954 ], [ 56.251908225023108, 58.008359984868861 ], [ 56.251942065700426, 58.008360183787417 ], [ 56.251942815190553, 58.008324258678847 ], [ 56.251976655834426, 58.008324457588124 ], [ 56.251977405288855, 58.008288532479078 ], [ 56.252011245899283, 58.008288731379075 ], [ 56.252011995318021, 58.008252806269532 ], [ 56.25204583589499, 58.008253005160277 ], [ 56.252046210586741, 58.008235042605286 ], [ 56.252012370026719, 58.008234843714675 ], [ 56.252012744734969, 58.008216881159775 ], [ 56.251945063650176, 58.008216483351859 ], [ 56.251945438391878, 58.008198520797173 ], [ 56.251877757342768, 58.008198122953544 ], [ 56.251878132117916, 58.008180160399085 ], [ 56.251810451104511, 58.008179762519731 ], [ 56.251810825913104, 58.008161799965492 ], [ 56.251709304447196, 58.008161203079418 ], [ 56.25170855472787, 58.008197128187 ], [ 56.251674714206231, 58.008196929206719 ], [ 56.251673964451207, 58.008232854313803 ], [ 56.251640123896124, 58.008232655324235 ], [ 56.251639374105402, 58.008268580430851 ], [ 56.251605533516873, 58.008268381432003 ], [ 56.25160478369046, 58.008304306538122 ], [ 56.251570943068479, 58.00830410753003 ], [ 56.251570193206376, 58.008340032635651 ], [ 56.251536352550943, 58.008339833618258 ], [ 56.251535602653142, 58.00837575872341 ], [ 56.251501761964271, 58.008375559696738 ], [ 56.251501386997745, 58.008393522249115 ], [ 56.251467546292368, 58.008393323213312 ], [ 56.251466796324074, 58.008429248317583 ], [ 56.251432955585251, 58.008429049272522 ], [ 56.251432205581267, 58.008464974376309 ], [ 56.251398364808992, 58.008464775321954 ], [ 56.25139761476931, 58.00850070042528 ], [ 56.25136377396359, 58.008500501361652 ], [ 56.25136302388821, 58.008536426464474 ], [ 56.251329183049037, 58.008536227391588 ], [ 56.251328432937974, 58.008572152493912 ], [ 56.25136227381104, 58.008572351567096 ], [ 56.251361898771776, 58.008590314118322 ], [ 56.251395739662243, 58.008590513182668 ], [ 56.251395364639485, 58.008608475733972 ], [ 56.251463046455676, 58.008608873835882 ], [ 56.251462671466363, 58.008626836387414 ], [ 56.25149651239208, 58.008627035425036 ], [ 56.251496137419267, 58.008644997976639 ], [ 56.25163150119441, 58.008645794037619 ], [ 56.251631126288949, 58.008663756589748 ], [ 56.251901853996387, 58.008665348280921 ], [ 56.251900729684081, 58.008719235940333 ], [ 56.251934570700378, 58.008719434861632 ], [ 56.25193344643489, 58.008773322520945 ], [ 56.252001128570534, 58.008773720337416 ], [ 56.252000753848364, 58.008791682890696 ], [ 56.252102277106033, 58.008792279548352 ], [ 56.252102651777356, 58.008774316994653 ], [ 56.252136492847185, 58.008774515862385 ], [ 56.2521368675011, 58.008756553308523 ], [ 56.252170708554445, 58.008756752167137 ], [ 56.252171083190959, 58.008738789613083 ], [ 56.252204924227797, 58.008738988462547 ] ] ] } },
{ "type": "Feature", "properties": { }, "geometry": { "type": "Polygon", "coordinates": [ [ [ 56.253970264780456, 58.008479877809613 ], [ 56.253969517317032, 58.008515802933893 ], [ 56.254003358157284, 58.008516001304692 ], [ 56.254004105586816, 58.008480076180135 ], [ 56.253970264780456, 58.008479877809613 ] ] ] } },
{ "type": "Feature", "properties": { }, "geometry": { "type": "Polygon", "coordinates": [ [ [ 56.253968769851816, 58.008551728057945 ], [ 56.253969517317032, 58.008515802933893 ], [ 56.253935676477234, 58.008515604554084 ], [ 56.253934928978126, 58.008551529677888 ], [ 56.253968769851816, 58.008551728057945 ] ] ] } },
{ "type": "Feature", "properties": { }, "geometry": { "type": "Polygon", "coordinates": [ [ [ 56.253901088104868, 58.008551331288793 ], [ 56.253900714337689, 58.008569293850478 ], [ 56.253934555227893, 58.008569492239701 ], [ 56.253934928978126, 58.008551529677888 ], [ 56.253901088104868, 58.008551331288793 ] ] ] } },
{ "type": "Feature", "properties": { }, "geometry": { "type": "Polygon", "coordinates": [ [ [ 56.253866499663367, 58.008587058013738 ], [ 56.253866125878346, 58.008605020575182 ], [ 56.253899966801995, 58.008605218973671 ], [ 56.25390034057007, 58.008587256412099 ], [ 56.253866499663367, 58.008587058013738 ] ] ] } },
{ "type": "Feature", "properties": { }, "geometry": { "type": "Polygon", "coordinates": [ [ [ 56.253831911152723, 58.008622784728921 ], [ 56.253831537349853, 58.008640747290144 ], [ 56.253865378306955, 58.008640945697906 ], [ 56.253865752092871, 58.008622983136561 ], [ 56.253831911152723, 58.008622784728921 ] ] ] } },
{ "type": "Feature", "properties": { }, "geometry": { "type": "Polygon", "coordinates": [ [ [ 56.253796948752225, 58.00867647399533 ], [ 56.253830789742779, 58.008676672412363 ], [ 56.253831537349853, 58.008640747290144 ], [ 56.2537976963932, 58.008640548873366 ], [ 56.253796948752225, 58.00867647399533 ] ] ] } },
{ "type": "Feature", "properties": { }, "geometry": { "type": "Polygon", "coordinates": [ [ [ 56.253796948752225, 58.00867647399533 ], [ 56.253763107762126, 58.008676275569286 ], [ 56.25376236008546, 58.008712200690759 ], [ 56.253796201109466, 58.008712399117073 ], [ 56.253796948752225, 58.00867647399533 ] ] ] } },
{ "type": "Feature", "properties": { }, "geometry": { "type": "Polygon", "coordinates": [ [ [ 56.253258859775229, 58.008511635068409 ], [ 56.253225018944839, 58.008511436499653 ], [ 56.253224644839577, 58.008529399058688 ], [ 56.253190803992673, 58.008529200480794 ], [ 56.25319042987001, 58.00854716303963 ], [ 56.253156589006615, 58.008546964452606 ], [ 56.253156963146225, 58.008529001893905 ], [ 56.25308928145467, 58.008528604693133 ], [ 56.253089655627733, 58.008510642134645 ], [ 56.253021973971862, 58.008510244898162 ], [ 56.253022348178369, 58.008492282339922 ], [ 56.252954666558203, 58.008491885067713 ], [ 56.252955040798163, 58.008473922509665 ], [ 56.252887359213673, 58.008473525201737 ], [ 56.252887733487086, 58.008455562643945 ], [ 56.252820051938301, 58.008455165300312 ], [ 56.252820426245151, 58.008437202742726 ], [ 56.25278658548838, 58.008437004057555 ], [ 56.252785836840317, 58.008472929172392 ], [ 56.252751996050094, 58.008472730477934 ], [ 56.252751247366334, 58.008508655592287 ], [ 56.252717406542658, 58.00850845688857 ], [ 56.252716657823207, 58.008544382002441 ], [ 56.252682816966086, 58.008544183289452 ], [ 56.252682068210945, 58.008580108402832 ], [ 56.252715909101966, 58.008580307116105 ], [ 56.252715534740673, 58.008598269672866 ], [ 56.252749375649095, 58.008598468377272 ], [ 56.252749001304302, 58.008616430934097 ], [ 56.252715160378933, 58.008616232229549 ], [ 56.252714786016746, 58.008634194786211 ], [ 56.252680945074879, 58.008633996072518 ], [ 56.252680196315254, 58.008669921185373 ], [ 56.252612514365055, 58.008669523730461 ], [ 56.252611765535839, 58.008705448842569 ], [ 56.252577924527522, 58.00870525010135 ], [ 56.252577175662616, 58.008741175212954 ], [ 56.252543334620846, 58.008740976462448 ], [ 56.252542960170771, 58.008758939018051 ], [ 56.252576801229488, 58.008759137768685 ], [ 56.252576426795919, 58.008777100324345 ], [ 56.252610267872036, 58.008777299066146 ], [ 56.252609893454959, 58.008795261621906 ], [ 56.252643734548471, 58.008795460354804 ], [ 56.2526433601479, 58.008813422910642 ], [ 56.25267720125882, 58.008813621634708 ], [ 56.252676452490228, 58.008849546746532 ], [ 56.252710293635488, 58.008849745461859 ], [ 56.252709919267467, 58.008867708017824 ], [ 56.252743760430128, 58.008867906724312 ], [ 56.252743386078606, 58.008885869280348 ], [ 56.252811068439172, 58.0088862666666 ], [ 56.252810694121102, 58.008904229222878 ], [ 56.252878376517359, 58.008904626573418 ], [ 56.252878002232741, 58.008922589129888 ], [ 56.252945684664688, 58.008922986444702 ], [ 56.25294531041353, 58.008940949001428 ], [ 56.253012992881168, 58.00894134628053 ], [ 56.253012618663455, 58.008959308837454 ], [ 56.253351031198036, 58.008961294694437 ], [ 56.253350657149369, 58.008979257252719 ], [ 56.253452180969326, 58.00897985283477 ], [ 56.253452554967147, 58.00896189027609 ], [ 56.25348639622441, 58.00896208878531 ], [ 56.25348677020483, 58.008944126226446 ], [ 56.253520611445602, 58.008944324726528 ], [ 56.253521359371199, 58.008908399608366 ], [ 56.253453676957911, 58.008908002599746 ], [ 56.253454050953941, 58.008890040040846 ], [ 56.253420209764919, 58.008889841523192 ], [ 56.253420583777448, 58.008871878964399 ], [ 56.253352901434653, 58.008871481902361 ], [ 56.253353275480627, 58.008853519343766 ], [ 56.253285593173523, 58.008853122245995 ], [ 56.25328596725295, 58.008835159687642 ], [ 56.253218284981536, 58.008834762554152 ], [ 56.253218659094415, 58.008816799996019 ], [ 56.253150976858691, 58.00881640282681 ], [ 56.253151725150907, 58.008780477710943 ], [ 56.253185566234642, 58.008780676299764 ], [ 56.253186314491167, 58.008744751183393 ], [ 56.253220155541463, 58.008744949762949 ], [ 56.253220903762291, 58.008709024646095 ], [ 56.253254744779134, 58.008709223216378 ], [ 56.253255492964271, 58.008673298099026 ], [ 56.253289333947656, 58.008673496660023 ], [ 56.253290082097116, 58.008637571542209 ], [ 56.253323923047049, 58.008637770093948 ], [ 56.253324671160811, 58.00860184497563 ], [ 56.253358512077298, 58.008602043518081 ], [ 56.253359260155364, 58.008566118399301 ], [ 56.253393101038405, 58.008566316932473 ], [ 56.253394223101296, 58.008512429253472 ], [ 56.253360382269108, 58.008512230720704 ], [ 56.253361504378823, 58.008458343041653 ], [ 56.253327663597929, 58.008458144500295 ], [ 56.253327289544863, 58.008476107059899 ], [ 56.253293448747463, 58.008475908509418 ], [ 56.253293074676996, 58.008493871068829 ], [ 56.253259233863098, 58.008493672509218 ], [ 56.253258859775229, 58.008511635068409 ] ], [ [ 56.253360008231638, 58.008530193280279 ], [ 56.253326167382951, 58.008529994738389 ], [ 56.253326541437374, 58.008512032178928 ], [ 56.253360382269108, 58.008512230720704 ], [ 56.253360008231638, 58.008530193280279 ] ], [ [ 56.252984765113304, 58.008671709287121 ], [ 56.2530186060931, 58.008671907920089 ], [ 56.253018231882109, 58.008689870477831 ], [ 56.253085913876959, 58.008690267717085 ], [ 56.25308553969942, 58.008708230275047 ], [ 56.253051698684821, 58.008708031659772 ], [ 56.253051324489888, 58.008725994217542 ], [ 56.253017483458784, 58.008725795593151 ], [ 56.25301710924645, 58.0087437581507 ], [ 56.252983268198847, 58.008743559517185 ], [ 56.252982893969111, 58.008761522074572 ], [ 56.252949052905009, 58.008761323431905 ], [ 56.252949427151691, 58.008743360874639 ], [ 56.252915586104997, 58.008743162223105 ], [ 56.252915960368178, 58.00872519966596 ], [ 56.252949801397932, 58.008725398317353 ], [ 56.252950549889057, 58.008689473202608 ], [ 56.252984390885359, 58.008689671844721 ], [ 56.252984765113304, 58.008671709287121 ] ] ] } },
{ "type": "Feature", "properties": { }, "geometry": { "type": "Polygon", "coordinates": [ [ [ 56.253728519061902, 58.008712002255457 ], [ 56.253727771349553, 58.008747927376426 ], [ 56.253761612407004, 58.008748125812019 ], [ 56.25376236008546, 58.008712200690759 ], [ 56.253728519061902, 58.008712002255457 ] ] ] } },
{ "type": "Feature", "properties": { }, "geometry": { "type": "Polygon", "coordinates": [ [ [ 56.253726649777661, 58.008801815057524 ], [ 56.253727771349553, 58.008747927376426 ], [ 56.253693930292542, 58.008747728931858 ], [ 56.253693182544495, 58.008783654052358 ], [ 56.253659341454039, 58.008783455598497 ], [ 56.253658967562394, 58.008801418158541 ], [ 56.253726649777661, 58.008801815057524 ] ] ] } },
{ "type": "Feature", "properties": { }, "geometry": { "type": "Polygon", "coordinates": [ [ [ 56.251811308188117, 58.009760666042865 ], [ 56.251845150186611, 58.009760864990184 ], [ 56.251845899814569, 58.009724939890354 ], [ 56.251879741779604, 58.009725138828415 ], [ 56.251880491371864, 58.009689213728109 ], [ 56.251914333303453, 58.009689412656876 ], [ 56.251915082860016, 58.009653487556101 ], [ 56.251948924758146, 58.009653686475602 ], [ 56.251949674279011, 58.009617761374329 ], [ 56.251983516143703, 58.009617960284537 ], [ 56.25198426562887, 58.009582035182781 ], [ 56.252018107460103, 58.00958223408373 ], [ 56.252018856909579, 58.009546308981477 ], [ 56.252052698707359, 58.009546507873154 ], [ 56.252053448121139, 58.009510582770403 ], [ 56.252087289885466, 58.009510781652814 ], [ 56.252087664574731, 58.009492819101233 ], [ 56.252121506322567, 58.009493017974506 ], [ 56.252121131650249, 58.00951098052623 ], [ 56.25218881518115, 58.009511378246032 ], [ 56.252188440542291, 58.00952934079799 ], [ 56.252256124108889, 58.009529738482087 ], [ 56.252255749503476, 58.009547701034272 ], [ 56.252323433105772, 58.009548098682664 ], [ 56.252323058533811, 58.00956606123507 ], [ 56.252390742171812, 58.009566458847729 ], [ 56.252390367633303, 58.009584421400355 ], [ 56.252458051306981, 58.009584818977295 ], [ 56.252457676801932, 58.009602781530155 ], [ 56.252525360511306, 58.009603179071384 ], [ 56.25252498603971, 58.009621141624436 ], [ 56.252592669784789, 58.009621539129981 ], [ 56.252592295346631, 58.009639501683253 ], [ 56.252659979127401, 58.009639899153065 ], [ 56.252659604722702, 58.009657861706586 ], [ 56.252794972357428, 58.009658656538775 ], [ 56.252794598020074, 58.00967661909278 ], [ 56.252828439946832, 58.009676817778463 ], [ 56.252828065625984, 58.009694780332566 ], [ 56.252861907570136, 58.009694979009403 ], [ 56.252861533265794, 58.009712941563571 ], [ 56.252929217189347, 58.009713338890521 ], [ 56.252928842918458, 58.00973130144493 ], [ 56.252996526877695, 58.009731698736154 ], [ 56.252996152640257, 58.009749661290769 ], [ 56.253029994637508, 58.009749859923041 ], [ 56.253030368857985, 58.009731897368269 ], [ 56.25306421083873, 58.009732095991382 ], [ 56.253064959244455, 58.009696170881433 ], [ 56.253098801191747, 58.009696369495266 ], [ 56.253099549561782, 58.009660444384821 ], [ 56.253133391475615, 58.009660642989388 ], [ 56.253134139809958, 58.009624717878459 ], [ 56.253066456050533, 58.009624320660869 ], [ 56.25306683025093, 58.0096063581056 ], [ 56.252999146527202, 58.009605960852298 ], [ 56.252999520761051, 58.009587998297249 ], [ 56.252931837073014, 58.009587601008221 ], [ 56.252932211340323, 58.009569638453407 ], [ 56.252864527687976, 58.009569241128666 ], [ 56.25286490198873, 58.009551278574044 ], [ 56.252797218372088, 58.009550881213606 ], [ 56.252797592706294, 58.009532918659225 ], [ 56.252729909125343, 58.009532521263054 ], [ 56.252730283493001, 58.009514558708901 ], [ 56.25266259994774, 58.009514161277011 ], [ 56.252662974348851, 58.009496198723092 ], [ 56.252595290839281, 58.009495801255483 ], [ 56.252595665273851, 58.009477838701784 ], [ 56.252494140063718, 58.009477242433299 ], [ 56.25249451454868, 58.009459279879962 ], [ 56.2524268311114, 58.009458882322924 ], [ 56.252427205629814, 58.009440919769801 ], [ 56.252359522228232, 58.009440522177059 ], [ 56.252359896780106, 58.009422559624163 ], [ 56.252292213414215, 58.009422161995694 ], [ 56.252292587999527, 58.009404199443019 ], [ 56.252224904669333, 58.009403801778838 ], [ 56.252225279288105, 58.00938583922639 ], [ 56.252157595993609, 58.009385441526497 ], [ 56.252157970645833, 58.009367478974269 ], [ 56.252090287387027, 58.009367081238665 ], [ 56.252090662072696, 58.009349118686657 ], [ 56.252022978849588, 58.009348720915334 ], [ 56.252023353568717, 58.009330758363546 ], [ 56.2519556703813, 58.009330360556497 ], [ 56.251954920874795, 58.009366285659461 ], [ 56.251921079247865, 58.009366086742176 ], [ 56.251920329705662, 58.009402011844649 ], [ 56.25188648804528, 58.009401812918078 ], [ 56.251885738467386, 58.009437738020075 ], [ 56.251919580161676, 58.00943793694691 ], [ 56.251919205389008, 58.009455899497965 ], [ 56.251885363677772, 58.009455700570996 ], [ 56.251884988887703, 58.009473663121852 ], [ 56.251851147159961, 58.009473464185717 ], [ 56.25185039754458, 58.009509389287018 ], [ 56.251816555783385, 58.009509190341625 ], [ 56.251815431306099, 58.009563077992752 ], [ 56.251781589494506, 58.009562879037951 ], [ 56.251780090117364, 58.009634729238172 ], [ 56.251746248238419, 58.009634530273843 ], [ 56.251743999057531, 58.009742305571741 ], [ 56.251710157077333, 58.00974210659755 ], [ 56.251708657546622, 58.009813956794588 ], [ 56.251674815499079, 58.009813757810868 ], [ 56.251672940990836, 58.009903570555252 ], [ 56.25170678312314, 58.009903769539676 ], [ 56.251707532893882, 58.009867844441807 ], [ 56.251741374992726, 58.009868043416944 ], [ 56.25174212472777, 58.009832118318585 ], [ 56.251775966793168, 58.009832317284456 ], [ 56.251776716492522, 58.009796392185599 ], [ 56.251810558524468, 58.009796591142191 ], [ 56.251811308188117, 58.009760666042865 ] ] ] } },
{ "type": "Feature", "properties": { }, "geometry": { "type": "Polygon", "coordinates": [ [ [ 56.253335320768279, 58.009715722096338 ], [ 56.253369162736099, 58.009715920638342 ], [ 56.253369910835829, 58.009679995525801 ], [ 56.253403752770197, 58.009680194058518 ], [ 56.253404126802437, 58.009662231502034 ], [ 56.253336442968042, 58.009661834427874 ], [ 56.253336817033734, 58.009643871871596 ], [ 56.253235291336352, 58.009643276193252 ], [ 56.253234917219807, 58.009661238749111 ], [ 56.253167233389902, 58.009660841584967 ], [ 56.253166485087668, 58.009696766695974 ], [ 56.25313264313948, 58.009696568100118 ], [ 56.253131894801555, 58.009732493210628 ], [ 56.253098052819922, 58.00973229460552 ], [ 56.25309693025882, 58.00978618227046 ], [ 56.253063088226781, 58.009785983655931 ], [ 56.253062339816573, 58.009821908765382 ], [ 56.253130023948898, 58.009822305985999 ], [ 56.25312964977703, 58.00984026854092 ], [ 56.253197333945053, 58.009840665725811 ], [ 56.25319695980663, 58.009858628280945 ], [ 56.253230801908266, 58.009858826860047 ], [ 56.253231550150758, 58.009822901749452 ], [ 56.253265392218943, 58.009823100319252 ], [ 56.253266140425744, 58.00978717520816 ], [ 56.253299982460476, 58.009787373768702 ], [ 56.253300730631587, 58.009751448657134 ], [ 56.253334572632859, 58.009751647208411 ], [ 56.253335320768279, 58.009715722096338 ] ] ] } },
{ "type": "Feature", "properties": { }, "geometry": { "type": "Polygon", "coordinates": [ [ [ 56.252943223075313, 58.010665552858725 ], [ 56.252942100240872, 58.010719440513817 ], [ 56.252975943153025, 58.01071963916251 ], [ 56.252976691675862, 58.010683714058899 ], [ 56.253010534554562, 58.010683912698312 ], [ 56.253011283041701, 58.01064798759419 ], [ 56.252977440196908, 58.010647788955069 ], [ 56.252977065936605, 58.010665751507005 ], [ 56.252943223075313, 58.010665552858725 ] ] ] } },
{ "type": "Feature", "properties": { }, "geometry": { "type": "Polygon", "coordinates": [ [ [ 56.252716579138522, 58.01179600138574 ], [ 56.252716953545736, 58.011778038838074 ], [ 56.252649265727797, 58.011777641389429 ], [ 56.252649640168464, 58.011759678841969 ], [ 56.252615796277126, 58.01175948010431 ], [ 56.252616170734292, 58.011741517556949 ], [ 56.25254848298686, 58.011741120054879 ], [ 56.252548857477493, 58.011723157507745 ], [ 56.252515013621398, 58.01172295874332 ], [ 56.252515388128536, 58.011704996196286 ], [ 56.252447700451604, 58.011704598640755 ], [ 56.252448074992195, 58.011686636093934 ], [ 56.252380387350968, 58.011686238502691 ], [ 56.252380761925011, 58.01166827595609 ], [ 56.252313074319481, 58.011667878329135 ], [ 56.252313448926984, 58.011649915782755 ], [ 56.252245761357159, 58.011649518120066 ], [ 56.252246135998114, 58.011631555573942 ], [ 56.252178448463987, 58.011631157875527 ], [ 56.252178823138401, 58.011613195329602 ], [ 56.252111135639971, 58.011612797595461 ], [ 56.252111510347845, 58.01159483504977 ], [ 56.252043822885113, 58.011594437279946 ], [ 56.252044197626446, 58.01157647473444 ], [ 56.252010353912709, 58.011576275836163 ], [ 56.252009604395695, 58.011612200926812 ], [ 56.251975760648499, 58.011612002019262 ], [ 56.251975011095787, 58.011647927109415 ], [ 56.251941167315138, 58.011647728192578 ], [ 56.251940417726722, 58.011683653282233 ], [ 56.251906573912621, 58.011683454356145 ], [ 56.251905449475771, 58.011737341989857 ], [ 56.251973137206157, 58.011737739833862 ], [ 56.251972762426881, 58.011755702378615 ], [ 56.252040450192958, 58.011756100186929 ], [ 56.252040075447148, 58.011774062731881 ], [ 56.252107763248922, 58.011774460504483 ], [ 56.252107388536565, 58.011792423049663 ], [ 56.252073544618497, 58.011792224167728 ], [ 56.252073169888732, 58.011810186712729 ], [ 56.25210701382376, 58.011810385594785 ], [ 56.252106639110501, 58.011828348139872 ], [ 56.252174327015794, 58.011828745877288 ], [ 56.252173577655739, 58.011864670967853 ], [ 56.252241265630637, 58.011865068669827 ], [ 56.252240890983849, 58.011883031215305 ], [ 56.252274734988923, 58.011883230052938 ], [ 56.252275109618765, 58.011865267507332 ], [ 56.25230895360734, 58.011865466335813 ], [ 56.252308578994452, 58.011883428881575 ], [ 56.252376267006845, 58.011883826511848 ], [ 56.252376641585826, 58.011865863965824 ], [ 56.252410485575744, 58.011866062767325 ], [ 56.252410111013717, 58.011884025313471 ], [ 56.252477799028803, 58.011884422889757 ], [ 56.252477424500235, 58.011902385436152 ], [ 56.252511268525403, 58.011902584210929 ], [ 56.252512017548192, 58.011866659117814 ], [ 56.252545861539907, 58.011866857883334 ], [ 56.252546610526991, 58.011830932789742 ], [ 56.252580454485248, 58.011831131545982 ], [ 56.252581203436641, 58.011795206451907 ], [ 56.252615047361431, 58.011795405198853 ], [ 56.252612800603607, 58.011903180481276 ], [ 56.252646644630566, 58.011903379220065 ], [ 56.252646270186311, 58.011921341767071 ], [ 56.252713958275493, 58.011921739217918 ], [ 56.252714332685841, 58.011903776670636 ], [ 56.25274817671415, 58.011903975382417 ], [ 56.252749299891647, 58.011850087739802 ], [ 56.25278314386955, 58.011850286442169 ], [ 56.252784266992158, 58.011796398798651 ], [ 56.252716579138522, 58.01179600138574 ] ] ] } },
{ "type": "Feature", "properties": { }, "geometry": { "type": "Polygon", "coordinates": [ [ [ 56.251179346110106, 58.012469626615122 ], [ 56.251178970922503, 58.012487589154532 ], [ 56.251212815490064, 58.012487788275813 ], [ 56.251213190660721, 58.012469825736261 ], [ 56.251179346110106, 58.012469626615122 ] ] ] } },
{ "type": "Feature", "properties": { }, "geometry": { "type": "Polygon", "coordinates": [ [ [ 56.252189437276932, 58.012727071940063 ], [ 56.252155592475951, 58.012726873077945 ], [ 56.252154843071018, 58.012762798163223 ], [ 56.25212099823657, 58.012762599291825 ], [ 56.252119874074943, 58.012816486918972 ], [ 56.252153718960251, 58.012816685790774 ], [ 56.252154093664288, 58.012798723248309 ], [ 56.252187938533091, 58.012798922110981 ], [ 56.252188313219726, 58.012780959568325 ], [ 56.252222158072023, 58.012781158421859 ], [ 56.252222907410037, 58.012745233336133 ], [ 56.252189062591647, 58.012745034482869 ], [ 56.252189437276932, 58.012727071940063 ] ] ] } },
{ "type": "Feature", "properties": { }, "geometry": { "type": "Polygon", "coordinates": [ [ [ 56.251734458321323, 58.013442987630192 ], [ 56.251700612847998, 58.01344278864557 ], [ 56.25169948802484, 58.01349667626171 ], [ 56.251665642501102, 58.013496477267687 ], [ 56.251664892582838, 58.01353240234458 ], [ 56.251631047025647, 58.013532203341271 ], [ 56.251629922094011, 58.013586090955812 ], [ 56.25166376770207, 58.013586289959541 ], [ 56.251663017779315, 58.01362221503593 ], [ 56.251730709064603, 58.013622613016928 ], [ 56.25173220877268, 58.01355076286287 ], [ 56.251766054348181, 58.013550961839336 ], [ 56.251767928888391, 58.013461149144888 ], [ 56.251801774379565, 58.013461348111647 ], [ 56.251802899047448, 58.013407460493916 ], [ 56.251735208167283, 58.013407062552204 ], [ 56.251734458321323, 58.013442987630192 ] ] ] } },
{ "type": "Feature", "properties": { }, "geometry": { "type": "Polygon", "coordinates": [ [ [ 56.25145056720492, 58.014070084293124 ], [ 56.251451317353599, 58.01403415922104 ], [ 56.251485163383286, 58.0140343582732 ], [ 56.251485913496261, 58.013998433200641 ], [ 56.251519759492489, 58.013998632243549 ], [ 56.251520509569758, 58.013962707170492 ], [ 56.251554355532519, 58.013962906204107 ], [ 56.251555105574077, 58.01392698113056 ], [ 56.251588951503386, 58.013927180154909 ], [ 56.251589701509232, 58.013891255080885 ], [ 56.251623547405075, 58.013891454095955 ], [ 56.251624297375216, 58.013855529021434 ], [ 56.251658143237599, 58.013855728027231 ], [ 56.251658893172042, 58.013819802952227 ], [ 56.251591201515545, 58.013819404932185 ], [ 56.251591576515992, 58.013801442394886 ], [ 56.2515238848952, 58.013801044339104 ], [ 56.251524259929113, 58.013783081802025 ], [ 56.251456568344032, 58.013782683710517 ], [ 56.251456943411412, 58.013764721173665 ], [ 56.251389251862037, 58.013764323046438 ], [ 56.251389626962869, 58.013746360509813 ], [ 56.251321935449198, 58.01374596234686 ], [ 56.251321185179251, 58.013781887419547 ], [ 56.251287339389187, 58.0137816883243 ], [ 56.251286213930037, 58.01383557593249 ], [ 56.251252368089553, 58.013835376827835 ], [ 56.251251617747293, 58.013871301899428 ], [ 56.25121777187335, 58.01387110278548 ], [ 56.251215145542609, 58.013996840533423 ], [ 56.251181299550431, 58.013996641409506 ], [ 56.251180173922506, 58.014050529014561 ], [ 56.251214019965552, 58.014050728138891 ], [ 56.251211768799308, 58.014158503348398 ], [ 56.251245614944537, 58.014158702464542 ], [ 56.251245239765538, 58.014176664999397 ], [ 56.251346778254799, 58.014177262294261 ], [ 56.251347528510607, 58.014141337223634 ], [ 56.251381374640673, 58.014141536303647 ], [ 56.251382124860768, 58.014105611232537 ], [ 56.251415970957382, 58.014105810303263 ], [ 56.251416721141766, 58.014069885231663 ], [ 56.25145056720492, 58.014070084293124 ] ] ] } },
{ "type": "Feature", "properties": { }, "geometry": { "type": "Polygon", "coordinates": [ [ [ 56.257002227526883, 58.005892726150464 ], [ 56.257001855351554, 58.005910688732349 ], [ 56.257035693756755, 58.00591088629136 ], [ 56.257036065915138, 58.005892923709332 ], [ 56.257002227526883, 58.005892726150464 ] ] ] } },
{ "type": "Feature", "properties": { }, "geometry": { "type": "Polygon", "coordinates": [ [ [ 56.257000738822896, 58.005964576477659 ], [ 56.257001483175785, 58.005928651314179 ], [ 56.256967644754084, 58.00592845374603 ], [ 56.256967272560921, 58.005946416327667 ], [ 56.256933434122722, 58.005946218750417 ], [ 56.256933061912157, 58.005964181331848 ], [ 56.257000738822896, 58.005964576477659 ] ] ] } },
{ "type": "Feature", "properties": { }, "geometry": { "type": "Polygon", "coordinates": [ [ [ 56.256932689701159, 58.005982143913251 ], [ 56.256933061912157, 58.005964181331848 ], [ 56.256899223457459, 58.005963983745445 ], [ 56.256898851229515, 58.005981946326699 ], [ 56.256932689701159, 58.005982143913251 ] ] ] } },
{ "type": "Feature", "properties": { }, "geometry": { "type": "Polygon", "coordinates": [ [ [ 56.256864640512973, 58.005999711312221 ], [ 56.256864268267186, 58.006017673893233 ], [ 56.256898106772276, 58.00601787148905 ], [ 56.256898479001116, 58.005999908907896 ], [ 56.256864640512973, 58.005999711312221 ] ] ] } },
{ "type": "Feature", "properties": { }, "geometry": { "type": "Polygon", "coordinates": [ [ [ 56.256830057499357, 58.006035438869247 ], [ 56.256829685235729, 58.006053401450018 ], [ 56.256863523774264, 58.006053599055114 ], [ 56.256863896020946, 58.006035636474195 ], [ 56.256830057499357, 58.006035438869247 ] ] ] } },
{ "type": "Feature", "properties": { }, "geometry": { "type": "Polygon", "coordinates": [ [ [ 56.25679510213515, 58.006089128997047 ], [ 56.256794729853247, 58.006107091577526 ], [ 56.256828568442181, 58.006107289192016 ], [ 56.256828940707145, 58.006089326611416 ], [ 56.25679510213515, 58.006089128997047 ] ] ] } },
{ "type": "Feature", "properties": { }, "geometry": { "type": "Polygon", "coordinates": [ [ [ 56.256760146665705, 58.006142819114558 ], [ 56.256793985288091, 58.006143016738342 ], [ 56.25679435757089, 58.006125054157948 ], [ 56.256760518965457, 58.006124856534313 ], [ 56.256760146665705, 58.006142819114558 ] ] ] } },
{ "type": "Feature", "properties": { }, "geometry": { "type": "Polygon", "coordinates": [ [ [ 56.256760146665705, 58.006142819114558 ], [ 56.256726308043774, 58.006142621481786 ], [ 56.256725563409049, 58.006178546641841 ], [ 56.256759402064873, 58.006178744274862 ], [ 56.256760146665705, 58.006142819114558 ] ] ] } },
{ "type": "Feature", "properties": { }, "geometry": { "type": "Polygon", "coordinates": [ [ [ 56.25659058117558, 58.00615979344029 ], [ 56.256590953560504, 58.006141830860777 ], [ 56.256523276321545, 58.006141435496289 ], [ 56.256523648739915, 58.006123472917025 ], [ 56.256455971536631, 58.006123077516826 ], [ 56.256456343988454, 58.00610511493776 ], [ 56.256253312490983, 58.00610392852208 ], [ 56.256252567383541, 58.006139853678476 ], [ 56.256218728768296, 58.006139655910772 ], [ 56.25621835619696, 58.006157618488764 ], [ 56.256286033461784, 58.006158014015476 ], [ 56.256285660923893, 58.006175976593674 ], [ 56.256387176875315, 58.006176569816652 ], [ 56.256386804387816, 58.006194532395227 ], [ 56.256454481724887, 58.00619492783251 ], [ 56.256454109270841, 58.006212890411298 ], [ 56.256521786643589, 58.006213285812883 ], [ 56.256521414222981, 58.006231248391892 ], [ 56.256589091631412, 58.006231643757751 ], [ 56.256588719244256, 58.006249606336972 ], [ 56.256690235411078, 58.006250199318693 ], [ 56.256690980083263, 58.006214274159355 ], [ 56.256724818772533, 58.006214471801655 ], [ 56.256725563409049, 58.006178546641841 ], [ 56.256624047444248, 58.006177953688749 ], [ 56.256624419812674, 58.006159991109165 ], [ 56.25659058117558, 58.00615979344029 ] ] ] } },
{ "type": "Feature", "properties": { }, "geometry": { "type": "Polygon", "coordinates": [ [ [ 56.256184144976487, 58.006175383289694 ], [ 56.25618377238731, 58.006193345867459 ], [ 56.256217611052946, 58.006193543644571 ], [ 56.256217983625177, 58.006175581066699 ], [ 56.256184144976487, 58.006175383289694 ] ] ] } },
{ "type": "Feature", "properties": { }, "geometry": { "type": "Polygon", "coordinates": [ [ [ 56.256078902612849, 58.006354415675737 ], [ 56.256078157323444, 58.006390340829313 ], [ 56.256111996174155, 58.006390538634946 ], [ 56.256112368802135, 58.006372576058027 ], [ 56.256146207636341, 58.006372773854523 ], [ 56.256146952857073, 58.006336848700286 ], [ 56.25611311405676, 58.006336650904096 ], [ 56.256112741429668, 58.006354613481086 ], [ 56.256078902612849, 58.006354415675737 ] ] ] } },
{ "type": "Feature", "properties": { }, "geometry": { "type": "Polygon", "coordinates": [ [ [ 56.255631167780571, 58.006729057451949 ], [ 56.255630794906409, 58.00674702002587 ], [ 56.255664634090252, 58.006747217951215 ], [ 56.255665006947474, 58.006729255377124 ], [ 56.255631167780571, 58.006729057451949 ] ] ] } },
{ "type": "Feature", "properties": { }, "geometry": { "type": "Polygon", "coordinates": [ [ [ 56.255596582831451, 58.006764784665265 ], [ 56.255596209939448, 58.006782747238937 ], [ 56.255630049156743, 58.006782945173555 ], [ 56.2556304220318, 58.006764982599734 ], [ 56.255596582831451, 58.006764784665265 ] ] ] } },
{ "type": "Feature", "properties": { }, "geometry": { "type": "Polygon", "coordinates": [ [ [ 56.256171849298049, 58.006768148327531 ], [ 56.256171476694149, 58.006786110903555 ], [ 56.256205315919033, 58.006786308685193 ], [ 56.256205688505986, 58.006768346109041 ], [ 56.256171849298049, 58.006768148327531 ] ] ] } },
{ "type": "Feature", "properties": { }, "geometry": { "type": "Polygon", "coordinates": [ [ [ 56.256137637469713, 58.0067859131129 ], [ 56.256136892226678, 58.006821838264493 ], [ 56.256170731485007, 58.006822036055397 ], [ 56.256171476694149, 58.006786110903555 ], [ 56.256137637469713, 58.0067859131129 ] ] ] } },
{ "type": "Feature", "properties": { }, "geometry": { "type": "Polygon", "coordinates": [ [ [ 56.255561251993065, 58.006836437015657 ], [ 56.255595091260751, 58.006836634959662 ], [ 56.255595837046997, 58.006800709812566 ], [ 56.255561997813203, 58.006800511868839 ], [ 56.255561251993065, 58.006836437015657 ] ] ] } },
{ "type": "Feature", "properties": { }, "geometry": { "type": "Polygon", "coordinates": [ [ [ 56.255561251993065, 58.006836437015657 ], [ 56.255527412725826, 58.00683623906265 ], [ 56.255526293941429, 58.006890126782061 ], [ 56.255560133259515, 58.00689032473548 ], [ 56.255561251993065, 58.006836437015657 ] ] ] } },
{ "type": "Feature", "properties": { }, "geometry": { "type": "Polygon", "coordinates": [ [ [ 56.257147976894629, 58.007025356453667 ], [ 56.257148349012859, 58.007007393874346 ], [ 56.257182188454038, 58.007007591396729 ], [ 56.257182932655262, 58.006971666237675 ], [ 56.257081414434737, 58.006971073644372 ], [ 56.257081786585516, 58.006953111065194 ], [ 56.256777232100539, 58.006951332800647 ], [ 56.256777976705827, 58.006915407644591 ], [ 56.256811816057365, 58.006915605265263 ], [ 56.256812560626983, 58.006879680108689 ], [ 56.256846399945069, 58.006879877720088 ], [ 56.256847144478996, 58.006843952563052 ], [ 56.256813305194797, 58.006843754951944 ], [ 56.256813677478043, 58.00682579237349 ], [ 56.256779838211244, 58.006825594753508 ], [ 56.256780582810279, 58.006789669596699 ], [ 56.256746743577814, 58.006789471968013 ], [ 56.256747115893617, 58.006771509389658 ], [ 56.256679437463923, 58.006771114105554 ], [ 56.256678692764083, 58.006807039261609 ], [ 56.256644853516015, 58.006806841605794 ], [ 56.256644108780499, 58.006842766761395 ], [ 56.256610269498978, 58.006842569096307 ], [ 56.256609897113606, 58.006860531673865 ], [ 56.256643736412073, 58.00686072933911 ], [ 56.2566433640432, 58.006878691916782 ], [ 56.256711042675377, 58.006879087220547 ], [ 56.25671029800408, 58.006915012376282 ], [ 56.256676458653878, 58.00691481472861 ], [ 56.256675713946912, 58.006950739883855 ], [ 56.25664187456325, 58.006950542226932 ], [ 56.256641129820608, 58.00698646738168 ], [ 56.256607290403501, 58.006986269715483 ], [ 56.256606918014562, 58.007004232292651 ], [ 56.256674596883109, 58.007004627616325 ], [ 56.256674224527615, 58.007022590193721 ], [ 56.256708063979509, 58.007022787842182 ], [ 56.25670843631805, 58.007004825264659 ], [ 56.25684379406227, 58.007005615768051 ], [ 56.256844166332577, 58.006987653189931 ], [ 56.256878005752803, 58.006987850793145 ], [ 56.256877633499442, 58.007005813371407 ], [ 56.256945312375123, 58.007006208551132 ], [ 56.256944940155208, 58.007024171129608 ], [ 56.257012619066565, 58.007024566273621 ], [ 56.257012246880102, 58.007042528852331 ], [ 56.25697840740726, 58.00704233128468 ], [ 56.256977662999098, 58.007078256441652 ], [ 56.257045342013029, 58.007078651568484 ], [ 56.257045714183441, 58.007060688989753 ], [ 56.257079553674124, 58.007060886539541 ], [ 56.257079925827135, 58.007042923960604 ], [ 56.25711376530132, 58.007043121501241 ], [ 56.257114137436943, 58.007025158922147 ], [ 56.257147976894629, 58.007025356453667 ] ] ] } },
{ "type": "Feature", "properties": { }, "geometry": { "type": "Polygon", "coordinates": [ [ [ 56.256977290794346, 58.007096219020056 ], [ 56.256977662999098, 58.007078256441652 ], [ 56.256943823492797, 58.007078058864728 ], [ 56.256943451271106, 58.007096021443019 ], [ 56.256977290794346, 58.007096219020056 ] ] ] } },
{ "type": "Feature", "properties": { }, "geometry": { "type": "Polygon", "coordinates": [ [ [ 56.256229468167533, 58.007253533422777 ], [ 56.256229095585475, 58.007271495997642 ], [ 56.256262935268836, 58.00727169376502 ], [ 56.25626330783394, 58.007253731189998 ], [ 56.256229468167533, 58.007253533422777 ] ] ] } },
{ "type": "Feature", "properties": { }, "geometry": { "type": "Polygon", "coordinates": [ [ [ 56.254686522387495, 58.008214603219258 ], [ 56.254685775649349, 58.008250528350878 ], [ 56.254719616244763, 58.008250726530676 ], [ 56.254720362949008, 58.008214801398772 ], [ 56.254686522387495, 58.008214603219258 ] ] ] } },
{ "type": "Feature", "properties": { }, "geometry": { "type": "Polygon", "coordinates": [ [ [ 56.25465193505439, 58.008250330162092 ], [ 56.254651561667693, 58.008268292727685 ], [ 56.254685402279605, 58.00826849091662 ], [ 56.254685775649349, 58.008250528350878 ], [ 56.25465193505439, 58.008250330162092 ] ] ] } },
{ "type": "Feature", "properties": { }, "geometry": { "type": "Polygon", "coordinates": [ [ [ 56.254617347652136, 58.008286057095162 ], [ 56.254616974247611, 58.008304019660528 ], [ 56.254650814892962, 58.008304217858715 ], [ 56.254651188280555, 58.00828625529325 ], [ 56.254617347652136, 58.008286057095162 ] ] ] } },
{ "type": "Feature", "properties": { }, "geometry": { "type": "Polygon", "coordinates": [ [ [ 56.257290014541425, 58.008337612173477 ], [ 56.257290758673022, 58.008301687021124 ], [ 56.257324599336698, 58.008301884508384 ], [ 56.257324971384882, 58.008283921931991 ], [ 56.257426493327742, 58.00828451433938 ], [ 56.257426865324632, 58.008266551762517 ], [ 56.257359184062842, 58.008266156833535 ], [ 56.257359556093178, 58.008248194256907 ], [ 56.257291874867065, 58.008247799292192 ], [ 56.257292246930859, 58.008229836715785 ], [ 56.257258406335417, 58.008229639220055 ], [ 56.257257662173494, 58.008265564372586 ], [ 56.257223821544599, 58.008265366867612 ], [ 56.257223077347, 58.008301292019617 ], [ 56.25718923668466, 58.008301094505349 ], [ 56.25718849245137, 58.008337019656892 ], [ 56.257154651755577, 58.008336822133366 ], [ 56.257153907486604, 58.00837274728439 ], [ 56.257120066757359, 58.008372549751606 ], [ 56.257118950299727, 58.008426437477347 ], [ 56.257186631860357, 58.008426832534781 ], [ 56.257187003979453, 58.008408869959304 ], [ 56.257220844743493, 58.008409067474396 ], [ 56.257221588946443, 58.008373142323009 ], [ 56.257255429677024, 58.0083733398288 ], [ 56.257256173844297, 58.008337414676937 ], [ 56.257290014541425, 58.008337612173477 ] ] ] } },
{ "type": "Feature", "properties": { }, "geometry": { "type": "Polygon", "coordinates": [ [ [ 56.254721483002029, 58.008160913700522 ], [ 56.254720362949008, 58.008214801398772 ], [ 56.254754203510963, 58.008214999569311 ], [ 56.254754950179532, 58.008179074436882 ], [ 56.254788790708041, 58.008179272598156 ], [ 56.254789537340912, 58.008143347465257 ], [ 56.254823377835969, 58.008143545617237 ], [ 56.254824124433163, 58.008107620483891 ], [ 56.254857964894775, 58.00810781862657 ], [ 56.254856845049162, 58.00816170632698 ], [ 56.254823004536703, 58.008161508183861 ], [ 56.254822257936837, 58.008197433316901 ], [ 56.254788417390927, 58.008197235164516 ], [ 56.25478729743692, 58.008251122863285 ], [ 56.254753456840618, 58.008250924701485 ], [ 56.254752336831736, 58.008304812399352 ], [ 56.254718496185035, 58.008304614228138 ], [ 56.254717749476313, 58.008340539359523 ], [ 56.25468390879616, 58.00834034117905 ], [ 56.254682788678878, 58.008394228875311 ], [ 56.254648947948326, 58.008394030685423 ], [ 56.254648201167335, 58.008429955815714 ], [ 56.25461436040333, 58.008429757616547 ], [ 56.254613613586656, 58.008465682746355 ], [ 56.254579772789199, 58.008465484537915 ], [ 56.254578652509991, 58.008519372231852 ], [ 56.254544811662129, 58.008519174013998 ], [ 56.254544064773185, 58.00855509914274 ], [ 56.254510223891884, 58.008554900915613 ], [ 56.25450947696725, 58.008590826043879 ], [ 56.254475636052497, 58.008590627807479 ], [ 56.254474142130071, 58.008662478062817 ], [ 56.254440301147966, 58.008662279816861 ], [ 56.254438807150578, 58.008734130070827 ], [ 56.25440496610112, 58.008733931815343 ], [ 56.254403845547543, 58.008787819504839 ], [ 56.254370004447686, 58.008787621239925 ], [ 56.254368883839227, 58.008841508928533 ], [ 56.254335042688972, 58.008841310654219 ], [ 56.254334295580527, 58.008877235779437 ], [ 56.254300454396819, 58.008877037495843 ], [ 56.254299707252684, 58.008912962620563 ], [ 56.254265866035524, 58.008912764327697 ], [ 56.254265492445839, 58.008930726889844 ], [ 56.25423165121218, 58.00893052858784 ], [ 56.254230903997566, 58.008966453711672 ], [ 56.254197062730455, 58.008966255400409 ], [ 56.254196689105527, 58.008984217962137 ], [ 56.25416284782191, 58.00898401964173 ], [ 56.25416210053681, 58.009019944764717 ], [ 56.25412825921974, 58.009019746435044 ], [ 56.254127138237891, 58.009073634118707 ], [ 56.254093296870423, 58.009073435779619 ], [ 56.254092549513054, 58.009109360901512 ], [ 56.254058708112126, 58.009109162553159 ], [ 56.254057587021869, 58.009163050235209 ], [ 56.254023745570542, 58.009162851877434 ], [ 56.254022250709461, 58.009234702118889 ], [ 56.253988409190789, 58.009234503751571 ], [ 56.253984298099439, 58.00943209190973 ], [ 56.254018139804572, 58.009432290278546 ], [ 56.254017766083258, 58.009450252838214 ], [ 56.253983924361179, 58.009450054469241 ], [ 56.253982803143707, 58.009503942147468 ], [ 56.253948961371229, 58.009503743769088 ], [ 56.253948213856766, 58.009539668887371 ], [ 56.253914372050836, 58.009539470499725 ], [ 56.253913250724949, 58.009593358176346 ], [ 56.253879408868613, 58.009593159779257 ], [ 56.253878287487844, 58.009647047454976 ], [ 56.253844445581102, 58.009646849048515 ], [ 56.253842950332675, 58.009718699281521 ], [ 56.253809108358574, 58.009718500865503 ], [ 56.253808734528398, 58.009736463423501 ], [ 56.253774892537798, 58.009736264998338 ], [ 56.253774518690228, 58.009754227556115 ], [ 56.253672992670275, 58.009753632226243 ], [ 56.253672618771397, 58.009771594783565 ], [ 56.253638776748687, 58.009771396322144 ], [ 56.253638402832415, 58.009789358879274 ], [ 56.253604560793207, 58.009789160408715 ], [ 56.253604186859533, 58.009807122965668 ], [ 56.253570344803819, 58.00980692448595 ], [ 56.253569970852752, 58.009824887042726 ], [ 56.253536128780539, 58.009824688553891 ], [ 56.25353575481207, 58.009842651110446 ], [ 56.253501912723351, 58.009842452612503 ], [ 56.253501164751171, 58.009878377725187 ], [ 56.253467322629, 58.009878179217928 ], [ 56.253466948625281, 58.009896141774078 ], [ 56.253433106486611, 58.009895943257696 ], [ 56.253432358443938, 58.009931868369527 ], [ 56.253398516271808, 58.009931669843873 ], [ 56.253398142232854, 58.009949632399568 ], [ 56.253364300044225, 58.00994943386479 ], [ 56.253363551931059, 58.009985358975754 ], [ 56.253329709708979, 58.00998516043169 ], [ 56.253328587485015, 58.010039048097333 ], [ 56.253294745212536, 58.010038849543854 ], [ 56.253293997027086, 58.010074774653766 ], [ 56.253260154721147, 58.010074576091014 ], [ 56.253259032388755, 58.010128463755038 ], [ 56.253225190032417, 58.010128265182871 ], [ 56.253224441774684, 58.01016419029169 ], [ 56.253190599384887, 58.010163991710243 ], [ 56.253189476944073, 58.010217879372668 ], [ 56.253155634503869, 58.010217680781814 ], [ 56.253154886173853, 58.010253605889574 ], [ 56.25312104370019, 58.01025340728944 ], [ 56.253120295334483, 58.010289332396695 ], [ 56.253086452827368, 58.010289133787289 ], [ 56.253085704425963, 58.010325058894054 ], [ 56.253051861885396, 58.010324860275404 ], [ 56.253050739229074, 58.01037874793473 ], [ 56.253016896638101, 58.010378549306665 ], [ 56.25301577392689, 58.010432436965118 ], [ 56.252981931285511, 58.010432238327624 ], [ 56.25298118277523, 58.010468163432726 ], [ 56.252947340100391, 58.010467964785953 ], [ 56.252945843006636, 58.010539814994971 ], [ 56.252912000264452, 58.010539616338647 ], [ 56.252911251680985, 58.010575541442577 ], [ 56.252945094457068, 58.010575740099171 ], [ 56.252945468732079, 58.010557777547092 ], [ 56.252979311491664, 58.010557976194562 ], [ 56.252979685749281, 58.010540013642292 ], [ 56.25301352849236, 58.010540212280617 ], [ 56.25301427697233, 58.010504287175657 ], [ 56.253048119681964, 58.010504485804688 ], [ 56.253048868126236, 58.010468560699259 ], [ 56.25308271080241, 58.010468759319032 ], [ 56.253083459210984, 58.010432834213113 ], [ 56.253117301853706, 58.010433032823606 ], [ 56.253118050226597, 58.010397107717189 ], [ 56.253151892835859, 58.010397306318417 ], [ 56.253152641173045, 58.010361381211524 ], [ 56.253186483748856, 58.010361579803458 ], [ 56.253187232050351, 58.010325654696082 ], [ 56.253221074592709, 58.010325853278758 ], [ 56.253222196990741, 58.010271965616866 ], [ 56.253256039482686, 58.010272164190141 ], [ 56.253256787711898, 58.010236239081671 ], [ 56.25329063017039, 58.010236437645666 ], [ 56.253291378363912, 58.010200512536713 ], [ 56.253325220788952, 58.010200711091436 ], [ 56.253325968946768, 58.010164785982013 ], [ 56.253359811338363, 58.010164984527449 ], [ 56.253359063214447, 58.010200909637156 ], [ 56.253392905640382, 58.010201108173867 ], [ 56.253392531594706, 58.010219070728787 ], [ 56.253460216481841, 58.010219467775507 ], [ 56.25345984246961, 58.010237430330641 ], [ 56.253527527392436, 58.010237827341633 ], [ 56.253527153413664, 58.010255789897009 ], [ 56.253560995892698, 58.010255988389154 ], [ 56.253561369854516, 58.010238025833651 ], [ 56.253629054780028, 58.010238422790657 ], [ 56.25362868085211, 58.010256385346452 ], [ 56.253730208294591, 58.0102569807149 ], [ 56.253730956048273, 58.010221055602472 ], [ 56.253764798496093, 58.010221254040346 ], [ 56.253765546214083, 58.010185328927442 ], [ 56.253799388628444, 58.010185527356043 ], [ 56.253800510151216, 58.010131639685866 ], [ 56.253732825424635, 58.010131242820492 ], [ 56.253733199298573, 58.010113280263944 ], [ 56.253665514607682, 58.010112883362844 ], [ 56.253665140699852, 58.010130845919122 ], [ 56.253631298338128, 58.010130647454943 ], [ 56.253631672262912, 58.0101126848988 ], [ 56.253563987574715, 58.01011228794372 ], [ 56.253564361532952, 58.010094325387783 ], [ 56.253496676880452, 58.010093928396984 ], [ 56.253497050872134, 58.010075965841303 ], [ 56.25346320856351, 58.010075767332538 ], [ 56.253463956579452, 58.010039842221254 ], [ 56.253497798854177, 58.010040040729749 ], [ 56.253498546834422, 58.010004115617996 ], [ 56.253532389075694, 58.010004314117211 ], [ 56.253533137020248, 58.009968389004946 ], [ 56.253566979228069, 58.009968587494903 ], [ 56.253565857361423, 58.010022475163602 ], [ 56.253633541880113, 58.010022872117304 ], [ 56.25363316795756, 58.010040834673703 ], [ 56.253700852511948, 58.0100412315917 ], [ 56.253700478622854, 58.010059194148333 ], [ 56.253768163212932, 58.010059591030604 ], [ 56.253767789357298, 58.010077553587465 ], [ 56.253869316296623, 58.010078148843796 ], [ 56.253870063905737, 58.010042223729201 ], [ 56.25390390618584, 58.010042422129715 ], [ 56.253904653759264, 58.010006497014672 ], [ 56.253938496005908, 58.010006695405892 ], [ 56.253939991079591, 58.009934845174598 ], [ 56.253906148900747, 58.009934646783897 ], [ 56.253906522684993, 58.009916684226077 ], [ 56.253872680523543, 58.009916485826565 ], [ 56.253874549522834, 58.009826673037345 ], [ 56.253908391599531, 58.009826871436196 ], [ 56.253911008061081, 58.009701133528154 ], [ 56.253944850019565, 58.009701331917029 ], [ 56.253945597542078, 58.009665406799705 ], [ 56.253979439467116, 58.009665605179308 ], [ 56.253980186953932, 58.009629680061508 ], [ 56.254014028845511, 58.009629878431866 ], [ 56.254014776296643, 58.009593953313541 ], [ 56.254048618154769, 58.009594151674627 ], [ 56.254049365570211, 58.009558226555811 ], [ 56.254083207394885, 58.009558424907603 ], [ 56.254083954774636, 58.009522499788339 ], [ 56.254117796565858, 58.009522698130873 ], [ 56.254118917581273, 58.009468810451146 ], [ 56.254152759322089, 58.009469008784279 ], [ 56.254153506629557, 58.009433083663922 ], [ 56.25418734833692, 58.009433281987761 ], [ 56.254187721973032, 58.009415319427362 ], [ 56.254221563663904, 58.00941551774207 ], [ 56.254222310900886, 58.009379592620853 ], [ 56.254256152558298, 58.009379790926282 ], [ 56.254256899759589, 58.009343865804581 ], [ 56.254290741383549, 58.009344064100738 ], [ 56.254289620631788, 58.009397951783647 ], [ 56.254357303982744, 58.009398348349784 ], [ 56.254356930431825, 58.009416310910922 ], [ 56.254424613818479, 58.009416707441346 ], [ 56.254424240301013, 58.009434670002719 ], [ 56.25449192372335, 58.009435066497446 ], [ 56.254491550239344, 58.009453029059031 ], [ 56.254559233697364, 58.009453425518018 ], [ 56.254559607147478, 58.009435462956183 ], [ 56.254593448860213, 58.009435661172034 ], [ 56.25459419572519, 58.009399736047904 ], [ 56.254628037404473, 58.009399934254496 ], [ 56.254628784233759, 58.009364009129882 ], [ 56.25466262587959, 58.009364207327202 ], [ 56.254663372673193, 58.009328282202077 ], [ 56.254697214285564, 58.009328480390131 ], [ 56.254697961043476, 58.009292555264523 ], [ 56.254731802622395, 58.009292753443304 ], [ 56.254732549344617, 58.009256828317227 ], [ 56.254766390890083, 58.009257026486736 ], [ 56.254767137576621, 58.009221101360133 ], [ 56.254800979088635, 58.009221299520384 ], [ 56.254801725739483, 58.009185374393333 ], [ 56.254835567218045, 58.009185572544297 ], [ 56.254835940525844, 58.009167609980551 ], [ 56.254869781987914, 58.009167808122349 ], [ 56.254869408697054, 58.009185770686251 ], [ 56.254937091656423, 58.009186166943174 ], [ 56.254936718399023, 58.009204129507275 ], [ 56.255004401394075, 58.009204525728485 ], [ 56.255004028170134, 58.009222488292835 ], [ 56.255071711200877, 58.009222884478312 ], [ 56.255071338010374, 58.009240847042847 ], [ 56.255139021076808, 58.009241243192633 ], [ 56.255138647919765, 58.009259205757395 ], [ 56.255206331021881, 58.009259601871477 ], [ 56.255205957898298, 58.009277564436459 ], [ 56.255273641036098, 58.009277960514801 ], [ 56.255273267945967, 58.009295923080032 ], [ 56.25534095111945, 58.009296319122654 ], [ 56.255340578062771, 58.009314281688077 ], [ 56.255374419667142, 58.00931447969603 ], [ 56.255374792706874, 58.009296517130466 ], [ 56.255442475883044, 58.009296913119101 ], [ 56.255443221893366, 58.009260987987268 ], [ 56.255477063448225, 58.009261185967802 ], [ 56.255477436435768, 58.00924322340164 ], [ 56.255511277974115, 58.00924342137305 ], [ 56.255512396883205, 58.00918953367389 ], [ 56.25554623837116, 58.0091897316359 ], [ 56.255546984274424, 58.009153806502589 ], [ 56.255513142820369, 58.009153608540856 ], [ 56.255512769852018, 58.009171571107402 ], [ 56.255445086911358, 58.009171175156666 ], [ 56.255445459913609, 58.009153212590427 ], [ 56.25537777700864, 58.009152816603979 ], [ 56.255378150044343, 58.009134854037924 ], [ 56.255310467175057, 58.009134458015765 ], [ 56.255310840244228, 58.009116495449923 ], [ 56.255243157410625, 58.00911609939206 ], [ 56.255243530513241, 58.009098136826459 ], [ 56.255175847715329, 58.009097740732862 ], [ 56.255176220851396, 58.009079778167475 ], [ 56.255108538089175, 58.009079382038166 ], [ 56.255108911258695, 58.009061419473021 ], [ 56.255041228532157, 58.009061023308 ], [ 56.25504160173513, 58.00904306074306 ], [ 56.254973919044275, 58.009042664542314 ], [ 56.2549742922807, 58.009024701977602 ], [ 56.254906609625536, 58.009024305741136 ], [ 56.254906982895413, 58.009006343176651 ], [ 56.254839300275947, 58.009005946904487 ], [ 56.254839673579276, 58.008987984340216 ], [ 56.254771990995486, 58.008987588032319 ], [ 56.254772364332268, 58.008969625468268 ], [ 56.254738523057995, 58.008969427300968 ], [ 56.254738149704259, 58.008987389864892 ], [ 56.254704308413487, 58.008987191688448 ], [ 56.254706175262427, 58.008897378869058 ], [ 56.254740016468453, 58.008897577044813 ], [ 56.254739643116508, 58.008915539608928 ], [ 56.254773484339935, 58.00891573777583 ], [ 56.254773111004496, 58.008933700340037 ], [ 56.254840793486586, 58.008934096647081 ], [ 56.254840420184593, 58.008952059211516 ], [ 56.254908102702373, 58.00895245548287 ], [ 56.254907729433832, 58.008970418047518 ], [ 56.254975411987303, 58.008970814283146 ], [ 56.254975038752214, 58.008988776848014 ], [ 56.255008880046567, 58.008988974952473 ], [ 56.255009253264703, 58.00897101238747 ], [ 56.255110777099588, 58.008971606646426 ], [ 56.255110403932306, 58.008989569211863 ], [ 56.255144245228443, 58.008989767280333 ], [ 56.255144618378786, 58.008971804714754 ], [ 56.255178459658424, 58.008972002774094 ], [ 56.255179205923859, 58.008936077642538 ], [ 56.255213047170038, 58.008936275692598 ], [ 56.25521379339979, 58.00890035056058 ], [ 56.255247634612523, 58.008900548601339 ], [ 56.255252111750067, 58.008684997803059 ], [ 56.255285952759856, 58.008685195833195 ], [ 56.255287445056936, 58.008613345564875 ], [ 56.255321285999372, 58.008613543585462 ], [ 56.255323524329903, 58.008505768180562 ], [ 56.25528968348916, 58.008505570160807 ], [ 56.25529005655963, 58.008487607593274 ], [ 56.255222374913394, 58.008487211527012 ], [ 56.255224240428547, 58.008397398689986 ], [ 56.255258081166701, 58.008397596726908 ], [ 56.255257708081508, 58.008415559294555 ], [ 56.255359230349498, 58.008416153351803 ], [ 56.255359976417736, 58.008380228215614 ], [ 56.255393817140728, 58.008380426216426 ], [ 56.255394936188885, 58.008326538511341 ], [ 56.255428776861471, 58.008326736502738 ], [ 56.255429149859687, 58.008308773934125 ], [ 56.255462990515774, 58.008308971916385 ], [ 56.255463363496588, 58.008291009347616 ], [ 56.255497204136169, 58.008291207320731 ], [ 56.25549757709959, 58.008273244751756 ], [ 56.255599098970187, 58.008273838616731 ], [ 56.255599471882313, 58.008255876047301 ], [ 56.255633312489792, 58.008256073984157 ], [ 56.255633685384517, 58.008238111414521 ], [ 56.255667525975497, 58.008238309342261 ], [ 56.255665661582121, 58.008328122190619 ], [ 56.255699502258288, 58.008328320110024 ], [ 56.255698756531707, 58.008364245249275 ], [ 56.255732597242222, 58.008364443159977 ], [ 56.25573222439521, 58.008382405729655 ], [ 56.255766065123119, 58.008382603631489 ], [ 56.255765692292613, 58.008400566201253 ], [ 56.255901055276496, 58.008401357719166 ], [ 56.255900682513335, 58.008419320289427 ], [ 56.255968364041856, 58.008419715994677 ], [ 56.255967991312147, 58.00843767856518 ], [ 56.256035672876351, 58.008438074234689 ], [ 56.256035300180095, 58.008456036805399 ], [ 56.256069140979811, 58.008456234626806 ], [ 56.256068768300061, 58.0084741971976 ], [ 56.256102609117178, 58.008474395010161 ], [ 56.256102236453927, 58.008492357581034 ], [ 56.256169918123398, 58.008492753179404 ], [ 56.256169545493599, 58.008510715750504 ], [ 56.256237227198753, 58.008511111313176 ], [ 56.256236854602406, 58.008529073884468 ], [ 56.256270695472601, 58.008529271652435 ], [ 56.256271068051994, 58.008511309081008 ], [ 56.256304908905683, 58.008511506839831 ], [ 56.256305281467682, 58.008493544268184 ], [ 56.256339122304873, 58.008493742017876 ], [ 56.256339494849477, 58.008475779446044 ], [ 56.256441017312866, 58.008476372640743 ], [ 56.256440644819108, 58.008494335213001 ], [ 56.256508326497503, 58.008494730631412 ], [ 56.256507954037204, 58.00851269320389 ], [ 56.256609476608979, 58.008513286264467 ], [ 56.256609104199072, 58.008531248837272 ], [ 56.256676785949722, 58.008531644166261 ], [ 56.256676413573274, 58.008549606739336 ], [ 56.256710254466213, 58.008549804390462 ], [ 56.256709882106264, 58.008567766963587 ], [ 56.256743723016605, 58.008567964605888 ], [ 56.256743350673162, 58.008585927179098 ], [ 56.256777191600889, 58.008586124812531 ], [ 56.256776819273945, 58.00860408738582 ], [ 56.256810660219074, 58.008604285010392 ], [ 56.256811404838615, 58.008568359863446 ], [ 56.256845245750291, 58.008568557478725 ], [ 56.256845990334142, 58.00853263233131 ], [ 56.256913672091038, 58.00853302753432 ], [ 56.256913299833229, 58.008550990108347 ], [ 56.256980981625802, 58.008551385275652 ], [ 56.256980609401452, 58.008569347849885 ], [ 56.257014450315353, 58.008569545420187 ], [ 56.257014078107503, 58.008587507994505 ], [ 56.257081759970546, 58.008587903108392 ], [ 56.257081387796148, 58.00860586568291 ], [ 56.257115228745292, 58.008606063226502 ], [ 56.257114856587393, 58.008624025801112 ], [ 56.257216379488334, 58.008624618378285 ], [ 56.25721600738084, 58.008642580953264 ], [ 56.257249848365667, 58.00864277846113 ], [ 56.257250592546306, 58.008606853310837 ], [ 56.257216751595386, 58.008606655803241 ], [ 56.257217123701984, 58.008588693228155 ], [ 56.257183282768459, 58.00858849571172 ], [ 56.257183654891563, 58.008570533136698 ], [ 56.257149813975424, 58.008570335611402 ], [ 56.257150186115041, 58.008552373036473 ], [ 56.257116345216296, 58.008552175502309 ], [ 56.257116717372412, 58.008534212927472 ], [ 56.257049035610173, 58.008533817832429 ], [ 56.257049407799734, 58.008515855257805 ], [ 56.256981726073178, 58.008515460127043 ], [ 56.256982098296191, 58.008497497552646 ], [ 56.256914416605312, 58.008497102386158 ], [ 56.256914788861785, 58.008479139811989 ], [ 56.256847107206589, 58.008478744609789 ], [ 56.256847479496514, 58.00846078203584 ], [ 56.256779797876995, 58.0084603867979 ], [ 56.256780170200372, 58.008442424224192 ], [ 56.256712488616536, 58.00844202895054 ], [ 56.256712860973359, 58.008424066377039 ], [ 56.256645179425213, 58.008423671067675 ], [ 56.256645551815488, 58.008405708494401 ], [ 56.25661171105903, 58.008405510826378 ], [ 56.256612083465811, 58.008387548253168 ], [ 56.256544401988137, 58.008387152890371 ], [ 56.25654477442837, 58.008369190317417 ], [ 56.256510933707148, 58.008368992622657 ], [ 56.256511306163887, 58.008351030049752 ], [ 56.256477465460058, 58.008350832346153 ], [ 56.256477837933296, 58.008332869773334 ], [ 56.256443997246862, 58.008332672060874 ], [ 56.256444369736613, 58.008314709488133 ], [ 56.25637668839898, 58.008314314036475 ], [ 56.256377060922176, 58.008296351463962 ], [ 56.256343220270978, 58.008296153724778 ], [ 56.25634359281068, 58.008278191152371 ], [ 56.256275911543526, 58.008277795647253 ], [ 56.256276284116673, 58.008259833075059 ], [ 56.25624244350071, 58.008259635309145 ], [ 56.256242816090364, 58.008241672737043 ], [ 56.256175134893681, 58.008241277178506 ], [ 56.256175507516787, 58.008223314606617 ], [ 56.256141666936067, 58.008223116813987 ], [ 56.256142039575664, 58.008205154242177 ], [ 56.25607435844946, 58.008204758630193 ], [ 56.256074731122517, 58.008186796058624 ], [ 56.256040890577033, 58.008186598239263 ], [ 56.256041263266589, 58.008168635667772 ], [ 56.255973582210856, 58.008168240002355 ], [ 56.255973954933864, 58.008150277431078 ], [ 56.255940114423616, 58.008150079585015 ], [ 56.255940487163123, 58.008132117013822 ], [ 56.255872806177869, 58.008131721294973 ], [ 56.255873178950829, 58.008113758723987 ], [ 56.255839338475816, 58.008113560851214 ], [ 56.255839711265281, 58.008095598280327 ], [ 56.255805870807663, 58.008095400398688 ], [ 56.255806243613634, 58.008077437827886 ], [ 56.255873924495411, 58.008077833581901 ], [ 56.25587467003821, 58.008041908439587 ], [ 56.255908510445877, 58.008042106302838 ], [ 56.255908137691655, 58.008060068874151 ], [ 56.255975818542218, 58.008060464573909 ], [ 56.255975445821434, 58.008078427145442 ], [ 56.256009286264337, 58.008078624981962 ], [ 56.256010031671551, 58.008042699838562 ], [ 56.255976191262548, 58.008042502002311 ], [ 56.25597693670187, 58.008006576858982 ], [ 56.256010777076973, 58.008006774694948 ], [ 56.256011149779013, 58.007988812123074 ], [ 56.255977309420864, 58.007988614287243 ], [ 56.255978427575158, 58.007934726571662 ], [ 56.256012267882468, 58.007934924407103 ], [ 56.256013013282534, 58.007898999262856 ], [ 56.256046853556398, 58.007899197089003 ], [ 56.256047598920787, 58.00786327194426 ], [ 56.256081439161193, 58.007863469761148 ], [ 56.256081811825766, 58.00784550718857 ], [ 56.256115652049679, 58.007845704996328 ], [ 56.256115279402053, 58.00786366756904 ], [ 56.256250640369949, 58.007864458710579 ], [ 56.256251012949775, 58.007846496137319 ], [ 56.25628485317592, 58.007846693900063 ], [ 56.256285598300344, 58.007810768753103 ], [ 56.256251758108107, 58.007810570990614 ], [ 56.256252130686597, 58.007792608417184 ], [ 56.256184450337344, 58.007792212865517 ], [ 56.256184822949294, 58.007774250292321 ], [ 56.256150982792285, 58.007774052503116 ], [ 56.256151728048735, 58.007738127356816 ], [ 56.256219408295401, 58.007738522925671 ], [ 56.256219035701299, 58.007756485499129 ], [ 56.256286715983649, 58.007756881032257 ], [ 56.256286343422993, 58.00777484360593 ], [ 56.256354023741025, 58.00777523910336 ], [ 56.256353651213828, 58.007793201677238 ], [ 56.256421331567537, 58.007793597138942 ], [ 56.256420959073779, 58.007811559713062 ], [ 56.256488639463178, 58.007811955139054 ], [ 56.256488267002879, 58.007829917713373 ], [ 56.256555947427948, 58.007830313103646 ], [ 56.256555575001094, 58.007848275678199 ], [ 56.256623255461861, 58.007848671032775 ], [ 56.256622883068459, 58.007866633607534 ], [ 56.256690563564888, 58.007867028926384 ], [ 56.256690191204946, 58.007884991501392 ], [ 56.256757871737065, 58.007885386784523 ], [ 56.256757499410561, 58.007903349359715 ], [ 56.25685902026293, 58.007903942217361 ], [ 56.256858647986824, 58.007921904792951 ], [ 56.256926328591206, 58.007922299986632 ], [ 56.256925956348553, 58.007940262562421 ], [ 56.2570274773093, 58.007940855285923 ], [ 56.257027105117054, 58.00795881786209 ], [ 56.257128626132655, 58.007959410504995 ], [ 56.257128253990807, 58.007977373081516 ], [ 56.257195934704001, 58.007977768132093 ], [ 56.257195562595605, 58.007995730708828 ], [ 56.257263243344475, 58.007996125723672 ], [ 56.257262871269525, 58.008014088300619 ], [ 56.25736439244703, 58.008014680755849 ], [ 56.257364020422486, 58.008032643333159 ], [ 56.257431701243604, 58.008033038258603 ], [ 56.257431329252519, 58.008051000836126 ], [ 56.257499010109321, 58.008051395725829 ], [ 56.257498638151674, 58.008069358303594 ], [ 56.257566319044159, 58.008069753157592 ], [ 56.257565947119971, 58.008087715735563 ], [ 56.257633628048133, 58.008088110553857 ], [ 56.257633256157391, 58.008106073132055 ], [ 56.257667096639089, 58.00810627052784 ], [ 56.257666724764853, 58.008124233106123 ], [ 56.257734405763486, 58.008124627870963 ], [ 56.257734033922695, 58.008142590449481 ], [ 56.257801714957004, 58.008142985178608 ], [ 56.257801343149673, 58.008160947757339 ], [ 56.257835183684449, 58.008161145108545 ], [ 56.257834811893616, 58.008179107687369 ], [ 56.257902492998397, 58.008179502363056 ], [ 56.257902121241017, 58.008197464942086 ], [ 56.257935961811029, 58.008197662266575 ], [ 56.257935590070154, 58.008215624845697 ], [ 56.2580032712454, 58.008216019467945 ], [ 56.258002899537978, 58.008233982047301 ], [ 56.2580705807489, 58.008234376633823 ], [ 56.25807020907493, 58.008252339213385 ], [ 56.258137890321528, 58.008252733764209 ], [ 56.258137518681018, 58.008270696343999 ], [ 56.258205199963292, 58.008271090859097 ], [ 56.258204828356227, 58.008289053439093 ], [ 56.258238669014986, 58.008289250683291 ], [ 56.258238297424427, 58.008307213263393 ], [ 56.258305978777166, 58.008307607725051 ], [ 56.258305607220066, 58.008325570305345 ], [ 56.258271766526519, 58.008325373078883 ], [ 56.258271023377077, 58.008361298239073 ], [ 56.258237182650085, 58.008361101003338 ], [ 56.258236067871735, 58.008414988742821 ], [ 56.258202227094344, 58.008414791497664 ], [ 56.258201483872647, 58.008450716656803 ], [ 56.258167643061803, 58.008450519402359 ], [ 56.258166528175082, 58.008504407140229 ], [ 56.258065005592655, 58.00850381532176 ], [ 56.258064633912014, 58.00852177790054 ], [ 56.258132315667076, 58.008522172455464 ], [ 56.258131944019887, 58.008540135034451 ], [ 56.258233466706677, 58.008540726799765 ], [ 56.258233095109894, 58.008558689379136 ], [ 56.258334617851531, 58.008559281063867 ], [ 56.258335732488021, 58.008505393324427 ], [ 56.258369573351942, 58.008505590534249 ], [ 56.258371802511213, 58.008397815053115 ], [ 56.258405643273882, 58.00839801225316 ], [ 56.258406014781919, 58.008380049672645 ], [ 56.258473696274706, 58.008380444045414 ], [ 56.258474067748402, 58.008362481464573 ], [ 56.258406386289515, 58.008362087092053 ], [ 56.258406757796664, 58.008344124511446 ], [ 56.258339076373453, 58.008343730103228 ], [ 56.258339447914054, 58.008325767522827 ], [ 56.258542492087329, 58.008326950638711 ], [ 56.258542120648414, 58.008344913219929 ], [ 56.258677483507299, 58.008345701784457 ], [ 56.258677112135736, 58.008363664366151 ], [ 56.259015519483548, 58.008365635148984 ], [ 56.259015890685617, 58.008347672565918 ], [ 56.25898204996578, 58.008347475528261 ], [ 56.258982421184349, 58.008329512945252 ], [ 56.25901626188724, 58.008329709982782 ], [ 56.259016633088414, 58.00831174739961 ], [ 56.258982792402477, 58.008311550362222 ], [ 56.258983163620158, 58.008293587779114 ], [ 56.258949322951615, 58.00829339073286 ], [ 56.258949694185802, 58.008275428149851 ], [ 56.258882012883952, 58.008275034030639 ], [ 56.25888238415159, 58.008257071447851 ], [ 56.258848543518276, 58.008256874374894 ], [ 56.258848914802421, 58.008238911792176 ], [ 56.258781233571035, 58.008238517619532 ], [ 56.258781604888625, 58.008220555037035 ], [ 56.258713923692916, 58.008220160828671 ], [ 56.258714295043966, 58.008202198246387 ], [ 56.25864661388394, 58.008201804002319 ], [ 56.258646985268435, 58.008183841420276 ], [ 56.258579304144078, 58.008183447140475 ], [ 56.258579675562032, 58.008165484558653 ], [ 56.258511994473352, 58.008165090243139 ], [ 56.258512365924766, 58.00814712766153 ], [ 56.258410844345917, 58.008146536121195 ], [ 56.25841121584773, 58.008128573539928 ], [ 56.25834353483129, 58.008128179134978 ], [ 56.258343906366555, 58.008110216553959 ], [ 56.258276225385799, 58.008109822113305 ], [ 56.258276596954509, 58.008091859532485 ], [ 56.25820891600943, 58.008091465056111 ], [ 56.258209287611592, 58.008073502475533 ], [ 56.258141606702189, 58.008073107963455 ], [ 56.258141978337811, 58.008055145383075 ], [ 56.258074297464084, 58.008054750835271 ], [ 56.258074669133151, 58.008036788255147 ], [ 56.258040828713909, 58.008036590967876 ], [ 56.258041200399482, 58.008018628387802 ], [ 56.25797351959622, 58.008018233786586 ], [ 56.257973891315245, 58.008000271206733 ], [ 56.257906210547659, 58.007999876569784 ], [ 56.257906582300137, 58.007981913990157 ], [ 56.257838901568235, 58.007981519317497 ], [ 56.257839273354165, 58.007963556738098 ], [ 56.257771592657939, 58.007963162029711 ], [ 56.257771964477321, 58.007945199450532 ], [ 56.257704283816771, 58.007944804706419 ], [ 56.257704655669606, 58.007926842127482 ], [ 56.257670815356946, 58.007926644742057 ], [ 56.257671187226286, 58.007908682163183 ], [ 56.257738867818148, 58.007909076924747 ], [ 56.257738495982707, 58.00792703950389 ], [ 56.257806176610245, 58.007927434229721 ], [ 56.257805804808257, 58.007945396809077 ], [ 56.257873485471478, 58.00794579149921 ], [ 56.257873113702942, 58.007963754078794 ], [ 56.25794079440184, 58.007964148733215 ], [ 56.257940422666756, 58.007982111313005 ], [ 56.258008103401338, 58.007982505931686 ], [ 56.258007731699699, 58.008000468511732 ], [ 56.258075412469957, 58.008000863094708 ], [ 56.258075040801778, 58.008018825674924 ], [ 56.258142721607705, 58.008019220222202 ], [ 56.258142349972985, 58.008037182802674 ], [ 56.258210030814588, 58.008037577314226 ], [ 56.258210402415422, 58.008019614733456 ], [ 56.258244242819949, 58.008019811975608 ], [ 56.258244614403381, 58.008001849394688 ], [ 56.258176933628675, 58.008001454901681 ], [ 56.258177305245567, 58.007983492320953 ], [ 56.258109624506538, 58.007983097792255 ], [ 56.258109996156875, 58.007965135211762 ], [ 56.25804231545353, 58.007964740647331 ], [ 56.258042687137326, 58.007946778067044 ], [ 56.25797500646965, 58.007946383466908 ], [ 56.257975378186899, 58.007928420886863 ], [ 56.257873857239574, 58.00792782891957 ], [ 56.257874229007214, 58.007909866339887 ], [ 56.257806548411793, 58.007909471650315 ], [ 56.257806920212893, 58.007891509070852 ], [ 56.257739239653141, 58.007891114345568 ], [ 56.257739611487686, 58.007873151766319 ], [ 56.257671930963618, 58.007872757005295 ], [ 56.257672302831622, 58.007854794426279 ], [ 56.257638462587195, 58.00785459703242 ], [ 56.257638834471706, 58.007836634453483 ], [ 56.25760499424468, 58.007836437050756 ], [ 56.257605366145683, 58.007818474471897 ], [ 56.257537685726867, 58.007818079639733 ], [ 56.257538057661328, 58.007800117061102 ], [ 56.257504217469538, 58.007799919631651 ], [ 56.257504589420499, 58.007781957053112 ], [ 56.257436909072148, 58.007781562167516 ], [ 56.257437281056561, 58.00776359958919 ], [ 56.257369600743885, 58.007763204667853 ], [ 56.257369972761751, 58.007745242089761 ], [ 56.257302292484752, 58.007744847132727 ], [ 56.25730266453607, 58.007726884554849 ], [ 56.257234984294762, 58.007726489562089 ], [ 56.257235356379525, 58.007708526984416 ], [ 56.257167676173893, 58.007708131955958 ], [ 56.257168048292101, 58.007690169378527 ], [ 56.257066528037839, 58.007689576768762 ], [ 56.257066900206453, 58.007671614191679 ], [ 56.25699922007307, 58.007671219073799 ], [ 56.256999592275136, 58.007653256496937 ], [ 56.256931912177429, 58.007652861343338 ], [ 56.256932284412947, 58.007634898766689 ], [ 56.256864604350916, 58.007634503577378 ], [ 56.25686497661988, 58.007616541000957 ], [ 56.25679729659354, 58.007616145775934 ], [ 56.256797668895963, 58.007598183199718 ], [ 56.256729988905292, 58.00759778793897 ], [ 56.256730361241154, 58.00757982536301 ], [ 56.256696521263443, 58.007579627719274 ], [ 56.25669689361581, 58.007561665143378 ], [ 56.256629213695611, 58.007561269829203 ], [ 56.256629586081431, 58.007543307253528 ], [ 56.256561906196914, 58.007542911903634 ], [ 56.25656227861618, 58.007524949328165 ], [ 56.256494598767347, 58.007524553942567 ], [ 56.256494971220064, 58.007506591367338 ], [ 56.256427291406908, 58.007506195946014 ], [ 56.256427663893078, 58.007488233371006 ], [ 56.256359984115605, 58.007487837913956 ], [ 56.25636035663522, 58.007469875339204 ], [ 56.25622499715341, 58.007469084317684 ], [ 56.256225369740378, 58.007451121743394 ], [ 56.256191529887992, 58.007450923965663 ], [ 56.256191902491459, 58.007432961391473 ], [ 56.256124222821917, 58.007432565809296 ], [ 56.2561249680953, 58.007396640661291 ], [ 56.25615880789595, 58.007396838456593 ], [ 56.256159925751838, 58.007342950733772 ], [ 56.25619376550209, 58.007343148519674 ], [ 56.256194510703224, 58.007307223370589 ], [ 56.256228350420031, 58.007307421147225 ], [ 56.256229095585475, 58.007271495997642 ], [ 56.256195255902568, 58.007271298221291 ], [ 56.256196001100129, 58.007235373071772 ], [ 56.25622984074915, 58.007235570847861 ], [ 56.256230213330305, 58.007217608272882 ], [ 56.25626405296282, 58.007217806039847 ], [ 56.256263680398604, 58.007235768614954 ], [ 56.256297520048513, 58.007235966373045 ], [ 56.256297892595775, 58.007218003797796 ], [ 56.256331732229185, 58.007218201546749 ], [ 56.256332104759061, 58.007200238971336 ], [ 56.256399783993309, 58.007200634441972 ], [ 56.256400156488844, 58.007182671866204 ], [ 56.256433996089697, 58.007182869587893 ], [ 56.256434368567831, 58.007164907011948 ], [ 56.256468208152178, 58.0071651047245 ], [ 56.256468580612925, 58.007147142148348 ], [ 56.256502420180766, 58.007147339851777 ], [ 56.256502792624119, 58.007129377275454 ], [ 56.256536632175461, 58.007129574969738 ], [ 56.256539239147806, 58.007003836932988 ], [ 56.256573078580956, 58.00700403461731 ], [ 56.256573450986849, 58.006986072040284 ], [ 56.256539611570638, 58.006985874356104 ], [ 56.256540356414966, 58.006949949202173 ], [ 56.256574195797292, 58.006950146886084 ], [ 56.256574568201835, 58.006932184308909 ], [ 56.256608407567654, 58.006932381983674 ], [ 56.25660877995481, 58.0069144194063 ], [ 56.256642619304117, 58.006914617071963 ], [ 56.256642991673878, 58.006896654494383 ], [ 56.256304598370306, 58.00689467743441 ], [ 56.256304970909092, 58.006876714858166 ], [ 56.25627113159814, 58.006876517102818 ], [ 56.256271504153432, 58.006858554526652 ], [ 56.256237664859867, 58.006858356762457 ], [ 56.256237292287629, 58.006876319338481 ], [ 56.256203452977566, 58.006876121565142 ], [ 56.256203080387934, 58.006894084140974 ], [ 56.256169241061365, 58.00689388635849 ], [ 56.256168868454345, 58.006911848934159 ], [ 56.256135029111277, 58.006911651142524 ], [ 56.256134283861982, 58.006947576293385 ], [ 56.256100444485476, 58.006947378492505 ], [ 56.256100071843214, 58.006965341067712 ], [ 56.256066232450202, 58.006965143257695 ], [ 56.256065487130449, 58.007001068407689 ], [ 56.256031647703978, 58.007000870588413 ], [ 56.256030902348549, 58.007036795737903 ], [ 56.255997062888632, 58.007036597909348 ], [ 56.255996317497519, 58.007072523058376 ], [ 56.255962478004157, 58.007072325220534 ], [ 56.255961732577362, 58.007108250369072 ], [ 56.255927893050554, 58.007108052521971 ], [ 56.255927147588082, 58.007143977670012 ], [ 56.255893308027822, 58.007143779813646 ], [ 56.255892935278972, 58.007161742387467 ], [ 56.255859095702206, 58.007161544521942 ], [ 56.255858350169262, 58.00719746966913 ], [ 56.255824510559059, 58.00719727179434 ], [ 56.255824137774965, 58.007215234367735 ], [ 56.255790298148256, 58.0072150364838 ], [ 56.255791416550025, 58.007161148763956 ], [ 56.255723737399627, 58.007160752969959 ], [ 56.255724110233224, 58.00714279039682 ], [ 56.25565643111851, 58.007142394567126 ], [ 56.255656803985545, 58.007124431994228 ], [ 56.255622964445806, 58.007124234066019 ], [ 56.255623337329354, 58.0071062714932 ], [ 56.255521818763654, 58.007105677654991 ], [ 56.25552293756413, 58.007051789937485 ], [ 56.255556777034741, 58.00705198789214 ], [ 56.255557895780349, 58.006998100173725 ], [ 56.255591735200568, 58.006998298118965 ], [ 56.255592480994842, 58.006962372972801 ], [ 56.255558641608523, 58.006962175027837 ], [ 56.255559387434914, 58.006926249881779 ], [ 56.255525548082936, 58.006926051928062 ], [ 56.255526293941429, 58.006890126782061 ], [ 56.255492454623798, 58.006889928819653 ], [ 56.255491708731405, 58.006925853965392 ], [ 56.255457869380322, 58.006925655993697 ], [ 56.255457123452253, 58.006961581138953 ], [ 56.255423284067717, 58.006961383157986 ], [ 56.255422538103957, 58.006997308302758 ], [ 56.255388698685977, 58.006997110312554 ], [ 56.255387952686547, 58.007033035456828 ], [ 56.255354113235114, 58.007032837457309 ], [ 56.255355232284444, 58.00697894974121 ], [ 56.255389071685023, 58.00697914774031 ], [ 56.255390563676748, 58.006907297450923 ], [ 56.255424403009997, 58.006907495440451 ], [ 56.25542589492678, 58.006835645149664 ], [ 56.255459734192684, 58.00683584312965 ], [ 56.255461971952784, 58.00672806769105 ], [ 56.255495811117441, 58.006728265661231 ], [ 56.255499540512403, 58.006548639924645 ], [ 56.25546570151721, 58.00654844195585 ], [ 56.25546644742473, 58.006512516808172 ], [ 56.255398769503472, 58.006512120844121 ], [ 56.255400261448735, 58.006440270549263 ], [ 56.255366422556563, 58.006440072554277 ], [ 56.255368287562824, 58.006350259685178 ], [ 56.255469803986486, 58.006350853641017 ], [ 56.255469431036964, 58.006368816215385 ], [ 56.255570947515494, 58.00636941009067 ], [ 56.255570574616364, 58.006387372665358 ], [ 56.255638252304834, 58.006387768537508 ], [ 56.255637879439156, 58.006405731112416 ], [ 56.25570555716331, 58.006406126948868 ], [ 56.255705184331077, 58.006424089524025 ], [ 56.255772862090907, 58.006424485324757 ], [ 56.255772489292127, 58.006442447900106 ], [ 56.256009361584233, 58.006443832920212 ], [ 56.256009734264396, 58.006425870343882 ], [ 56.256077412032262, 58.006426265982668 ], [ 56.256078157323444, 58.006390340829313 ], [ 56.25601047962337, 58.006389945191074 ], [ 56.256010106944103, 58.006407907767503 ], [ 56.255807073752891, 58.006406720636051 ], [ 56.255807446533836, 58.006388758060446 ], [ 56.255739768840897, 58.006388362278265 ], [ 56.255740141655288, 58.006370399702881 ], [ 56.255706302826439, 58.00637020179844 ], [ 56.255706675657329, 58.006352239223126 ], [ 56.255672836845868, 58.006352041309817 ], [ 56.255673209693263, 58.006334078734618 ], [ 56.255605532105577, 58.006333682881284 ], [ 56.255605904986417, 58.006315720306276 ], [ 56.255504388659077, 58.006315126459214 ], [ 56.255504761590309, 58.006297163884589 ], [ 56.255437084074877, 58.006296767941855 ], [ 56.255437457039555, 58.00627880536743 ], [ 56.2553697795598, 58.006278409388948 ], [ 56.255370152557923, 58.006260446814764 ], [ 56.255234797671562, 58.00625965475043 ], [ 56.255235170737031, 58.006241692176737 ], [ 56.255167493330418, 58.006241296090863 ], [ 56.255167866429332, 58.006223333517397 ], [ 56.25510018905841, 58.006222937395812 ], [ 56.255100562190769, 58.006204974822566 ], [ 56.255032884855517, 58.006204578665269 ], [ 56.255033258021328, 58.006186616092229 ], [ 56.254965580721759, 58.006186219899227 ], [ 56.254965953921015, 58.006168257326422 ], [ 56.254898276657123, 58.006167861097673 ], [ 56.254898649889824, 58.006149898525123 ], [ 56.254830972661615, 58.006149502260669 ], [ 56.254831345927762, 58.006131539688312 ], [ 56.254763668735237, 58.00613114338816 ], [ 56.254764042034829, 58.006113180816037 ], [ 56.254730203456184, 58.00611298265261 ], [ 56.254729083505239, 58.006166870368418 ], [ 56.254796760764656, 58.006167266687129 ], [ 56.254796387480667, 58.006185229259238 ], [ 56.254864064775767, 58.006185625542216 ], [ 56.25486369152523, 58.006203588114552 ], [ 56.254931368856006, 58.006203984361818 ], [ 56.254930995638915, 58.006221946934382 ], [ 56.254998673005367, 58.006222343145936 ], [ 56.254998299821729, 58.00624030571872 ], [ 56.255065977223865, 58.006240701894562 ], [ 56.255065604073671, 58.006258664467573 ], [ 56.255133281511483, 58.006259060607704 ], [ 56.255132908394728, 58.006277023180914 ], [ 56.255166747131256, 58.006277221237632 ], [ 56.255163762316727, 58.006420921822652 ], [ 56.255062245701772, 58.006420327622259 ], [ 56.255062618855995, 58.006402365049695 ], [ 56.255096457710252, 58.006402563125349 ], [ 56.255097577119393, 58.006348675407047 ], [ 56.255063738315968, 58.006348477331784 ], [ 56.2550641114684, 58.006330514759043 ], [ 56.2549964338968, 58.006330118581836 ], [ 56.254996807082684, 58.006312156009315 ], [ 56.25492912954676, 58.006311759796382 ], [ 56.254929502766075, 58.006293797224089 ], [ 56.254827986516389, 58.006293202837625 ], [ 56.25482835978611, 58.006275240265701 ], [ 56.254693004860563, 58.006274447624989 ], [ 56.254692258185102, 58.006310372767707 ], [ 56.254658419420942, 58.006310174584776 ], [ 56.254657672709804, 58.006346099727004 ], [ 56.254623833912198, 58.006345901534779 ], [ 56.254623460539008, 58.006363864105694 ], [ 56.254657299353561, 58.006364062298047 ], [ 56.254656925996883, 58.006382024869033 ], [ 56.254724603661224, 58.006382421227009 ], [ 56.254724230337978, 58.00640038379823 ], [ 56.254791908038008, 58.00640078012048 ], [ 56.254791534748207, 58.006418742691935 ], [ 56.254859212483922, 58.006419138978487 ], [ 56.254858839227573, 58.006437101550134 ], [ 56.254926516998957, 58.006437497800981 ], [ 56.254926143776061, 58.006455460372855 ], [ 56.254892304873195, 58.006455262251791 ], [ 56.254891558392153, 58.006491187395113 ], [ 56.254857719455842, 58.006490989264783 ], [ 56.25485697293913, 58.006526914407608 ], [ 56.254823133969374, 58.006526716268006 ], [ 56.254822387416965, 58.006562641410333 ], [ 56.254788548413764, 58.006562443261473 ], [ 56.254787801825678, 58.006598368403331 ], [ 56.254753962789032, 58.006598170245169 ], [ 56.25475284285271, 58.006652057957147 ], [ 56.254719003765665, 58.006651859789606 ], [ 56.254718257105317, 58.006687784930385 ], [ 56.254684417984826, 58.006687586753543 ], [ 56.254683671288802, 58.006723511893838 ], [ 56.254649832134866, 58.006723313707738 ], [ 56.254649085403159, 58.006759238847543 ], [ 56.254615246215778, 58.00675904065217 ], [ 56.25461449944838, 58.006794965791499 ], [ 56.254580660227546, 58.006794767586847 ], [ 56.254579540022263, 58.006848655295045 ], [ 56.254545700751045, 58.006848457080999 ], [ 56.254544953911392, 58.006884382219241 ], [ 56.254511114606714, 58.006884183995901 ], [ 56.254511488043711, 58.006866221426939 ], [ 56.254443809469592, 58.006865824953572 ], [ 56.254444182940034, 58.006847862384838 ], [ 56.254376504401613, 58.006847465875737 ], [ 56.2543768779055, 58.00682950330723 ], [ 56.254241520901793, 58.006828710181644 ], [ 56.254241147330113, 58.006846672749603 ], [ 56.254207308063364, 58.006846474445567 ], [ 56.254206934474283, 58.006864437013363 ], [ 56.254173095191028, 58.006864238700203 ], [ 56.254172347977644, 58.006900163835319 ], [ 56.254104669344692, 58.006899767181451 ], [ 56.254105042985501, 58.006881804614189 ], [ 56.254071203686642, 58.006881606273915 ], [ 56.25407157734395, 58.00686364370673 ], [ 56.25386854166188, 58.006862453476856 ], [ 56.25386816790288, 58.006880416043202 ], [ 56.253800489311878, 58.006880019227673 ], [ 56.253800115518544, 58.006897981793692 ], [ 56.253698597584552, 58.006897386502509 ], [ 56.253698971428726, 58.006879423936887 ], [ 56.253631292842201, 58.006879027031374 ], [ 56.253631666719826, 58.006861064466008 ], [ 56.253597827444182, 58.006860865999897 ], [ 56.253598201338299, 58.006842903434581 ], [ 56.253530522822253, 58.00684250647565 ], [ 56.253530896749822, 58.006824543910589 ], [ 56.253463218269452, 58.006824146915932 ], [ 56.253463592230474, 58.006806184351078 ], [ 56.253395913785788, 58.006805787320708 ], [ 56.253396287780255, 58.006787824756067 ], [ 56.25336244857553, 58.006787626227535 ], [ 56.253362822586496, 58.006769663662993 ], [ 56.253328983399172, 58.006769465125608 ], [ 56.253328609371259, 58.00678742769 ], [ 56.253294770167436, 58.00678722914347 ], [ 56.253294022076375, 58.006823154271864 ], [ 56.253327861314091, 58.006823352818678 ], [ 56.253327113255139, 58.006859277947108 ], [ 56.253394791799707, 58.006859675014297 ], [ 56.253394417803456, 58.006877637578711 ], [ 56.253428257093361, 58.00687783609893 ], [ 56.253427883113602, 58.006895798663443 ], [ 56.253461722420909, 58.006895997174823 ], [ 56.253461348457648, 58.0069139597394 ], [ 56.25352902710749, 58.006914356735429 ], [ 56.253528653177675, 58.006932319300248 ], [ 56.253562492520217, 58.006932517784897 ], [ 56.253562118606908, 58.006950480349794 ], [ 56.253629797327221, 58.006950877292375 ], [ 56.253629423447357, 58.006968839857514 ], [ 56.253663262825135, 58.006969038315461 ], [ 56.25366288896177, 58.00698700088067 ], [ 56.253696728356942, 58.00698719932975 ], [ 56.253696354510076, 58.007005161895052 ], [ 56.253764033335656, 58.007005558766494 ], [ 56.253763659522242, 58.007023521332009 ], [ 56.25379749895265, 58.007023719754372 ], [ 56.253797125155728, 58.007041682319979 ], [ 56.253830964603537, 58.007041880733475 ], [ 56.253830590823121, 58.007059843299153 ], [ 56.253898269753968, 58.007060240099442 ], [ 56.253897896006997, 58.007078202665355 ], [ 56.253931735490035, 58.007078401052162 ], [ 56.25393136175957, 58.007096363618132 ], [ 56.253999040760895, 58.007096760364988 ], [ 56.253998667063868, 58.007114722931206 ], [ 56.254066346100878, 58.007115119642364 ], [ 56.254065972437303, 58.007133082208803 ], [ 56.254133651509996, 58.007133478884242 ], [ 56.254133277879866, 58.007151441450901 ], [ 56.25416711743383, 58.007151639775252 ], [ 56.2541667438202, 58.007169602342017 ], [ 56.254234422963371, 58.007169998964002 ], [ 56.254234049383193, 58.007187961530981 ], [ 56.254301728562041, 58.007188358117283 ], [ 56.254301355015308, 58.007206320684453 ], [ 56.254369034229853, 58.007206717235043 ], [ 56.254368660716565, 58.007224679802455 ], [ 56.254436339966787, 58.007225076317305 ], [ 56.254435966486952, 58.007243038884958 ], [ 56.254503645772857, 58.007243435364103 ], [ 56.254503272326474, 58.00726139793197 ], [ 56.254570951648063, 58.007261794375388 ], [ 56.254570578235125, 58.007279756943475 ], [ 56.254604417913534, 58.007279955151851 ], [ 56.254604044517095, 58.00729791772001 ], [ 56.254536365126825, 58.007297521293999 ], [ 56.25453673855715, 58.007279558726118 ], [ 56.254469059202563, 58.007279162264417 ], [ 56.254469432666347, 58.00726119969675 ], [ 56.254401753347437, 58.007260803199337 ], [ 56.254402126844667, 58.007242840631861 ], [ 56.254368287202837, 58.007242642369796 ], [ 56.254367913688654, 58.007260604937137 ], [ 56.254334074030318, 58.007260406665921 ], [ 56.254333326966723, 58.007296331800092 ], [ 56.254299487274935, 58.007296133519624 ], [ 56.254298740175656, 58.007332058653297 ], [ 56.254264900450423, 58.007331860363578 ], [ 56.254264153315454, 58.007367785496768 ], [ 56.254230313556782, 58.007367587197749 ], [ 56.254229939971673, 58.007385549764152 ], [ 56.254297619523378, 58.007385946353459 ], [ 56.254297245971728, 58.007403908920075 ], [ 56.254364925559109, 58.007404305473685 ], [ 56.254364552040911, 58.007422268040521 ], [ 56.254432231663984, 58.007422664558405 ], [ 56.254431111208369, 58.007476552259405 ], [ 56.254397271345766, 58.007476354004552 ], [ 56.254396897842717, 58.007494316571311 ], [ 56.254261538328976, 58.007493523461363 ], [ 56.254260791185956, 58.007529448593615 ], [ 56.254226951274752, 58.007529250293359 ], [ 56.254226204096042, 58.007565175425157 ], [ 56.254293883986705, 58.007565572017207 ], [ 56.254292763316975, 58.007619459715315 ], [ 56.254258923320585, 58.007619261423372 ], [ 56.254258176171298, 58.007655186554906 ], [ 56.254224336141448, 58.00765498825367 ], [ 56.254223588956478, 58.0076909133847 ], [ 56.254189748893182, 58.007690715074204 ], [ 56.254189375283076, 58.007708677639528 ], [ 56.254155535203274, 58.007708479319895 ], [ 56.254154787947833, 58.007744404450072 ], [ 56.254120947834586, 58.007744206121153 ], [ 56.254120200543447, 58.007780131250847 ], [ 56.254086360396755, 58.007779932912683 ], [ 56.254085239405853, 58.007833820606415 ], [ 56.254152919801385, 58.007834217274599 ], [ 56.254152546170751, 58.007852179839333 ], [ 56.254287907034971, 58.007852973068275 ], [ 56.254287533471683, 58.007870935633505 ], [ 56.253915290925875, 58.007868753906017 ], [ 56.253914543425097, 58.007904679033338 ], [ 56.253880703162444, 58.007904480640192 ], [ 56.253879955625983, 58.007940405767023 ], [ 56.253846115329878, 58.007940207364619 ], [ 56.253845367757727, 58.00797613249096 ], [ 56.253811527428184, 58.007975934079283 ], [ 56.253810779820341, 58.008011859205133 ], [ 56.253776939457339, 58.008011660784192 ], [ 56.253776191813806, 58.008047585909551 ], [ 56.253742351417365, 58.008047387479337 ], [ 56.253741603738149, 58.008083312604207 ], [ 56.253707763308256, 58.00808311416472 ], [ 56.253707015593342, 58.00811903928912 ], [ 56.253673175129997, 58.008118840840346 ], [ 56.253672801254922, 58.008136803402323 ], [ 56.253706641735214, 58.008137001851217 ], [ 56.253706267876645, 58.008154964413293 ], [ 56.253773948872471, 58.008155361284381 ], [ 56.253773575047347, 58.008173323846641 ], [ 56.253841256078864, 58.008173720682009 ], [ 56.253840508495074, 58.008209645806993 ], [ 56.253806667945192, 58.008209447393526 ], [ 56.253806294135671, 58.008227409955794 ], [ 56.253772453569297, 58.008227211533203 ], [ 56.253772079742383, 58.008245174095279 ], [ 56.253839760909486, 58.008245570931741 ], [ 56.2538401347025, 58.008227608369381 ], [ 56.253873975269777, 58.008227806773981 ], [ 56.253874349045397, 58.008209844211457 ], [ 56.253908189596174, 58.008210042606912 ], [ 56.253908563354393, 58.008192080044175 ], [ 56.253942403888665, 58.008192278430506 ], [ 56.253942777629497, 58.008174315867564 ], [ 56.25397661814727, 58.008174514244764 ], [ 56.253976991870701, 58.008156551681651 ], [ 56.254010832371968, 58.008156750049721 ], [ 56.254011579783594, 58.008120824923076 ], [ 56.254045420251408, 58.008121023281859 ], [ 56.254045793939603, 58.008103060718291 ], [ 56.254079634390926, 58.008103259067944 ], [ 56.254078887047989, 58.008139184195258 ], [ 56.254045046562773, 58.008138985845335 ], [ 56.254044299184152, 58.008174910972166 ], [ 56.254010458665491, 58.00817471261297 ], [ 56.254009711251186, 58.008210637739317 ], [ 56.253975870699065, 58.008210439370856 ], [ 56.25397512324907, 58.008246364496706 ], [ 56.254008963835084, 58.008246562865452 ], [ 56.254008590126361, 58.008264525428409 ], [ 56.254076271333631, 58.008264922139197 ], [ 56.254075897658367, 58.008282884702425 ], [ 56.254109738279624, 58.008283083044446 ], [ 56.254108990961633, 58.008319008170986 ], [ 56.254075150306484, 58.008318809828658 ], [ 56.254074776629864, 58.008336772391715 ], [ 56.254040935958216, 58.008336574040278 ], [ 56.254040188569753, 58.008372499165951 ], [ 56.254074029275301, 58.008372697517672 ], [ 56.254073281918949, 58.008408622643394 ], [ 56.254039441179494, 58.008408424291396 ], [ 56.254038693787443, 58.008444349416649 ], [ 56.254004853014543, 58.008444151055393 ], [ 56.254004105586816, 58.008480076180135 ], [ 56.254037946393609, 58.008480274541689 ], [ 56.25403832009075, 58.008462311979201 ], [ 56.254072160881051, 58.008462510331604 ], [ 56.254072534560791, 58.008444547768903 ], [ 56.254106375334587, 58.008444746112183 ], [ 56.254106001671786, 58.008462708675019 ], [ 56.254173683254628, 58.008463105334826 ], [ 56.254174056883521, 58.008445142771727 ], [ 56.254207897658659, 58.008445341088006 ], [ 56.254208271270159, 58.008427378524715 ], [ 56.254242112028805, 58.008427576831863 ], [ 56.25424248562291, 58.008409614268373 ], [ 56.254276326365044, 58.008409812566391 ], [ 56.254277073518011, 58.008373887438985 ], [ 56.2543109142267, 58.008374085727731 ], [ 56.254311661343976, 58.008338160599855 ], [ 56.254277820669188, 58.008337962311401 ], [ 56.254277447093827, 58.008355924875225 ], [ 56.254243606402532, 58.008355726577641 ], [ 56.254244353586721, 58.008319801450227 ], [ 56.254278194244115, 58.008319999747528 ], [ 56.254278941392613, 58.008284074619617 ], [ 56.254312782016548, 58.008284272907659 ], [ 56.254313155573172, 58.00826631034348 ], [ 56.254346996180615, 58.008266508622391 ], [ 56.254347743258634, 58.008230583493635 ], [ 56.254381583832618, 58.00823078176326 ], [ 56.254382330874947, 58.008194856633985 ], [ 56.254416171415485, 58.008195054894358 ], [ 56.254416544919032, 58.008177092329518 ], [ 56.254450385443072, 58.00817729058074 ], [ 56.254451132414921, 58.008141365450598 ], [ 56.254484972905509, 58.008141563692554 ], [ 56.254484225967552, 58.008177488822973 ], [ 56.254518066492487, 58.008177687056204 ], [ 56.254518439944739, 58.008159724490881 ], [ 56.254552280453169, 58.008159922714995 ], [ 56.25455265388802, 58.00814196014948 ], [ 56.254654175365147, 58.008142554767375 ], [ 56.254653801981142, 58.008160517333309 ], [ 56.254721483002029, 58.008160913700522 ] ], [ [ 56.25336018539965, 58.010147021972521 ], [ 56.253394027774739, 58.010147220508827 ], [ 56.253393653730399, 58.010165183063897 ], [ 56.253359811338363, 58.010164984527449 ], [ 56.25336018539965, 58.010147021972521 ] ], [ [ 56.254291488549157, 58.009308138978554 ], [ 56.254325330139658, 58.009308337265438 ], [ 56.254324583007957, 58.009344262387906 ], [ 56.254290741383549, 58.009344064100738 ], [ 56.254291488549157, 58.009308138978554 ] ], [ [ 56.254325703704843, 58.009290374704136 ], [ 56.254359545278845, 58.009290572981897 ], [ 56.254359171730613, 58.009308535543326 ], [ 56.254325330139658, 58.009308337265438 ], [ 56.254325703704843, 58.009290374704136 ] ], [ [ 56.256812149456373, 58.008532434716294 ], [ 56.25681252176458, 58.008514472142636 ], [ 56.256846362625403, 58.00851466975751 ], [ 56.256845990334142, 58.00853263233131 ], [ 56.256812149456373, 58.008532434716294 ] ], [ [ 56.256084047803853, 58.007737731751995 ], [ 56.256084420465299, 58.007719769179054 ], [ 56.256152100676289, 58.007720164783592 ], [ 56.256151728048735, 58.007738127356816 ], [ 56.256084047803853, 58.007737731751995 ] ], [ [ 56.257603506636201, 58.007908287365638 ], [ 56.257603878538987, 58.007890324787006 ], [ 56.257671559095172, 58.007890719584267 ], [ 56.257671187226286, 58.007908682163183 ], [ 56.257603506636201, 58.007908287365638 ] ], [ [ 56.257536197984585, 58.007889929953748 ], [ 56.257536569920823, 58.007871967375323 ], [ 56.257604250441332, 58.007872362208296 ], [ 56.257603878538987, 58.007890324787006 ], [ 56.257536197984585, 58.007889929953748 ] ], [ [ 56.257468889402098, 58.007871572506339 ], [ 56.257469261371789, 58.007853609928155 ], [ 56.257536941856614, 58.007854004796869 ], [ 56.257536569920823, 58.007871967375323 ], [ 56.257468889402098, 58.007871572506339 ] ], [ [ 56.25740158088874, 58.007853215023452 ], [ 56.25740195289189, 58.007835252445467 ], [ 56.257469633341032, 58.007835647349879 ], [ 56.257469261371789, 58.007853609928155 ], [ 56.25740158088874, 58.007853215023452 ] ], [ [ 56.257368112667983, 58.007835054979772 ], [ 56.257368484687625, 58.007817092401865 ], [ 56.257402324894585, 58.007817289867447 ], [ 56.25740195289189, 58.007835252445467 ], [ 56.257368112667983, 58.007835054979772 ] ], [ [ 56.25578955254484, 58.00725096163012 ], [ 56.255755712884678, 58.007250763736934 ], [ 56.255756458521994, 58.007214838590905 ], [ 56.255790298148256, 58.0072150364838 ], [ 56.25578955254484, 58.00725096163012 ] ], [ [ 56.255755340065356, 58.007268726309896 ], [ 56.255721500388695, 58.007268528407572 ], [ 56.255721873224971, 58.007250565834745 ], [ 56.255755712884678, 58.007250763736934 ], [ 56.255755340065356, 58.007268726309896 ] ], [ [ 56.254671723909162, 58.00729831411001 ], [ 56.254671350546175, 58.007316276678402 ], [ 56.254603671120215, 58.007315880288125 ], [ 56.254604044517095, 58.00729791772001 ], [ 56.254671723909162, 58.00729831411001 ] ], [ [ 56.254705190259827, 58.007316474860048 ], [ 56.254704816913332, 58.007334437428511 ], [ 56.254670977182734, 58.007334239246724 ], [ 56.254671350546175, 58.007316276678402 ], [ 56.254705190259827, 58.007316474860048 ] ], [ [ 56.25408000806172, 58.008085296504213 ], [ 56.254113848496537, 58.008085494844721 ], [ 56.254113474842697, 58.008103457408595 ], [ 56.254079634390926, 58.008103259067944 ], [ 56.25408000806172, 58.008085296504213 ] ], [ [ 56.254114222149937, 58.008067532280805 ], [ 56.254148062568255, 58.008067730612169 ], [ 56.254147688931802, 58.008085693176248 ], [ 56.254113848496537, 58.008085494844721 ], [ 56.254114222149937, 58.008067532280805 ] ], [ [ 56.25407440295281, 58.008354734954722 ], [ 56.254108243641859, 58.008354933297305 ], [ 56.254107869981297, 58.008372895860383 ], [ 56.254074029275301, 58.008372697517672 ], [ 56.25407440295281, 58.008354734954722 ] ], [ [ 56.254485719841668, 58.008105638561943 ], [ 56.25451956029881, 58.00810583679462 ], [ 56.254518813396537, 58.008141761925508 ], [ 56.254484972905509, 58.008141563692554 ], [ 56.254485719841668, 58.008105638561943 ] ], [ [ 56.254519933749272, 58.008087874229091 ], [ 56.254553774189901, 58.008088072452644 ], [ 56.254553400756393, 58.008106035018308 ], [ 56.25451956029881, 58.00810583679462 ], [ 56.254519933749272, 58.008087874229091 ] ], [ [ 56.253394401818625, 58.0101292579537 ], [ 56.253394775862063, 58.010111295398517 ], [ 56.253428618203699, 58.010111493925564 ], [ 56.253428244177215, 58.010129456480875 ], [ 56.253394401818625, 58.0101292579537 ] ], [ [ 56.253567353182717, 58.009950624938575 ], [ 56.253567727136925, 58.00993266238217 ], [ 56.253601569311293, 58.009932860862826 ], [ 56.253601195374038, 58.009950823419373 ], [ 56.253567353182717, 58.009950624938575 ] ], [ [ 56.2536019432481, 58.009914898306256 ], [ 56.253602317184459, 58.00989693574963 ], [ 56.253636159325367, 58.009897134221013 ], [ 56.253635785405962, 58.009915096777789 ], [ 56.2536019432481, 58.009914898306256 ] ], [ [ 56.25435991882663, 58.009272610420361 ], [ 56.254360292373967, 58.009254647858832 ], [ 56.254394133914516, 58.00925484612732 ], [ 56.254393760384133, 58.009272808688991 ], [ 56.25435991882663, 58.009272610420361 ] ], [ [ 56.254394507444452, 58.009236883565542 ], [ 56.254394880973948, 58.009218921003757 ], [ 56.254428722481045, 58.009219119262944 ], [ 56.254428348968503, 58.009237081824885 ], [ 56.254394507444452, 58.009236883565542 ] ], [ [ 56.25446331097843, 58.009183392388877 ], [ 56.254463684472682, 58.009165429826631 ], [ 56.254497525929828, 58.009165628067436 ], [ 56.254497152452522, 58.00918359062981 ], [ 56.25446331097843, 58.009183392388877 ] ], [ [ 56.254497899406672, 58.009147665505019 ], [ 56.254498272883083, 58.009129702942538 ], [ 56.254532114306777, 58.009129901174056 ], [ 56.25453174084732, 58.009147863736672 ], [ 56.254497899406672, 58.009147665505019 ] ], [ [ 56.254600544005271, 58.009094372484199 ], [ 56.254600917429478, 58.009076409921164 ], [ 56.254634758803661, 58.009076608125277 ], [ 56.2546343853964, 58.00909457068844 ], [ 56.254600544005271, 58.009094372484199 ] ], [ [ 56.254635132210481, 58.009058645562028 ], [ 56.254635505616847, 58.009040682998737 ], [ 56.254669346957584, 58.009040881193592 ], [ 56.254668973568158, 58.009058843757018 ], [ 56.254635132210481, 58.009058645562028 ] ], [ [ 56.254669720346556, 58.009022918630123 ], [ 56.254670093735079, 58.00900495606659 ], [ 56.254703935042357, 58.009005154252172 ], [ 56.25470356167078, 58.00902311681584 ], [ 56.254669720346556, 58.009022918630123 ] ], [ [ 56.254740389819951, 58.008879614480648 ], [ 56.254740763171, 58.008861651916426 ], [ 56.254774604343581, 58.008861850082887 ], [ 56.254774231009478, 58.008879812647265 ], [ 56.254740389819951, 58.008879614480648 ] ], [ [ 56.254774977677229, 58.008843887518488 ], [ 56.254775351010437, 58.008825924954003 ], [ 56.254809192149551, 58.008826123111227 ], [ 56.254808818833304, 58.00884408567584 ], [ 56.254774977677229, 58.008843887518488 ] ], [ [ 56.254809565465365, 58.008808160546565 ], [ 56.254809938780724, 58.008790197981845 ], [ 56.2548437798864, 58.008790396129783 ], [ 56.254843406587987, 58.008808358694651 ], [ 56.254809565465365, 58.008808160546565 ] ], [ [ 56.256744840044263, 58.008514076885909 ], [ 56.256745212385923, 58.008496114312464 ], [ 56.256779053228911, 58.008496311945201 ], [ 56.256778680904198, 58.008514274518767 ], [ 56.256744840044263, 58.008514076885909 ] ], [ [ 56.256644062251695, 58.008477558787234 ], [ 56.256711743901548, 58.008477954097401 ], [ 56.256711371543382, 58.008495916670739 ], [ 56.256643689859636, 58.008495521360281 ], [ 56.256644062251695, 58.008477558787234 ] ], [ [ 56.25657638060364, 58.008477163441057 ], [ 56.256576753029151, 58.008459200868202 ], [ 56.25664443464332, 58.008459596214088 ], [ 56.256644062251695, 58.008477558787234 ], [ 56.25657638060364, 58.008477163441057 ] ], [ [ 56.256509071416772, 58.008458805486327 ], [ 56.256509443875743, 58.008440842913714 ], [ 56.256577125454221, 58.008441238295298 ], [ 56.256576753029151, 58.008459200868202 ], [ 56.256509071416772, 58.008458805486327 ] ], [ [ 56.256441762299048, 58.008440447496099 ], [ 56.256442134791463, 58.008422484923692 ], [ 56.256475975562644, 58.008422682636827 ], [ 56.256475603087175, 58.00844064520939 ], [ 56.256441762299048, 58.008440447496099 ] ], [ [ 56.254554147622976, 58.008070109886923 ], [ 56.254554521055589, 58.008052147321152 ], [ 56.254588361462773, 58.008052345535447 ], [ 56.254587988047106, 58.008070308101345 ], [ 56.254554147622976, 58.008070109886923 ] ], [ [ 56.255739681250546, 58.008023154326011 ], [ 56.255740054088626, 58.008005191755267 ], [ 56.25577389446061, 58.008005389654222 ], [ 56.255773521639476, 58.008023352225081 ], [ 56.255739681250546, 58.008023154326011 ] ], [ [ 56.257300804275047, 58.007816697443758 ], [ 56.257301176328149, 58.007798734866078 ], [ 56.25733501651726, 58.007798932349495 ], [ 56.257334644481112, 58.007816894927323 ], [ 56.257300804275047, 58.007816697443758 ] ], [ [ 56.257233495951247, 58.007798339872231 ], [ 56.257233868037794, 58.007780377294779 ], [ 56.257267708209064, 58.007780574796065 ], [ 56.257267336139471, 58.00779853737366 ], [ 56.257233495951247, 58.007798339872231 ] ], [ [ 56.257166187696569, 58.00777998226522 ], [ 56.257166559816568, 58.007762019687974 ], [ 56.25720039997001, 58.007762217207123 ], [ 56.257200027866958, 58.007780179784497 ], [ 56.257166187696569, 58.00777998226522 ] ], [ [ 56.257098879511027, 58.007761624622717 ], [ 56.257099251664478, 58.007743662045698 ], [ 56.257133091800078, 58.007743859582696 ], [ 56.257132719663574, 58.007761822159857 ], [ 56.257098879511027, 58.007761624622717 ] ], [ [ 56.255982527439869, 58.00773713827725 ], [ 56.255982900152169, 58.007719175704715 ], [ 56.256016740256094, 58.007719373538485 ], [ 56.256016367560747, 58.007737336111163 ], [ 56.255982527439869, 58.00773713827725 ] ], [ [ 56.256190039469665, 58.007522774261943 ], [ 56.256190412074915, 58.007504811687973 ], [ 56.256258091881826, 58.007505207235248 ], [ 56.256257719310469, 58.007523169809517 ], [ 56.256190039469665, 58.007522774261943 ] ], [ [ 56.255350756063017, 58.007194500602758 ], [ 56.255351129083927, 58.007176538031253 ], [ 56.255384968670931, 58.007176736031859 ], [ 56.255384595666968, 58.007194698603506 ], [ 56.255350756063017, 58.007194500602758 ] ], [ [ 56.255419927216749, 58.007123046307797 ], [ 56.255419181244953, 58.007158971451624 ], [ 56.255385341674447, 58.007158773460162 ], [ 56.255386087680137, 58.007122848316612 ], [ 56.255419927216749, 58.007123046307797 ] ], [ [ 56.255420673186755, 58.007087121163764 ], [ 56.255454512689923, 58.00708731914569 ], [ 56.25545376675381, 58.00712324429 ], [ 56.255419927216749, 58.007123046307797 ], [ 56.255420673186755, 58.007087121163764 ] ], [ [ 56.255454885657308, 58.007069356573453 ], [ 56.255488725143977, 58.007069554546241 ], [ 56.255488352193531, 58.007087517118613 ], [ 56.255454512689923, 58.00708731914569 ], [ 56.255454885657308, 58.007069356573453 ] ] ] } },
{ "type": "Feature", "properties": { }, "geometry": { "type": "Polygon", "coordinates": [ [ [ 56.257761925197713, 58.008430189069756 ], [ 56.257795765986273, 58.008430386432003 ], [ 56.257796137800284, 58.008412423854061 ], [ 56.25776229702867, 58.008412226491956 ], [ 56.257761925197713, 58.008430189069756 ] ] ] } },
{ "type": "Feature", "properties": { }, "geometry": { "type": "Polygon", "coordinates": [ [ [ 56.257186631860357, 58.008426832534781 ], [ 56.25718625974082, 58.008444795110222 ], [ 56.257220100538753, 58.00844499262557 ], [ 56.257220472641343, 58.008427030050001 ], [ 56.257186631860357, 58.008426832534781 ] ] ] } },
{ "type": "Feature", "properties": { }, "geometry": { "type": "Polygon", "coordinates": [ [ [ 56.25725394133714, 58.008445190131916 ], [ 56.257253569251048, 58.00846315270757 ], [ 56.257287410066823, 58.008463350205055 ], [ 56.257287782135961, 58.008445387629273 ], [ 56.25725394133714, 58.008445190131916 ] ] ] } },
{ "type": "Feature", "properties": { }, "geometry": { "type": "Polygon", "coordinates": [ [ [ 56.257321250883038, 58.008463547693538 ], [ 56.257320878830413, 58.008481510269419 ], [ 56.257354719664029, 58.008481707749041 ], [ 56.257355091699708, 58.008463745173046 ], [ 56.257321250883038, 58.008463547693538 ] ] ] } },
{ "type": "Feature", "properties": { }, "geometry": { "type": "Polygon", "coordinates": [ [ [ 56.257388188478906, 58.00849986779577 ], [ 56.257422029330357, 58.008500065257557 ], [ 56.257422401332597, 58.008482102681342 ], [ 56.257388560498086, 58.008481905219696 ], [ 56.257388188478906, 58.00849986779577 ] ] ] } },
{ "type": "Feature", "properties": { }, "geometry": { "type": "Polygon", "coordinates": [ [ [ 56.257455498196535, 58.00851822528665 ], [ 56.257489339065827, 58.00851842273056 ], [ 56.257489711034609, 58.008500460154117 ], [ 56.257455870182262, 58.008500262710335 ], [ 56.257455498196535, 58.00851822528665 ] ] ] } },
{ "type": "Feature", "properties": { }, "geometry": { "type": "Polygon", "coordinates": [ [ [ 56.257523179935568, 58.008518620165489 ], [ 56.257522807983293, 58.008536582742011 ], [ 56.257556648870427, 58.008536780168058 ], [ 56.257557020805763, 58.008518817591401 ], [ 56.257523179935568, 58.008518620165489 ] ] ] } },
{ "type": "Feature", "properties": { }, "geometry": { "type": "Polygon", "coordinates": [ [ [ 56.257624330646038, 58.008537174993201 ], [ 56.257623958744169, 58.008555137570085 ], [ 56.257657799649593, 58.008555334969309 ], [ 56.257658171534516, 58.008537372392261 ], [ 56.257624330646038, 58.008537174993201 ] ] ] } },
{ "type": "Feature", "properties": { }, "geometry": { "type": "Polygon", "coordinates": [ [ [ 56.257691640555457, 58.008555532359502 ], [ 56.257691268687033, 58.008573494936606 ], [ 56.257725109610298, 58.008573692317952 ], [ 56.257725481461769, 58.008555729740706 ], [ 56.257691640555457, 58.008555532359502 ] ] ] } },
{ "type": "Feature", "properties": { }, "geometry": { "type": "Polygon", "coordinates": [ [ [ 56.257163187458914, 58.009558474683857 ], [ 56.257197029307733, 58.009558672207689 ], [ 56.257197773567732, 58.009522747063045 ], [ 56.257231615383091, 58.009522944577625 ], [ 56.257232359607414, 58.009487019432491 ], [ 56.257266201389314, 58.009487216937785 ], [ 56.257266945577946, 58.009451291792161 ], [ 56.257300787326407, 58.00945148928821 ], [ 56.257301531479349, 58.009415564142088 ], [ 56.257335373194358, 58.009415761628837 ], [ 56.257336117311624, 58.00937983648226 ], [ 56.257369958993159, 58.009380033959744 ], [ 56.257370703074749, 58.009344108812662 ], [ 56.257404544722839, 58.009344306280894 ], [ 56.257405288768744, 58.009308381133337 ], [ 56.257439130383375, 58.009308578592261 ], [ 56.257440246398033, 58.009254690870094 ], [ 56.257474087962265, 58.009254888319632 ], [ 56.257474831935909, 58.009218963171001 ], [ 56.257610198061684, 58.009219752878074 ], [ 56.257609826142883, 58.009237715452983 ], [ 56.257677509242335, 58.009238110252788 ], [ 56.257677137356993, 58.009256072827895 ], [ 56.257744820492135, 58.00925646759201 ], [ 56.257744448640246, 58.009274430167359 ], [ 56.257812131811065, 58.009274824895748 ], [ 56.257811759992627, 58.009292787471296 ], [ 56.25787944319913, 58.009293182163972 ], [ 56.257879814983667, 58.00927521958814 ], [ 56.257913656570636, 58.009275416920822 ], [ 56.25791402833778, 58.009257454344798 ], [ 56.257846345198182, 58.009257059670659 ], [ 56.257846716998777, 58.009239097094891 ], [ 56.25777903389487, 58.009238702385041 ], [ 56.257779405728918, 58.009220739809457 ], [ 56.257711722660687, 58.009220345063888 ], [ 56.257712094528195, 58.009202382488546 ], [ 56.257644411495647, 58.009201987707264 ], [ 56.257644783396607, 58.009184025132129 ], [ 56.257577100399736, 58.009183630315142 ], [ 56.257577472334148, 58.009165667740227 ], [ 56.257509789372961, 58.009165272887508 ], [ 56.257510161340832, 58.009147310312805 ], [ 56.257442478415335, 58.009146915424374 ], [ 56.257442850416652, 58.009128952849899 ], [ 56.257409008971521, 58.009128755392339 ], [ 56.257408636953244, 58.009146717966672 ], [ 56.257374795491607, 58.009146520499961 ], [ 56.257374051419831, 58.009182445648207 ], [ 56.257340209924735, 58.009182248172209 ], [ 56.257339093762866, 58.009236135893765 ], [ 56.257305252217371, 58.009235938408395 ], [ 56.257304508073332, 58.009271863555554 ], [ 56.257270666494378, 58.009271666060883 ], [ 56.257269922314656, 58.009307591207573 ], [ 56.257236080702256, 58.009307393703622 ], [ 56.25723533648685, 58.009343318849822 ], [ 56.257201494840992, 58.009343121336613 ], [ 56.257200750589902, 58.009379046482323 ], [ 56.257166908910591, 58.009378848959841 ], [ 56.257166164623818, 58.009414774105068 ], [ 56.257132322911048, 58.009414576573306 ], [ 56.257131578588599, 58.009450501718057 ], [ 56.257097736842375, 58.009450304177022 ], [ 56.257096992484236, 58.009486229321283 ], [ 56.25706315070456, 58.009486031770976 ], [ 56.257062406310745, 58.009521956914767 ], [ 56.25702856449761, 58.009521759355188 ], [ 56.257027820068103, 58.009557684498482 ], [ 56.256993978221516, 58.009557486929637 ], [ 56.256993233756326, 58.009593412072434 ], [ 56.256959391876286, 58.00959321449433 ], [ 56.25695864737542, 58.009629139636644 ], [ 56.256924805461914, 58.009628942049254 ], [ 56.256924060925364, 58.009664867191084 ], [ 56.256890218978405, 58.009664669594429 ], [ 56.256889474406165, 58.009700594735776 ], [ 56.256923316387024, 58.009700792332701 ], [ 56.256922944117186, 58.009718754903439 ], [ 56.256990628114131, 58.00971915007058 ], [ 56.256990255877746, 58.009737112641538 ], [ 56.257057939910375, 58.009737507772954 ], [ 56.257058684314899, 58.009701582630449 ], [ 56.257092526297974, 58.009701780182382 ], [ 56.257093642850563, 58.009647892467811 ], [ 56.257127484783233, 58.009648090010359 ], [ 56.257128601280961, 58.009594202294899 ], [ 56.257162443163224, 58.009594399828018 ], [ 56.257163187458914, 58.009558474683857 ] ] ] } },
{ "type": "Feature", "properties": { }, "geometry": { "type": "Polygon", "coordinates": [ [ [ 56.256128926170078, 58.010468635685136 ], [ 56.256095083470598, 58.010468437875346 ], [ 56.256095456165987, 58.010450475310122 ], [ 56.25602777080227, 58.010450079663812 ], [ 56.256028143531125, 58.010432117098809 ], [ 56.255960458203091, 58.010431721416786 ], [ 56.2559608309654, 58.01041375885201 ], [ 56.255893145673056, 58.010413363134269 ], [ 56.255893518468824, 58.010395400569706 ], [ 56.255825833212164, 58.010395004816267 ], [ 56.255826206041391, 58.010377042251918 ], [ 56.255758520820422, 58.010376646462738 ], [ 56.255758893683101, 58.010358683898616 ], [ 56.255691208497822, 58.010358288073739 ], [ 56.255691581393954, 58.010340325509837 ], [ 56.255623896244373, 58.010339929649234 ], [ 56.255624269173964, 58.010321967085552 ], [ 56.255556584060052, 58.01032157118923 ], [ 56.255556957023103, 58.010303608625776 ], [ 56.255489271944896, 58.010303212693735 ], [ 56.255489644941399, 58.010285250130501 ], [ 56.255421959898875, 58.010284854162741 ], [ 56.255422332928831, 58.010266891599741 ], [ 56.255354647921997, 58.010266495596255 ], [ 56.255355020985412, 58.010248533033462 ], [ 56.25528733601427, 58.010248136994271 ], [ 56.25528770911113, 58.010230174431705 ], [ 56.255220024175678, 58.010229778356802 ], [ 56.255220397306005, 58.010211815794442 ], [ 56.255152712406236, 58.010211419683806 ], [ 56.255153085570015, 58.010193457121687 ], [ 56.255085400705944, 58.010193060975347 ], [ 56.255085773903183, 58.010175098413434 ], [ 56.255018089074795, 58.010174702231367 ], [ 56.255018462305479, 58.010156739669696 ], [ 56.254950777512789, 58.010156343451918 ], [ 56.254951150776932, 58.01013838089046 ], [ 56.254883466019933, 58.010137984636934 ], [ 56.254883839317522, 58.010120022075718 ], [ 56.254816154596213, 58.010119625786501 ], [ 56.254816527927268, 58.010101663225477 ], [ 56.254748843241643, 58.010101266900541 ], [ 56.25474921660615, 58.010083304339773 ], [ 56.254681531956216, 58.010082907979111 ], [ 56.254681905354182, 58.010064945418534 ], [ 56.254614220739938, 58.010064549022161 ], [ 56.25461459417135, 58.010046586461826 ], [ 56.254546909592804, 58.010046190029719 ], [ 56.254547283057676, 58.010028227469618 ], [ 56.254479598514813, 58.0100278310018 ], [ 56.254479972013137, 58.010009868441898 ], [ 56.254412287505978, 58.010009471938368 ], [ 56.254412661037755, 58.0099915093787 ], [ 56.254344976566273, 58.009991112839472 ], [ 56.254345350131508, 58.009973150279997 ], [ 56.254277665695724, 58.009972753705043 ], [ 56.254278039294412, 58.009954791145816 ], [ 56.254210354894319, 58.00995439453515 ], [ 56.254210728526459, 58.009936431976122 ], [ 56.254143044162056, 58.009936035329737 ], [ 56.254143417827649, 58.009918072770965 ], [ 56.254075733498944, 58.009917676088847 ], [ 56.254075359799437, 58.009935638647342 ], [ 56.254041517618809, 58.009935440292644 ], [ 56.254040770184567, 58.009971365409235 ], [ 56.25400692797048, 58.009971167045279 ], [ 56.254006180500546, 58.010007092161374 ], [ 56.253972338253007, 58.010006893788116 ], [ 56.253971964500423, 58.010024856345972 ], [ 56.254039649029856, 58.010025253083725 ], [ 56.254039275310717, 58.010043215641772 ], [ 56.254106959875848, 58.010043612343807 ], [ 56.254106586190169, 58.010061574902082 ], [ 56.25417427079099, 58.010061971568419 ], [ 56.254173897138763, 58.010079934126921 ], [ 56.254241581775275, 58.010080330757511 ], [ 56.2542412081565, 58.010098293316233 ], [ 56.254308892828703, 58.010098689911125 ], [ 56.254308519243388, 58.01011665247006 ], [ 56.254376203951281, 58.01011704902924 ], [ 56.254375830399425, 58.010135011588396 ], [ 56.254443515143009, 58.01013540811185 ], [ 56.254443141624598, 58.01015337067124 ], [ 56.254510826403873, 58.010153767158975 ], [ 56.254510452918922, 58.010171729718571 ], [ 56.254578137733894, 58.010172126170602 ], [ 56.254577764282395, 58.010190088730432 ], [ 56.254645449133058, 58.01019048514673 ], [ 56.254645075715011, 58.010208447706788 ], [ 56.254712760601365, 58.010208844087359 ], [ 56.254712387216777, 58.010226806647658 ], [ 56.254780072138814, 58.010227202992517 ], [ 56.254779698787679, 58.010245165553016 ], [ 56.254847383745414, 58.010245561862156 ], [ 56.254847010427731, 58.010263524422882 ], [ 56.254914695421157, 58.010263920696325 ], [ 56.254914322136933, 58.010281883257257 ], [ 56.254982007166049, 58.010282279494973 ], [ 56.254981633915278, 58.010300242056147 ], [ 56.255049318980085, 58.010300638258123 ], [ 56.255048945762773, 58.010318600819502 ], [ 56.255116630863263, 58.010318996985781 ], [ 56.255116257679404, 58.010336959547416 ], [ 56.255183942815592, 58.010337355677962 ], [ 56.255183569665192, 58.010355318239796 ], [ 56.255251254837063, 58.010355714334629 ], [ 56.255250881720123, 58.010373676896705 ], [ 56.255318566927684, 58.010374072955827 ], [ 56.255318193844197, 58.010392035518109 ], [ 56.255385879087449, 58.010392431541504 ], [ 56.255385506037406, 58.010410394104014 ], [ 56.255453191316363, 58.01041079009169 ], [ 56.255452818299773, 58.01042875265442 ], [ 56.255520503614413, 58.010429148606363 ], [ 56.255520130631282, 58.01044711116932 ], [ 56.255587815981613, 58.010447507085573 ], [ 56.255587443031942, 58.010465469648729 ], [ 56.255655128417956, 58.010465865529255 ], [ 56.255654755501745, 58.01048382809266 ], [ 56.255722440923449, 58.010484223937482 ], [ 56.255722068040697, 58.010502186501078 ], [ 56.255789753498085, 58.010502582310167 ], [ 56.255789380648785, 58.010520544874005 ], [ 56.255857066141864, 58.010520940647382 ], [ 56.255856693326024, 58.010538903211447 ], [ 56.255924378854793, 58.010539298949084 ], [ 56.255924006072405, 58.01055726151337 ], [ 56.255991691636865, 58.010557657215294 ], [ 56.255991318887936, 58.010575619779821 ], [ 56.256025161687788, 58.010575817617429 ], [ 56.256025534419763, 58.010557855052767 ], [ 56.256059377203115, 58.010558052881251 ], [ 56.256060122631823, 58.010522127751528 ], [ 56.256093965381716, 58.010522325570719 ], [ 56.256094710774747, 58.010486400440513 ], [ 56.25612855349118, 58.010486598250445 ], [ 56.256128926170078, 58.010468635685136 ] ] ] } },
{ "type": "Feature", "properties": { }, "geometry": { "type": "Polygon", "coordinates": [ [ [ 56.256189903892249, 58.010792357450299 ], [ 56.256190276544828, 58.01077439488558 ], [ 56.256224119533826, 58.010774592670714 ], [ 56.256224492169004, 58.010756630105853 ], [ 56.256258335141496, 58.010756827881835 ], [ 56.256257962523271, 58.010774790446845 ], [ 56.256291805513158, 58.010774988213974 ], [ 56.256292550715266, 58.010739063083605 ], [ 56.256326393671699, 58.010739260841461 ], [ 56.256327511420658, 58.010685373145108 ], [ 56.256259825609952, 58.010684977621203 ], [ 56.256260198225945, 58.01066701505593 ], [ 56.256158669564087, 58.010666421703021 ], [ 56.256158296897233, 58.010684384267897 ], [ 56.256124453993884, 58.010684186465461 ], [ 56.256123708624941, 58.010720111594779 ], [ 56.256089865688139, 58.010719913783049 ], [ 56.256089492986042, 58.010737876347498 ], [ 56.256021807079875, 58.010737480696811 ], [ 56.256022179815872, 58.010719518132646 ], [ 56.255954493945389, 58.01071912244624 ], [ 56.255954121175485, 58.010737085010128 ], [ 56.255920278223968, 58.010736887153293 ], [ 56.255919532648925, 58.010772812280642 ], [ 56.255885689663948, 58.01077261441452 ], [ 56.255884944053207, 58.010808539541387 ], [ 56.25591878707209, 58.010808737407778 ], [ 56.255918414283009, 58.010826699971275 ], [ 56.255986100356019, 58.010827095677335 ], [ 56.255986845865934, 58.010791170549744 ], [ 56.256020688869199, 58.010791368388993 ], [ 56.256020316131419, 58.010809330952945 ], [ 56.256155688216765, 58.010810122220526 ], [ 56.256156060886745, 58.010792159656027 ], [ 56.256189903892249, 58.010792357450299 ] ] ] } },
{ "type": "Feature", "properties": { }, "geometry": { "type": "Polygon", "coordinates": [ [ [ 56.256357628650711, 58.01086519654762 ], [ 56.256357256080655, 58.010883159112744 ], [ 56.256391099173598, 58.010883356853689 ], [ 56.256391844279349, 58.010847431723143 ], [ 56.256358001220313, 58.010847233982446 ], [ 56.256358373789475, 58.010829271417229 ], [ 56.256324530747833, 58.010829073667686 ], [ 56.256323785575169, 58.010864998797814 ], [ 56.256357628650711, 58.01086519654762 ] ] ] } },
{ "type": "Feature", "properties": { }, "geometry": { "type": "Polygon", "coordinates": [ [ [ 56.258341243135803, 58.004966369671834 ], [ 56.258340500152777, 58.005002294851678 ], [ 56.258374337711111, 58.005002492052839 ], [ 56.258375080660244, 58.004966566872717 ], [ 56.258341243135803, 58.004966369671834 ] ] ] } },
{ "type": "Feature", "properties": { }, "geometry": { "type": "Polygon", "coordinates": [ [ [ 56.258339757167974, 58.005038220031309 ], [ 56.258340500152777, 58.005002294851678 ], [ 56.25830666259489, 58.00500209764153 ], [ 56.258305919576195, 58.005038022820905 ], [ 56.258339757167974, 58.005038220031309 ] ] ] } },
{ "type": "Feature", "properties": { }, "geometry": { "type": "Polygon", "coordinates": [ [ [ 56.257194839632405, 58.006396863664449 ], [ 56.257228678497832, 58.006397061173182 ], [ 56.257229050566565, 58.006379098591765 ], [ 56.257262889415486, 58.006379296091346 ], [ 56.257263261466832, 58.006361333509737 ], [ 56.257297100299255, 58.006361531000188 ], [ 56.257297472333207, 58.006343568418401 ], [ 56.257331311149137, 58.006343765899715 ], [ 56.257331683165688, 58.006325803317722 ], [ 56.257365521965113, 58.006326000789926 ], [ 56.257366265963, 58.006290075625515 ], [ 56.257400104728973, 58.006290273088425 ], [ 56.257400476710309, 58.006272310506027 ], [ 56.257434315459776, 58.006272507959793 ], [ 56.257434687423718, 58.006254545377196 ], [ 56.257468526156686, 58.006254742821845 ], [ 56.257468898103234, 58.006236780239036 ], [ 56.257502736819703, 58.006236977674575 ], [ 56.257503108748857, 58.00621901509156 ], [ 56.25753694744882, 58.006219212517934 ], [ 56.25753731936058, 58.00620124993479 ], [ 56.257571158044051, 58.006201447352034 ], [ 56.257571529938424, 58.006183484768655 ], [ 56.257605368605383, 58.006183682176768 ], [ 56.257605740482369, 58.006165719593227 ], [ 56.257639579132828, 58.006165916992202 ], [ 56.257639950992413, 58.006147954408455 ], [ 56.257673789626381, 58.006148151798307 ], [ 56.257674161468572, 58.006130189214375 ], [ 56.257708000086033, 58.006130386595082 ], [ 56.257708743735193, 58.006094461426784 ], [ 56.25774258231921, 58.006094658798219 ], [ 56.257742954126179, 58.006076696213853 ], [ 56.25777679269369, 58.006076893576164 ], [ 56.257777164483265, 58.006058930991614 ], [ 56.257811003034277, 58.006059128344781 ], [ 56.257811374806458, 58.006041165760024 ], [ 56.257845213340971, 58.006041363104082 ], [ 56.257845585095765, 58.006023400519155 ], [ 56.257879423613772, 58.006023597854046 ], [ 56.257879795351172, 58.006005635268927 ], [ 56.257913633852681, 58.006005832594695 ], [ 56.257914377292252, 58.00596990742401 ], [ 56.257948215760315, 58.005970104740527 ], [ 56.257948587462487, 58.005952142154975 ], [ 56.257982425914044, 58.005952339462347 ], [ 56.257982797598821, 58.005934376876588 ], [ 56.258016636033879, 58.005934574174823 ], [ 56.25801700770127, 58.005916611588887 ], [ 56.258050846119829, 58.005916808878005 ], [ 56.258051217769825, 58.005898846291871 ], [ 56.258085056171879, 58.00589904357183 ], [ 56.25808579943665, 58.005863118399148 ], [ 56.258119637805258, 58.005863315669856 ], [ 56.258120009420026, 58.005845353083288 ], [ 56.258153847772135, 58.005845550344866 ], [ 56.258154219369516, 58.005827587758112 ], [ 56.258188057705127, 58.005827785010545 ], [ 56.258188429285113, 58.005809822423601 ], [ 56.258222267604218, 58.005810019666896 ], [ 56.25822263916681, 58.00579205707978 ], [ 56.258256477469416, 58.005792254313953 ], [ 56.258256849014622, 58.005774291726617 ], [ 56.258290687300729, 58.005774488951644 ], [ 56.25829105882854, 58.005756526364159 ], [ 56.258324897098142, 58.005756723580063 ], [ 56.258325640118542, 58.005720798404617 ], [ 56.258359478354699, 58.005720995611235 ], [ 56.258359849847288, 58.005703033023302 ], [ 56.258393688066946, 58.005703230220796 ], [ 56.258394059542134, 58.005685267632678 ], [ 56.258427897745293, 58.005685464821035 ], [ 56.258428269203094, 58.005667502232725 ], [ 56.258462107389747, 58.005667699411944 ], [ 56.258462478830168, 58.005649736823443 ], [ 56.258496317000315, 58.005649933993531 ], [ 56.258496688423335, 58.005631971404839 ], [ 56.25853052657699, 58.005632168565796 ], [ 56.258530897982617, 58.005614205976926 ], [ 56.258564736119773, 58.005614403128746 ], [ 56.258565107508012, 58.005596440539669 ], [ 56.258598945628663, 58.005596637682352 ], [ 56.25859968836992, 58.00556071250378 ], [ 56.258633526457125, 58.005560909637204 ], [ 56.258633897810135, 58.005542947047722 ], [ 56.258667735880834, 58.005543144172016 ], [ 56.258668107216458, 58.0055251815823 ], [ 56.258701945270666, 58.00552537869747 ], [ 56.258702316588895, 58.005507416107591 ], [ 56.258736154626597, 58.005507613213602 ], [ 56.258736525927439, 58.005489650623545 ], [ 56.258770363948635, 58.005489847720419 ], [ 56.25877073523209, 58.005471885130163 ], [ 56.258838411241925, 58.005472279296697 ], [ 56.258838039992369, 58.005490241887209 ], [ 56.258905716037873, 58.00549063601801 ], [ 56.258905344821763, 58.005508598608763 ], [ 56.258973020902943, 58.005508992703852 ], [ 56.258972649720278, 58.005526955294826 ], [ 56.25904032583712, 58.005527349354203 ], [ 56.2590399546879, 58.005545311945404 ], [ 56.259107630840418, 58.00554570596907 ], [ 56.259107259724651, 58.005563668560477 ], [ 56.259174935912831, 58.00556406254843 ], [ 56.259174564830502, 58.005582025140072 ], [ 56.259242241054366, 58.005582419092306 ], [ 56.259241870005489, 58.005600381684168 ], [ 56.259309546265008, 58.005600775600676 ], [ 56.259309175249577, 58.005618738192766 ], [ 56.259343013396951, 58.005618935137676 ], [ 56.259342642398025, 58.005636897729829 ], [ 56.259410318727994, 58.005637291592905 ], [ 56.259409947762521, 58.005655254185299 ], [ 56.259477624128166, 58.005655648012684 ], [ 56.259477253196124, 58.005673610605285 ], [ 56.259511091396568, 58.005673807505602 ], [ 56.25951146231165, 58.005655844912873 ], [ 56.259545300495581, 58.005656041804059 ], [ 56.259544929597446, 58.005674004396937 ], [ 56.259612606000537, 58.005674398152621 ], [ 56.259612235135833, 58.005692360745719 ], [ 56.259679911574594, 58.005692754465706 ], [ 56.259679540743349, 58.005710717059003 ], [ 56.259713378980337, 58.00571091390561 ], [ 56.259713008165591, 58.00572887649902 ], [ 56.259814522930071, 58.005729466985336 ], [ 56.259814152165724, 58.005747429579081 ], [ 56.259881828711485, 58.005747823191911 ], [ 56.259881457980583, 58.005765785785883 ], [ 56.259915296271082, 58.005765982578936 ], [ 56.25991566698503, 58.005748019984821 ], [ 56.259949505259023, 58.005748216768744 ], [ 56.259950246651712, 58.005712291580082 ], [ 56.25998408489226, 58.005712488354739 ], [ 56.25998482624928, 58.005676563165579 ], [ 56.260018664456375, 58.005676759930957 ], [ 56.260019035117274, 58.005658797336181 ], [ 56.259951358737418, 58.00565840379668 ], [ 56.259951729431762, 58.005640441202125 ], [ 56.259884053087575, 58.005640047626912 ], [ 56.259884423815372, 58.005622085032584 ], [ 56.259850585660892, 58.00562188823163 ], [ 56.259850956405188, 58.005603925637345 ], [ 56.259783280131451, 58.005603532008706 ], [ 56.259783650909192, 58.005585569414684 ], [ 56.259648298434826, 58.005584782049986 ], [ 56.259647927589299, 58.00560274464349 ], [ 56.259614089454871, 58.005602547779702 ], [ 56.259614460317337, 58.005584585186362 ], [ 56.25954678408371, 58.005584191432035 ], [ 56.259547154979636, 58.005566228838887 ], [ 56.259479478781671, 58.005565835048856 ], [ 56.259479849711042, 58.005547872455935 ], [ 56.25944601162967, 58.005547675547582 ], [ 56.25944638257554, 58.005529712954726 ], [ 56.259378706448025, 58.005529319111282 ], [ 56.259379077427347, 58.005511356518682 ], [ 56.259311401335502, 58.005510962639512 ], [ 56.259311772348269, 58.005493000047103 ], [ 56.259277934319954, 58.005492803094171 ], [ 56.25927830534922, 58.005474840501847 ], [ 56.259244467338299, 58.005474643540047 ], [ 56.259244838384078, 58.005456680947816 ], [ 56.259211000390543, 58.005456483977142 ], [ 56.259211371452814, 58.005438521385031 ], [ 56.259143695500974, 58.005438127416959 ], [ 56.25914406659669, 58.005420164825054 ], [ 56.259076390680526, 58.005419770821305 ], [ 56.259076761809695, 58.005401808229593 ], [ 56.259009085929193, 58.005401414190125 ], [ 56.2590094570918, 58.005383451598647 ], [ 56.258941781246975, 58.005383057523481 ], [ 56.258942152443034, 58.005365094932202 ], [ 56.258874476633871, 58.005364700821303 ], [ 56.258874847863382, 58.00534673823028 ], [ 56.258773334203816, 58.005346146996864 ], [ 56.258773705483705, 58.005328184406189 ], [ 56.258706029746776, 58.005327790205875 ], [ 56.258706401060117, 58.00530982761542 ], [ 56.258638725358864, 58.005309433379395 ], [ 56.25863909670565, 58.005291470789139 ], [ 56.25857142104006, 58.005291076517416 ], [ 56.258571792420291, 58.00527311392738 ], [ 56.258470278976084, 58.005272522452735 ], [ 56.258470650406707, 58.005254559863054 ], [ 56.25840297481335, 58.00525416550191 ], [ 56.258403346277419, 58.005236202912464 ], [ 56.258369508498355, 58.00523600571853 ], [ 56.258369879978929, 58.005218043129176 ], [ 56.258302204456022, 58.005217648714591 ], [ 56.258302947483614, 58.005181723536261 ], [ 56.258336785210957, 58.005181920747788 ], [ 56.258338271193018, 58.005110070389968 ], [ 56.258304433533468, 58.005109873179002 ], [ 56.258305919576195, 58.005038022820905 ], [ 56.258272081984863, 58.005037825601491 ], [ 56.258271338930498, 58.005073750780369 ], [ 56.258237501305715, 58.005073553551675 ], [ 56.258236758215681, 58.005109478730084 ], [ 56.258202920557459, 58.005109281492111 ], [ 56.258202177431748, 58.005145206670029 ], [ 56.258134502048854, 58.00514481216657 ], [ 56.258133758853589, 58.00518073734375 ], [ 56.258099921128917, 58.005180540078243 ], [ 56.258099549513666, 58.005198502666616 ], [ 56.258065711772495, 58.005198305391971 ], [ 56.25806496850678, 58.005234230568284 ], [ 56.258031130732157, 58.005234033284367 ], [ 56.258030387430765, 58.00526995846019 ], [ 56.257996549622703, 58.005269761167028 ], [ 56.257995806285642, 58.005305686342368 ], [ 56.257961968444135, 58.005305489039912 ], [ 56.257960853384361, 58.005359376802105 ], [ 56.257927015492456, 58.005359179490249 ], [ 56.257926272083161, 58.005395104664515 ], [ 56.257892434157817, 58.005394907343394 ], [ 56.257891690712846, 58.005430832517163 ], [ 56.257857852754057, 58.005430635186769 ], [ 56.257857109273409, 58.005466560360077 ], [ 56.257823271281175, 58.00546636302041 ], [ 56.257822527764866, 58.00550228819322 ], [ 56.257788689739179, 58.005502090844281 ], [ 56.257787946187193, 58.005538016016594 ], [ 56.257754108128061, 58.005537818658404 ], [ 56.257753364540399, 58.005573743830233 ], [ 56.257719526447822, 58.00557354646277 ], [ 56.257718782824497, 58.005609471634116 ], [ 56.257684944698468, 58.005609274257367 ], [ 56.257684201039467, 58.005645199428244 ], [ 56.257650362879993, 58.005645002042229 ], [ 56.257649619185315, 58.005680927212616 ], [ 56.257615780992396, 58.005680729817335 ], [ 56.257615409127446, 58.005698692402305 ], [ 56.257581570918028, 58.005698494997887 ], [ 56.2575808271529, 58.0057344201674 ], [ 56.257546988910029, 58.005734222753716 ], [ 56.257546245109225, 58.005770147922746 ], [ 56.257512406832916, 58.00576995049979 ], [ 56.257511662996436, 58.005805875668351 ], [ 56.257477824686674, 58.005805678236115 ], [ 56.257477080814517, 58.005841603404171 ], [ 56.257443242471318, 58.005841405962691 ], [ 56.257442870517622, 58.005859368546496 ], [ 56.257409032157916, 58.005859171095885 ], [ 56.257408288215302, 58.005895096263082 ], [ 56.257374449822159, 58.005894898803191 ], [ 56.257373705843875, 58.005930823969898 ], [ 56.257339867417272, 58.005930626500728 ], [ 56.257339123403305, 58.005966551666972 ], [ 56.257305284943264, 58.005966354188523 ], [ 56.25730491291867, 58.005984316771418 ], [ 56.257271074442123, 58.005984119283845 ], [ 56.257270330357699, 58.006020044449222 ], [ 56.257236491847706, 58.006019846952363 ], [ 56.257236119787883, 58.006037809534824 ], [ 56.257202281261392, 58.006037612028855 ], [ 56.257201909184168, 58.006055574611139 ], [ 56.257168070641178, 58.006055377096004 ], [ 56.257167326451516, 58.006091302260138 ], [ 56.257133487875073, 58.006091104735745 ], [ 56.257133115762628, 58.00610906731761 ], [ 56.257099277169687, 58.006108869784086 ], [ 56.257098532909566, 58.006144794947339 ], [ 56.257064694283173, 58.006144597404543 ], [ 56.257063577838807, 58.006198485148637 ], [ 56.257029739162022, 58.006198287596447 ], [ 56.257028622662801, 58.006252175339633 ], [ 56.256994783935625, 58.006251977778028 ], [ 56.256992550823483, 58.006359753262203 ], [ 56.257026389652346, 58.006359950824645 ], [ 56.257026017482374, 58.006377913405288 ], [ 56.257093695175321, 58.006378308503422 ], [ 56.257094067311399, 58.006360345922495 ], [ 56.257127906141591, 58.006360543457944 ], [ 56.257127161902886, 58.006396468620018 ], [ 56.257093323038802, 58.006396271084313 ], [ 56.257092578764414, 58.006432196245903 ], [ 56.25716025656083, 58.006432591308872 ], [ 56.257160628664344, 58.006414628727839 ], [ 56.257194467546277, 58.006414826245674 ], [ 56.257194839632405, 58.006396863664449 ] ], [ [ 56.257128278260275, 58.006342580876833 ], [ 56.257162117073968, 58.006342778403159 ], [ 56.257161744972237, 58.006360740984398 ], [ 56.257127906141591, 58.006360543457944 ], [ 56.257128278260275, 58.006342580876833 ] ], [ [ 56.258199576477757, 58.0052709447911 ], [ 56.258165738667472, 58.005270747542909 ], [ 56.258166853415538, 58.005216859777455 ], [ 56.258200691174999, 58.005217057025241 ], [ 56.25820106273985, 58.005199094436527 ], [ 56.258234900482805, 58.005199291675162 ], [ 56.258234157386539, 58.005235216852817 ], [ 56.258200319609699, 58.005235019613913 ], [ 56.258199576477757, 58.0052709447911 ] ] ] } },
{ "type": "Feature", "properties": { }, "geometry": { "type": "Polygon", "coordinates": [ [ [ 56.258648842184272, 58.008094028509234 ], [ 56.258648470801994, 58.008111991091525 ], [ 56.258682311297051, 58.008112188217396 ], [ 56.258682682662375, 58.008094225634949 ], [ 56.258648842184272, 58.008094028509234 ] ] ] } },
{ "type": "Feature", "properties": { }, "geometry": { "type": "Polygon", "coordinates": [ [ [ 56.258715780443715, 58.008130347916783 ], [ 56.258783461469939, 58.008130742123775 ], [ 56.258783832784871, 58.00811277954098 ], [ 56.258716151792541, 58.008112385334258 ], [ 56.258715780443715, 58.008130347916783 ] ] ] } },
{ "type": "Feature", "properties": { }, "geometry": { "type": "Polygon", "coordinates": [ [ [ 56.258884983012614, 58.008131333366777 ], [ 56.258783461469939, 58.008130742123775 ], [ 56.258783090154566, 58.008148704706556 ], [ 56.258850771216466, 58.008149098877837 ], [ 56.258850399934552, 58.008167061460803 ], [ 56.258884240483113, 58.008167258533078 ], [ 56.258884983012614, 58.008131333366777 ] ] ] } },
{ "type": "Feature", "properties": { }, "geometry": { "type": "Polygon", "coordinates": [ [ [ 56.258507165564573, 58.008398603799229 ], [ 56.258541006329033, 58.008398800963249 ], [ 56.258541377769269, 58.008380838382202 ], [ 56.258507537021764, 58.008380641218324 ], [ 56.258507165564573, 58.008398603799229 ] ] ] } },
{ "type": "Feature", "properties": { }, "geometry": { "type": "Polygon", "coordinates": [ [ [ 56.25782923497777, 58.008448546363304 ], [ 56.257863075784172, 58.008448743707689 ], [ 56.257863447564723, 58.008430781129519 ], [ 56.257829606775275, 58.00843058378527 ], [ 56.25782923497777, 58.008448546363304 ] ] ] } },
{ "type": "Feature", "properties": { }, "geometry": { "type": "Polygon", "coordinates": [ [ [ 56.257930757398306, 58.008449138369485 ], [ 56.257863075784172, 58.008448743707689 ], [ 56.257862704003173, 58.008466706285802 ], [ 56.2579303856512, 58.008467100947868 ], [ 56.257930757398306, 58.008449138369485 ] ] ] } },
{ "type": "Feature", "properties": { }, "geometry": { "type": "Polygon", "coordinates": [ [ [ 56.257930013903646, 58.008485063526216 ], [ 56.257997695587356, 58.00848545815257 ], [ 56.25799806730101, 58.008467495573953 ], [ 56.2579303856512, 58.008467100947868 ], [ 56.257930013903646, 58.008485063526216 ] ] ] } },
{ "type": "Feature", "properties": { }, "geometry": { "type": "Polygon", "coordinates": [ [ [ 56.257997323873262, 58.008503420731117 ], [ 56.258065005592655, 58.00850381532176 ], [ 56.258065377272857, 58.00848585274295 ], [ 56.257997695587356, 58.00848545815257 ], [ 56.257997323873262, 58.008503420731117 ] ] ] } },
{ "type": "Feature", "properties": { }, "geometry": { "type": "Polygon", "coordinates": [ [ [ 56.25775857869904, 58.008591852267635 ], [ 56.257792419640133, 58.008592049631126 ], [ 56.257792791458151, 58.008574087053653 ], [ 56.257758950534004, 58.008573889690297 ], [ 56.25775857869904, 58.008591852267635 ] ] ] } },
{ "type": "Feature", "properties": { }, "geometry": { "type": "Polygon", "coordinates": [ [ [ 56.257826260581687, 58.008592246985614 ], [ 56.257825888780175, 58.008610209563166 ], [ 56.25785972973911, 58.008610406908794 ], [ 56.257860101523676, 58.008592444331121 ], [ 56.257826260581687, 58.008592246985614 ] ] ] } },
{ "type": "Feature", "properties": { }, "geometry": { "type": "Polygon", "coordinates": [ [ [ 56.257893570698499, 58.008610604245419 ], [ 56.257893198930439, 58.008628566823198 ], [ 56.257927039907216, 58.008628764150984 ], [ 56.257927411658329, 58.008610801573063 ], [ 56.257893570698499, 58.008610604245419 ] ] ] } },
{ "type": "Feature", "properties": { }, "geometry": { "type": "Polygon", "coordinates": [ [ [ 56.257960880884447, 58.008628961469746 ], [ 56.257960509149839, 58.008646924047753 ], [ 56.257994350144457, 58.008647121357662 ], [ 56.257994721862119, 58.008629158779542 ], [ 56.257960880884447, 58.008628961469746 ] ] ] } },
{ "type": "Feature", "properties": { }, "geometry": { "type": "Polygon", "coordinates": [ [ [ 56.258229750718762, 58.00872035259097 ], [ 56.258263591784747, 58.008720549829441 ], [ 56.258263963368591, 58.008702587250419 ], [ 56.25823012231956, 58.008702390012083 ], [ 56.258229750718762, 58.00872035259097 ] ] ] } },
{ "type": "Feature", "properties": { }, "geometry": { "type": "Polygon", "coordinates": [ [ [ 56.262924431885303, 58.009196747371455 ], [ 56.262958273436688, 58.009196943362639 ], [ 56.262958642675621, 58.009178980765967 ], [ 56.262992484210507, 58.009179176748034 ], [ 56.26299322265313, 58.009143251554271 ], [ 56.263027064154556, 58.009143447527045 ], [ 56.263027433358253, 58.009125484929939 ], [ 56.263061274843174, 58.009125680893611 ], [ 56.263062013215354, 58.00908975569898 ], [ 56.263095854666815, 58.009089951653365 ], [ 56.263096593003318, 58.009054026458266 ], [ 56.263130434421321, 58.009054222403371 ], [ 56.263131172722161, 58.009018297207788 ], [ 56.263165014106704, 58.009018493143628 ], [ 56.263165752371876, 58.008982567947555 ], [ 56.263199593722959, 58.008982763874137 ], [ 56.263200701066552, 58.008928876079239 ], [ 56.263234542367236, 58.008929071996405 ], [ 56.263235649655996, 58.008875184200598 ], [ 56.263269490906268, 58.008875380108378 ], [ 56.26327022906267, 58.00883945491065 ], [ 56.263304070279489, 58.008839650809136 ], [ 56.263304439340075, 58.008821688210062 ], [ 56.263338280540381, 58.008821884099447 ], [ 56.263338649583574, 58.008803921500167 ], [ 56.263372490767381, 58.008804117380386 ], [ 56.263372859793179, 58.008786154780942 ], [ 56.263406700960473, 58.008786350652045 ], [ 56.263407069968885, 58.008768388052381 ], [ 56.263440911119673, 58.008768583914353 ], [ 56.26344128011069, 58.008750621314526 ], [ 56.263475121244973, 58.008750817167346 ], [ 56.263475490218603, 58.008732854567313 ], [ 56.263509331336373, 58.008733050410996 ], [ 56.263509700292609, 58.008715087810792 ], [ 56.263543541393872, 58.008715283645351 ], [ 56.263544279271123, 58.008679358444503 ], [ 56.263578120338927, 58.00867955426979 ], [ 56.263578858180516, 58.008643629068459 ], [ 56.26361269921486, 58.008643824884501 ], [ 56.263613805923079, 58.008589937081695 ], [ 56.263647646907017, 58.008590132888308 ], [ 56.26364875356041, 58.008536245084628 ], [ 56.26368259449395, 58.008536440881841 ], [ 56.263683701092511, 58.008482553077286 ], [ 56.263717541975645, 58.008482748865092 ], [ 56.263718648519379, 58.008428861059656 ], [ 56.263752489352107, 58.00842905683804 ], [ 56.263753227011826, 58.008393131633881 ], [ 56.263787067811094, 58.008393327403027 ], [ 56.263787805435157, 58.008357402198378 ], [ 56.263821646200967, 58.008357597958245 ], [ 56.263822383789353, 58.008321672753119 ], [ 56.263856224521717, 58.008321868503693 ], [ 56.263856962074435, 58.008285943298112 ], [ 56.263823121375978, 58.008285747547767 ], [ 56.263823490168626, 58.008267784945026 ], [ 56.263755808806941, 58.008267393417675 ], [ 56.263756177633041, 58.008249430815127 ], [ 56.263654655644665, 58.008248843457018 ], [ 56.263653917890316, 58.008284768661191 ], [ 56.26362007719451, 58.008284572856894 ], [ 56.263619339404499, 58.008320498060606 ], [ 56.263585498675234, 58.008320302247022 ], [ 56.263584760849561, 58.00835622745025 ], [ 56.263550920086843, 58.008356031627393 ], [ 56.263550182225494, 58.008391956830145 ], [ 56.263516341429323, 58.008391760998016 ], [ 56.263515603532312, 58.008427686200278 ], [ 56.263481762702675, 58.008427490358898 ], [ 56.263481024770002, 58.008463415560684 ], [ 56.263447183906912, 58.008463219710031 ], [ 56.263446445938577, 58.008499144911312 ], [ 56.263412605042028, 58.008498949051393 ], [ 56.263411867038023, 58.00853487425222 ], [ 56.263378026108022, 58.008534678383008 ], [ 56.263377288068348, 58.008570603583351 ], [ 56.263343447104887, 58.008570407704894 ], [ 56.263342709029551, 58.008606332904726 ], [ 56.263308868032631, 58.008606137016997 ], [ 56.263308129921626, 58.00864206221636 ], [ 56.26327428889126, 58.008641866319358 ], [ 56.263273550744586, 58.008677791518259 ], [ 56.263239709680754, 58.008677595611985 ], [ 56.263238971498417, 58.008713520810375 ], [ 56.263205130401126, 58.008713324894835 ], [ 56.26320439218312, 58.008749250092784 ], [ 56.263170551052376, 58.008749054167971 ], [ 56.263169812798701, 58.008784979365423 ], [ 56.263135971634505, 58.008784783431331 ], [ 56.26313523334516, 58.008820708628292 ], [ 56.263101392147504, 58.008820512684956 ], [ 56.263100653822491, 58.008856437881413 ], [ 56.263066812591376, 58.008856241928804 ], [ 56.263066074230693, 58.008892167124792 ], [ 56.263032232966133, 58.008891971162875 ], [ 56.26303149456978, 58.008927896358408 ], [ 56.262997653271754, 58.008927700387233 ], [ 56.262996914839739, 58.008963625582268 ], [ 56.262963073508253, 58.008963429601835 ], [ 56.262962335040569, 58.008999354796401 ], [ 56.262928493675631, 58.008999158806688 ], [ 56.262927755172278, 58.009035084000757 ], [ 56.262893913773873, 58.009034888001786 ], [ 56.262893175234858, 58.009070813195372 ], [ 56.262859333803, 58.00907061718712 ], [ 56.262858595228309, 58.009106542380223 ], [ 56.262824753762992, 58.009106346362714 ], [ 56.262824015152631, 58.009142271555334 ], [ 56.262790173653862, 58.009142075528551 ], [ 56.262789435007839, 58.009178000720688 ], [ 56.26275559347561, 58.00917780468464 ], [ 56.262754854793911, 58.009213729876294 ], [ 56.262721013228223, 58.009213533830973 ], [ 56.262720274510855, 58.009249459022143 ], [ 56.262686432911714, 58.009249262967558 ], [ 56.262686063535412, 58.009267225562937 ], [ 56.262753746768048, 58.009267617663383 ], [ 56.262753377425213, 58.009285580258975 ], [ 56.262821060693511, 58.009285972323696 ], [ 56.262820691384128, 58.009303934919515 ], [ 56.262888374688103, 58.009304326948545 ], [ 56.262888005412179, 58.009322289544563 ], [ 56.262955688751816, 58.009322681537853 ], [ 56.26295605799384, 58.009304718941564 ], [ 56.262922216340755, 58.009304522949549 ], [ 56.262922585599284, 58.009286560353296 ], [ 56.262888743963586, 58.009286364352441 ], [ 56.262890221061085, 58.009214513967585 ], [ 56.262924062628976, 58.009214709967921 ], [ 56.262924431885303, 58.009196747371455 ] ] ] } },
{ "type": "Feature", "properties": { }, "geometry": { "type": "Polygon", "coordinates": [ [ [ 56.261573359720366, 58.009063162206651 ], [ 56.261574099581473, 58.009027237023687 ], [ 56.261607940962612, 58.009027433373561 ], [ 56.261608680788044, 58.008991508190121 ], [ 56.261642522135723, 58.008991704530743 ], [ 56.261643261925485, 58.00895577934682 ], [ 56.261677103239712, 58.008955975678155 ], [ 56.261677842993798, 58.008920050493742 ], [ 56.261711684274566, 58.008920246815812 ], [ 56.261712423992989, 58.008884321630937 ], [ 56.261746265240298, 58.008884517943734 ], [ 56.261747004923052, 58.008848592758362 ], [ 56.261780846136901, 58.008848789061894 ], [ 56.26178417453481, 58.008687125723846 ], [ 56.26181801559656, 58.00868732201716 ], [ 56.261819494805202, 58.008615471642784 ], [ 56.261785653811245, 58.008615275350031 ], [ 56.261786023629249, 58.008597312756436 ], [ 56.261718341676577, 58.008596920144193 ], [ 56.261717971824673, 58.008614882737518 ], [ 56.261684130832045, 58.008614686417737 ], [ 56.261683391093015, 58.008650611603947 ], [ 56.261649550066934, 58.008650415274936 ], [ 56.261648810292236, 58.008686340460628 ], [ 56.261614969232696, 58.008686144122329 ], [ 56.261614229422328, 58.008722069307559 ], [ 56.261580388329335, 58.008721872959995 ], [ 56.261579648483291, 58.008757798144757 ], [ 56.261545807356839, 58.008757601787927 ], [ 56.261545067475126, 58.008793526972177 ], [ 56.261511226315228, 58.008793330606082 ], [ 56.261510486397832, 58.008829255789884 ], [ 56.261476645204475, 58.008829059414495 ], [ 56.26147701518034, 58.008811096822775 ], [ 56.261409332828848, 58.008810704045288 ], [ 56.261409702838172, 58.008792741453767 ], [ 56.261342020522349, 58.008792348640569 ], [ 56.261342390565133, 58.008774386049296 ], [ 56.261274708284979, 58.008773993200371 ], [ 56.261275078361209, 58.008756030609298 ], [ 56.261207396116738, 58.008755637724668 ], [ 56.261207766226427, 58.008737675133823 ], [ 56.261072401810594, 58.008736889257129 ], [ 56.261072771987635, 58.008718926666752 ], [ 56.260971248731259, 58.00871833716517 ], [ 56.260971618958713, 58.008700374575149 ], [ 56.260870095757177, 58.008699784993006 ], [ 56.26087046603503, 58.008681822403361 ], [ 56.260802783936789, 58.008681429303884 ], [ 56.260803154248102, 58.008663466714452 ], [ 56.260735472185537, 58.008663073579243 ], [ 56.260735842530295, 58.008645110990052 ], [ 56.26063431949062, 58.008644521220155 ], [ 56.260634689885791, 58.008626558631306 ], [ 56.260567007895453, 58.008626165406675 ], [ 56.260567378324083, 58.008608202818053 ], [ 56.260465855392752, 58.008607612914027 ], [ 56.260466225871781, 58.008589650325746 ], [ 56.260398543953684, 58.008589257011678 ], [ 56.260398914466165, 58.008571294423632 ], [ 56.260297391643192, 58.008570704385463 ], [ 56.260297762206079, 58.008552741797772 ], [ 56.260196239437953, 58.008552151679019 ], [ 56.260196610051239, 58.008534189091698 ], [ 56.260128928241933, 58.00853379563447 ], [ 56.260129298888685, 58.008515833047369 ], [ 56.260027776228902, 58.008515242794459 ], [ 56.260028146926047, 58.00849728020772 ], [ 56.259926624321125, 58.008496689874271 ], [ 56.259926995068675, 58.008478727287837 ], [ 56.259825472518585, 58.008478136873812 ], [ 56.259825843316534, 58.008460174287791 ], [ 56.259724320821292, 58.008459583793183 ], [ 56.259724691669646, 58.008441621207488 ], [ 56.259623169229251, 58.008441030632326 ], [ 56.259623540128011, 58.008423068047001 ], [ 56.259522017742462, 58.008422477391271 ], [ 56.259522388691622, 58.008404514806287 ], [ 56.259353184809335, 58.008403530200795 ], [ 56.2593535558428, 58.008385567616465 ], [ 56.259285874326892, 58.008385173711545 ], [ 56.259285503259527, 58.008403136295613 ], [ 56.259251662485291, 58.008402939329535 ], [ 56.259250920315331, 58.008438864497215 ], [ 56.259284761123467, 58.008439061463598 ], [ 56.259284390054773, 58.008457024047509 ], [ 56.259318230880297, 58.00845722100501 ], [ 56.259317859828109, 58.008475183588999 ], [ 56.259385541514398, 58.008475577477277 ], [ 56.259385170495662, 58.008493540061494 ], [ 56.259452852217628, 58.008493933914067 ], [ 56.259452481232337, 58.00851189649849 ], [ 56.259520162989979, 58.008512290315331 ], [ 56.259519792038148, 58.008530252899995 ], [ 56.259587473831459, 58.008530646681109 ], [ 56.259587102913088, 58.008548609266001 ], [ 56.259654784742075, 58.008549003011403 ], [ 56.259654413857156, 58.008566965596501 ], [ 56.25972209572182, 58.008567359306191 ], [ 56.259721724870353, 58.008585321891516 ], [ 56.2597894067707, 58.008585715565474 ], [ 56.259789035952686, 58.008603678151026 ], [ 56.259856717888702, 58.008604071789286 ], [ 56.259856347104147, 58.008622034375044 ], [ 56.259957870062344, 58.008622624765351 ], [ 56.259957499328188, 58.008640587351465 ], [ 56.260025181336438, 58.00864098090031 ], [ 56.260024810635741, 58.00865894348663 ], [ 56.260092492679668, 58.008659336999735 ], [ 56.260092122012423, 58.00867729958631 ], [ 56.260193645132496, 58.008677889788913 ], [ 56.260193274515657, 58.008695852375816 ], [ 56.260260956631818, 58.008696245799477 ], [ 56.260260586048439, 58.008714208386628 ], [ 56.260328268200276, 58.008714601774592 ], [ 56.260327897650349, 58.008732564361949 ], [ 56.260429420932283, 58.008733154376827 ], [ 56.260429050432755, 58.008751116964532 ], [ 56.260496732656826, 58.008751510263053 ], [ 56.260496362190757, 58.008769472851 ], [ 56.260597885581042, 58.008770062731706 ], [ 56.260597515165379, 58.008788025319994 ], [ 56.260699038610511, 58.008788615120146 ], [ 56.260698668245247, 58.008806577708803 ], [ 56.260834032912761, 58.008807363983586 ], [ 56.260833662614857, 58.008825326572719 ], [ 56.260901344985172, 58.0088257196564 ], [ 56.260900974720727, 58.008843682245747 ], [ 56.260934815923498, 58.008843878774243 ], [ 56.260934445675552, 58.008861841363675 ], [ 56.261002128116331, 58.008862234393909 ], [ 56.261001757901845, 58.008880196983576 ], [ 56.261069440378293, 58.008880589978091 ], [ 56.261069070197259, 58.008898552567977 ], [ 56.261136752709383, 58.008898945526759 ], [ 56.261136382561808, 58.008916908116866 ], [ 56.261170223835478, 58.008917104582906 ], [ 56.261169853704409, 58.008935067173105 ], [ 56.261237536286991, 58.008935460078433 ], [ 56.261237166189375, 58.008953422668874 ], [ 56.26133869011742, 58.008954011959815 ], [ 56.261337579974473, 58.009007899731955 ], [ 56.261303738613826, 58.009007703310218 ], [ 56.261302998482407, 58.009043628491099 ], [ 56.261269157088314, 58.00904343206011 ], [ 56.261268416921219, 58.009079357240502 ], [ 56.261234575493667, 58.009079160800233 ], [ 56.261233835290902, 58.00911508598017 ], [ 56.261335359676593, 58.009115675274799 ], [ 56.261334989625396, 58.009133637865091 ], [ 56.261436514065927, 58.009134227079151 ], [ 56.261436144065129, 58.009152189669805 ], [ 56.261469985563139, 58.009152386056627 ], [ 56.261470355546983, 58.009134423465845 ], [ 56.261504197028493, 58.00913461984355 ], [ 56.261504936960947, 58.009098694661567 ], [ 56.26153877840899, 58.009098891029979 ], [ 56.261539518305767, 58.009062965847498 ], [ 56.261573359720366, 58.009063162206651 ] ] ] } },
{ "type": "Feature", "properties": { }, "geometry": { "type": "Polygon", "coordinates": [ [ [ 56.259138634754841, 58.008959188440372 ], [ 56.259139005903791, 58.008941225858479 ], [ 56.259105164622845, 58.008941028852313 ], [ 56.259105535788287, 58.008923066270491 ], [ 56.259037853261646, 58.008922672231421 ], [ 56.259037482062297, 58.008940634812951 ], [ 56.259003640782694, 58.008940437779778 ], [ 56.259003269565959, 58.008958400361117 ], [ 56.259037110862515, 58.008958597394432 ], [ 56.259036368461601, 58.008994522557245 ], [ 56.259002527131145, 58.008994325523659 ], [ 56.25900215591308, 58.009012288104834 ], [ 56.259069838608333, 58.009012682163274 ], [ 56.259069096238655, 58.009048607326029 ], [ 56.259204461770089, 58.009049395336035 ], [ 56.259205204004175, 58.009013470172192 ], [ 56.259239045354242, 58.009013667151912 ], [ 56.259239416453667, 58.00899570456977 ], [ 56.259205575120546, 58.008995507590178 ], [ 56.259206317351953, 58.008959582426009 ], [ 56.259138634754841, 58.008959188440372 ] ] ] } },
{ "type": "Feature", "properties": { }, "geometry": { "type": "Polygon", "coordinates": [ [ [ 56.258792795333854, 58.009316469571786 ], [ 56.258793537988076, 58.009280544412789 ], [ 56.258827379587053, 58.009280741502543 ], [ 56.258828493514201, 58.009226853763224 ], [ 56.258862335062773, 58.00922705084357 ], [ 56.258863077644747, 58.009191125683508 ], [ 56.258896919159866, 58.009191322754582 ], [ 56.258897661706158, 58.009155397594036 ], [ 56.258863820224931, 58.009155200523217 ], [ 56.258864191514363, 58.009137237942994 ], [ 56.258796508587146, 58.00913684377467 ], [ 56.25879687991003, 58.009118881194674 ], [ 56.258729197018489, 58.00911848699063 ], [ 56.258729568374832, 58.009100524410847 ], [ 56.258661885518976, 58.009100130171078 ], [ 56.258662256908771, 58.009082167591529 ], [ 56.258560732679165, 58.009081576164817 ], [ 56.258561104119366, 58.009063613585617 ], [ 56.258493421335757, 58.009063219256412 ], [ 56.258493049861656, 58.009081181835334 ], [ 56.258526891270186, 58.009081379004563 ], [ 56.258526519812598, 58.009099341583585 ], [ 56.258560361238523, 58.009099538743961 ], [ 56.25855998979744, 58.009117501323061 ], [ 56.258526148354562, 58.009117304162537 ], [ 56.258525405437155, 58.009153229320297 ], [ 56.258559246913926, 58.009153426481078 ], [ 56.258558875471508, 58.009171389060022 ], [ 56.25859271696568, 58.009171586211949 ], [ 56.258592345539768, 58.009189548790964 ], [ 56.258626187051327, 58.009189745934016 ], [ 56.258625444232059, 58.009225671092175 ], [ 56.258591602686593, 58.009225473948838 ], [ 56.258590859831642, 58.009261399106506 ], [ 56.258557018252723, 58.009261201953898 ], [ 56.258556275362096, 58.009297127111111 ], [ 56.258522433749725, 58.009296929949237 ], [ 56.258521690823414, 58.009332855105939 ], [ 56.258555532469693, 58.009333052268076 ], [ 56.258554789575506, 58.009368977424856 ], [ 56.258588631256124, 58.009369174578268 ], [ 56.258587888394061, 58.009405099735112 ], [ 56.258621730109027, 58.009405296879798 ], [ 56.258621358694278, 58.009423259458288 ], [ 56.258689042159446, 58.009423653720965 ], [ 56.258689784920698, 58.009387728563425 ], [ 56.258723626620046, 58.009387925680997 ], [ 56.258724369345629, 58.009352000522973 ], [ 56.258758211011518, 58.009352197631273 ], [ 56.258758953701417, 58.009316272472745 ], [ 56.258792795333854, 58.009316469571786 ] ], [ [ 56.258794651966063, 58.009226656673881 ], [ 56.258760810418373, 58.00922645957553 ], [ 56.258761181760427, 58.009208496995932 ], [ 56.258795023291171, 58.009208694094141 ], [ 56.258794651966063, 58.009226656673881 ] ], [ [ 56.258727340230131, 58.009208299888741 ], [ 56.258693498700282, 58.009208102772526 ], [ 56.258693870075795, 58.009190140193148 ], [ 56.258727711588698, 58.009190337309207 ], [ 56.258727340230131, 58.009208299888741 ] ] ] } },
{ "type": "Feature", "properties": { }, "geometry": { "type": "Polygon", "coordinates": [ [ [ 56.259200008328278, 58.009264946314765 ], [ 56.259200379450874, 58.009246983733505 ], [ 56.259098854742277, 58.009246392734994 ], [ 56.259098483568835, 58.00926435531585 ], [ 56.259132325154866, 58.009264552324474 ], [ 56.25913195399793, 58.009282514905443 ], [ 56.259165795601362, 58.009282711905222 ], [ 56.259165424460924, 58.009300674486248 ], [ 56.259233107703025, 58.009301068459088 ], [ 56.25923273659604, 58.009319031040341 ], [ 56.259300419873817, 58.009319424977456 ], [ 56.259300048800291, 58.009337387558922 ], [ 56.259333890456801, 58.009337584514128 ], [ 56.259334632569505, 58.009301659350854 ], [ 56.25926694932474, 58.009301265432008 ], [ 56.259267320414324, 58.009283302850577 ], [ 56.259233478809556, 58.009283105877799 ], [ 56.259233849915645, 58.009265143296417 ], [ 56.259200008328278, 58.009264946314765 ] ] ] } },
{ "type": "Feature", "properties": { }, "geometry": { "type": "Polygon", "coordinates": [ [ [ 56.262955319509352, 58.00934064413412 ], [ 56.263023002884658, 58.009341036091683 ], [ 56.263023372093222, 58.00932307349516 ], [ 56.262955688751816, 58.009322681537853 ], [ 56.262955319509352, 58.00934064413412 ] ] ] } },
{ "type": "Feature", "properties": { }, "geometry": { "type": "Polygon", "coordinates": [ [ [ 56.263090686261741, 58.009341428013258 ], [ 56.263023002884658, 58.009341036091683 ], [ 56.263022633675661, 58.009358998688128 ], [ 56.263090317086636, 58.009359390610001 ], [ 56.263090686261741, 58.009341428013258 ] ] ] } },
{ "type": "Feature", "properties": { }, "geometry": { "type": "Polygon", "coordinates": [ [ [ 56.263089947911084, 58.009377353206688 ], [ 56.263157631357736, 58.009377745092827 ], [ 56.263158000499381, 58.009359782495864 ], [ 56.263090317086636, 58.009359390610001 ], [ 56.263089947911084, 58.009377353206688 ] ] ] } },
{ "type": "Feature", "properties": { }, "geometry": { "type": "Polygon", "coordinates": [ [ [ 56.263224945697964, 58.009396099540133 ], [ 56.263225314806157, 58.009378136942956 ], [ 56.263157631357736, 58.009377745092827 ], [ 56.263157262215643, 58.009395707689706 ], [ 56.263224945697964, 58.009396099540133 ] ] ] } },
{ "type": "Feature", "properties": { }, "geometry": { "type": "Polygon", "coordinates": [ [ [ 56.263224945697964, 58.009396099540133 ], [ 56.26322457658933, 58.009414062137267 ], [ 56.263292260107313, 58.009414453951962 ], [ 56.263292629182047, 58.009396491354565 ], [ 56.263224945697964, 58.009396099540133 ] ] ] } },
{ "type": "Feature", "properties": { }, "geometry": { "type": "Polygon", "coordinates": [ [ [ 56.259465547175083, 58.009517998063586 ], [ 56.259465918168303, 58.009500035481963 ], [ 56.259398234547078, 58.009499641632097 ], [ 56.259398605573757, 58.00948167905068 ], [ 56.259364763780759, 58.009481482112385 ], [ 56.259365134823938, 58.009463519531067 ], [ 56.259297451273184, 58.009463125627754 ], [ 56.259297822349815, 58.009445163046642 ], [ 56.259230138834745, 58.009444769107617 ], [ 56.259230509944835, 58.009426806526733 ], [ 56.259162826465435, 58.009426412552003 ], [ 56.259163197608977, 58.009408449971318 ], [ 56.25909551416526, 58.009408055960847 ], [ 56.25909477180992, 58.009443981121571 ], [ 56.259060930054829, 58.009443784102572 ], [ 56.259060187663813, 58.009479709262806 ], [ 56.259026345875263, 58.009479512234535 ], [ 56.259025603448563, 58.009515437394292 ], [ 56.259059445271014, 58.009515634422833 ], [ 56.259059074073946, 58.009533597002786 ], [ 56.259126757754082, 58.009533991033159 ], [ 56.259126386590481, 58.009551953613318 ], [ 56.259194070306286, 58.009552347607972 ], [ 56.259193699176137, 58.009570310188352 ], [ 56.259261382927626, 58.009570704147286 ], [ 56.25926101183093, 58.009588666727879 ], [ 56.259328695618102, 58.009589060651102 ], [ 56.259328324554865, 58.009607023231929 ], [ 56.259429850289798, 58.009607614049699 ], [ 56.259430592314139, 58.009571688887178 ], [ 56.259464434192772, 58.009571885808157 ], [ 56.259464805187321, 58.00955392322669 ], [ 56.259498647049448, 58.009554120138539 ], [ 56.259499389003317, 58.009518194975172 ], [ 56.259465547175083, 58.009517998063586 ] ] ] } },
{ "type": "Feature", "properties": { }, "geometry": { "type": "Polygon", "coordinates": [ [ [ 56.263557460056965, 58.009685459821782 ], [ 56.263557829002728, 58.009667497224079 ], [ 56.263523987002671, 58.009667301391318 ], [ 56.26352435596494, 58.009649338793707 ], [ 56.263490513982276, 58.009649142952085 ], [ 56.263491989894725, 58.009577292561644 ], [ 56.263525831809588, 58.009577488402719 ], [ 56.26352620076964, 58.009559525804853 ], [ 56.263560042667997, 58.009559721636791 ], [ 56.263561149494663, 58.009505833842454 ], [ 56.263527307647159, 58.009505638010907 ], [ 56.263527676605456, 58.009487675412821 ], [ 56.263493834775346, 58.009487479572407 ], [ 56.263494203750142, 58.009469516974399 ], [ 56.263460361937426, 58.009469321125131 ], [ 56.263460730928735, 58.009451358527222 ], [ 56.263426889133406, 58.009451162669095 ], [ 56.26342725814122, 58.009433200071243 ], [ 56.263359574585799, 58.009432808328263 ], [ 56.263359943627066, 58.00941484573066 ], [ 56.263292260107313, 58.009414453951962 ], [ 56.263291891032139, 58.009432416549309 ], [ 56.263325732808745, 58.009432612443284 ], [ 56.263325363750084, 58.009450575040717 ], [ 56.263291521956525, 58.0094503791466 ], [ 56.263290783803967, 58.00948630434101 ], [ 56.263256941976955, 58.009486108437635 ], [ 56.263256203788721, 58.00952203363159 ], [ 56.26322236192825, 58.009521837718928 ], [ 56.263221623704354, 58.009557762912372 ], [ 56.263187781810423, 58.009557566990445 ], [ 56.263187412680864, 58.009575529586961 ], [ 56.263221254591741, 58.009575725509031 ], [ 56.263220885478688, 58.009593688105639 ], [ 56.263254727406967, 58.009593884018834 ], [ 56.263254358310419, 58.00961184661552 ], [ 56.263322042202198, 58.009612238415201 ], [ 56.263320565947204, 58.00968408880253 ], [ 56.263354407961558, 58.009684284689392 ], [ 56.263353300816519, 58.009738172479715 ], [ 56.263522511149183, 58.00973915178124 ], [ 56.263522880113221, 58.009721189183843 ], [ 56.263624406267262, 58.009721776656384 ], [ 56.263624775180013, 58.009703814058504 ], [ 56.263590933145167, 58.009703618243456 ], [ 56.263591302074417, 58.009685655645669 ], [ 56.263557460056965, 58.009685459821782 ] ] ] } },
{ "type": "Feature", "properties": { }, "geometry": { "type": "Polygon", "coordinates": [ [ [ 56.260748574151144, 58.009669175070506 ], [ 56.260782416131839, 58.009669371641245 ], [ 56.260783156802802, 58.009633446468143 ], [ 56.260749314856, 58.009633249897661 ], [ 56.26074968520777, 58.009615287311156 ], [ 56.260682001349394, 58.009614894143489 ], [ 56.260682742119393, 58.009578968970885 ], [ 56.26071658401446, 58.009579165558932 ], [ 56.260717324748789, 58.009543240385831 ], [ 56.26075116661039, 58.009543436964634 ], [ 56.260751907309043, 58.009507511791057 ], [ 56.260684223654081, 58.00950711862501 ], [ 56.26068459403664, 58.009489156038427 ], [ 56.260650752226773, 58.009488959442045 ], [ 56.260651122625845, 58.009470996855541 ], [ 56.260617280833372, 58.009470800250298 ], [ 56.260617651248943, 58.009452837663872 ], [ 56.260549967699227, 58.009452444426678 ], [ 56.260549226799832, 58.009488369598941 ], [ 56.260515384991741, 58.009488172966584 ], [ 56.260514644056677, 58.009524098138364 ], [ 56.260480802215127, 58.009523901496713 ], [ 56.26048006124438, 58.009559826668024 ], [ 56.260446219369378, 58.009559630017101 ], [ 56.260445478362954, 58.009595555187914 ], [ 56.260411636454492, 58.009595358527754 ], [ 56.260410895412392, 58.009631283698084 ], [ 56.260377053470478, 58.009631087028609 ], [ 56.260376312392701, 58.00966701219847 ], [ 56.260410154368522, 58.00966720886818 ], [ 56.260409783845923, 58.009685171453164 ], [ 56.2604774678328, 58.009685564765881 ], [ 56.260477097343653, 58.009703527351093 ], [ 56.2605447813662, 58.009703920628091 ], [ 56.260544410910512, 58.009721883213516 ], [ 56.260578252939403, 58.009722079838639 ], [ 56.260578993816431, 58.00968615466747 ], [ 56.260646677807742, 58.009686547890219 ], [ 56.26064556659324, 58.009740435647707 ], [ 56.260713250688035, 58.009740828835284 ], [ 56.260712880316213, 58.009758791421277 ], [ 56.260780564446677, 58.009759184573127 ], [ 56.260780934784592, 58.009741221986864 ], [ 56.260747092736089, 58.009741025415572 ], [ 56.260747463090517, 58.009723062829366 ], [ 56.260713621059409, 58.00972286624922 ], [ 56.260713991430343, 58.009704903663135 ], [ 56.260747833444505, 58.009705100243153 ], [ 56.260748574151144, 58.009669175070506 ] ] ] } },
{ "type": "Feature", "properties": { }, "geometry": { "type": "Polygon", "coordinates": [ [ [ 56.259395266317703, 58.00964334228145 ], [ 56.259361424372152, 58.009643145341926 ], [ 56.259360682276458, 58.009679070503481 ], [ 56.259326840297454, 58.009678873554677 ], [ 56.259326098166092, 58.009714798715734 ], [ 56.259292256153628, 58.009714601757672 ], [ 56.259291513986582, 58.009750526918253 ], [ 56.259393040127001, 58.009751117766271 ], [ 56.259393411159891, 58.009733155185614 ], [ 56.259461095221823, 58.009733549039048 ], [ 56.259462579213356, 58.009661698714723 ], [ 56.259428737249969, 58.009661501793062 ], [ 56.259429479276967, 58.009625576630874 ], [ 56.259395637347929, 58.009625379700481 ], [ 56.259395266317703, 58.00964334228145 ] ] ] } },
{ "type": "Feature", "properties": { }, "geometry": { "type": "Polygon", "coordinates": [ [ [ 56.260780194108307, 58.00977714715934 ], [ 56.260847878274454, 58.009777540275472 ], [ 56.260848248578917, 58.009759577688989 ], [ 56.260780564446677, 58.009759184573127 ], [ 56.260780194108307, 58.00977714715934 ] ] ] } },
{ "type": "Feature", "properties": { }, "geometry": { "type": "Polygon", "coordinates": [ [ [ 56.259121932592492, 58.009767504571094 ], [ 56.259122303761437, 58.00974954199156 ], [ 56.259054619674487, 58.009749147957898 ], [ 56.259054990876891, 58.009731185378598 ], [ 56.258987306825631, 58.009730791309238 ], [ 56.258987678061487, 58.009712828730144 ], [ 56.258953836053465, 58.009712631682092 ], [ 56.258953464800662, 58.00973059426105 ], [ 56.258919622776141, 58.00973039720386 ], [ 56.258918880235292, 58.009766322361322 ], [ 56.258885038177318, 58.009766125294853 ], [ 56.258884295600787, 58.009802050451839 ], [ 56.258951979784989, 58.009802444576302 ], [ 56.258951608529955, 58.009820407154983 ], [ 56.259019292749834, 58.009820801243727 ], [ 56.259018921528259, 58.00983876382265 ], [ 56.259052763655824, 58.009838960853635 ], [ 56.259052392450755, 58.009856923432636 ], [ 56.259086234595706, 58.009857120454789 ], [ 56.259086976971503, 58.009821195296489 ], [ 56.259120819083002, 58.009821392309341 ], [ 56.259121561423107, 58.009785467150564 ], [ 56.259155403501147, 58.009785664154172 ], [ 56.259155774653586, 58.00976770157456 ], [ 56.259121932592492, 58.009767504571094 ] ] ] } },
{ "type": "Feature", "properties": { }, "geometry": { "type": "Polygon", "coordinates": [ [ [ 56.260294916929013, 58.010331234426118 ], [ 56.260295658107431, 58.010295309260712 ], [ 56.260329500675653, 58.010295505953202 ], [ 56.260330241818394, 58.010259580787313 ], [ 56.26029639928408, 58.010259384095093 ], [ 56.260296769871729, 58.010241421512212 ], [ 56.260262927354816, 58.010241224811097 ], [ 56.260263297958986, 58.010223262228322 ], [ 56.260229455459466, 58.010223065518389 ], [ 56.260229826080135, 58.01020510293565 ], [ 56.260195983598003, 58.010204906216842 ], [ 56.260196354235184, 58.010186943634217 ], [ 56.260162511770453, 58.010186746906555 ], [ 56.26016288242414, 58.01016878432398 ], [ 56.260129039976803, 58.010168587587458 ], [ 56.260128298635088, 58.010204512752239 ], [ 56.260094456154299, 58.010204316006423 ], [ 56.2600937147769, 58.01024024117072 ], [ 56.260059872262644, 58.01024004441566 ], [ 56.260059130849569, 58.01027596957946 ], [ 56.260025288301861, 58.010275772815135 ], [ 56.26002454685311, 58.010311697978452 ], [ 56.259956861691215, 58.01031130442221 ], [ 56.259956490932268, 58.010329267003542 ], [ 56.259888805738242, 58.010328873411041 ], [ 56.259888434944955, 58.010346835992031 ], [ 56.259922277558694, 58.010347032792907 ], [ 56.259921906781912, 58.010364995373969 ], [ 56.259955749413045, 58.010365192166006 ], [ 56.259955378652769, 58.010383154747146 ], [ 56.259989221301304, 58.010383351530315 ], [ 56.259988850557527, 58.010401314111569 ], [ 56.260022693223455, 58.010401510885856 ], [ 56.260022322496191, 58.010419473467174 ], [ 56.260056165179513, 58.010419670232636 ], [ 56.260055794468755, 58.010437632814025 ], [ 56.260089637169479, 58.010437829570606 ], [ 56.260090007863276, 58.010419866989061 ], [ 56.260123850547494, 58.010420063736497 ], [ 56.260124221223897, 58.01040210115476 ], [ 56.260158063891602, 58.010402297893059 ], [ 56.260158434550611, 58.010384335311144 ], [ 56.260192277201803, 58.010384532040305 ], [ 56.260192647843425, 58.010366569458213 ], [ 56.26015880520918, 58.010366372729166 ], [ 56.260159175867308, 58.010348410147138 ], [ 56.260125333250457, 58.01034821340923 ], [ 56.260126074599285, 58.010312288245316 ], [ 56.260159917182229, 58.010312484982926 ], [ 56.260159546524989, 58.01033044756506 ], [ 56.260227231726113, 58.010330841013591 ], [ 56.260226861102332, 58.010348803595924 ], [ 56.260260703720512, 58.010349000306846 ], [ 56.260261074327346, 58.010331037724356 ], [ 56.260294916929013, 58.010331234426118 ] ], [ [ 56.260092232016774, 58.010312091498683 ], [ 56.260092602707473, 58.010294128916783 ], [ 56.260126445273023, 58.01029432566326 ], [ 56.260126074599285, 58.010312288245316 ], [ 56.260092232016774, 58.010312091498683 ] ] ] } },
{ "type": "Feature", "properties": { }, "geometry": { "type": "Polygon", "coordinates": [ [ [ 56.261704840178218, 58.010896327989329 ], [ 56.261706319740412, 58.010824477641918 ], [ 56.261774005897728, 58.010824870269957 ], [ 56.261773636041738, 58.010842832857151 ], [ 56.261807479138014, 58.010843029157819 ], [ 56.261808218815631, 58.010807103983083 ], [ 56.261774375753262, 58.010806907682699 ], [ 56.261775115463003, 58.010770982508006 ], [ 56.261605900327332, 58.010770000872483 ], [ 56.261606270266299, 58.010752038285766 ], [ 56.261572427257448, 58.010751841931793 ], [ 56.261571687345167, 58.010787767104929 ], [ 56.26153784430285, 58.010787570741698 ], [ 56.261535994429636, 58.010877383672941 ], [ 56.26136677880092, 58.010876401718363 ], [ 56.261366408740187, 58.010894364303788 ], [ 56.261332565598821, 58.010894167885759 ], [ 56.261331085283651, 58.010966018226327 ], [ 56.261297242074924, 58.010965821798735 ], [ 56.261296131783034, 58.011019709553224 ], [ 56.261431504824039, 58.011020495211234 ], [ 56.261431874853969, 58.011002532625916 ], [ 56.261567247834257, 58.011003318139394 ], [ 56.261567617795933, 58.010985355553466 ], [ 56.261736833946507, 58.010986337242159 ], [ 56.261738683324459, 58.010896524308393 ], [ 56.261704840178218, 58.010896327989329 ] ] ] } },
{ "type": "Feature", "properties": { }, "geometry": { "type": "Polygon", "coordinates": [ [ [ 56.261932867537134, 58.011328804123551 ], [ 56.262102085322532, 58.011329785330275 ], [ 56.262101715623665, 58.011347747917384 ], [ 56.262135559199024, 58.01134794413187 ], [ 56.262135189516677, 58.01136590671905 ], [ 56.262202876702624, 58.011366299121292 ], [ 56.262203985646636, 58.011312411358794 ], [ 56.262102455020944, 58.011311822743131 ], [ 56.262102824718923, 58.011293860155931 ], [ 56.262035137671241, 58.011293467700774 ], [ 56.262035507402679, 58.011275505113808 ], [ 56.26196782039068, 58.01127511262294 ], [ 56.261968190155578, 58.011257150036165 ], [ 56.261900503179255, 58.011256757509578 ], [ 56.261901242775537, 58.011220832336448 ], [ 56.261765868963813, 58.011220047176359 ], [ 56.261765129231925, 58.011255972348408 ], [ 56.261731285746194, 58.011255776035604 ], [ 56.261730915862628, 58.011273738621433 ], [ 56.261697072360398, 58.011273542299506 ], [ 56.261696332558031, 58.011309467470689 ], [ 56.261662489022335, 58.011309271139488 ], [ 56.261661749184292, 58.011345196310202 ], [ 56.261627905615136, 58.011344999969729 ], [ 56.261627165741416, 58.011380925139953 ], [ 56.2615933221388, 58.011380728790201 ], [ 56.261592582229397, 58.011416653959948 ], [ 56.261558738593315, 58.011416457600951 ], [ 56.261558368621003, 58.011434420185601 ], [ 56.261592212274039, 58.01143461654474 ], [ 56.261591842318225, 58.011452579129489 ], [ 56.261625685988662, 58.011452775479761 ], [ 56.261625316049361, 58.011470738064574 ], [ 56.261659159737192, 58.011470934406006 ], [ 56.261659529659532, 58.011452971821036 ], [ 56.26169337333085, 58.011453168153331 ], [ 56.261693003425457, 58.011471130738421 ], [ 56.261760690803328, 58.011471523376258 ], [ 56.261760320931401, 58.011489485961583 ], [ 56.261828008344942, 58.011489878563708 ], [ 56.261829487694385, 58.011418028221037 ], [ 56.261863331334013, 58.011418224508063 ], [ 56.261864070972159, 58.011382299336148 ], [ 56.261897914578327, 58.011382495613887 ], [ 56.261898284379789, 58.011364533027709 ], [ 56.261932127969445, 58.011364729296332 ], [ 56.261932867537134, 58.011328804123551 ] ] ] } },
{ "type": "Feature", "properties": { }, "geometry": { "type": "Polygon", "coordinates": [ [ [ 56.2756000727368, 58.015036198047653 ], [ 56.275633919896002, 58.015036390680528 ], [ 56.275634645838188, 58.015000465418915 ], [ 56.275668492963916, 58.015000658042545 ], [ 56.275669218870448, 58.014964732780449 ], [ 56.275703065962695, 58.014964925394793 ], [ 56.275703791833571, 58.014929000132241 ], [ 56.275737638892338, 58.01492919273732 ], [ 56.275738364727559, 58.014893267474271 ], [ 56.275772211752852, 58.01489346007007 ], [ 56.275772937552425, 58.014857534806552 ], [ 56.275806784544237, 58.0148577273931 ], [ 56.275807147426406, 58.014839764761135 ], [ 56.275773300451554, 58.014839572174715 ], [ 56.275773663350257, 58.014821609542828 ], [ 56.275705969435762, 58.014821224343272 ], [ 56.275706332367939, 58.014803261711599 ], [ 56.275672485428309, 58.014803069098456 ], [ 56.275672848377006, 58.014785106466846 ], [ 56.275605154532954, 58.014784721213829 ], [ 56.275605517515132, 58.014766758582454 ], [ 56.275537823706728, 58.01476637329371 ], [ 56.27553709767411, 58.014802298555892 ], [ 56.275503250736648, 58.014802105897751 ], [ 56.275502524668376, 58.014838031159449 ], [ 56.27546867769744, 58.014837838492028 ], [ 56.275467951593512, 58.014873763753251 ], [ 56.275434104589095, 58.014873571076578 ], [ 56.27543337844952, 58.014909496337317 ], [ 56.275399531411622, 58.014909303651372 ], [ 56.275398805236399, 58.014945228911635 ], [ 56.275364958165014, 58.014945036216417 ], [ 56.275364231954136, 58.014980961476212 ], [ 56.275330384849283, 58.014980768771736 ], [ 56.27532965860275, 58.015016694031054 ], [ 56.27529581146441, 58.015016501317291 ], [ 56.27529544832354, 58.015034463946733 ], [ 56.275261601168687, 58.015034271223847 ], [ 56.27526087485171, 58.015070196482327 ], [ 56.275294722040478, 58.015070389205469 ], [ 56.2752943588983, 58.015088351834777 ], [ 56.275328206104454, 58.015088544549045 ], [ 56.275327842978797, 58.015106507178416 ], [ 56.275395537426334, 58.015106892580221 ], [ 56.275395174334157, 58.01512485520982 ], [ 56.275462868817343, 58.015125240575941 ], [ 56.275462505758647, 58.015143203205703 ], [ 56.27549635301785, 58.015143395875391 ], [ 56.2754967160596, 58.015125433245466 ], [ 56.275530563302276, 58.015125625906016 ], [ 56.275531289350553, 58.015089700645738 ], [ 56.275565136559756, 58.015089893297009 ], [ 56.275565499566284, 58.015071930666643 ], [ 56.275599346758966, 58.015072123308805 ], [ 56.2756000727368, 58.015036198047653 ] ] ] } }
]
}
